"longitude","latitude","temperature","ndvi","valid_observations"
-122.247886,37.882845,99.95,0.373,4
-122.247569,37.882845,99.69,0.421,4
-122.247252,37.882845,99.27,0.51,4
-122.246935,37.882845,98.86,0.605,4
-122.246618,37.882845,98.6,0.597,4
-122.246301,37.882845,98.43,0.472,4
-122.245984,37.882845,97.94,0.301,4
-122.250105,37.882528,96.15,0.433,4
-122.249788,37.882528,96.57,0.567,4
-122.249471,37.882528,96.85,0.608,4
-122.249154,37.882528,97.66,0.485,4
-122.248837,37.882528,98.71,0.372,4
-122.24852,37.882528,99.67,0.343,4
-122.248203,37.882528,100.31,0.356,4
-122.247886,37.882528,100.39,0.391,4
-122.247569,37.882528,100.27,0.451,4
-122.247252,37.882528,99.83,0.521,4
-122.246935,37.882528,99.14,0.606,4
-122.246618,37.882528,98.48,0.536,4
-122.246301,37.882528,98.08,0.454,4
-122.245984,37.882528,97.63,0.321,4
-122.245667,37.882528,98.15,0.282,4
-122.24535,37.882528,98.66,0.281,4
-122.25169,37.882211,97.87,0.54,4
-122.251373,37.882211,97.37,0.438,4
-122.251056,37.882211,96.94,0.356,4
-122.250739,37.882211,96.61,0.355,4
-122.250422,37.882211,96.18,0.4,4
-122.250105,37.882211,95.81,0.442,4
-122.249788,37.882211,96.42,0.463,4
-122.249471,37.882211,97.09,0.455,4
-122.249154,37.882211,98.11,0.464,4
-122.248837,37.882211,99.07,0.434,4
-122.24852,37.882211,99.89,0.349,4
-122.248203,37.882211,100.58,0.279,4
-122.247886,37.882211,100.98,0.288,4
-122.247569,37.882211,101.15,0.36,4
-122.247252,37.882211,100.82,0.414,4
-122.246935,37.882211,99.55,0.466,4
-122.246618,37.882211,98.04,0.56,4
-122.246301,37.882211,97.08,0.581,4
-122.245984,37.882211,96.85,0.505,4
-122.245667,37.882211,98.02,0.399,4
-122.24535,37.882211,98.95,0.285,4
-122.245033,37.882211,98.49,0.235,4
-122.244716,37.882211,96.8,0.261,4
-122.25391,37.881894,91.88,0.487,4
-122.253593,37.881894,92.33,0.48,4
-122.253276,37.881894,93,0.467,4
-122.252958,37.881894,94.99,0.474,4
-122.252641,37.881894,97.33,0.459,4
-122.252324,37.881894,98.16,0.44,4
-122.252007,37.881894,98.03,0.525,4
-122.25169,37.881894,97.36,0.547,4
-122.251373,37.881894,96.6,0.472,4
-122.251056,37.881894,95.95,0.448,4
-122.250739,37.881894,95.51,0.517,4
-122.250422,37.881894,95.13,0.479,4
-122.250105,37.881894,94.89,0.482,4
-122.249788,37.881894,95.74,0.466,4
-122.249471,37.881894,96.87,0.49,4
-122.249154,37.881894,98.3,0.53,4
-122.248837,37.881894,99.39,0.511,4
-122.24852,37.881894,100.22,0.44,4
-122.248203,37.881894,100.98,0.316,4
-122.247886,37.881894,101.5,0.206,4
-122.247569,37.881894,101.8,0.243,4
-122.247252,37.881894,101.44,0.321,4
-122.246935,37.881894,99.72,0.375,4
-122.246618,37.881894,97.57,0.583,4
-122.246301,37.881894,96.27,0.687,4
-122.245984,37.881894,96.42,0.643,4
-122.245667,37.881894,98.07,0.477,4
-122.24535,37.881894,99.33,0.302,4
-122.245033,37.881894,98.69,0.207,4
-122.244716,37.881894,96.75,0.253,4
-122.244399,37.881894,94.51,0.351,4
-122.244082,37.881894,93.14,0.423,4
-122.255495,37.881577,84.6,0.621,4
-122.255178,37.881577,85.15,0.605,4
-122.254861,37.881577,86.37,0.63,4
-122.254544,37.881577,88.21,0.554,4
-122.254227,37.881577,89.6,0.532,4
-122.25391,37.881577,91,0.483,4
-122.253593,37.881577,92.15,0.474,4
-122.253276,37.881577,93.3,0.469,4
-122.252958,37.881577,95.55,0.458,4
-122.252641,37.881577,97.88,0.411,4
-122.252324,37.881577,98.6,0.355,4
-122.252007,37.881577,98.32,0.438,4
-122.25169,37.881577,97.57,0.573,4
-122.251373,37.881577,96.68,0.602,4
-122.251056,37.881577,95.86,0.619,4
-122.250739,37.881577,95.12,0.596,4
-122.250422,37.881577,94.49,0.5,4
-122.250105,37.881577,94.19,0.514,4
-122.249788,37.881577,95.22,0.525,4
-122.249471,37.881577,96.59,0.537,4
-122.249154,37.881577,98.22,0.506,4
-122.248837,37.881577,99.41,0.475,4
-122.24852,37.881577,100.37,0.495,4
-122.248203,37.881577,101.38,0.426,4
-122.247886,37.881577,102.09,0.274,4
-122.247569,37.881577,102.26,0.303,4
-122.247252,37.881577,101.69,0.453,4
-122.246935,37.881577,100.12,0.577,4
-122.246618,37.881577,98.15,0.474,4
-122.246301,37.881577,97.02,0.392,4
-122.245984,37.881577,96.93,0.41,4
-122.245667,37.881577,98.12,0.392,4
-122.24535,37.881577,98.99,0.318,4
-122.245033,37.881577,98.08,0.267,4
-122.244716,37.881577,95.88,0.381,4
-122.244399,37.881577,93.46,0.504,4
-122.244082,37.881577,91.98,0.578,4
-122.243765,37.881577,91.25,0.606,4
-122.243448,37.881577,90.81,0.601,4
-122.259299,37.88126,95.75,0.402,4
-122.258982,37.88126,95.46,0.466,4
-122.258665,37.88126,95.19,0.515,4
-122.258348,37.88126,94.83,0.443,4
-122.258031,37.88126,93.57,0.452,4
-122.257714,37.88126,92.18,0.509,4
-122.257397,37.88126,91.4,0.516,4
-122.25708,37.88126,90.44,0.531,4
-122.256763,37.88126,89.08,0.56,4
-122.256446,37.88126,87.22,0.52,4
-122.256129,37.88126,85.3,0.454,4
-122.255812,37.88126,84.46,0.522,4
-122.255495,37.88126,83.96,0.634,4
-122.255178,37.88126,83.93,0.619,4
-122.254861,37.88126,84.74,0.65,4
-122.254544,37.88126,86.4,0.615,4
-122.254227,37.88126,87.98,0.588,4
-122.25391,37.88126,89.71,0.544,4
-122.253593,37.88126,91.29,0.543,4
-122.253276,37.88126,93.05,0.503,4
-122.252958,37.88126,95.69,0.439,4
-122.252641,37.88126,98.06,0.404,4
-122.252324,37.88126,98.94,0.372,4
-122.252007,37.88126,98.97,0.36,4
-122.25169,37.88126,98.29,0.431,4
-122.251373,37.88126,97.33,0.512,4
-122.251056,37.88126,96.39,0.562,4
-122.250739,37.88126,95.33,0.531,4
-122.250422,37.88126,94.46,0.538,4
-122.250105,37.88126,94,0.595,4
-122.249788,37.88126,95.03,0.623,4
-122.249471,37.88126,96.25,0.545,4
-122.249154,37.88126,97.66,0.427,4
-122.248837,37.88126,98.69,0.383,4
-122.24852,37.88126,99.6,0.437,4
-122.248203,37.88126,100.69,0.435,4
-122.247886,37.88126,101.61,0.367,4
-122.247569,37.88126,102.02,0.387,4
-122.247252,37.88126,101.71,0.421,4
-122.246935,37.88126,100.91,0.445,4
-122.246618,37.88126,99.61,0.329,4
-122.246301,37.88126,98.5,0.266,4
-122.245984,37.88126,97.4,0.267,4
-122.245667,37.88126,97.29,0.265,4
-122.24535,37.88126,97.42,0.312,4
-122.245033,37.88126,96.59,0.361,4
-122.244716,37.88126,94.99,0.489,4
-122.244399,37.88126,93.24,0.538,4
-122.244082,37.88126,92.35,0.511,4
-122.243765,37.88126,92.2,0.516,4
-122.243448,37.88126,91.99,0.564,4
-122.243131,37.88126,91.04,0.589,4
-122.242814,37.88126,89.27,0.545,4
-122.261201,37.880943,93.26,0.502,4
-122.260884,37.880943,93.8,0.437,4
-122.260567,37.880943,94.16,0.348,4
-122.26025,37.880943,94.5,0.461,4
-122.259933,37.880943,94.68,0.447,4
-122.259616,37.880943,95.23,0.386,4
-122.259299,37.880943,95.72,0.379,4
-122.258982,37.880943,95.97,0.325,4
-122.258665,37.880943,95.8,0.39,4
-122.258348,37.880943,95.45,0.431,4
-122.258031,37.880943,94.15,0.502,4
-122.257714,37.880943,92.81,0.547,4
-122.257397,37.880943,91.81,0.515,4
-122.25708,37.880943,90.61,0.52,4
-122.256763,37.880943,88.97,0.577,4
-122.256446,37.880943,87.07,0.542,4
-122.256129,37.880943,85.2,0.528,4
-122.255812,37.880943,84.21,0.626,4
-122.255495,37.880943,83.48,0.677,4
-122.255178,37.880943,83.04,0.632,4
-122.254861,37.880943,85.27,0.61,4
-122.254544,37.880943,86.6,0.592,4
-122.254227,37.880943,88.05,0.624,4
-122.25391,37.880943,89.15,0.624,4
-122.253593,37.880943,90.81,0.555,4
-122.253276,37.880943,93.23,0.516,4
-122.252958,37.880943,96.03,0.511,4
-122.252641,37.880943,98.1,0.467,4
-122.252324,37.880943,98.96,0.397,4
-122.252007,37.880943,99.22,0.355,4
-122.25169,37.880943,98.82,0.332,4
-122.251373,37.880943,97.94,0.391,4
-122.251056,37.880943,97,0.405,4
-122.250739,37.880943,95.88,0.464,4
-122.250422,37.880943,94.84,0.504,4
-122.250105,37.880943,94.3,0.473,4
-122.249788,37.880943,94.73,0.434,4
-122.249471,37.880943,95.3,0.362,4
-122.249154,37.880943,96.09,0.319,4
-122.248837,37.880943,96.03,0.334,4
-122.24852,37.880943,96.28,0.371,4
-122.248203,37.880943,97.43,0.351,4
-122.247886,37.880943,98.92,0.305,4
-122.247569,37.880943,100.41,0.298,4
-122.247252,37.880943,100.98,0.262,4
-122.246935,37.880943,100.96,0.313,4
-122.246618,37.880943,100.38,0.303,4
-122.246301,37.880943,99.05,0.287,4
-122.245984,37.880943,96.84,0.26,4
-122.245667,37.880943,95.62,0.325,4
-122.24535,37.880943,95.19,0.528,4
-122.245033,37.880943,95.23,0.472,4
-122.244716,37.880943,94.92,0.374,4
-122.244399,37.880943,94.32,0.324,4
-122.244082,37.880943,93.58,0.274,4
-122.243765,37.880943,93.24,0.298,4
-122.243448,37.880943,93.39,0.389,4
-122.243131,37.880943,93,0.416,4
-122.242814,37.880943,91.73,0.413,4
-122.242497,37.880943,91.16,0.399,4
-122.263103,37.880626,93.26,0.672,4
-122.262786,37.880626,92.9,0.528,4
-122.262469,37.880626,92.88,0.427,4
-122.262152,37.880626,93.15,0.457,4
-122.261835,37.880626,93.44,0.494,4
-122.261518,37.880626,93.68,0.446,4
-122.261201,37.880626,93.96,0.392,4
-122.260884,37.880626,94.34,0.413,4
-122.260567,37.880626,94.52,0.47,4
-122.26025,37.880626,94.76,0.528,4
-122.259933,37.880626,94.95,0.348,4
-122.259616,37.880626,95.6,0.267,4
-122.259299,37.880626,96.22,0.412,4
-122.258982,37.880626,96.71,0.338,4
-122.258665,37.880626,96.68,0.312,4
-122.258348,37.880626,96.23,0.386,4
-122.258031,37.880626,94.89,0.424,4
-122.257714,37.880626,93.41,0.451,4
-122.257397,37.880626,92.15,0.468,4
-122.25708,37.880626,90.85,0.466,4
-122.256763,37.880626,89.25,0.499,4
-122.256446,37.880626,87.32,0.562,4
-122.256129,37.880626,85.57,0.569,4
-122.255812,37.880626,84.43,0.616,4
-122.255495,37.880626,83.54,0.588,4
-122.255178,37.880626,82.98,0.523,4
-122.254861,37.880626,85.39,0.526,4
-122.254544,37.880626,86.18,0.611,4
-122.254227,37.880626,87.28,0.655,4
-122.25391,37.880626,88.01,0.66,4
-122.253593,37.880626,89.72,0.6,4
-122.253276,37.880626,92.4,0.552,4
-122.252958,37.880626,95.19,0.478,4
-122.252641,37.880626,97.09,0.416,4
-122.252324,37.880626,97.85,0.387,4
-122.252007,37.880626,98.05,0.32,4
-122.25169,37.880626,97.86,0.308,4
-122.251373,37.880626,97.32,0.369,4
-122.251056,37.880626,96.64,0.41,4
-122.250739,37.880626,95.9,0.493,4
-122.250422,37.880626,94.97,0.382,4
-122.250105,37.880626,94.43,0.31,4
-122.249788,37.880626,94.3,0.335,4
-122.249471,37.880626,94.26,0.354,4
-122.249154,37.880626,94.37,0.345,4
-122.248837,37.880626,93.19,0.368,4
-122.24852,37.880626,92.62,0.396,4
-122.248203,37.880626,93.48,0.353,4
-122.247886,37.880626,95.19,0.261,4
-122.247569,37.880626,97.48,0.21,4
-122.247252,37.880626,98.78,0.224,4
-122.246935,37.880626,99.61,0.287,4
-122.246618,37.880626,99.88,0.27,4
-122.246301,37.880626,98.79,0.264,4
-122.245984,37.880626,96.17,0.273,4
-122.245667,37.880626,94.58,0.371,4
-122.24535,37.880626,94.22,0.557,4
-122.245033,37.880626,95.01,0.396,4
-122.244716,37.880626,95.45,0.203,4
-122.244399,37.880626,95.61,0.209,4
-122.244082,37.880626,95.01,0.197,4
-122.243765,37.880626,94.52,0.201,4
-122.243448,37.880626,94.79,0.295,4
-122.243131,37.880626,94.77,0.327,4
-122.242814,37.880626,94.04,0.349,4
-122.242497,37.880626,92.8,0.456,4
-122.24218,37.880626,91.26,0.577,4
-122.241863,37.880626,89.86,0.537,4
-122.241546,37.880626,87.9,0.488,4
-122.241229,37.880626,84.66,0.715,4
-122.263103,37.880309,94.37,0.595,4
-122.262786,37.880309,93.93,0.519,4
-122.262469,37.880309,93.96,0.42,4
-122.262152,37.880309,94.29,0.426,4
-122.261835,37.880309,94.66,0.462,4
-122.261518,37.880309,94.95,0.411,4
-122.261201,37.880309,95.23,0.363,4
-122.260884,37.880309,95.49,0.443,4
-122.260567,37.880309,95.45,0.489,4
-122.26025,37.880309,95.44,0.44,4
-122.259933,37.880309,95.43,0.401,4
-122.259616,37.880309,95.89,0.328,4
-122.259299,37.880309,96.41,0.425,4
-122.258982,37.880309,97,0.349,4
-122.258665,37.880309,97.07,0.386,4
-122.258348,37.880309,96.58,0.464,4
-122.258031,37.880309,95.16,0.411,4
-122.257714,37.880309,93.62,0.423,4
-122.257397,37.880309,92.28,0.497,4
-122.25708,37.880309,90.96,0.53,4
-122.256763,37.880309,89.57,0.525,4
-122.256446,37.880309,88.01,0.551,4
-122.256129,37.880309,86.41,0.618,4
-122.255812,37.880309,85.4,0.539,4
-122.255495,37.880309,84.22,0.589,4
-122.255178,37.880309,83.63,0.631,4
-122.254861,37.880309,86.31,0.621,4
-122.254544,37.880309,86.94,0.632,4
-122.254227,37.880309,87.82,0.625,4
-122.25391,37.880309,88.65,0.567,4
-122.253593,37.880309,90.31,0.481,4
-122.253276,37.880309,92.36,0.39,4
-122.252958,37.880309,94.46,0.305,4
-122.252641,37.880309,95.89,0.276,4
-122.252324,37.880309,96.29,0.303,4
-122.252007,37.880309,96.24,0.355,4
-122.25169,37.880309,95.99,0.445,4
-122.251373,37.880309,95.74,0.458,4
-122.251056,37.880309,95.5,0.443,4
-122.250739,37.880309,95.33,0.448,4
-122.250422,37.880309,94.81,0.294,4
-122.250105,37.880309,94.27,0.353,4
-122.249788,37.880309,94.02,0.54,4
-122.249471,37.880309,93.74,0.584,4
-122.249154,37.880309,93.13,0.571,4
-122.248837,37.880309,90.69,0.611,4
-122.24852,37.880309,89.31,0.691,4
-122.248203,37.880309,89.72,0.67,4
-122.247886,37.880309,91.45,0.491,4
-122.247569,37.880309,94.55,0.312,4
-122.247252,37.880309,96.82,0.304,4
-122.246935,37.880309,98.39,0.379,4
-122.246618,37.880309,98.62,0.333,4
-122.246301,37.880309,98.07,0.296,4
-122.245984,37.880309,96.27,0.324,4
-122.245667,37.880309,95.06,0.343,4
-122.24535,37.880309,94.68,0.41,4
-122.245033,37.880309,95.4,0.375,4
-122.244716,37.880309,95.77,0.317,4
-122.244399,37.880309,95.93,0.359,4
-122.244082,37.880309,95.27,0.334,4
-122.243765,37.880309,94.88,0.269,4
-122.243448,37.880309,95.36,0.298,4
-122.243131,37.880309,95.45,0.355,4
-122.242814,37.880309,94.75,0.391,4
-122.242497,37.880309,93.35,0.469,4
-122.24218,37.880309,91.77,0.474,4
-122.241863,37.880309,90.12,0.411,4
-122.241546,37.880309,87.78,0.451,4
-122.241229,37.880309,84.67,0.665,4
-122.240912,37.880309,82.89,0.763,4
-122.240595,37.880309,82.29,0.775,4
-122.26342,37.879991,96.59,0.385,4
-122.263103,37.879991,95.96,0.481,4
-122.262786,37.879991,95.38,0.444,4
-122.262469,37.879991,95.28,0.418,4
-122.262152,37.879991,95.52,0.454,4
-122.261835,37.879991,95.85,0.481,4
-122.261518,37.879991,96.15,0.399,4
-122.261201,37.879991,96.38,0.292,4
-122.260884,37.879991,96.52,0.335,4
-122.260567,37.879991,96.4,0.429,4
-122.26025,37.879991,96.18,0.394,4
-122.259933,37.879991,96.05,0.411,4
-122.259616,37.879991,96.19,0.443,4
-122.259299,37.879991,96.54,0.452,4
-122.258982,37.879991,96.98,0.329,4
-122.258665,37.879991,97.12,0.389,4
-122.258348,37.879991,96.78,0.441,4
-122.258031,37.879991,95.55,0.415,4
-122.257714,37.879991,94.1,0.477,4
-122.257397,37.879991,92.88,0.523,4
-122.25708,37.879991,91.67,0.506,4
-122.256763,37.879991,90.35,0.495,4
-122.256446,37.879991,88.99,0.514,4
-122.256129,37.879991,87.63,0.571,4
-122.255812,37.879991,86.59,0.481,4
-122.255495,37.879991,85.53,0.567,4
-122.255178,37.879991,85.09,0.625,4
-122.254861,37.879991,87.27,0.653,4
-122.254544,37.879991,88.38,0.558,4
-122.254227,37.879991,89.79,0.509,4
-122.25391,37.879991,91.61,0.531,4
-122.253593,37.879991,93.23,0.478,4
-122.253276,37.879991,94.27,0.379,4
-122.252958,37.879991,95.11,0.309,4
-122.252641,37.879991,95.64,0.31,4
-122.252324,37.879991,95.55,0.395,4
-122.252007,37.879991,95.12,0.528,4
-122.25169,37.879991,94.77,0.593,4
-122.251373,37.879991,94.7,0.453,4
-122.251056,37.879991,94.71,0.279,4
-122.250739,37.879991,94.83,0.381,4
-122.250422,37.879991,94.73,0.436,4
-122.250105,37.879991,94.38,0.502,4
-122.249788,37.879991,94.17,0.532,4
-122.249471,37.879991,93.77,0.537,4
-122.249154,37.879991,92.56,0.597,4
-122.248837,37.879991,89.51,0.68,4
-122.24852,37.879991,87.39,0.765,4
-122.248203,37.879991,87.05,0.793,4
-122.247886,37.879991,88.76,0.696,4
-122.247569,37.879991,92.55,0.504,4
-122.247252,37.879991,95.51,0.381,4
-122.246935,37.879991,97.57,0.459,4
-122.246618,37.879991,98.12,0.467,4
-122.246301,37.879991,98.08,0.427,4
-122.245984,37.879991,97.28,0.338,4
-122.245667,37.879991,96.53,0.316,4
-122.24535,37.879991,95.84,0.392,4
-122.245033,37.879991,95.83,0.429,4
-122.244716,37.879991,95.62,0.41,4
-122.244399,37.879991,94.83,0.305,4
-122.244082,37.879991,93.37,0.293,4
-122.243765,37.879991,92.35,0.399,4
-122.243448,37.879991,92.36,0.49,4
-122.243131,37.879991,92.57,0.517,4
-122.242814,37.879991,92.52,0.492,4
-122.242497,37.879991,92.32,0.426,4
-122.24218,37.879991,91.12,0.496,4
-122.241863,37.879991,89.29,0.662,4
-122.241546,37.879991,87.54,0.667,4
-122.241229,37.879991,85.12,0.727,4
-122.240912,37.879991,86.04,0.762,4
-122.240595,37.879991,86.03,0.746,4
-122.240278,37.879991,86.31,0.752,4
-122.264054,37.879674,100.16,0.418,4
-122.263737,37.879674,99,0.384,4
-122.26342,37.879674,98.27,0.456,4
-122.263103,37.879674,97.64,0.516,4
-122.262786,37.879674,96.84,0.441,4
-122.262469,37.879674,96.44,0.395,4
-122.262152,37.879674,96.39,0.431,4
-122.261835,37.879674,96.51,0.475,4
-122.261518,37.879674,96.74,0.424,4
-122.261201,37.879674,96.91,0.339,4
-122.260884,37.879674,96.93,0.368,4
-122.260567,37.879674,96.86,0.439,4
-122.26025,37.879674,96.68,0.438,4
-122.259933,37.879674,96.7,0.448,4
-122.259616,37.879674,96.67,0.513,4
-122.259299,37.879674,96.81,0.466,4
-122.258982,37.879674,96.95,0.36,4
-122.258665,37.879674,97.04,0.371,4
-122.258348,37.879674,96.85,0.407,4
-122.258031,37.879674,96.04,0.395,4
-122.257714,37.879674,94.95,0.436,4
-122.257397,37.879674,93.76,0.496,4
-122.25708,37.879674,92.49,0.477,4
-122.256763,37.879674,91.13,0.43,4
-122.256446,37.879674,89.78,0.468,4
-122.256129,37.879674,88.41,0.52,4
-122.255812,37.879674,86.79,0.473,4
-122.255495,37.879674,86.21,0.513,4
-122.255178,37.879674,86.18,0.605,4
-122.254861,37.879674,87.03,0.591,4
-122.254544,37.879674,88.85,0.414,4
-122.254227,37.879674,91.08,0.299,4
-122.25391,37.879674,94.47,0.372,4
-122.253593,37.879674,96.11,0.442,4
-122.253276,37.879674,96.53,0.444,4
-122.252958,37.879674,96.28,0.421,4
-122.252641,37.879674,95.83,0.441,4
-122.252324,37.879674,95.36,0.498,4
-122.252007,37.879674,94.77,0.519,4
-122.25169,37.879674,94.43,0.465,4
-122.251373,37.879674,94.46,0.351,4
-122.251056,37.879674,94.54,0.25,4
-122.250739,37.879674,94.7,0.321,4
-122.250422,37.879674,94.87,0.4,4
-122.250105,37.879674,94.75,0.337,4
-122.249788,37.879674,94.74,0.296,4
-122.249471,37.879674,94.16,0.3,4
-122.249154,37.879674,92.22,0.521,4
-122.248837,37.879674,89.76,0.697,4
-122.24852,37.879674,87.64,0.771,4
-122.248203,37.879674,86.89,0.766,4
-122.247886,37.879674,88.5,0.703,4
-122.247569,37.879674,91.96,0.565,4
-122.247252,37.879674,95.41,0.345,4
-122.246935,37.879674,97.73,0.275,4
-122.246618,37.879674,98.77,0.248,4
-122.246301,37.879674,99.32,0.319,4
-122.245984,37.879674,100.02,0.319,4
-122.245667,37.879674,99.32,0.243,4
-122.24535,37.879674,98.41,0.279,4
-122.245033,37.879674,96.32,0.365,4
-122.244716,37.879674,94.99,0.42,4
-122.244399,37.879674,93.79,0.296,4
-122.244082,37.879674,91.4,0.342,4
-122.243765,37.879674,88.99,0.586,4
-122.243448,37.879674,87.96,0.746,4
-122.243131,37.879674,88,0.743,4
-122.242814,37.879674,88.42,0.67,4
-122.242497,37.879674,88.97,0.59,4
-122.24218,37.879674,89.11,0.652,4
-122.241863,37.879674,88.89,0.745,4
-122.241546,37.879674,88.32,0.739,4
-122.241229,37.879674,87.04,0.73,4
-122.240912,37.879674,88.91,0.677,4
-122.240595,37.879674,88.98,0.661,4
-122.240278,37.879674,88.62,0.646,4
-122.239961,37.879674,87.66,0.678,4
-122.239644,37.879674,86.26,0.7,4
-122.239327,37.879674,85.51,0.701,4
-122.264371,37.879357,100.73,0.291,4
-122.264054,37.879357,100.15,0.41,4
-122.263737,37.879357,99.49,0.348,4
-122.26342,37.879357,98.94,0.394,4
-122.263103,37.879357,98.44,0.424,4
-122.262786,37.879357,97.6,0.384,4
-122.262469,37.879357,97.04,0.315,4
-122.262152,37.879357,96.69,0.341,4
-122.261835,37.879357,96.51,0.447,4
-122.261518,37.879357,96.55,0.466,4
-122.261201,37.879357,96.71,0.414,4
-122.260884,37.879357,96.83,0.43,4
-122.260567,37.879357,96.92,0.436,4
-122.26025,37.879357,96.89,0.418,4
-122.259933,37.879357,96.98,0.396,4
-122.259616,37.879357,96.89,0.511,4
-122.259299,37.879357,96.86,0.515,4
-122.258982,37.879357,96.84,0.441,4
-122.258665,37.879357,96.88,0.461,4
-122.258348,37.879357,96.78,0.477,4
-122.258031,37.879357,96.12,0.415,4
-122.257714,37.879357,95.14,0.398,4
-122.257397,37.879357,93.93,0.446,4
-122.25708,37.879357,92.53,0.443,4
-122.256763,37.879357,91.04,0.426,4
-122.256446,37.879357,89.61,0.493,4
-122.256129,37.879357,88.29,0.522,4
-122.255812,37.879357,86.82,0.468,4
-122.255495,37.879357,86.35,0.548,4
-122.255178,37.879357,86.81,0.598,4
-122.254861,37.879357,88.22,0.518,4
-122.254544,37.879357,90.65,0.265,4
-122.254227,37.879357,93.17,0.118,4
-122.25391,37.879357,96.1,0.097,4
-122.253593,37.879357,97.01,0.151,4
-122.253276,37.879357,97.23,0.276,4
-122.252958,37.879357,96.96,0.379,4
-122.252641,37.879357,96.23,0.41,4
-122.252324,37.879357,95.59,0.427,4
-122.252007,37.879357,95.16,0.502,4
-122.25169,37.879357,94.96,0.582,4
-122.251373,37.879357,95.05,0.515,4
-122.251056,37.879357,95.27,0.377,4
-122.250739,37.879357,95.77,0.252,4
-122.250422,37.879357,96.26,0.131,4
-122.250105,37.879357,96.64,0.103,4
-122.249788,37.879357,96.99,0.097,4
-122.249471,37.879357,95.91,0.136,4
-122.249154,37.879357,93.29,0.455,4
-122.248837,37.879357,90.13,0.718,4
-122.24852,37.879357,87.31,0.8,4
-122.248203,37.879357,86.57,0.784,4
-122.247886,37.879357,88.72,0.715,4
-122.247569,37.879357,92.41,0.548,4
-122.247252,37.879357,95.76,0.287,4
-122.246935,37.879357,98.06,0.107,4
-122.246618,37.879357,99.54,0.074,4
-122.246301,37.879357,100.55,0.19,4
-122.245984,37.879357,101.45,0.24,4
-122.245667,37.879357,100.58,0.217,4
-122.24535,37.879357,99.4,0.231,4
-122.245033,37.879357,96.95,0.332,4
-122.244716,37.879357,95.2,0.445,4
-122.244399,37.879357,93.44,0.48,4
-122.244082,37.879357,90.16,0.579,4
-122.243765,37.879357,87.2,0.712,4
-122.243448,37.879357,85.89,0.757,4
-122.243131,37.879357,85.7,0.674,4
-122.242814,37.879357,86.29,0.551,4
-122.242497,37.879357,86.94,0.608,4
-122.24218,37.879357,87.92,0.715,4
-122.241863,37.879357,89.18,0.718,4
-122.241546,37.879357,90.03,0.642,4
-122.241229,37.879357,90.52,0.54,4
-122.240912,37.879357,93.13,0.482,4
-122.240595,37.879357,93.29,0.467,4
-122.240278,37.879357,92.71,0.388,4
-122.239961,37.879357,91.16,0.391,4
-122.239644,37.879357,89.02,0.516,4
-122.239327,37.879357,86.99,0.664,4
-122.23901,37.879357,83.9,0.756,4
-122.238693,37.879357,81,0.783,4
-122.264371,37.87904,100.05,0.314,4
-122.264054,37.87904,99.69,0.387,4
-122.263737,37.87904,99.29,0.383,4
-122.26342,37.87904,98.95,0.396,4
-122.263103,37.87904,98.66,0.295,4
-122.262786,37.87904,98,0.279,4
-122.262469,37.87904,97.48,0.302,4
-122.262152,37.87904,97.08,0.354,4
-122.261835,37.87904,96.76,0.486,4
-122.261518,37.87904,96.65,0.541,4
-122.261201,37.87904,96.75,0.455,4
-122.260884,37.87904,96.97,0.397,4
-122.260567,37.87904,97.22,0.404,4
-122.26025,37.87904,97.33,0.437,4
-122.259933,37.87904,97.47,0.423,4
-122.259616,37.87904,97.31,0.371,4
-122.259299,37.87904,97.15,0.38,4
-122.258982,37.87904,96.88,0.468,4
-122.258665,37.87904,96.79,0.476,4
-122.258348,37.87904,96.74,0.46,4
-122.258031,37.87904,96.23,0.47,4
-122.257714,37.87904,95.32,0.409,4
-122.257397,37.87904,94.11,0.389,4
-122.25708,37.87904,92.72,0.508,4
-122.256763,37.87904,91.25,0.621,4
-122.256446,37.87904,89.79,0.613,4
-122.256129,37.87904,88.45,0.579,4
-122.255812,37.87904,87.18,0.554,4
-122.255495,37.87904,86.89,0.539,4
-122.255178,37.87904,87.54,0.587,4
-122.254861,37.87904,90.48,0.492,4
-122.254544,37.87904,92.83,0.207,4
-122.254227,37.87904,94.86,0.096,4
-122.25391,37.87904,96.26,0.084,4
-122.253593,37.87904,96.38,0.134,4
-122.253276,37.87904,96.4,0.311,4
-122.252958,37.87904,96.67,0.377,4
-122.252641,37.87904,96.59,0.282,4
-122.252324,37.87904,96.26,0.227,4
-122.252007,37.87904,96.13,0.326,4
-122.25169,37.87904,96.08,0.452,4
-122.251373,37.87904,96.22,0.461,4
-122.251056,37.87904,96.68,0.522,4
-122.250739,37.87904,97.52,0.432,4
-122.250422,37.87904,98.31,0.15,4
-122.250105,37.87904,99.33,0.103,4
-122.249788,37.87904,99.82,0.113,4
-122.249471,37.87904,98.6,0.108,4
-122.249154,37.87904,95.72,0.309,4
-122.248837,37.87904,92.04,0.619,4
-122.24852,37.87904,89.08,0.779,4
-122.248203,37.87904,88.67,0.766,4
-122.247886,37.87904,90.82,0.662,4
-122.247569,37.87904,93.95,0.534,4
-122.247252,37.87904,96.75,0.406,4
-122.246935,37.87904,98.69,0.195,4
-122.246618,37.87904,100.25,0.068,4
-122.246301,37.87904,101.4,0.144,4
-122.245984,37.87904,101.87,0.232,4
-122.245667,37.87904,100.98,0.348,4
-122.24535,37.87904,99.71,0.301,4
-122.245033,37.87904,98.18,0.314,4
-122.244716,37.87904,96.46,0.361,4
-122.244399,37.87904,94.43,0.462,4
-122.244082,37.87904,91.24,0.618,4
-122.243765,37.87904,88.48,0.72,4
-122.243448,37.87904,87.12,0.688,4
-122.243131,37.87904,86.94,0.58,4
-122.242814,37.87904,87.79,0.535,4
-122.242497,37.87904,88.71,0.619,4
-122.24218,37.87904,90.27,0.698,4
-122.241863,37.87904,92.36,0.616,4
-122.241546,37.87904,94.11,0.409,4
-122.241229,37.87904,95.44,0.39,4
-122.240912,37.87904,97.42,0.493,4
-122.240595,37.87904,97.74,0.352,4
-122.240278,37.87904,97.13,0.307,4
-122.239961,37.87904,95.11,0.319,4
-122.239644,37.87904,92.47,0.381,4
-122.239327,37.87904,89.96,0.575,4
-122.23901,37.87904,87.04,0.731,4
-122.238693,37.87904,84.09,0.739,4
-122.238376,37.87904,82.84,0.749,4
-122.264688,37.878723,99.09,0.387,4
-122.264371,37.878723,98.66,0.358,4
-122.264054,37.878723,98.4,0.328,4
-122.263737,37.878723,98.45,0.256,4
-122.26342,37.878723,98.34,0.287,4
-122.263103,37.878723,98.25,0.262,4
-122.262786,37.878723,98.06,0.246,4
-122.262469,37.878723,97.85,0.242,4
-122.262152,37.878723,97.64,0.236,4
-122.261835,37.878723,97.47,0.269,4
-122.261518,37.878723,97.43,0.341,4
-122.261201,37.878723,97.7,0.375,4
-122.260884,37.878723,98.13,0.346,4
-122.260567,37.878723,98.34,0.314,4
-122.26025,37.878723,98.5,0.321,4
-122.259933,37.878723,98.82,0.427,4
-122.259616,37.878723,98.58,0.41,4
-122.259299,37.878723,98.22,0.332,4
-122.258982,37.878723,97.18,0.485,4
-122.258665,37.878723,96.8,0.475,4
-122.258348,37.878723,96.55,0.41,4
-122.258031,37.878723,96.17,0.456,4
-122.257714,37.878723,95.59,0.476,4
-122.257397,37.878723,94.62,0.385,4
-122.25708,37.878723,93.29,0.401,4
-122.256763,37.878723,91.77,0.531,4
-122.256446,37.878723,90.2,0.584,4
-122.256129,37.878723,88.64,0.608,4
-122.255812,37.878723,87.22,0.653,4
-122.255495,37.878723,86.82,0.62,4
-122.255178,37.878723,87.49,0.625,4
-122.254861,37.878723,90.83,0.585,4
-122.254544,37.878723,93,0.336,4
-122.254227,37.878723,94.64,0.256,4
-122.25391,37.878723,95.31,0.324,4
-122.253593,37.878723,95.21,0.391,4
-122.253276,37.878723,95.27,0.502,4
-122.252958,37.878723,96.08,0.517,4
-122.252641,37.878723,96.85,0.366,4
-122.252324,37.878723,97.27,0.177,4
-122.252007,37.878723,97.69,0.11,4
-122.25169,37.878723,97.97,0.165,4
-122.251373,37.878723,98.22,0.268,4
-122.251056,37.878723,98.65,0.489,4
-122.250739,37.878723,99.28,0.57,4
-122.250422,37.878723,100.14,0.477,4
-122.250105,37.878723,101.12,0.275,4
-122.249788,37.878723,101.55,0.209,4
-122.249471,37.878723,100.57,0.209,4
-122.249154,37.878723,97.94,0.267,4
-122.248837,37.878723,94.25,0.511,4
-122.24852,37.878723,91.8,0.636,4
-122.248203,37.878723,91.9,0.554,4
-122.247886,37.878723,93.69,0.409,4
-122.247569,37.878723,95.91,0.345,4
-122.247252,37.878723,97.92,0.344,4
-122.246935,37.878723,99.21,0.207,4
-122.246618,37.878723,100.38,0.098,4
-122.246301,37.878723,101.35,0.219,4
-122.245984,37.878723,101.55,0.439,4
-122.245667,37.878723,100.85,0.622,4
-122.24535,37.878723,99.85,0.512,4
-122.245033,37.878723,99.44,0.377,4
-122.244716,37.878723,98.02,0.333,4
-122.244399,37.878723,96.01,0.319,4
-122.244082,37.878723,93.17,0.443,4
-122.243765,37.878723,90.69,0.634,4
-122.243448,37.878723,89.28,0.687,4
-122.243131,37.878723,89.18,0.611,4
-122.242814,37.878723,90.36,0.579,4
-122.242497,37.878723,91.49,0.621,4
-122.24218,37.878723,93.48,0.683,4
-122.241863,37.878723,95.94,0.551,4
-122.241546,37.878723,97.91,0.299,4
-122.241229,37.878723,99.44,0.308,4
-122.240912,37.878723,100.34,0.42,4
-122.240595,37.878723,100.9,0.383,4
-122.240278,37.878723,100.42,0.444,4
-122.239961,37.878723,98.16,0.385,4
-122.239644,37.878723,95.46,0.326,4
-122.239327,37.878723,92.84,0.433,4
-122.23901,37.878723,90.48,0.61,4
-122.238693,37.878723,88.19,0.722,4
-122.238376,37.878723,85.72,0.781,4
-122.238059,37.878723,82.9,0.788,4
-122.237742,37.878723,78.88,0.76,4
-122.237425,37.878723,78.13,0.727,4
-122.237108,37.878723,77.73,0.746,4
-122.265005,37.878406,98.95,0.457,4
-122.264688,37.878406,98.53,0.388,4
-122.264371,37.878406,98.17,0.34,4
-122.264054,37.878406,98.04,0.253,4
-122.263737,37.878406,98.23,0.15,4
-122.26342,37.878406,98.26,0.258,4
-122.263103,37.878406,98.29,0.282,4
-122.262786,37.878406,98.21,0.279,4
-122.262469,37.878406,98.18,0.298,4
-122.262152,37.878406,98.21,0.26,4
-122.261835,37.878406,98.29,0.21,4
-122.261518,37.878406,98.43,0.259,4
-122.261201,37.878406,98.76,0.347,4
-122.260884,37.878406,99.2,0.348,4
-122.260567,37.878406,99.39,0.306,4
-122.26025,37.878406,99.61,0.298,4
-122.259933,37.878406,100.01,0.354,4
-122.259616,37.878406,99.74,0.435,4
-122.259299,37.878406,99.2,0.399,4
-122.258982,37.878406,97.91,0.411,4
-122.258665,37.878406,97.24,0.445,4
-122.258348,37.878406,96.75,0.408,4
-122.258031,37.878406,96.29,0.381,4
-122.257714,37.878406,95.73,0.379,4
-122.257397,37.878406,94.89,0.345,4
-122.25708,37.878406,93.7,0.349,4
-122.256763,37.878406,92.23,0.414,4
-122.256446,37.878406,90.49,0.511,4
-122.256129,37.878406,88.45,0.639,4
-122.255812,37.878406,86.61,0.671,4
-122.255495,37.878406,85.97,0.63,4
-122.255178,37.878406,86.18,0.621,4
-122.254861,37.878406,88.75,0.587,4
-122.254544,37.878406,90.5,0.452,4
-122.254227,37.878406,91.97,0.405,4
-122.25391,37.878406,92.79,0.472,4
-122.253593,37.878406,93.13,0.568,4
-122.253276,37.878406,93.9,0.563,4
-122.252958,37.878406,95.4,0.513,4
-122.252641,37.878406,96.83,0.457,4
-122.252324,37.878406,98,0.343,4
-122.252007,37.878406,99.16,0.18,4
-122.25169,37.878406,100.01,0.078,4
-122.251373,37.878406,100.4,0.082,4
-122.251056,37.878406,100.48,0.135,4
-122.250739,37.878406,100.54,0.276,4
-122.250422,37.878406,100.93,0.599,4
-122.250105,37.878406,101.31,0.406,4
-122.249788,37.878406,101.87,0.208,4
-122.249471,37.878406,101.2,0.214,4
-122.249154,37.878406,99.2,0.234,4
-122.248837,37.878406,96.11,0.314,4
-122.24852,37.878406,94.51,0.341,4
-122.248203,37.878406,94.95,0.305,4
-122.247886,37.878406,96.28,0.271,4
-122.247569,37.878406,97.73,0.252,4
-122.247252,37.878406,98.87,0.247,4
-122.246935,37.878406,99.5,0.251,4
-122.246618,37.878406,100.13,0.274,4
-122.246301,37.878406,100.81,0.413,4
-122.245984,37.878406,101.25,0.554,4
-122.245667,37.878406,100.91,0.628,4
-122.24535,37.878406,100.6,0.546,4
-122.245033,37.878406,100.84,0.351,4
-122.244716,37.878406,99.86,0.334,4
-122.244399,37.878406,98.18,0.331,4
-122.244082,37.878406,95.54,0.333,4
-122.243765,37.878406,93.14,0.454,4
-122.243448,37.878406,91.6,0.612,4
-122.243131,37.878406,91.28,0.668,4
-122.242814,37.878406,92.24,0.634,4
-122.242497,37.878406,93.28,0.572,4
-122.24218,37.878406,95.24,0.568,4
-122.241863,37.878406,97.63,0.663,4
-122.241546,37.878406,99.6,0.517,4
-122.241229,37.878406,101.14,0.422,4
-122.240912,37.878406,102.02,0.36,4
-122.240595,37.878406,102.67,0.3,4
-122.240278,37.878406,102.56,0.289,4
-122.239961,37.878406,100.79,0.268,4
-122.239644,37.878406,98.43,0.277,4
-122.239327,37.878406,95.87,0.318,4
-122.23901,37.878406,93.17,0.479,4
-122.238693,37.878406,90.36,0.694,4
-122.238376,37.878406,87.48,0.751,4
-122.238059,37.878406,84.27,0.705,4
-122.237742,37.878406,79.98,0.704,4
-122.237425,37.878406,78.76,0.724,4
-122.237108,37.878406,78.29,0.737,4
-122.236791,37.878406,78.44,0.73,4
-122.236474,37.878406,78.31,0.752,4
-122.265639,37.878089,100.15,0.407,4
-122.265322,37.878089,99.52,0.457,4
-122.265005,37.878089,98.74,0.484,4
-122.264688,37.878089,98.12,0.413,4
-122.264371,37.878089,97.84,0.335,4
-122.264054,37.878089,97.81,0.238,4
-122.263737,37.878089,97.96,0.19,4
-122.26342,37.878089,98.07,0.328,4
-122.263103,37.878089,98.14,0.301,4
-122.262786,37.878089,98.28,0.244,4
-122.262469,37.878089,98.38,0.291,4
-122.262152,37.878089,98.51,0.294,4
-122.261835,37.878089,98.71,0.226,4
-122.261518,37.878089,98.98,0.244,4
-122.261201,37.878089,99.36,0.331,4
-122.260884,37.878089,99.74,0.325,4
-122.260567,37.878089,99.96,0.236,4
-122.26025,37.878089,100.26,0.196,4
-122.259933,37.878089,100.62,0.225,4
-122.259616,37.878089,100.5,0.233,4
-122.259299,37.878089,99.96,0.319,4
-122.258982,37.878089,98.91,0.338,4
-122.258665,37.878089,98,0.24,4
-122.258348,37.878089,97.12,0.22,4
-122.258031,37.878089,96.4,0.246,4
-122.257714,37.878089,95.68,0.433,4
-122.257397,37.878089,94.85,0.515,4
-122.25708,37.878089,93.84,0.491,4
-122.256763,37.878089,92.56,0.499,4
-122.256446,37.878089,90.96,0.551,4
-122.256129,37.878089,88.96,0.632,4
-122.255812,37.878089,86.78,0.694,4
-122.255495,37.878089,85.53,0.689,4
-122.255178,37.878089,84.92,0.67,4
-122.254861,37.878089,86.06,0.695,4
-122.254544,37.878089,86.87,0.704,4
-122.254227,37.878089,88.09,0.691,4
-122.25391,37.878089,89.15,0.718,4
-122.253593,37.878089,90.17,0.734,4
-122.253276,37.878089,91.6,0.533,4
-122.252958,37.878089,93.74,0.298,4
-122.252641,37.878089,95.76,0.353,4
-122.252324,37.878089,97.48,0.455,4
-122.252007,37.878089,99.21,0.309,4
-122.25169,37.878089,100.65,0.128,4
-122.251373,37.878089,101.45,0.064,4
-122.251056,37.878089,101.39,0.06,4
-122.250739,37.878089,100.96,0.098,4
-122.250422,37.878089,100.77,0.303,4
-122.250105,37.878089,100.98,0.274,4
-122.249788,37.878089,101.47,0.14,4
-122.249471,37.878089,101.1,0.209,4
-122.249154,37.878089,99.71,0.262,4
-122.248837,37.878089,97.92,0.248,4
-122.24852,37.878089,97.2,0.238,4
-122.248203,37.878089,97.48,0.263,4
-122.247886,37.878089,98.25,0.32,4
-122.247569,37.878089,99.14,0.35,4
-122.247252,37.878089,99.74,0.319,4
-122.246935,37.878089,100.05,0.317,4
-122.246618,37.878089,100.38,0.388,4
-122.246301,37.878089,100.88,0.387,4
-122.245984,37.878089,101.31,0.532,4
-122.245667,37.878089,101.47,0.574,4
-122.24535,37.878089,101.91,0.4,4
-122.245033,37.878089,102.93,0.17,4
-122.244716,37.878089,102.55,0.168,4
-122.244399,37.878089,101.51,0.258,4
-122.244082,37.878089,99.48,0.331,4
-122.243765,37.878089,97.28,0.348,4
-122.243448,37.878089,95.6,0.4,4
-122.243131,37.878089,95.18,0.481,4
-122.242814,37.878089,95.97,0.504,4
-122.242497,37.878089,96.59,0.485,4
-122.24218,37.878089,98.09,0.372,4
-122.241863,37.878089,99.97,0.388,4
-122.241546,37.878089,101.45,0.42,4
-122.241229,37.878089,102.82,0.523,4
-122.240912,37.878089,103.62,0.496,4
-122.240595,37.878089,104.32,0.379,4
-122.240278,37.878089,104.54,0.277,4
-122.239961,37.878089,103.27,0.245,4
-122.239644,37.878089,101.43,0.282,4
-122.239327,37.878089,99.14,0.285,4
-122.23901,37.878089,96.35,0.359,4
-122.238693,37.878089,93.26,0.538,4
-122.238376,37.878089,90.08,0.628,4
-122.238059,37.878089,86.55,0.591,4
-122.237742,37.878089,82.21,0.589,4
-122.237425,37.878089,80.42,0.658,4
-122.237108,37.878089,79.37,0.75,4
-122.236791,37.878089,79.14,0.77,4
-122.236474,37.878089,79.11,0.771,4
-122.236157,37.878089,79.46,0.751,4
-122.266273,37.877772,100.94,0.432,4
-122.265956,37.877772,100.59,0.347,4
-122.265639,37.877772,100.04,0.306,4
-122.265322,37.877772,99.32,0.366,4
-122.265005,37.877772,98.47,0.439,4
-122.264688,37.877772,97.73,0.475,4
-122.264371,37.877772,97.57,0.366,4
-122.264054,37.877772,97.59,0.273,4
-122.263737,37.877772,97.66,0.333,4
-122.26342,37.877772,97.79,0.383,4
-122.263103,37.877772,97.87,0.298,4
-122.262786,37.877772,98.21,0.244,4
-122.262469,37.877772,98.39,0.264,4
-122.262152,37.877772,98.51,0.329,4
-122.261835,37.877772,98.67,0.316,4
-122.261518,37.877772,98.9,0.293,4
-122.261201,37.877772,99.18,0.276,4
-122.260884,37.877772,99.45,0.236,4
-122.260567,37.877772,99.69,0.221,4
-122.26025,37.877772,100.01,0.191,4
-122.259933,37.877772,100.22,0.193,4
-122.259616,37.877772,100.33,0.19,4
-122.259299,37.877772,99.97,0.277,4
-122.258982,37.877772,99.44,0.333,4
-122.258665,37.877772,98.44,0.176,4
-122.258348,37.877772,97.29,0.187,4
-122.258031,37.877772,96.46,0.328,4
-122.257714,37.877772,95.54,0.521,4
-122.257397,37.877772,94.64,0.587,4
-122.25708,37.877772,93.81,0.566,4
-122.256763,37.877772,92.83,0.574,4
-122.256446,37.877772,91.52,0.616,4
-122.256129,37.877772,89.7,0.658,4
-122.255812,37.877772,87.58,0.68,4
-122.255495,37.877772,86.09,0.701,4
-122.255178,37.877772,84.92,0.761,4
-122.254861,37.877772,84.57,0.799,4
-122.254544,37.877772,85.03,0.806,4
-122.254227,37.877772,85.96,0.792,4
-122.25391,37.877772,87.05,0.791,4
-122.253593,37.877772,88.41,0.802,4
-122.253276,37.877772,89.96,0.66,4
-122.252958,37.877772,92.24,0.426,4
-122.252641,37.877772,94.4,0.472,4
-122.252324,37.877772,96.18,0.602,4
-122.252007,37.877772,97.96,0.446,4
-122.25169,37.877772,99.65,0.186,4
-122.251373,37.877772,100.95,0.092,4
-122.251056,37.877772,101.27,0.1,4
-122.250739,37.877772,101.06,0.088,4
-122.250422,37.877772,100.65,0.152,4
-122.250105,37.877772,100.79,0.279,4
-122.249788,37.877772,100.98,0.165,4
-122.249471,37.877772,100.73,0.183,4
-122.249154,37.877772,100.18,0.312,4
-122.248837,37.877772,99.44,0.321,4
-122.24852,37.877772,99.09,0.248,4
-122.248203,37.877772,99.09,0.223,4
-122.247886,37.877772,99.68,0.273,4
-122.247569,37.877772,100.45,0.312,4
-122.247252,37.877772,100.72,0.303,4
-122.246935,37.877772,100.97,0.307,4
-122.246618,37.877772,101.27,0.344,4
-122.246301,37.877772,101.77,0.435,4
-122.245984,37.877772,102.36,0.578,4
-122.245667,37.877772,102.95,0.48,4
-122.24535,37.877772,103.67,0.224,4
-122.245033,37.877772,104.65,0.079,4
-122.244716,37.877772,104.64,0.095,4
-122.244399,37.877772,104.1,0.131,4
-122.244082,37.877772,102.49,0.294,4
-122.243765,37.877772,100.57,0.354,4
-122.243448,37.877772,99.07,0.297,4
-122.243131,37.877772,98.91,0.258,4
-122.242814,37.877772,99.82,0.263,4
-122.242497,37.877772,100.09,0.348,4
-122.24218,37.877772,101.02,0.39,4
-122.241863,37.877772,102.31,0.295,4
-122.241546,37.877772,103.55,0.259,4
-122.241229,37.877772,104.7,0.455,4
-122.240912,37.877772,105.85,0.504,4
-122.240595,37.877772,106.49,0.374,4
-122.240278,37.877772,106.67,0.261,4
-122.239961,37.877772,105.22,0.205,4
-122.239644,37.877772,103.56,0.207,4
-122.239327,37.877772,101.49,0.234,4
-122.23901,37.877772,98.72,0.299,4
-122.238693,37.877772,95.57,0.362,4
-122.238376,37.877772,92.36,0.418,4
-122.238059,37.877772,88.8,0.536,4
-122.237742,37.877772,84.45,0.641,4
-122.237425,37.877772,82.23,0.727,4
-122.237108,37.877772,81.03,0.724,4
-122.236791,37.877772,80.79,0.69,4
-122.236474,37.877772,80.92,0.704,4
-122.236157,37.877772,81.17,0.677,4
-122.235839,37.877772,81.15,0.674,4
-122.235522,37.877772,81.13,0.68,4
-122.266273,37.877455,100.83,0.352,4
-122.265956,37.877455,100.39,0.299,4
-122.265639,37.877455,99.62,0.257,4
-122.265322,37.877455,98.82,0.337,4
-122.265005,37.877455,97.94,0.448,4
-122.264688,37.877455,97.23,0.494,4
-122.264371,37.877455,97.14,0.4,4
-122.264054,37.877455,97.19,0.345,4
-122.263737,37.877455,97.3,0.411,4
-122.26342,37.877455,97.51,0.337,4
-122.263103,37.877455,97.65,0.25,4
-122.262786,37.877455,98.03,0.231,4
-122.262469,37.877455,98.21,0.292,4
-122.262152,37.877455,98.29,0.311,4
-122.261835,37.877455,98.34,0.246,4
-122.261518,37.877455,98.4,0.19,4
-122.261201,37.877455,98.53,0.16,4
-122.260884,37.877455,98.67,0.175,4
-122.260567,37.877455,98.83,0.244,4
-122.26025,37.877455,99.13,0.203,4
-122.259933,37.877455,99.34,0.168,4
-122.259616,37.877455,99.55,0.132,4
-122.259299,37.877455,99.52,0.229,4
-122.258982,37.877455,99.19,0.35,4
-122.258665,37.877455,98.27,0.225,4
-122.258348,37.877455,97.15,0.225,4
-122.258031,37.877455,96.35,0.416,4
-122.257714,37.877455,95.42,0.535,4
-122.257397,37.877455,94.56,0.595,4
-122.25708,37.877455,93.86,0.581,4
-122.256763,37.877455,93.03,0.545,4
-122.256446,37.877455,91.92,0.593,4
-122.256129,37.877455,90.38,0.693,4
-122.255812,37.877455,88.47,0.752,4
-122.255495,37.877455,87.09,0.773,4
-122.255178,37.877455,86.25,0.804,4
-122.254861,37.877455,86.19,0.805,4
-122.254544,37.877455,86.84,0.776,4
-122.254227,37.877455,87.79,0.761,4
-122.25391,37.877455,88.75,0.728,4
-122.253593,37.877455,89.89,0.63,4
-122.253276,37.877455,91.11,0.559,4
-122.252958,37.877455,92.92,0.558,4
-122.252641,37.877455,94.6,0.602,4
-122.252324,37.877455,96.01,0.604,4
-122.252007,37.877455,97.57,0.505,4
-122.25169,37.877455,99.24,0.309,4
-122.251373,37.877455,100.64,0.096,4
-122.251056,37.877455,101.25,0.07,4
-122.250739,37.877455,101.15,0.062,4
-122.250422,37.877455,100.57,0.113,4
-122.250105,37.877455,100.26,0.325,4
-122.249788,37.877455,100.5,0.28,4
-122.249471,37.877455,100.74,0.182,4
-122.249154,37.877455,100.86,0.28,4
-122.248837,37.877455,100.73,0.329,4
-122.24852,37.877455,100.65,0.226,4
-122.248203,37.877455,100.66,0.173,4
-122.247886,37.877455,101.1,0.21,4
-122.247569,37.877455,101.62,0.243,4
-122.247252,37.877455,101.66,0.253,4
-122.246935,37.877455,101.81,0.266,4
-122.246618,37.877455,102.08,0.318,4
-122.246301,37.877455,102.66,0.446,4
-122.245984,37.877455,103.78,0.461,4
-122.245667,37.877455,104.74,0.307,4
-122.24535,37.877455,105.32,0.138,4
-122.245033,37.877455,106.02,0.1,4
-122.244716,37.877455,106.15,0.182,4
-122.244399,37.877455,105.88,0.252,4
-122.244082,37.877455,104.47,0.32,4
-122.243765,37.877455,102.85,0.326,4
-122.243448,37.877455,101.58,0.341,4
-122.243131,37.877455,101.48,0.34,4
-122.242814,37.877455,102.28,0.265,4
-122.242497,37.877455,102.32,0.271,4
-122.24218,37.877455,102.85,0.365,4
-122.241863,37.877455,103.97,0.347,4
-122.241546,37.877455,105.16,0.23,4
-122.241229,37.877455,106.11,0.27,4
-122.240912,37.877455,106.88,0.337,4
-122.240595,37.877455,107.19,0.281,4
-122.240278,37.877455,107.08,0.203,4
-122.239961,37.877455,105.45,0.165,4
-122.239644,37.877455,103.82,0.171,4
-122.239327,37.877455,101.99,0.226,4
-122.23901,37.877455,99.67,0.327,4
-122.238693,37.877455,97.01,0.378,4
-122.238376,37.877455,94.17,0.427,4
-122.238059,37.877455,90.62,0.629,4
-122.237742,37.877455,85.95,0.775,4
-122.237425,37.877455,83.89,0.729,4
-122.237108,37.877455,82.71,0.59,4
-122.236791,37.877455,82.58,0.531,4
-122.236474,37.877455,82.87,0.615,4
-122.236157,37.877455,83.23,0.602,4
-122.235839,37.877455,82.58,0.651,4
-122.235522,37.877455,81.93,0.674,4
-122.235205,37.877455,81.52,0.669,4
-122.234888,37.877455,81.14,0.675,4
-122.234571,37.877455,80.96,0.684,4
-122.26659,37.877138,101.55,0.172,4
-122.266273,37.877138,101.11,0.262,4
-122.265956,37.877138,100.34,0.36,4
-122.265639,37.877138,99.42,0.345,4
-122.265322,37.877138,98.53,0.309,4
-122.265005,37.877138,97.64,0.379,4
-122.264688,37.877138,96.92,0.424,4
-122.264371,37.877138,96.73,0.37,4
-122.264054,37.877138,96.7,0.252,4
-122.263737,37.877138,96.85,0.258,4
-122.26342,37.877138,97.16,0.258,4
-122.263103,37.877138,97.38,0.228,4
-122.262786,37.877138,97.78,0.295,4
-122.262469,37.877138,97.97,0.265,4
-122.262152,37.877138,98.02,0.24,4
-122.261835,37.877138,97.96,0.182,4
-122.261518,37.877138,97.89,0.171,4
-122.261201,37.877138,97.95,0.188,4
-122.260884,37.877138,98.01,0.227,4
-122.260567,37.877138,98.01,0.286,4
-122.26025,37.877138,98.17,0.211,4
-122.259933,37.877138,98.32,0.242,4
-122.259616,37.877138,98.55,0.304,4
-122.259299,37.877138,98.64,0.234,4
-122.258982,37.877138,98.56,0.298,4
-122.258665,37.877138,97.92,0.247,4
-122.258348,37.877138,97.19,0.325,4
-122.258031,37.877138,96.86,0.574,4
-122.257714,37.877138,96.36,0.623,4
-122.257397,37.877138,95.83,0.583,4
-122.25708,37.877138,95.31,0.485,4
-122.256763,37.877138,94.58,0.458,4
-122.256446,37.877138,93.54,0.56,4
-122.256129,37.877138,92.09,0.636,4
-122.255812,37.877138,90.3,0.669,4
-122.255495,37.877138,89.13,0.716,4
-122.255178,37.877138,88.8,0.8,4
-122.254861,37.877138,88.92,0.781,4
-122.254544,37.877138,89.88,0.568,4
-122.254227,37.877138,91.61,0.469,4
-122.25391,37.877138,92.71,0.481,4
-122.253593,37.877138,93.66,0.322,4
-122.253276,37.877138,94.53,0.274,4
-122.252958,37.877138,95.84,0.288,4
-122.252641,37.877138,97.06,0.304,4
-122.252324,37.877138,98.01,0.292,4
-122.252007,37.877138,99,0.322,4
-122.25169,37.877138,100.04,0.358,4
-122.251373,37.877138,100.96,0.22,4
-122.251056,37.877138,101.41,0.116,4
-122.250739,37.877138,101.1,0.152,4
-122.250422,37.877138,100,0.352,4
-122.250105,37.877138,99.67,0.37,4
-122.249788,37.877138,100.23,0.294,4
-122.249471,37.877138,100.82,0.296,4
-122.249154,37.877138,101.36,0.288,4
-122.248837,37.877138,101.66,0.336,4
-122.24852,37.877138,101.98,0.21,4
-122.248203,37.877138,102.28,0.138,4
-122.247886,37.877138,102.87,0.184,4
-122.247569,37.877138,103.33,0.215,4
-122.247252,37.877138,103.17,0.224,4
-122.246935,37.877138,103.1,0.247,4
-122.246618,37.877138,103.26,0.274,4
-122.246301,37.877138,104.05,0.261,4
-122.245984,37.877138,105.64,0.135,4
-122.245667,37.877138,106.37,0.091,4
-122.24535,37.877138,106.53,0.157,4
-122.245033,37.877138,106.75,0.249,4
-122.244716,37.877138,106.78,0.387,4
-122.244399,37.877138,106.71,0.378,4
-122.244082,37.877138,105.6,0.252,4
-122.243765,37.877138,104.37,0.162,4
-122.243448,37.877138,103.41,0.231,4
-122.243131,37.877138,103.3,0.389,4
-122.242814,37.877138,103.71,0.416,4
-122.242497,37.877138,103.35,0.286,4
-122.24218,37.877138,103.61,0.243,4
-122.241863,37.877138,104.56,0.253,4
-122.241546,37.877138,105.7,0.198,4
-122.241229,37.877138,106.43,0.212,4
-122.240912,37.877138,106.67,0.288,4
-122.240595,37.877138,106.58,0.222,4
-122.240278,37.877138,106.19,0.16,4
-122.239961,37.877138,104.35,0.174,4
-122.239644,37.877138,102.89,0.197,4
-122.239327,37.877138,101.56,0.225,4
-122.23901,37.877138,99.84,0.265,4
-122.238693,37.877138,97.73,0.286,4
-122.238376,37.877138,95.27,0.334,4
-122.238059,37.877138,91.83,0.517,4
-122.237742,37.877138,87.19,0.727,4
-122.237425,37.877138,84.82,0.701,4
-122.237108,37.877138,83.24,0.601,4
-122.236791,37.877138,83.44,0.452,4
-122.236474,37.877138,84.33,0.467,4
-122.236157,37.877138,84.32,0.564,4
-122.235839,37.877138,82.87,0.734,4
-122.235522,37.877138,81.65,0.759,4
-122.235205,37.877138,80.71,0.741,4
-122.234888,37.877138,79.84,0.743,4
-122.266907,37.876821,102.52,0.212,4
-122.26659,37.876821,102.12,0.183,4
-122.266273,37.876821,101.57,0.236,4
-122.265956,37.876821,100.73,0.314,4
-122.265639,37.876821,99.72,0.307,4
-122.265322,37.876821,98.77,0.266,4
-122.265005,37.876821,97.84,0.326,4
-122.264688,37.876821,97.05,0.428,4
-122.264371,37.876821,96.69,0.421,4
-122.264054,37.876821,96.55,0.357,4
-122.263737,37.876821,96.71,0.238,4
-122.26342,37.876821,97.06,0.262,4
-122.263103,37.876821,97.28,0.222,4
-122.262786,37.876821,97.56,0.377,4
-122.262469,37.876821,97.7,0.383,4
-122.262152,37.876821,97.7,0.392,4
-122.261835,37.876821,97.59,0.345,4
-122.261518,37.876821,97.59,0.391,4
-122.261201,37.876821,97.76,0.468,4
-122.260884,37.876821,97.92,0.445,4
-122.260567,37.876821,98,0.384,4
-122.26025,37.876821,98.14,0.296,4
-122.259933,37.876821,98.2,0.278,4
-122.259616,37.876821,98.35,0.235,4
-122.259299,37.876821,98.33,0.336,4
-122.258982,37.876821,98.28,0.397,4
-122.258665,37.876821,97.84,0.425,4
-122.258348,37.876821,97.68,0.406,4
-122.258031,37.876821,98.02,0.382,4
-122.257714,37.876821,98.18,0.304,4
-122.257397,37.876821,98.19,0.318,4
-122.25708,37.876821,98,0.319,4
-122.256763,37.876821,97.5,0.274,4
-122.256446,37.876821,96.63,0.303,4
-122.256129,37.876821,95.23,0.383,4
-122.255812,37.876821,93.54,0.352,4
-122.255495,37.876821,92.42,0.272,4
-122.255178,37.876821,91.96,0.521,4
-122.254861,37.876821,91.82,0.556,4
-122.254544,37.876821,93.18,0.278,4
-122.254227,37.876821,95.02,0.13,4
-122.25391,37.876821,96.41,0.301,4
-122.253593,37.876821,97.43,0.309,4
-122.253276,37.876821,98.25,0.221,4
-122.252958,37.876821,99.47,0.127,4
-122.252641,37.876821,100.4,0.117,4
-122.252324,37.876821,100.93,0.132,4
-122.252007,37.876821,101.36,0.153,4
-122.25169,37.876821,101.64,0.281,4
-122.251373,37.876821,101.8,0.403,4
-122.251056,37.876821,101.75,0.312,4
-122.250739,37.876821,101.19,0.419,4
-122.250422,37.876821,99.88,0.506,4
-122.250105,37.876821,99.93,0.381,4
-122.249788,37.876821,100.62,0.263,4
-122.249471,37.876821,101.21,0.38,4
-122.249154,37.876821,102.14,0.283,4
-122.248837,37.876821,102.78,0.32,4
-122.24852,37.876821,103.44,0.22,4
-122.248203,37.876821,104.06,0.136,4
-122.247886,37.876821,104.78,0.166,4
-122.247569,37.876821,105.16,0.187,4
-122.247252,37.876821,104.9,0.171,4
-122.246935,37.876821,104.7,0.185,4
-122.246618,37.876821,104.79,0.198,4
-122.246301,37.876821,105.76,0.145,4
-122.245984,37.876821,107.28,0.087,4
-122.245667,37.876821,107.51,0.137,4
-122.24535,37.876821,107.16,0.247,4
-122.245033,37.876821,106.96,0.311,4
-122.244716,37.876821,106.82,0.274,4
-122.244399,37.876821,106.86,0.173,4
-122.244082,37.876821,105.94,0.077,4
-122.243765,37.876821,104.99,0.034,4
-122.243448,37.876821,104.34,0.069,4
-122.243131,37.876821,104.21,0.226,4
-122.242814,37.876821,104.16,0.37,4
-122.242497,37.876821,103.44,0.31,4
-122.24218,37.876821,103.48,0.212,4
-122.241863,37.876821,104.03,0.184,4
-122.241546,37.876821,104.71,0.194,4
-122.241229,37.876821,105.07,0.245,4
-122.240912,37.876821,104.9,0.257,4
-122.240595,37.876821,104.5,0.19,4
-122.240278,37.876821,104.07,0.241,4
-122.239961,37.876821,102.5,0.434,4
-122.239644,37.876821,101.4,0.495,4
-122.239327,37.876821,100.57,0.383,4
-122.23901,37.876821,99.45,0.214,4
-122.238693,37.876821,98.35,0.125,4
-122.238376,37.876821,96.47,0.163,3
-122.238059,37.876821,92.47,0.333,4
-122.237742,37.876821,87.79,0.633,4
-122.237425,37.876821,84.8,0.772,4
-122.237108,37.876821,83.64,0.613,4
-122.236791,37.876821,84.2,0.372,4
-122.236474,37.876821,84.97,0.332,4
-122.236157,37.876821,84.22,0.568,4
-122.235839,37.876821,82.62,0.734,4
-122.235522,37.876821,81.16,0.762,4
-122.235205,37.876821,79.85,0.759,4
-122.234888,37.876821,78.77,0.756,4
-122.234571,37.876821,77.87,0.748,4
-122.234254,37.876821,77.02,0.735,4
-122.267224,37.876504,103.1,0.394,4
-122.266907,37.876504,102.81,0.304,4
-122.26659,37.876504,102.42,0.179,4
-122.266273,37.876504,101.95,0.223,4
-122.265956,37.876504,101.15,0.324,4
-122.265639,37.876504,100.19,0.359,4
-122.265322,37.876504,99.29,0.354,4
-122.265005,37.876504,98.37,0.394,4
-122.264688,37.876504,97.51,0.52,4
-122.264371,37.876504,97.05,0.517,4
-122.264054,37.876504,96.89,0.531,4
-122.263737,37.876504,97.05,0.424,4
-122.26342,37.876504,97.35,0.326,4
-122.263103,37.876504,97.45,0.346,4
-122.262786,37.876504,97.58,0.379,4
-122.262469,37.876504,97.55,0.361,4
-122.262152,37.876504,97.47,0.439,4
-122.261835,37.876504,97.44,0.519,4
-122.261518,37.876504,97.54,0.499,4
-122.261201,37.876504,97.86,0.422,4
-122.260884,37.876504,98.23,0.363,4
-122.260567,37.876504,98.54,0.308,4
-122.26025,37.876504,98.79,0.231,4
-122.259933,37.876504,98.8,0.191,4
-122.259616,37.876504,98.82,0.176,4
-122.259299,37.876504,98.66,0.228,4
-122.258982,37.876504,98.63,0.358,4
-122.258665,37.876504,98.39,0.425,4
-122.258348,37.876504,98.51,0.433,4
-122.258031,37.876504,99.32,0.352,4
-122.257714,37.876504,99.93,0.226,4
-122.257397,37.876504,100.26,0.204,4
-122.25708,37.876504,100.36,0.236,4
-122.256763,37.876504,100.13,0.264,4
-122.256446,37.876504,99.51,0.323,4
-122.256129,37.876504,98.41,0.357,4
-122.255812,37.876504,96.95,0.281,4
-122.255495,37.876504,95.72,0.258,4
-122.255178,37.876504,94.78,0.4,4
-122.254861,37.876504,94.56,0.363,4
-122.254544,37.876504,95.12,0.24,4
-122.254227,37.876504,96.27,0.094,4
-122.25391,37.876504,97.49,0.144,4
-122.253593,37.876504,98.64,0.308,4
-122.253276,37.876504,99.68,0.223,4
-122.252958,37.876504,101.04,0.117,4
-122.252641,37.876504,101.97,0.088,4
-122.252324,37.876504,102.37,0.124,4
-122.252007,37.876504,102.58,0.18,4
-122.25169,37.876504,102.56,0.205,4
-122.251373,37.876504,102.26,0.203,4
-122.251056,37.876504,101.71,0.203,4
-122.250739,37.876504,101.1,0.271,4
-122.250422,37.876504,100.31,0.247,4
-122.250105,37.876504,100.81,0.321,4
-122.249788,37.876504,101.49,0.299,4
-122.249471,37.876504,102.37,0.295,4
-122.249154,37.876504,103.74,0.228,4
-122.248837,37.876504,104.78,0.354,4
-122.24852,37.876504,105.81,0.259,4
-122.248203,37.876504,106.38,0.146,4
-122.247886,37.876504,106.78,0.15,4
-122.247569,37.876504,106.83,0.138,4
-122.247252,37.876504,106.28,0.097,4
-122.246935,37.876504,105.91,0.115,4
-122.246618,37.876504,106.04,0.136,4
-122.246301,37.876504,107.08,0.137,4
-122.245984,37.876504,108.01,0.159,4
-122.245667,37.876504,107.85,0.196,4
-122.24535,37.876504,107.32,0.185,4
-122.245033,37.876504,106.81,0.12,4
-122.244716,37.876504,106.32,0.089,4
-122.244399,37.876504,106.22,0.122,4
-122.244082,37.876504,105.47,0.145,4
-122.243765,37.876504,104.8,0.131,4
-122.243448,37.876504,104.13,0.114,4
-122.243131,37.876504,103.84,0.179,4
-122.242814,37.876504,103.67,0.307,4
-122.242497,37.876504,102.85,0.34,4
-122.24218,37.876504,102.72,0.256,4
-122.241863,37.876504,102.83,0.222,4
-122.241546,37.876504,102.87,0.201,4
-122.241229,37.876504,102.63,0.297,4
-122.240912,37.876504,102.07,0.404,4
-122.240595,37.876504,101.49,0.406,4
-122.240278,37.876504,101.08,0.409,4
-122.239961,37.876504,99.9,0.608,4
-122.239644,37.876504,99.21,0.663,4
-122.239327,37.876504,98.94,0.49,4
-122.23901,37.876504,98.48,0.248,4
-122.238693,37.876504,98.28,0.116,4
-122.238376,37.876504,97.5,0.135,3
-122.238059,37.876504,93.73,0.27,3
-122.237742,37.876504,87.92,0.504,4
-122.237425,37.876504,84.96,0.682,4
-122.237108,37.876504,84.2,0.586,4
-122.236791,37.876504,84.51,0.417,4
-122.236474,37.876504,84.59,0.43,4
-122.236157,37.876504,83.47,0.613,4
-122.235839,37.876504,82,0.692,4
-122.235522,37.876504,80.42,0.743,4
-122.235205,37.876504,79.11,0.75,4
-122.234888,37.876504,78.02,0.748,4
-122.234571,37.876504,77.05,0.753,4
-122.234254,37.876504,76.58,0.756,4
-122.267541,37.876187,103.34,0.418,4
-122.267224,37.876187,103.02,0.425,4
-122.266907,37.876187,102.63,0.326,4
-122.26659,37.876187,102.24,0.171,4
-122.266273,37.876187,101.85,0.192,4
-122.265956,37.876187,101.17,0.284,4
-122.265639,37.876187,100.39,0.342,4
-122.265322,37.876187,99.69,0.371,4
-122.265005,37.876187,98.9,0.424,4
-122.264688,37.876187,98.09,0.514,4
-122.264371,37.876187,97.61,0.423,4
-122.264054,37.876187,97.5,0.467,4
-122.263737,37.876187,97.66,0.383,4
-122.26342,37.876187,97.87,0.344,4
-122.263103,37.876187,97.77,0.39,4
-122.262786,37.876187,97.7,0.375,4
-122.262469,37.876187,97.52,0.336,4
-122.262152,37.876187,97.43,0.454,4
-122.261835,37.876187,97.53,0.611,4
-122.261518,37.876187,97.8,0.593,4
-122.261201,37.876187,98.31,0.45,4
-122.260884,37.876187,98.87,0.351,4
-122.260567,37.876187,99.28,0.31,4
-122.26025,37.876187,99.51,0.242,4
-122.259933,37.876187,99.48,0.161,4
-122.259616,37.876187,99.41,0.204,4
-122.259299,37.876187,99.18,0.227,4
-122.258982,37.876187,99.25,0.246,4
-122.258665,37.876187,99.16,0.299,4
-122.258348,37.876187,99.51,0.429,4
-122.258031,37.876187,100.6,0.428,4
-122.257714,37.876187,101.39,0.312,4
-122.257397,37.876187,101.68,0.275,4
-122.25708,37.876187,101.74,0.365,4
-122.256763,37.876187,101.64,0.458,4
-122.256446,37.876187,101.31,0.498,4
-122.256129,37.876187,100.48,0.461,4
-122.255812,37.876187,99.15,0.351,4
-122.255495,37.876187,97.97,0.387,4
-122.255178,37.876187,96.79,0.47,4
-122.254861,37.876187,96.24,0.412,4
-122.254544,37.876187,95.99,0.371,4
-122.254227,37.876187,96.44,0.243,4
-122.25391,37.876187,97.15,0.17,4
-122.253593,37.876187,98.15,0.283,4
-122.253276,37.876187,99.13,0.168,4
-122.252958,37.876187,100.06,0.085,4
-122.252641,37.876187,100.68,0.123,4
-122.252324,37.876187,100.99,0.208,4
-122.252007,37.876187,101.06,0.183,4
-122.25169,37.876187,100.85,0.068,4
-122.251373,37.876187,100.34,0.054,4
-122.251056,37.876187,99.76,0.074,4
-122.250739,37.876187,99.67,0.085,4
-122.250422,37.876187,99.72,0.12,4
-122.250105,37.876187,100.66,0.162,4
-122.249788,37.876187,101.78,0.221,4
-122.249471,37.876187,103.52,0.147,4
-122.249154,37.876187,105.19,0.217,4
-122.248837,37.876187,106.65,0.195,4
-122.24852,37.876187,108.13,0.089,4
-122.248203,37.876187,108.62,0.06,4
-122.247886,37.876187,108.4,0.104,4
-122.247569,37.876187,107.62,0.122,4
-122.247252,37.876187,106.35,0.125,4
-122.246935,37.876187,105.54,0.135,4
-122.246618,37.876187,105.61,0.1,4
-122.246301,37.876187,106.33,0.169,4
-122.245984,37.876187,106.89,0.152,4
-122.245667,37.876187,106.89,0.107,4
-122.24535,37.876187,106.11,0.131,4
-122.245033,37.876187,105.22,0.166,4
-122.244716,37.876187,104.29,0.277,4
-122.244399,37.876187,103.84,0.349,4
-122.244082,37.876187,103.32,0.361,4
-122.243765,37.876187,103,0.323,4
-122.243448,37.876187,102.45,0.274,4
-122.243131,37.876187,102.2,0.292,4
-122.242814,37.876187,102.15,0.37,4
-122.242497,37.876187,101.46,0.375,4
-122.24218,37.876187,101.22,0.265,4
-122.241863,37.876187,101.13,0.231,4
-122.241546,37.876187,100.79,0.258,4
-122.241229,37.876187,99.95,0.474,4
-122.240912,37.876187,98.53,0.604,4
-122.240595,37.876187,97.61,0.521,4
-122.240278,37.876187,97.25,0.477,4
-122.239961,37.876187,96.36,0.528,4
-122.239644,37.876187,96.13,0.481,4
-122.239327,37.876187,96.55,0.465,4
-122.23901,37.876187,96.77,0.489,4
-122.238693,37.876187,96.22,0.482,4
-122.238376,37.876187,94.77,0.462,4
-122.238059,37.876187,91.78,0.469,4
-122.237742,37.876187,87.42,0.5,4
-122.237425,37.876187,85.27,0.59,4
-122.237108,37.876187,84.23,0.642,4
-122.236791,37.876187,83.84,0.605,4
-122.236474,37.876187,83.45,0.605,4
-122.236157,37.876187,82.39,0.647,4
-122.235839,37.876187,81.01,0.677,4
-122.235522,37.876187,79.62,0.69,4
-122.235205,37.876187,78.37,0.73,4
-122.234888,37.876187,77.22,0.778,4
-122.234571,37.876187,76.25,0.803,4
-122.234254,37.876187,75.83,0.808,4
-122.267858,37.87587,103.6,0.167,4
-122.267541,37.87587,103.19,0.264,4
-122.267224,37.87587,102.63,0.217,4
-122.266907,37.87587,102.05,0.174,4
-122.26659,37.87587,101.58,0.109,4
-122.266273,37.87587,101.25,0.132,4
-122.265956,37.87587,100.92,0.222,4
-122.265639,37.87587,100.54,0.334,4
-122.265322,37.87587,100.15,0.395,4
-122.265005,37.87587,99.55,0.406,4
-122.264688,37.87587,98.77,0.445,4
-122.264371,37.87587,98.37,0.385,4
-122.264054,37.87587,98.28,0.377,4
-122.263737,37.87587,98.64,0.255,4
-122.26342,37.87587,98.72,0.384,4
-122.263103,37.87587,98.42,0.408,4
-122.262786,37.87587,96.99,0.46,4
-122.262469,37.87587,96.52,0.445,4
-122.262152,37.87587,96.59,0.443,4
-122.261835,37.87587,96.97,0.463,4
-122.261518,37.87587,97.51,0.46,4
-122.261201,37.87587,98.33,0.353,4
-122.260884,37.87587,99.27,0.246,4
-122.260567,37.87587,99.82,0.27,4
-122.26025,37.87587,100.1,0.282,4
-122.259933,37.87587,100.63,0.174,4
-122.259616,37.87587,100.48,0.259,4
-122.259299,37.87587,100.16,0.212,4
-122.258982,37.87587,100.19,0.154,4
-122.258665,37.87587,100.19,0.147,4
-122.258348,37.87587,100.69,0.316,4
-122.258031,37.87587,101.32,0.375,4
-122.257714,37.87587,101.96,0.403,4
-122.257397,37.87587,102.21,0.472,4
-122.25708,37.87587,102.19,0.41,4
-122.256763,37.87587,102.08,0.368,4
-122.256446,37.87587,101.86,0.424,4
-122.256129,37.87587,101.44,0.391,4
-122.255812,37.87587,100.76,0.286,4
-122.255495,37.87587,99.82,0.338,4
-122.255178,37.87587,98.66,0.454,4
-122.254861,37.87587,97.73,0.556,4
-122.254544,37.87587,97.09,0.425,4
-122.254227,37.87587,97.07,0.368,4
-122.25391,37.87587,97.03,0.323,4
-122.253593,37.87587,97.58,0.304,4
-122.253276,37.87587,98.21,0.156,4
-122.252958,37.87587,98.16,0.066,4
-122.252641,37.87587,98.05,0.084,4
-122.252324,37.87587,98.09,0.145,4
-122.252007,37.87587,97.8,0.143,4
-122.25169,37.87587,97.11,0.095,4
-122.251373,37.87587,96.33,0.114,4
-122.251056,37.87587,95.93,0.131,4
-122.250739,37.87587,96.68,0.067,4
-122.250422,37.87587,97.31,0.094,4
-122.250105,37.87587,98.68,0.107,4
-122.249788,37.87587,100.8,0.215,4
-122.249471,37.87587,103.17,0.131,4
-122.249154,37.87587,105.07,0.122,4
-122.248837,37.87587,106.7,0.079,4
-122.24852,37.87587,108.25,0.059,4
-122.248203,37.87587,108.68,0.062,4
-122.247886,37.87587,107.75,0.125,4
-122.247569,37.87587,105.95,0.212,4
-122.247252,37.87587,104,0.251,4
-122.246935,37.87587,102.84,0.227,4
-122.246618,37.87587,102.66,0.201,4
-122.246301,37.87587,102.45,0.338,4
-122.245984,37.87587,102.86,0.243,4
-122.245667,37.87587,103.53,0.15,4
-122.24535,37.87587,102.44,0.199,4
-122.245033,37.87587,100.86,0.306,4
-122.244716,37.87587,99.42,0.499,4
-122.244399,37.87587,98.78,0.595,4
-122.244082,37.87587,99.89,0.411,4
-122.243765,37.87587,100.51,0.257,4
-122.243448,37.87587,100.21,0.197,4
-122.243131,37.87587,99.89,0.253,4
-122.242814,37.87587,99.5,0.375,4
-122.242497,37.87587,98.86,0.394,4
-122.24218,37.87587,98.58,0.335,4
-122.241863,37.87587,98.4,0.313,4
-122.241546,37.87587,97.9,0.308,4
-122.241229,37.87587,96.6,0.442,4
-122.240912,37.87587,92.63,0.473,4
-122.240595,37.87587,91.32,0.377,4
-122.240278,37.87587,90.95,0.34,4
-122.239961,37.87587,90.67,0.306,4
-122.239644,37.87587,91.39,0.244,4
-122.239327,37.87587,92.65,0.239,4
-122.23901,37.87587,93.22,0.322,4
-122.238693,37.87587,92.32,0.521,4
-122.238376,37.87587,90.57,0.623,4
-122.238059,37.87587,88.77,0.507,4
-122.237742,37.87587,86.68,0.489,4
-122.237425,37.87587,84.93,0.575,4
-122.237108,37.87587,83.64,0.65,4
-122.236791,37.87587,82.72,0.639,4
-122.236474,37.87587,81.76,0.705,4
-122.236157,37.87587,80.63,0.737,4
-122.235839,37.87587,79.52,0.716,4
-122.235522,37.87587,78.33,0.704,4
-122.235205,37.87587,77.14,0.773,4
-122.234888,37.87587,76.19,0.817,4
-122.234571,37.87587,75.52,0.815,4
-122.234254,37.87587,75.23,0.806,4
-122.268175,37.875553,103.33,0.165,4
-122.267858,37.875553,103.3,0.159,4
-122.267541,37.875553,102.88,0.225,4
-122.267224,37.875553,102.16,0.114,4
-122.266907,37.875553,101.44,0.116,4
-122.26659,37.875553,100.91,0.121,4
-122.266273,37.875553,100.67,0.135,4
-122.265956,37.875553,100.62,0.138,4
-122.265639,37.875553,100.63,0.215,4
-122.265322,37.875553,100.59,0.332,4
-122.265005,37.875553,100.26,0.379,4
-122.264688,37.875553,99.64,0.382,4
-122.264371,37.875553,99.33,0.369,4
-122.264054,37.875553,99.1,0.442,4
-122.263737,37.875553,99.34,0.317,4
-122.26342,37.875553,99.2,0.441,4
-122.263103,37.875553,98.74,0.276,4
-122.262786,37.875553,96.97,0.257,4
-122.262469,37.875553,96.19,0.34,4
-122.262152,37.875553,96.35,0.28,4
-122.261835,37.875553,96.85,0.239,4
-122.261518,37.875553,97.43,0.341,4
-122.261201,37.875553,98.35,0.313,4
-122.260884,37.875553,99.58,0.178,4
-122.260567,37.875553,100.43,0.191,4
-122.26025,37.875553,100.75,0.209,4
-122.259933,37.875553,101.26,0.085,4
-122.259616,37.875553,101.46,0.112,4
-122.259299,37.875553,101.02,0.139,4
-122.258982,37.875553,100.83,0.108,4
-122.258665,37.875553,100.7,0.102,4
-122.258348,37.875553,101.06,0.261,4
-122.258031,37.875553,101.14,0.37,4
-122.257714,37.875553,101.64,0.41,4
-122.257397,37.875553,101.96,0.43,4
-122.25708,37.875553,102.01,0.332,4
-122.256763,37.875553,101.91,0.265,4
-122.256446,37.875553,101.81,0.301,4
-122.256129,37.875553,101.87,0.282,4
-122.255812,37.875553,101.84,0.227,4
-122.255495,37.875553,101.24,0.313,4
-122.255178,37.875553,100.42,0.4,4
-122.254861,37.875553,99.57,0.492,4
-122.254544,37.875553,98.81,0.394,4
-122.254227,37.875553,98.37,0.445,4
-122.25391,37.875553,97.62,0.467,4
-122.253593,37.875553,97.54,0.349,4
-122.253276,37.875553,97.64,0.198,4
-122.252958,37.875553,97.22,0.1,4
-122.252641,37.875553,96.74,0.054,4
-122.252324,37.875553,96.29,0.082,4
-122.252007,37.875553,95.44,0.171,4
-122.25169,37.875553,94.2,0.277,4
-122.251373,37.875553,93.16,0.368,4
-122.251056,37.875553,92.96,0.35,4
-122.250739,37.875553,94.01,0.133,4
-122.250422,37.875553,94.7,0.084,4
-122.250105,37.875553,96.3,0.166,4
-122.249788,37.875553,98.96,0.345,4
-122.249471,37.875553,101.48,0.212,4
-122.249154,37.875553,103.39,0.067,4
-122.248837,37.875553,104.92,0.045,4
-122.24852,37.875553,106.31,0.06,4
-122.248203,37.875553,106.66,0.078,4
-122.247886,37.875553,105.58,0.149,4
-122.247569,37.875553,103.62,0.235,4
-122.247252,37.875553,101.72,0.271,4
-122.246935,37.875553,100.52,0.287,4
-122.246618,37.875553,99.91,0.333,4
-122.246301,37.875553,99.55,0.386,4
-122.245984,37.875553,99.51,0.323,4
-122.245667,37.875553,99.78,0.227,4
-122.24535,37.875553,98.62,0.273,4
-122.245033,37.875553,96.96,0.445,4
-122.244716,37.875553,95.64,0.672,4
-122.244399,37.875553,95.58,0.649,4
-122.244082,37.875553,97.2,0.376,4
-122.243765,37.875553,98.23,0.212,4
-122.243448,37.875553,98.33,0.193,4
-122.243131,37.875553,98.4,0.293,4
-122.242814,37.875553,98.35,0.346,4
-122.242497,37.875553,97.88,0.28,4
-122.24218,37.875553,97.56,0.351,4
-122.241863,37.875553,97.27,0.389,4
-122.241546,37.875553,96.59,0.288,4
-122.241229,37.875553,94.79,0.283,4
-122.240912,37.875553,90.49,0.356,4
-122.240595,37.875553,88.31,0.468,4
-122.240278,37.875553,87.44,0.534,4
-122.239961,37.875553,86.99,0.566,4
-122.239644,37.875553,88.52,0.469,4
-122.239327,37.875553,90.87,0.305,4
-122.23901,37.875553,92.03,0.244,4
-122.238693,37.875553,91.39,0.356,4
-122.238376,37.875553,89.73,0.518,4
-122.238059,37.875553,87.91,0.589,4
-122.237742,37.875553,86.25,0.573,4
-122.237425,37.875553,84.68,0.559,4
-122.237108,37.875553,82.98,0.677,4
-122.236791,37.875553,81.57,0.711,4
-122.236474,37.875553,80.26,0.773,4
-122.236157,37.875553,79.08,0.801,4
-122.235839,37.875553,77.97,0.8,4
-122.235522,37.875553,76.87,0.812,4
-122.235205,37.875553,75.84,0.835,4
-122.234888,37.875553,75.17,0.835,4
-122.234571,37.875553,74.82,0.813,4
-122.234254,37.875553,74.71,0.799,4
-122.268492,37.875236,102.61,0.126,4
-122.268175,37.875236,102.89,0.164,4
-122.267858,37.875236,102.83,0.127,4
-122.267541,37.875236,102.38,0.191,4
-122.267224,37.875236,101.68,0.097,4
-122.266907,37.875236,101.04,0.103,4
-122.26659,37.875236,100.63,0.138,4
-122.266273,37.875236,100.52,0.164,4
-122.265956,37.875236,100.66,0.134,4
-122.265639,37.875236,100.9,0.185,4
-122.265322,37.875236,101.07,0.291,4
-122.265005,37.875236,100.92,0.339,4
-122.264688,37.875236,100.44,0.361,4
-122.264371,37.875236,100.14,0.331,4
-122.264054,37.875236,99.87,0.477,4
-122.263737,37.875236,100.02,0.452,4
-122.26342,37.875236,99.62,0.294,4
-122.263103,37.875236,99.19,0.16,4
-122.262786,37.875236,97.44,0.227,4
-122.262469,37.875236,96.37,0.327,4
-122.262152,37.875236,96.09,0.252,4
-122.261835,37.875236,96.31,0.164,4
-122.261518,37.875236,96.83,0.17,4
-122.261201,37.875236,97.72,0.194,4
-122.260884,37.875236,98.89,0.181,4
-122.260567,37.875236,99.93,0.158,4
-122.26025,37.875236,100.6,0.145,4
-122.259933,37.875236,101.19,0.136,4
-122.259616,37.875236,101.67,0.118,4
-122.259299,37.875236,101.34,0.204,4
-122.258982,37.875236,100.92,0.286,4
-122.258665,37.875236,100.35,0.35,4
-122.258348,37.875236,100.25,0.283,4
-122.258031,37.875236,100.05,0.196,4
-122.257714,37.875236,100.46,0.142,4
-122.257397,37.875236,100.88,0.152,4
-122.25708,37.875236,101.07,0.32,4
-122.256763,37.875236,101.16,0.413,4
-122.256446,37.875236,101.3,0.375,4
-122.256129,37.875236,101.65,0.334,4
-122.255812,37.875236,102.04,0.301,4
-122.255495,37.875236,101.94,0.311,4
-122.255178,37.875236,101.57,0.346,4
-122.254861,37.875236,101.02,0.365,4
-122.254544,37.875236,100.26,0.386,4
-122.254227,37.875236,99.52,0.393,4
-122.25391,37.875236,98.33,0.398,4
-122.253593,37.875236,97.73,0.386,4
-122.253276,37.875236,97.3,0.289,4
-122.252958,37.875236,96.41,0.196,4
-122.252641,37.875236,95.51,0.129,4
-122.252324,37.875236,94.5,0.162,4
-122.252007,37.875236,93.06,0.308,4
-122.25169,37.875236,91.43,0.509,4
-122.251373,37.875236,90.3,0.638,4
-122.251056,37.875236,90.31,0.564,4
-122.250739,37.875236,91.54,0.424,4
-122.250422,37.875236,92.35,0.219,4
-122.250105,37.875236,94.04,0.223,4
-122.249788,37.875236,96.77,0.439,4
-122.249471,37.875236,99.17,0.311,4
-122.249154,37.875236,100.84,0.114,4
-122.248837,37.875236,101.69,0.06,4
-122.24852,37.875236,102.38,0.089,4
-122.248203,37.875236,102.06,0.161,4
-122.247886,37.875236,100.72,0.238,4
-122.247569,37.875236,99.09,0.274,4
-122.247252,37.875236,97.81,0.271,4
-122.246935,37.875236,97.07,0.276,4
-122.246618,37.875236,96.61,0.29,4
-122.246301,37.875236,96.38,0.295,4
-122.245984,37.875236,96,0.314,4
-122.245667,37.875236,95.78,0.339,4
-122.24535,37.875236,94.57,0.407,4
-122.245033,37.875236,93.33,0.509,4
-122.244716,37.875236,92.66,0.628,4
-122.244399,37.875236,92.68,0.659,4
-122.244082,37.875236,94.45,0.407,4
-122.243765,37.875236,95.87,0.228,4
-122.243448,37.875236,96.6,0.218,4
-122.243131,37.875236,97.32,0.324,4
-122.242814,37.875236,97.74,0.381,4
-122.242497,37.875236,97.54,0.329,4
-122.24218,37.875236,97.22,0.354,4
-122.241863,37.875236,96.76,0.372,4
-122.241546,37.875236,95.69,0.289,4
-122.241229,37.875236,93.29,0.43,4
-122.240912,37.875236,87.81,0.641,4
-122.240595,37.875236,85.36,0.782,4
-122.240278,37.875236,84.08,0.818,4
-122.239961,37.875236,84.13,0.813,4
-122.239644,37.875236,86.36,0.661,4
-122.239327,37.875236,89.47,0.384,4
-122.23901,37.875236,90.71,0.288,4
-122.238693,37.875236,90.34,0.346,4
-122.238376,37.875236,89.48,0.377,4
-122.238059,37.875236,88.02,0.445,4
-122.237742,37.875236,86.13,0.578,4
-122.237425,37.875236,84.37,0.567,4
-122.237108,37.875236,82.45,0.641,4
-122.236791,37.875236,80.59,0.765,4
-122.236474,37.875236,79.13,0.797,4
-122.236157,37.875236,77.92,0.822,4
-122.235839,37.875236,76.89,0.835,4
-122.235522,37.875236,75.97,0.83,4
-122.235205,37.875236,75.15,0.832,4
-122.234888,37.875236,74.7,0.822,4
-122.234571,37.875236,74.59,0.805,4
-122.234254,37.875236,74.72,0.797,4
-122.268809,37.874919,102.09,0.147,4
-122.268492,37.874919,102.55,0.117,4
-122.268175,37.874919,102.68,0.099,4
-122.267858,37.874919,102.47,0.071,4
-122.267541,37.874919,101.94,0.167,4
-122.267224,37.874919,101.28,0.114,4
-122.266907,37.874919,100.77,0.116,4
-122.26659,37.874919,100.54,0.156,4
-122.266273,37.874919,100.56,0.11,4
-122.265956,37.874919,100.99,0.098,4
-122.265639,37.874919,101.4,0.217,4
-122.265322,37.874919,101.53,0.346,4
-122.265005,37.874919,101.46,0.396,4
-122.264688,37.874919,101.17,0.375,4
-122.264371,37.874919,100.95,0.258,4
-122.264054,37.874919,100.83,0.309,4
-122.263737,37.874919,101.61,0.37,4
-122.26342,37.874919,101.21,0.203,4
-122.263103,37.874919,100.75,0.206,4
-122.262786,37.874919,99.01,0.306,4
-122.262469,37.874919,97.77,0.337,4
-122.262152,37.874919,96.65,0.346,4
-122.261835,37.874919,95.88,0.355,4
-122.261518,37.874919,95.71,0.373,4
-122.261201,37.874919,96.19,0.454,4
-122.260884,37.874919,96.96,0.505,4
-122.260567,37.874919,97.95,0.436,4
-122.26025,37.874919,99.37,0.342,4
-122.259933,37.874919,100.38,0.293,4
-122.259616,37.874919,100.18,0.292,4
-122.259299,37.874919,100.27,0.286,4
-122.258982,37.874919,100.39,0.269,4
-122.258665,37.874919,99.3,0.232,4
-122.258348,37.874919,98.79,0.121,4
-122.258031,37.874919,98.52,0.118,4
-122.257714,37.874919,98.76,0.08,4
-122.257397,37.874919,99.16,0.079,4
-122.25708,37.874919,99.43,0.256,4
-122.256763,37.874919,99.62,0.391,4
-122.256446,37.874919,99.88,0.391,4
-122.256129,37.874919,100.37,0.412,4
-122.255812,37.874919,100.99,0.453,4
-122.255495,37.874919,101.31,0.4,4
-122.255178,37.874919,101.5,0.418,4
-122.254861,37.874919,101.73,0.433,4
-122.254544,37.874919,101.16,0.392,4
-122.254227,37.874919,100.34,0.398,4
-122.25391,37.874919,99.78,0.301,4
-122.253593,37.874919,98.93,0.34,4
-122.253276,37.874919,98.03,0.398,4
-122.252958,37.874919,95.78,0.345,4
-122.252641,37.874919,93.92,0.341,4
-122.252324,37.874919,92.19,0.435,4
-122.252007,37.874919,90.03,0.566,4
-122.25169,37.874919,88.06,0.669,4
-122.251373,37.874919,86.96,0.711,4
-122.251056,37.874919,87.21,0.708,4
-122.250739,37.874919,88.84,0.65,4
-122.250422,37.874919,89.92,0.442,4
-122.250105,37.874919,91.58,0.32,4
-122.249788,37.874919,92.79,0.458,4
-122.249471,37.874919,94.82,0.355,4
-122.249154,37.874919,96.53,0.262,4
-122.248837,37.874919,97.53,0.207,4
-122.24852,37.874919,97.24,0.308,4
-122.248203,37.874919,95.88,0.476,4
-122.247886,37.874919,94.42,0.54,4
-122.247569,37.874919,93.23,0.524,4
-122.247252,37.874919,92.42,0.53,4
-122.246935,37.874919,92.09,0.495,4
-122.246618,37.874919,91.98,0.373,4
-122.246301,37.874919,91.86,0.404,4
-122.245984,37.874919,91.54,0.483,4
-122.245667,37.874919,91.42,0.5,4
-122.24535,37.874919,90.89,0.495,4
-122.245033,37.874919,90.17,0.58,4
-122.244716,37.874919,89.96,0.649,4
-122.244399,37.874919,90,0.737,4
-122.244082,37.874919,92.17,0.494,4
-122.243765,37.874919,93.97,0.255,4
-122.243448,37.874919,95.21,0.197,4
-122.243131,37.874919,96.06,0.261,4
-122.242814,37.874919,96.57,0.292,4
-122.242497,37.874919,96.77,0.274,4
-122.24218,37.874919,96.37,0.318,4
-122.241863,37.874919,95.79,0.326,4
-122.241546,37.874919,94.07,0.363,4
-122.241229,37.874919,90.81,0.628,4
-122.240912,37.874919,86.17,0.79,4
-122.240595,37.874919,84.02,0.81,4
-122.240278,37.874919,82.7,0.806,4
-122.239961,37.874919,83.09,0.806,4
-122.239644,37.874919,85.07,0.713,4
-122.239327,37.874919,87.75,0.457,4
-122.23901,37.874919,88.73,0.435,4
-122.238693,37.874919,88.77,0.496,4
-122.238376,37.874919,88.74,0.409,4
-122.238059,37.874919,87.92,0.356,4
-122.237742,37.874919,86.24,0.461,4
-122.237425,37.874919,84.02,0.57,4
-122.237108,37.874919,81.78,0.679,4
-122.236791,37.874919,79.8,0.771,4
-122.236474,37.874919,78.37,0.798,4
-122.236157,37.874919,77.25,0.827,4
-122.235839,37.874919,76.35,0.828,4
-122.235522,37.874919,75.66,0.81,4
-122.235205,37.874919,75.06,0.817,4
-122.234888,37.874919,74.71,0.825,4
-122.234571,37.874919,74.71,0.812,4
-122.234254,37.874919,75.05,0.794,4
-122.233937,37.874919,75.32,0.787,4
-122.269126,37.874602,102.01,0.254,4
-122.268809,37.874602,102.68,0.204,4
-122.268492,37.874602,102.91,0.132,4
-122.268175,37.874602,102.78,0.076,4
-122.267858,37.874602,102.32,0.074,4
-122.267541,37.874602,101.66,0.198,4
-122.267224,37.874602,100.96,0.15,4
-122.266907,37.874602,100.5,0.135,4
-122.26659,37.874602,100.39,0.166,4
-122.266273,37.874602,100.46,0.128,4
-122.265956,37.874602,100.93,0.098,4
-122.265639,37.874602,101.3,0.141,4
-122.265322,37.874602,101.36,0.216,4
-122.265005,37.874602,101.27,0.284,4
-122.264688,37.874602,101.07,0.287,4
-122.264371,37.874602,101.02,0.16,4
-122.264054,37.874602,101.12,0.125,4
-122.263737,37.874602,102.09,0.146,4
-122.26342,37.874602,101.79,0.121,4
-122.263103,37.874602,101.29,0.116,4
-122.262786,37.874602,99.23,0.311,4
-122.262469,37.874602,97.51,0.461,4
-122.262152,37.874602,95.62,0.59,4
-122.261835,37.874602,94.11,0.703,4
-122.261518,37.874602,93.43,0.722,4
-122.261201,37.874602,93.56,0.711,4
-122.260884,37.874602,94.13,0.7,4
-122.260567,37.874602,95.37,0.648,4
-122.26025,37.874602,97.52,0.534,4
-122.259933,37.874602,99.32,0.379,4
-122.259616,37.874602,99.63,0.274,4
-122.259299,37.874602,99.84,0.261,4
-122.258982,37.874602,100.24,0.239,4
-122.258665,37.874602,99.02,0.134,4
-122.258348,37.874602,98.17,0.076,4
-122.258031,37.874602,97.64,0.121,4
-122.257714,37.874602,97.77,0.169,4
-122.257397,37.874602,98.04,0.125,4
-122.25708,37.874602,98.27,0.177,4
-122.256763,37.874602,98.49,0.231,4
-122.256446,37.874602,98.73,0.257,4
-122.256129,37.874602,99.19,0.314,4
-122.255812,37.874602,99.88,0.377,4
-122.255495,37.874602,100.42,0.427,4
-122.255178,37.874602,100.95,0.392,4
-122.254861,37.874602,101.56,0.325,4
-122.254544,37.874602,101.21,0.368,4
-122.254227,37.874602,100.34,0.417,4
-122.25391,37.874602,99.59,0.364,4
-122.253593,37.874602,98.42,0.33,4
-122.253276,37.874602,97.22,0.457,4
-122.252958,37.874602,94.25,0.525,4
-122.252641,37.874602,92.2,0.469,4
-122.252324,37.874602,90.56,0.41,4
-122.252007,37.874602,88.28,0.522,4
-122.25169,37.874602,86.2,0.665,4
-122.251373,37.874602,85.22,0.66,4
-122.251056,37.874602,85.46,0.659,4
-122.250739,37.874602,86.88,0.624,4
-122.250422,37.874602,87.87,0.512,4
-122.250105,37.874602,89.24,0.399,4
-122.249788,37.874602,89.88,0.355,4
-122.249471,37.874602,91.02,0.432,4
-122.249154,37.874602,92.45,0.366,4
-122.248837,37.874602,92.98,0.367,4
-122.24852,37.874602,92.23,0.493,4
-122.248203,37.874602,90.7,0.669,4
-122.247886,37.874602,89.49,0.669,4
-122.247569,37.874602,88.89,0.508,4
-122.247252,37.874602,88.42,0.439,4
-122.246935,37.874602,87.8,0.55,4
-122.246618,37.874602,87.24,0.667,4
-122.246301,37.874602,87.1,0.704,4
-122.245984,37.874602,87.32,0.643,4
-122.245667,37.874602,87.82,0.495,4
-122.24535,37.874602,88,0.394,4
-122.245033,37.874602,87.8,0.492,4
-122.244716,37.874602,87.62,0.667,4
-122.244399,37.874602,87.8,0.771,4
-122.244082,37.874602,90.32,0.611,4
-122.243765,37.874602,92.31,0.358,4
-122.243448,37.874602,93.72,0.241,4
-122.243131,37.874602,94.58,0.246,4
-122.242814,37.874602,95.16,0.246,4
-122.242497,37.874602,95.82,0.215,4
-122.24218,37.874602,95.94,0.187,4
-122.241863,37.874602,95.34,0.187,4
-122.241546,37.874602,93.07,0.38,4
-122.241229,37.874602,89.28,0.707,4
-122.240912,37.874602,85.46,0.816,4
-122.240595,37.874602,83.48,0.796,4
-122.240278,37.874602,82.61,0.771,4
-122.239961,37.874602,82.96,0.777,4
-122.239644,37.874602,84.22,0.704,4
-122.239327,37.874602,85.8,0.564,4
-122.23901,37.874602,86.59,0.598,4
-122.238693,37.874602,87.02,0.597,4
-122.238376,37.874602,87.21,0.491,4
-122.238059,37.874602,86.64,0.506,4
-122.237742,37.874602,85.22,0.647,4
-122.237425,37.874602,83.04,0.761,4
-122.237108,37.874602,80.97,0.81,4
-122.236791,37.874602,79.35,0.801,4
-122.236474,37.874602,78.22,0.79,4
-122.236157,37.874602,77.28,0.789,4
-122.235839,37.874602,76.42,0.797,4
-122.235522,37.874602,75.86,0.773,4
-122.235205,37.874602,75.33,0.793,4
-122.234888,37.874602,75.05,0.803,4
-122.234571,37.874602,75.13,0.795,4
-122.234254,37.874602,75.65,0.776,4
-122.233937,37.874602,76.04,0.764,4
-122.269443,37.874285,102.33,0.361,4
-122.269126,37.874285,102.74,0.326,4
-122.268809,37.874285,103.32,0.219,4
-122.268492,37.874285,103.33,0.129,4
-122.268175,37.874285,102.97,0.094,4
-122.267858,37.874285,102.33,0.089,4
-122.267541,37.874285,101.54,0.174,4
-122.267224,37.874285,100.77,0.161,4
-122.266907,37.874285,100.27,0.167,4
-122.26659,37.874285,100.14,0.145,4
-122.266273,37.874285,100.13,0.12,4
-122.265956,37.874285,100.47,0.135,4
-122.265639,37.874285,100.72,0.143,4
-122.265322,37.874285,100.74,0.166,4
-122.265005,37.874285,100.67,0.212,4
-122.264688,37.874285,100.59,0.193,4
-122.264371,37.874285,100.76,0.107,4
-122.264054,37.874285,101.2,0.073,4
-122.263737,37.874285,102.52,0.08,4
-122.26342,37.874285,102.46,0.092,4
-122.263103,37.874285,101.87,0.09,4
-122.262786,37.874285,99.53,0.217,4
-122.262469,37.874285,97.26,0.425,4
-122.262152,37.874285,94.71,0.581,4
-122.261835,37.874285,92.91,0.712,4
-122.261518,37.874285,92.15,0.73,4
-122.261201,37.874285,92.18,0.683,4
-122.260884,37.874285,92.7,0.641,4
-122.260567,37.874285,94.11,0.619,4
-122.26025,37.874285,96.58,0.564,4
-122.259933,37.874285,98.72,0.367,4
-122.259616,37.874285,99.48,0.089,4
-122.259299,37.874285,99.7,0.071,4
-122.258982,37.874285,99.98,0.146,4
-122.258665,37.874285,98.73,0.184,4
-122.258348,37.874285,97.57,0.08,4
-122.258031,37.874285,96.98,0.067,4
-122.257714,37.874285,97.14,0.187,4
-122.257397,37.874285,97.49,0.178,4
-122.25708,37.874285,97.8,0.187,4
-122.256763,37.874285,98.07,0.225,4
-122.256446,37.874285,98.31,0.225,4
-122.256129,37.874285,98.76,0.209,4
-122.255812,37.874285,99.42,0.248,4
-122.255495,37.874285,99.96,0.33,4
-122.255178,37.874285,100.52,0.328,4
-122.254861,37.874285,101.12,0.299,4
-122.254544,37.874285,100.86,0.33,4
-122.254227,37.874285,100,0.382,4
-122.25391,37.874285,99.06,0.356,4
-122.253593,37.874285,97.61,0.316,4
-122.253276,37.874285,96.22,0.358,4
-122.252958,37.874285,93.32,0.416,4
-122.252641,37.874285,91.26,0.416,4
-122.252324,37.874285,89.69,0.415,4
-122.252007,37.874285,87.79,0.484,4
-122.25169,37.874285,86.16,0.513,4
-122.251373,37.874285,85.34,0.45,4
-122.251056,37.874285,85.31,0.444,4
-122.250739,37.874285,86.08,0.461,4
-122.250422,37.874285,86.63,0.397,4
-122.250105,37.874285,87.46,0.388,4
-122.249788,37.874285,87.53,0.343,4
-122.249471,37.874285,88.19,0.375,4
-122.249154,37.874285,88.74,0.479,4
-122.248837,37.874285,88.92,0.454,4
-122.24852,37.874285,88.23,0.502,4
-122.248203,37.874285,86.91,0.694,4
-122.247886,37.874285,85.91,0.744,4
-122.247569,37.874285,85.55,0.593,4
-122.247252,37.874285,85.38,0.483,4
-122.246935,37.874285,84.91,0.58,4
-122.246618,37.874285,84.27,0.756,4
-122.246301,37.874285,84.23,0.78,4
-122.245984,37.874285,84.54,0.729,4
-122.245667,37.874285,85.03,0.604,4
-122.24535,37.874285,85.76,0.382,4
-122.245033,37.874285,86.16,0.395,4
-122.244716,37.874285,86.11,0.609,4
-122.244399,37.874285,86.33,0.767,4
-122.244082,37.874285,88.84,0.643,4
-122.243765,37.874285,90.69,0.442,4
-122.243448,37.874285,91.92,0.371,4
-122.243131,37.874285,92.54,0.364,4
-122.242814,37.874285,93.1,0.33,4
-122.242497,37.874285,94.1,0.26,4
-122.24218,37.874285,94.73,0.162,4
-122.241863,37.874285,94.39,0.158,4
-122.241546,37.874285,92.32,0.414,4
-122.241229,37.874285,89.11,0.661,4
-122.240912,37.874285,85.65,0.768,4
-122.240595,37.874285,83.75,0.715,4
-122.240278,37.874285,83.18,0.638,4
-122.239961,37.874285,82.98,0.646,4
-122.239644,37.874285,83.34,0.646,4
-122.239327,37.874285,83.86,0.697,4
-122.23901,37.874285,84.27,0.706,4
-122.238693,37.874285,84.62,0.654,4
-122.238376,37.874285,84.73,0.638,4
-122.238059,37.874285,84.52,0.678,4
-122.237742,37.874285,83.89,0.719,4
-122.237425,37.874285,82.6,0.765,4
-122.237108,37.874285,81.3,0.762,4
-122.236791,37.874285,80.27,0.732,4
-122.236474,37.874285,79.5,0.678,4
-122.236157,37.874285,78.25,0.789,4
-122.235839,37.874285,77.32,0.802,4
-122.235522,37.874285,76.65,0.78,4
-122.235205,37.874285,76.07,0.786,4
-122.234888,37.874285,75.81,0.778,4
-122.234571,37.874285,75.95,0.754,4
-122.234254,37.874285,76.56,0.741,4
-122.233937,37.874285,76.99,0.739,4
-122.270077,37.873968,102.06,0.263,4
-122.26976,37.873968,102.27,0.3,4
-122.269443,37.873968,102.64,0.328,4
-122.269126,37.873968,103.09,0.263,4
-122.268809,37.873968,103.43,0.143,4
-122.268492,37.873968,103.26,0.113,4
-122.268175,37.873968,102.8,0.11,4
-122.267858,37.873968,102.2,0.092,4
-122.267541,37.873968,101.35,0.189,4
-122.267224,37.873968,100.57,0.108,4
-122.266907,37.873968,100.02,0.081,4
-122.26659,37.873968,99.71,0.119,4
-122.266273,37.873968,99.49,0.158,4
-122.265956,37.873968,99.19,0.213,4
-122.265639,37.873968,98.94,0.213,4
-122.265322,37.873968,98.89,0.21,4
-122.265005,37.873968,98.73,0.21,4
-122.264688,37.873968,98.52,0.144,4
-122.264371,37.873968,98.93,0.104,4
-122.264054,37.873968,99.59,0.064,4
-122.263737,37.873968,100.43,0.08,4
-122.26342,37.873968,100.56,0.104,4
-122.263103,37.873968,99.97,0.118,4
-122.262786,37.873968,98.8,0.134,4
-122.262469,37.873968,96.35,0.291,4
-122.262152,37.873968,93.57,0.556,4
-122.261835,37.873968,92.01,0.689,4
-122.261518,37.873968,91.47,0.656,4
-122.261201,37.873968,91.54,0.528,4
-122.260884,37.873968,92.33,0.503,4
-122.260567,37.873968,94.02,0.557,4
-122.26025,37.873968,96.32,0.498,4
-122.259933,37.873968,98.33,0.328,4
-122.259616,37.873968,99.41,0.106,4
-122.259299,37.873968,99.59,0.091,4
-122.258982,37.873968,99.62,0.14,4
-122.258665,37.873968,98.42,0.168,4
-122.258348,37.873968,97.14,0.055,4
-122.258031,37.873968,96.66,0.036,4
-122.257714,37.873968,96.87,0.147,4
-122.257397,37.873968,97.34,0.307,4
-122.25708,37.873968,97.8,0.359,4
-122.256763,37.873968,98.18,0.295,4
-122.256446,37.873968,98.51,0.182,4
-122.256129,37.873968,98.88,0.115,4
-122.255812,37.873968,99.35,0.146,4
-122.255495,37.873968,99.82,0.221,4
-122.255178,37.873968,100.32,0.26,4
-122.254861,37.873968,100.88,0.247,4
-122.254544,37.873968,100.52,0.203,4
-122.254227,37.873968,99.66,0.263,4
-122.25391,37.873968,98.67,0.384,4
-122.253593,37.873968,97.15,0.384,4
-122.253276,37.873968,95.66,0.509,4
-122.252958,37.873968,94,0.476,4
-122.252641,37.873968,92.5,0.417,4
-122.252324,37.873968,91.12,0.386,4
-122.252007,37.873968,89.78,0.404,4
-122.25169,37.873968,88.62,0.393,4
-122.251373,37.873968,87.72,0.337,4
-122.251056,37.873968,86.96,0.365,4
-122.250739,37.873968,86.26,0.434,4
-122.250422,37.873968,86.28,0.506,4
-122.250105,37.873968,86.49,0.528,4
-122.249788,37.873968,86.27,0.421,4
-122.249471,37.873968,86.66,0.377,4
-122.249154,37.873968,86.86,0.459,4
-122.248837,37.873968,86.34,0.434,4
-122.24852,37.873968,85.63,0.465,4
-122.248203,37.873968,84.53,0.662,4
-122.247886,37.873968,83.63,0.8,4
-122.247569,37.873968,83.39,0.726,4
-122.247252,37.873968,83.53,0.567,4
-122.246935,37.873968,83.32,0.589,4
-122.246618,37.873968,82.76,0.775,4
-122.246301,37.873968,82.63,0.801,4
-122.245984,37.873968,82.76,0.801,4
-122.245667,37.873968,83.12,0.745,4
-122.24535,37.873968,83.94,0.565,4
-122.245033,37.873968,84.73,0.49,4
-122.244716,37.873968,85.06,0.66,4
-122.244399,37.873968,85.45,0.771,4
-122.244082,37.873968,87.43,0.638,4
-122.243765,37.873968,88.92,0.431,4
-122.243448,37.873968,89.85,0.391,4
-122.243131,37.873968,90.01,0.511,4
-122.242814,37.873968,90.21,0.564,4
-122.242497,37.873968,91.28,0.46,4
-122.24218,37.873968,92.43,0.309,4
-122.241863,37.873968,93.01,0.195,4
-122.241546,37.873968,92.44,0.211,4
-122.241229,37.873968,90.43,0.362,4
-122.240912,37.873968,87.42,0.524,4
-122.240595,37.873968,85.1,0.577,4
-122.240278,37.873968,83.76,0.56,4
-122.239961,37.873968,82.7,0.686,4
-122.239644,37.873968,82.34,0.765,4
-122.239327,37.873968,82.48,0.726,4
-122.23901,37.873968,82.63,0.659,4
-122.238693,37.873968,82.57,0.684,4
-122.238376,37.873968,82.7,0.66,4
-122.238059,37.873968,83.14,0.566,4
-122.237742,37.873968,83.29,0.597,4
-122.237425,37.873968,82.87,0.685,4
-122.237108,37.873968,82.48,0.676,4
-122.236791,37.873968,81.88,0.69,4
-122.236474,37.873968,81.41,0.656,4
-122.236157,37.873968,80.49,0.732,4
-122.235839,37.873968,79.54,0.784,4
-122.235522,37.873968,78.59,0.805,4
-122.235205,37.873968,77.77,0.802,4
-122.234888,37.873968,77.24,0.772,4
-122.234571,37.873968,77.21,0.725,4
-122.234254,37.873968,77.72,0.705,4
-122.233937,37.873968,78.29,0.708,4
-122.270395,37.873651,101.4,0.268,4
-122.270077,37.873651,101.87,0.282,4
-122.26976,37.873651,102.49,0.27,4
-122.269443,37.873651,102.83,0.212,4
-122.269126,37.873651,103.06,0.144,4
-122.268809,37.873651,103.16,0.102,4
-122.268492,37.873651,102.85,0.114,4
-122.268175,37.873651,102.27,0.06,4
-122.267858,37.873651,101.64,0.074,4
-122.267541,37.873651,100.84,0.166,4
-122.267224,37.873651,100.13,0.226,4
-122.266907,37.873651,99.59,0.206,4
-122.26659,37.873651,99.13,0.131,4
-122.266273,37.873651,98.67,0.178,4
-122.265956,37.873651,97.91,0.324,4
-122.265639,37.873651,97.28,0.444,4
-122.265322,37.873651,97.11,0.399,4
-122.265005,37.873651,96.88,0.251,4
-122.264688,37.873651,96.58,0.174,4
-122.264371,37.873651,97.02,0.163,4
-122.264054,37.873651,97.68,0.141,4
-122.263737,37.873651,98.24,0.157,4
-122.26342,37.873651,98.42,0.193,4
-122.263103,37.873651,97.8,0.261,4
-122.262786,37.873651,97.68,0.304,4
-122.262469,37.873651,95.39,0.333,4
-122.262152,37.873651,92.98,0.544,4
-122.261835,37.873651,91.82,0.682,4
-122.261518,37.873651,91.45,0.651,4
-122.261201,37.873651,91.57,0.45,4
-122.260884,37.873651,92.56,0.35,4
-122.260567,37.873651,94.36,0.368,4
-122.26025,37.873651,96.22,0.305,4
-122.259933,37.873651,97.69,0.267,4
-122.259616,37.873651,98.63,0.324,4
-122.259299,37.873651,98.84,0.338,4
-122.258982,37.873651,98.68,0.29,4
-122.258665,37.873651,97.73,0.253,4
-122.258348,37.873651,96.82,0.178,4
-122.258031,37.873651,96.4,0.078,4
-122.257714,37.873651,96.62,0.116,4
-122.257397,37.873651,97.12,0.414,4
-122.25708,37.873651,97.7,0.532,4
-122.256763,37.873651,98.22,0.401,4
-122.256446,37.873651,98.65,0.26,4
-122.256129,37.873651,98.98,0.187,4
-122.255812,37.873651,99.27,0.14,4
-122.255495,37.873651,99.59,0.141,4
-122.255178,37.873651,99.96,0.172,4
-122.254861,37.873651,100.49,0.26,4
-122.254544,37.873651,100.18,0.182,4
-122.254227,37.873651,99.51,0.106,4
-122.25391,37.873651,98.76,0.35,4
-122.253593,37.873651,97.45,0.333,4
-122.253276,37.873651,96.01,0.382,4
-122.252958,37.873651,95.46,0.486,4
-122.252641,37.873651,94.39,0.549,4
-122.252324,37.873651,93.01,0.473,4
-122.252007,37.873651,91.83,0.431,4
-122.25169,37.873651,90.87,0.442,4
-122.251373,37.873651,90.03,0.442,4
-122.251056,37.873651,88.74,0.503,4
-122.250739,37.873651,86.72,0.547,4
-122.250422,37.873651,86.26,0.596,4
-122.250105,37.873651,85.97,0.557,4
-122.249788,37.873651,85.85,0.471,4
-122.249471,37.873651,85.93,0.416,4
-122.249154,37.873651,86.07,0.444,4
-122.248837,37.873651,84.78,0.437,4
-122.24852,37.873651,83.88,0.54,4
-122.248203,37.873651,83,0.716,4
-122.247886,37.873651,82.4,0.809,4
-122.247569,37.873651,82.45,0.754,4
-122.247252,37.873651,82.8,0.601,4
-122.246935,37.873651,82.76,0.583,4
-122.246618,37.873651,82.26,0.755,4
-122.246301,37.873651,82.06,0.785,4
-122.245984,37.873651,81.99,0.799,4
-122.245667,37.873651,82.25,0.764,4
-122.24535,37.873651,83.03,0.642,4
-122.245033,37.873651,83.89,0.578,4
-122.244716,37.873651,84.43,0.724,4
-122.244399,37.873651,85.06,0.803,4
-122.244082,37.873651,86.13,0.659,4
-122.243765,37.873651,87.31,0.412,4
-122.243448,37.873651,88.05,0.346,4
-122.243131,37.873651,88.14,0.546,4
-122.242814,37.873651,88.35,0.662,4
-122.242497,37.873651,89.25,0.537,4
-122.24218,37.873651,90.3,0.423,4
-122.241863,37.873651,90.99,0.364,4
-122.241546,37.873651,91.15,0.291,4
-122.241229,37.873651,90.27,0.326,4
-122.240912,37.873651,88.51,0.419,4
-122.240595,37.873651,86.02,0.506,4
-122.240278,37.873651,83.66,0.7,4
-122.239961,37.873651,82.38,0.794,4
-122.239644,37.873651,81.93,0.709,4
-122.239327,37.873651,81.79,0.628,4
-122.23901,37.873651,81.53,0.653,4
-122.238693,37.873651,81.26,0.723,4
-122.238376,37.873651,81.33,0.71,4
-122.238059,37.873651,81.77,0.661,4
-122.237742,37.873651,82.35,0.657,4
-122.237425,37.873651,82.7,0.6,4
-122.237108,37.873651,82.52,0.565,4
-122.236791,37.873651,82.9,0.663,4
-122.236474,37.873651,82.82,0.596,4
-122.236157,37.873651,82.6,0.557,4
-122.235839,37.873651,81.89,0.611,4
-122.235522,37.873651,80.75,0.692,4
-122.235205,37.873651,79.62,0.739,4
-122.234888,37.873651,78.9,0.72,4
-122.234571,37.873651,78.66,0.673,4
-122.234254,37.873651,78.88,0.666,4
-122.233937,37.873651,79.45,0.697,4
-122.23362,37.873651,79.85,0.718,4
-122.270395,37.873334,101.43,0.362,4
-122.270077,37.873334,101.93,0.307,4
-122.26976,37.873334,102.58,0.221,4
-122.269443,37.873334,102.9,0.151,4
-122.269126,37.873334,103.03,0.098,4
-122.268809,37.873334,102.88,0.089,4
-122.268492,37.873334,102.32,0.114,4
-122.268175,37.873334,101.64,0.072,4
-122.267858,37.873334,101.02,0.065,4
-122.267541,37.873334,100.29,0.12,4
-122.267224,37.873334,99.6,0.314,4
-122.266907,37.873334,99.05,0.317,4
-122.26659,37.873334,98.55,0.14,4
-122.266273,37.873334,97.98,0.115,4
-122.265956,37.873334,97.1,0.213,4
-122.265639,37.873334,96.3,0.234,4
-122.265322,37.873334,95.91,0.197,4
-122.265005,37.873334,95.43,0.236,4
-122.264688,37.873334,94.9,0.303,4
-122.264371,37.873334,95.23,0.267,4
-122.264054,37.873334,95.8,0.235,4
-122.263737,37.873334,96.22,0.281,4
-122.26342,37.873334,96.45,0.263,4
-122.263103,37.873334,96.03,0.33,4
-122.262786,37.873334,96.54,0.288,4
-122.262469,37.873334,94.77,0.289,4
-122.262152,37.873334,93.08,0.406,4
-122.261835,37.873334,92.14,0.607,4
-122.261518,37.873334,91.67,0.667,4
-122.261201,37.873334,91.84,0.602,4
-122.260884,37.873334,92.91,0.551,4
-122.260567,37.873334,94.57,0.487,4
-122.26025,37.873334,96.07,0.382,4
-122.259933,37.873334,97.08,0.421,4
-122.259616,37.873334,97.72,0.635,4
-122.259299,37.873334,97.69,0.672,4
-122.258982,37.873334,97.29,0.562,4
-122.258665,37.873334,96.82,0.272,4
-122.258348,37.873334,96.38,0.294,4
-122.258031,37.873334,96.01,0.278,4
-122.257714,37.873334,96.19,0.3,4
-122.257397,37.873334,96.73,0.376,4
-122.25708,37.873334,97.41,0.377,4
-122.256763,37.873334,98.02,0.282,4
-122.256446,37.873334,98.46,0.214,4
-122.256129,37.873334,98.7,0.151,4
-122.255812,37.873334,98.84,0.084,4
-122.255495,37.873334,98.99,0.113,4
-122.255178,37.873334,99.26,0.149,4
-122.254861,37.873334,99.75,0.23,4
-122.254544,37.873334,99.67,0.28,4
-122.254227,37.873334,99.42,0.225,4
-122.25391,37.873334,99.19,0.389,4
-122.253593,37.873334,98.28,0.355,4
-122.253276,37.873334,97.07,0.321,4
-122.252958,37.873334,96.56,0.417,4
-122.252641,37.873334,95.15,0.581,4
-122.252324,37.873334,93.3,0.649,4
-122.252007,37.873334,91.81,0.663,4
-122.25169,37.873334,90.81,0.642,4
-122.251373,37.873334,90.13,0.608,4
-122.251056,37.873334,88.99,0.608,4
-122.250739,37.873334,87.04,0.547,4
-122.250422,37.873334,86.43,0.542,4
-122.250105,37.873334,85.86,0.459,4
-122.249788,37.873334,85.43,0.565,4
-122.249471,37.873334,85.38,0.589,4
-122.249154,37.873334,85.41,0.628,4
-122.248837,37.873334,83.88,0.601,4
-122.24852,37.873334,83.15,0.645,4
-122.248203,37.873334,82.51,0.753,4
-122.247886,37.873334,82.2,0.805,4
-122.247569,37.873334,82.36,0.776,4
-122.247252,37.873334,82.72,0.724,4
-122.246935,37.873334,82.96,0.726,4
-122.246618,37.873334,82.99,0.769,4
-122.246301,37.873334,82.93,0.763,4
-122.245984,37.873334,82.71,0.785,4
-122.245667,37.873334,82.68,0.773,4
-122.24535,37.873334,82.99,0.725,4
-122.245033,37.873334,83.6,0.678,4
-122.244716,37.873334,84.21,0.737,4
-122.244399,37.873334,84.97,0.754,4
-122.244082,37.873334,85.97,0.63,4
-122.243765,37.873334,87.01,0.423,4
-122.243448,37.873334,87.6,0.375,4
-122.243131,37.873334,87.5,0.564,4
-122.242814,37.873334,87.31,0.719,4
-122.242497,37.873334,87.65,0.681,4
-122.24218,37.873334,88.5,0.582,4
-122.241863,37.873334,89.44,0.509,4
-122.241546,37.873334,89.91,0.485,4
-122.241229,37.873334,89.46,0.469,4
-122.240912,37.873334,88.09,0.506,4
-122.240595,37.873334,85.72,0.591,4
-122.240278,37.873334,83.19,0.77,4
-122.239961,37.873334,82.08,0.757,4
-122.239644,37.873334,81.44,0.643,4
-122.239327,37.873334,80.89,0.636,4
-122.23901,37.873334,80.32,0.705,4
-122.238693,37.873334,79.95,0.774,4
-122.238376,37.873334,79.98,0.811,4
-122.238059,37.873334,80.58,0.78,4
-122.237742,37.873334,81.58,0.678,4
-122.237425,37.873334,82.42,0.494,4
-122.237108,37.873334,81.9,0.451,3
-122.236791,37.873334,83.19,0.559,4
-122.236474,37.873334,83.19,0.561,4
-122.236157,37.873334,83.08,0.545,4
-122.235839,37.873334,82.52,0.571,4
-122.235522,37.873334,81.42,0.646,4
-122.235205,37.873334,80.21,0.726,4
-122.234888,37.873334,79.58,0.724,4
-122.234571,37.873334,79.5,0.672,4
-122.234254,37.873334,79.58,0.662,4
-122.233937,37.873334,79.71,0.707,4
-122.23362,37.873334,79.83,0.741,4
-122.270395,37.873017,101.36,0.362,4
-122.270077,37.873017,102.05,0.215,4
-122.26976,37.873017,102.59,0.141,4
-122.269443,37.873017,102.9,0.109,4
-122.269126,37.873017,102.97,0.069,4
-122.268809,37.873017,102.77,0.095,4
-122.268492,37.873017,102.2,0.147,4
-122.268175,37.873017,101.45,0.129,4
-122.267858,37.873017,100.67,0.094,4
-122.267541,37.873017,99.99,0.073,4
-122.267224,37.873017,99.32,0.09,4
-122.266907,37.873017,98.66,0.102,4
-122.26659,37.873017,98.06,0.076,4
-122.266273,37.873017,97.42,0.1,4
-122.265956,37.873017,96.62,0.2,4
-122.265639,37.873017,95.77,0.183,4
-122.265322,37.873017,95.12,0.137,4
-122.265005,37.873017,94.46,0.261,4
-122.264688,37.873017,94,0.422,4
-122.264371,37.873017,94.35,0.384,4
-122.264054,37.873017,94.79,0.336,4
-122.263737,37.873017,94.88,0.51,4
-122.26342,37.873017,95.32,0.406,4
-122.263103,37.873017,95.4,0.408,4
-122.262786,37.873017,95.73,0.294,4
-122.262469,37.873017,94.56,0.378,4
-122.262152,37.873017,93.53,0.505,4
-122.261835,37.873017,92.67,0.641,4
-122.261518,37.873017,92.04,0.651,4
-122.261201,37.873017,92.16,0.556,4
-122.260884,37.873017,93.13,0.544,4
-122.260567,37.873017,94.57,0.599,4
-122.26025,37.873017,95.92,0.597,4
-122.259933,37.873017,96.82,0.606,4
-122.259616,37.873017,97.37,0.679,4
-122.259299,37.873017,97.25,0.671,4
-122.258982,37.873017,96.85,0.649,4
-122.258665,37.873017,96.42,0.435,4
-122.258348,37.873017,96.03,0.486,4
-122.258031,37.873017,95.31,0.424,4
-122.257714,37.873017,95.38,0.364,4
-122.257397,37.873017,96.02,0.23,4
-122.25708,37.873017,96.8,0.179,4
-122.256763,37.873017,97.36,0.221,4
-122.256446,37.873017,97.71,0.169,4
-122.256129,37.873017,97.96,0.071,4
-122.255812,37.873017,98.05,0.08,4
-122.255495,37.873017,97.95,0.137,4
-122.255178,37.873017,97.99,0.18,4
-122.254861,37.873017,98.39,0.262,4
-122.254544,37.873017,98.53,0.366,4
-122.254227,37.873017,98.63,0.331,4
-122.25391,37.873017,99.02,0.318,4
-122.253593,37.873017,98.89,0.37,4
-122.253276,37.873017,98.32,0.415,4
-122.252958,37.873017,98.2,0.408,4
-122.252641,37.873017,96.34,0.518,4
-122.252324,37.873017,93.72,0.673,4
-122.252007,37.873017,91.67,0.756,4
-122.25169,37.873017,90.58,0.713,4
-122.251373,37.873017,90.16,0.582,4
-122.251056,37.873017,89.46,0.469,4
-122.250739,37.873017,88.06,0.438,4
-122.250422,37.873017,87.63,0.462,4
-122.250105,37.873017,87.02,0.49,4
-122.249788,37.873017,86.27,0.595,4
-122.249471,37.873017,85.99,0.652,4
-122.249154,37.873017,86.02,0.695,4
-122.248837,37.873017,84.95,0.647,4
-122.24852,37.873017,84.59,0.643,4
-122.248203,37.873017,84.13,0.729,4
-122.247886,37.873017,83.65,0.785,4
-122.247569,37.873017,83.59,0.787,4
-122.247252,37.873017,83.92,0.777,4
-122.246935,37.873017,84.42,0.772,4
-122.246618,37.873017,84.97,0.752,4
-122.246301,37.873017,85.33,0.697,4
-122.245984,37.873017,85.26,0.643,4
-122.245667,37.873017,85.09,0.583,4
-122.24535,37.873017,84.69,0.552,4
-122.245033,37.873017,84.5,0.52,4
-122.244716,37.873017,84.58,0.547,4
-122.244399,37.873017,85.12,0.457,4
-122.244082,37.873017,85.58,0.537,4
-122.243765,37.873017,86.36,0.438,4
-122.243448,37.873017,86.68,0.441,4
-122.243131,37.873017,86.4,0.603,4
-122.242814,37.873017,86.12,0.705,4
-122.242497,37.873017,86.29,0.696,4
-122.24218,37.873017,86.95,0.663,4
-122.241863,37.873017,87.96,0.588,4
-122.241546,37.873017,88.72,0.462,4
-122.241229,37.873017,88.46,0.39,4
-122.240912,37.873017,86.91,0.413,4
-122.240595,37.873017,84.25,0.662,4
-122.240278,37.873017,82.04,0.763,4
-122.239961,37.873017,81.01,0.712,4
-122.239644,37.873017,80.27,0.681,4
-122.239327,37.873017,79.61,0.702,4
-122.23901,37.873017,79.09,0.725,4
-122.238693,37.873017,78.88,0.74,4
-122.238376,37.873017,79.02,0.777,4
-122.238059,37.873017,79.65,0.783,4
-122.237742,37.873017,80.47,0.736,4
-122.237425,37.873017,81.09,0.679,4
-122.237108,37.873017,82.08,0.539,4
-122.236791,37.873017,82.66,0.486,4
-122.236474,37.873017,82.41,0.58,4
-122.236157,37.873017,82.05,0.673,4
-122.235839,37.873017,81.41,0.709,4
-122.235522,37.873017,80.42,0.741,4
-122.235205,37.873017,79.48,0.785,4
-122.234888,37.873017,79.16,0.768,4
-122.234571,37.873017,79.17,0.721,4
-122.234254,37.873017,79.18,0.706,4
-122.233937,37.873017,79.17,0.733,4
-122.23362,37.873017,79.17,0.757,4
-122.270077,37.8727,102.49,0.106,4
-122.26976,37.8727,102.73,0.104,4
-122.269443,37.8727,103.1,0.097,4
-122.269126,37.8727,103.19,0.087,4
-122.268809,37.8727,102.93,0.096,4
-122.268492,37.8727,102.47,0.137,4
-122.268175,37.8727,101.78,0.134,4
-122.267858,37.8727,100.87,0.147,4
-122.267541,37.8727,100.31,0.09,4
-122.267224,37.8727,99.73,0.08,4
-122.266907,37.8727,99,0.091,4
-122.26659,37.8727,98.13,0.078,4
-122.266273,37.8727,97.25,0.088,4
-122.265956,37.8727,96.47,0.226,4
-122.265639,37.8727,95.47,0.322,4
-122.265322,37.8727,94.46,0.302,4
-122.265005,37.8727,93.99,0.305,4
-122.264688,37.8727,94.07,0.374,4
-122.264371,37.8727,94.34,0.401,4
-122.264054,37.8727,94.66,0.435,4
-122.263737,37.8727,94.79,0.572,4
-122.26342,37.8727,95.19,0.603,4
-122.263103,37.8727,95.35,0.563,4
-122.262786,37.8727,95.1,0.549,4
-122.262469,37.8727,94.37,0.579,4
-122.262152,37.8727,93.77,0.564,4
-122.261835,37.8727,93.08,0.636,4
-122.261518,37.8727,92.69,0.656,4
-122.261201,37.8727,92.95,0.412,4
-122.260884,37.8727,93.73,0.2,4
-122.260567,37.8727,94.85,0.265,4
-122.26025,37.8727,95.96,0.428,4
-122.259933,37.8727,96.67,0.455,4
-122.259616,37.8727,97.06,0.364,4
-122.259299,37.8727,97.14,0.364,4
-122.258982,37.8727,96.79,0.434,4
-122.258665,37.8727,96.1,0.437,4
-122.258348,37.8727,95.27,0.577,4
-122.258031,37.8727,93.51,0.544,4
-122.257714,37.8727,93.61,0.355,4
-122.257397,37.8727,94.38,0.171,4
-122.25708,37.8727,95.1,0.122,4
-122.256763,37.8727,95.43,0.238,4
-122.256446,37.8727,95.74,0.254,4
-122.256129,37.8727,96.47,0.148,4
-122.255812,37.8727,97.01,0.115,4
-122.255495,37.8727,96.77,0.186,4
-122.255178,37.8727,96.52,0.286,4
-122.254861,37.8727,96.44,0.322,4
-122.254544,37.8727,96.75,0.413,4
-122.254227,37.8727,97.19,0.389,4
-122.25391,37.8727,98.07,0.35,4
-122.253593,37.8727,98.89,0.358,4
-122.253276,37.8727,99.11,0.405,4
-122.252958,37.8727,98.73,0.378,4
-122.252641,37.8727,96.73,0.407,4
-122.252324,37.8727,93.89,0.542,4
-122.252007,37.8727,91.55,0.667,4
-122.25169,37.8727,90.27,0.667,4
-122.251373,37.8727,89.95,0.56,4
-122.251056,37.8727,90.28,0.444,4
-122.250739,37.8727,90.72,0.388,4
-122.250422,37.8727,90.42,0.423,4
-122.250105,37.8727,89.6,0.555,4
-122.249788,37.8727,87.05,0.578,4
-122.249471,37.8727,86.81,0.635,4
-122.249154,37.8727,87.1,0.664,4
-122.248837,37.8727,87.84,0.662,4
-122.24852,37.8727,88.43,0.643,4
-122.248203,37.8727,88.48,0.689,4
-122.247886,37.8727,87.9,0.736,4
-122.247569,37.8727,87.38,0.718,4
-122.247252,37.8727,87.2,0.643,4
-122.246935,37.8727,87.28,0.576,4
-122.246618,37.8727,87.56,0.533,4
-122.246301,37.8727,87.85,0.467,4
-122.245984,37.8727,87.71,0.413,4
-122.245667,37.8727,86.91,0.463,4
-122.24535,37.8727,85.62,0.538,4
-122.245033,37.8727,84.78,0.46,4
-122.244716,37.8727,84.12,0.437,4
-122.244399,37.8727,83.73,0.462,4
-122.244082,37.8727,83.55,0.531,4
-122.243765,37.8727,83.92,0.505,4
-122.243448,37.8727,84.16,0.525,4
-122.243131,37.8727,84.12,0.561,4
-122.242814,37.8727,84.2,0.541,4
-122.242497,37.8727,84.69,0.472,4
-122.24218,37.8727,85.54,0.4,4
-122.241863,37.8727,86.46,0.355,4
-122.241546,37.8727,86.87,0.331,4
-122.241229,37.8727,86.04,0.439,4
-122.240912,37.8727,84.32,0.581,4
-122.240595,37.8727,82.1,0.724,4
-122.240278,37.8727,80.35,0.745,4
-122.239961,37.8727,79.4,0.707,4
-122.239644,37.8727,78.71,0.73,4
-122.239327,37.8727,78.13,0.751,4
-122.23901,37.8727,77.78,0.751,4
-122.238693,37.8727,77.78,0.73,4
-122.238376,37.8727,78.05,0.749,4
-122.238059,37.8727,78.58,0.787,4
-122.237742,37.8727,79.31,0.793,4
-122.237425,37.8727,79.98,0.78,4
-122.237108,37.8727,80.6,0.72,4
-122.236791,37.8727,81.02,0.636,4
-122.236474,37.8727,80.98,0.641,4
-122.236157,37.8727,80.58,0.694,4
-122.235839,37.8727,79.95,0.721,4
-122.235522,37.8727,79.06,0.752,4
-122.235205,37.8727,78.33,0.789,4
-122.234888,37.8727,78.11,0.786,4
-122.234571,37.8727,78.1,0.762,4
-122.234254,37.8727,78.06,0.761,4
-122.233937,37.8727,77.99,0.779,4
-122.23362,37.8727,77.96,0.789,4
-122.269443,37.872383,103.62,0.095,4
-122.269126,37.872383,103.67,0.101,4
-122.268809,37.872383,103.37,0.065,4
-122.268492,37.872383,102.98,0.067,4
-122.268175,37.872383,102.44,0.1,4
-122.267858,37.872383,101.73,0.12,4
-122.267541,37.872383,101.47,0.096,4
-122.267224,37.872383,101.1,0.111,4
-122.266907,37.872383,100.33,0.087,4
-122.26659,37.872383,99.15,0.092,4
-122.266273,37.872383,97.83,0.097,4
-122.265956,37.872383,96.66,0.269,4
-122.265639,37.872383,95.31,0.441,4
-122.265322,37.872383,93.91,0.488,4
-122.265005,37.872383,93.02,0.516,4
-122.264688,37.872383,92.78,0.597,4
-122.264371,37.872383,92.95,0.65,4
-122.264054,37.872383,93.36,0.618,4
-122.263737,37.872383,93.64,0.514,4
-122.26342,37.872383,94.17,0.537,4
-122.263103,37.872383,94.42,0.669,4
-122.262786,37.872383,94.39,0.771,4
-122.262469,37.872383,94.05,0.785,4
-122.262152,37.872383,93.98,0.719,4
-122.261835,37.872383,93.87,0.691,4
-122.261518,37.872383,93.87,0.691,4
-122.261201,37.872383,94.17,0.451,4
-122.260884,37.872383,94.74,0.243,4
-122.260567,37.872383,95.5,0.295,4
-122.26025,37.872383,96.31,0.408,4
-122.259933,37.872383,96.93,0.33,4
-122.259616,37.872383,97.36,0.106,4
-122.259299,37.872383,97.54,0.111,4
-122.258982,37.872383,97.21,0.179,4
-122.258665,37.872383,96.38,0.273,4
-122.258348,37.872383,95.16,0.583,4
-122.258031,37.872383,92.73,0.614,4
-122.257714,37.872383,92.51,0.408,4
-122.257397,37.872383,92.91,0.215,4
-122.25708,37.872383,93.33,0.156,4
-122.256763,37.872383,93.57,0.279,4
-122.256446,37.872383,93.77,0.391,4
-122.256129,37.872383,94.65,0.368,4
-122.255812,37.872383,95.58,0.331,4
-122.255495,37.872383,95.54,0.418,4
-122.255178,37.872383,95.5,0.531,4
-122.254861,37.872383,95.55,0.463,4
-122.254544,37.872383,95.99,0.304,4
-122.254227,37.872383,96.8,0.28,4
-122.25391,37.872383,98.42,0.361,4
-122.253593,37.872383,100.08,0.371,4
-122.253276,37.872383,100.92,0.445,4
-122.252958,37.872383,100.95,0.424,4
-122.252641,37.872383,99.48,0.39,4
-122.252324,37.872383,96.89,0.456,4
-122.252007,37.872383,94.42,0.6,4
-122.25169,37.872383,92.9,0.66,4
-122.251373,37.872383,92.57,0.603,4
-122.251056,37.872383,93.13,0.523,4
-122.250739,37.872383,93.62,0.432,4
-122.250422,37.872383,93.31,0.394,4
-122.250105,37.872383,92.47,0.471,4
-122.249788,37.872383,90,0.533,4
-122.249471,37.872383,89.98,0.576,4
-122.249154,37.872383,90.76,0.587,4
-122.248837,37.872383,92.44,0.53,4
-122.24852,37.872383,94.06,0.445,4
-122.248203,37.872383,94.84,0.407,4
-122.247886,37.872383,94.36,0.413,4
-122.247569,37.872383,93.28,0.381,4
-122.247252,37.872383,91.9,0.341,4
-122.246935,37.872383,90.3,0.338,4
-122.246618,37.872383,88.95,0.322,4
-122.246301,37.872383,87.99,0.298,4
-122.245984,37.872383,86.9,0.398,4
-122.245667,37.872383,85.5,0.614,4
-122.24535,37.872383,83.91,0.703,4
-122.245033,37.872383,82.7,0.692,4
-122.244716,37.872383,81.45,0.754,4
-122.244399,37.872383,80.55,0.814,4
-122.244082,37.872383,80.12,0.813,4
-122.243765,37.872383,79.99,0.792,4
-122.243448,37.872383,80.08,0.791,4
-122.243131,37.872383,80.33,0.776,4
-122.242814,37.872383,80.7,0.729,4
-122.242497,37.872383,81.28,0.659,4
-122.24218,37.872383,82.18,0.555,4
-122.241863,37.872383,83.07,0.451,4
-122.241546,37.872383,83.25,0.493,4
-122.241229,37.872383,82.46,0.705,4
-122.240912,37.872383,81.22,0.804,4
-122.240595,37.872383,79.77,0.799,4
-122.240278,37.872383,78.48,0.801,4
-122.239961,37.872383,77.63,0.785,4
-122.239644,37.872383,77.14,0.789,4
-122.239327,37.872383,76.76,0.796,4
-122.23901,37.872383,76.54,0.799,4
-122.238693,37.872383,76.51,0.8,4
-122.238376,37.872383,76.75,0.785,4
-122.238059,37.872383,77.25,0.75,4
-122.237742,37.872383,77.72,0.752,4
-122.237425,37.872383,77.99,0.804,4
-122.237108,37.872383,78.34,0.8,4
-122.236791,37.872383,78.63,0.767,4
-122.236474,37.872383,78.68,0.755,4
-122.236157,37.872383,78.55,0.77,4
-122.235839,37.872383,78.04,0.793,4
-122.235522,37.872383,77.35,0.82,4
-122.235205,37.872383,76.87,0.844,4
-122.234888,37.872383,76.73,0.839,4
-122.234571,37.872383,76.74,0.817,4
-122.234254,37.872383,76.68,0.817,4
-122.233937,37.872383,76.53,0.834,4
-122.23362,37.872383,76.41,0.843,4
-122.269443,37.872066,105.01,0.07,4
-122.269126,37.872066,104.91,0.091,4
-122.268809,37.872066,104.37,0.112,4
-122.268492,37.872066,103.88,0.149,4
-122.268175,37.872066,103.32,0.126,4
-122.267858,37.872066,102.65,0.137,4
-122.267541,37.872066,102.53,0.11,4
-122.267224,37.872066,102.27,0.074,4
-122.266907,37.872066,101.48,0.062,4
-122.26659,37.872066,100.14,0.073,4
-122.266273,37.872066,98.49,0.09,4
-122.265956,37.872066,96.92,0.389,4
-122.265639,37.872066,95.21,0.623,4
-122.265322,37.872066,93.46,0.574,4
-122.265005,37.872066,92.09,0.532,4
-122.264688,37.872066,91.21,0.641,4
-122.264371,37.872066,90.86,0.675,4
-122.264054,37.872066,91.2,0.583,4
-122.263737,37.872066,91.78,0.416,4
-122.26342,37.872066,92.69,0.42,4
-122.263103,37.872066,93.32,0.683,4
-122.262786,37.872066,93.86,0.768,4
-122.262469,37.872066,94.13,0.709,4
-122.262152,37.872066,94.55,0.628,4
-122.261835,37.872066,95.12,0.568,4
-122.261518,37.872066,95.49,0.657,4
-122.261201,37.872066,95.74,0.658,4
-122.260884,37.872066,95.96,0.599,4
-122.260567,37.872066,96.31,0.471,4
-122.26025,37.872066,96.81,0.382,4
-122.259933,37.872066,97.28,0.368,4
-122.259616,37.872066,97.58,0.139,4
-122.259299,37.872066,97.68,0.083,4
-122.258982,37.872066,97.31,0.141,4
-122.258665,37.872066,96.49,0.273,4
-122.258348,37.872066,95.08,0.479,4
-122.258031,37.872066,92.44,0.553,4
-122.257714,37.872066,91.45,0.45,4
-122.257397,37.872066,91.21,0.326,4
-122.25708,37.872066,91.18,0.346,4
-122.256763,37.872066,91.2,0.494,4
-122.256446,37.872066,91.4,0.618,4
-122.256129,37.872066,92.74,0.581,4
-122.255812,37.872066,94.25,0.512,4
-122.255495,37.872066,94.57,0.581,4
-122.255178,37.872066,94.88,0.646,4
-122.254861,37.872066,95.25,0.559,4
-122.254544,37.872066,95.93,0.396,4
-122.254227,37.872066,97.11,0.272,4
-122.25391,37.872066,98.93,0.276,4
-122.253593,37.872066,100.82,0.308,4
-122.253276,37.872066,101.9,0.383,4
-122.252958,37.872066,102.42,0.394,4
-122.252641,37.872066,101.47,0.438,4
-122.252324,37.872066,99.36,0.383,4
-122.252007,37.872066,96.91,0.402,4
-122.25169,37.872066,95.51,0.465,4
-122.251373,37.872066,95.75,0.412,4
-122.251056,37.872066,96.76,0.306,4
-122.250739,37.872066,97.33,0.271,4
-122.250422,37.872066,97.02,0.303,4
-122.250105,37.872066,96.17,0.41,4
-122.249788,37.872066,93.71,0.506,4
-122.249471,37.872066,93.93,0.515,4
-122.249154,37.872066,95.19,0.434,4
-122.248837,37.872066,97.49,0.328,4
-122.24852,37.872066,99.17,0.237,4
-122.248203,37.872066,99.52,0.201,4
-122.247886,37.872066,98.41,0.195,4
-122.247569,37.872066,96.63,0.182,4
-122.247252,37.872066,94.17,0.21,4
-122.246935,37.872066,91.05,0.288,4
-122.246618,37.872066,88.01,0.346,4
-122.246301,37.872066,85.41,0.415,4
-122.245984,37.872066,83.15,0.615,4
-122.245667,37.872066,81.6,0.788,4
-122.24535,37.872066,80.5,0.809,4
-122.245033,37.872066,79.46,0.83,4
-122.244716,37.872066,78.64,0.825,4
-122.244399,37.872066,78.14,0.821,4
-122.244082,37.872066,77.77,0.83,4
-122.243765,37.872066,77.64,0.833,4
-122.243448,37.872066,77.7,0.832,4
-122.243131,37.872066,77.87,0.831,4
-122.242814,37.872066,78.1,0.832,4
-122.242497,37.872066,78.41,0.832,4
-122.24218,37.872066,78.84,0.8,4
-122.241863,37.872066,79.31,0.738,4
-122.241546,37.872066,79.54,0.737,4
-122.241229,37.872066,79.28,0.807,4
-122.240912,37.872066,78.55,0.828,4
-122.240595,37.872066,77.64,0.822,4
-122.240278,37.872066,76.89,0.822,4
-122.239961,37.872066,76.35,0.818,4
-122.239644,37.872066,76.09,0.807,4
-122.239327,37.872066,75.86,0.809,4
-122.23901,37.872066,75.77,0.796,4
-122.238693,37.872066,75.75,0.775,4
-122.238376,37.872066,75.76,0.769,4
-122.238059,37.872066,75.78,0.786,4
-122.237742,37.872066,75.84,0.813,4
-122.237425,37.872066,75.91,0.824,4
-122.237108,37.872066,76.05,0.813,4
-122.236791,37.872066,76.19,0.809,4
-122.236474,37.872066,76.22,0.811,4
-122.236157,37.872066,76.15,0.836,4
-122.235839,37.872066,75.92,0.841,4
-122.235522,37.872066,75.63,0.849,4
-122.235205,37.872066,75.57,0.84,4
-122.234888,37.872066,75.56,0.83,4
-122.234571,37.872066,75.6,0.824,4
-122.234254,37.872066,75.56,0.829,4
-122.233937,37.872066,75.42,0.839,4
-122.23362,37.872066,75.26,0.835,4
-122.233303,37.872066,75.16,0.824,4
-122.269126,37.871749,106.28,0.048,4
-122.268809,37.871749,105.62,0.074,4
-122.268492,37.871749,104.96,0.131,4
-122.268175,37.871749,104.23,0.124,4
-122.267858,37.871749,103.38,0.158,4
-122.267541,37.871749,103.06,0.14,4
-122.267224,37.871749,102.59,0.069,4
-122.266907,37.871749,101.63,0.062,4
-122.26659,37.871749,100.24,0.058,4
-122.266273,37.871749,98.52,0.097,4
-122.265956,37.871749,96.78,0.389,4
-122.265639,37.871749,94.83,0.674,4
-122.265322,37.871749,92.78,0.573,4
-122.265005,37.871749,90.93,0.424,4
-122.264688,37.871749,89.4,0.522,4
-122.264371,37.871749,88.45,0.62,4
-122.264054,37.871749,88.53,0.652,4
-122.263737,37.871749,89.41,0.52,4
-122.26342,37.871749,90.92,0.33,4
-122.263103,37.871749,92.3,0.509,4
-122.262786,37.871749,93.69,0.564,4
-122.262469,37.871749,94.67,0.339,4
-122.262152,37.871749,95.52,0.22,4
-122.261835,37.871749,96.42,0.219,4
-122.261518,37.871749,96.97,0.396,4
-122.261201,37.871749,97.13,0.59,4
-122.260884,37.871749,97.09,0.672,4
-122.260567,37.871749,97.13,0.529,4
-122.26025,37.871749,97.34,0.361,4
-122.259933,37.871749,97.57,0.365,4
-122.259616,37.871749,97.68,0.292,4
-122.259299,37.871749,97.63,0.239,4
-122.258982,37.871749,97.14,0.291,4
-122.258665,37.871749,96.48,0.387,4
-122.258348,37.871749,95.05,0.434,4
-122.258031,37.871749,92.03,0.568,4
-122.257714,37.871749,90.76,0.447,4
-122.257397,37.871749,89.99,0.428,4
-122.25708,37.871749,89.43,0.588,4
-122.256763,37.871749,89.53,0.687,4
-122.256446,37.871749,90.17,0.682,4
-122.256129,37.871749,91.91,0.55,4
-122.255812,37.871749,93.74,0.432,4
-122.255495,37.871749,94.42,0.482,4
-122.255178,37.871749,95.02,0.522,4
-122.254861,37.871749,95.56,0.391,4
-122.254544,37.871749,96.45,0.286,4
-122.254227,37.871749,97.64,0.259,4
-122.25391,37.871749,99.1,0.23,4
-122.253593,37.871749,100.58,0.228,4
-122.253276,37.871749,101.44,0.309,4
-122.252958,37.871749,102.06,0.332,4
-122.252641,37.871749,101.41,0.411,4
-122.252324,37.871749,99.99,0.351,4
-122.252007,37.871749,98.09,0.221,4
-122.25169,37.871749,97.5,0.143,4
-122.251373,37.871749,98.64,0.098,4
-122.251056,37.871749,100.04,0.062,4
-122.250739,37.871749,100.83,0.065,4
-122.250422,37.871749,100.61,0.1,4
-122.250105,37.871749,99.93,0.208,4
-122.249788,37.871749,98.02,0.392,4
-122.249471,37.871749,98.57,0.387,4
-122.249154,37.871749,99.67,0.263,4
-122.248837,37.871749,101.45,0.26,4
-122.24852,37.871749,102.16,0.249,4
-122.248203,37.871749,101.3,0.254,4
-122.247886,37.871749,99.04,0.213,4
-122.247569,37.871749,96.17,0.177,4
-122.247252,37.871749,92.88,0.233,4
-122.246935,37.871749,88.98,0.443,4
-122.246618,37.871749,85.01,0.678,4
-122.246301,37.871749,81.81,0.766,4
-122.245984,37.871749,79.48,0.823,4
-122.245667,37.871749,78.15,0.827,4
-122.24535,37.871749,77.23,0.818,4
-122.245033,37.871749,76.69,0.819,4
-122.244716,37.871749,76.36,0.806,4
-122.244399,37.871749,76.15,0.818,4
-122.244082,37.871749,76.09,0.829,4
-122.243765,37.871749,76.2,0.831,4
-122.243448,37.871749,76.36,0.829,4
-122.243131,37.871749,76.51,0.825,4
-122.242814,37.871749,76.63,0.826,4
-122.242497,37.871749,76.71,0.837,4
-122.24218,37.871749,76.79,0.837,4
-122.241863,37.871749,76.95,0.811,4
-122.241546,37.871749,77.08,0.792,4
-122.241229,37.871749,77.04,0.778,4
-122.240912,37.871749,76.75,0.774,4
-122.240595,37.871749,76.24,0.809,4
-122.240278,37.871749,75.76,0.823,4
-122.239961,37.871749,75.45,0.81,4
-122.239644,37.871749,75.37,0.798,4
-122.239327,37.871749,75.28,0.804,4
-122.23901,37.871749,75.24,0.795,4
-122.238693,37.871749,75.16,0.789,4
-122.238376,37.871749,75.01,0.803,4
-122.238059,37.871749,74.89,0.824,4
-122.237742,37.871749,74.83,0.828,4
-122.237425,37.871749,74.8,0.809,4
-122.237108,37.871749,74.78,0.794,4
-122.236791,37.871749,74.76,0.796,4
-122.236474,37.871749,74.72,0.794,4
-122.236157,37.871749,74.67,0.814,4
-122.235839,37.871749,74.59,0.831,4
-122.235522,37.871749,74.53,0.838,4
-122.235205,37.871749,74.65,0.808,4
-122.234888,37.871749,74.7,0.798,4
-122.234571,37.871749,74.73,0.811,4
-122.234254,37.871749,74.75,0.824,4
-122.233937,37.871749,74.74,0.824,4
-122.23362,37.871749,74.74,0.8,4
-122.233303,37.871749,74.74,0.776,4
-122.269126,37.871432,106.5,0.056,4
-122.268809,37.871432,105.88,0.068,4
-122.268492,37.871432,105.21,0.101,4
-122.268175,37.871432,104.42,0.146,4
-122.267858,37.871432,103.39,0.152,4
-122.267541,37.871432,102.72,0.131,4
-122.267224,37.871432,102.05,0.066,4
-122.266907,37.871432,101.09,0.088,4
-122.26659,37.871432,99.67,0.081,4
-122.266273,37.871432,97.9,0.106,4
-122.265956,37.871432,96.11,0.34,4
-122.265639,37.871432,94.12,0.672,4
-122.265322,37.871432,92.09,0.704,4
-122.265005,37.871432,90.26,0.526,4
-122.264688,37.871432,88.68,0.538,4
-122.264371,37.871432,87.62,0.698,4
-122.264054,37.871432,87.53,0.699,4
-122.263737,37.871432,88.29,0.611,4
-122.26342,37.871432,90.08,0.329,4
-122.263103,37.871432,92.09,0.207,4
-122.262786,37.871432,94.03,0.16,4
-122.262469,37.871432,95.41,0.075,4
-122.262152,37.871432,96.45,0.076,4
-122.261835,37.871432,97.34,0.103,4
-122.261518,37.871432,98.05,0.261,4
-122.261201,37.871432,98.38,0.482,4
-122.260884,37.871432,98.34,0.524,4
-122.260567,37.871432,98.17,0.423,4
-122.26025,37.871432,98.04,0.353,4
-122.259933,37.871432,97.9,0.362,4
-122.259616,37.871432,97.68,0.333,4
-122.259299,37.871432,97.45,0.123,4
-122.258982,37.871432,97.01,0.148,4
-122.258665,37.871432,96.34,0.331,4
-122.258348,37.871432,94.94,0.411,4
-122.258031,37.871432,92.07,0.471,4
-122.257714,37.871432,91.04,0.254,4
-122.257397,37.871432,89.99,0.339,4
-122.25708,37.871432,88.95,0.601,4
-122.256763,37.871432,89.01,0.753,4
-122.256446,37.871432,90.11,0.75,4
-122.256129,37.871432,92.38,0.619,4
-122.255812,37.871432,94.46,0.478,4
-122.255495,37.871432,95.23,0.396,4
-122.255178,37.871432,95.93,0.275,4
-122.254861,37.871432,96.53,0.173,4
-122.254544,37.871432,97.35,0.206,4
-122.254227,37.871432,98.21,0.283,4
-122.25391,37.871432,99.03,0.214,4
-122.253593,37.871432,99.91,0.175,4
-122.253276,37.871432,100.25,0.217,4
-122.252958,37.871432,100.54,0.291,4
-122.252641,37.871432,100,0.393,4
-122.252324,37.871432,99.34,0.331,4
-122.252007,37.871432,98.5,0.144,4
-122.25169,37.871432,99.05,0.038,4
-122.251373,37.871432,101.05,0.072,4
-122.251056,37.871432,102.81,0.137,4
-122.250739,37.871432,103.67,0.144,4
-122.250422,37.871432,103.26,0.08,4
-122.250105,37.871432,102.62,0.081,4
-122.249788,37.871432,101.42,0.156,4
-122.249471,37.871432,101.57,0.232,4
-122.249154,37.871432,101.77,0.311,4
-122.248837,37.871432,102.59,0.376,4
-122.24852,37.871432,102.17,0.396,4
-122.248203,37.871432,100.41,0.42,4
-122.247886,37.871432,97.12,0.358,4
-122.247569,37.871432,93.06,0.34,4
-122.247252,37.871432,88.88,0.496,4
-122.246935,37.871432,84.91,0.709,4
-122.246618,37.871432,81.5,0.806,4
-122.246301,37.871432,78.94,0.811,4
-122.245984,37.871432,77.09,0.824,4
-122.245667,37.871432,75.99,0.82,4
-122.24535,37.871432,75.32,0.826,4
-122.245033,37.871432,75.15,0.829,4
-122.244716,37.871432,75.16,0.805,4
-122.244399,37.871432,75.07,0.811,4
-122.244082,37.871432,75.21,0.827,4
-122.243765,37.871432,75.42,0.827,4
-122.243448,37.871432,75.62,0.813,4
-122.243131,37.871432,75.7,0.812,4
-122.242814,37.871432,75.68,0.824,4
-122.242497,37.871432,75.7,0.819,4
-122.24218,37.871432,75.8,0.788,4
-122.241863,37.871432,75.89,0.762,4
-122.241546,37.871432,75.9,0.759,4
-122.241229,37.871432,75.9,0.746,4
-122.240912,37.871432,75.8,0.749,4
-122.240595,37.871432,75.44,0.794,4
-122.240278,37.871432,75.09,0.817,4
-122.239961,37.871432,74.9,0.805,4
-122.239644,37.871432,74.88,0.789,4
-122.239327,37.871432,74.88,0.783,4
-122.23901,37.871432,74.89,0.762,4
-122.238693,37.871432,74.75,0.786,4
-122.238376,37.871432,74.56,0.813,4
-122.238059,37.871432,74.43,0.815,4
-122.237742,37.871432,74.32,0.812,4
-122.237425,37.871432,74.18,0.806,4
-122.237108,37.871432,74.03,0.797,4
-122.236791,37.871432,73.95,0.796,4
-122.236474,37.871432,73.94,0.786,4
-122.236157,37.871432,73.97,0.794,4
-122.235839,37.871432,73.95,0.825,4
-122.235522,37.871432,73.98,0.842,4
-122.235205,37.871432,74.17,0.804,4
-122.234888,37.871432,74.34,0.771,4
-122.234571,37.871432,74.39,0.784,4
-122.234254,37.871432,74.42,0.811,4
-122.233937,37.871432,74.47,0.816,4
-122.23362,37.871432,74.56,0.796,4
-122.233303,37.871432,74.62,0.779,4
-122.268809,37.871115,104.58,0.081,4
-122.268492,37.871115,104.31,0.113,4
-122.268175,37.871115,103.78,0.103,4
-122.267858,37.871115,103.02,0.158,4
-122.267541,37.871115,102.37,0.146,4
-122.267224,37.871115,101.68,0.083,4
-122.266907,37.871115,100.76,0.116,4
-122.26659,37.871115,99.45,0.075,4
-122.266273,37.871115,97.57,0.092,4
-122.265956,37.871115,95.54,0.313,4
-122.265639,37.871115,93.53,0.647,4
-122.265322,37.871115,91.81,0.701,4
-122.265005,37.871115,90.47,0.56,4
-122.264688,37.871115,89.49,0.577,4
-122.264371,37.871115,88.99,0.704,4
-122.264054,37.871115,88.99,0.695,4
-122.263737,37.871115,89.21,0.65,4
-122.26342,37.871115,90.72,0.484,4
-122.263103,37.871115,92.48,0.231,4
-122.262786,37.871115,94.77,0.258,4
-122.262469,37.871115,96.13,0.238,4
-122.262152,37.871115,97.24,0.194,4
-122.261835,37.871115,98.22,0.165,4
-122.261518,37.871115,99.08,0.193,4
-122.261201,37.871115,99.67,0.259,4
-122.260884,37.871115,99.73,0.255,4
-122.260567,37.871115,99.43,0.237,4
-122.26025,37.871115,98.97,0.291,4
-122.259933,37.871115,98.36,0.368,4
-122.259616,37.871115,97.69,0.342,4
-122.259299,37.871115,97.06,0.148,4
-122.258982,37.871115,96.5,0.129,4
-122.258665,37.871115,96.13,0.318,4
-122.258348,37.871115,95.02,0.282,4
-122.258031,37.871115,93.06,0.233,4
-122.257714,37.871115,91.63,0.23,4
-122.257397,37.871115,90.51,0.434,4
-122.25708,37.871115,89.84,0.608,4
-122.256763,37.871115,90.42,0.621,4
-122.256446,37.871115,92.06,0.552,4
-122.256129,37.871115,94.38,0.407,4
-122.255812,37.871115,96.25,0.288,4
-122.255495,37.871115,97.06,0.291,4
-122.255178,37.871115,97.64,0.273,4
-122.254861,37.871115,98.05,0.196,4
-122.254544,37.871115,98.61,0.273,4
-122.254227,37.871115,99.14,0.39,4
-122.25391,37.871115,99.51,0.217,4
-122.253593,37.871115,99.83,0.351,4
-122.253276,37.871115,99.69,0.303,4
-122.252958,37.871115,99.55,0.285,4
-122.252641,37.871115,99,0.347,4
-122.252324,37.871115,98.78,0.349,4
-122.252007,37.871115,98.8,0.17,4
-122.25169,37.871115,100.43,0.042,4
-122.251373,37.871115,103.2,0.129,4
-122.251056,37.871115,105.29,0.301,4
-122.250739,37.871115,106.02,0.354,4
-122.250422,37.871115,105.1,0.216,4
-122.250105,37.871115,103.97,0.084,4
-122.249788,37.871115,102.31,0.072,4
-122.249471,37.871115,101.27,0.189,4
-122.249154,37.871115,100.79,0.405,4
-122.248837,37.871115,101.12,0.433,4
-122.24852,37.871115,100.17,0.456,4
-122.248203,37.871115,97.34,0.576,4
-122.247886,37.871115,93.09,0.674,4
-122.247569,37.871115,88.44,0.723,4
-122.247252,37.871115,84.54,0.772,4
-122.246935,37.871115,81.45,0.812,4
-122.246618,37.871115,78.77,0.821,4
-122.246301,37.871115,76.74,0.819,4
-122.245984,37.871115,75.68,0.817,4
-122.245667,37.871115,75.14,0.809,4
-122.24535,37.871115,74.87,0.805,4
-122.245033,37.871115,74.8,0.816,4
-122.244716,37.871115,74.91,0.777,4
-122.244399,37.871115,74.92,0.777,4
-122.244082,37.871115,75.05,0.788,4
-122.243765,37.871115,75.2,0.806,4
-122.243448,37.871115,75.29,0.793,4
-122.243131,37.871115,75.31,0.785,4
-122.242814,37.871115,75.28,0.8,4
-122.242497,37.871115,75.3,0.799,4
-122.24218,37.871115,75.36,0.782,4
-122.241863,37.871115,75.37,0.793,4
-122.241546,37.871115,75.32,0.823,4
-122.241229,37.871115,75.3,0.824,4
-122.240912,37.871115,75.19,0.82,4
-122.240595,37.871115,74.98,0.82,4
-122.240278,37.871115,74.8,0.823,4
-122.239961,37.871115,74.66,0.819,4
-122.239644,37.871115,74.61,0.813,4
-122.239327,37.871115,74.62,0.803,4
-122.23901,37.871115,74.64,0.772,4
-122.238693,37.871115,74.49,0.789,4
-122.238376,37.871115,74.24,0.811,4
-122.238059,37.871115,74.06,0.807,4
-122.237742,37.871115,73.91,0.804,4
-122.237425,37.871115,73.74,0.806,4
-122.237108,37.871115,73.58,0.807,4
-122.236791,37.871115,73.48,0.811,4
-122.236474,37.871115,73.53,0.811,4
-122.236157,37.871115,73.73,0.806,4
-122.235839,37.871115,73.91,0.817,4
-122.235522,37.871115,73.99,0.839,4
-122.235205,37.871115,74.13,0.825,4
-122.234888,37.871115,74.29,0.791,4
-122.234571,37.871115,74.36,0.787,4
-122.234254,37.871115,74.38,0.809,4
-122.233937,37.871115,74.45,0.814,4
-122.23362,37.871115,74.59,0.792,4
-122.233303,37.871115,74.69,0.773,4
-122.268492,37.870798,102.62,0.085,4
-122.268175,37.870798,102.46,0.119,4
-122.267858,37.870798,102.28,0.13,4
-122.267541,37.870798,101.9,0.11,4
-122.267224,37.870798,101.44,0.091,4
-122.266907,37.870798,100.7,0.111,4
-122.26659,37.870798,99.58,0.075,4
-122.266273,37.870798,97.8,0.081,4
-122.265956,37.870798,95.7,0.206,4
-122.265639,37.870798,93.93,0.465,4
-122.265322,37.870798,92.7,0.619,4
-122.265005,37.870798,91.93,0.652,4
-122.264688,37.870798,91.61,0.658,4
-122.264371,37.870798,91.72,0.626,4
-122.264054,37.870798,91.64,0.579,4
-122.263737,37.870798,90.93,0.554,4
-122.26342,37.870798,91.79,0.463,4
-122.263103,37.870798,92.63,0.449,4
-122.262786,37.870798,95.4,0.622,4
-122.262469,37.870798,96.39,0.513,4
-122.262152,37.870798,97.43,0.349,4
-122.261835,37.870798,98.51,0.246,4
-122.261518,37.870798,99.57,0.157,4
-122.261201,37.870798,100.45,0.147,4
-122.260884,37.870798,100.67,0.155,4
-122.260567,37.870798,100.38,0.161,4
-122.26025,37.870798,99.83,0.238,4
-122.259933,37.870798,98.99,0.334,4
-122.259616,37.870798,97.99,0.327,4
-122.259299,37.870798,97.04,0.32,4
-122.258982,37.870798,96.45,0.365,4
-122.258665,37.870798,96.86,0.383,4
-122.258348,37.870798,96.07,0.34,4
-122.258031,37.870798,95.3,0.287,4
-122.257714,37.870798,93.62,0.439,4
-122.257397,37.870798,92.95,0.631,4
-122.25708,37.870798,93.07,0.654,4
-122.256763,37.870798,94.07,0.49,4
-122.256446,37.870798,95.85,0.372,4
-122.256129,37.870798,97.3,0.359,4
-122.255812,37.870798,98.23,0.398,4
-122.255495,37.870798,99.03,0.407,4
-122.255178,37.870798,99.43,0.283,4
-122.254861,37.870798,99.63,0.129,4
-122.254544,37.870798,99.89,0.201,4
-122.254227,37.870798,100.16,0.393,4
-122.25391,37.870798,100.28,0.347,4
-122.253593,37.870798,100.37,0.427,4
-122.253276,37.870798,100.19,0.334,4
-122.252958,37.870798,99.55,0.309,4
-122.252641,37.870798,98.86,0.364,4
-122.252324,37.870798,98.52,0.467,4
-122.252007,37.870798,98.77,0.305,4
-122.25169,37.870798,100.55,0.092,4
-122.251373,37.870798,103.28,0.07,4
-122.251056,37.870798,105.31,0.183,4
-122.250739,37.870798,105.87,0.317,4
-122.250422,37.870798,104.88,0.311,4
-122.250105,37.870798,103.07,0.121,4
-122.249788,37.870798,100.64,0.061,4
-122.249471,37.870798,98.88,0.169,4
-122.249154,37.870798,97.74,0.454,4
-122.248837,37.870798,96.11,0.527,4
-122.24852,37.870798,94.27,0.626,4
-122.248203,37.870798,91.69,0.716,4
-122.247886,37.870798,88.51,0.755,4
-122.247569,37.870798,85.11,0.788,4
-122.247252,37.870798,82.16,0.82,4
-122.246935,37.870798,79.85,0.83,4
-122.246618,37.870798,78.04,0.824,4
-122.246301,37.870798,76.82,0.821,4
-122.245984,37.870798,76.16,0.813,4
-122.245667,37.870798,75.79,0.789,4
-122.24535,37.870798,75.69,0.748,4
-122.245033,37.870798,75.61,0.737,4
-122.244716,37.870798,75.58,0.697,4
-122.244399,37.870798,75.4,0.722,4
-122.244082,37.870798,75.38,0.743,4
-122.243765,37.870798,75.33,0.794,4
-122.243448,37.870798,75.33,0.811,4
-122.243131,37.870798,75.34,0.81,4
-122.242814,37.870798,75.37,0.799,4
-122.242497,37.870798,75.41,0.793,4
-122.24218,37.870798,75.45,0.801,4
-122.241863,37.870798,75.48,0.817,4
-122.241546,37.870798,75.45,0.828,4
-122.241229,37.870798,75.37,0.823,4
-122.240912,37.870798,75.21,0.829,4
-122.240595,37.870798,75.01,0.839,4
-122.240278,37.870798,74.87,0.835,4
-122.239961,37.870798,74.76,0.816,4
-122.239644,37.870798,74.65,0.812,4
-122.239327,37.870798,74.57,0.809,4
-122.23901,37.870798,74.44,0.819,4
-122.238693,37.870798,74.27,0.816,4
-122.238376,37.870798,74,0.809,4
-122.238059,37.870798,73.72,0.812,4
-122.237742,37.870798,73.55,0.823,4
-122.237425,37.870798,73.43,0.831,4
-122.237108,37.870798,73.38,0.826,4
-122.236791,37.870798,73.43,0.807,4
-122.236474,37.870798,73.58,0.792,4
-122.236157,37.870798,73.8,0.799,4
-122.235839,37.870798,74.15,0.789,4
-122.235522,37.870798,74.27,0.815,4
-122.235205,37.870798,74.36,0.831,4
-122.234888,37.870798,74.52,0.811,4
-122.234571,37.870798,74.62,0.802,4
-122.234254,37.870798,74.63,0.812,4
-122.233937,37.870798,74.62,0.82,4
-122.23362,37.870798,74.74,0.793,4
-122.233303,37.870798,74.86,0.763,4
-122.268492,37.870481,101.54,0.088,4
-122.268175,37.870481,101.48,0.157,4
-122.267858,37.870481,101.49,0.102,4
-122.267541,37.870481,101.32,0.12,4
-122.267224,37.870481,101.14,0.152,4
-122.266907,37.870481,100.76,0.185,4
-122.26659,37.870481,100.02,0.171,4
-122.266273,37.870481,98.79,0.172,4
-122.265956,37.870481,97.18,0.214,4
-122.265639,37.870481,95.86,0.442,4
-122.265322,37.870481,95.07,0.606,4
-122.265005,37.870481,94.66,0.587,4
-122.264688,37.870481,94.53,0.502,4
-122.264371,37.870481,94.59,0.408,4
-122.264054,37.870481,94.44,0.305,4
-122.263737,37.870481,93.81,0.259,4
-122.26342,37.870481,93.84,0.22,4
-122.263103,37.870481,93.69,0.342,4
-122.262786,37.870481,95.64,0.637,4
-122.262469,37.870481,96.06,0.645,4
-122.262152,37.870481,96.8,0.555,4
-122.261835,37.870481,97.75,0.444,4
-122.261518,37.870481,98.76,0.306,4
-122.261201,37.870481,99.69,0.236,4
-122.260884,37.870481,100.22,0.186,4
-122.260567,37.870481,100.36,0.157,4
-122.26025,37.870481,100.04,0.238,4
-122.259933,37.870481,99.18,0.367,4
-122.259616,37.870481,98.01,0.409,4
-122.259299,37.870481,96.81,0.466,4
-122.258982,37.870481,96.07,0.521,4
-122.258665,37.870481,96.4,0.397,4
-122.258348,37.870481,95.71,0.435,4
-122.258031,37.870481,95.46,0.385,4
-122.257714,37.870481,94.46,0.472,4
-122.257397,37.870481,94.52,0.62,4
-122.25708,37.870481,95.16,0.703,4
-122.256763,37.870481,96.33,0.619,4
-122.256446,37.870481,97.95,0.458,4
-122.256129,37.870481,99.19,0.425,4
-122.255812,37.870481,99.97,0.487,4
-122.255495,37.870481,100.56,0.452,4
-122.255178,37.870481,100.74,0.275,4
-122.254861,37.870481,100.68,0.115,4
-122.254544,37.870481,100.67,0.169,4
-122.254227,37.870481,100.7,0.316,4
-122.25391,37.870481,100.73,0.322,4
-122.253593,37.870481,100.85,0.203,4
-122.253276,37.870481,100.84,0.172,4
-122.252958,37.870481,100.25,0.251,4
-122.252641,37.870481,99.36,0.305,4
-122.252324,37.870481,98.53,0.406,4
-122.252007,37.870481,98.51,0.386,4
-122.25169,37.870481,99.59,0.204,4
-122.251373,37.870481,101.35,0.061,4
-122.251056,37.870481,102.97,0.063,4
-122.250739,37.870481,103.66,0.109,4
-122.250422,37.870481,103.13,0.13,4
-122.250105,37.870481,101.52,0.103,4
-122.249788,37.870481,98.99,0.09,4
-122.249471,37.870481,96.42,0.245,4
-122.249154,37.870481,94.19,0.627,4
-122.248837,37.870481,91.01,0.693,4
-122.24852,37.870481,89.03,0.723,4
-122.248203,37.870481,87.23,0.762,4
-122.247886,37.870481,85.45,0.752,4
-122.247569,37.870481,83.61,0.753,4
-122.247252,37.870481,81.91,0.789,4
-122.246935,37.870481,80.58,0.815,4
-122.246618,37.870481,79.66,0.816,4
-122.246301,37.870481,79.03,0.818,4
-122.245984,37.870481,78.59,0.815,4
-122.245667,37.870481,78.22,0.795,4
-122.24535,37.870481,77.93,0.772,4
-122.245033,37.870481,77.7,0.73,4
-122.244716,37.870481,77.41,0.701,4
-122.244399,37.870481,76.99,0.741,4
-122.244082,37.870481,76.75,0.759,4
-122.243765,37.870481,76.51,0.793,4
-122.243448,37.870481,76.43,0.791,4
-122.243131,37.870481,76.37,0.791,4
-122.242814,37.870481,76.39,0.783,4
-122.242497,37.870481,76.46,0.774,4
-122.24218,37.870481,76.5,0.777,4
-122.241863,37.870481,76.55,0.781,4
-122.241546,37.870481,76.56,0.779,4
-122.241229,37.870481,76.41,0.78,4
-122.240912,37.870481,76.07,0.815,4
-122.240595,37.870481,75.65,0.843,4
-122.240278,37.870481,75.36,0.839,4
-122.239961,37.870481,75.12,0.815,4
-122.239644,37.870481,74.86,0.809,4
-122.239327,37.870481,74.67,0.801,4
-122.23901,37.870481,74.37,0.826,4
-122.238693,37.870481,74.01,0.835,4
-122.238376,37.870481,73.67,0.819,4
-122.238059,37.870481,73.5,0.811,4
-122.237742,37.870481,73.49,0.824,4
-122.237425,37.870481,73.57,0.831,4
-122.237108,37.870481,73.71,0.813,4
-122.236791,37.870481,73.8,0.8,4
-122.236474,37.870481,73.84,0.801,4
-122.236157,37.870481,73.98,0.812,4
-122.235839,37.870481,74.3,0.812,4
-122.235522,37.870481,74.61,0.801,4
-122.235205,37.870481,74.83,0.805,4
-122.234888,37.870481,75.07,0.803,4
-122.234571,37.870481,75.24,0.791,4
-122.234254,37.870481,75.33,0.785,4
-122.233937,37.870481,75.33,0.787,4
-122.23362,37.870481,75.34,0.773,4
-122.233303,37.870481,75.42,0.755,4
-122.232986,37.870481,75.51,0.755,4
-122.268175,37.870164,101.5,0.092,4
-122.267858,37.870164,101.47,0.095,4
-122.267541,37.870164,101.34,0.109,4
-122.267224,37.870164,101.31,0.101,4
-122.266907,37.870164,101.2,0.099,4
-122.26659,37.870164,100.87,0.128,4
-122.266273,37.870164,100.24,0.157,4
-122.265956,37.870164,99.37,0.202,4
-122.265639,37.870164,98.66,0.376,4
-122.265322,37.870164,98.27,0.429,4
-122.265005,37.870164,98.1,0.364,4
-122.264688,37.870164,97.88,0.328,4
-122.264371,37.870164,97.48,0.278,4
-122.264054,37.870164,96.84,0.163,4
-122.263737,37.870164,95.88,0.106,4
-122.26342,37.870164,95.24,0.17,4
-122.263103,37.870164,94.81,0.275,4
-122.262786,37.870164,96.58,0.38,4
-122.262469,37.870164,96.78,0.434,4
-122.262152,37.870164,97.09,0.459,4
-122.261835,37.870164,97.56,0.491,4
-122.261518,37.870164,98.2,0.521,4
-122.261201,37.870164,98.92,0.483,4
-122.260884,37.870164,99.56,0.393,4
-122.260567,37.870164,100.09,0.342,4
-122.26025,37.870164,100.21,0.395,4
-122.259933,37.870164,99.67,0.463,4
-122.259616,37.870164,98.64,0.459,4
-122.259299,37.870164,97.34,0.483,4
-122.258982,37.870164,96.3,0.476,4
-122.258665,37.870164,96.42,0.328,4
-122.258348,37.870164,95.78,0.267,4
-122.258031,37.870164,95.79,0.166,4
-122.257714,37.870164,95.3,0.212,4
-122.257397,37.870164,95.92,0.52,4
-122.25708,37.870164,96.99,0.693,4
-122.256763,37.870164,98.35,0.634,4
-122.256446,37.870164,99.87,0.449,4
-122.256129,37.870164,100.91,0.367,4
-122.255812,37.870164,101.48,0.328,4
-122.255495,37.870164,101.85,0.241,4
-122.255178,37.870164,101.87,0.223,4
-122.254861,37.870164,101.62,0.242,4
-122.254544,37.870164,101.37,0.213,4
-122.254227,37.870164,101.15,0.341,4
-122.25391,37.870164,101.02,0.238,4
-122.253593,37.870164,101.16,0.098,4
-122.253276,37.870164,101.25,0.061,4
-122.252958,37.870164,100.72,0.128,4
-122.252641,37.870164,99.7,0.256,4
-122.252324,37.870164,98.7,0.313,4
-122.252007,37.870164,98.14,0.346,4
-122.25169,37.870164,98.19,0.288,4
-122.251373,37.870164,98.88,0.172,4
-122.251056,37.870164,99.91,0.096,4
-122.250739,37.870164,100.66,0.064,4
-122.250422,37.870164,100.56,0.074,4
-122.250105,37.870164,99.39,0.144,4
-122.249788,37.870164,97.1,0.266,4
-122.249471,37.870164,94.49,0.39,4
-122.249154,37.870164,92.2,0.658,4
-122.248837,37.870164,88.93,0.649,4
-122.24852,37.870164,87.06,0.672,4
-122.248203,37.870164,85.62,0.73,4
-122.247886,37.870164,84.91,0.639,4
-122.247569,37.870164,84.12,0.617,4
-122.247252,37.870164,83.3,0.663,4
-122.246935,37.870164,82.72,0.701,4
-122.246618,37.870164,82.35,0.724,4
-122.246301,37.870164,82.1,0.75,4
-122.245984,37.870164,81.83,0.783,4
-122.245667,37.870164,81.57,0.784,4
-122.24535,37.870164,81.33,0.76,4
-122.245033,37.870164,81.12,0.689,4
-122.244716,37.870164,80.69,0.658,4
-122.244399,37.870164,80.05,0.749,4
-122.244082,37.870164,79.58,0.755,4
-122.243765,37.870164,79.23,0.744,4
-122.243448,37.870164,78.88,0.751,4
-122.243131,37.870164,78.58,0.749,4
-122.242814,37.870164,78.36,0.731,4
-122.242497,37.870164,78.18,0.72,4
-122.24218,37.870164,78.03,0.727,4
-122.241863,37.870164,77.96,0.721,4
-122.241546,37.870164,77.88,0.709,4
-122.241229,37.870164,77.56,0.768,4
-122.240912,37.870164,77.1,0.819,4
-122.240595,37.870164,76.57,0.842,4
-122.240278,37.870164,76.06,0.833,4
-122.239961,37.870164,75.61,0.81,4
-122.239644,37.870164,75.22,0.784,4
-122.239327,37.870164,74.84,0.765,4
-122.23901,37.870164,74.35,0.808,4
-122.238693,37.870164,73.86,0.839,4
-122.238376,37.870164,73.55,0.832,4
-122.238059,37.870164,73.47,0.818,4
-122.237742,37.870164,73.58,0.826,4
-122.237425,37.870164,73.81,0.834,4
-122.237108,37.870164,74.1,0.815,4
-122.236791,37.870164,74.32,0.789,4
-122.236474,37.870164,74.38,0.801,4
-122.236157,37.870164,74.44,0.806,4
-122.235839,37.870164,74.64,0.81,4
-122.235522,37.870164,75.11,0.774,4
-122.235205,37.870164,75.53,0.767,4
-122.234888,37.870164,75.95,0.768,4
-122.234571,37.870164,76.3,0.764,4
-122.234254,37.870164,76.58,0.765,4
-122.233937,37.870164,76.67,0.768,4
-122.23362,37.870164,76.71,0.781,4
-122.233303,37.870164,76.84,0.792,4
-122.232986,37.870164,76.96,0.793,4
-122.268175,37.869847,101.75,0.107,4
-122.267858,37.869847,101.74,0.097,4
-122.267541,37.869847,101.6,0.108,4
-122.267224,37.869847,101.52,0.142,4
-122.266907,37.869847,101.44,0.087,4
-122.26659,37.869847,101.26,0.11,4
-122.266273,37.869847,101,0.084,4
-122.265956,37.869847,101.02,0.14,4
-122.265639,37.869847,100.99,0.276,4
-122.265322,37.869847,101.01,0.302,4
-122.265005,37.869847,100.88,0.256,4
-122.264688,37.869847,100.45,0.265,4
-122.264371,37.869847,99.74,0.287,4
-122.264054,37.869847,98.72,0.29,4
-122.263737,37.869847,97.66,0.398,4
-122.26342,37.869847,97.12,0.514,4
-122.263103,37.869847,97.11,0.49,4
-122.262786,37.869847,97.65,0.333,4
-122.262469,37.869847,98.26,0.161,4
-122.262152,37.869847,98.55,0.178,4
-122.261835,37.869847,98.62,0.285,4
-122.261518,37.869847,98.53,0.394,4
-122.261201,37.869847,98.61,0.481,4
-122.260884,37.869847,99.24,0.5,4
-122.260567,37.869847,99.96,0.374,4
-122.26025,37.869847,100.31,0.268,4
-122.259933,37.869847,100.28,0.272,4
-122.259616,37.869847,99.71,0.301,4
-122.259299,37.869847,98.28,0.395,4
-122.258982,37.869847,96.65,0.351,4
-122.258665,37.869847,95.49,0.171,4
-122.258348,37.869847,94.73,0.172,4
-122.258031,37.869847,94.45,0.121,4
-122.257714,37.869847,94.3,0.21,4
-122.257397,37.869847,95.27,0.381,4
-122.25708,37.869847,96.67,0.421,4
-122.256763,37.869847,98.24,0.349,4
-122.256446,37.869847,99.78,0.296,4
-122.256129,37.869847,101.12,0.245,4
-122.255812,37.869847,101.97,0.163,4
-122.255495,37.869847,102.31,0.103,4
-122.255178,37.869847,102.3,0.183,4
-122.254861,37.869847,101.96,0.405,4
-122.254544,37.869847,101.55,0.469,4
-122.254227,37.869847,101.22,0.354,4
-122.25391,37.869847,101.3,0.18,4
-122.253593,37.869847,101.44,0.118,4
-122.253276,37.869847,101.53,0.103,4
-122.252958,37.869847,101.25,0.127,4
-122.252641,37.869847,100.46,0.246,4
-122.252324,37.869847,99.54,0.266,4
-122.252007,37.869847,98.7,0.234,4
-122.25169,37.869847,98.22,0.205,4
-122.251373,37.869847,98.32,0.243,4
-122.251056,37.869847,98.76,0.313,4
-122.250739,37.869847,99.01,0.293,4
-122.250422,37.869847,98.73,0.215,4
-122.250105,37.869847,97.66,0.279,4
-122.249788,37.869847,95.87,0.5,4
-122.249471,37.869847,93.69,0.564,4
-122.249154,37.869847,91.76,0.576,4
-122.248837,37.869847,89.14,0.512,4
-122.24852,37.869847,87.64,0.623,4
-122.248203,37.869847,86.63,0.707,4
-122.247886,37.869847,86.47,0.573,4
-122.247569,37.869847,86.08,0.572,4
-122.247252,37.869847,85.64,0.629,4
-122.246935,37.869847,85.43,0.627,4
-122.246618,37.869847,85.32,0.596,4
-122.246301,37.869847,85.2,0.6,4
-122.245984,37.869847,85.08,0.649,4
-122.245667,37.869847,85,0.626,4
-122.24535,37.869847,84.92,0.576,4
-122.245033,37.869847,84.78,0.485,4
-122.244716,37.869847,84.24,0.531,4
-122.244399,37.869847,83.69,0.605,4
-122.244082,37.869847,83.27,0.567,4
-122.243765,37.869847,82.92,0.575,4
-122.243448,37.869847,82.4,0.581,4
-122.243131,37.869847,81.91,0.572,4
-122.242814,37.869847,81.41,0.527,4
-122.242497,37.869847,80.88,0.487,4
-122.24218,37.869847,80.23,0.523,4
-122.241863,37.869847,79.59,0.581,4
-122.241546,37.869847,79.2,0.597,4
-122.241229,37.869847,78.77,0.676,4
-122.240912,37.869847,78.19,0.753,4
-122.240595,37.869847,77.57,0.801,4
-122.240278,37.869847,76.87,0.827,4
-122.239961,37.869847,76.21,0.796,4
-122.239644,37.869847,75.55,0.772,4
-122.239327,37.869847,74.96,0.769,4
-122.23901,37.869847,74.41,0.809,4
-122.238693,37.869847,73.96,0.844,4
-122.238376,37.869847,73.7,0.842,4
-122.238059,37.869847,73.59,0.826,4
-122.237742,37.869847,73.67,0.827,4
-122.237425,37.869847,73.93,0.833,4
-122.237108,37.869847,74.24,0.821,4
-122.236791,37.869847,74.57,0.789,4
-122.236474,37.869847,74.87,0.749,4
-122.236157,37.869847,75.15,0.708,4
-122.235839,37.869847,75.25,0.76,4
-122.235522,37.869847,75.89,0.755,4
-122.235205,37.869847,76.63,0.743,4
-122.234888,37.869847,77.31,0.746,4
-122.234571,37.869847,77.84,0.753,4
-122.234254,37.869847,78.3,0.745,4
-122.233937,37.869847,78.67,0.745,4
-122.23362,37.869847,79.04,0.746,4
-122.233303,37.869847,79.52,0.743,4
-122.232986,37.869847,79.85,0.744,4
-122.267858,37.86953,102.39,0.086,4
-122.267541,37.86953,102.29,0.101,4
-122.267224,37.86953,102.19,0.131,4
-122.266907,37.86953,102.09,0.172,4
-122.26659,37.86953,101.97,0.17,4
-122.266273,37.86953,101.82,0.11,4
-122.265956,37.86953,101.98,0.095,4
-122.265639,37.86953,102.02,0.133,4
-122.265322,37.86953,102.03,0.223,4
-122.265005,37.86953,101.88,0.327,4
-122.264688,37.86953,101.59,0.354,4
-122.264371,37.86953,101.07,0.306,4
-122.264054,37.86953,100.01,0.427,4
-122.263737,37.86953,98.87,0.779,4
-122.26342,37.86953,98.61,0.757,4
-122.263103,37.86953,99.34,0.657,4
-122.262786,37.86953,100.59,0.439,4
-122.262469,37.86953,101.9,0.018,4
-122.262152,37.86953,102.34,-0.008,4
-122.261835,37.86953,101.9,0.087,4
-122.261518,37.86953,100.92,0.239,4
-122.261201,37.86953,100.2,0.37,4
-122.260884,37.86953,100.34,0.41,4
-122.260567,37.86953,100.77,0.279,4
-122.26025,37.86953,100.99,0.142,4
-122.259933,37.86953,101.05,0.128,4
-122.259616,37.86953,100.64,0.172,4
-122.259299,37.86953,99.28,0.249,4
-122.258982,37.86953,97.61,0.245,4
-122.258665,37.86953,96.09,0.156,4
-122.258348,37.86953,95.04,0.272,4
-122.258031,37.86953,94.63,0.203,4
-122.257714,37.86953,94.2,0.255,4
-122.257397,37.86953,95.06,0.182,4
-122.25708,37.86953,96.49,0.109,4
-122.256763,37.86953,98.03,0.113,4
-122.256446,37.86953,99.36,0.176,4
-122.256129,37.86953,100.6,0.185,4
-122.255812,37.86953,101.5,0.144,4
-122.255495,37.86953,101.91,0.121,4
-122.255178,37.86953,102.02,0.174,4
-122.254861,37.86953,101.81,0.302,4
-122.254544,37.86953,101.54,0.327,4
-122.254227,37.86953,101.34,0.274,4
-122.25391,37.86953,101.63,0.208,4
-122.253593,37.86953,101.79,0.219,4
-122.253276,37.86953,101.9,0.216,4
-122.252958,37.86953,101.83,0.256,4
-122.252641,37.86953,101.36,0.33,4
-122.252324,37.86953,100.73,0.286,4
-122.252007,37.86953,100.11,0.205,4
-122.25169,37.86953,99.73,0.155,4
-122.251373,37.86953,99.71,0.219,4
-122.251056,37.86953,99.79,0.353,4
-122.250739,37.86953,99.58,0.367,4
-122.250422,37.86953,98.91,0.25,4
-122.250105,37.86953,97.69,0.282,4
-122.249788,37.86953,96.08,0.554,4
-122.249471,37.86953,94.07,0.64,4
-122.249154,37.86953,92.33,0.558,4
-122.248837,37.86953,90.24,0.456,4
-122.24852,37.86953,89.21,0.604,4
-122.248203,37.86953,88.7,0.641,4
-122.247886,37.86953,88.72,0.51,4
-122.247569,37.86953,88.54,0.515,4
-122.247252,37.86953,88.2,0.605,4
-122.246935,37.86953,87.98,0.649,4
-122.246618,37.86953,88.09,0.558,4
-122.246301,37.86953,88.31,0.436,4
-122.245984,37.86953,88.23,0.439,4
-122.245667,37.86953,87.94,0.395,4
-122.24535,37.86953,87.76,0.374,4
-122.245033,37.86953,87.34,0.381,4
-122.244716,37.86953,86.72,0.436,4
-122.244399,37.86953,86.27,0.485,4
-122.244082,37.86953,85.91,0.445,4
-122.243765,37.86953,85.49,0.525,4
-122.243448,37.86953,85.1,0.467,4
-122.243131,37.86953,84.65,0.448,4
-122.242814,37.86953,83.85,0.456,4
-122.242497,37.86953,82.79,0.474,4
-122.24218,37.86953,81.66,0.517,4
-122.241863,37.86953,80.78,0.532,4
-122.241546,37.86953,80.41,0.499,4
-122.241229,37.86953,80.12,0.51,4
-122.240912,37.86953,79.63,0.57,4
-122.240595,37.86953,78.93,0.673,4
-122.240278,37.86953,78.11,0.734,4
-122.239961,37.86953,77.12,0.763,4
-122.239644,37.86953,76.2,0.771,4
-122.239327,37.86953,75.42,0.776,4
-122.23901,37.86953,74.81,0.801,4
-122.238693,37.86953,74.32,0.832,4
-122.238376,37.86953,74.06,0.829,4
-122.238059,37.86953,73.99,0.814,4
-122.237742,37.86953,74.01,0.816,4
-122.237425,37.86953,74.13,0.828,4
-122.237108,37.86953,74.4,0.82,4
-122.236791,37.86953,74.86,0.77,4
-122.236474,37.86953,75.37,0.692,4
-122.236157,37.86953,75.85,0.649,4
-122.235839,37.86953,76.17,0.736,4
-122.235522,37.86953,77.25,0.776,4
-122.235205,37.86953,78.62,0.758,4
-122.234888,37.86953,79.61,0.706,4
-122.234571,37.86953,80.15,0.652,4
-122.234254,37.86953,80.5,0.588,4
-122.233937,37.86953,80.82,0.581,4
-122.23362,37.86953,81.34,0.575,4
-122.233303,37.86953,82.29,0.549,4
-122.232986,37.86953,83.01,0.538,4
-122.267858,37.869213,102.64,0.116,4
-122.267541,37.869213,102.75,0.141,4
-122.267224,37.869213,102.77,0.088,4
-122.266907,37.869213,102.71,0.096,4
-122.26659,37.869213,102.64,0.128,4
-122.266273,37.869213,102.52,0.123,4
-122.265956,37.869213,102.67,0.1,4
-122.265639,37.869213,102.53,0.068,4
-122.265322,37.869213,102.27,0.278,4
-122.265005,37.869213,101.98,0.568,4
-122.264688,37.869213,101.78,0.592,4
-122.264371,37.869213,101.48,0.367,4
-122.264054,37.869213,100.7,0.349,4
-122.263737,37.869213,99.86,0.722,4
-122.26342,37.869213,99.94,0.8,4
-122.263103,37.869213,100.97,0.67,4
-122.262786,37.869213,102.49,0.422,4
-122.262469,37.869213,103.88,0.022,4
-122.262152,37.869213,104.19,-0.004,4
-122.261835,37.869213,103.59,0.071,4
-122.261518,37.869213,102.42,0.183,4
-122.261201,37.869213,101.46,0.244,4
-122.260884,37.869213,101.35,0.252,4
-122.260567,37.869213,101.62,0.172,4
-122.26025,37.869213,101.77,0.088,4
-122.259933,37.869213,101.77,0.07,4
-122.259616,37.869213,101.42,0.147,4
-122.259299,37.869213,100.5,0.368,4
-122.258982,37.869213,99.48,0.495,4
-122.258665,37.869213,98.3,0.345,4
-122.258348,37.869213,97.27,0.335,4
-122.258031,37.869213,96.61,0.262,4
-122.257714,37.869213,95.75,0.196,4
-122.257397,37.869213,96.15,0.226,4
-122.25708,37.869213,97.16,0.248,4
-122.256763,37.869213,98.25,0.274,4
-122.256446,37.869213,99.06,0.327,4
-122.256129,37.869213,99.8,0.281,4
-122.255812,37.869213,100.43,0.197,4
-122.255495,37.869213,100.86,0.187,4
-122.255178,37.869213,101.19,0.212,4
-122.254861,37.869213,101.36,0.223,4
-122.254544,37.869213,101.5,0.236,4
-122.254227,37.869213,101.64,0.282,4
-122.25391,37.869213,102.12,0.29,4
-122.253593,37.869213,102.45,0.245,4
-122.253276,37.869213,102.61,0.239,4
-122.252958,37.869213,102.64,0.286,4
-122.252641,37.869213,102.38,0.318,4
-122.252324,37.869213,102.01,0.348,4
-122.252007,37.869213,101.69,0.337,4
-122.25169,37.869213,101.59,0.283,4
-122.251373,37.869213,101.72,0.235,4
-122.251056,37.869213,101.76,0.252,4
-122.250739,37.869213,101.4,0.279,4
-122.250422,37.869213,100.64,0.233,4
-122.250105,37.869213,99.48,0.24,4
-122.249788,37.869213,97.82,0.391,4
-122.249471,37.869213,95.86,0.6,4
-122.249154,37.869213,94.14,0.557,4
-122.248837,37.869213,91.9,0.516,4
-122.24852,37.869213,91.09,0.549,4
-122.248203,37.869213,90.69,0.593,4
-122.247886,37.869213,90.87,0.498,4
-122.247569,37.869213,90.89,0.447,4
-122.247252,37.869213,90.82,0.412,4
-122.246935,37.869213,90.65,0.458,4
-122.246618,37.869213,90.5,0.524,4
-122.246301,37.869213,90.6,0.467,4
-122.245984,37.869213,90.6,0.381,4
-122.245667,37.869213,90.17,0.388,4
-122.24535,37.869213,89.72,0.392,4
-122.245033,37.869213,88.83,0.468,4
-122.244716,37.869213,87.87,0.593,4
-122.244399,37.869213,87.31,0.557,4
-122.244082,37.869213,87.07,0.501,4
-122.243765,37.869213,86.84,0.511,4
-122.243448,37.869213,86.44,0.495,4
-122.243131,37.869213,85.81,0.522,4
-122.242814,37.869213,84.78,0.529,4
-122.242497,37.869213,83.3,0.584,4
-122.24218,37.869213,81.85,0.649,4
-122.241863,37.869213,81.03,0.652,4
-122.241546,37.869213,80.72,0.634,4
-122.241229,37.869213,80.48,0.572,4
-122.240912,37.869213,80.5,0.47,4
-122.240595,37.869213,80.35,0.44,4
-122.240278,37.869213,79.53,0.478,4
-122.239961,37.869213,78.35,0.623,4
-122.239644,37.869213,77.18,0.751,4
-122.239327,37.869213,76.37,0.755,4
-122.23901,37.869213,75.65,0.745,4
-122.238693,37.869213,74.96,0.784,4
-122.238376,37.869213,74.52,0.809,4
-122.238059,37.869213,74.37,0.81,4
-122.237742,37.869213,74.37,0.823,4
-122.237425,37.869213,74.49,0.835,4
-122.237108,37.869213,74.87,0.797,4
-122.236791,37.869213,75.46,0.732,4
-122.236474,37.869213,75.95,0.743,4
-122.236157,37.869213,76.56,0.736,4
-122.235839,37.869213,77.4,0.777,4
-122.235522,37.869213,79.42,0.754,4
-122.235205,37.869213,81.62,0.608,4
-122.234888,37.869213,82.69,0.48,4
-122.234571,37.869213,82.7,0.472,4
-122.234254,37.869213,82.3,0.518,4
-122.233937,37.869213,82.19,0.528,4
-122.23362,37.869213,82.74,0.465,4
-122.233303,37.869213,83.92,0.396,4
-122.232986,37.869213,85.22,0.372,4
-122.232669,37.869213,86.37,0.368,4
-122.267541,37.868896,103.17,0.118,4
-122.267224,37.868896,103.39,0.034,4
-122.266907,37.868896,103.45,0.077,4
-122.26659,37.868896,103.43,0.138,4
-122.266273,37.868896,103.32,0.132,4
-122.265956,37.868896,103.21,0.104,4
-122.265639,37.868896,102.84,0.055,4
-122.265322,37.868896,102.36,0.228,4
-122.265005,37.868896,101.96,0.548,4
-122.264688,37.868896,101.77,0.632,4
-122.264371,37.868896,101.62,0.39,4
-122.264054,37.868896,101.22,0.218,4
-122.263737,37.868896,100.87,0.35,4
-122.26342,37.868896,101.22,0.41,4
-122.263103,37.868896,102.06,0.302,4
-122.262786,37.868896,103.21,0.167,4
-122.262469,37.868896,104.08,0.043,4
-122.262152,37.868896,103.98,0.018,4
-122.261835,37.868896,103.33,0.179,4
-122.261518,37.868896,102.37,0.224,4
-122.261201,37.868896,101.69,0.198,4
-122.260884,37.868896,101.75,0.162,4
-122.260567,37.868896,102.1,0.118,4
-122.26025,37.868896,102.32,0.086,4
-122.259933,37.868896,102.38,0.074,4
-122.259616,37.868896,102.25,0.1,4
-122.259299,37.868896,101.9,0.217,4
-122.258982,37.868896,101.45,0.36,4
-122.258665,37.868896,100.91,0.311,4
-122.258348,37.868896,100.19,0.236,4
-122.258031,37.868896,99.39,0.194,4
-122.257714,37.868896,98.39,0.133,4
-122.257397,37.868896,98.23,0.194,4
-122.25708,37.868896,98.56,0.203,4
-122.256763,37.868896,99.02,0.191,4
-122.256446,37.868896,99.33,0.152,4
-122.256129,37.868896,99.4,0.105,4
-122.255812,37.868896,99.49,0.096,4
-122.255495,37.868896,99.77,0.146,4
-122.255178,37.868896,100.27,0.218,4
-122.254861,37.868896,100.91,0.281,4
-122.254544,37.868896,101.44,0.315,4
-122.254227,37.868896,101.92,0.205,4
-122.25391,37.868896,102.59,0.285,4
-122.253593,37.868896,103.15,0.248,4
-122.253276,37.868896,103.42,0.257,4
-122.252958,37.868896,103.5,0.337,4
-122.252641,37.868896,103.33,0.253,4
-122.252324,37.868896,103.03,0.311,4
-122.252007,37.868896,102.75,0.373,4
-122.25169,37.868896,102.66,0.358,4
-122.251373,37.868896,102.78,0.243,4
-122.251056,37.868896,102.85,0.193,4
-122.250739,37.868896,102.56,0.269,4
-122.250422,37.868896,101.92,0.294,4
-122.250105,37.868896,101.02,0.29,4
-122.249788,37.868896,99.67,0.267,4
-122.249471,37.868896,97.89,0.397,4
-122.249154,37.868896,96.32,0.558,4
-122.248837,37.868896,93.72,0.549,4
-122.24852,37.868896,93.01,0.457,4
-122.248203,37.868896,92.4,0.475,4
-122.247886,37.868896,93.86,0.454,4
-122.247569,37.868896,94.23,0.434,4
-122.247252,37.868896,93.91,0.428,4
-122.246935,37.868896,93.68,0.473,4
-122.246618,37.868896,93.54,0.544,4
-122.246301,37.868896,93.49,0.545,4
-122.245984,37.868896,93.29,0.484,4
-122.245667,37.868896,92.7,0.504,4
-122.24535,37.868896,92.1,0.596,4
-122.245033,37.868896,91.17,0.559,4
-122.244716,37.868896,90.33,0.624,4
-122.244399,37.868896,89.81,0.576,4
-122.244082,37.868896,89.54,0.541,4
-122.243765,37.868896,89.36,0.512,4
-122.243448,37.868896,88.86,0.523,4
-122.243131,37.868896,88.03,0.545,4
-122.242814,37.868896,85.4,0.597,4
-122.242497,37.868896,82.72,0.67,4
-122.24218,37.868896,81.14,0.718,4
-122.241863,37.868896,80.28,0.728,4
-122.241546,37.868896,79.92,0.735,4
-122.241229,37.868896,80.39,0.751,4
-122.240912,37.868896,82.98,0.705,4
-122.240595,37.868896,83.13,0.59,4
-122.240278,37.868896,82.71,0.518,4
-122.239961,37.868896,81.5,0.509,4
-122.239644,37.868896,80.69,0.589,4
-122.239327,37.868896,79.87,0.721,4
-122.23901,37.868896,77.19,0.77,4
-122.238693,37.868896,75.71,0.79,4
-122.238376,37.868896,75.07,0.807,4
-122.238059,37.868896,74.83,0.792,4
-122.237742,37.868896,74.89,0.791,4
-122.237425,37.868896,75.15,0.807,4
-122.237108,37.868896,75.66,0.779,4
-122.236791,37.868896,76.31,0.749,4
-122.236474,37.868896,76.91,0.798,4
-122.236157,37.868896,77.76,0.78,4
-122.235839,37.868896,79.24,0.739,4
-122.235522,37.868896,81.88,0.573,4
-122.235205,37.868896,84.21,0.451,4
-122.234888,37.868896,84.57,0.448,4
-122.234571,37.868896,83.89,0.558,4
-122.234254,37.868896,82.83,0.679,4
-122.233937,37.868896,82.32,0.692,4
-122.23362,37.868896,82.67,0.64,4
-122.233303,37.868896,83.66,0.58,4
-122.232986,37.868896,84.84,0.52,4
-122.232669,37.868896,85.55,0.482,4
-122.267224,37.868579,104,0.062,4
-122.266907,37.868579,104.15,0.098,4
-122.26659,37.868579,104.19,0.088,4
-122.266273,37.868579,104.09,0.088,4
-122.265956,37.868579,103.74,0.115,4
-122.265639,37.868579,103.21,0.067,4
-122.265322,37.868579,102.68,0.15,4
-122.265005,37.868579,102.32,0.356,4
-122.264688,37.868579,102.16,0.441,4
-122.264371,37.868579,102.04,0.312,4
-122.264054,37.868579,101.86,0.134,4
-122.263737,37.868579,101.88,0.077,4
-122.26342,37.868579,102.27,0.092,4
-122.263103,37.868579,102.64,0.071,4
-122.262786,37.868579,103.15,0.06,4
-122.262469,37.868579,103.39,0.061,4
-122.262152,37.868579,102.91,0.081,4
-122.261835,37.868579,102.21,0.23,4
-122.261518,37.868579,101.68,0.247,4
-122.261201,37.868579,101.51,0.211,4
-122.260884,37.868579,101.9,0.143,4
-122.260567,37.868579,102.54,0.089,4
-122.26025,37.868579,103.11,0.077,4
-122.259933,37.868579,103.41,0.076,4
-122.259616,37.868579,103.45,0.07,4
-122.259299,37.868579,103.43,0.092,4
-122.258982,37.868579,103.3,0.115,4
-122.258665,37.868579,103.15,0.091,4
-122.258348,37.868579,102.69,0.073,4
-122.258031,37.868579,101.95,0.08,4
-122.257714,37.868579,101.03,0.067,4
-122.257397,37.868579,100.39,0.096,4
-122.25708,37.868579,100.03,0.142,4
-122.256763,37.868579,99.89,0.117,4
-122.256446,37.868579,99.69,0.114,4
-122.256129,37.868579,99.29,0.091,4
-122.255812,37.868579,98.99,0.06,4
-122.255495,37.868579,99.06,0.093,4
-122.255178,37.868579,99.55,0.213,4
-122.254861,37.868579,100.37,0.341,4
-122.254544,37.868579,101.23,0.319,4
-122.254227,37.868579,102.13,0.163,4
-122.25391,37.868579,103.11,0.182,4
-122.253593,37.868579,103.86,0.282,4
-122.253276,37.868579,104.28,0.263,4
-122.252958,37.868579,104.41,0.24,4
-122.252641,37.868579,104.26,0.22,4
-122.252324,37.868579,104,0.278,4
-122.252007,37.868579,103.69,0.315,4
-122.25169,37.868579,103.45,0.297,4
-122.251373,37.868579,103.32,0.21,4
-122.251056,37.868579,103.2,0.15,4
-122.250739,37.868579,102.9,0.191,4
-122.250422,37.868579,102.33,0.25,4
-122.250105,37.868579,101.48,0.261,4
-122.249788,37.868579,100.29,0.221,4
-122.249471,37.868579,98.76,0.28,4
-122.249154,37.868579,97.4,0.525,4
-122.248837,37.868579,94.86,0.519,4
-122.24852,37.868579,93.95,0.476,4
-122.248203,37.868579,93.28,0.462,4
-122.247886,37.868579,94.54,0.449,4
-122.247569,37.868579,94.64,0.443,4
-122.247252,37.868579,94.01,0.47,4
-122.246935,37.868579,93.44,0.516,4
-122.246618,37.868579,92.97,0.528,4
-122.246301,37.868579,92.61,0.497,4
-122.245984,37.868579,92.15,0.473,4
-122.245667,37.868579,91.37,0.518,4
-122.24535,37.868579,90.75,0.638,4
-122.245033,37.868579,90.07,0.555,4
-122.244716,37.868579,89.58,0.468,4
-122.244399,37.868579,89.36,0.555,4
-122.244082,37.868579,89.31,0.585,4
-122.243765,37.868579,89.19,0.542,4
-122.243448,37.868579,88.62,0.562,4
-122.243131,37.868579,87.6,0.6,4
-122.242814,37.868579,84.54,0.674,4
-122.242497,37.868579,81.67,0.742,4
-122.24218,37.868579,79.99,0.778,4
-122.241863,37.868579,78.81,0.784,4
-122.241546,37.868579,78.16,0.767,4
-122.241229,37.868579,78.92,0.768,4
-122.240912,37.868579,81.97,0.789,4
-122.240595,37.868579,82.51,0.806,4
-122.240278,37.868579,82.86,0.766,4
-122.239961,37.868579,82.26,0.679,4
-122.239644,37.868579,82.02,0.548,4
-122.239327,37.868579,81.56,0.679,4
-122.23901,37.868579,78.68,0.783,4
-122.238693,37.868579,77.1,0.822,4
-122.238376,37.868579,76.3,0.832,4
-122.238059,37.868579,75.81,0.822,4
-122.237742,37.868579,75.79,0.809,4
-122.237425,37.868579,76.22,0.8,4
-122.237108,37.868579,76.92,0.789,4
-122.236791,37.868579,77.74,0.788,4
-122.236474,37.868579,78.63,0.79,4
-122.236157,37.868579,79.79,0.704,4
-122.235839,37.868579,81.89,0.443,4
-122.235522,37.868579,83.89,0.465,4
-122.235205,37.868579,85.27,0.581,4
-122.234888,37.868579,85.17,0.641,4
-122.234571,37.868579,84.13,0.72,4
-122.234254,37.868579,82.91,0.756,4
-122.233937,37.868579,82.4,0.73,4
-122.23362,37.868579,82.52,0.727,4
-122.233303,37.868579,83.04,0.726,4
-122.232986,37.868579,83.71,0.684,4
-122.232669,37.868579,84.11,0.645,4
-122.267224,37.868262,104.52,0.102,4
-122.266907,37.868262,104.73,0.115,4
-122.26659,37.868262,104.74,0.071,4
-122.266273,37.868262,104.66,0.074,4
-122.265956,37.868262,104.34,0.147,4
-122.265639,37.868262,103.92,0.117,4
-122.265322,37.868262,103.38,0.138,4
-122.265005,37.868262,102.95,0.221,4
-122.264688,37.868262,102.73,0.256,4
-122.264371,37.868262,102.6,0.228,4
-122.264054,37.868262,102.56,0.176,4
-122.263737,37.868262,102.73,0.127,4
-122.26342,37.868262,102.87,0.143,4
-122.263103,37.868262,102.81,0.106,4
-122.262786,37.868262,102.8,0.14,4
-122.262469,37.868262,102.55,0.19,4
-122.262152,37.868262,101.86,0.171,4
-122.261835,37.868262,101.21,0.228,4
-122.261518,37.868262,101.11,0.186,4
-122.261201,37.868262,101.36,0.108,4
-122.260884,37.868262,102.09,0.075,4
-122.260567,37.868262,103.11,0.084,4
-122.26025,37.868262,104.14,0.1,4
-122.259933,37.868262,104.85,0.083,4
-122.259616,37.868262,105.19,0.053,4
-122.259299,37.868262,105.35,0.071,4
-122.258982,37.868262,105.34,0.093,4
-122.258665,37.868262,105.16,0.046,4
-122.258348,37.868262,104.67,0.056,4
-122.258031,37.868262,103.97,0.08,4
-122.257714,37.868262,102.93,0.107,4
-122.257397,37.868262,102.09,0.153,4
-122.25708,37.868262,101.31,0.245,4
-122.256763,37.868262,100.64,0.193,4
-122.256446,37.868262,100,0.167,4
-122.256129,37.868262,99.23,0.165,4
-122.255812,37.868262,98.64,0.13,4
-122.255495,37.868262,98.48,0.119,4
-122.255178,37.868262,98.83,0.195,4
-122.254861,37.868262,99.71,0.284,4
-122.254544,37.868262,100.85,0.275,4
-122.254227,37.868262,102.11,0.246,4
-122.25391,37.868262,103.35,0.268,4
-122.253593,37.868262,104.24,0.283,4
-122.253276,37.868262,104.72,0.244,4
-122.252958,37.868262,104.92,0.242,4
-122.252641,37.868262,104.72,0.21,4
-122.252324,37.868262,104.4,0.28,4
-122.252007,37.868262,104.04,0.304,4
-122.25169,37.868262,103.71,0.249,4
-122.251373,37.868262,103.43,0.164,4
-122.251056,37.868262,103.17,0.119,4
-122.250739,37.868262,102.8,0.154,4
-122.250422,37.868262,102.18,0.214,4
-122.250105,37.868262,101.28,0.225,4
-122.249788,37.868262,100.21,0.264,4
-122.249471,37.868262,98.88,0.346,4
-122.249154,37.868262,97.58,0.464,4
-122.248837,37.868262,95.22,0.404,4
-122.24852,37.868262,94.21,0.407,4
-122.248203,37.868262,93.32,0.452,4
-122.247886,37.868262,94.52,0.517,4
-122.247569,37.868262,94.51,0.475,4
-122.247252,37.868262,93.73,0.506,4
-122.246935,37.868262,92.94,0.587,4
-122.246618,37.868262,92.18,0.544,4
-122.246301,37.868262,91.44,0.467,4
-122.245984,37.868262,90.55,0.519,4
-122.245667,37.868262,89.46,0.593,4
-122.24535,37.868262,88.71,0.664,4
-122.245033,37.868262,88.16,0.653,4
-122.244716,37.868262,87.9,0.587,4
-122.244399,37.868262,87.92,0.57,4
-122.244082,37.868262,88.13,0.591,4
-122.243765,37.868262,88.24,0.61,4
-122.243448,37.868262,87.86,0.597,4
-122.243131,37.868262,86.95,0.618,4
-122.242814,37.868262,84.08,0.64,4
-122.242497,37.868262,81.41,0.678,4
-122.24218,37.868262,79.66,0.745,4
-122.241863,37.868262,78.12,0.795,4
-122.241546,37.868262,77.07,0.798,4
-122.241229,37.868262,77.66,0.793,4
-122.240912,37.868262,80.85,0.799,4
-122.240595,37.868262,81.79,0.798,4
-122.240278,37.868262,82.68,0.753,4
-122.239961,37.868262,82.7,0.766,4
-122.239644,37.868262,83.06,0.715,4
-122.239327,37.868262,83.2,0.69,4
-122.23901,37.868262,81,0.704,4
-122.238693,37.868262,79.85,0.742,4
-122.238376,37.868262,79.06,0.766,4
-122.238059,37.868262,78.14,0.782,4
-122.237742,37.868262,77.61,0.793,4
-122.237425,37.868262,77.78,0.792,4
-122.237108,37.868262,78.49,0.792,4
-122.236791,37.868262,79.48,0.791,4
-122.236474,37.868262,80.61,0.741,4
-122.236157,37.868262,81.82,0.616,4
-122.235839,37.868262,83.6,0.395,4
-122.235522,37.868262,84.79,0.504,4
-122.235205,37.868262,85.59,0.683,4
-122.234888,37.868262,85.12,0.778,4
-122.234571,37.868262,83.83,0.783,4
-122.234254,37.868262,82.53,0.782,4
-122.233937,37.868262,82.09,0.76,4
-122.23362,37.868262,82.16,0.749,4
-122.233303,37.868262,82.45,0.725,4
-122.232986,37.868262,82.83,0.684,4
-122.232669,37.868262,83.06,0.666,4
-122.266907,37.867945,104.84,0.091,4
-122.26659,37.867945,104.91,0.062,4
-122.266273,37.867945,104.81,0.074,4
-122.265956,37.867945,104.51,0.151,4
-122.265639,37.867945,104.16,0.207,4
-122.265322,37.867945,103.67,0.198,4
-122.265005,37.867945,103.31,0.204,4
-122.264688,37.867945,103.16,0.211,4
-122.264371,37.867945,103.08,0.162,4
-122.264054,37.867945,103.12,0.103,4
-122.263737,37.867945,103.22,0.112,4
-122.26342,37.867945,103.05,0.145,4
-122.263103,37.867945,102.59,0.186,4
-122.262786,37.867945,101.64,0.283,4
-122.262469,37.867945,100.98,0.249,4
-122.262152,37.867945,100.26,0.179,4
-122.261835,37.867945,99.83,0.336,4
-122.261518,37.867945,100.01,0.241,4
-122.261201,37.867945,100.52,0.119,4
-122.260884,37.867945,101.57,0.118,4
-122.260567,37.867945,102.86,0.136,4
-122.26025,37.867945,104.15,0.155,4
-122.259933,37.867945,105.2,0.13,4
-122.259616,37.867945,105.88,0.068,4
-122.259299,37.867945,106.28,0.077,4
-122.258982,37.867945,106.4,0.088,4
-122.258665,37.867945,106.3,0.05,4
-122.258348,37.867945,105.74,0.068,4
-122.258031,37.867945,105.01,0.088,4
-122.257714,37.867945,103.46,0.129,4
-122.257397,37.867945,102.38,0.193,4
-122.25708,37.867945,101.37,0.236,4
-122.256763,37.867945,100.53,0.196,4
-122.256446,37.867945,99.67,0.127,4
-122.256129,37.867945,99.3,0.183,4
-122.255812,37.867945,99.09,0.247,4
-122.255495,37.867945,98.87,0.274,4
-122.255178,37.867945,99,0.306,4
-122.254861,37.867945,99.64,0.335,4
-122.254544,37.867945,100.86,0.384,4
-122.254227,37.867945,102.27,0.354,4
-122.25391,37.867945,103.7,0.328,4
-122.253593,37.867945,104.56,0.298,4
-122.253276,37.867945,104.91,0.227,4
-122.252958,37.867945,104.7,0.262,4
-122.252641,37.867945,104.36,0.191,4
-122.252324,37.867945,103.93,0.268,4
-122.252007,37.867945,103.49,0.306,4
-122.25169,37.867945,103.12,0.27,4
-122.251373,37.867945,102.79,0.195,4
-122.251056,37.867945,102.47,0.174,4
-122.250739,37.867945,102.11,0.189,4
-122.250422,37.867945,101.58,0.172,4
-122.250105,37.867945,100.83,0.226,4
-122.249788,37.867945,100.01,0.35,4
-122.249471,37.867945,98.74,0.446,4
-122.249154,37.867945,97.42,0.439,4
-122.248837,37.867945,95.6,0.426,4
-122.24852,37.867945,94.49,0.475,4
-122.248203,37.867945,93.51,0.393,4
-122.247886,37.867945,92.84,0.464,4
-122.247569,37.867945,92.03,0.583,4
-122.247252,37.867945,91.29,0.694,4
-122.246935,37.867945,90.67,0.745,4
-122.246618,37.867945,90.1,0.682,4
-122.246301,37.867945,89.4,0.598,4
-122.245984,37.867945,88.39,0.623,4
-122.245667,37.867945,87.17,0.706,4
-122.24535,37.867945,86.1,0.755,4
-122.245033,37.867945,85.72,0.752,4
-122.244716,37.867945,87.62,0.75,4
-122.244399,37.867945,87.62,0.666,4
-122.244082,37.867945,87.92,0.653,4
-122.243765,37.867945,88.28,0.709,4
-122.243448,37.867945,88.07,0.675,4
-122.243131,37.867945,87.42,0.638,4
-122.242814,37.867945,84.28,0.664,4
-122.242497,37.867945,81.61,0.708,4
-122.24218,37.867945,80.07,0.77,4
-122.241863,37.867945,78.63,0.815,4
-122.241546,37.867945,77.68,0.795,4
-122.241229,37.867945,77.86,0.77,4
-122.240912,37.867945,79.55,0.779,4
-122.240595,37.867945,80.51,0.79,4
-122.240278,37.867945,81.68,0.759,4
-122.239961,37.867945,82.35,0.695,4
-122.239644,37.867945,83.12,0.665,4
-122.239327,37.867945,83.75,0.651,4
-122.23901,37.867945,83.27,0.548,4
-122.238693,37.867945,82.99,0.516,4
-122.238376,37.867945,82.07,0.587,4
-122.238059,37.867945,80.72,0.658,4
-122.237742,37.867945,79.87,0.677,4
-122.237425,37.867945,79.84,0.68,4
-122.237108,37.867945,80.48,0.701,4
-122.236791,37.867945,81.51,0.727,4
-122.236474,37.867945,82.53,0.708,4
-122.236157,37.867945,83.54,0.581,4
-122.235839,37.867945,84.67,0.442,4
-122.235522,37.867945,85.24,0.575,4
-122.235205,37.867945,85.63,0.726,4
-122.234888,37.867945,84.98,0.764,4
-122.234571,37.867945,83.44,0.781,4
-122.234254,37.867945,82.08,0.794,4
-122.233937,37.867945,81.52,0.794,4
-122.23362,37.867945,81.49,0.759,4
-122.233303,37.867945,81.72,0.695,4
-122.232986,37.867945,82.04,0.662,4
-122.232669,37.867945,82.22,0.67,4
-122.266907,37.867628,104.76,0.167,4
-122.26659,37.867628,105.01,0.073,4
-122.266273,37.867628,104.99,0.098,4
-122.265956,37.867628,104.64,0.239,4
-122.265639,37.867628,104.07,0.334,4
-122.265322,37.867628,103.4,0.19,4
-122.265005,37.867628,103.05,0.104,4
-122.264688,37.867628,102.98,0.138,4
-122.264371,37.867628,102.96,0.143,4
-122.264054,37.867628,103,0.12,4
-122.263737,37.867628,103.04,0.133,4
-122.26342,37.867628,102.75,0.144,4
-122.263103,37.867628,102.12,0.137,4
-122.262786,37.867628,100.96,0.215,4
-122.262469,37.867628,100.22,0.237,4
-122.262152,37.867628,99.62,0.254,4
-122.261835,37.867628,99.22,0.369,4
-122.261518,37.867628,99.29,0.319,4
-122.261201,37.867628,99.79,0.169,4
-122.260884,37.867628,100.88,0.14,4
-122.260567,37.867628,102.18,0.161,4
-122.26025,37.867628,103.47,0.143,4
-122.259933,37.867628,104.59,0.118,4
-122.259616,37.867628,105.47,0.108,4
-122.259299,37.867628,106.14,0.097,4
-122.258982,37.867628,106.46,0.081,4
-122.258665,37.867628,106.54,0.041,4
-122.258348,37.867628,106.1,0.063,4
-122.258031,37.867628,105.51,0.056,4
-122.257714,37.867628,103.98,0.079,4
-122.257397,37.867628,102.98,0.17,4
-122.25708,37.867628,102.01,0.218,4
-122.256763,37.867628,101.15,0.24,4
-122.256446,37.867628,100.42,0.138,4
-122.256129,37.867628,100.39,0.192,4
-122.255812,37.867628,100.46,0.301,4
-122.255495,37.867628,100.52,0.332,4
-122.255178,37.867628,100.9,0.317,4
-122.254861,37.867628,101.51,0.301,4
-122.254544,37.867628,102.31,0.325,4
-122.254227,37.867628,103.18,0.277,4
-122.25391,37.867628,104.13,0.25,4
-122.253593,37.867628,104.65,0.276,4
-122.253276,37.867628,104.79,0.286,4
-122.252958,37.867628,104.28,0.363,4
-122.252641,37.867628,103.77,0.26,4
-122.252324,37.867628,103.21,0.267,4
-122.252007,37.867628,102.64,0.325,4
-122.25169,37.867628,102.16,0.327,4
-122.251373,37.867628,101.81,0.282,4
-122.251056,37.867628,101.55,0.266,4
-122.250739,37.867628,101.3,0.265,4
-122.250422,37.867628,100.93,0.25,4
-122.250105,37.867628,100.41,0.31,4
-122.249788,37.867628,99.79,0.449,4
-122.249471,37.867628,98.56,0.46,4
-122.249154,37.867628,97.19,0.396,4
-122.248837,37.867628,95.59,0.504,4
-122.24852,37.867628,94.41,0.586,4
-122.248203,37.867628,93.37,0.528,4
-122.247886,37.867628,91.45,0.539,4
-122.247569,37.867628,90.3,0.658,4
-122.247252,37.867628,90.07,0.609,4
-122.246935,37.867628,89.99,0.525,4
-122.246618,37.867628,89.73,0.503,4
-122.246301,37.867628,89.23,0.472,4
-122.245984,37.867628,88.39,0.445,4
-122.245667,37.867628,87.21,0.493,4
-122.24535,37.867628,85.87,0.574,4
-122.245033,37.867628,85.38,0.681,4
-122.244716,37.867628,88.54,0.743,4
-122.244399,37.867628,88.53,0.624,4
-122.244082,37.867628,88.8,0.655,4
-122.243765,37.867628,89.23,0.692,4
-122.243448,37.867628,88.99,0.661,4
-122.243131,37.867628,88.48,0.59,4
-122.242814,37.867628,85.39,0.55,4
-122.242497,37.867628,82.7,0.638,4
-122.24218,37.867628,81.15,0.755,4
-122.241863,37.867628,80.04,0.78,4
-122.241546,37.867628,79.55,0.74,4
-122.241229,37.867628,79.31,0.726,4
-122.240912,37.867628,79.46,0.729,4
-122.240595,37.867628,80.53,0.659,4
-122.240278,37.867628,81.75,0.535,4
-122.239961,37.867628,82.63,0.481,4
-122.239644,37.867628,83.29,0.515,4
-122.239327,37.867628,83.92,0.544,4
-122.23901,37.867628,84.76,0.395,4
-122.238693,37.867628,84.98,0.333,4
-122.238376,37.867628,83.8,0.481,4
-122.238059,37.867628,82.25,0.592,4
-122.237742,37.867628,81.51,0.597,4
-122.237425,37.867628,81.84,0.574,4
-122.237108,37.867628,82.77,0.546,4
-122.236791,37.867628,83.8,0.517,4
-122.236474,37.867628,84.74,0.496,4
-122.236157,37.867628,85.23,0.466,4
-122.235839,37.867628,85.4,0.56,4
-122.235522,37.867628,85.41,0.703,4
-122.235205,37.867628,85.29,0.748,4
-122.234888,37.867628,84.43,0.734,4
-122.234571,37.867628,82.92,0.746,4
-122.234254,37.867628,81.72,0.778,4
-122.233937,37.867628,81.1,0.796,4
-122.23362,37.867628,80.89,0.763,4
-122.233303,37.867628,81,0.711,4
-122.232986,37.867628,81.37,0.69,4
-122.232669,37.867628,81.66,0.695,4
-122.26659,37.867311,105.32,0.057,4
-122.266273,37.867311,105.15,0.122,4
-122.265956,37.867311,104.65,0.237,4
-122.265639,37.867311,103.83,0.303,4
-122.265322,37.867311,102.93,0.212,4
-122.265005,37.867311,102.55,0.161,4
-122.264688,37.867311,102.46,0.2,4
-122.264371,37.867311,102.39,0.2,4
-122.264054,37.867311,102.43,0.163,4
-122.263737,37.867311,102.51,0.182,4
-122.26342,37.867311,102.34,0.204,4
-122.263103,37.867311,101.9,0.226,4
-122.262786,37.867311,100.95,0.283,4
-122.262469,37.867311,100.39,0.41,4
-122.262152,37.867311,99.89,0.373,4
-122.261835,37.867311,99.42,0.372,4
-122.261518,37.867311,99.29,0.291,4
-122.261201,37.867311,99.59,0.247,4
-122.260884,37.867311,100.37,0.209,4
-122.260567,37.867311,101.37,0.172,4
-122.26025,37.867311,102.45,0.137,4
-122.259933,37.867311,103.46,0.121,4
-122.259616,37.867311,104.29,0.095,4
-122.259299,37.867311,104.87,0.055,4
-122.258982,37.867311,105.24,0.074,4
-122.258665,37.867311,105.53,0.081,4
-122.258348,37.867311,105.34,0.101,4
-122.258031,37.867311,105.03,0.121,4
-122.257714,37.867311,103.72,0.132,4
-122.257397,37.867311,102.95,0.212,4
-122.25708,37.867311,102.11,0.308,4
-122.256763,37.867311,101.49,0.328,4
-122.256446,37.867311,101.15,0.207,4
-122.256129,37.867311,101.49,0.18,4
-122.255812,37.867311,101.95,0.239,4
-122.255495,37.867311,102.49,0.259,4
-122.255178,37.867311,103.38,0.241,4
-122.254861,37.867311,104.15,0.248,4
-122.254544,37.867311,104.41,0.276,4
-122.254227,37.867311,104.43,0.283,4
-122.25391,37.867311,104.56,0.226,4
-122.253593,37.867311,104.51,0.23,4
-122.253276,37.867311,104.5,0.212,4
-122.252958,37.867311,103.97,0.184,4
-122.252641,37.867311,103.49,0.228,4
-122.252324,37.867311,102.88,0.241,4
-122.252007,37.867311,102.2,0.283,4
-122.25169,37.867311,101.58,0.357,4
-122.251373,37.867311,101.11,0.349,4
-122.251056,37.867311,100.84,0.289,4
-122.250739,37.867311,100.69,0.309,4
-122.250422,37.867311,100.44,0.384,4
-122.250105,37.867311,100.02,0.424,4
-122.249788,37.867311,99.41,0.52,4
-122.249471,37.867311,98.17,0.557,4
-122.249154,37.867311,96.82,0.537,4
-122.248837,37.867311,95.38,0.606,4
-122.24852,37.867311,94.34,0.432,4
-122.248203,37.867311,93.44,0.551,4
-122.247886,37.867311,91.42,0.637,4
-122.247569,37.867311,90.72,0.55,4
-122.247252,37.867311,90.67,0.434,4
-122.246935,37.867311,90.77,0.35,4
-122.246618,37.867311,90.75,0.327,4
-122.246301,37.867311,90.45,0.333,4
-122.245984,37.867311,89.83,0.33,4
-122.245667,37.867311,88.78,0.392,4
-122.24535,37.867311,87.28,0.553,4
-122.245033,37.867311,86.74,0.655,4
-122.244716,37.867311,89.85,0.731,4
-122.244399,37.867311,90.22,0.544,4
-122.244082,37.867311,90.56,0.442,4
-122.243765,37.867311,90.89,0.506,4
-122.243448,37.867311,90.48,0.574,4
-122.243131,37.867311,89.89,0.592,4
-122.242814,37.867311,86.72,0.553,4
-122.242497,37.867311,84.07,0.624,4
-122.24218,37.867311,82.64,0.71,4
-122.241863,37.867311,81.74,0.696,4
-122.241546,37.867311,81.37,0.666,4
-122.241229,37.867311,81.09,0.668,4
-122.240912,37.867311,81.3,0.616,4
-122.240595,37.867311,82.28,0.549,4
-122.240278,37.867311,83.32,0.409,4
-122.239961,37.867311,83.74,0.405,4
-122.239644,37.867311,83.9,0.606,4
-122.239327,37.867311,84.43,0.629,4
-122.23901,37.867311,85.19,0.457,4
-122.238693,37.867311,85.04,0.447,4
-122.238376,37.867311,83.77,0.61,4
-122.238059,37.867311,82.47,0.707,4
-122.237742,37.867311,82.12,0.713,4
-122.237425,37.867311,82.68,0.678,4
-122.237108,37.867311,83.65,0.594,4
-122.236791,37.867311,84.74,0.48,4
-122.236474,37.867311,85.73,0.394,4
-122.236157,37.867311,86.1,0.402,4
-122.235839,37.867311,85.75,0.638,4
-122.235522,37.867311,85.39,0.767,4
-122.235205,37.867311,84.77,0.764,4
-122.234888,37.867311,83.58,0.769,4
-122.234571,37.867311,82.28,0.761,4
-122.234254,37.867311,81.38,0.774,4
-122.233937,37.867311,80.81,0.795,4
-122.23362,37.867311,80.5,0.797,4
-122.233303,37.867311,80.57,0.763,4
-122.232986,37.867311,81.04,0.728,4
-122.232669,37.867311,81.43,0.719,4
-122.266273,37.866994,105.35,0.194,4
-122.265956,37.866994,104.72,0.233,4
-122.265639,37.866994,103.77,0.234,4
-122.265322,37.866994,102.78,0.214,4
-122.265005,37.866994,102.28,0.21,4
-122.264688,37.866994,102.05,0.189,4
-122.264371,37.866994,101.93,0.165,4
-122.264054,37.866994,102.02,0.187,4
-122.263737,37.866994,102.24,0.247,4
-122.26342,37.866994,102.3,0.307,4
-122.263103,37.866994,102.17,0.347,4
-122.262786,37.866994,101.52,0.349,4
-122.262469,37.866994,101.23,0.421,4
-122.262152,37.866994,100.85,0.354,4
-122.261835,37.866994,100.43,0.328,4
-122.261518,37.866994,100.12,0.222,4
-122.261201,37.866994,100.06,0.216,4
-122.260884,37.866994,100.38,0.219,4
-122.260567,37.866994,100.96,0.226,4
-122.26025,37.866994,101.7,0.19,4
-122.259933,37.866994,102.48,0.148,4
-122.259616,37.866994,103.13,0.119,4
-122.259299,37.866994,103.56,0.084,4
-122.258982,37.866994,103.88,0.108,4
-122.258665,37.866994,104.2,0.147,4
-122.258348,37.866994,104.1,0.126,4
-122.258031,37.866994,103.93,0.179,4
-122.257714,37.866994,102.79,0.153,4
-122.257397,37.866994,102.17,0.238,4
-122.25708,37.866994,101.47,0.385,4
-122.256763,37.866994,101.18,0.374,4
-122.256446,37.866994,101.18,0.241,4
-122.256129,37.866994,101.84,0.134,4
-122.255812,37.866994,102.55,0.137,4
-122.255495,37.866994,103.46,0.28,4
-122.255178,37.866994,104.75,0.419,4
-122.254861,37.866994,105.69,0.449,4
-122.254544,37.866994,105.64,0.456,4
-122.254227,37.866994,104.9,0.374,4
-122.25391,37.866994,104.55,0.226,4
-122.253593,37.866994,104.07,0.185,4
-122.253276,37.866994,103.88,0.203,4
-122.252958,37.866994,103.66,0.225,4
-122.252641,37.866994,103.53,0.194,4
-122.252324,37.866994,103.12,0.138,4
-122.252007,37.866994,102.42,0.222,4
-122.25169,37.866994,101.68,0.402,4
-122.251373,37.866994,101.1,0.36,4
-122.251056,37.866994,100.81,0.264,4
-122.250739,37.866994,100.69,0.323,4
-122.250422,37.866994,100.49,0.392,4
-122.250105,37.866994,100.06,0.414,4
-122.249788,37.866994,99.39,0.531,4
-122.249471,37.866994,98.09,0.582,4
-122.249154,37.866994,96.76,0.589,4
-122.248837,37.866994,95.49,0.548,4
-122.24852,37.866994,94.78,0.467,4
-122.248203,37.866994,94.19,0.489,4
-122.247886,37.866994,92.54,0.488,4
-122.247569,37.866994,91.85,0.394,4
-122.247252,37.866994,91.44,0.379,4
-122.246935,37.866994,91.01,0.451,4
-122.246618,37.866994,90.86,0.433,4
-122.246301,37.866994,90.81,0.33,4
-122.245984,37.866994,90.53,0.285,4
-122.245667,37.866994,89.82,0.367,4
-122.24535,37.866994,88.7,0.554,4
-122.245033,37.866994,88.61,0.571,4
-122.244716,37.866994,91.95,0.614,4
-122.244399,37.866994,92.55,0.534,4
-122.244082,37.866994,93.01,0.407,4
-122.243765,37.866994,93.3,0.374,4
-122.243448,37.866994,92.87,0.546,4
-122.243131,37.866994,92.16,0.666,4
-122.242814,37.866994,88.57,0.625,4
-122.242497,37.866994,86.48,0.502,4
-122.24218,37.866994,85.47,0.419,4
-122.241863,37.866994,84.11,0.45,4
-122.241546,37.866994,83.04,0.544,4
-122.241229,37.866994,82.36,0.584,4
-122.240912,37.866994,82.24,0.578,4
-122.240595,37.866994,82.66,0.592,4
-122.240278,37.866994,83.41,0.522,4
-122.239961,37.866994,83.81,0.485,4
-122.239644,37.866994,83.86,0.712,4
-122.239327,37.866994,84.27,0.694,4
-122.23901,37.866994,84.81,0.55,4
-122.238693,37.866994,84.41,0.61,4
-122.238376,37.866994,83.47,0.704,4
-122.238059,37.866994,82.56,0.751,4
-122.237742,37.866994,82.17,0.765,4
-122.237425,37.866994,82.38,0.742,4
-122.237108,37.866994,82.99,0.691,4
-122.236791,37.866994,83.84,0.628,4
-122.236474,37.866994,84.91,0.517,4
-122.236157,37.866994,85.87,0.399,4
-122.235839,37.866994,86,0.547,4
-122.235522,37.866994,85.52,0.745,4
-122.235205,37.866994,84.56,0.785,4
-122.234888,37.866994,83.16,0.818,4
-122.234571,37.866994,81.95,0.794,4
-122.234254,37.866994,81.16,0.789,4
-122.233937,37.866994,80.68,0.792,4
-122.23362,37.866994,80.42,0.811,4
-122.233303,37.866994,80.5,0.794,4
-122.232986,37.866994,81.05,0.758,4
-122.232669,37.866994,81.52,0.746,4
-122.266273,37.866677,105.53,0.138,4
-122.265956,37.866677,104.83,0.189,4
-122.265639,37.866677,103.91,0.157,4
-122.265322,37.866677,103.04,0.182,4
-122.265005,37.866677,102.57,0.193,4
-122.264688,37.866677,102.34,0.133,4
-122.264371,37.866677,102.23,0.09,4
-122.264054,37.866677,102.34,0.135,4
-122.263737,37.866677,102.59,0.245,4
-122.26342,37.866677,102.78,0.359,4
-122.263103,37.866677,102.81,0.363,4
-122.262786,37.866677,102.36,0.345,4
-122.262469,37.866677,102.26,0.251,4
-122.262152,37.866677,102.04,0.192,4
-122.261835,37.866677,101.68,0.253,4
-122.261518,37.866677,101.18,0.244,4
-122.261201,37.866677,100.71,0.267,4
-122.260884,37.866677,100.62,0.279,4
-122.260567,37.866677,100.79,0.26,4
-122.26025,37.866677,101.19,0.19,4
-122.259933,37.866677,101.77,0.142,4
-122.259616,37.866677,102.37,0.138,4
-122.259299,37.866677,102.83,0.109,4
-122.258982,37.866677,103.21,0.083,4
-122.258665,37.866677,103.55,0.11,4
-122.258348,37.866677,103.42,0.08,4
-122.258031,37.866677,103.2,0.177,4
-122.257714,37.866677,101.9,0.221,4
-122.257397,37.866677,101.36,0.293,4
-122.25708,37.866677,100.95,0.273,4
-122.256763,37.866677,100.77,0.29,4
-122.256446,37.866677,100.84,0.215,4
-122.256129,37.866677,101.6,0.148,4
-122.255812,37.866677,102.28,0.162,4
-122.255495,37.866677,103.01,0.311,4
-122.255178,37.866677,104.05,0.435,4
-122.254861,37.866677,104.8,0.408,4
-122.254544,37.866677,104.74,0.367,4
-122.254227,37.866677,103.91,0.304,4
-122.25391,37.866677,103.38,0.254,4
-122.253593,37.866677,103.1,0.229,4
-122.253276,37.866677,103.18,0.22,4
-122.252958,37.866677,103.25,0.257,4
-122.252641,37.866677,103.41,0.171,4
-122.252324,37.866677,103.19,0.135,4
-122.252007,37.866677,102.61,0.221,4
-122.25169,37.866677,101.92,0.304,4
-122.251373,37.866677,101.41,0.214,4
-122.251056,37.866677,101.22,0.165,4
-122.250739,37.866677,101.19,0.265,4
-122.250422,37.866677,101.02,0.321,4
-122.250105,37.866677,100.57,0.292,4
-122.249788,37.866677,99.86,0.344,4
-122.249471,37.866677,98.57,0.443,4
-122.249154,37.866677,97.23,0.506,4
-122.248837,37.866677,95.97,0.555,4
-122.24852,37.866677,95.35,0.441,4
-122.248203,37.866677,94.87,0.364,4
-122.247886,37.866677,93.42,0.356,4
-122.247569,37.866677,92.57,0.342,4
-122.247252,37.866677,91.87,0.362,4
-122.246935,37.866677,91.11,0.462,4
-122.246618,37.866677,90.7,0.466,4
-122.246301,37.866677,90.68,0.353,4
-122.245984,37.866677,90.75,0.28,4
-122.245667,37.866677,90.75,0.293,4
-122.24535,37.866677,90.48,0.348,4
-122.245033,37.866677,91.04,0.338,4
-122.244716,37.866677,94.32,0.404,4
-122.244399,37.866677,94.99,0.516,4
-122.244082,37.866677,95.42,0.504,4
-122.243765,37.866677,95.57,0.451,4
-122.243448,37.866677,94.97,0.515,4
-122.243131,37.866677,94.09,0.543,4
-122.242814,37.866677,90.4,0.534,4
-122.242497,37.866677,89.14,0.417,3
-122.24218,37.866677,87.54,0.356,2
-122.241863,37.866677,85.05,0.417,2
-122.241546,37.866677,83.7,0.53,4
-122.241229,37.866677,82.27,0.65,4
-122.240912,37.866677,81.51,0.702,4
-122.240595,37.866677,81.58,0.712,4
-122.240278,37.866677,82.14,0.698,4
-122.239961,37.866677,83.04,0.644,4
-122.239644,37.866677,83.78,0.667,4
-122.239327,37.866677,84.71,0.512,4
-122.23901,37.866677,85.15,0.481,4
-122.238693,37.866677,84.54,0.593,4
-122.238376,37.866677,83.71,0.657,4
-122.238059,37.866677,82.84,0.716,4
-122.237742,37.866677,82.13,0.747,4
-122.237425,37.866677,81.79,0.733,4
-122.237108,37.866677,81.75,0.715,4
-122.236791,37.866677,82.16,0.71,4
-122.236474,37.866677,83.45,0.662,4
-122.236157,37.866677,85.36,0.504,4
-122.235839,37.866677,86.37,0.441,4
-122.235522,37.866677,86.1,0.544,4
-122.235205,37.866677,85.11,0.714,4
-122.234888,37.866677,83.53,0.816,4
-122.234571,37.866677,82.18,0.837,4
-122.234254,37.866677,81.31,0.82,4
-122.233937,37.866677,80.71,0.813,4
-122.23362,37.866677,80.37,0.826,4
-122.233303,37.866677,80.52,0.788,4
-122.232986,37.866677,80.81,0.749,4
-122.265956,37.86636,104.54,0.276,4
-122.265639,37.86636,103.92,0.268,4
-122.265322,37.86636,103.32,0.194,4
-122.265005,37.86636,103.11,0.134,4
-122.264688,37.86636,103.08,0.107,4
-122.264371,37.86636,103.1,0.088,4
-122.264054,37.86636,103.27,0.12,4
-122.263737,37.86636,103.53,0.219,4
-122.26342,37.86636,103.72,0.289,4
-122.263103,37.86636,103.8,0.302,4
-122.262786,37.86636,103.43,0.293,4
-122.262469,37.86636,103.37,0.232,4
-122.262152,37.86636,103.15,0.132,4
-122.261835,37.86636,102.72,0.223,4
-122.261518,37.86636,102.08,0.233,4
-122.261201,37.86636,101.34,0.336,4
-122.260884,37.86636,100.93,0.29,4
-122.260567,37.86636,100.8,0.187,4
-122.26025,37.86636,100.92,0.123,4
-122.259933,37.86636,101.31,0.135,4
-122.259616,37.86636,101.89,0.178,4
-122.259299,37.86636,102.44,0.151,4
-122.258982,37.86636,102.92,0.089,4
-122.258665,37.86636,103.36,0.102,4
-122.258348,37.86636,103.26,0.055,4
-122.258031,37.86636,102.96,0.108,4
-122.257714,37.86636,101.53,0.221,4
-122.257397,37.86636,100.88,0.315,4
-122.25708,37.86636,100.56,0.205,4
-122.256763,37.86636,100.37,0.257,4
-122.256446,37.86636,100.44,0.216,4
-122.256129,37.86636,100.68,0.221,4
-122.255812,37.86636,101.23,0.274,4
-122.255495,37.86636,101.69,0.303,4
-122.255178,37.86636,101.93,0.284,4
-122.254861,37.86636,102.19,0.236,4
-122.254544,37.86636,102.13,0.222,4
-122.254227,37.86636,101.57,0.27,4
-122.25391,37.86636,101.49,0.282,4
-122.253593,37.86636,101.56,0.254,4
-122.253276,37.86636,101.98,0.238,4
-122.252958,37.86636,102.2,0.239,4
-122.252641,37.86636,102.51,0.149,4
-122.252324,37.86636,102.55,0.134,4
-122.252007,37.86636,102.27,0.237,4
-122.25169,37.86636,101.88,0.295,4
-122.251373,37.86636,101.64,0.207,4
-122.251056,37.86636,101.64,0.176,4
-122.250739,37.86636,101.75,0.227,4
-122.250422,37.86636,101.65,0.186,4
-122.250105,37.86636,101.22,0.136,4
-122.249788,37.86636,100.54,0.254,4
-122.249471,37.86636,99.28,0.276,4
-122.249154,37.86636,97.98,0.292,4
-122.248837,37.86636,96.68,0.5,4
-122.24852,37.86636,95.96,0.43,4
-122.248203,37.86636,95.36,0.344,4
-122.247886,37.86636,93.72,0.377,4
-122.247569,37.86636,92.63,0.461,4
-122.247252,37.86636,91.69,0.494,4
-122.246935,37.86636,90.9,0.496,4
-122.246618,37.86636,90.4,0.489,4
-122.246301,37.86636,90.35,0.416,4
-122.245984,37.86636,90.77,0.314,4
-122.245667,37.86636,91.34,0.291,4
-122.24535,37.86636,91.81,0.307,4
-122.245033,37.86636,92.99,0.325,4
-122.244716,37.86636,96.64,0.368,4
-122.244399,37.86636,97.38,0.423,4
-122.244082,37.86636,97.79,0.344,4
-122.243765,37.86636,97.86,0.335,4
-122.243448,37.86636,96.88,0.35,4
-122.243131,37.86636,95.43,0.314,4
-122.242814,37.86636,91.58,0.33,4
-122.242497,37.86636,88.63,0.378,4
-122.24218,37.86636,86.9,0.4,4
-122.241863,37.86636,85.14,0.44,4
-122.241546,37.86636,83.13,0.57,4
-122.241229,37.86636,81.29,0.732,4
-122.240912,37.86636,80.39,0.805,4
-122.240595,37.86636,80.51,0.816,4
-122.240278,37.86636,81.01,0.772,4
-122.239961,37.86636,82.59,0.628,4
-122.239644,37.86636,84.19,0.476,4
-122.239327,37.86636,85.2,0.428,4
-122.23901,37.86636,85.42,0.501,4
-122.238693,37.86636,85.1,0.576,4
-122.238376,37.86636,84.41,0.608,4
-122.238059,37.86636,83.34,0.68,4
-122.237742,37.86636,82.19,0.724,4
-122.237425,37.86636,81.38,0.727,4
-122.237108,37.86636,80.9,0.735,4
-122.236791,37.86636,80.96,0.738,4
-122.236474,37.86636,82.33,0.713,4
-122.236157,37.86636,84.33,0.646,4
-122.235839,37.86636,85.73,0.482,4
-122.235522,37.86636,86.16,0.397,4
-122.235205,37.86636,85.39,0.505,4
-122.234888,37.86636,84.16,0.683,4
-122.234571,37.86636,82.88,0.793,4
-122.234254,37.86636,81.79,0.791,4
-122.233937,37.86636,80.94,0.786,4
-122.23362,37.86636,80.25,0.816,4
-122.233303,37.86636,80.14,0.807,4
-122.232986,37.86636,80.27,0.784,4
-122.265956,37.866043,104.06,0.26,4
-122.265639,37.866043,103.47,0.329,4
-122.265322,37.866043,103.07,0.298,4
-122.265005,37.866043,103.08,0.237,4
-122.264688,37.866043,103.28,0.257,4
-122.264371,37.866043,103.53,0.231,4
-122.264054,37.866043,103.91,0.154,4
-122.263737,37.866043,104.32,0.17,4
-122.26342,37.866043,104.62,0.242,4
-122.263103,37.866043,104.76,0.328,4
-122.262786,37.866043,104.47,0.317,4
-122.262469,37.866043,104.43,0.311,4
-122.262152,37.866043,104.23,0.259,4
-122.261835,37.866043,103.76,0.291,4
-122.261518,37.866043,103.09,0.179,4
-122.261201,37.866043,102.24,0.186,4
-122.260884,37.866043,101.66,0.186,4
-122.260567,37.866043,101.27,0.139,4
-122.26025,37.866043,101.12,0.172,4
-122.259933,37.866043,101.3,0.253,4
-122.259616,37.866043,101.79,0.246,4
-122.259299,37.866043,102.41,0.162,4
-122.258982,37.866043,102.96,0.118,4
-122.258665,37.866043,103.41,0.111,4
-122.258348,37.866043,103.33,0.079,4
-122.258031,37.866043,102.96,0.108,4
-122.257714,37.866043,101.46,0.123,4
-122.257397,37.866043,100.56,0.174,4
-122.25708,37.866043,100.09,0.179,4
-122.256763,37.866043,100.14,0.214,4
-122.256446,37.866043,100.22,0.209,4
-122.256129,37.866043,100.24,0.229,4
-122.255812,37.866043,100.75,0.249,4
-122.255495,37.866043,100.96,0.252,4
-122.255178,37.866043,100.58,0.281,4
-122.254861,37.866043,100.25,0.316,4
-122.254544,37.866043,100.02,0.316,4
-122.254227,37.866043,99.86,0.334,4
-122.25391,37.866043,100.03,0.287,4
-122.253593,37.866043,99.9,0.215,4
-122.253276,37.866043,100.24,0.154,4
-122.252958,37.866043,100.47,0.193,4
-122.252641,37.866043,100.88,0.152,4
-122.252324,37.866043,101.23,0.164,4
-122.252007,37.866043,101.41,0.269,4
-122.25169,37.866043,101.46,0.354,4
-122.251373,37.866043,101.53,0.305,4
-122.251056,37.866043,101.77,0.237,4
-122.250739,37.866043,101.96,0.212,4
-122.250422,37.866043,101.78,0.191,4
-122.250105,37.866043,101.24,0.223,4
-122.249788,37.866043,100.39,0.339,4
-122.249471,37.866043,99.25,0.349,4
-122.249154,37.866043,98.15,0.299,4
-122.248837,37.866043,97.33,0.376,4
-122.24852,37.866043,96.53,0.455,4
-122.248203,37.866043,95.77,0.444,4
-122.247886,37.866043,93.88,0.441,4
-122.247569,37.866043,92.7,0.492,4
-122.247252,37.866043,91.67,0.51,4
-122.246935,37.866043,90.72,0.529,4
-122.246618,37.866043,89.99,0.582,4
-122.246301,37.866043,89.77,0.577,4
-122.245984,37.866043,90.22,0.469,4
-122.245667,37.866043,91.06,0.346,4
-122.24535,37.866043,92.06,0.277,4
-122.245033,37.866043,93.33,0.281,4
-122.244716,37.866043,95.6,0.315,4
-122.244399,37.866043,96.49,0.302,4
-122.244082,37.866043,96.98,0.269,4
-122.243765,37.866043,96.84,0.286,4
-122.243448,37.866043,95.71,0.293,4
-122.243131,37.866043,93.9,0.29,4
-122.242814,37.866043,90.72,0.299,4
-122.242497,37.866043,87.58,0.413,4
-122.24218,37.866043,85.09,0.538,4
-122.241863,37.866043,83.1,0.622,4
-122.241546,37.866043,81.45,0.721,4
-122.241229,37.866043,80.16,0.816,4
-122.240912,37.866043,79.63,0.828,4
-122.240595,37.866043,80.05,0.797,4
-122.240278,37.866043,81.16,0.69,4
-122.239961,37.866043,82.97,0.52,4
-122.239644,37.866043,84.47,0.454,4
-122.239327,37.866043,85.12,0.54,4
-122.23901,37.866043,85.37,0.593,4
-122.238693,37.866043,85.32,0.629,4
-122.238376,37.866043,84.72,0.637,4
-122.238059,37.866043,83.45,0.68,4
-122.237742,37.866043,82.04,0.724,4
-122.237425,37.866043,80.9,0.745,4
-122.237108,37.866043,80.13,0.769,4
-122.236791,37.866043,80.35,0.774,4
-122.236474,37.866043,81.97,0.727,4
-122.236157,37.866043,83.67,0.695,4
-122.235839,37.866043,84.73,0.659,4
-122.235522,37.866043,85.34,0.595,4
-122.235205,37.866043,85.19,0.551,4
-122.234888,37.866043,84.52,0.587,4
-122.234571,37.866043,83.27,0.715,4
-122.234254,37.866043,81.9,0.774,4
-122.233937,37.866043,80.73,0.797,4
-122.23362,37.866043,79.87,0.822,4
-122.233303,37.866043,79.63,0.829,4
-122.232986,37.866043,79.72,0.823,4
-122.265639,37.865726,102.95,0.233,4
-122.265322,37.865726,102.75,0.178,4
-122.265005,37.865726,102.7,0.259,4
-122.264688,37.865726,102.9,0.327,4
-122.264371,37.865726,103.19,0.293,4
-122.264054,37.865726,103.56,0.288,4
-122.263737,37.865726,104.07,0.333,4
-122.26342,37.865726,104.49,0.334,4
-122.263103,37.865726,104.74,0.25,4
-122.262786,37.865726,104.7,0.246,4
-122.262469,37.865726,104.79,0.308,4
-122.262152,37.865726,104.75,0.317,4
-122.261835,37.865726,104.5,0.243,4
-122.261518,37.865726,104.03,0.179,4
-122.261201,37.865726,103.36,0.141,4
-122.260884,37.865726,102.95,0.172,4
-122.260567,37.865726,102.37,0.212,4
-122.26025,37.865726,101.94,0.266,4
-122.259933,37.865726,101.86,0.272,4
-122.259616,37.865726,102.16,0.229,4
-122.259299,37.865726,102.78,0.183,4
-122.258982,37.865726,103.28,0.12,4
-122.258665,37.865726,103.4,0.076,4
-122.258348,37.865726,103.25,0.11,4
-122.258031,37.865726,102.87,0.105,4
-122.257714,37.865726,102.13,0.118,4
-122.257397,37.865726,101.05,0.108,4
-122.25708,37.865726,100.76,0.154,4
-122.256763,37.865726,100.95,0.197,4
-122.256446,37.865726,101.08,0.216,4
-122.256129,37.865726,101.23,0.247,4
-122.255812,37.865726,101.14,0.313,4
-122.255495,37.865726,100.91,0.284,4
-122.255178,37.865726,100.76,0.223,4
-122.254861,37.865726,100.57,0.219,4
-122.254544,37.865726,100.23,0.211,4
-122.254227,37.865726,99.93,0.248,4
-122.25391,37.865726,99.71,0.251,4
-122.253593,37.865726,99.51,0.198,4
-122.253276,37.865726,99.49,0.207,4
-122.252958,37.865726,99.42,0.39,4
-122.252641,37.865726,99.76,0.294,4
-122.252324,37.865726,100.22,0.229,4
-122.252007,37.865726,100.81,0.209,4
-122.25169,37.865726,101.3,0.23,4
-122.251373,37.865726,101.57,0.199,4
-122.251056,37.865726,101.76,0.186,4
-122.250739,37.865726,101.81,0.222,4
-122.250422,37.865726,101.44,0.289,4
-122.250105,37.865726,100.62,0.361,4
-122.249788,37.865726,99.54,0.405,4
-122.249471,37.865726,98.53,0.507,4
-122.249154,37.865726,97.75,0.453,4
-122.248837,37.865726,97.4,0.406,4
-122.24852,37.865726,96.8,0.394,4
-122.248203,37.865726,96.12,0.469,4
-122.247886,37.865726,94.1,0.481,4
-122.247569,37.865726,93.03,0.427,4
-122.247252,37.865726,92.17,0.371,4
-122.246935,37.865726,91.11,0.411,4
-122.246618,37.865726,90.01,0.506,4
-122.246301,37.865726,89.23,0.606,4
-122.245984,37.865726,89.02,0.626,4
-122.245667,37.865726,89.46,0.517,4
-122.24535,37.865726,90.5,0.379,4
-122.245033,37.865726,91.74,0.271,4
-122.244716,37.865726,92.95,0.252,4
-122.244399,37.865726,93.69,0.275,4
-122.244082,37.865726,94.17,0.28,4
-122.243765,37.865726,94.04,0.269,4
-122.243448,37.865726,93.03,0.275,4
-122.243131,37.865726,91.15,0.3,4
-122.242814,37.865726,88.53,0.359,4
-122.242497,37.865726,85.17,0.567,4
-122.24218,37.865726,82.25,0.751,4
-122.241863,37.865726,80.6,0.814,4
-122.241546,37.865726,79.85,0.822,4
-122.241229,37.865726,79.51,0.817,4
-122.240912,37.865726,79.76,0.765,4
-122.240595,37.865726,80.86,0.631,4
-122.240278,37.865726,82.3,0.522,4
-122.239961,37.865726,83.47,0.552,4
-122.239644,37.865726,84.52,0.518,4
-122.239327,37.865726,85.01,0.563,4
-122.23901,37.865726,85.11,0.635,4
-122.238693,37.865726,85.11,0.62,4
-122.238376,37.865726,84.41,0.618,4
-122.238059,37.865726,83.09,0.65,4
-122.237742,37.865726,81.69,0.724,4
-122.237425,37.865726,80.42,0.759,4
-122.237108,37.865726,79.72,0.748,4
-122.236791,37.865726,80.34,0.736,4
-122.236474,37.865726,82.03,0.7,4
-122.236157,37.865726,83.33,0.687,4
-122.235839,37.865726,83.89,0.722,4
-122.235522,37.865726,84.29,0.739,4
-122.235205,37.865726,84.12,0.709,4
-122.234888,37.865726,83.78,0.675,4
-122.234571,37.865726,82.8,0.716,4
-122.234254,37.865726,81.51,0.739,4
-122.233937,37.865726,80.22,0.781,4
-122.23362,37.865726,79.46,0.816,4
-122.264054,37.865409,103.12,0.379,4
-122.263737,37.865409,103.67,0.378,4
-122.26342,37.865409,104.11,0.285,4
-122.263103,37.865409,104.36,0.204,4
-122.262786,37.865409,104.31,0.188,4
-122.262469,37.865409,104.22,0.203,4
-122.262152,37.865409,104.45,0.167,4
-122.261835,37.865409,104.56,0.165,4
-122.261518,37.865409,104.44,0.148,4
-122.261201,37.865409,104.14,0.153,4
-122.260884,37.865409,103.78,0.232,4
-122.260567,37.865409,102.96,0.214,4
-122.26025,37.865409,102.29,0.246,4
-122.259933,37.865409,102.13,0.287,4
-122.259616,37.865409,102.47,0.21,4
-122.259299,37.865409,103.09,0.105,4
-122.258982,37.865409,103.62,0.091,4
-122.258665,37.865409,103.74,0.108,4
-122.258348,37.865409,103.5,0.181,4
-122.258031,37.865409,103.12,0.131,4
-122.257714,37.865409,102.46,0.156,4
-122.257397,37.865409,101.62,0.159,4
-122.25708,37.865409,101.37,0.242,4
-122.256763,37.865409,101.3,0.218,4
-122.256446,37.865409,101.39,0.228,4
-122.256129,37.865409,101.56,0.291,4
-122.255812,37.865409,101.52,0.296,4
-122.255495,37.865409,101.48,0.227,4
-122.255178,37.865409,101.61,0.158,4
-122.254861,37.865409,101.62,0.117,4
-122.254544,37.865409,101.34,0.105,4
-122.254227,37.865409,101.03,0.188,4
-122.25391,37.865409,100.68,0.3,4
-122.253593,37.865409,100.23,0.157,4
-122.253276,37.865409,99.89,0.249,4
-122.252958,37.865409,99.47,0.409,4
-122.252641,37.865409,99.54,0.381,4
-122.252324,37.865409,99.91,0.398,4
-122.252007,37.865409,100.58,0.252,4
-122.25169,37.865409,101.24,0.185,4
-122.251373,37.865409,101.53,0.155,4
-122.251056,37.865409,101.57,0.195,4
-122.250739,37.865409,101.35,0.273,4
-122.250422,37.865409,100.67,0.326,4
-122.250105,37.865409,99.57,0.365,4
-122.249788,37.865409,98.36,0.435,4
-122.249471,37.865409,97.47,0.602,4
-122.249154,37.865409,97.03,0.549,4
-122.248837,37.865409,97.1,0.493,4
-122.24852,37.865409,97.07,0.437,4
-122.248203,37.865409,96.88,0.418,4
-122.247886,37.865409,95.13,0.413,4
-122.247569,37.865409,94.12,0.338,4
-122.247252,37.865409,93.26,0.212,4
-122.246935,37.865409,91.9,0.308,4
-122.246618,37.865409,90.32,0.483,4
-122.246301,37.865409,88.98,0.582,4
-122.245984,37.865409,88.15,0.612,4
-122.245667,37.865409,87.87,0.621,4
-122.24535,37.865409,88.01,0.613,4
-122.245033,37.865409,88.7,0.483,4
-122.244716,37.865409,89.53,0.392,4
-122.244399,37.865409,89.76,0.399,4
-122.244082,37.865409,89.51,0.501,4
-122.243765,37.865409,89.81,0.352,4
-122.243448,37.865409,89,0.326,4
-122.243131,37.865409,87.22,0.439,4
-122.242814,37.865409,84.8,0.621,4
-122.242497,37.865409,82.33,0.764,4
-122.24218,37.865409,80.43,0.825,4
-122.241863,37.865409,79.48,0.829,4
-122.241546,37.865409,79.37,0.81,4
-122.241229,37.865409,79.78,0.768,4
-122.240912,37.865409,80.74,0.652,4
-122.240595,37.865409,82.15,0.483,4
-122.240278,37.865409,83.02,0.537,4
-122.239961,37.865409,83.5,0.638,4
-122.239644,37.865409,84.26,0.596,4
-122.239327,37.865409,84.53,0.601,4
-122.23901,37.865409,84.4,0.663,4
-122.238693,37.865409,84.28,0.602,4
-122.238376,37.865409,83.55,0.589,4
-122.238059,37.865409,82.29,0.656,4
-122.237742,37.865409,81.09,0.741,4
-122.237425,37.865409,80.06,0.748,4
-122.237108,37.865409,79.74,0.712,4
-122.236791,37.865409,80.8,0.691,4
-122.236474,37.865409,82.5,0.653,4
-122.236157,37.865409,83.38,0.648,4
-122.235839,37.865409,83.45,0.721,4
-122.235522,37.865409,83.55,0.739,4
-122.235205,37.865409,83.22,0.731,4
-122.234888,37.865409,82.84,0.716,4
-122.234571,37.865409,82.02,0.712,4
-122.234254,37.865409,81,0.692,4
-122.233937,37.865409,79.9,0.738,4
-122.261201,37.865092,104.87,0.182,4
-122.260884,37.865092,104.26,0.261,4
-122.260567,37.865092,103.27,0.267,4
-122.26025,37.865092,102.58,0.295,4
-122.259933,37.865092,102.56,0.303,4
-122.259616,37.865092,102.99,0.213,4
-122.259299,37.865092,103.58,0.126,4
-122.258982,37.865092,104.08,0.172,4
-122.258665,37.865092,104.08,0.276,4
-122.258348,37.865092,103.81,0.253,4
-122.258031,37.865092,103.44,0.163,4
-122.257714,37.865092,102.76,0.29,4
-122.257397,37.865092,102.28,0.293,4
-122.25708,37.865092,102.03,0.307,4
-122.256763,37.865092,101.79,0.256,4
-122.256446,37.865092,101.67,0.315,4
-122.256129,37.865092,101.61,0.401,4
-122.255812,37.865092,101.55,0.317,4
-122.255495,37.865092,101.58,0.204,4
-122.255178,37.865092,101.72,0.169,4
-122.254861,37.865092,101.83,0.15,4
-122.254544,37.865092,101.76,0.148,4
-122.254227,37.865092,101.6,0.221,4
-122.25391,37.865092,101.34,0.299,4
-122.253593,37.865092,100.8,0.241,4
-122.253276,37.865092,100.31,0.323,4
-122.252958,37.865092,99.82,0.4,4
-122.252641,37.865092,99.65,0.505,4
-122.252324,37.865092,99.78,0.55,4
-122.252007,37.865092,100.24,0.369,4
-122.25169,37.865092,100.77,0.235,4
-122.251373,37.865092,101.02,0.17,4
-122.251056,37.865092,101.05,0.207,4
-122.250739,37.865092,100.77,0.288,4
-122.250422,37.865092,99.99,0.393,4
-122.250105,37.865092,98.86,0.473,4
-122.249788,37.865092,97.8,0.428,4
-122.249471,37.865092,97.04,0.464,4
-122.249154,37.865092,96.75,0.514,4
-122.248837,37.865092,97.02,0.456,4
-122.24852,37.865092,97.56,0.554,4
-122.248203,37.865092,97.83,0.449,4
-122.247886,37.865092,96.81,0.317,4
-122.247569,37.865092,95.89,0.256,4
-122.247252,37.865092,94.73,0.219,4
-122.246935,37.865092,93.05,0.371,4
-122.246618,37.865092,91.34,0.501,4
-122.246301,37.865092,89.99,0.512,4
-122.245984,37.865092,88.84,0.509,4
-122.245667,37.865092,87.79,0.552,4
-122.24535,37.865092,87.03,0.597,4
-122.245033,37.865092,86.51,0.591,4
-122.244716,37.865092,85.95,0.643,4
-122.244399,37.865092,85.63,0.64,4
-122.244082,37.865092,85.11,0.682,4
-122.243765,37.865092,84.67,0.615,4
-122.243448,37.865092,83.85,0.619,4
-122.243131,37.865092,82.37,0.707,4
-122.242814,37.865092,81.02,0.768,4
-122.242497,37.865092,79.97,0.806,4
-122.24218,37.865092,79.34,0.817,4
-122.241863,37.865092,79.28,0.792,4
-122.241546,37.865092,79.72,0.752,4
-122.241229,37.865092,80.62,0.7,4
-122.240912,37.865092,81.92,0.607,4
-122.240595,37.865092,83.06,0.527,4
-122.240278,37.865092,83.38,0.646,4
-122.239961,37.865092,83.43,0.742,4
-122.239644,37.865092,83.68,0.706,4
-122.239327,37.865092,83.75,0.664,4
-122.23901,37.865092,83.49,0.646,4
-122.238693,37.865092,83.02,0.626,4
-122.238376,37.865092,82.26,0.648,4
-122.238059,37.865092,81.28,0.699,4
-122.237742,37.865092,80.52,0.767,4
-122.237425,37.865092,80,0.744,4
-122.237108,37.865092,80.31,0.669,4
-122.236791,37.865092,81.81,0.627,4
-122.236474,37.865092,83.41,0.602,4
-122.236157,37.865092,83.84,0.63,4
-122.235839,37.865092,83.52,0.695,4
-122.235522,37.865092,83.27,0.7,4
-122.235205,37.865092,82.72,0.71,4
-122.234888,37.865092,82.17,0.716,4
-122.234571,37.865092,81.36,0.681,4
-122.234254,37.865092,80.52,0.677,4
-122.233937,37.865092,79.71,0.71,4
-122.259933,37.864775,103.15,0.207,4
-122.259616,37.864775,103.56,0.161,4
-122.259299,37.864775,104,0.122,4
-122.258982,37.864775,104.32,0.171,4
-122.258665,37.864775,104.14,0.335,4
-122.258348,37.864775,103.85,0.268,4
-122.258031,37.864775,103.54,0.152,4
-122.257714,37.864775,102.86,0.343,4
-122.257397,37.864775,102.62,0.371,4
-122.25708,37.864775,102.43,0.24,4
-122.256763,37.864775,102.19,0.205,4
-122.256446,37.864775,101.85,0.33,4
-122.256129,37.864775,101.5,0.411,4
-122.255812,37.864775,101.34,0.348,4
-122.255495,37.864775,101.31,0.263,4
-122.255178,37.864775,101.31,0.229,4
-122.254861,37.864775,101.37,0.225,4
-122.254544,37.864775,101.46,0.218,4
-122.254227,37.864775,101.43,0.217,4
-122.25391,37.864775,101.32,0.289,4
-122.253593,37.864775,100.91,0.324,4
-122.253276,37.864775,100.46,0.314,4
-122.252958,37.864775,99.99,0.37,4
-122.252641,37.864775,99.74,0.433,4
-122.252324,37.864775,99.69,0.534,4
-122.252007,37.864775,99.92,0.483,4
-122.25169,37.864775,100.23,0.364,4
-122.251373,37.864775,100.42,0.263,4
-122.251056,37.864775,100.45,0.317,4
-122.250739,37.864775,100.18,0.387,4
-122.250422,37.864775,99.48,0.397,4
-122.250105,37.864775,98.64,0.41,4
-122.249788,37.864775,98.04,0.389,4
-122.249471,37.864775,97.35,0.426,4
-122.249154,37.864775,97.08,0.5,4
-122.248837,37.864775,97.21,0.472,4
-122.24852,37.864775,97.85,0.56,4
-122.248203,37.864775,98.18,0.364,4
-122.247886,37.864775,98.1,0.311,4
-122.247569,37.864775,97.29,0.377,4
-122.247252,37.864775,96.16,0.4,4
-122.246935,37.864775,94.87,0.442,4
-122.246618,37.864775,93.54,0.429,4
-122.246301,37.864775,92.19,0.426,4
-122.245984,37.864775,90.37,0.499,4
-122.245667,37.864775,88.31,0.57,4
-122.24535,37.864775,86.95,0.555,4
-122.245033,37.864775,85.6,0.51,4
-122.244716,37.864775,83.98,0.676,4
-122.244399,37.864775,83.2,0.766,4
-122.244082,37.864775,82.7,0.767,4
-122.243765,37.864775,82.17,0.748,4
-122.243448,37.864775,81.24,0.756,4
-122.243131,37.864775,80.13,0.781,4
-122.242814,37.864775,79.28,0.772,4
-122.242497,37.864775,78.85,0.773,4
-122.24218,37.864775,78.94,0.776,4
-122.241863,37.864775,79.6,0.764,4
-122.241546,37.864775,80.63,0.736,4
-122.241229,37.864775,81.83,0.693,4
-122.240912,37.864775,83.1,0.638,4
-122.240595,37.864775,83.99,0.611,4
-122.240278,37.864775,83.89,0.695,4
-122.239961,37.864775,83.53,0.766,4
-122.239644,37.864775,83.13,0.756,4
-122.239327,37.864775,82.69,0.735,4
-122.23901,37.864775,82.2,0.663,4
-122.238693,37.864775,81.58,0.696,4
-122.238376,37.864775,80.83,0.771,4
-122.238059,37.864775,80.21,0.796,4
-122.237742,37.864775,79.98,0.793,4
-122.237425,37.864775,80.1,0.705,4
-122.237108,37.864775,81.08,0.595,4
-122.236791,37.864775,82.81,0.565,4
-122.236474,37.864775,84.13,0.566,4
-122.236157,37.864775,84.39,0.543,4
-122.235839,37.864775,83.92,0.557,4
-122.235522,37.864775,83.34,0.608,4
-122.235205,37.864775,82.54,0.659,4
-122.234888,37.864775,81.41,0.758,4
-122.234571,37.864775,80.64,0.728,4
-122.234254,37.864775,80.15,0.688,4
-122.233937,37.864775,79.64,0.7,4
-122.258348,37.864458,103.63,0.175,4
-122.258031,37.864458,103.41,0.087,4
-122.257714,37.864458,102.96,0.165,4
-122.257397,37.864458,102.87,0.178,4
-122.25708,37.864458,102.74,0.141,4
-122.256763,37.864458,102.52,0.099,4
-122.256446,37.864458,102.01,0.256,4
-122.256129,37.864458,101.44,0.33,4
-122.255812,37.864458,101.11,0.355,4
-122.255495,37.864458,100.99,0.341,4
-122.255178,37.864458,100.94,0.283,4
-122.254861,37.864458,101,0.242,4
-122.254544,37.864458,101.16,0.238,4
-122.254227,37.864458,101.24,0.218,4
-122.25391,37.864458,101.25,0.214,4
-122.253593,37.864458,100.99,0.203,4
-122.253276,37.864458,100.69,0.219,4
-122.252958,37.864458,100.3,0.328,4
-122.252641,37.864458,100.09,0.307,4
-122.252324,37.864458,99.99,0.407,4
-122.252007,37.864458,100.02,0.396,4
-122.25169,37.864458,100.12,0.337,4
-122.251373,37.864458,100.17,0.328,4
-122.251056,37.864458,100.16,0.385,4
-122.250739,37.864458,99.93,0.376,4
-122.250422,37.864458,99.34,0.333,4
-122.250105,37.864458,98.71,0.398,4
-122.249788,37.864458,98.26,0.49,4
-122.249471,37.864458,97.66,0.479,4
-122.249154,37.864458,97.41,0.503,4
-122.248837,37.864458,97.5,0.4,4
-122.24852,37.864458,97.81,0.427,4
-122.248203,37.864458,97.85,0.386,4
-122.247886,37.864458,97.68,0.575,4
-122.247569,37.864458,96.91,0.609,4
-122.247252,37.864458,95.93,0.446,4
-122.246935,37.864458,94.88,0.418,4
-122.246618,37.864458,93.76,0.413,4
-122.246301,37.864458,92.53,0.393,4
-122.245984,37.864458,90.59,0.459,4
-122.245667,37.864458,88.2,0.572,4
-122.24535,37.864458,86.37,0.603,4
-122.245033,37.864458,84.57,0.589,4
-122.244716,37.864458,82.74,0.698,4
-122.244399,37.864458,82.35,0.63,4
-122.244082,37.864458,82.41,0.561,4
-122.243765,37.864458,82.13,0.596,4
-122.243448,37.864458,81.5,0.629,4
-122.243131,37.864458,80.72,0.669,4
-122.242814,37.864458,80.05,0.672,4
-122.242497,37.864458,79.67,0.638,4
-122.24218,37.864458,79.83,0.607,4
-122.241863,37.864458,80.66,0.608,4
-122.241546,37.864458,81.91,0.622,4
-122.241229,37.864458,83.09,0.616,4
-122.240912,37.864458,84,0.591,4
-122.240595,37.864458,84.56,0.599,4
-122.240278,37.864458,84.18,0.712,4
-122.239961,37.864458,83.56,0.738,4
-122.239644,37.864458,82.85,0.7,4
-122.239327,37.864458,81.76,0.757,4
-122.23901,37.864458,80.88,0.755,4
-122.238693,37.864458,80.23,0.769,4
-122.238376,37.864458,79.67,0.802,4
-122.238059,37.864458,79.3,0.816,4
-122.237742,37.864458,79.42,0.788,4
-122.237425,37.864458,79.94,0.684,4
-122.237108,37.864458,81.2,0.597,4
-122.236791,37.864458,82.84,0.601,4
-122.236474,37.864458,83.83,0.609,4
-122.236157,37.864458,83.99,0.57,4
-122.235839,37.864458,83.56,0.574,4
-122.235522,37.864458,83.06,0.582,4
-122.235205,37.864458,82.2,0.634,4
-122.234888,37.864458,81.01,0.767,4
-122.234571,37.864458,80.3,0.796,4
-122.234254,37.864458,80.01,0.782,4
-122.256763,37.864141,102.51,0.059,4
-122.256446,37.864141,101.92,0.22,4
-122.256129,37.864141,101.22,0.35,4
-122.255812,37.864141,100.86,0.358,4
-122.255495,37.864141,100.73,0.264,4
-122.255178,37.864141,100.66,0.219,4
-122.254861,37.864141,100.71,0.259,4
-122.254544,37.864141,100.9,0.286,4
-122.254227,37.864141,101.04,0.225,4
-122.25391,37.864141,101.16,0.117,4
-122.253593,37.864141,101.04,0.156,4
-122.253276,37.864141,100.89,0.22,4
-122.252958,37.864141,100.65,0.281,4
-122.252641,37.864141,100.55,0.275,4
-122.252324,37.864141,100.43,0.299,4
-122.252007,37.864141,100.28,0.311,4
-122.25169,37.864141,100.16,0.31,4
-122.251373,37.864141,100.04,0.311,4
-122.251056,37.864141,99.94,0.357,4
-122.250739,37.864141,99.71,0.373,4
-122.250422,37.864141,99.25,0.35,4
-122.250105,37.864141,98.83,0.426,4
-122.249788,37.864141,98.57,0.557,4
-122.249471,37.864141,98.07,0.512,4
-122.249154,37.864141,97.81,0.468,4
-122.248837,37.864141,97.72,0.365,4
-122.24852,37.864141,97.63,0.331,4
-122.248203,37.864141,97.23,0.369,4
-122.247886,37.864141,96.86,0.523,4
-122.247569,37.864141,96.05,0.567,4
-122.247252,37.864141,95.14,0.448,4
-122.246935,37.864141,94.28,0.415,4
-122.246618,37.864141,93.41,0.434,4
-122.246301,37.864141,92.41,0.378,4
-122.245984,37.864141,90.66,0.359,4
-122.245667,37.864141,88.34,0.483,4
-122.24535,37.864141,86.36,0.621,4
-122.245033,37.864141,84.35,0.677,4
-122.244716,37.864141,82.41,0.663,4
-122.244399,37.864141,82.47,0.485,4
-122.244082,37.864141,82.98,0.371,4
-122.243765,37.864141,83.02,0.402,4
-122.243448,37.864141,82.76,0.449,4
-122.243131,37.864141,82.2,0.488,4
-122.242814,37.864141,81.62,0.508,4
-122.242497,37.864141,81.22,0.534,4
-122.24218,37.864141,81.26,0.552,4
-122.241863,37.864141,81.97,0.549,4
-122.241546,37.864141,83.09,0.546,4
-122.241229,37.864141,84.13,0.545,4
-122.240912,37.864141,84.89,0.546,4
-122.240595,37.864141,85.23,0.603,4
-122.240278,37.864141,84.7,0.715,4
-122.239961,37.864141,83.79,0.747,4
-122.239644,37.864141,82.63,0.737,4
-122.239327,37.864141,81.27,0.779,4
-122.23901,37.864141,80.14,0.792,4
-122.238693,37.864141,79.37,0.795,4
-122.238376,37.864141,78.87,0.801,4
-122.238059,37.864141,78.67,0.803,4
-122.237742,37.864141,78.91,0.779,4
-122.237425,37.864141,79.64,0.706,4
-122.237108,37.864141,80.99,0.644,4
-122.236791,37.864141,82.37,0.628,4
-122.236474,37.864141,83.01,0.625,4
-122.236157,37.864141,83.04,0.633,4
-122.235839,37.864141,82.65,0.666,4
-122.235522,37.864141,82.24,0.679,4
-122.235205,37.864141,81.6,0.703,4
-122.234888,37.864141,80.79,0.77,4
-122.234571,37.864141,80.26,0.792,4
-122.234254,37.864141,80.08,0.788,4
-122.255495,37.863824,100.45,0.321,4
-122.255178,37.863824,100.48,0.327,4
-122.254861,37.863824,100.59,0.366,4
-122.254544,37.863824,100.76,0.4,4
-122.254227,37.863824,100.99,0.311,4
-122.25391,37.863824,101.26,0.159,4
-122.253593,37.863824,101.22,0.153,4
-122.253276,37.863824,101.17,0.146,4
-122.252958,37.863824,101.06,0.233,4
-122.252641,37.863824,101.03,0.321,4
-122.252324,37.863824,100.93,0.371,4
-122.252007,37.863824,100.69,0.435,4
-122.25169,37.863824,100.4,0.394,4
-122.251373,37.863824,100.16,0.364,4
-122.251056,37.863824,99.86,0.45,4
-122.250739,37.863824,99.6,0.484,4
-122.250422,37.863824,99.34,0.396,4
-122.250105,37.863824,98.89,0.343,4
-122.249788,37.863824,98.33,0.38,4
-122.249471,37.863824,97.96,0.375,4
-122.249154,37.863824,97.8,0.364,4
-122.248837,37.863824,97.91,0.339,4
-122.24852,37.863824,97.48,0.252,4
-122.248203,37.863824,96.66,0.278,4
-122.247886,37.863824,95.7,0.467,4
-122.247569,37.863824,94.73,0.465,4
-122.247252,37.863824,93.84,0.519,4
-122.246935,37.863824,93.1,0.517,4
-122.246618,37.863824,92.42,0.559,4
-122.246301,37.863824,91.68,0.471,4
-122.245984,37.863824,90.62,0.33,4
-122.245667,37.863824,89.09,0.388,4
-122.24535,37.863824,87.27,0.575,4
-122.245033,37.863824,85.22,0.68,4
-122.244716,37.863824,83.15,0.642,4
-122.244399,37.863824,83.12,0.553,4
-122.244082,37.863824,83.22,0.484,4
-122.243765,37.863824,83.38,0.43,4
-122.243448,37.863824,83.34,0.406,4
-122.243131,37.863824,82.97,0.448,4
-122.242814,37.863824,82.55,0.502,4
-122.242497,37.863824,82.2,0.587,4
-122.24218,37.863824,82.27,0.642,4
-122.241863,37.863824,82.88,0.637,4
-122.241546,37.863824,83.84,0.601,4
-122.241229,37.863824,84.8,0.567,4
-122.240912,37.863824,85.48,0.568,4
-122.240595,37.863824,85.7,0.626,4
-122.240278,37.863824,85.18,0.685,4
-122.239961,37.863824,84.11,0.73,4
-122.239644,37.863824,82.76,0.761,4
-122.239327,37.863824,81.5,0.792,4
-122.23901,37.863824,80.37,0.811,4
-122.238693,37.863824,79.54,0.819,4
-122.238376,37.863824,78.98,0.805,4
-122.238059,37.863824,78.8,0.798,4
-122.237742,37.863824,78.96,0.767,4
-122.237425,37.863824,79.64,0.708,4
-122.237108,37.863824,80.68,0.667,4
-122.236791,37.863824,81.56,0.657,4
-122.236474,37.863824,81.92,0.661,4
-122.236157,37.863824,81.89,0.681,4
-122.235839,37.863824,81.61,0.72,4
-122.235522,37.863824,81.37,0.765,4
-122.235205,37.863824,81.2,0.741,4
-122.234888,37.863824,80.96,0.703,4
-122.234571,37.863824,80.69,0.716,4
-122.25391,37.863507,101.12,0.241,4
-122.253593,37.863507,101.07,0.142,4
-122.253276,37.863507,100.99,0.129,4
-122.252958,37.863507,100.86,0.266,4
-122.252641,37.863507,100.81,0.328,4
-122.252324,37.863507,100.61,0.449,4
-122.252007,37.863507,100.36,0.573,4
-122.25169,37.863507,100.06,0.482,4
-122.251373,37.863507,99.86,0.418,4
-122.251056,37.863507,99.64,0.485,4
-122.250739,37.863507,99.48,0.463,4
-122.250422,37.863507,99.4,0.356,4
-122.250105,37.863507,99.14,0.291,4
-122.249788,37.863507,98.76,0.275,4
-122.249471,37.863507,98.59,0.342,4
-122.249154,37.863507,98.51,0.367,4
-122.248837,37.863507,98.64,0.272,4
-122.24852,37.863507,98,0.145,4
-122.248203,37.863507,96.87,0.265,4
-122.247886,37.863507,95.59,0.521,4
-122.247569,37.863507,94.56,0.489,4
-122.247252,37.863507,93.75,0.543,4
-122.246935,37.863507,93.11,0.469,4
-122.246618,37.863507,92.54,0.498,4
-122.246301,37.863507,91.91,0.509,4
-122.245984,37.863507,91.1,0.404,4
-122.245667,37.863507,89.95,0.344,4
-122.24535,37.863507,88.45,0.428,4
-122.245033,37.863507,86.69,0.588,4
-122.244716,37.863507,84.72,0.694,4
-122.244399,37.863507,84.34,0.608,4
-122.244082,37.863507,84.11,0.493,4
-122.243765,37.863507,84.02,0.525,4
-122.243448,37.863507,83.95,0.475,4
-122.243131,37.863507,83.86,0.431,4
-122.242814,37.863507,83.7,0.463,4
-122.242497,37.863507,83.6,0.547,4
-122.24218,37.863507,83.76,0.637,4
-122.241863,37.863507,84.26,0.649,4
-122.241546,37.863507,85.05,0.589,4
-122.241229,37.863507,85.85,0.533,4
-122.240912,37.863507,86.32,0.55,4
-122.240595,37.863507,86.32,0.617,4
-122.240278,37.863507,85.79,0.621,4
-122.239961,37.863507,84.85,0.631,4
-122.239644,37.863507,83.52,0.752,4
-122.239327,37.863507,82.5,0.764,4
-122.23901,37.863507,81.57,0.769,4
-122.238693,37.863507,80.74,0.78,4
-122.238376,37.863507,80.04,0.781,4
-122.238059,37.863507,79.57,0.799,4
-122.237742,37.863507,79.43,0.792,4
-122.237425,37.863507,79.65,0.763,4
-122.237108,37.863507,80.07,0.743,4
-122.236791,37.863507,80.44,0.747,4
-122.236474,37.863507,80.63,0.751,4
-122.236157,37.863507,80.66,0.732,4
-122.235839,37.863507,80.66,0.727,4
-122.235522,37.863507,80.74,0.739,4
-122.235205,37.863507,81.07,0.669,4
-122.234888,37.863507,81.2,0.682,4
-122.252324,37.86319,100.29,0.336,4
-122.252007,37.86319,100.07,0.527,4
-122.25169,37.86319,99.78,0.498,4
-122.251373,37.86319,99.62,0.463,4
-122.251056,37.86319,99.37,0.519,4
-122.250739,37.86319,99.27,0.448,4
-122.250422,37.86319,99.26,0.344,4
-122.250105,37.86319,99.11,0.318,4
-122.249788,37.86319,99,0.309,4
-122.249471,37.86319,99.27,0.316,4
-122.249154,37.86319,99.19,0.279,4
-122.248837,37.86319,98.91,0.197,4
-122.24852,37.86319,98.23,0.21,4
-122.248203,37.86319,97.02,0.443,4
-122.247886,37.86319,95.76,0.542,4
-122.247569,37.86319,94.83,0.435,4
-122.247252,37.86319,94.23,0.435,4
-122.246935,37.86319,93.78,0.438,4
-122.246618,37.86319,93.31,0.446,4
-122.246301,37.86319,92.7,0.486,4
-122.245984,37.86319,91.88,0.472,4
-122.245667,37.86319,90.8,0.429,4
-122.24535,37.86319,89.6,0.495,4
-122.245033,37.86319,88.25,0.622,4
-122.244716,37.86319,86.52,0.642,4
-122.244399,37.86319,85.93,0.504,4
-122.244082,37.86319,85.64,0.407,4
-122.243765,37.86319,85.52,0.455,4
-122.243448,37.86319,85.38,0.479,4
-122.243131,37.86319,85.26,0.503,4
-122.242814,37.86319,85.12,0.512,4
-122.242497,37.86319,85.27,0.534,4
-122.24218,37.86319,85.57,0.598,4
-122.241863,37.86319,86.1,0.575,4
-122.241546,37.86319,86.57,0.524,4
-122.241229,37.86319,86.79,0.526,4
-122.240912,37.86319,86.93,0.553,4
-122.240595,37.86319,86.93,0.586,4
-122.240278,37.86319,86.45,0.583,4
-122.239961,37.86319,85.72,0.576,4
-122.239644,37.86319,84.73,0.636,4
-122.239327,37.86319,83.85,0.646,4
-122.23901,37.86319,82.94,0.652,4
-122.238693,37.86319,82.05,0.705,4
-122.238376,37.86319,81.19,0.746,4
-122.238059,37.86319,80.62,0.751,4
-122.237742,37.86319,80.07,0.759,4
-122.237425,37.86319,79.66,0.759,4
-122.237108,37.86319,79.47,0.75,4
-122.236791,37.86319,79.41,0.766,4
-122.236474,37.86319,79.46,0.749,4
-122.236157,37.86319,79.57,0.673,4
-122.235839,37.86319,79.63,0.693,4
-122.235522,37.86319,79.93,0.718,4
-122.235205,37.86319,80.58,0.727,4
-122.234888,37.86319,81.14,0.784,4
-122.250739,37.862872,99.12,0.445,4
-122.250422,37.862872,99.11,0.321,4
-122.250105,37.862872,98.96,0.311,4
-122.249788,37.862872,99.26,0.298,4
-122.249471,37.862872,99.83,0.275,4
-122.249154,37.862872,99.54,0.256,4
-122.248837,37.862872,98.41,0.275,4
-122.24852,37.862872,97.82,0.353,4
-122.248203,37.862872,96.81,0.46,4
-122.247886,37.862872,95.89,0.522,4
-122.247569,37.862872,95.17,0.455,4
-122.247252,37.862872,94.77,0.404,4
-122.246935,37.862872,94.49,0.43,4
-122.246618,37.862872,94.1,0.467,4
-122.246301,37.862872,93.5,0.476,4
-122.245984,37.862872,92.67,0.474,4
-122.245667,37.862872,91.69,0.505,4
-122.24535,37.862872,90.78,0.604,4
-122.245033,37.862872,89.75,0.692,4
-122.244716,37.862872,88.21,0.588,4
-122.244399,37.862872,87.84,0.442,4
-122.244082,37.862872,87.53,0.39,4
-122.243765,37.862872,87.88,0.531,4
-122.243448,37.862872,87.61,0.602,4
-122.243131,37.862872,87.44,0.608,4
-122.242814,37.862872,86.78,0.541,4
-122.242497,37.862872,86.98,0.459,4
-122.24218,37.862872,87.42,0.43,4
-122.241863,37.862872,87.76,0.411,4
-122.241546,37.862872,87.78,0.484,4
-122.241229,37.862872,87.59,0.574,4
-122.240912,37.862872,87.47,0.566,4
-122.240595,37.862872,87.36,0.554,4
-122.240278,37.862872,87.12,0.558,4
-122.239961,37.862872,86.5,0.651,4
-122.239644,37.862872,85.85,0.626,4
-122.239327,37.862872,84.7,0.695,4
-122.23901,37.862872,83.6,0.679,4
-122.238693,37.862872,82.54,0.653,4
-122.238376,37.862872,81.49,0.675,4
-122.238059,37.862872,82.02,0.699,4
-122.237742,37.862872,81.69,0.736,4
-122.237425,37.862872,80.89,0.755,4
-122.237108,37.862872,80.34,0.743,4
-122.236791,37.862872,80.05,0.739,4
-122.236474,37.862872,79.97,0.747,4
-122.236157,37.862872,79.85,0.763,4
-122.235839,37.862872,79.59,0.807,4
-122.235522,37.862872,80.13,0.744,4
-122.235205,37.862872,81.08,0.699,4
-122.234888,37.862872,82.81,0.817,4
-122.247886,37.862555,96.1,0.477,4
-122.247569,37.862555,95.6,0.467,4
-122.247252,37.862555,95.32,0.412,4
-122.246935,37.862555,95.14,0.479,4
-122.246618,37.862555,94.84,0.471,4
-122.246301,37.862555,94.31,0.444,4
-122.245984,37.862555,93.56,0.427,4
-122.245667,37.862555,92.72,0.459,4
-122.24535,37.862555,92,0.592,4
-122.245033,37.862555,91.19,0.665,4
-122.244716,37.862555,89.97,0.526,4
-122.244399,37.862555,89.68,0.473,4
-122.244082,37.862555,89.21,0.468,4
-122.243765,37.862555,89.56,0.602,4
-122.243448,37.862555,89.13,0.655,4
-122.243131,37.862555,88.86,0.54,4
-122.242814,37.862555,88.16,0.476,4
-122.242497,37.862555,88.32,0.395,4
-122.24218,37.862555,88.55,0.389,4
-122.241863,37.862555,88.5,0.457,4
-122.241546,37.862555,88.25,0.556,4
-122.241229,37.862555,87.94,0.62,4
-122.240912,37.862555,87.67,0.622,4
-122.240595,37.862555,87.47,0.608,4
-122.240278,37.862555,87.3,0.605,4
-122.239961,37.862555,87,0.6,4
-122.239644,37.862555,86.66,0.493,4
-122.239327,37.862555,85.59,0.482,4
-122.23901,37.862555,83.94,0.649,4
-122.238693,37.862555,82.43,0.635,4
-122.238376,37.862555,80.91,0.694,4
-122.238059,37.862555,81.21,0.753,4
-122.237742,37.862555,80.7,0.807,4
-122.237425,37.862555,79.8,0.823,4
-122.237108,37.862555,79.2,0.812,4
-122.236791,37.862555,78.9,0.794,4
-122.236474,37.862555,78.88,0.784,4
-122.236157,37.862555,78.91,0.804,4
-122.235839,37.862555,78.92,0.825,4
-122.235522,37.862555,79.75,0.793,4
-122.235205,37.862555,80.75,0.691,4
-122.246618,37.862238,95.5,0.452,4
-122.246301,37.862238,95.2,0.426,4
-122.245984,37.862238,94.58,0.422,4
-122.245667,37.862238,93.85,0.449,4
-122.24535,37.862238,93.18,0.52,4
-122.245033,37.862238,92.43,0.561,4
-122.244716,37.862238,91.35,0.479,4
-122.244399,37.862238,90.83,0.55,4
-122.244082,37.862238,90.29,0.596,4
-122.243765,37.862238,90.79,0.616,4
-122.243448,37.862238,90.31,0.564,4
-122.243131,37.862238,90.04,0.465,4
-122.242814,37.862238,89.19,0.474,4
-122.242497,37.862238,88.98,0.532,4
-122.24218,37.862238,88.91,0.569,4
-122.241863,37.862238,88.8,0.567,4
-122.241546,37.862238,88.56,0.572,4
-122.241229,37.862238,88.2,0.589,4
-122.240912,37.862238,87.78,0.604,4
-122.240595,37.862238,87.3,0.637,4
-122.240278,37.862238,86.9,0.648,4
-122.239961,37.862238,86.78,0.501,4
-122.239644,37.862238,86.97,0.227,4
-122.239327,37.862238,85.67,0.311,4
-122.23901,37.862238,83.49,0.613,4
-122.238693,37.862238,81.79,0.643,4
-122.238376,37.862238,80.01,0.748,4
-122.238059,37.862238,80.34,0.796,4
-122.237742,37.862238,79.81,0.813,4
-122.237425,37.862238,78.88,0.813,4
-122.237108,37.862238,78.37,0.814,4
-122.236791,37.862238,78.23,0.816,4
-122.236474,37.862238,78.37,0.813,4
-122.236157,37.862238,78.56,0.812,4
-122.235839,37.862238,78.84,0.817,4
-122.235522,37.862238,79.82,0.819,4
-122.235205,37.862238,80.89,0.768,4
-122.245033,37.861921,93.22,0.541,4
-122.244716,37.861921,91.92,0.555,4
-122.244399,37.861921,91.37,0.622,4
-122.244082,37.861921,90.91,0.645,4
-122.243765,37.861921,91.47,0.611,4
-122.243448,37.861921,90.93,0.486,4
-122.243131,37.861921,90.62,0.473,4
-122.242814,37.861921,89.69,0.497,4
-122.242497,37.861921,89.34,0.578,4
-122.24218,37.861921,89.17,0.605,4
-122.241863,37.861921,89.05,0.557,4
-122.241546,37.861921,88.72,0.546,4
-122.241229,37.861921,88.18,0.577,4
-122.240912,37.861921,87.53,0.602,4
-122.240595,37.861921,86.82,0.616,4
-122.240278,37.861921,86.22,0.576,4
-122.239961,37.861921,85.65,0.484,4
-122.239644,37.861921,85.26,0.378,4
-122.239327,37.861921,84.03,0.429,4
-122.23901,37.861921,82.09,0.65,4
-122.238693,37.861921,80.51,0.74,4
-122.238376,37.861921,79.05,0.79,4
-122.238059,37.861921,79.67,0.814,4
-122.237742,37.861921,79.53,0.81,4
-122.237425,37.861921,79.02,0.799,4
-122.237108,37.861921,78.76,0.808,4
-122.236791,37.861921,78.75,0.83,4
-122.236474,37.861921,78.93,0.84,4
-122.236157,37.861921,79.16,0.833,4
-122.235839,37.861921,79.5,0.827,4
-122.235522,37.861921,80.38,0.829,4
-122.243448,37.861604,91.08,0.596,4
-122.243131,37.861604,90.6,0.483,4
-122.242814,37.861604,89.55,0.491,4
-122.242497,37.861604,89.22,0.584,4
-122.24218,37.861604,89.14,0.561,4
-122.241863,37.861604,88.85,0.521,4
-122.241546,37.861604,88.31,0.546,4
-122.241229,37.861604,87.54,0.641,4
-122.240912,37.861604,86.78,0.66,4
-122.240595,37.861604,86.17,0.533,4
-122.240278,37.861604,85.33,0.501,4
-122.239961,37.861604,84.08,0.669,4
-122.239644,37.861604,82.91,0.749,4
-122.239327,37.861604,81.84,0.724,4
-122.23901,37.861604,80.52,0.77,4
-122.238693,37.861604,79.46,0.808,4
-122.238376,37.861604,78.57,0.814,4
-122.238059,37.861604,79.81,0.815,4
-122.237742,37.861604,80.24,0.811,4
-122.237425,37.861604,80.41,0.8,4
-122.237108,37.861604,80.76,0.806,4
-122.236791,37.861604,81.01,0.823,4
-122.236474,37.861604,81.19,0.829,4
-122.236157,37.861604,81.28,0.83,4
-122.235839,37.861604,81.32,0.837,4
-122.235522,37.861604,81.96,0.836,4
-122.24218,37.861287,88.58,0.577,4
-122.241863,37.861287,88.16,0.622,4
-122.241546,37.861287,87.57,0.595,4
-122.241229,37.861287,86.86,0.562,4
-122.240912,37.861287,85.95,0.574,4
-122.240595,37.861287,85.15,0.592,4
-122.240278,37.861287,84.22,0.681,4
-122.239961,37.861287,83.26,0.788,4
-122.239644,37.861287,82.43,0.793,4
-122.239327,37.861287,81.54,0.782,4
-122.23901,37.861287,80.54,0.755,4
-122.238693,37.861287,79.9,0.737,4
-122.238376,37.861287,79.61,0.746,4
-122.238059,37.861287,81.44,0.776,4
-122.237742,37.861287,82.39,0.725,4
-122.237425,37.861287,83.12,0.7,4
-122.237108,37.861287,83.86,0.727,4
-122.236791,37.861287,84.54,0.705,4
-122.236474,37.861287,85.09,0.654,4
-122.236157,37.861287,85.02,0.679,4
-122.235839,37.861287,84.39,0.74,4
-122.240595,37.86097,84.41,0.715,4
-122.240278,37.86097,83.64,0.814,4
-122.239961,37.86097,83.11,0.821,4
-122.239644,37.86097,82.91,0.748,4
-122.239327,37.86097,83.18,0.626,4
-122.23901,37.86097,82.64,0.687,4
-122.238693,37.86097,82.82,0.597,4
-122.238376,37.86097,82.68,0.659,4
-122.238059,37.86097,84.23,0.691,4
-122.237742,37.86097,85.21,0.559,4
-122.237425,37.86097,86,0.445,4
-122.237108,37.86097,86.89,0.448,4
-122.236791,37.86097,87.82,0.487,4
-122.236474,37.86097,88.58,0.465,4
-122.236157,37.86097,88.48,0.461,4
-122.235839,37.86097,87.39,0.57,4
-122.239327,37.860653,84.7,0.462,4
-122.23901,37.860653,84.37,0.643,4
-122.238693,37.860653,85.15,0.659,4
-122.238376,37.860653,85.26,0.717,4
-122.238059,37.860653,86.05,0.665,4
-122.237742,37.860653,87.74,0.592,4
-122.237425,37.860653,88.52,0.526,4
-122.237108,37.860653,89.32,0.463,4
-122.236791,37.860653,90.26,0.427,4
-122.236474,37.860653,90.95,0.415,4
-122.236157,37.860653,91.13,0.414,4
