"longitude","latitude","temperature","ndvi","valid_observations"
-119.835048,34.426606,107.86,0.115,2
-119.834736,34.426606,108.43,0.116,2
-119.834423,34.426606,108.74,0.113,2
-119.834111,34.426606,108.83,0.078,2
-119.833799,34.426606,108.52,0.087,2
-119.833487,34.426606,108.42,0.089,2
-119.833175,34.426606,108.23,0.083,2
-119.832863,34.426606,107.56,0.109,2
-119.832551,34.426606,107.01,0.139,2
-119.832238,34.426606,106.31,0.178,2
-119.831926,34.426606,105.4,0.268,2
-119.831614,34.426606,104.33,0.313,2
-119.831302,34.426606,103.34,0.322,2
-119.83099,34.426606,102.86,0.26,2
-119.830678,34.426606,102.87,0.23,2
-119.830366,34.426606,103.13,0.2,2
-119.830053,34.426606,103.01,0.224,2
-119.829741,34.426606,102.05,0.248,2
-119.829429,34.426606,101.15,0.227,2
-119.842227,34.426294,109.72,0.326,2
-119.841915,34.426294,109.81,0.3,2
-119.841603,34.426294,109.89,0.257,2
-119.841291,34.426294,109.91,0.16,2
-119.840978,34.426294,109.75,0.239,2
-119.840666,34.426294,109.42,0.265,2
-119.840354,34.426294,109.07,0.125,2
-119.840042,34.426294,108.9,0.169,2
-119.83973,34.426294,109.17,0.282,2
-119.839418,34.426294,109.08,0.271,2
-119.839106,34.426294,108.79,0.179,2
-119.838793,34.426294,108.8,0.194,2
-119.838481,34.426294,108.26,0.177,2
-119.838169,34.426294,107.45,0.097,2
-119.837857,34.426294,106.72,0.038,2
-119.837545,34.426294,106.17,0.022,2
-119.837233,34.426294,105.83,0.022,2
-119.836921,34.426294,105.73,0.023,2
-119.836608,34.426294,105.91,0.034,2
-119.836296,34.426294,106.32,0.09,2
-119.835984,34.426294,106.58,0.162,2
-119.835672,34.426294,106.56,0.171,2
-119.83536,34.426294,106.93,0.164,2
-119.835048,34.426294,107.35,0.127,2
-119.834736,34.426294,107.84,0.121,2
-119.834423,34.426294,108.14,0.129,2
-119.834111,34.426294,108.2,0.104,2
-119.833799,34.426294,107.73,0.086,2
-119.833487,34.426294,107.43,0.097,2
-119.833175,34.426294,107.03,0.106,2
-119.832863,34.426294,106.27,0.144,2
-119.832551,34.426294,105.72,0.148,2
-119.832238,34.426294,105.02,0.215,2
-119.831926,34.426294,104.04,0.304,2
-119.831614,34.426294,102.92,0.294,2
-119.831302,34.426294,101.97,0.256,2
-119.83099,34.426294,101.64,0.239,2
-119.830678,34.426294,101.82,0.259,2
-119.830366,34.426294,102.19,0.248,2
-119.830053,34.426294,102.12,0.208,2
-119.829741,34.426294,101.33,0.163,2
-119.829429,34.426294,100.09,0.147,2
-119.829117,34.426294,99.25,0.246,2
-119.828805,34.426294,99.52,0.302,2
-119.828493,34.426294,100.04,0.144,2
-119.845973,34.425981,101.42,0.405,2
-119.845661,34.425981,102.36,0.425,2
-119.845348,34.425981,103.78,0.389,2
-119.845036,34.425981,104.98,0.32,2
-119.844724,34.425981,106.19,0.292,2
-119.844412,34.425981,107.35,0.312,2
-119.8441,34.425981,108.31,0.344,2
-119.843788,34.425981,109.2,0.359,2
-119.843476,34.425981,109.72,0.361,2
-119.843163,34.425981,109.89,0.363,2
-119.842851,34.425981,110.03,0.353,2
-119.842539,34.425981,110.14,0.329,2
-119.842227,34.425981,110.27,0.329,2
-119.841915,34.425981,110.41,0.331,2
-119.841603,34.425981,110.49,0.308,2
-119.841291,34.425981,110.46,0.21,2
-119.840978,34.425981,110.06,0.252,2
-119.840666,34.425981,109.55,0.325,2
-119.840354,34.425981,109.06,0.19,2
-119.840042,34.425981,108.85,0.164,2
-119.83973,34.425981,109.1,0.271,2
-119.839418,34.425981,109.21,0.283,2
-119.839106,34.425981,108.93,0.227,2
-119.838793,34.425981,108.72,0.213,2
-119.838481,34.425981,108.03,0.207,2
-119.838169,34.425981,107.06,0.129,2
-119.837857,34.425981,106.27,0.046,2
-119.837545,34.425981,105.61,0.018,2
-119.837233,34.425981,105.03,0.02,2
-119.836921,34.425981,104.68,0.027,2
-119.836608,34.425981,104.72,0.053,2
-119.836296,34.425981,105.14,0.133,2
-119.835984,34.425981,105.56,0.211,2
-119.835672,34.425981,105.75,0.221,2
-119.83536,34.425981,106.03,0.251,2
-119.835048,34.425981,106.18,0.152,2
-119.834736,34.425981,105.77,0.125,2
-119.834423,34.425981,105.92,0.137,2
-119.834111,34.425981,105.86,0.115,2
-119.833799,34.425981,105.58,0.093,2
-119.833487,34.425981,104.96,0.105,2
-119.833175,34.425981,104.22,0.129,2
-119.832863,34.425981,103.68,0.177,2
-119.832551,34.425981,103.05,0.224,2
-119.832238,34.425981,102.37,0.258,2
-119.831926,34.425981,101.56,0.297,2
-119.831614,34.425981,100.7,0.33,2
-119.831302,34.425981,100.09,0.327,2
-119.83099,34.425981,100.02,0.271,2
-119.830678,34.425981,100.4,0.232,2
-119.830366,34.425981,100.86,0.225,2
-119.830053,34.425981,100.91,0.187,2
-119.829741,34.425981,100.39,0.134,2
-119.829429,34.425981,99.63,0.152,2
-119.829117,34.425981,99.25,0.28,2
-119.828805,34.425981,99.87,0.351,2
-119.828493,34.425981,100.7,0.171,2
-119.849406,34.425669,99.9,0.189,2
-119.849094,34.425669,100.22,0.149,2
-119.848782,34.425669,100.42,0.16,2
-119.84847,34.425669,100.08,0.233,2
-119.848158,34.425669,99.86,0.304,2
-119.847846,34.425669,99.71,0.421,2
-119.847533,34.425669,99.36,0.472,2
-119.847221,34.425669,98.89,0.436,2
-119.846909,34.425669,98.4,0.437,2
-119.846597,34.425669,98.07,0.472,2
-119.846285,34.425669,97.97,0.496,2
-119.845973,34.425669,98.62,0.472,2
-119.845661,34.425669,99.74,0.448,2
-119.845348,34.425669,101.23,0.438,2
-119.845036,34.425669,102.59,0.402,2
-119.844724,34.425669,104,0.343,2
-119.844412,34.425669,105.53,0.315,2
-119.8441,34.425669,106.97,0.326,2
-119.843788,34.425669,108.22,0.347,2
-119.843476,34.425669,108.95,0.359,2
-119.843163,34.425669,109.56,0.357,2
-119.842851,34.425669,110.27,0.35,2
-119.842539,34.425669,110.6,0.324,2
-119.842227,34.425669,110.93,0.318,2
-119.841915,34.425669,111.18,0.323,2
-119.841603,34.425669,111.29,0.317,2
-119.841291,34.425669,111.19,0.269,2
-119.840978,34.425669,110.42,0.223,2
-119.840666,34.425669,109.77,0.307,2
-119.840354,34.425669,109.23,0.248,2
-119.840042,34.425669,108.98,0.142,2
-119.83973,34.425669,109.1,0.246,2
-119.839418,34.425669,109.21,0.281,2
-119.839106,34.425669,108.95,0.253,2
-119.838793,34.425669,108.57,0.203,2
-119.838481,34.425669,107.83,0.211,2
-119.838169,34.425669,106.84,0.164,2
-119.837857,34.425669,106.05,0.068,2
-119.837545,34.425669,105.3,0.021,2
-119.837233,34.425669,104.5,0.017,2
-119.836921,34.425669,103.98,0.029,2
-119.836608,34.425669,103.9,0.091,2
-119.836296,34.425669,104.25,0.185,2
-119.835984,34.425669,104.63,0.188,2
-119.835672,34.425669,104.64,0.218,2
-119.83536,34.425669,104.5,0.305,2
-119.835048,34.425669,104.28,0.252,2
-119.834736,34.425669,103.31,0.16,2
-119.834423,34.425669,103.18,0.153,2
-119.834111,34.425669,102.97,0.124,2
-119.833799,34.425669,102.81,0.161,2
-119.833487,34.425669,102.21,0.224,2
-119.833175,34.425669,101.4,0.274,2
-119.832863,34.425669,100.7,0.34,2
-119.832551,34.425669,99.98,0.337,2
-119.832238,34.425669,99.37,0.351,2
-119.831926,34.425669,98.87,0.39,2
-119.831614,34.425669,98.4,0.405,2
-119.831302,34.425669,98.12,0.365,2
-119.83099,34.425669,98.26,0.282,2
-119.830678,34.425669,98.77,0.206,2
-119.830366,34.425669,99.28,0.253,2
-119.830053,34.425669,99.37,0.31,2
-119.829741,34.425669,99.01,0.216,2
-119.829429,34.425669,98.57,0.142,2
-119.829117,34.425669,98.58,0.258,2
-119.828805,34.425669,99.61,0.387,2
-119.828493,34.425669,100.8,0.23,2
-119.853152,34.425357,97.19,0.381,2
-119.85284,34.425357,96.75,0.386,2
-119.852528,34.425357,96.34,0.384,2
-119.852215,34.425357,96.17,0.376,2
-119.851903,34.425357,96.02,0.362,2
-119.851591,34.425357,95.93,0.359,2
-119.851279,34.425357,95.96,0.387,2
-119.850967,34.425357,96.14,0.397,2
-119.850655,34.425357,96.43,0.333,2
-119.850343,34.425357,96.66,0.28,2
-119.850031,34.425357,96.9,0.348,2
-119.849718,34.425357,97.22,0.422,2
-119.849406,34.425357,97.87,0.27,2
-119.849094,34.425357,98.01,0.213,2
-119.848782,34.425357,98.15,0.281,2
-119.84847,34.425357,97.86,0.384,2
-119.848158,34.425357,97.73,0.289,2
-119.847846,34.425357,97.87,0.368,2
-119.847533,34.425357,97.75,0.404,2
-119.847221,34.425357,97.42,0.427,2
-119.846909,34.425357,96.93,0.454,2
-119.846597,34.425357,96.49,0.483,2
-119.846285,34.425357,96.23,0.455,2
-119.845973,34.425357,96.56,0.344,2
-119.845661,34.425357,97.4,0.226,2
-119.845348,34.425357,98.7,0.216,2
-119.845036,34.425357,100.03,0.303,2
-119.844724,34.425357,101.5,0.373,2
-119.844412,34.425357,103.31,0.362,2
-119.8441,34.425357,105.13,0.323,2
-119.843788,34.425357,106.77,0.334,2
-119.843476,34.425357,107.91,0.355,2
-119.843163,34.425357,108.92,0.36,2
-119.842851,34.425357,109.96,0.347,2
-119.842539,34.425357,110.54,0.321,2
-119.842227,34.425357,111.09,0.325,2
-119.841915,34.425357,111.54,0.322,2
-119.841603,34.425357,111.69,0.309,2
-119.841291,34.425357,111.59,0.282,2
-119.840978,34.425357,110.76,0.202,2
-119.840666,34.425357,110.09,0.278,2
-119.840354,34.425357,109.57,0.28,2
-119.840042,34.425357,109.31,0.15,2
-119.83973,34.425357,109.33,0.214,2
-119.839418,34.425357,109.36,0.269,2
-119.839106,34.425357,109.33,0.263,2
-119.838793,34.425357,108.91,0.2,2
-119.838481,34.425357,108.1,0.211,2
-119.838169,34.425357,107.09,0.195,2
-119.837857,34.425357,106.16,0.101,2
-119.837545,34.425357,105.25,0.033,2
-119.837233,34.425357,104.29,0.015,2
-119.836921,34.425357,103.63,0.031,2
-119.836608,34.425357,103.39,0.096,2
-119.836296,34.425357,103.49,0.17,2
-119.835984,34.425357,103.48,0.157,2
-119.835672,34.425357,103.05,0.183,2
-119.83536,34.425357,102.38,0.258,2
-119.835048,34.425357,101.57,0.357,2
-119.834736,34.425357,100.06,0.46,2
-119.834423,34.425357,99.69,0.369,2
-119.834111,34.425357,99.42,0.253,2
-119.833799,34.425357,99.4,0.29,2
-119.833487,34.425357,99.11,0.376,2
-119.833175,34.425357,98.59,0.507,2
-119.832863,34.425357,98.11,0.602,2
-119.832551,34.425357,97.48,0.468,2
-119.832238,34.425357,96.89,0.386,2
-119.831926,34.425357,96.46,0.383,2
-119.831614,34.425357,96.21,0.376,2
-119.831302,34.425357,96.22,0.355,2
-119.83099,34.425357,96.61,0.295,2
-119.830678,34.425357,97.2,0.222,2
-119.830366,34.425357,97.6,0.291,2
-119.830053,34.425357,97.53,0.437,2
-119.829741,34.425357,97.07,0.427,2
-119.829429,34.425357,96.73,0.353,2
-119.829117,34.425357,97.08,0.427,2
-119.828805,34.425357,98.63,0.512,2
-119.828493,34.425357,100.22,0.27,2
-119.855649,34.425045,94.29,0.529,2
-119.855337,34.425045,95.26,0.423,2
-119.855025,34.425045,96.19,0.405,2
-119.854713,34.425045,96.87,0.366,2
-119.8544,34.425045,97.28,0.362,2
-119.854088,34.425045,97.33,0.408,2
-119.853776,34.425045,97.03,0.443,2
-119.853464,34.425045,96.47,0.459,2
-119.853152,34.425045,96.18,0.426,2
-119.85284,34.425045,95.88,0.405,2
-119.852528,34.425045,95.59,0.406,2
-119.852215,34.425045,95.42,0.409,2
-119.851903,34.425045,95.2,0.401,2
-119.851591,34.425045,94.99,0.4,2
-119.851279,34.425045,94.94,0.415,2
-119.850967,34.425045,94.97,0.423,2
-119.850655,34.425045,95.1,0.417,2
-119.850343,34.425045,95.16,0.437,2
-119.850031,34.425045,95.22,0.522,2
-119.849718,34.425045,95.23,0.572,2
-119.849406,34.425045,95.32,0.392,2
-119.849094,34.425045,95.39,0.298,2
-119.848782,34.425045,95.57,0.469,2
-119.84847,34.425045,95.47,0.497,2
-119.848158,34.425045,95.67,0.413,2
-119.847846,34.425045,96.33,0.378,2
-119.847533,34.425045,96.79,0.399,2
-119.847221,34.425045,96.79,0.428,2
-119.846909,34.425045,96.42,0.44,2
-119.846597,34.425045,95.9,0.427,2
-119.846285,34.425045,95.47,0.403,2
-119.845973,34.425045,95.46,0.321,2
-119.845661,34.425045,95.88,0.203,2
-119.845348,34.425045,96.79,0.141,2
-119.845036,34.425045,98.01,0.171,2
-119.844724,34.425045,99.5,0.291,2
-119.844412,34.425045,101.38,0.399,2
-119.8441,34.425045,103.21,0.378,2
-119.843788,34.425045,104.82,0.333,2
-119.843476,34.425045,106.28,0.334,2
-119.843163,34.425045,107.64,0.353,2
-119.842851,34.425045,109.16,0.347,2
-119.842539,34.425045,110.04,0.321,2
-119.842227,34.425045,110.79,0.321,2
-119.841915,34.425045,111.39,0.306,2
-119.841603,34.425045,111.68,0.296,2
-119.841291,34.425045,111.63,0.28,2
-119.840978,34.425045,111.07,0.212,2
-119.840666,34.425045,110.44,0.264,2
-119.840354,34.425045,109.95,0.286,2
-119.840042,34.425045,109.55,0.165,2
-119.83973,34.425045,109.43,0.173,2
-119.839418,34.425045,109.37,0.248,2
-119.839106,34.425045,109.45,0.272,2
-119.838793,34.425045,109.15,0.215,2
-119.838481,34.425045,108.43,0.204,2
-119.838169,34.425045,107.47,0.214,2
-119.837857,34.425045,106.48,0.144,2
-119.837545,34.425045,105.43,0.051,2
-119.837233,34.425045,104.34,0.022,2
-119.836921,34.425045,103.54,0.036,2
-119.836608,34.425045,103.12,0.078,2
-119.836296,34.425045,102.97,0.148,2
-119.835984,34.425045,102.64,0.229,2
-119.835672,34.425045,101.77,0.155,2
-119.83536,34.425045,100.65,0.21,2
-119.835048,34.425045,99.37,0.435,2
-119.834736,34.425045,97.38,0.653,2
-119.834423,34.425045,96.56,0.524,2
-119.834111,34.425045,95.97,0.406,2
-119.833799,34.425045,96.11,0.427,2
-119.833487,34.425045,96.18,0.492,2
-119.833175,34.425045,96.23,0.559,2
-119.832863,34.425045,96.11,0.561,2
-119.832551,34.425045,95.72,0.469,2
-119.832238,34.425045,95.2,0.405,2
-119.831926,34.425045,94.73,0.375,2
-119.831614,34.425045,94.49,0.347,2
-119.831302,34.425045,94.61,0.325,2
-119.83099,34.425045,94.91,0.282,2
-119.830678,34.425045,95.3,0.243,2
-119.830366,34.425045,95.58,0.323,2
-119.830053,34.425045,95.48,0.483,2
-119.829741,34.425045,95.14,0.577,2
-119.829429,34.425045,94.76,0.608,2
-119.829117,34.425045,95.21,0.595,2
-119.828805,34.425045,96.84,0.536,2
-119.828493,34.425045,98.91,0.323,2
-119.857522,34.424733,92.51,0.575,2
-119.85721,34.424733,92.93,0.516,2
-119.856898,34.424733,93.04,0.453,2
-119.856585,34.424733,93.14,0.393,2
-119.856273,34.424733,93.09,0.49,2
-119.855961,34.424733,93.22,0.563,2
-119.855649,34.424733,93.86,0.56,2
-119.855337,34.424733,94.72,0.435,2
-119.855025,34.424733,95.63,0.413,2
-119.854713,34.424733,96.4,0.373,2
-119.8544,34.424733,96.91,0.357,2
-119.854088,34.424733,97.08,0.38,2
-119.853776,34.424733,96.75,0.411,2
-119.853464,34.424733,96.04,0.455,2
-119.853152,34.424733,95.33,0.473,2
-119.85284,34.424733,94.85,0.456,2
-119.852528,34.424733,94.6,0.439,2
-119.852215,34.424733,94.45,0.432,2
-119.851903,34.424733,94.33,0.436,2
-119.851591,34.424733,94.25,0.44,2
-119.851279,34.424733,94.16,0.419,2
-119.850967,34.424733,94.08,0.395,2
-119.850655,34.424733,94.02,0.381,2
-119.850343,34.424733,93.99,0.43,2
-119.850031,34.424733,93.99,0.479,2
-119.849718,34.424733,93.8,0.525,2
-119.849406,34.424733,93.82,0.42,2
-119.849094,34.424733,93.83,0.339,2
-119.848782,34.424733,94.06,0.446,2
-119.84847,34.424733,94.04,0.524,2
-119.848158,34.424733,94.47,0.441,2
-119.847846,34.424733,95.62,0.388,2
-119.847533,34.424733,96.43,0.387,2
-119.847221,34.424733,96.6,0.348,2
-119.846909,34.424733,96.29,0.366,2
-119.846597,34.424733,95.75,0.374,2
-119.846285,34.424733,95.24,0.368,2
-119.845973,34.424733,94.97,0.372,2
-119.845661,34.424733,95.01,0.349,2
-119.845348,34.424733,95.5,0.318,2
-119.845036,34.424733,96.52,0.324,2
-119.844724,34.424733,98,0.358,2
-119.844412,34.424733,99.83,0.398,2
-119.8441,34.424733,101.53,0.423,2
-119.843788,34.424733,102.89,0.405,2
-119.843476,34.424733,104.47,0.334,2
-119.843163,34.424733,106.06,0.349,2
-119.842851,34.424733,107.99,0.349,2
-119.842539,34.424733,109.18,0.322,2
-119.842227,34.424733,110.2,0.316,2
-119.841915,34.424733,111.01,0.321,2
-119.841603,34.424733,111.46,0.313,2
-119.841291,34.424733,111.47,0.309,2
-119.840978,34.424733,111.14,0.253,2
-119.840666,34.424733,110.59,0.26,2
-119.840354,34.424733,110.11,0.296,2
-119.840042,34.424733,109.84,0.223,2
-119.83973,34.424733,109.65,0.154,2
-119.839418,34.424733,109.55,0.226,2
-119.839106,34.424733,109.55,0.277,2
-119.838793,34.424733,109.38,0.251,2
-119.838481,34.424733,108.82,0.203,2
-119.838169,34.424733,108.14,0.198,2
-119.837857,34.424733,107.21,0.165,2
-119.837545,34.424733,105.9,0.072,2
-119.837233,34.424733,104.71,0.048,2
-119.836921,34.424733,103.77,0.057,2
-119.836608,34.424733,103.16,0.078,2
-119.836296,34.424733,102.76,0.137,2
-119.835984,34.424733,102.16,0.196,2
-119.835672,34.424733,100.82,0.144,2
-119.83536,34.424733,99.47,0.176,2
-119.835048,34.424733,97.96,0.401,2
-119.834736,34.424733,95.75,0.679,2
-119.834423,34.424733,94.56,0.59,2
-119.834111,34.424733,93.68,0.452,2
-119.833799,34.424733,93.96,0.474,2
-119.833487,34.424733,94.4,0.525,2
-119.833175,34.424733,94.96,0.433,2
-119.832863,34.424733,95.02,0.335,2
-119.832551,34.424733,94.64,0.307,2
-119.832238,34.424733,93.94,0.273,2
-119.831926,34.424733,93.26,0.248,2
-119.831614,34.424733,92.93,0.245,2
-119.831302,34.424733,93.12,0.263,2
-119.83099,34.424733,93.47,0.277,2
-119.830678,34.424733,93.84,0.272,2
-119.830366,34.424733,94.16,0.337,2
-119.830053,34.424733,94.07,0.488,2
-119.829741,34.424733,93.86,0.571,2
-119.829429,34.424733,93.5,0.609,2
-119.829117,34.424733,93.96,0.609,2
-119.828805,34.424733,95.42,0.522,2
-119.828493,34.424733,97.09,0.424,2
-119.860331,34.424421,98.55,0.292,2
-119.860019,34.424421,98.21,0.263,2
-119.859707,34.424421,97.2,0.291,2
-119.859395,34.424421,96.07,0.325,2
-119.859083,34.424421,94.65,0.412,2
-119.85877,34.424421,93.31,0.526,2
-119.858458,34.424421,92.23,0.58,2
-119.858146,34.424421,91.77,0.552,2
-119.857834,34.424421,91.97,0.531,2
-119.857522,34.424421,92.37,0.533,2
-119.85721,34.424421,92.71,0.5,2
-119.856898,34.424421,92.73,0.472,2
-119.856585,34.424421,92.63,0.421,2
-119.856273,34.424421,92.58,0.451,2
-119.855961,34.424421,92.7,0.613,2
-119.855649,34.424421,93.18,0.647,2
-119.855337,34.424421,93.82,0.505,2
-119.855025,34.424421,94.76,0.43,2
-119.854713,34.424421,95.78,0.387,2
-119.8544,34.424421,96.56,0.385,2
-119.854088,34.424421,96.79,0.394,2
-119.853776,34.424421,96.47,0.395,2
-119.853464,34.424421,95.7,0.423,2
-119.853152,34.424421,94.89,0.467,2
-119.85284,34.424421,94.44,0.482,2
-119.852528,34.424421,94.3,0.472,2
-119.852215,34.424421,94.22,0.461,2
-119.851903,34.424421,94.16,0.446,2
-119.851591,34.424421,94.11,0.439,2
-119.851279,34.424421,94.05,0.442,2
-119.850967,34.424421,93.97,0.435,2
-119.850655,34.424421,93.86,0.421,2
-119.850343,34.424421,93.73,0.415,2
-119.850031,34.424421,93.6,0.423,2
-119.849718,34.424421,93.29,0.446,2
-119.849406,34.424421,93.19,0.426,2
-119.849094,34.424421,93.1,0.419,2
-119.848782,34.424421,93.29,0.469,2
-119.84847,34.424421,93.34,0.48,2
-119.848158,34.424421,93.88,0.384,2
-119.847846,34.424421,95.13,0.392,2
-119.847533,34.424421,96.04,0.345,2
-119.847221,34.424421,96.29,0.26,2
-119.846909,34.424421,96.07,0.296,2
-119.846597,34.424421,95.65,0.354,2
-119.846285,34.424421,95.18,0.371,2
-119.845973,34.424421,94.83,0.403,2
-119.845661,34.424421,94.62,0.447,2
-119.845348,34.424421,94.72,0.468,2
-119.845036,34.424421,95.37,0.447,2
-119.844724,34.424421,96.63,0.381,2
-119.844412,34.424421,98.34,0.346,2
-119.8441,34.424421,99.88,0.395,2
-119.843788,34.424421,101.04,0.466,2
-119.843476,34.424421,102.53,0.432,2
-119.843163,34.424421,104.13,0.367,2
-119.842851,34.424421,106.16,0.334,2
-119.842539,34.424421,107.52,0.305,2
-119.842227,34.424421,108.79,0.332,2
-119.841915,34.424421,109.91,0.341,2
-119.841603,34.424421,110.59,0.315,2
-119.841291,34.424421,110.8,0.267,2
-119.840978,34.424421,110.76,0.217,2
-119.840666,34.424421,110.43,0.227,2
-119.840354,34.424421,109.96,0.285,2
-119.840042,34.424421,109.59,0.268,2
-119.83973,34.424421,109.3,0.17,2
-119.839418,34.424421,109.24,0.205,2
-119.839106,34.424421,109.49,0.269,2
-119.838793,34.424421,109.56,0.272,2
-119.838481,34.424421,109.08,0.221,2
-119.838169,34.424421,108.41,0.194,2
-119.837857,34.424421,107.56,0.179,2
-119.837545,34.424421,106.28,0.093,2
-119.837233,34.424421,105.02,0.043,2
-119.836921,34.424421,103.97,0.03,2
-119.836608,34.424421,103.16,0.057,2
-119.836296,34.424421,102.51,0.126,2
-119.835984,34.424421,101.75,0.214,2
-119.835672,34.424421,100.29,0.182,2
-119.83536,34.424421,98.91,0.179,2
-119.835048,34.424421,97.4,0.519,2
-119.834736,34.424421,95.08,0.788,2
-119.834423,34.424421,93.69,0.609,2
-119.834111,34.424421,92.71,0.476,2
-119.833799,34.424421,93.11,0.479,2
-119.833487,34.424421,93.95,0.464,2
-119.833175,34.424421,94.85,0.319,2
-119.832863,34.424421,94.97,0.156,2
-119.832551,34.424421,94.33,0.11,2
-119.832238,34.424421,93.24,0.119,2
-119.831926,34.424421,91.09,0.113,2
-119.831614,34.424421,89.74,0.111,2
-119.831302,34.424421,91.07,0.183,2
-119.83099,34.424421,92.66,0.272,2
-119.830678,34.424421,92.99,0.281,2
-119.830366,34.424421,93.28,0.338,2
-119.830053,34.424421,93.2,0.492,2
-119.829741,34.424421,93.16,0.546,2
-119.829429,34.424421,92.98,0.56,2
-119.829117,34.424421,93.47,0.562,2
-119.828805,34.424421,94.67,0.565,2
-119.828493,34.424421,95.97,0.48,2
-119.864077,34.424109,99.11,0.454,2
-119.863765,34.424109,97.8,0.572,2
-119.863453,34.424109,96.42,0.708,2
-119.86314,34.424109,95.52,0.662,2
-119.862828,34.424109,95.09,0.553,2
-119.862516,34.424109,95.44,0.475,2
-119.862204,34.424109,96.01,0.419,2
-119.861892,34.424109,96.41,0.406,2
-119.86158,34.424109,96.56,0.421,2
-119.861268,34.424109,96.59,0.436,2
-119.860955,34.424109,96.81,0.456,2
-119.860643,34.424109,97.06,0.45,2
-119.860331,34.424109,97.25,0.44,2
-119.860019,34.424109,96.91,0.393,2
-119.859707,34.424109,96.2,0.308,2
-119.859395,34.424109,95.55,0.29,2
-119.859083,34.424109,94.5,0.348,2
-119.85877,34.424109,93.4,0.455,2
-119.858458,34.424109,92.5,0.526,2
-119.858146,34.424109,92.19,0.51,2
-119.857834,34.424109,92.26,0.505,2
-119.857522,34.424109,92.38,0.493,2
-119.85721,34.424109,92.5,0.473,2
-119.856898,34.424109,92.5,0.462,2
-119.856585,34.424109,92.43,0.47,2
-119.856273,34.424109,92.32,0.502,2
-119.855961,34.424109,92.16,0.655,2
-119.855649,34.424109,92.32,0.721,2
-119.855337,34.424109,92.76,0.547,2
-119.855025,34.424109,93.74,0.451,2
-119.854713,34.424109,94.95,0.398,2
-119.8544,34.424109,95.93,0.378,2
-119.854088,34.424109,96.29,0.378,2
-119.853776,34.424109,96.08,0.377,2
-119.853464,34.424109,95.49,0.395,2
-119.853152,34.424109,94.94,0.428,2
-119.85284,34.424109,94.72,0.43,2
-119.852528,34.424109,94.72,0.42,2
-119.852215,34.424109,94.8,0.417,2
-119.851903,34.424109,94.86,0.395,2
-119.851591,34.424109,94.9,0.395,2
-119.851279,34.424109,94.9,0.389,2
-119.850967,34.424109,94.84,0.353,2
-119.850655,34.424109,94.69,0.368,2
-119.850343,34.424109,94.49,0.412,2
-119.850031,34.424109,94.2,0.42,2
-119.849718,34.424109,93.6,0.405,2
-119.849406,34.424109,93.32,0.346,2
-119.849094,34.424109,93.09,0.398,2
-119.848782,34.424109,93.18,0.482,2
-119.84847,34.424109,93.34,0.478,2
-119.848158,34.424109,93.68,0.413,2
-119.847846,34.424109,94.72,0.417,2
-119.847533,34.424109,95.63,0.379,2
-119.847221,34.424109,96.09,0.314,2
-119.846909,34.424109,96.14,0.311,2
-119.846597,34.424109,95.92,0.366,2
-119.846285,34.424109,95.53,0.401,2
-119.845973,34.424109,95.11,0.422,2
-119.845661,34.424109,94.74,0.455,2
-119.845348,34.424109,94.5,0.468,2
-119.845036,34.424109,94.69,0.436,2
-119.844724,34.424109,95.61,0.359,2
-119.844412,34.424109,96.94,0.288,2
-119.8441,34.424109,98.11,0.317,2
-119.843788,34.424109,98.93,0.394,2
-119.843476,34.424109,100.11,0.449,2
-119.843163,34.424109,101.46,0.438,2
-119.842851,34.424109,103.37,0.365,2
-119.842539,34.424109,104.79,0.289,2
-119.842227,34.424109,106.25,0.262,2
-119.841915,34.424109,107.63,0.299,2
-119.841603,34.424109,108.82,0.294,2
-119.841291,34.424109,109.56,0.29,2
-119.840978,34.424109,110.11,0.256,2
-119.840666,34.424109,110.09,0.206,2
-119.840354,34.424109,109.7,0.264,2
-119.840042,34.424109,109.17,0.305,2
-119.83973,34.424109,108.84,0.198,2
-119.839418,34.424109,108.9,0.184,2
-119.839106,34.424109,109.35,0.25,2
-119.838793,34.424109,109.63,0.279,2
-119.838481,34.424109,109.28,0.238,2
-119.838169,34.424109,108.68,0.211,2
-119.837857,34.424109,107.93,0.217,2
-119.837545,34.424109,106.71,0.129,2
-119.837233,34.424109,105.46,0.053,2
-119.836921,34.424109,104.29,0.014,2
-119.836608,34.424109,103.31,0.035,2
-119.836296,34.424109,102.42,0.104,2
-119.835984,34.424109,101.53,0.226,2
-119.835672,34.424109,100.07,0.272,2
-119.83536,34.424109,98.8,0.252,2
-119.835048,34.424109,97.35,0.525,2
-119.834736,34.424109,95.07,0.74,2
-119.834423,34.424109,93.68,0.585,2
-119.834111,34.424109,92.83,0.553,2
-119.833799,34.424109,93.54,0.579,2
-119.833487,34.424109,94.82,0.498,2
-119.833175,34.424109,95.91,0.304,2
-119.832863,34.424109,95.96,0.128,2
-119.832551,34.424109,95.06,0.068,2
-119.832238,34.424109,93.66,0.074,2
-119.831926,34.424109,91.05,0.011,2
-119.831614,34.424109,90.52,0.078,2
-119.831302,34.424109,91.99,0.251,2
-119.83099,34.424109,92.32,0.295,2
-119.830678,34.424109,92.47,0.285,2
-119.830366,34.424109,92.68,0.341,2
-119.830053,34.424109,92.65,0.494,2
-119.829741,34.424109,92.77,0.53,2
-119.829429,34.424109,92.77,0.517,2
-119.829117,34.424109,93.25,0.513,2
-119.828805,34.424109,94.06,0.525,2
-119.828493,34.424109,94.95,0.498,2
-119.867823,34.423796,101.78,0.402,2
-119.86751,34.423796,101.93,0.387,2
-119.867198,34.423796,102.05,0.319,2
-119.866886,34.423796,102.07,0.262,2
-119.866574,34.423796,102,0.269,2
-119.866262,34.423796,101.85,0.31,2
-119.86595,34.423796,101.69,0.356,2
-119.865638,34.423796,101.51,0.352,2
-119.865325,34.423796,101.05,0.302,2
-119.865013,34.423796,100.48,0.399,2
-119.864701,34.423796,100.19,0.493,2
-119.864389,34.423796,99.42,0.443,2
-119.864077,34.423796,98.45,0.392,2
-119.863765,34.423796,97.45,0.427,2
-119.863453,34.423796,96.32,0.583,2
-119.86314,34.423796,95.5,0.659,2
-119.862828,34.423796,95.05,0.558,2
-119.862516,34.423796,95.41,0.494,2
-119.862204,34.423796,95.86,0.444,2
-119.861892,34.423796,95.97,0.462,2
-119.86158,34.423796,95.74,0.504,2
-119.861268,34.423796,95.41,0.545,2
-119.860955,34.423796,95.38,0.551,2
-119.860643,34.423796,95.57,0.492,2
-119.860331,34.423796,95.84,0.453,2
-119.860019,34.423796,95.83,0.396,2
-119.859707,34.423796,95.49,0.32,2
-119.859395,34.423796,95.23,0.365,2
-119.859083,34.423796,94.54,0.408,2
-119.85877,34.423796,93.71,0.452,2
-119.858458,34.423796,93.08,0.476,2
-119.858146,34.423796,92.78,0.427,2
-119.857834,34.423796,92.44,0.476,2
-119.857522,34.423796,92.46,0.464,2
-119.85721,34.423796,92.59,0.46,2
-119.856898,34.423796,92.66,0.507,2
-119.856585,34.423796,92.58,0.511,2
-119.856273,34.423796,92.24,0.475,2
-119.855961,34.423796,91.95,0.64,2
-119.855649,34.423796,91.72,0.725,2
-119.855337,34.423796,91.95,0.577,2
-119.855025,34.423796,92.87,0.474,2
-119.854713,34.423796,94.16,0.423,2
-119.8544,34.423796,95.18,0.392,2
-119.854088,34.423796,95.61,0.378,2
-119.853776,34.423796,95.56,0.378,2
-119.853464,34.423796,95.24,0.404,2
-119.853152,34.423796,95.18,0.427,2
-119.85284,34.423796,95.41,0.422,2
-119.852528,34.423796,95.53,0.413,2
-119.852215,34.423796,95.71,0.4,2
-119.851903,34.423796,95.84,0.358,2
-119.851591,34.423796,95.92,0.306,2
-119.851279,34.423796,95.96,0.277,2
-119.850967,34.423796,95.9,0.266,2
-119.850655,34.423796,95.7,0.298,2
-119.850343,34.423796,95.47,0.366,2
-119.850031,34.423796,95.15,0.404,2
-119.849718,34.423796,94.36,0.421,2
-119.849406,34.423796,94.01,0.369,2
-119.849094,34.423796,93.67,0.416,2
-119.848782,34.423796,93.55,0.414,2
-119.84847,34.423796,93.63,0.441,2
-119.848158,34.423796,93.9,0.469,2
-119.847846,34.423796,94.42,0.446,2
-119.847533,34.423796,95.11,0.405,2
-119.847221,34.423796,95.69,0.281,2
-119.846909,34.423796,96.07,0.2,2
-119.846597,34.423796,96.18,0.279,2
-119.846285,34.423796,95.95,0.372,2
-119.845973,34.423796,95.49,0.376,2
-119.845661,34.423796,94.95,0.371,2
-119.845348,34.423796,94.5,0.408,2
-119.845036,34.423796,94.42,0.445,2
-119.844724,34.423796,94.82,0.424,2
-119.844412,34.423796,95.5,0.352,2
-119.8441,34.423796,96.28,0.269,2
-119.843788,34.423796,97.01,0.315,2
-119.843476,34.423796,97.94,0.419,2
-119.843163,34.423796,99.03,0.475,2
-119.842851,34.423796,100.37,0.439,2
-119.842539,34.423796,101.84,0.376,2
-119.842227,34.423796,103.41,0.312,2
-119.841915,34.423796,105,0.282,2
-119.841603,34.423796,106.52,0.27,2
-119.841291,34.423796,107.74,0.231,2
-119.840978,34.423796,109.23,0.242,2
-119.840666,34.423796,109.71,0.234,2
-119.840354,34.423796,109.51,0.247,2
-119.840042,34.423796,108.83,0.293,2
-119.83973,34.423796,108.47,0.216,2
-119.839418,34.423796,108.64,0.164,2
-119.839106,34.423796,109.16,0.224,2
-119.838793,34.423796,109.51,0.274,2
-119.838481,34.423796,109.27,0.245,2
-119.838169,34.423796,108.83,0.217,2
-119.837857,34.423796,108.24,0.231,2
-119.837545,34.423796,107.14,0.173,2
-119.837233,34.423796,105.94,0.07,2
-119.836921,34.423796,104.7,0.031,2
-119.836608,34.423796,103.54,0.029,2
-119.836296,34.423796,102.51,0.056,2
-119.835984,34.423796,101.57,0.129,2
-119.835672,34.423796,100.29,0.207,2
-119.83536,34.423796,99.2,0.267,2
-119.835048,34.423796,97.94,0.509,2
-119.834736,34.423796,95.95,0.733,2
-119.834423,34.423796,94.7,0.684,2
-119.834111,34.423796,94.07,0.626,2
-119.833799,34.423796,94.94,0.478,2
-119.833487,34.423796,96.4,0.326,2
-119.833175,34.423796,97.36,0.173,2
-119.832863,34.423796,97.29,0.111,2
-119.832551,34.423796,96.27,0.097,2
-119.832238,34.423796,94.73,0.116,2
-119.831926,34.423796,92.81,0.172,2
-119.831614,34.423796,92,0.265,2
-119.831302,34.423796,92.37,0.321,2
-119.83099,34.423796,92.4,0.292,2
-119.830678,34.423796,92.42,0.283,2
-119.830366,34.423796,92.49,0.362,2
-119.830053,34.423796,92.4,0.509,2
-119.829741,34.423796,92.44,0.522,2
-119.829429,34.423796,92.59,0.514,2
-119.829117,34.423796,93.05,0.548,2
-119.828805,34.423796,93.61,0.541,2
-119.828493,34.423796,94.24,0.477,2
-119.869071,34.423484,99.33,0.435,2
-119.868759,34.423484,99.56,0.464,2
-119.868447,34.423484,100.05,0.461,2
-119.868135,34.423484,100.8,0.392,2
-119.867823,34.423484,101.4,0.367,2
-119.86751,34.423484,101.6,0.411,2
-119.867198,34.423484,101.68,0.437,2
-119.866886,34.423484,101.67,0.418,2
-119.866574,34.423484,101.58,0.394,2
-119.866262,34.423484,101.39,0.398,2
-119.86595,34.423484,101.13,0.391,2
-119.865638,34.423484,100.86,0.434,2
-119.865325,34.423484,100.37,0.36,2
-119.865013,34.423484,99.75,0.335,2
-119.864701,34.423484,99.49,0.348,2
-119.864389,34.423484,98.8,0.36,2
-119.864077,34.423484,98.03,0.356,2
-119.863765,34.423484,97.37,0.335,2
-119.863453,34.423484,96.65,0.388,2
-119.86314,34.423484,96.21,0.491,2
-119.862828,34.423484,96.1,0.516,2
-119.862516,34.423484,96.66,0.559,2
-119.862204,34.423484,97.21,0.52,2
-119.861892,34.423484,97.24,0.517,2
-119.86158,34.423484,96.84,0.536,2
-119.861268,34.423484,96.25,0.552,2
-119.860955,34.423484,95.89,0.548,2
-119.860643,34.423484,95.76,0.511,2
-119.860331,34.423484,95.74,0.482,2
-119.860019,34.423484,95.63,0.419,2
-119.859707,34.423484,95.29,0.343,2
-119.859395,34.423484,95.09,0.423,2
-119.859083,34.423484,94.67,0.491,2
-119.85877,34.423484,94.16,0.495,2
-119.858458,34.423484,93.83,0.445,2
-119.858146,34.423484,93.6,0.379,2
-119.857834,34.423484,93.21,0.441,2
-119.857522,34.423484,93.41,0.473,2
-119.85721,34.423484,93.91,0.388,2
-119.856898,34.423484,94.28,0.375,2
-119.856585,34.423484,94.17,0.332,2
-119.856273,34.423484,93.45,0.327,2
-119.855961,34.423484,92.54,0.589,2
-119.855649,34.423484,91.84,0.722,2
-119.855337,34.423484,91.86,0.661,2
-119.855025,34.423484,92.59,0.551,2
-119.854713,34.423484,93.71,0.482,2
-119.8544,34.423484,94.61,0.442,2
-119.854088,34.423484,95,0.424,2
-119.853776,34.423484,95.06,0.44,2
-119.853464,34.423484,95.01,0.458,2
-119.853152,34.423484,95.22,0.441,2
-119.85284,34.423484,95.63,0.423,2
-119.852528,34.423484,95.8,0.423,2
-119.852215,34.423484,95.94,0.384,2
-119.851903,34.423484,95.97,0.319,2
-119.851591,34.423484,95.94,0.27,2
-119.851279,34.423484,95.93,0.223,2
-119.850967,34.423484,95.9,0.293,2
-119.850655,34.423484,95.77,0.347,2
-119.850343,34.423484,95.64,0.442,2
-119.850031,34.423484,95.49,0.462,2
-119.849718,34.423484,94.84,0.387,2
-119.849406,34.423484,94.58,0.384,2
-119.849094,34.423484,94.31,0.351,2
-119.848782,34.423484,94.16,0.243,2
-119.84847,34.423484,94.05,0.21,2
-119.848158,34.423484,94.14,0.375,2
-119.847846,34.423484,94.29,0.463,2
-119.847533,34.423484,94.72,0.426,2
-119.847221,34.423484,95.37,0.283,2
-119.846909,34.423484,96.02,0.179,2
-119.846597,34.423484,96.44,0.184,2
-119.846285,34.423484,96.49,0.193,2
-119.845973,34.423484,96.17,0.17,2
-119.845661,34.423484,95.58,0.188,2
-119.845348,34.423484,94.92,0.271,2
-119.845036,34.423484,94.4,0.354,2
-119.844724,34.423484,94.17,0.369,2
-119.844412,34.423484,94.25,0.359,2
-119.8441,34.423484,94.6,0.302,2
-119.843788,34.423484,94.97,0.277,2
-119.843476,34.423484,95.64,0.375,2
-119.843163,34.423484,96.51,0.471,2
-119.842851,34.423484,97.71,0.496,2
-119.842539,34.423484,99.14,0.475,2
-119.842227,34.423484,100.74,0.432,2
-119.841915,34.423484,102.48,0.343,2
-119.841603,34.423484,104.32,0.266,2
-119.841291,34.423484,105.93,0.179,2
-119.840978,34.423484,107.71,0.208,2
-119.840666,34.423484,108.55,0.28,2
-119.840354,34.423484,108.74,0.279,2
-119.840042,34.423484,108.42,0.231,2
-119.83973,34.423484,108.26,0.149,2
-119.839418,34.423484,108.46,0.119,2
-119.839106,34.423484,108.93,0.199,2
-119.838793,34.423484,109.27,0.278,2
-119.838481,34.423484,109.12,0.263,2
-119.838169,34.423484,108.81,0.223,2
-119.837857,34.423484,108.39,0.217,2
-119.837545,34.423484,107.41,0.204,2
-119.837233,34.423484,106.28,0.1,2
-119.836921,34.423484,105.05,0.064,2
-119.836608,34.423484,103.82,0.039,2
-119.836296,34.423484,102.71,0.036,2
-119.835984,34.423484,101.5,0.061,2
-119.835672,34.423484,100.69,0.067,2
-119.83536,34.423484,99.95,0.151,2
-119.835048,34.423484,99.16,0.315,2
-119.834736,34.423484,97.67,0.417,2
-119.834423,34.423484,96.76,0.531,2
-119.834111,34.423484,96.32,0.525,2
-119.833799,34.423484,97.1,0.331,2
-119.833487,34.423484,98.18,0.193,2
-119.833175,34.423484,98.65,0.151,2
-119.832863,34.423484,98.23,0.166,2
-119.832551,34.423484,97.08,0.16,2
-119.832238,34.423484,95.58,0.216,2
-119.831926,34.423484,94.23,0.291,2
-119.831614,34.423484,93.32,0.293,2
-119.831302,34.423484,92.78,0.282,2
-119.83099,34.423484,92.4,0.286,2
-119.830678,34.423484,92.09,0.303,2
-119.830366,34.423484,92.07,0.369,2
-119.830053,34.423484,92.04,0.524,2
-119.829741,34.423484,92.23,0.52,2
-119.829429,34.423484,92.53,0.493,2
-119.829117,34.423484,93.03,0.529,2
-119.828805,34.423484,93.51,0.487,2
-119.828493,34.423484,94.06,0.34,2
-119.869071,34.423172,99.6,0.38,2
-119.868759,34.423172,99.82,0.393,2
-119.868447,34.423172,100.23,0.393,2
-119.868135,34.423172,100.79,0.398,2
-119.867823,34.423172,101.23,0.39,2
-119.86751,34.423172,101.36,0.414,2
-119.867198,34.423172,101.38,0.484,2
-119.866886,34.423172,101.3,0.452,2
-119.866574,34.423172,101.15,0.419,2
-119.866262,34.423172,100.93,0.43,2
-119.86595,34.423172,100.65,0.383,2
-119.865638,34.423172,100.36,0.435,2
-119.865325,34.423172,99.8,0.418,2
-119.865013,34.423172,99.12,0.411,2
-119.864701,34.423172,98.83,0.314,2
-119.864389,34.423172,98.18,0.336,2
-119.864077,34.423172,97.57,0.414,2
-119.863765,34.423172,97.19,0.454,2
-119.863453,34.423172,96.87,0.417,2
-119.86314,34.423172,96.89,0.477,2
-119.862828,34.423172,97.27,0.53,2
-119.862516,34.423172,98.19,0.58,2
-119.862204,34.423172,98.99,0.452,2
-119.861892,34.423172,99.29,0.368,2
-119.86158,34.423172,99.2,0.396,2
-119.861268,34.423172,98.83,0.428,2
-119.860955,34.423172,98.4,0.451,2
-119.860643,34.423172,97.96,0.485,2
-119.860331,34.423172,97.5,0.514,2
-119.860019,34.423172,96.95,0.438,2
-119.859707,34.423172,96.26,0.305,2
-119.859395,34.423172,95.88,0.393,2
-119.859083,34.423172,95.46,0.468,2
-119.85877,34.423172,95.07,0.466,2
-119.858458,34.423172,94.71,0.464,2
-119.858146,34.423172,94.45,0.46,2
-119.857834,34.423172,94.15,0.512,2
-119.857522,34.423172,94.64,0.503,2
-119.85721,34.423172,95.61,0.185,2
-119.856898,34.423172,96.38,0.087,2
-119.856585,34.423172,96.34,0.138,2
-119.856273,34.423172,95.28,0.218,2
-119.855961,34.423172,93.86,0.542,2
-119.855649,34.423172,92.81,0.644,2
-119.855337,34.423172,92.69,0.612,2
-119.855025,34.423172,93.22,0.55,2
-119.854713,34.423172,93.96,0.473,2
-119.8544,34.423172,94.61,0.438,2
-119.854088,34.423172,94.99,0.463,2
-119.853776,34.423172,95.19,0.501,2
-119.853464,34.423172,95.31,0.479,2
-119.853152,34.423172,95.62,0.422,2
-119.85284,34.423172,96.06,0.425,2
-119.852528,34.423172,96.14,0.45,2
-119.852215,34.423172,96.1,0.404,2
-119.851903,34.423172,95.9,0.328,2
-119.851591,34.423172,95.57,0.326,2
-119.851279,34.423172,95.32,0.24,2
-119.850967,34.423172,95.18,0.327,2
-119.850655,34.423172,95.16,0.372,2
-119.850343,34.423172,95.16,0.487,2
-119.850031,34.423172,95.12,0.428,2
-119.849718,34.423172,94.67,0.313,2
-119.849406,34.423172,94.55,0.385,2
-119.849094,34.423172,94.42,0.306,2
-119.848782,34.423172,94.37,0.235,2
-119.84847,34.423172,94.25,0.221,2
-119.848158,34.423172,94.23,0.297,2
-119.847846,34.423172,94.13,0.432,2
-119.847533,34.423172,94.33,0.472,2
-119.847221,34.423172,94.95,0.396,2
-119.846909,34.423172,95.74,0.326,2
-119.846597,34.423172,96.35,0.238,2
-119.846285,34.423172,96.59,0.145,2
-119.845973,34.423172,96.47,0.136,2
-119.845661,34.423172,96.04,0.164,2
-119.845348,34.423172,95.26,0.205,2
-119.845036,34.423172,94.31,0.26,2
-119.844724,34.423172,93.48,0.251,2
-119.844412,34.423172,93.09,0.269,2
-119.8441,34.423172,93.02,0.409,2
-119.843788,34.423172,93.1,0.374,2
-119.843476,34.423172,93.57,0.445,2
-119.843163,34.423172,94.2,0.514,2
-119.842851,34.423172,95.13,0.522,2
-119.842539,34.423172,96.36,0.503,2
-119.842227,34.423172,97.87,0.497,2
-119.841915,34.423172,99.66,0.455,2
-119.841603,34.423172,101.61,0.344,2
-119.841291,34.423172,103.45,0.278,2
-119.840978,34.423172,105.56,0.278,2
-119.840666,34.423172,106.91,0.301,2
-119.840354,34.423172,107.61,0.323,2
-119.840042,34.423172,107.72,0.291,2
-119.83973,34.423172,107.79,0.208,2
-119.839418,34.423172,108.05,0.135,2
-119.839106,34.423172,108.47,0.166,2
-119.838793,34.423172,108.85,0.261,2
-119.838481,34.423172,108.81,0.286,2
-119.838169,34.423172,108.63,0.249,2
-119.837857,34.423172,108.36,0.209,2
-119.837545,34.423172,107.49,0.235,2
-119.837233,34.423172,106.47,0.129,2
-119.836921,34.423172,105.32,0.078,2
-119.836608,34.423172,104.14,0.046,2
-119.836296,34.423172,103.01,0.035,2
-119.835984,34.423172,101.72,0.046,2
-119.835672,34.423172,101.01,0.053,2
-119.83536,34.423172,100.52,0.082,2
-119.835048,34.423172,100.27,0.243,2
-119.834736,34.423172,99.45,0.288,2
-119.834423,34.423172,98.98,0.41,2
-119.834111,34.423172,98.82,0.454,2
-119.833799,34.423172,99.41,0.377,2
-119.833487,34.423172,99.97,0.273,2
-119.833175,34.423172,99.73,0.208,2
-119.832863,34.423172,98.87,0.196,2
-119.832551,34.423172,97.67,0.185,2
-119.832238,34.423172,96.28,0.246,2
-119.831926,34.423172,94.68,0.355,2
-119.831614,34.423172,93.5,0.343,2
-119.831302,34.423172,93.1,0.269,2
-119.83099,34.423172,92.43,0.284,2
-119.830678,34.423172,91.89,0.31,2
-119.830366,34.423172,91.82,0.376,2
-119.830053,34.423172,91.85,0.516,2
-119.829741,34.423172,92.17,0.492,2
-119.829429,34.423172,92.63,0.467,2
-119.829117,34.423172,93.23,0.473,2
-119.828805,34.423172,93.75,0.365,2
-119.828493,34.423172,94.4,0.234,2
-119.869071,34.42286,100.1,0.374,2
-119.868759,34.42286,100.26,0.37,2
-119.868447,34.42286,100.54,0.385,2
-119.868135,34.42286,100.86,0.408,2
-119.867823,34.42286,101.11,0.382,2
-119.86751,34.42286,101.18,0.375,2
-119.867198,34.42286,101.17,0.424,2
-119.866886,34.42286,101.07,0.397,2
-119.866574,34.42286,100.88,0.4,2
-119.866262,34.42286,100.58,0.404,2
-119.86595,34.42286,100.15,0.381,2
-119.865638,34.42286,99.72,0.366,2
-119.865325,34.42286,99.08,0.41,2
-119.865013,34.42286,98.3,0.486,2
-119.864701,34.42286,97.79,0.46,2
-119.864389,34.42286,97.15,0.413,2
-119.864077,34.42286,96.62,0.439,2
-119.863765,34.42286,96.13,0.461,2
-119.863453,34.42286,96.02,0.409,2
-119.86314,34.42286,96.34,0.453,2
-119.862828,34.42286,97.5,0.371,2
-119.862516,34.42286,98.74,0.304,2
-119.862204,34.42286,99.81,0.222,2
-119.861892,34.42286,100.66,0.231,2
-119.86158,34.42286,101.12,0.315,2
-119.861268,34.42286,101.08,0.354,2
-119.860955,34.42286,100.36,0.359,2
-119.860643,34.42286,99.37,0.387,2
-119.860331,34.42286,98.65,0.426,2
-119.860019,34.42286,97.99,0.385,2
-119.859707,34.42286,97.32,0.282,2
-119.859395,34.42286,96.86,0.385,2
-119.859083,34.42286,96.46,0.477,2
-119.85877,34.42286,96.27,0.43,2
-119.858458,34.42286,95.74,0.421,2
-119.858146,34.42286,95.33,0.444,2
-119.857834,34.42286,95.15,0.525,2
-119.857522,34.42286,95.7,0.459,2
-119.85721,34.42286,96.71,0.238,2
-119.856898,34.42286,97.53,0.17,2
-119.856585,34.42286,97.51,0.191,2
-119.856273,34.42286,96.38,0.298,2
-119.855961,34.42286,94.76,0.437,2
-119.855649,34.42286,93.65,0.479,2
-119.855337,34.42286,93.47,0.484,2
-119.855025,34.42286,93.83,0.479,2
-119.854713,34.42286,94.4,0.459,2
-119.8544,34.42286,95.02,0.415,2
-119.854088,34.42286,95.69,0.427,2
-119.853776,34.42286,96.25,0.449,2
-119.853464,34.42286,96.55,0.369,2
-119.853152,34.42286,96.72,0.296,2
-119.85284,34.42286,96.76,0.346,2
-119.852528,34.42286,96.64,0.44,2
-119.852215,34.42286,96.35,0.421,2
-119.851903,34.42286,95.68,0.362,2
-119.851591,34.42286,94.81,0.479,2
-119.851279,34.42286,94.21,0.514,2
-119.850967,34.42286,94.22,0.496,2
-119.850655,34.42286,94.18,0.432,2
-119.850343,34.42286,94.15,0.463,2
-119.850031,34.42286,94.12,0.459,2
-119.849718,34.42286,94.22,0.46,2
-119.849406,34.42286,94.11,0.499,2
-119.849094,34.42286,94.09,0.482,2
-119.848782,34.42286,93.97,0.461,2
-119.84847,34.42286,94.03,0.391,2
-119.848158,34.42286,94.18,0.319,2
-119.847846,34.42286,93.89,0.363,2
-119.847533,34.42286,93.92,0.436,2
-119.847221,34.42286,94.5,0.426,2
-119.846909,34.42286,95.25,0.366,2
-119.846597,34.42286,95.9,0.276,2
-119.846285,34.42286,96.23,0.18,2
-119.845973,34.42286,96.45,0.152,2
-119.845661,34.42286,96.48,0.195,2
-119.845348,34.42286,95.59,0.289,2
-119.845036,34.42286,94.18,0.366,2
-119.844724,34.42286,92.68,0.321,2
-119.844412,34.42286,92.05,0.334,2
-119.8441,34.42286,91.81,0.458,2
-119.843788,34.42286,91.83,0.523,2
-119.843476,34.42286,92.21,0.547,2
-119.843163,34.42286,92.73,0.508,2
-119.842851,34.42286,93.4,0.51,2
-119.842539,34.42286,94.3,0.505,2
-119.842227,34.42286,95.56,0.49,2
-119.841915,34.42286,97.13,0.461,2
-119.841603,34.42286,98.91,0.392,2
-119.841291,34.42286,100.72,0.357,2
-119.840978,34.42286,102.74,0.316,2
-119.840666,34.42286,104.4,0.294,2
-119.840354,34.42286,105.62,0.298,2
-119.840042,34.42286,106.51,0.304,2
-119.83973,34.42286,107.15,0.29,2
-119.839418,34.42286,107.61,0.206,2
-119.839106,34.42286,107.89,0.127,2
-119.838793,34.42286,108.03,0.162,2
-119.838481,34.42286,108.08,0.222,2
-119.838169,34.42286,108.03,0.225,2
-119.837857,34.42286,107.92,0.19,2
-119.837545,34.42286,107.23,0.233,2
-119.837233,34.42286,106.33,0.161,2
-119.836921,34.42286,105.3,0.114,2
-119.836608,34.42286,104.22,0.072,2
-119.836296,34.42286,103.12,0.045,2
-119.835984,34.42286,101.78,0.045,2
-119.835672,34.42286,101,0.061,2
-119.83536,34.42286,100.6,0.095,2
-119.835048,34.42286,100.97,0.411,2
-119.834736,34.42286,101,0.5,2
-119.834423,34.42286,100.9,0.403,2
-119.834111,34.42286,100.92,0.315,2
-119.833799,34.42286,101.29,0.26,2
-119.833487,34.42286,101.46,0.219,2
-119.833175,34.42286,100.83,0.163,2
-119.832863,34.42286,99.45,0.124,2
-119.832551,34.42286,98.01,0.15,2
-119.832238,34.42286,96.76,0.291,2
-119.831926,34.42286,95.29,0.381,2
-119.831614,34.42286,94.01,0.295,2
-119.831302,34.42286,93.31,0.263,2
-119.83099,34.42286,92.52,0.302,2
-119.830678,34.42286,92.03,0.309,2
-119.830366,34.42286,91.9,0.375,2
-119.830053,34.42286,91.96,0.52,2
-119.829741,34.42286,92.19,0.514,2
-119.829429,34.42286,92.64,0.502,2
-119.829117,34.42286,93.43,0.414,2
-119.828805,34.42286,94.24,0.27,2
-119.828493,34.42286,95.09,0.236,2
-119.869071,34.422548,100.26,0.346,2
-119.868759,34.422548,100.37,0.343,2
-119.868447,34.422548,100.59,0.372,2
-119.868135,34.422548,100.82,0.382,2
-119.867823,34.422548,101,0.336,2
-119.86751,34.422548,101.06,0.356,2
-119.867198,34.422548,101.06,0.399,2
-119.866886,34.422548,100.99,0.358,2
-119.866574,34.422548,100.82,0.422,2
-119.866262,34.422548,100.52,0.481,2
-119.86595,34.422548,99.98,0.426,2
-119.865638,34.422548,99.45,0.465,2
-119.865325,34.422548,98.73,0.388,2
-119.865013,34.422548,97.91,0.44,2
-119.864701,34.422548,97.34,0.471,2
-119.864389,34.422548,96.74,0.424,2
-119.864077,34.422548,96.25,0.428,2
-119.863765,34.422548,95.8,0.363,2
-119.863453,34.422548,95.81,0.418,2
-119.86314,34.422548,96.29,0.311,2
-119.862828,34.422548,97.48,0.217,2
-119.862516,34.422548,98.67,0.211,2
-119.862204,34.422548,99.79,0.197,2
-119.861892,34.422548,100.88,0.2,2
-119.86158,34.422548,101.67,0.237,2
-119.861268,34.422548,101.89,0.243,2
-119.860955,34.422548,101.32,0.234,2
-119.860643,34.422548,100.36,0.272,2
-119.860331,34.422548,99.68,0.332,2
-119.860019,34.422548,99,0.345,2
-119.859707,34.422548,98.29,0.285,2
-119.859395,34.422548,97.82,0.375,2
-119.859083,34.422548,97.44,0.409,2
-119.85877,34.422548,97.26,0.378,2
-119.858458,34.422548,96.68,0.367,2
-119.858146,34.422548,96.16,0.382,2
-119.857834,34.422548,95.87,0.424,2
-119.857522,34.422548,96.07,0.367,2
-119.85721,34.422548,96.56,0.331,2
-119.856898,34.422548,96.93,0.347,2
-119.856585,34.422548,96.73,0.352,2
-119.856273,34.422548,95.67,0.414,2
-119.855961,34.422548,94.2,0.496,2
-119.855649,34.422548,93.34,0.538,2
-119.855337,34.422548,93.29,0.539,2
-119.855025,34.422548,93.72,0.532,2
-119.854713,34.422548,94.46,0.525,2
-119.8544,34.422548,95.38,0.461,2
-119.854088,34.422548,96.51,0.385,2
-119.853776,34.422548,97.57,0.378,2
-119.853464,34.422548,98.21,0.331,2
-119.853152,34.422548,98.55,0.205,2
-119.85284,34.422548,98.54,0.213,2
-119.852528,34.422548,98.25,0.3,2
-119.852215,34.422548,97.5,0.226,2
-119.851903,34.422548,96.09,0.147,2
-119.851591,34.422548,94.51,0.389,2
-119.851279,34.422548,93.6,0.703,2
-119.850967,34.422548,93.65,0.572,2
-119.850655,34.422548,93.68,0.523,2
-119.850343,34.422548,93.63,0.506,2
-119.850031,34.422548,93.7,0.51,2
-119.849718,34.422548,93.41,0.529,2
-119.849406,34.422548,93.12,0.526,2
-119.849094,34.422548,93.03,0.537,2
-119.848782,34.422548,92.99,0.56,2
-119.84847,34.422548,93.3,0.441,2
-119.848158,34.422548,93.74,0.276,2
-119.847846,34.422548,93.65,0.256,2
-119.847533,34.422548,93.66,0.374,2
-119.847221,34.422548,94.07,0.45,2
-119.846909,34.422548,94.61,0.399,2
-119.846597,34.422548,95.17,0.3,2
-119.846285,34.422548,95.59,0.232,2
-119.845973,34.422548,95.97,0.198,2
-119.845661,34.422548,96.19,0.229,2
-119.845348,34.422548,95.24,0.366,2
-119.845036,34.422548,93.59,0.46,2
-119.844724,34.422548,91.82,0.416,2
-119.844412,34.422548,91.26,0.418,2
-119.8441,34.422548,91.22,0.433,2
-119.843788,34.422548,91.37,0.486,2
-119.843476,34.422548,91.73,0.495,2
-119.843163,34.422548,92.24,0.458,2
-119.842851,34.422548,92.75,0.468,2
-119.842539,34.422548,93.39,0.49,2
-119.842227,34.422548,94.2,0.45,2
-119.841915,34.422548,95.2,0.373,2
-119.841603,34.422548,96.44,0.363,2
-119.841291,34.422548,97.91,0.409,2
-119.840978,34.422548,99.77,0.408,2
-119.840666,34.422548,101.62,0.357,2
-119.840354,34.422548,103.28,0.313,2
-119.840042,34.422548,104.81,0.3,2
-119.83973,34.422548,106.06,0.301,2
-119.839418,34.422548,106.93,0.25,2
-119.839106,34.422548,107.44,0.167,2
-119.838793,34.422548,107.69,0.177,2
-119.838481,34.422548,107.83,0.227,2
-119.838169,34.422548,107.88,0.186,2
-119.837857,34.422548,107.92,0.158,2
-119.837545,34.422548,107.34,0.191,2
-119.837233,34.422548,106.55,0.157,2
-119.836921,34.422548,105.64,0.123,2
-119.836608,34.422548,104.61,0.078,2
-119.836296,34.422548,103.48,0.048,2
-119.835984,34.422548,102.11,0.051,2
-119.835672,34.422548,101.32,0.086,2
-119.83536,34.422548,100.94,0.184,2
-119.835048,34.422548,101.36,0.429,2
-119.834736,34.422548,101.51,0.452,2
-119.834423,34.422548,101.56,0.373,2
-119.834111,34.422548,101.68,0.285,2
-119.833799,34.422548,102,0.205,2
-119.833487,34.422548,102.08,0.162,2
-119.833175,34.422548,101.59,0.148,2
-119.832863,34.422548,100.1,0.138,2
-119.832551,34.422548,98.38,0.196,2
-119.832238,34.422548,97.13,0.384,2
-119.831926,34.422548,95.88,0.407,2
-119.831614,34.422548,94.65,0.15,2
-119.831302,34.422548,93.53,0.131,2
-119.83099,34.422548,92.61,0.266,2
-119.830678,34.422548,92.06,0.329,2
-119.830366,34.422548,91.88,0.369,2
-119.830053,34.422548,92,0.532,2
-119.829741,34.422548,92.31,0.543,2
-119.829429,34.422548,92.96,0.442,2
-119.829117,34.422548,93.8,0.26,2
-119.828805,34.422548,94.75,0.227,2
-119.869071,34.422236,100.1,0.356,2
-119.868759,34.422236,100.2,0.363,2
-119.868447,34.422236,100.41,0.397,2
-119.868135,34.422236,100.64,0.408,2
-119.867823,34.422236,100.86,0.356,2
-119.86751,34.422236,100.96,0.342,2
-119.867198,34.422236,101,0.385,2
-119.866886,34.422236,100.97,0.381,2
-119.866574,34.422236,100.85,0.408,2
-119.866262,34.422236,100.57,0.461,2
-119.86595,34.422236,100.03,0.443,2
-119.865638,34.422236,99.48,0.436,2
-119.865325,34.422236,98.8,0.405,2
-119.865013,34.422236,98.23,0.387,2
-119.864701,34.422236,97.52,0.391,2
-119.864389,34.422236,96.88,0.322,2
-119.864077,34.422236,96.35,0.363,2
-119.863765,34.422236,95.86,0.372,2
-119.863453,34.422236,95.84,0.446,2
-119.86314,34.422236,96.24,0.366,2
-119.862828,34.422236,97.28,0.333,2
-119.862516,34.422236,98.34,0.386,2
-119.862204,34.422236,99.42,0.389,2
-119.861892,34.422236,100.58,0.291,2
-119.86158,34.422236,101.5,0.221,2
-119.861268,34.422236,101.93,0.202,2
-119.860955,34.422236,101.57,0.171,2
-119.860643,34.422236,100.62,0.181,2
-119.860331,34.422236,99.81,0.232,2
-119.860019,34.422236,98.92,0.267,2
-119.859707,34.422236,97.98,0.219,2
-119.859395,34.422236,97.4,0.272,2
-119.859083,34.422236,97.02,0.306,2
-119.85877,34.422236,96.98,0.326,2
-119.858458,34.422236,96.61,0.318,2
-119.858146,34.422236,96.21,0.358,2
-119.857834,34.422236,95.86,0.385,2
-119.857522,34.422236,95.66,0.397,2
-119.85721,34.422236,95.53,0.454,2
-119.856898,34.422236,95.31,0.473,2
-119.856585,34.422236,94.71,0.49,2
-119.856273,34.422236,93.62,0.536,2
-119.855961,34.422236,92.45,0.566,2
-119.855649,34.422236,91.85,0.602,2
-119.855337,34.422236,91.89,0.587,2
-119.855025,34.422236,92.47,0.525,2
-119.854713,34.422236,93.49,0.439,2
-119.8544,34.422236,94.83,0.385,2
-119.854088,34.422236,96.48,0.343,2
-119.853776,34.422236,98.11,0.305,2
-119.853464,34.422236,99.23,0.286,2
-119.853152,34.422236,99.92,0.168,2
-119.85284,34.422236,100.1,0.097,2
-119.852528,34.422236,99.81,0.147,2
-119.852215,34.422236,98.61,0.153,2
-119.851903,34.422236,96.51,0.203,2
-119.851591,34.422236,94.46,0.486,2
-119.851279,34.422236,93.49,0.65,2
-119.850967,34.422236,93.66,0.395,2
-119.850655,34.422236,93.8,0.319,2
-119.850343,34.422236,93.8,0.294,2
-119.850031,34.422236,93.79,0.398,2
-119.849718,34.422236,93.4,0.543,2
-119.849406,34.422236,92.95,0.563,2
-119.849094,34.422236,92.68,0.547,2
-119.848782,34.422236,92.59,0.548,2
-119.84847,34.422236,92.94,0.507,2
-119.848158,34.422236,93.44,0.358,2
-119.847846,34.422236,93.35,0.259,2
-119.847533,34.422236,93.19,0.299,2
-119.847221,34.422236,93.36,0.41,2
-119.846909,34.422236,93.63,0.44,2
-119.846597,34.422236,94.02,0.334,2
-119.846285,34.422236,94.43,0.229,2
-119.845973,34.422236,94.91,0.203,2
-119.845661,34.422236,95.25,0.243,2
-119.845348,34.422236,94.39,0.365,2
-119.845036,34.422236,92.89,0.456,2
-119.844724,34.422236,91.29,0.427,2
-119.844412,34.422236,90.89,0.414,2
-119.8441,34.422236,91,0.399,2
-119.843788,34.422236,91.24,0.413,2
-119.843476,34.422236,91.62,0.438,2
-119.843163,34.422236,92.17,0.441,2
-119.842851,34.422236,92.72,0.449,2
-119.842539,34.422236,93.15,0.459,2
-119.842227,34.422236,93.51,0.399,2
-119.841915,34.422236,93.74,0.357,2
-119.841603,34.422236,94,0.362,2
-119.841291,34.422236,94.78,0.402,2
-119.840978,34.422236,96.39,0.422,2
-119.840666,34.422236,98.36,0.418,2
-119.840354,34.422236,100.37,0.374,2
-119.840042,34.422236,102.37,0.324,2
-119.83973,34.422236,104.14,0.311,2
-119.839418,34.422236,105.56,0.279,2
-119.839106,34.422236,106.57,0.202,2
-119.838793,34.422236,107.17,0.192,2
-119.838481,34.422236,107.54,0.301,2
-119.838169,34.422236,107.72,0.27,2
-119.837857,34.422236,107.88,0.214,2
-119.837545,34.422236,107.41,0.203,2
-119.837233,34.422236,106.75,0.239,2
-119.836921,34.422236,105.98,0.171,2
-119.836608,34.422236,105.03,0.092,2
-119.836296,34.422236,103.95,0.059,2
-119.835984,34.422236,102.66,0.055,2
-119.835672,34.422236,101.94,0.118,2
-119.83536,34.422236,101.55,0.23,2
-119.835048,34.422236,101.85,0.276,2
-119.834736,34.422236,101.92,0.202,2
-119.834423,34.422236,101.96,0.226,2
-119.834111,34.422236,102.21,0.238,2
-119.833799,34.422236,102.46,0.199,2
-119.833487,34.422236,102.45,0.187,2
-119.833175,34.422236,102,0.216,2
-119.832863,34.422236,100.59,0.222,2
-119.832551,34.422236,98.83,0.243,2
-119.832238,34.422236,97.52,0.351,2
-119.831926,34.422236,96.19,0.328,2
-119.831614,34.422236,94.86,0.11,2
-119.831302,34.422236,93.65,0.122,2
-119.83099,34.422236,92.65,0.201,2
-119.830678,34.422236,92.05,0.303,2
-119.830366,34.422236,91.92,0.354,2
-119.830053,34.422236,92.17,0.523,2
-119.829741,34.422236,92.6,0.441,2
-119.829429,34.422236,93.37,0.255,2
-119.829117,34.422236,94.23,0.199,2
-119.828805,34.422236,95.08,0.195,2
-119.868759,34.421924,99.83,0.362,2
-119.868447,34.421924,100.1,0.393,2
-119.868135,34.421924,100.38,0.433,2
-119.867823,34.421924,100.66,0.451,2
-119.86751,34.421924,100.78,0.455,2
-119.867198,34.421924,100.83,0.435,2
-119.866886,34.421924,100.78,0.412,2
-119.866574,34.421924,100.57,0.412,2
-119.866262,34.421924,100.27,0.381,2
-119.86595,34.421924,99.78,0.404,2
-119.865638,34.421924,99.34,0.434,2
-119.865325,34.421924,98.84,0.396,2
-119.865013,34.421924,98.44,0.35,2
-119.864701,34.421924,97.83,0.323,2
-119.864389,34.421924,97.2,0.383,2
-119.864077,34.421924,96.61,0.394,2
-119.863765,34.421924,96.01,0.375,2
-119.863453,34.421924,95.84,0.449,2
-119.86314,34.421924,96.11,0.456,2
-119.862828,34.421924,96.97,0.398,2
-119.862516,34.421924,97.9,0.417,2
-119.862204,34.421924,98.85,0.513,2
-119.861892,34.421924,99.89,0.468,2
-119.86158,34.421924,100.76,0.322,2
-119.861268,34.421924,101.25,0.263,2
-119.860955,34.421924,101.05,0.244,2
-119.860643,34.421924,100.15,0.242,2
-119.860331,34.421924,99.24,0.272,2
-119.860019,34.421924,98.05,0.289,2
-119.859707,34.421924,96.68,0.247,2
-119.859395,34.421924,95.8,0.423,2
-119.859083,34.421924,95.39,0.412,2
-119.85877,34.421924,95.55,0.395,2
-119.858458,34.421924,95.4,0.462,2
-119.858146,34.421924,95.2,0.471,2
-119.857834,34.421924,94.87,0.457,2
-119.857522,34.421924,94.5,0.456,2
-119.85721,34.421924,94.08,0.476,2
-119.856898,34.421924,93.5,0.49,2
-119.856585,34.421924,92.59,0.533,2
-119.856273,34.421924,91.44,0.612,2
-119.855961,34.421924,90.37,0.603,2
-119.855649,34.421924,89.83,0.621,2
-119.855337,34.421924,89.89,0.626,2
-119.855025,34.421924,90.56,0.547,2
-119.854713,34.421924,91.81,0.469,2
-119.8544,34.421924,93.41,0.438,2
-119.854088,34.421924,95.34,0.391,2
-119.853776,34.421924,97.32,0.324,2
-119.853464,34.421924,98.84,0.236,2
-119.853152,34.421924,99.99,0.113,2
-119.85284,34.421924,100.64,0.123,2
-119.852528,34.421924,100.61,0.178,2
-119.852215,34.421924,99.25,0.311,2
-119.851903,34.421924,96.93,0.501,2
-119.851591,34.421924,94.89,0.653,2
-119.851279,34.421924,94.05,0.527,2
-119.850967,34.421924,94.27,0.411,2
-119.850655,34.421924,94.41,0.311,2
-119.850343,34.421924,94.43,0.208,2
-119.850031,34.421924,94.46,0.252,2
-119.849718,34.421924,94.13,0.394,2
-119.849406,34.421924,93.67,0.479,2
-119.849094,34.421924,93.17,0.586,2
-119.848782,34.421924,92.89,0.6,2
-119.84847,34.421924,92.95,0.562,2
-119.848158,34.421924,93.11,0.472,2
-119.847846,34.421924,92.77,0.353,2
-119.847533,34.421924,92.36,0.278,2
-119.847221,34.421924,92.31,0.323,2
-119.846909,34.421924,92.38,0.433,2
-119.846597,34.421924,92.61,0.422,2
-119.846285,34.421924,92.92,0.289,2
-119.845973,34.421924,93.38,0.264,2
-119.845661,34.421924,93.85,0.356,2
-119.845348,34.421924,93.34,0.393,2
-119.845036,34.421924,92.34,0.441,2
-119.844724,34.421924,91.16,0.446,2
-119.844412,34.421924,90.87,0.441,2
-119.8441,34.421924,90.92,0.434,2
-119.843788,34.421924,91.14,0.44,2
-119.843476,34.421924,91.57,0.434,2
-119.843163,34.421924,92.19,0.421,2
-119.842851,34.421924,92.76,0.429,2
-119.842539,34.421924,93.05,0.393,2
-119.842227,34.421924,93.01,0.376,2
-119.841915,34.421924,92.5,0.392,2
-119.841603,34.421924,91.96,0.422,2
-119.841291,34.421924,91.96,0.46,2
-119.840978,34.421924,92.94,0.44,2
-119.840666,34.421924,94.6,0.426,2
-119.840354,34.421924,96.62,0.422,2
-119.840042,34.421924,98.95,0.382,2
-119.83973,34.421924,101.3,0.332,2
-119.839418,34.421924,103.4,0.298,2
-119.839106,34.421924,105.06,0.231,2
-119.838793,34.421924,106.24,0.159,2
-119.838481,34.421924,107.03,0.273,2
-119.838169,34.421924,107.45,0.3,2
-119.837857,34.421924,107.8,0.287,2
-119.837545,34.421924,107.48,0.198,2
-119.837233,34.421924,106.97,0.274,2
-119.836921,34.421924,106.32,0.223,2
-119.836608,34.421924,105.51,0.121,2
-119.836296,34.421924,104.61,0.072,2
-119.835984,34.421924,103.47,0.057,2
-119.835672,34.421924,102.76,0.126,2
-119.83536,34.421924,102.26,0.207,2
-119.835048,34.421924,102.34,0.184,2
-119.834736,34.421924,102.24,0.135,2
-119.834423,34.421924,102.13,0.255,2
-119.834111,34.421924,102.29,0.329,2
-119.833799,34.421924,102.4,0.265,2
-119.833487,34.421924,102.28,0.231,2
-119.833175,34.421924,101.79,0.219,2
-119.832863,34.421924,100.45,0.147,2
-119.832551,34.421924,98.78,0.113,2
-119.832238,34.421924,97.53,0.184,2
-119.831926,34.421924,96.21,0.221,2
-119.831614,34.421924,94.87,0.136,2
-119.831302,34.421924,93.67,0.134,2
-119.83099,34.421924,92.74,0.194,2
-119.830678,34.421924,92.24,0.285,2
-119.830366,34.421924,92.17,0.346,2
-119.830053,34.421924,92.48,0.456,2
-119.829741,34.421924,93.01,0.327,2
-119.829429,34.421924,93.83,0.224,2
-119.829117,34.421924,94.61,0.221,2
-119.828805,34.421924,95.25,0.169,2
-119.868759,34.421611,99.36,0.414,2
-119.868447,34.421611,99.78,0.407,2
-119.868135,34.421611,100.15,0.446,2
-119.867823,34.421611,100.46,0.463,2
-119.86751,34.421611,100.62,0.424,2
-119.867198,34.421611,100.67,0.459,2
-119.866886,34.421611,100.49,0.536,2
-119.866574,34.421611,100.07,0.5,2
-119.866262,34.421611,99.67,0.372,2
-119.86595,34.421611,99.2,0.384,2
-119.865638,34.421611,98.95,0.505,2
-119.865325,34.421611,98.65,0.433,2
-119.865013,34.421611,98.46,0.357,2
-119.864701,34.421611,98.03,0.299,2
-119.864389,34.421611,97.5,0.29,2
-119.864077,34.421611,96.83,0.345,2
-119.863765,34.421611,96.23,0.465,2
-119.863453,34.421611,95.94,0.531,2
-119.86314,34.421611,96.02,0.524,2
-119.862828,34.421611,96.67,0.468,2
-119.862516,34.421611,97.36,0.428,2
-119.862204,34.421611,97.98,0.451,2
-119.861892,34.421611,98.7,0.429,2
-119.86158,34.421611,99.32,0.347,2
-119.861268,34.421611,99.73,0.324,2
-119.860955,34.421611,99.65,0.347,2
-119.860643,34.421611,98.95,0.386,2
-119.860331,34.421611,98.2,0.445,2
-119.860019,34.421611,96.95,0.445,2
-119.859707,34.421611,95.33,0.358,2
-119.859395,34.421611,94.26,0.599,2
-119.859083,34.421611,93.8,0.544,2
-119.85877,34.421611,94.02,0.533,2
-119.858458,34.421611,93.89,0.565,2
-119.858146,34.421611,93.64,0.533,2
-119.857834,34.421611,93.26,0.485,2
-119.857522,34.421611,92.85,0.463,2
-119.85721,34.421611,92.39,0.473,2
-119.856898,34.421611,91.78,0.488,2
-119.856585,34.421611,90.94,0.607,2
-119.856273,34.421611,89.95,0.711,2
-119.855961,34.421611,89.05,0.677,2
-119.855649,34.421611,88.61,0.627,2
-119.855337,34.421611,88.8,0.635,2
-119.855025,34.421611,89.55,0.642,2
-119.854713,34.421611,90.79,0.632,2
-119.8544,34.421611,92.36,0.603,2
-119.854088,34.421611,94.25,0.519,2
-119.853776,34.421611,96.29,0.389,2
-119.853464,34.421611,98.03,0.249,2
-119.853152,34.421611,99.59,0.161,2
-119.85284,34.421611,100.7,0.161,2
-119.852528,34.421611,100.96,0.217,2
-119.852215,34.421611,99.73,0.279,2
-119.851903,34.421611,97.72,0.415,2
-119.851591,34.421611,96.09,0.531,2
-119.851279,34.421611,95.37,0.532,2
-119.850967,34.421611,95.4,0.475,2
-119.850655,34.421611,95.3,0.392,2
-119.850343,34.421611,95.17,0.227,2
-119.850031,34.421611,95.22,0.172,2
-119.849718,34.421611,95.01,0.198,2
-119.849406,34.421611,94.63,0.238,2
-119.849094,34.421611,93.98,0.362,2
-119.848782,34.421611,93.38,0.468,2
-119.84847,34.421611,92.95,0.54,2
-119.848158,34.421611,92.62,0.583,2
-119.847846,34.421611,91.94,0.553,2
-119.847533,34.421611,91.2,0.452,2
-119.847221,34.421611,90.86,0.4,2
-119.846909,34.421611,90.72,0.446,2
-119.846597,34.421611,90.8,0.473,2
-119.846285,34.421611,91.03,0.432,2
-119.845973,34.421611,91.43,0.421,2
-119.845661,34.421611,92.1,0.429,2
-119.845348,34.421611,92.08,0.338,2
-119.845036,34.421611,91.79,0.363,2
-119.844724,34.421611,91.07,0.409,2
-119.844412,34.421611,90.93,0.442,2
-119.8441,34.421611,90.97,0.462,2
-119.843788,34.421611,91.15,0.471,2
-119.843476,34.421611,91.62,0.469,2
-119.843163,34.421611,92.27,0.457,2
-119.842851,34.421611,92.81,0.425,2
-119.842539,34.421611,92.93,0.369,2
-119.842227,34.421611,92.52,0.385,2
-119.841915,34.421611,91.52,0.435,2
-119.841603,34.421611,90.46,0.487,2
-119.841291,34.421611,89.88,0.524,2
-119.840978,34.421611,90.18,0.503,2
-119.840666,34.421611,91.33,0.444,2
-119.840354,34.421611,93.21,0.432,2
-119.840042,34.421611,95.69,0.43,2
-119.83973,34.421611,98.42,0.371,2
-119.839418,34.421611,101.01,0.318,2
-119.839106,34.421611,103.22,0.261,2
-119.838793,34.421611,104.97,0.165,2
-119.838481,34.421611,106.34,0.239,2
-119.838169,34.421611,107.18,0.311,2
-119.837857,34.421611,107.78,0.315,2
-119.837545,34.421611,107.61,0.199,2
-119.837233,34.421611,107.19,0.252,2
-119.836921,34.421611,106.62,0.237,2
-119.836608,34.421611,105.96,0.154,2
-119.836296,34.421611,105.27,0.088,2
-119.835984,34.421611,104.26,0.085,2
-119.835672,34.421611,103.5,0.133,2
-119.83536,34.421611,102.85,0.167,2
-119.835048,34.421611,102.7,0.191,2
-119.834736,34.421611,102.34,0.231,2
-119.834423,34.421611,101.91,0.31,2
-119.834111,34.421611,101.74,0.351,2
-119.833799,34.421611,101.56,0.328,2
-119.833487,34.421611,101.17,0.314,2
-119.833175,34.421611,100.08,0.302,2
-119.832863,34.421611,98.63,0.251,2
-119.832551,34.421611,97.68,0.225,2
-119.832238,34.421611,96.65,0.266,2
-119.831926,34.421611,95.54,0.301,2
-119.831614,34.421611,94.41,0.286,2
-119.831302,34.421611,93.4,0.314,2
-119.83099,34.421611,92.7,0.346,2
-119.830678,34.421611,92.42,0.316,2
-119.830366,34.421611,92.46,0.324,2
-119.830053,34.421611,92.82,0.36,2
-119.829741,34.421611,93.5,0.282,2
-119.829429,34.421611,94.34,0.242,2
-119.829117,34.421611,94.93,0.177,2
-119.828805,34.421611,95.26,0.201,2
-119.868759,34.421299,99.08,0.468,2
-119.868447,34.421299,99.63,0.464,2
-119.868135,34.421299,100.06,0.453,2
-119.867823,34.421299,100.38,0.402,2
-119.86751,34.421299,100.54,0.405,2
-119.867198,34.421299,100.54,0.408,2
-119.866886,34.421299,100.19,0.462,2
-119.866574,34.421299,99.59,0.467,2
-119.866262,34.421299,99.04,0.425,2
-119.86595,34.421299,98.61,0.419,2
-119.865638,34.421299,98.49,0.464,2
-119.865325,34.421299,98.36,0.422,2
-119.865013,34.421299,98.38,0.403,2
-119.864701,34.421299,98.19,0.406,2
-119.864389,34.421299,97.89,0.36,2
-119.864077,34.421299,97.32,0.368,2
-119.863765,34.421299,96.81,0.461,2
-119.863453,34.421299,96.43,0.463,2
-119.86314,34.421299,96.23,0.511,2
-119.862828,34.421299,96.54,0.539,2
-119.862516,34.421299,96.93,0.454,2
-119.862204,34.421299,97.15,0.375,2
-119.861892,34.421299,97.41,0.365,2
-119.86158,34.421299,97.66,0.388,2
-119.861268,34.421299,97.86,0.436,2
-119.860955,34.421299,97.83,0.486,2
-119.860643,34.421299,97.37,0.485,2
-119.860331,34.421299,96.95,0.417,2
-119.860019,34.421299,96.01,0.317,2
-119.859707,34.421299,94.59,0.356,2
-119.859395,34.421299,93.69,0.629,2
-119.859083,34.421299,93.33,0.592,2
-119.85877,34.421299,93.59,0.499,2
-119.858458,34.421299,93.38,0.492,2
-119.858146,34.421299,92.97,0.541,2
-119.857834,34.421299,92.45,0.539,2
-119.857522,34.421299,91.94,0.477,2
-119.85721,34.421299,91.43,0.516,2
-119.856898,34.421299,90.84,0.516,2
-119.856585,34.421299,90.07,0.644,2
-119.856273,34.421299,89.21,0.755,2
-119.855961,34.421299,88.44,0.727,2
-119.855649,34.421299,88.18,0.663,2
-119.855337,34.421299,88.58,0.672,2
-119.855025,34.421299,89.52,0.711,2
-119.854713,34.421299,90.83,0.73,2
-119.8544,34.421299,92.32,0.731,2
-119.854088,34.421299,94.05,0.698,2
-119.853776,34.421299,96.01,0.568,2
-119.853464,34.421299,97.84,0.288,2
-119.853152,34.421299,99.62,0.14,2
-119.85284,34.421299,100.8,0.151,2
-119.852528,34.421299,101.04,0.163,2
-119.852215,34.421299,100.07,0.167,2
-119.851903,34.421299,98.7,0.187,2
-119.851591,34.421299,97.6,0.272,2
-119.851279,34.421299,96.91,0.388,2
-119.850967,34.421299,96.66,0.526,2
-119.850655,34.421299,96.2,0.606,2
-119.850343,34.421299,95.74,0.401,2
-119.850031,34.421299,95.59,0.21,2
-119.849718,34.421299,95.31,0.143,2
-119.849406,34.421299,94.89,0.127,2
-119.849094,34.421299,94.18,0.169,2
-119.848782,34.421299,93.39,0.226,2
-119.84847,34.421299,92.64,0.352,2
-119.848158,34.421299,91.54,0.551,2
-119.847846,34.421299,90.42,0.66,2
-119.847533,34.421299,89.68,0.629,2
-119.847221,34.421299,89.07,0.565,2
-119.846909,34.421299,88.64,0.521,2
-119.846597,34.421299,88.49,0.523,2
-119.846285,34.421299,88.65,0.531,2
-119.845973,34.421299,89.21,0.502,2
-119.845661,34.421299,90.24,0.48,2
-119.845348,34.421299,90.71,0.426,2
-119.845036,34.421299,91,0.401,2
-119.844724,34.421299,90.69,0.391,2
-119.844412,34.421299,90.77,0.432,2
-119.8441,34.421299,90.88,0.47,2
-119.843788,34.421299,91.09,0.469,2
-119.843476,34.421299,91.63,0.46,2
-119.843163,34.421299,92.34,0.445,2
-119.842851,34.421299,92.82,0.405,2
-119.842539,34.421299,92.81,0.394,2
-119.842227,34.421299,92.15,0.432,2
-119.841915,34.421299,90.97,0.483,2
-119.841603,34.421299,89.76,0.527,2
-119.841291,34.421299,88.94,0.54,2
-119.840978,34.421299,88.83,0.503,2
-119.840666,34.421299,89.47,0.456,2
-119.840354,34.421299,90.99,0.442,2
-119.840042,34.421299,93.37,0.432,2
-119.83973,34.421299,96.1,0.4,2
-119.839418,34.421299,98.82,0.369,2
-119.839106,34.421299,101.34,0.312,2
-119.838793,34.421299,103.56,0.194,2
-119.838481,34.421299,105.5,0.197,2
-119.838169,34.421299,106.86,0.295,2
-119.837857,34.421299,107.77,0.319,2
-119.837545,34.421299,107.74,0.219,2
-119.837233,34.421299,107.41,0.242,2
-119.836921,34.421299,106.92,0.248,2
-119.836608,34.421299,106.38,0.188,2
-119.836296,34.421299,105.8,0.11,2
-119.835984,34.421299,104.86,0.106,2
-119.835672,34.421299,104.02,0.143,2
-119.83536,34.421299,103.2,0.176,2
-119.835048,34.421299,102.79,0.261,2
-119.834736,34.421299,102.17,0.332,2
-119.834423,34.421299,101.39,0.349,2
-119.834111,34.421299,100.8,0.352,2
-119.833799,34.421299,100.27,0.349,2
-119.833487,34.421299,99.59,0.341,2
-119.833175,34.421299,98.29,0.339,2
-119.832863,34.421299,96.71,0.352,2
-119.832551,34.421299,95.78,0.367,2
-119.832238,34.421299,94.92,0.363,2
-119.831926,34.421299,94.08,0.423,2
-119.831614,34.421299,93.34,0.523,2
-119.831302,34.421299,92.66,0.569,2
-119.83099,34.421299,92.4,0.547,2
-119.830678,34.421299,92.47,0.372,2
-119.830366,34.421299,92.7,0.306,2
-119.830053,34.421299,93.14,0.316,2
-119.829741,34.421299,93.84,0.253,2
-119.829429,34.421299,94.51,0.186,2
-119.829117,34.421299,94.81,0.147,2
-119.828805,34.421299,94.82,0.301,2
-119.868759,34.420987,99.11,0.425,2
-119.868447,34.420987,99.71,0.457,2
-119.868135,34.420987,100.02,0.468,2
-119.867823,34.420987,100.01,0.418,2
-119.86751,34.420987,100.14,0.423,2
-119.867198,34.420987,100.1,0.41,2
-119.866886,34.420987,99.69,0.412,2
-119.866574,34.420987,99.04,0.461,2
-119.866262,34.420987,98.48,0.464,2
-119.86595,34.420987,98.25,0.461,2
-119.865638,34.420987,98.14,0.497,2
-119.865325,34.420987,98.1,0.459,2
-119.865013,34.420987,98.11,0.466,2
-119.864701,34.420987,98.12,0.505,2
-119.864389,34.420987,98.1,0.443,2
-119.864077,34.420987,97.96,0.31,2
-119.863765,34.420987,97.59,0.281,2
-119.863453,34.420987,97,0.287,2
-119.86314,34.420987,96.85,0.344,2
-119.862828,34.420987,96.91,0.434,2
-119.862516,34.420987,96.86,0.472,2
-119.862204,34.420987,96.87,0.457,2
-119.861892,34.420987,96.91,0.454,2
-119.86158,34.420987,96.91,0.48,2
-119.861268,34.420987,96.94,0.509,2
-119.860955,34.420987,96.85,0.524,2
-119.860643,34.420987,96.39,0.458,2
-119.860331,34.420987,96.23,0.257,2
-119.860019,34.420987,95.69,0.219,2
-119.859707,34.420987,94.64,0.352,2
-119.859395,34.420987,94.02,0.587,2
-119.859083,34.420987,93.87,0.547,2
-119.85877,34.420987,94.19,0.436,2
-119.858458,34.420987,94.02,0.41,2
-119.858146,34.420987,93.53,0.524,2
-119.857834,34.420987,92.9,0.552,2
-119.857522,34.420987,92.26,0.509,2
-119.85721,34.420987,91.63,0.612,2
-119.856898,34.420987,90.99,0.643,2
-119.856585,34.420987,90.26,0.662,2
-119.856273,34.420987,89.49,0.741,2
-119.855961,34.420987,88.81,0.74,2
-119.855649,34.420987,88.67,0.699,2
-119.855337,34.420987,89.21,0.634,2
-119.855025,34.420987,90.33,0.546,2
-119.854713,34.420987,91.79,0.617,2
-119.8544,34.420987,93.24,0.773,2
-119.854088,34.420987,94.72,0.753,2
-119.853776,34.420987,96.24,0.6,2
-119.853464,34.420987,97.91,0.263,2
-119.853152,34.420987,99.68,0.139,2
-119.85284,34.420987,100.87,0.139,2
-119.852528,34.420987,100.83,0.133,2
-119.852215,34.420987,100.12,0.141,2
-119.851903,34.420987,99.27,0.149,2
-119.851591,34.420987,98.52,0.167,2
-119.851279,34.420987,97.89,0.256,2
-119.850967,34.420987,97.43,0.35,2
-119.850655,34.420987,96.65,0.483,2
-119.850343,34.420987,95.83,0.53,2
-119.850031,34.420987,94.95,0.455,2
-119.849718,34.420987,94.2,0.336,2
-119.849406,34.420987,93.92,0.24,2
-119.849094,34.420987,93.35,0.231,2
-119.848782,34.420987,92.56,0.272,2
-119.84847,34.420987,91.79,0.375,2
-119.848158,34.420987,90.68,0.541,2
-119.847846,34.420987,89.49,0.638,2
-119.847533,34.420987,88.59,0.641,2
-119.847221,34.420987,87.77,0.645,2
-119.846909,34.420987,87.11,0.645,2
-119.846597,34.420987,86.74,0.658,2
-119.846285,34.420987,86.81,0.617,2
-119.845973,34.420987,87.37,0.549,2
-119.845661,34.420987,88.45,0.546,2
-119.845348,34.420987,89.29,0.518,2
-119.845036,34.420987,90.01,0.449,2
-119.844724,34.420987,90.37,0.347,2
-119.844412,34.420987,90.72,0.394,2
-119.8441,34.420987,90.98,0.464,2
-119.843788,34.420987,91.18,0.464,2
-119.843476,34.420987,91.77,0.451,2
-119.843163,34.420987,92.5,0.423,2
-119.842851,34.420987,92.73,0.4,2
-119.842539,34.420987,92.54,0.444,2
-119.842227,34.420987,91.81,0.499,2
-119.841915,34.420987,90.67,0.545,2
-119.841603,34.420987,89.55,0.572,2
-119.841291,34.420987,88.75,0.566,2
-119.840978,34.420987,88.39,0.531,2
-119.840666,34.420987,88.55,0.491,2
-119.840354,34.420987,89.46,0.465,2
-119.840042,34.420987,91.35,0.446,2
-119.83973,34.420987,93.9,0.412,2
-119.839418,34.420987,96.57,0.356,2
-119.839106,34.420987,99.31,0.343,2
-119.838793,34.420987,102.01,0.232,2
-119.838481,34.420987,104.46,0.141,2
-119.838169,34.420987,106.42,0.264,2
-119.837857,34.420987,107.76,0.276,2
-119.837545,34.420987,107.75,0.25,2
-119.837233,34.420987,107.52,0.195,2
-119.836921,34.420987,107.16,0.272,2
-119.836608,34.420987,106.74,0.221,2
-119.836296,34.420987,106.21,0.132,2
-119.835984,34.420987,105.21,0.102,2
-119.835672,34.420987,104.25,0.109,2
-119.83536,34.420987,103.27,0.146,2
-119.835048,34.420987,102.49,0.256,2
-119.834736,34.420987,101.52,0.331,2
-119.834423,34.420987,100.37,0.343,2
-119.834111,34.420987,99.35,0.336,2
-119.833799,34.420987,98.45,0.325,2
-119.833487,34.420987,97.51,0.329,2
-119.833175,34.420987,96.28,0.371,2
-119.832863,34.420987,94.92,0.433,2
-119.832551,34.420987,94.01,0.416,2
-119.832238,34.420987,93.28,0.286,2
-119.831926,34.420987,92.68,0.395,2
-119.831614,34.420987,92.27,0.687,2
-119.831302,34.420987,92.06,0.683,2
-119.83099,34.420987,92.33,0.615,2
-119.830678,34.420987,92.81,0.434,2
-119.830366,34.420987,93.11,0.319,2
-119.830053,34.420987,93.39,0.247,2
-119.829741,34.420987,93.94,0.137,2
-119.829429,34.420987,94.23,0.11,2
-119.829117,34.420987,94.32,0.144,2
-119.828805,34.420987,93.5,0.333,2
-119.868759,34.420675,99.63,0.398,2
-119.868447,34.420675,100.08,0.395,2
-119.868135,34.420675,100.12,0.475,2
-119.867823,34.420675,99.63,0.476,2
-119.86751,34.420675,99.71,0.422,2
-119.867198,34.420675,99.66,0.439,2
-119.866886,34.420675,99.36,0.447,2
-119.866574,34.420675,98.89,0.436,2
-119.866262,34.420675,98.46,0.453,2
-119.86595,34.420675,98.37,0.443,2
-119.865638,34.420675,98.22,0.462,2
-119.865325,34.420675,98.15,0.437,2
-119.865013,34.420675,98.16,0.423,2
-119.864701,34.420675,98.33,0.435,2
-119.864389,34.420675,98.51,0.404,2
-119.864077,34.420675,98.59,0.266,2
-119.863765,34.420675,98.28,0.167,2
-119.863453,34.420675,97.55,0.237,2
-119.86314,34.420675,97.26,0.375,2
-119.862828,34.420675,97.22,0.52,2
-119.862516,34.420675,97.07,0.584,2
-119.862204,34.420675,97.05,0.531,2
-119.861892,34.420675,97.07,0.511,2
-119.86158,34.420675,97.1,0.487,2
-119.861268,34.420675,97.13,0.407,2
-119.860955,34.420675,97.08,0.471,2
-119.860643,34.420675,96.71,0.526,2
-119.860331,34.420675,96.56,0.41,2
-119.860019,34.420675,96.08,0.34,2
-119.859707,34.420675,95.19,0.41,2
-119.859395,34.420675,94.82,0.625,2
-119.859083,34.420675,94.83,0.51,2
-119.85877,34.420675,95.1,0.461,2
-119.858458,34.420675,95.02,0.462,2
-119.858146,34.420675,94.59,0.53,2
-119.857834,34.420675,94.03,0.522,2
-119.857522,34.420675,93.44,0.514,2
-119.85721,34.420675,92.85,0.599,2
-119.856898,34.420675,92.26,0.625,2
-119.856585,34.420675,91.66,0.61,2
-119.856273,34.420675,91.04,0.68,2
-119.855961,34.420675,90.47,0.745,2
-119.855649,34.420675,90.31,0.704,2
-119.855337,34.420675,90.75,0.516,2
-119.855025,34.420675,91.79,0.355,2
-119.854713,34.420675,93.22,0.518,2
-119.8544,34.420675,94.59,0.78,2
-119.854088,34.420675,95.87,0.692,2
-119.853776,34.420675,97.01,0.427,2
-119.853464,34.420675,98.39,0.209,2
-119.853152,34.420675,99.78,0.152,2
-119.85284,34.420675,100.87,0.144,2
-119.852528,34.420675,100.99,0.143,2
-119.852215,34.420675,100.22,0.143,2
-119.851903,34.420675,99.43,0.145,2
-119.851591,34.420675,98.9,0.215,2
-119.851279,34.420675,98.39,0.323,2
-119.850967,34.420675,97.95,0.329,2
-119.850655,34.420675,97.16,0.371,2
-119.850343,34.420675,96.13,0.413,2
-119.850031,34.420675,94.9,0.528,2
-119.849718,34.420675,93.83,0.57,2
-119.849406,34.420675,92.92,0.457,2
-119.849094,34.420675,92.23,0.361,2
-119.848782,34.420675,91.57,0.321,2
-119.84847,34.420675,90.8,0.351,2
-119.848158,34.420675,89.95,0.492,2
-119.847846,34.420675,89.02,0.591,2
-119.847533,34.420675,88.01,0.584,2
-119.847221,34.420675,87.04,0.604,2
-119.846909,34.420675,86.18,0.599,2
-119.846597,34.420675,85.66,0.608,2
-119.846285,34.420675,85.7,0.662,2
-119.845973,34.420675,86.22,0.645,2
-119.845661,34.420675,87.16,0.642,2
-119.845348,34.420675,88.21,0.622,2
-119.845036,34.420675,89.17,0.492,2
-119.844724,34.420675,90.08,0.455,2
-119.844412,34.420675,90.58,0.462,2
-119.8441,34.420675,90.98,0.472,2
-119.843788,34.420675,91.16,0.456,2
-119.843476,34.420675,91.66,0.44,2
-119.843163,34.420675,92.28,0.447,2
-119.842851,34.420675,92.41,0.411,2
-119.842539,34.420675,92.13,0.454,2
-119.842227,34.420675,91.41,0.502,2
-119.841915,34.420675,90.4,0.533,2
-119.841603,34.420675,89.42,0.566,2
-119.841291,34.420675,88.63,0.569,2
-119.840978,34.420675,88.11,0.539,2
-119.840666,34.420675,87.93,0.502,2
-119.840354,34.420675,88.31,0.48,2
-119.840042,34.420675,89.59,0.493,2
-119.83973,34.420675,91.68,0.459,2
-119.839418,34.420675,94.19,0.362,2
-119.839106,34.420675,97.14,0.331,2
-119.838793,34.420675,100.39,0.283,2
-119.838481,34.420675,103.26,0.131,2
-119.838169,34.420675,105.37,0.231,2
-119.837857,34.420675,107.12,0.264,2
-119.837545,34.420675,107.62,0.273,2
-119.837233,34.420675,107.51,0.189,2
-119.836921,34.420675,107.31,0.274,2
-119.836608,34.420675,107.01,0.237,2
-119.836296,34.420675,106.53,0.154,2
-119.835984,34.420675,105.31,0.1,2
-119.835672,34.420675,104.18,0.09,2
-119.83536,34.420675,103.05,0.139,2
-119.835048,34.420675,101.83,0.244,2
-119.834736,34.420675,100.41,0.306,2
-119.834423,34.420675,98.89,0.312,2
-119.834111,34.420675,97.49,0.316,2
-119.833799,34.420675,96.31,0.327,2
-119.833487,34.420675,95.31,0.373,2
-119.833175,34.420675,94.42,0.469,2
-119.832863,34.420675,93.61,0.541,2
-119.832551,34.420675,92.89,0.483,2
-119.832238,34.420675,92.43,0.284,2
-119.831926,34.420675,92.16,0.332,2
-119.831614,34.420675,92.02,0.632,2
-119.831302,34.420675,92.22,0.571,2
-119.83099,34.420675,92.83,0.529,2
-119.830678,34.420675,93.43,0.44,2
-119.830366,34.420675,93.38,0.334,2
-119.830053,34.420675,93.04,0.163,2
-119.829741,34.420675,93.05,0.087,2
-119.829429,34.420675,92.9,0.172,2
-119.829117,34.420675,92.59,0.248,2
-119.828805,34.420675,91.5,0.364,2
-119.868759,34.420363,100.51,0.422,2
-119.868447,34.420363,100.65,0.387,2
-119.868135,34.420363,100.46,0.452,2
-119.867823,34.420363,99.76,0.471,2
-119.86751,34.420363,99.68,0.431,2
-119.867198,34.420363,99.53,0.44,2
-119.866886,34.420363,99.29,0.452,2
-119.866574,34.420363,99,0.423,2
-119.866262,34.420363,98.69,0.374,2
-119.86595,34.420363,98.58,0.352,2
-119.865638,34.420363,98.4,0.393,2
-119.865325,34.420363,98.3,0.354,2
-119.865013,34.420363,98.39,0.37,2
-119.864701,34.420363,98.66,0.351,2
-119.864389,34.420363,98.85,0.305,2
-119.864077,34.420363,98.9,0.273,2
-119.863765,34.420363,98.64,0.364,2
-119.863453,34.420363,98.07,0.518,2
-119.86314,34.420363,97.91,0.562,2
-119.862828,34.420363,97.95,0.535,2
-119.862516,34.420363,97.75,0.526,2
-119.862204,34.420363,97.67,0.497,2
-119.861892,34.420363,97.68,0.451,2
-119.86158,34.420363,97.75,0.396,2
-119.861268,34.420363,97.84,0.373,2
-119.860955,34.420363,97.82,0.457,2
-119.860643,34.420363,97.45,0.52,2
-119.860331,34.420363,97.27,0.478,2
-119.860019,34.420363,96.8,0.388,2
-119.859707,34.420363,95.98,0.436,2
-119.859395,34.420363,95.74,0.564,2
-119.859083,34.420363,95.73,0.486,2
-119.85877,34.420363,95.97,0.472,2
-119.858458,34.420363,95.97,0.451,2
-119.858146,34.420363,95.7,0.494,2
-119.857834,34.420363,95.31,0.467,2
-119.857522,34.420363,94.92,0.456,2
-119.85721,34.420363,94.55,0.5,2
-119.856898,34.420363,94.2,0.501,2
-119.856585,34.420363,93.84,0.492,2
-119.856273,34.420363,93.46,0.532,2
-119.855961,34.420363,93.08,0.618,2
-119.855649,34.420363,92.91,0.638,2
-119.855337,34.420363,93.13,0.455,2
-119.855025,34.420363,93.89,0.313,2
-119.854713,34.420363,95.15,0.535,2
-119.8544,34.420363,96.35,0.779,2
-119.854088,34.420363,97.41,0.662,2
-119.853776,34.420363,98.25,0.296,2
-119.853464,34.420363,99.25,0.198,2
-119.853152,34.420363,100.15,0.182,2
-119.85284,34.420363,100.79,0.163,2
-119.852528,34.420363,100.65,0.145,2
-119.852215,34.420363,99.84,0.142,2
-119.851903,34.420363,99.13,0.166,2
-119.851591,34.420363,98.84,0.32,2
-119.851279,34.420363,98.61,0.35,2
-119.850967,34.420363,98.35,0.241,2
-119.850655,34.420363,97.67,0.29,2
-119.850343,34.420363,96.67,0.373,2
-119.850031,34.420363,95.39,0.409,2
-119.849718,34.420363,94.22,0.512,2
-119.849406,34.420363,93.22,0.591,2
-119.849094,34.420363,92.47,0.565,2
-119.848782,34.420363,91.74,0.476,2
-119.84847,34.420363,90.84,0.398,2
-119.848158,34.420363,89.83,0.406,2
-119.847846,34.420363,88.73,0.498,2
-119.847533,34.420363,87.59,0.577,2
-119.847221,34.420363,86.48,0.586,2
-119.846909,34.420363,85.49,0.516,2
-119.846597,34.420363,84.86,0.464,2
-119.846285,34.420363,84.87,0.51,2
-119.845973,34.420363,85.42,0.52,2
-119.845661,34.420363,86.48,0.576,2
-119.845348,34.420363,87.61,0.63,2
-119.845036,34.420363,88.58,0.529,2
-119.844724,34.420363,89.52,0.512,2
-119.844412,34.420363,90.12,0.524,2
-119.8441,34.420363,90.6,0.543,2
-119.843788,34.420363,90.82,0.521,2
-119.843476,34.420363,91.26,0.481,2
-119.843163,34.420363,91.77,0.467,2
-119.842851,34.420363,91.84,0.403,2
-119.842539,34.420363,91.61,0.417,2
-119.842227,34.420363,91.08,0.49,2
-119.841915,34.420363,90.3,0.53,2
-119.841603,34.420363,89.48,0.557,2
-119.841291,34.420363,88.71,0.564,2
-119.840978,34.420363,88.08,0.535,2
-119.840666,34.420363,87.67,0.514,2
-119.840354,34.420363,87.67,0.51,2
-119.840042,34.420363,88.5,0.52,2
-119.83973,34.420363,90.23,0.512,2
-119.839418,34.420363,92.55,0.436,2
-119.839106,34.420363,95.52,0.337,2
-119.838793,34.420363,98.91,0.32,2
-119.838481,34.420363,101.92,0.165,2
-119.838169,34.420363,104.14,0.202,2
-119.837857,34.420363,106.06,0.284,2
-119.837545,34.420363,106.86,0.292,2
-119.837233,34.420363,107.12,0.201,2
-119.836921,34.420363,107.12,0.259,2
-119.836608,34.420363,106.93,0.239,2
-119.836296,34.420363,106.49,0.168,2
-119.835984,34.420363,105.27,0.115,2
-119.835672,34.420363,104.06,0.097,2
-119.83536,34.420363,102.84,0.142,2
-119.835048,34.420363,101.44,0.248,2
-119.834736,34.420363,99.73,0.304,2
-119.834423,34.420363,97.9,0.336,2
-119.834111,34.420363,96.24,0.423,2
-119.833799,34.420363,94.88,0.506,2
-119.833487,34.420363,93.82,0.545,2
-119.833175,34.420363,93.08,0.571,2
-119.832863,34.420363,92.69,0.54,2
-119.832551,34.420363,92.52,0.471,2
-119.832238,34.420363,92.51,0.36,2
-119.831926,34.420363,92.58,0.292,2
-119.831614,34.420363,92.77,0.405,2
-119.831302,34.420363,93.32,0.351,2
-119.83099,34.420363,94.15,0.355,2
-119.830678,34.420363,94.33,0.296,2
-119.830366,34.420363,93.69,0.191,2
-119.830053,34.420363,92.65,0.15,2
-119.829741,34.420363,91.9,0.184,2
-119.829429,34.420363,90.86,0.276,2
-119.829117,34.420363,90.51,0.364,2
-119.828805,34.420363,89.49,0.312,2
-119.868759,34.420051,101.45,0.345,2
-119.868447,34.420051,101.37,0.33,2
-119.868135,34.420051,101.03,0.367,2
-119.867823,34.420051,100.09,0.425,2
-119.86751,34.420051,99.75,0.382,2
-119.867198,34.420051,99.38,0.497,2
-119.866886,34.420051,98.93,0.44,2
-119.866574,34.420051,98.55,0.402,2
-119.866262,34.420051,98.18,0.382,2
-119.86595,34.420051,98.02,0.372,2
-119.865638,34.420051,97.89,0.409,2
-119.865325,34.420051,98.03,0.448,2
-119.865013,34.420051,98.35,0.426,2
-119.864701,34.420051,98.73,0.339,2
-119.864389,34.420051,98.97,0.323,2
-119.864077,34.420051,99.19,0.38,2
-119.863765,34.420051,99.27,0.482,2
-119.863453,34.420051,99.12,0.559,2
-119.86314,34.420051,99.12,0.5,2
-119.862828,34.420051,99.08,0.356,2
-119.862516,34.420051,98.75,0.306,2
-119.862204,34.420051,98.51,0.348,2
-119.861892,34.420051,98.38,0.338,2
-119.86158,34.420051,98.36,0.324,2
-119.861268,34.420051,98.41,0.38,2
-119.860955,34.420051,98.43,0.468,2
-119.860643,34.420051,98.13,0.436,2
-119.860331,34.420051,97.99,0.374,2
-119.860019,34.420051,97.63,0.279,2
-119.859707,34.420051,97.21,0.41,2
-119.859395,34.420051,96.9,0.495,2
-119.859083,34.420051,96.77,0.451,2
-119.85877,34.420051,96.75,0.399,2
-119.858458,34.420051,96.83,0.352,2
-119.858146,34.420051,96.84,0.396,2
-119.857834,34.420051,96.48,0.396,2
-119.857522,34.420051,96.41,0.405,2
-119.85721,34.420051,96.31,0.414,2
-119.856898,34.420051,96.17,0.43,2
-119.856585,34.420051,95.99,0.442,2
-119.856273,34.420051,95.8,0.438,2
-119.855961,34.420051,95.62,0.493,2
-119.855649,34.420051,95.54,0.573,2
-119.855337,34.420051,95.72,0.445,2
-119.855025,34.420051,96.4,0.237,2
-119.854713,34.420051,97.58,0.425,2
-119.8544,34.420051,98.61,0.696,2
-119.854088,34.420051,99.34,0.641,2
-119.853776,34.420051,99.68,0.355,2
-119.853464,34.420051,100.11,0.226,2
-119.853152,34.420051,100.43,0.259,2
-119.85284,34.420051,100.39,0.297,2
-119.852528,34.420051,99.75,0.25,2
-119.852215,34.420051,98.82,0.294,2
-119.851903,34.420051,98.33,0.383,2
-119.851591,34.420051,98.44,0.467,2
-119.851279,34.420051,98.6,0.43,2
-119.850967,34.420051,98.7,0.381,2
-119.850655,34.420051,98.22,0.345,2
-119.850343,34.420051,97.36,0.392,2
-119.850031,34.420051,96.37,0.436,2
-119.849718,34.420051,95.41,0.474,2
-119.849406,34.420051,94.55,0.536,2
-119.849094,34.420051,93.82,0.584,2
-119.848782,34.420051,93.03,0.579,2
-119.84847,34.420051,91.99,0.532,2
-119.848158,34.420051,90.65,0.492,2
-119.847846,34.420051,89.12,0.487,2
-119.847533,34.420051,87.75,0.503,2
-119.847221,34.420051,86.48,0.512,2
-119.846909,34.420051,85.32,0.448,2
-119.846597,34.420051,84.52,0.41,2
-119.846285,34.420051,84.33,0.429,2
-119.845973,34.420051,84.9,0.437,2
-119.845661,34.420051,86.2,0.552,2
-119.845348,34.420051,87.3,0.604,2
-119.845036,34.420051,88.14,0.555,2
-119.844724,34.420051,89.01,0.543,2
-119.844412,34.420051,89.59,0.577,2
-119.8441,34.420051,90.09,0.623,2
-119.843788,34.420051,90.29,0.583,2
-119.843476,34.420051,90.62,0.527,2
-119.843163,34.420051,91.04,0.463,2
-119.842851,34.420051,91.04,0.402,2
-119.842539,34.420051,90.89,0.425,2
-119.842227,34.420051,90.67,0.502,2
-119.841915,34.420051,90.21,0.531,2
-119.841603,34.420051,89.57,0.525,2
-119.841291,34.420051,88.86,0.542,2
-119.840978,34.420051,88.23,0.551,2
-119.840666,34.420051,87.77,0.53,2
-119.840354,34.420051,87.54,0.523,2
-119.840042,34.420051,87.91,0.522,2
-119.83973,34.420051,89.23,0.518,2
-119.839418,34.420051,91.36,0.483,2
-119.839106,34.420051,94.16,0.37,2
-119.838793,34.420051,97.66,0.342,2
-119.838481,34.420051,100.63,0.204,2
-119.838169,34.420051,103.05,0.156,2
-119.837857,34.420051,105.27,0.292,2
-119.837545,34.420051,106.47,0.316,2
-119.837233,34.420051,107.01,0.209,2
-119.836921,34.420051,107.17,0.187,2
-119.836608,34.420051,107.05,0.192,2
-119.836296,34.420051,106.61,0.161,2
-119.835984,34.420051,105.38,0.166,2
-119.835672,34.420051,104.15,0.159,2
-119.83536,34.420051,102.93,0.161,2
-119.835048,34.420051,101.24,0.283,2
-119.834736,34.420051,99.24,0.369,2
-119.834423,34.420051,97.32,0.401,2
-119.834111,34.420051,95.6,0.504,2
-119.833799,34.420051,94.18,0.566,2
-119.833487,34.420051,93.15,0.52,2
-119.833175,34.420051,92.61,0.456,2
-119.832863,34.420051,92.6,0.398,2
-119.832551,34.420051,92.87,0.355,2
-119.832238,34.420051,93.29,0.301,2
-119.831926,34.420051,93.71,0.235,2
-119.831614,34.420051,94.22,0.237,2
-119.831302,34.420051,94.91,0.194,2
-119.83099,34.420051,95.61,0.156,2
-119.830678,34.420051,95.49,0.129,2
-119.830366,34.420051,94.3,0.223,2
-119.830053,34.420051,92.48,0.319,2
-119.829741,34.420051,91.12,0.279,2
-119.829429,34.420051,88.58,0.162,2
-119.829117,34.420051,89.11,0.296,2
-119.828805,34.420051,88.57,0.422,2
-119.869071,34.419739,102.38,0.272,2
-119.868759,34.419739,101.74,0.261,2
-119.868447,34.419739,101.61,0.287,2
-119.868135,34.419739,101.25,0.3,2
-119.867823,34.419739,100.05,0.368,2
-119.86751,34.419739,99.54,0.403,2
-119.867198,34.419739,98.89,0.454,2
-119.866886,34.419739,98.12,0.415,2
-119.866574,34.419739,97.45,0.414,2
-119.866262,34.419739,96.87,0.518,2
-119.86595,34.419739,96.74,0.51,2
-119.865638,34.419739,96.72,0.47,2
-119.865325,34.419739,97.14,0.504,2
-119.865013,34.419739,97.97,0.481,2
-119.864701,34.419739,98.73,0.417,2
-119.864389,34.419739,99.22,0.42,2
-119.864077,34.419739,99.88,0.441,2
-119.863765,34.419739,100.37,0.455,2
-119.863453,34.419739,100.49,0.42,2
-119.86314,34.419739,100.41,0.346,2
-119.862828,34.419739,100.14,0.275,2
-119.862516,34.419739,99.76,0.218,2
-119.862204,34.419739,99.39,0.27,2
-119.861892,34.419739,99.1,0.353,2
-119.86158,34.419739,98.9,0.336,2
-119.861268,34.419739,98.76,0.376,2
-119.860955,34.419739,98.55,0.425,2
-119.860643,34.419739,98.5,0.424,2
-119.860331,34.419739,98.45,0.312,2
-119.860019,34.419739,98.24,0.247,2
-119.859707,34.419739,98.08,0.454,2
-119.859395,34.419739,97.63,0.553,2
-119.859083,34.419739,97.35,0.357,2
-119.85877,34.419739,97.23,0.196,2
-119.858458,34.419739,97.48,0.167,2
-119.858146,34.419739,97.86,0.179,2
-119.857834,34.419739,97.81,0.166,2
-119.857522,34.419739,97.77,0.179,2
-119.85721,34.419739,97.72,0.203,2
-119.856898,34.419739,97.61,0.202,2
-119.856585,34.419739,97.47,0.213,2
-119.856273,34.419739,97.26,0.274,2
-119.855961,34.419739,97.32,0.298,2
-119.855649,34.419739,97.57,0.271,2
-119.855337,34.419739,97.77,0.246,2
-119.855025,34.419739,98.44,0.193,2
-119.854713,34.419739,99.49,0.232,2
-119.8544,34.419739,100.35,0.35,2
-119.854088,34.419739,100.8,0.373,2
-119.853776,34.419739,100.69,0.325,2
-119.853464,34.419739,100.67,0.211,2
-119.853152,34.419739,100.48,0.233,2
-119.85284,34.419739,99.6,0.401,2
-119.852528,34.419739,98.55,0.523,2
-119.852215,34.419739,97.62,0.631,2
-119.851903,34.419739,97.43,0.595,2
-119.851591,34.419739,97.94,0.413,2
-119.851279,34.419739,98.53,0.341,2
-119.850967,34.419739,99.11,0.381,2
-119.850655,34.419739,98.89,0.447,2
-119.850343,34.419739,98.15,0.517,2
-119.850031,34.419739,97.49,0.542,2
-119.849718,34.419739,96.84,0.471,2
-119.849406,34.419739,96.25,0.412,2
-119.849094,34.419739,95.69,0.443,2
-119.848782,34.419739,94.95,0.514,2
-119.84847,34.419739,93.86,0.605,2
-119.848158,34.419739,92.25,0.667,2
-119.847846,34.419739,90.35,0.614,2
-119.847533,34.419739,88.68,0.56,2
-119.847221,34.419739,87.05,0.536,2
-119.846909,34.419739,85.66,0.519,2
-119.846597,34.419739,84.75,0.578,2
-119.846285,34.419739,84.44,0.648,2
-119.845973,34.419739,85,0.644,2
-119.845661,34.419739,86.09,0.605,2
-119.845348,34.419739,87,0.612,2
-119.845036,34.419739,87.72,0.606,2
-119.844724,34.419739,88.69,0.589,2
-119.844412,34.419739,89.19,0.598,2
-119.8441,34.419739,89.49,0.621,2
-119.843788,34.419739,89.8,0.562,2
-119.843476,34.419739,90.07,0.576,2
-119.843163,34.419739,90.35,0.524,2
-119.842851,34.419739,90.3,0.414,2
-119.842539,34.419739,90.25,0.408,2
-119.842227,34.419739,90.23,0.488,2
-119.841915,34.419739,89.98,0.516,2
-119.841603,34.419739,89.5,0.48,2
-119.841291,34.419739,88.89,0.484,2
-119.840978,34.419739,88.31,0.536,2
-119.840666,34.419739,87.85,0.545,2
-119.840354,34.419739,87.59,0.536,2
-119.840042,34.419739,87.68,0.528,2
-119.83973,34.419739,88.4,0.532,2
-119.839418,34.419739,90.14,0.52,2
-119.839106,34.419739,92.64,0.445,2
-119.838793,34.419739,96.29,0.368,2
-119.838481,34.419739,99.16,0.25,2
-119.838169,34.419739,101.85,0.109,2
-119.837857,34.419739,104.44,0.212,2
-119.837545,34.419739,106.24,0.249,2
-119.837233,34.419739,107.14,0.198,2
-119.836921,34.419739,107.38,0.187,2
-119.836608,34.419739,107.18,0.206,2
-119.836296,34.419739,106.55,0.237,2
-119.835984,34.419739,105.19,0.238,2
-119.835672,34.419739,103.88,0.208,2
-119.83536,34.419739,102.64,0.174,2
-119.835048,34.419739,100.88,0.188,2
-119.834736,34.419739,98.85,0.201,2
-119.834423,34.419739,97.05,0.206,2
-119.834111,34.419739,95.51,0.23,2
-119.833799,34.419739,94.29,0.226,2
-119.833487,34.419739,93.48,0.203,2
-119.833175,34.419739,93.16,0.194,2
-119.832863,34.419739,93.31,0.216,2
-119.832551,34.419739,93.64,0.216,2
-119.832238,34.419739,94.13,0.21,2
-119.831926,34.419739,94.67,0.224,2
-119.831614,34.419739,95.3,0.25,2
-119.831302,34.419739,95.95,0.187,2
-119.83099,34.419739,96.43,0.123,2
-119.830678,34.419739,96.08,0.189,2
-119.830366,34.419739,94.42,0.352,2
-119.830053,34.419739,92.18,0.387,2
-119.829741,34.419739,90.51,0.206,2
-119.829429,34.419739,89.83,0.372,2
-119.829117,34.419739,89.47,0.494,2
-119.828805,34.419739,88.67,0.545,2
-119.869071,34.419427,101.83,0.291,2
-119.868759,34.419427,101.07,0.292,2
-119.868447,34.419427,100.94,0.299,2
-119.868135,34.419427,100.69,0.308,2
-119.867823,34.419427,99.6,0.323,2
-119.86751,34.419427,99.18,0.393,2
-119.867198,34.419427,98.45,0.329,2
-119.866886,34.419427,97.53,0.391,2
-119.866574,34.419427,96.63,0.563,2
-119.866262,34.419427,95.86,0.658,2
-119.86595,34.419427,95.59,0.58,2
-119.865638,34.419427,95.55,0.477,2
-119.865325,34.419427,96.15,0.46,2
-119.865013,34.419427,97.41,0.437,2
-119.864701,34.419427,98.68,0.41,2
-119.864389,34.419427,99.52,0.394,2
-119.864077,34.419427,100.35,0.403,2
-119.863765,34.419427,100.95,0.394,2
-119.863453,34.419427,101.09,0.354,2
-119.86314,34.419427,101.01,0.405,2
-119.862828,34.419427,100.76,0.473,2
-119.862516,34.419427,100.4,0.378,2
-119.862204,34.419427,100.03,0.343,2
-119.861892,34.419427,99.66,0.409,2
-119.86158,34.419427,99.32,0.394,2
-119.861268,34.419427,99.01,0.377,2
-119.860955,34.419427,98.59,0.374,2
-119.860643,34.419427,98.7,0.354,2
-119.860331,34.419427,98.78,0.236,2
-119.860019,34.419427,98.65,0.291,2
-119.859707,34.419427,98.41,0.445,2
-119.859395,34.419427,97.83,0.505,2
-119.859083,34.419427,97.46,0.557,2
-119.85877,34.419427,97.34,0.596,2
-119.858458,34.419427,97.67,0.605,2
-119.858146,34.419427,98.29,0.52,2
-119.857834,34.419427,98.54,0.41,2
-119.857522,34.419427,98.68,0.379,2
-119.85721,34.419427,98.74,0.369,2
-119.856898,34.419427,98.68,0.354,2
-119.856585,34.419427,98.55,0.388,2
-119.856273,34.419427,98.36,0.45,2
-119.855961,34.419427,98.36,0.443,2
-119.855649,34.419427,98.58,0.376,2
-119.855337,34.419427,98.78,0.359,2
-119.855025,34.419427,99.47,0.38,2
-119.854713,34.419427,100.51,0.325,2
-119.8544,34.419427,101.23,0.249,2
-119.854088,34.419427,101.49,0.285,2
-119.853776,34.419427,101.15,0.276,2
-119.853464,34.419427,100.91,0.216,2
-119.853152,34.419427,100.43,0.298,2
-119.85284,34.419427,99.18,0.638,2
-119.852528,34.419427,97.99,0.77,2
-119.852215,34.419427,97.21,0.799,2
-119.851903,34.419427,97.27,0.7,2
-119.851591,34.419427,98.08,0.371,2
-119.851279,34.419427,98.98,0.254,2
-119.850967,34.419427,99.75,0.372,2
-119.850655,34.419427,99.66,0.48,2
-119.850343,34.419427,98.99,0.457,2
-119.850031,34.419427,98.44,0.447,2
-119.849718,34.419427,98.04,0.434,2
-119.849406,34.419427,97.81,0.385,2
-119.849094,34.419427,97.63,0.374,2
-119.848782,34.419427,97.07,0.371,2
-119.84847,34.419427,96.01,0.362,2
-119.848158,34.419427,94.36,0.424,2
-119.847846,34.419427,92.34,0.516,2
-119.847533,34.419427,90.5,0.623,2
-119.847221,34.419427,88.59,0.673,2
-119.846909,34.419427,86.89,0.702,2
-119.846597,34.419427,85.9,0.725,2
-119.846285,34.419427,85.74,0.702,2
-119.845973,34.419427,86.03,0.657,2
-119.845661,34.419427,86.61,0.544,2
-119.845348,34.419427,87.22,0.573,2
-119.845036,34.419427,88.23,0.626,2
-119.844724,34.419427,88.78,0.609,2
-119.844412,34.419427,89.13,0.624,2
-119.8441,34.419427,89.3,0.621,2
-119.843788,34.419427,89.43,0.563,2
-119.843476,34.419427,89.54,0.617,2
-119.843163,34.419427,89.68,0.65,2
-119.842851,34.419427,89.56,0.542,2
-119.842539,34.419427,89.52,0.45,2
-119.842227,34.419427,89.63,0.462,2
-119.841915,34.419427,89.56,0.488,2
-119.841603,34.419427,89.26,0.464,2
-119.841291,34.419427,88.82,0.451,2
-119.840978,34.419427,88.34,0.495,2
-119.840666,34.419427,87.93,0.53,2
-119.840354,34.419427,87.65,0.533,2
-119.840042,34.419427,87.59,0.524,2
-119.83973,34.419427,87.95,0.54,2
-119.839418,34.419427,89.13,0.548,2
-119.839106,34.419427,91.17,0.511,2
-119.838793,34.419427,94.56,0.432,2
-119.838481,34.419427,97.44,0.316,2
-119.838169,34.419427,100.49,0.195,2
-119.837857,34.419427,103.54,0.221,2
-119.837545,34.419427,105.77,0.288,2
-119.837233,34.419427,107.15,0.328,2
-119.836921,34.419427,107.52,0.309,2
-119.836608,34.419427,107.14,0.298,2
-119.836296,34.419427,106.24,0.307,2
-119.835984,34.419427,104.65,0.258,2
-119.835672,34.419427,103.09,0.223,2
-119.83536,34.419427,101.69,0.189,2
-119.835048,34.419427,99.92,0.151,2
-119.834736,34.419427,98.05,0.15,2
-119.834423,34.419427,96.54,0.157,2
-119.834111,34.419427,95.35,0.16,2
-119.833799,34.419427,94.47,0.172,2
-119.833487,34.419427,94,0.188,2
-119.833175,34.419427,93.92,0.226,2
-119.832863,34.419427,94.14,0.296,2
-119.832551,34.419427,94.45,0.294,2
-119.832238,34.419427,94.87,0.361,2
-119.831926,34.419427,95.34,0.292,2
-119.831614,34.419427,95.86,0.225,2
-119.831302,34.419427,96.39,0.212,2
-119.83099,34.419427,96.72,0.206,2
-119.830678,34.419427,96.02,0.257,2
-119.830366,34.419427,93.89,0.327,2
-119.830053,34.419427,91.53,0.3,2
-119.829741,34.419427,90.06,0.226,2
-119.829429,34.419427,89.68,0.377,2
-119.829117,34.419427,89.62,0.424,2
-119.828805,34.419427,89.02,0.46,2
-119.869071,34.419114,100.88,0.238,2
-119.868759,34.419114,100.12,0.179,2
-119.868447,34.419114,100.03,0.175,2
-119.868135,34.419114,99.93,0.229,2
-119.867823,34.419114,99.24,0.292,2
-119.86751,34.419114,98.94,0.292,2
-119.867198,34.419114,98.33,0.199,2
-119.866886,34.419114,97.53,0.294,2
-119.866574,34.419114,96.65,0.607,2
-119.866262,34.419114,95.84,0.695,2
-119.86595,34.419114,95.3,0.601,2
-119.865638,34.419114,95.05,0.476,2
-119.865325,34.419114,95.71,0.427,2
-119.865013,34.419114,97.22,0.397,2
-119.864701,34.419114,98.74,0.372,2
-119.864389,34.419114,99.73,0.388,2
-119.864077,34.419114,100.59,0.415,2
-119.863765,34.419114,101.2,0.366,2
-119.863453,34.419114,101.24,0.357,2
-119.86314,34.419114,101.08,0.513,2
-119.862828,34.419114,100.82,0.629,2
-119.862516,34.419114,100.5,0.561,2
-119.862204,34.419114,100.17,0.442,2
-119.861892,34.419114,99.8,0.399,2
-119.86158,34.419114,99.42,0.41,2
-119.861268,34.419114,99.06,0.395,2
-119.860955,34.419114,98.7,0.372,2
-119.860643,34.419114,98.91,0.361,2
-119.860331,34.419114,99.07,0.283,2
-119.860019,34.419114,99.04,0.378,2
-119.859707,34.419114,98.54,0.38,2
-119.859395,34.419114,97.88,0.472,2
-119.859083,34.419114,97.45,0.713,2
-119.85877,34.419114,97.17,0.811,2
-119.858458,34.419114,97.42,0.832,2
-119.858146,34.419114,98.07,0.744,2
-119.857834,34.419114,98.51,0.632,2
-119.857522,34.419114,98.85,0.595,2
-119.85721,34.419114,99.14,0.594,2
-119.856898,34.419114,99.28,0.594,2
-119.856585,34.419114,99.26,0.612,2
-119.856273,34.419114,99.1,0.64,2
-119.855961,34.419114,99.12,0.652,2
-119.855649,34.419114,99.42,0.644,2
-119.855337,34.419114,99.64,0.621,2
-119.855025,34.419114,100.26,0.596,2
-119.854713,34.419114,101.02,0.522,2
-119.8544,34.419114,101.56,0.409,2
-119.854088,34.419114,101.66,0.419,2
-119.853776,34.419114,101.2,0.33,2
-119.853464,34.419114,100.96,0.273,2
-119.853152,34.419114,100.37,0.401,2
-119.85284,34.419114,99.12,0.689,2
-119.852528,34.419114,98.11,0.733,2
-119.852215,34.419114,97.62,0.783,2
-119.851903,34.419114,97.88,0.793,2
-119.851591,34.419114,98.88,0.484,2
-119.851279,34.419114,99.88,0.229,2
-119.850967,34.419114,100.69,0.201,2
-119.850655,34.419114,100.66,0.212,2
-119.850343,34.419114,100.07,0.176,2
-119.850031,34.419114,99.68,0.232,2
-119.849718,34.419114,99.57,0.31,2
-119.849406,34.419114,99.74,0.377,2
-119.849094,34.419114,99.94,0.369,2
-119.848782,34.419114,99.61,0.27,2
-119.84847,34.419114,98.68,0.3,2
-119.848158,34.419114,97.22,0.312,2
-119.847846,34.419114,95.36,0.335,2
-119.847533,34.419114,93.43,0.429,2
-119.847221,34.419114,91.34,0.544,2
-119.846909,34.419114,89.41,0.665,2
-119.846597,34.419114,88.13,0.715,2
-119.846285,34.419114,87.56,0.643,2
-119.845973,34.419114,87.46,0.603,2
-119.845661,34.419114,87.58,0.531,2
-119.845348,34.419114,87.82,0.586,2
-119.845036,34.419114,88.46,0.642,2
-119.844724,34.419114,88.88,0.663,2
-119.844412,34.419114,89.16,0.667,2
-119.8441,34.419114,89.22,0.613,2
-119.843788,34.419114,89.13,0.546,2
-119.843476,34.419114,89.01,0.597,2
-119.843163,34.419114,88.95,0.678,2
-119.842851,34.419114,88.74,0.631,2
-119.842539,34.419114,88.72,0.509,2
-119.842227,34.419114,88.95,0.468,2
-119.841915,34.419114,89.03,0.494,2
-119.841603,34.419114,88.95,0.49,2
-119.841291,34.419114,88.72,0.463,2
-119.840978,34.419114,88.4,0.47,2
-119.840666,34.419114,88.05,0.513,2
-119.840354,34.419114,87.75,0.539,2
-119.840042,34.419114,87.54,0.512,2
-119.83973,34.419114,87.65,0.515,2
-119.839418,34.419114,88.45,0.536,2
-119.839106,34.419114,89.99,0.517,2
-119.838793,34.419114,93.01,0.443,2
-119.838481,34.419114,95.75,0.39,2
-119.838169,34.419114,98.94,0.303,2
-119.837857,34.419114,102.17,0.3,2
-119.837545,34.419114,104.54,0.312,2
-119.837233,34.419114,106.01,0.326,2
-119.836921,34.419114,106.5,0.305,2
-119.836608,34.419114,106.07,0.298,2
-119.836296,34.419114,105.03,0.298,2
-119.835984,34.419114,103.4,0.266,2
-119.835672,34.419114,101.74,0.268,2
-119.83536,34.419114,100.21,0.248,2
-119.835048,34.419114,98.51,0.246,2
-119.834736,34.419114,96.85,0.296,2
-119.834423,34.419114,95.61,0.303,2
-119.834111,34.419114,94.75,0.33,2
-119.833799,34.419114,94.31,0.374,2
-119.833487,34.419114,94.19,0.348,2
-119.833175,34.419114,94.37,0.373,2
-119.832863,34.419114,94.68,0.498,2
-119.832551,34.419114,95.06,0.422,2
-119.832238,34.419114,95.39,0.366,2
-119.831926,34.419114,95.73,0.276,2
-119.831614,34.419114,96.13,0.284,1
-119.831302,34.419114,96.55,0.339,1
-119.83099,34.419114,96.73,0.312,1
-119.830678,34.419114,94.97,0.296,1
-119.830366,34.419114,92.48,0.31,1
-119.830053,34.419114,90.67,0.148,1
-119.829741,34.419114,89.67,0.257,2
-119.829429,34.419114,89.46,0.348,2
-119.829117,34.419114,89.27,0.326,2
-119.828805,34.419114,88.83,0.384,2
-119.869071,34.418802,100.06,0.214,2
-119.868759,34.418802,99.48,0.207,2
-119.868447,34.418802,99.5,0.193,2
-119.868135,34.418802,99.55,0.172,2
-119.867823,34.418802,99.38,0.168,2
-119.86751,34.418802,99.03,0.185,2
-119.867198,34.418802,98.54,0.198,2
-119.866886,34.418802,97.92,0.24,2
-119.866574,34.418802,97.15,0.422,2
-119.866262,34.418802,96.33,0.535,2
-119.86595,34.418802,95.62,0.493,2
-119.865638,34.418802,95.4,0.423,2
-119.865325,34.418802,96.08,0.431,2
-119.865013,34.418802,97.6,0.42,2
-119.864701,34.418802,99.05,0.356,2
-119.864389,34.418802,99.95,0.334,2
-119.864077,34.418802,100.51,0.376,2
-119.863765,34.418802,100.82,0.405,2
-119.863453,34.418802,100.85,0.408,2
-119.86314,34.418802,100.73,0.448,2
-119.862828,34.418802,100.58,0.547,2
-119.862516,34.418802,100.29,0.572,2
-119.862204,34.418802,99.98,0.406,2
-119.861892,34.418802,99.64,0.394,2
-119.86158,34.418802,99.28,0.39,2
-119.861268,34.418802,98.98,0.395,2
-119.860955,34.418802,99.25,0.4,2
-119.860643,34.418802,99.44,0.303,2
-119.860331,34.418802,99.56,0.338,2
-119.860019,34.418802,99.02,0.43,2
-119.859707,34.418802,98.48,0.397,2
-119.859395,34.418802,97.88,0.463,2
-119.859083,34.418802,97.45,0.69,2
-119.85877,34.418802,97.2,0.794,2
-119.858458,34.418802,97.38,0.817,2
-119.858146,34.418802,97.95,0.742,2
-119.857834,34.418802,98.45,0.652,2
-119.857522,34.418802,98.89,0.629,2
-119.85721,34.418802,99.33,0.632,2
-119.856898,34.418802,99.63,0.615,2
-119.856585,34.418802,99.71,0.627,2
-119.856273,34.418802,99.6,0.672,2
-119.855961,34.418802,99.68,0.67,2
-119.855649,34.418802,100.08,0.635,2
-119.855337,34.418802,100.28,0.613,2
-119.855025,34.418802,100.7,0.616,2
-119.854713,34.418802,101.03,0.554,2
-119.8544,34.418802,101.41,0.394,2
-119.854088,34.418802,101.5,0.394,2
-119.853776,34.418802,101.05,0.307,2
-119.853464,34.418802,100.91,0.229,2
-119.853152,34.418802,100.47,0.233,2
-119.85284,34.418802,99.68,0.472,2
-119.852528,34.418802,99.05,0.537,2
-119.852215,34.418802,98.93,0.578,2
-119.851903,34.418802,99.36,0.535,2
-119.851591,34.418802,100.47,0.378,2
-119.851279,34.418802,101.59,0.211,2
-119.850967,34.418802,103.01,0.116,2
-119.850655,34.418802,103.47,0.076,2
-119.850343,34.418802,103.1,0.14,2
-119.850031,34.418802,102.55,0.335,2
-119.849718,34.418802,102.32,0.501,2
-119.849406,34.418802,102.62,0.519,2
-119.849094,34.418802,102.71,0.395,2
-119.848782,34.418802,102.13,0.258,2
-119.84847,34.418802,101.35,0.27,2
-119.848158,34.418802,100.27,0.273,2
-119.847846,34.418802,98.87,0.359,2
-119.847533,34.418802,97.17,0.407,2
-119.847221,34.418802,95.26,0.365,2
-119.846909,34.418802,93.37,0.496,2
-119.846597,34.418802,91.8,0.618,2
-119.846285,34.418802,90.59,0.591,2
-119.845973,34.418802,89.76,0.605,2
-119.845661,34.418802,89.24,0.605,2
-119.845348,34.418802,88.98,0.662,2
-119.845036,34.418802,88.99,0.624,2
-119.844724,34.418802,89.12,0.575,2
-119.844412,34.418802,89.2,0.554,2
-119.8441,34.418802,89.1,0.495,2
-119.843788,34.418802,88.86,0.461,2
-119.843476,34.418802,88.6,0.508,2
-119.843163,34.418802,88.33,0.629,2
-119.842851,34.418802,87.97,0.633,2
-119.842539,34.418802,87.79,0.528,2
-119.842227,34.418802,87.95,0.485,2
-119.841915,34.418802,88.17,0.511,2
-119.841603,34.418802,88.33,0.532,2
-119.841291,34.418802,88.35,0.505,2
-119.840978,34.418802,88.18,0.479,2
-119.840666,34.418802,87.84,0.503,2
-119.840354,34.418802,87.5,0.522,2
-119.840042,34.418802,87.27,0.488,2
-119.83973,34.418802,87.48,0.494,2
-119.839418,34.418802,87.95,0.541,2
-119.839106,34.418802,88.94,0.512,2
-119.838793,34.418802,90.2,0.46,2
-119.838481,34.418802,92.49,0.46,2
-119.838169,34.418802,95.4,0.355,2
-119.837857,34.418802,98.46,0.29,2
-119.837545,34.418802,100.8,0.28,2
-119.837233,34.418802,102.33,0.285,2
-119.836921,34.418802,102.92,0.289,2
-119.836608,34.418802,102.63,0.293,2
-119.836296,34.418802,101.76,0.303,2
-119.835984,34.418802,100.68,0.307,2
-119.835672,34.418802,99.43,0.333,2
-119.83536,34.418802,98.03,0.327,2
-119.835048,34.418802,96.7,0.326,2
-119.834736,34.418802,95.48,0.405,2
-119.834423,34.418802,94.38,0.447,2
-119.834111,34.418802,93.77,0.441,2
-119.833799,34.418802,93.91,0.442,2
-119.833487,34.418802,94.05,0.388,1
-119.833175,34.418802,94.39,0.439,1
-119.832863,34.418802,94.74,0.45,1
-119.832551,34.418802,95.17,0.309,1
-119.832238,34.418802,95.44,0.301,1
-119.831926,34.418802,95.7,0.335,1
-119.831614,34.418802,95.97,0.297,1
-119.831302,34.418802,96.25,0.244,1
-119.83099,34.418802,96.15,0.25,1
-119.830678,34.418802,94.15,0.296,1
-119.830366,34.418802,91.84,0.34,1
-119.830053,34.418802,90.59,0.042,1
-119.829741,34.418802,90.04,0.09,1
-119.829429,34.418802,89.66,0.247,2
-119.829117,34.418802,89.44,0.292,2
-119.828805,34.418802,89.19,0.334,2
-119.869071,34.41849,99.93,0.252,2
-119.868759,34.41849,99.5,0.496,2
-119.868447,34.41849,99.77,0.399,2
-119.868135,34.41849,100.02,0.175,2
-119.867823,34.41849,99.87,0.13,2
-119.86751,34.41849,99.48,0.177,2
-119.867198,34.41849,98.99,0.375,2
-119.866886,34.41849,98.43,0.409,2
-119.866574,34.41849,97.73,0.381,2
-119.866262,34.41849,96.95,0.473,2
-119.86595,34.41849,96.25,0.489,2
-119.865638,34.41849,96.13,0.464,2
-119.865325,34.41849,96.65,0.464,2
-119.865013,34.41849,97.71,0.452,2
-119.864701,34.41849,98.67,0.394,2
-119.864389,34.41849,99.25,0.351,2
-119.864077,34.41849,99.67,0.383,2
-119.863765,34.41849,99.99,0.422,2
-119.863453,34.41849,100.23,0.424,2
-119.86314,34.41849,100.35,0.441,2
-119.862828,34.41849,100.43,0.463,2
-119.862516,34.41849,100.26,0.456,2
-119.862204,34.41849,100.01,0.369,2
-119.861892,34.41849,99.7,0.312,2
-119.86158,34.41849,99.36,0.339,2
-119.861268,34.41849,99.08,0.36,2
-119.860955,34.41849,99.29,0.4,2
-119.860643,34.41849,99.34,0.261,2
-119.860331,34.41849,99.36,0.389,2
-119.860019,34.41849,98.78,0.428,2
-119.859707,34.41849,98.29,0.397,2
-119.859395,34.41849,97.9,0.4,2
-119.859083,34.41849,97.67,0.54,2
-119.85877,34.41849,97.56,0.636,2
-119.858458,34.41849,97.76,0.679,2
-119.858146,34.41849,98.24,0.662,2
-119.857834,34.41849,98.63,0.59,2
-119.857522,34.41849,98.99,0.537,2
-119.85721,34.41849,99.43,0.528,2
-119.856898,34.41849,99.76,0.53,2
-119.856585,34.41849,99.89,0.543,2
-119.856273,34.41849,99.85,0.57,2
-119.855961,34.41849,99.95,0.581,2
-119.855649,34.41849,100.34,0.545,2
-119.855337,34.41849,100.37,0.51,2
-119.855025,34.41849,100.48,0.54,2
-119.854713,34.41849,100.51,0.511,2
-119.8544,34.41849,100.81,0.302,2
-119.854088,34.41849,101.07,0.133,2
-119.853776,34.41849,100.8,0.183,2
-119.853464,34.41849,100.86,0.161,2
-119.853152,34.41849,100.73,0.199,2
-119.85284,34.41849,100.42,0.29,2
-119.852528,34.41849,100.16,0.482,2
-119.852215,34.41849,100.12,0.489,2
-119.851903,34.41849,100.78,0.519,2
-119.851591,34.41849,102.1,0.57,2
-119.851279,34.41849,103.43,0.451,2
-119.850967,34.41849,105.12,0.327,2
-119.850655,34.41849,106.04,0.292,2
-119.850343,34.41849,106.06,0.336,2
-119.850031,34.41849,105.49,0.318,2
-119.849718,34.41849,105.14,0.235,2
-119.849406,34.41849,105.54,0.241,2
-119.849094,34.41849,105.38,0.283,2
-119.848782,34.41849,104.53,0.278,2
-119.84847,34.41849,103.6,0.263,2
-119.848158,34.41849,102.59,0.221,2
-119.847846,34.41849,101.46,0.35,2
-119.847533,34.41849,100.2,0.503,2
-119.847221,34.41849,98.78,0.288,2
-119.846909,34.41849,97.22,0.315,2
-119.846597,34.41849,95.64,0.462,2
-119.846285,34.41849,94.05,0.527,2
-119.845973,34.41849,92.63,0.617,2
-119.845661,34.41849,91.41,0.646,2
-119.845348,34.41849,90.47,0.677,2
-119.845036,34.41849,89.87,0.605,2
-119.844724,34.41849,89.51,0.513,2
-119.844412,34.41849,89.25,0.527,2
-119.8441,34.41849,88.95,0.55,2
-119.843788,34.41849,88.65,0.53,2
-119.843476,34.41849,88.31,0.559,2
-119.843163,34.41849,87.87,0.656,2
-119.842851,34.41849,87.27,0.655,2
-119.842539,34.41849,86.88,0.569,2
-119.842227,34.41849,86.98,0.508,2
-119.841915,34.41849,87.36,0.488,2
-119.841603,34.41849,87.82,0.531,2
-119.841291,34.41849,88.07,0.502,2
-119.840978,34.41849,88.01,0.464,2
-119.840666,34.41849,87.74,0.459,2
-119.840354,34.41849,87.41,0.465,2
-119.840042,34.41849,87.17,0.467,2
-119.83973,34.41849,87.33,0.499,2
-119.839418,34.41849,87.52,0.54,2
-119.839106,34.41849,88.11,0.537,2
-119.838793,34.41849,88.84,0.523,2
-119.838481,34.41849,90.67,0.538,2
-119.838169,34.41849,93.1,0.425,2
-119.837857,34.41849,95.68,0.308,2
-119.837545,34.41849,97.62,0.288,2
-119.837233,34.41849,98.94,0.298,2
-119.836921,34.41849,99.5,0.305,2
-119.836608,34.41849,99.29,0.312,2
-119.836296,34.41849,98.49,0.329,2
-119.835984,34.41849,97.53,0.348,2
-119.835672,34.41849,96.56,0.386,2
-119.83536,34.41849,95.58,0.401,2
-119.835048,34.41849,94.67,0.392,2
-119.834736,34.41849,93.71,0.416,1
-119.834423,34.41849,92.82,0.43,1
-119.834111,34.41849,92.53,0.445,1
-119.833799,34.41849,92.98,0.453,1
-119.833487,34.41849,93.29,0.426,1
-119.833175,34.41849,93.76,0.413,1
-119.832863,34.41849,94.21,0.29,1
-119.832551,34.41849,94.67,0.313,1
-119.832238,34.41849,94.96,0.362,1
-119.831926,34.41849,95.2,0.269,1
-119.831614,34.41849,95.36,0.187,1
-119.831302,34.41849,95.39,0.193,1
-119.83099,34.41849,94.96,0.267,1
-119.830678,34.41849,93.39,0.326,1
-119.830366,34.41849,91.62,0.378,1
-119.830053,34.41849,88.6,0.131,1
-119.829741,34.41849,86.98,0.073,1
-119.829429,34.41849,88.23,0.327,2
-119.829117,34.41849,89.13,0.491,2
-119.828805,34.41849,88.8,0.53,2
-119.828493,34.41849,88.58,0.559,2
-119.869071,34.418178,100.09,0.308,2
-119.868759,34.418178,99.94,0.591,2
-119.868447,34.418178,100.55,0.507,2
-119.868135,34.418178,101.05,0.164,2
-119.867823,34.418178,100.96,0.122,2
-119.86751,34.418178,100.58,0.097,2
-119.867198,34.418178,100.12,0.282,2
-119.866886,34.418178,99.63,0.353,2
-119.866574,34.418178,99.04,0.301,2
-119.866262,34.418178,98.4,0.401,2
-119.86595,34.418178,97.85,0.457,2
-119.865638,34.418178,97.63,0.431,2
-119.865325,34.418178,97.74,0.395,2
-119.865013,34.418178,98.15,0.376,2
-119.864701,34.418178,98.53,0.43,2
-119.864389,34.418178,98.76,0.537,2
-119.864077,34.418178,99.02,0.518,2
-119.863765,34.418178,99.38,0.393,2
-119.863453,34.418178,99.83,0.4,2
-119.86314,34.418178,100.22,0.438,2
-119.862828,34.418178,100.55,0.387,2
-119.862516,34.418178,100.56,0.349,2
-119.862204,34.418178,100.41,0.356,2
-119.861892,34.418178,100.04,0.377,2
-119.86158,34.418178,99.74,0.42,2
-119.861268,34.418178,99.46,0.367,2
-119.860955,34.418178,99.58,0.378,2
-119.860643,34.418178,99.47,0.255,2
-119.860331,34.418178,99.35,0.377,2
-119.860019,34.418178,98.75,0.475,2
-119.859707,34.418178,98.32,0.432,2
-119.859395,34.418178,98.14,0.364,2
-119.859083,34.418178,98.16,0.338,2
-119.85877,34.418178,98.36,0.327,2
-119.858458,34.418178,98.67,0.37,2
-119.858146,34.418178,99.08,0.456,2
-119.857834,34.418178,99.32,0.422,2
-119.857522,34.418178,99.55,0.338,2
-119.85721,34.418178,99.9,0.316,2
-119.856898,34.418178,100.16,0.308,2
-119.856585,34.418178,100.3,0.309,2
-119.856273,34.418178,100.31,0.313,2
-119.855961,34.418178,100.38,0.324,2
-119.855649,34.418178,100.71,0.288,2
-119.855337,34.418178,100.47,0.274,2
-119.855025,34.418178,100.25,0.344,2
-119.854713,34.418178,99.99,0.46,2
-119.8544,34.418178,100.13,0.222,2
-119.854088,34.418178,100.51,0.068,2
-119.853776,34.418178,100.54,0.139,2
-119.853464,34.418178,100.89,0.274,2
-119.853152,34.418178,101.09,0.204,2
-119.85284,34.418178,100.98,0.468,2
-119.852528,34.418178,101.03,0.68,2
-119.852215,34.418178,101.26,0.693,2
-119.851903,34.418178,102.04,0.512,2
-119.851591,34.418178,103.3,0.464,2
-119.851279,34.418178,104.7,0.471,2
-119.850967,34.418178,106.59,0.471,2
-119.850655,34.418178,108.15,0.505,2
-119.850343,34.418178,108.88,0.409,2
-119.850031,34.418178,108.55,0.13,2
-119.849718,34.418178,108.24,-0.009,2
-119.849406,34.418178,108.62,0.121,2
-119.849094,34.418178,108,0.245,2
-119.848782,34.418178,106.73,0.264,2
-119.84847,34.418178,105.32,0.257,2
-119.848158,34.418178,103.78,0.196,2
-119.847846,34.418178,102.55,0.282,2
-119.847533,34.418178,101.67,0.412,2
-119.847221,34.418178,100.73,0.271,2
-119.846909,34.418178,99.65,0.37,2
-119.846597,34.418178,98.34,0.422,2
-119.846285,34.418178,96.85,0.476,2
-119.845973,34.418178,95.24,0.496,2
-119.845661,34.418178,93.58,0.551,2
-119.845348,34.418178,92.03,0.598,2
-119.845036,34.418178,90.77,0.601,2
-119.844724,34.418178,89.8,0.558,2
-119.844412,34.418178,89.1,0.601,2
-119.8441,34.418178,88.53,0.657,2
-119.843788,34.418178,88.09,0.669,2
-119.843476,34.418178,87.62,0.699,2
-119.843163,34.418178,86.87,0.748,2
-119.842851,34.418178,86.15,0.74,2
-119.842539,34.418178,85.88,0.681,2
-119.842227,34.418178,86.06,0.576,2
-119.841915,34.418178,86.65,0.477,2
-119.841603,34.418178,87.41,0.525,2
-119.841291,34.418178,87.88,0.501,2
-119.840978,34.418178,87.94,0.468,2
-119.840666,34.418178,87.78,0.463,2
-119.840354,34.418178,87.58,0.444,2
-119.840042,34.418178,87.38,0.456,2
-119.83973,34.418178,87.35,0.484,2
-119.839418,34.418178,87.36,0.535,2
-119.839106,34.418178,87.65,0.561,2
-119.838793,34.418178,87.98,0.57,2
-119.838481,34.418178,89.29,0.555,2
-119.838169,34.418178,91.05,0.495,2
-119.837857,34.418178,92.98,0.451,2
-119.837545,34.418178,94.45,0.438,2
-119.837233,34.418178,95.49,0.423,2
-119.836921,34.418178,96,0.399,2
-119.836608,34.418178,95.8,0.372,2
-119.836296,34.418178,94.95,0.394,2
-119.835984,34.418178,94.02,0.447,2
-119.835672,34.418178,93.36,0.468,2
-119.83536,34.418178,92.77,0.442,2
-119.835048,34.418178,92.25,0.428,1
-119.834736,34.418178,91.93,0.451,1
-119.834423,34.418178,91.74,0.385,1
-119.834111,34.418178,91.89,0.347,1
-119.833799,34.418178,92.54,0.311,1
-119.833487,34.418178,92.91,0.264,1
-119.833175,34.418178,93.38,0.236,1
-119.832863,34.418178,93.8,0.31,1
-119.832551,34.418178,94.16,0.34,1
-119.832238,34.418178,94.29,0.235,1
-119.831926,34.418178,94.38,0.152,1
-119.831614,34.418178,94.37,0.169,1
-119.831302,34.418178,94.16,0.288,1
-119.83099,34.418178,93.5,0.356,1
-119.830678,34.418178,92.38,0.395,1
-119.830366,34.418178,91.29,0.415,1
-119.830053,34.418178,90.45,0.33,1
-119.829741,34.418178,88.05,0.08,1
-119.829429,34.418178,87.97,0.301,2
-119.829117,34.418178,88.55,0.589,2
-119.828805,34.418178,88.02,0.606,2
-119.828493,34.418178,87.69,0.599,2
-119.869071,34.417866,100.31,0.18,2
-119.868759,34.417866,100.76,0.309,2
-119.868447,34.417866,101.5,0.334,2
-119.868135,34.417866,102.14,0.241,2
-119.867823,34.417866,102.55,0.194,2
-119.86751,34.417866,102.46,0.108,2
-119.867198,34.417866,102.19,0.074,2
-119.866886,34.417866,101.89,0.086,2
-119.866574,34.417866,101.53,0.186,2
-119.866262,34.417866,101.07,0.389,2
-119.86595,34.417866,100.81,0.47,2
-119.865638,34.417866,100.57,0.422,2
-119.865325,34.417866,100.32,0.374,2
-119.865013,34.417866,99.9,0.363,2
-119.864701,34.417866,99.51,0.404,2
-119.864389,34.417866,99.42,0.476,2
-119.864077,34.417866,99.52,0.484,2
-119.863765,34.417866,99.87,0.429,2
-119.863453,34.417866,100.33,0.409,2
-119.86314,34.417866,100.86,0.413,2
-119.862828,34.417866,101.31,0.346,2
-119.862516,34.417866,101.43,0.315,2
-119.862204,34.417866,101.33,0.34,2
-119.861892,34.417866,100.93,0.403,2
-119.86158,34.417866,100.64,0.447,2
-119.861268,34.417866,100.32,0.401,2
-119.860955,34.417866,100.07,0.368,2
-119.860643,34.417866,99.81,0.272,2
-119.860331,34.417866,99.61,0.392,2
-119.860019,34.417866,99.24,0.525,2
-119.859707,34.417866,98.99,0.374,2
-119.859395,34.417866,98.94,0.202,2
-119.859083,34.417866,99.17,0.14,2
-119.85877,34.417866,99.58,0.179,2
-119.858458,34.417866,99.99,0.221,2
-119.858146,34.417866,100.4,0.247,2
-119.857834,34.417866,100.72,0.254,2
-119.857522,34.417866,100.97,0.268,2
-119.85721,34.417866,101.26,0.295,2
-119.856898,34.417866,101.5,0.269,2
-119.856585,34.417866,101.65,0.214,2
-119.856273,34.417866,101.72,0.209,2
-119.855961,34.417866,101.69,0.223,2
-119.855649,34.417866,101.56,0.265,2
-119.855337,34.417866,101.14,0.312,2
-119.855025,34.417866,100.72,0.313,2
-119.854713,34.417866,100.45,0.483,2
-119.8544,34.417866,100.49,0.222,2
-119.854088,34.417866,100.79,0.156,2
-119.853776,34.417866,100.95,0.21,2
-119.853464,34.417866,101.41,0.344,2
-119.853152,34.417866,101.78,0.263,2
-119.85284,34.417866,101.7,0.468,2
-119.852528,34.417866,101.86,0.686,2
-119.852215,34.417866,102.3,0.711,2
-119.851903,34.417866,103.09,0.527,2
-119.851591,34.417866,104.16,0.377,2
-119.851279,34.417866,105.47,0.329,2
-119.850967,34.417866,107.29,0.384,2
-119.850655,34.417866,109.15,0.482,2
-119.850343,34.417866,110.39,0.455,2
-119.850031,34.417866,111.01,0.316,2
-119.849718,34.417866,111.18,0.281,2
-119.849406,34.417866,110.85,0.379,2
-119.849094,34.417866,109.91,0.424,2
-119.848782,34.417866,108.19,0.366,2
-119.84847,34.417866,106.06,0.266,2
-119.848158,34.417866,103.99,0.198,2
-119.847846,34.417866,102.74,0.177,2
-119.847533,34.417866,102,0.189,2
-119.847221,34.417866,101.3,0.335,2
-119.846909,34.417866,100.63,0.466,2
-119.846597,34.417866,99.85,0.361,2
-119.846285,34.417866,98.76,0.481,2
-119.845973,34.417866,97.41,0.445,2
-119.845661,34.417866,95.76,0.315,2
-119.845348,34.417866,93.95,0.411,2
-119.845036,34.417866,92.36,0.603,2
-119.844724,34.417866,91,0.685,2
-119.844412,34.417866,89.87,0.705,2
-119.8441,34.417866,88.69,0.697,2
-119.843788,34.417866,87.73,0.67,2
-119.843476,34.417866,86.92,0.697,2
-119.843163,34.417866,86.14,0.765,2
-119.842851,34.417866,85.54,0.8,2
-119.842539,34.417866,85.24,0.795,2
-119.842227,34.417866,85.48,0.687,2
-119.841915,34.417866,86.21,0.51,2
-119.841603,34.417866,87.14,0.528,2
-119.841291,34.417866,87.83,0.521,2
-119.840978,34.417866,88.13,0.497,2
-119.840666,34.417866,88.19,0.497,2
-119.840354,34.417866,88.11,0.472,2
-119.840042,34.417866,87.93,0.465,2
-119.83973,34.417866,87.54,0.472,2
-119.839418,34.417866,87.41,0.5,2
-119.839106,34.417866,87.48,0.523,2
-119.838793,34.417866,87.51,0.517,2
-119.838481,34.417866,88.26,0.523,2
-119.838169,34.417866,89.34,0.516,2
-119.837857,34.417866,90.71,0.542,2
-119.837545,34.417866,91.79,0.529,2
-119.837233,34.417866,92.63,0.496,2
-119.836921,34.417866,93.14,0.477,2
-119.836608,34.417866,93.04,0.449,2
-119.836296,34.417866,92.37,0.459,2
-119.835984,34.417866,91.78,0.499,2
-119.835672,34.417866,91.61,0.492,2
-119.83536,34.417866,91.39,0.456,2
-119.835048,34.417866,91.13,0.456,1
-119.834736,34.417866,91.31,0.47,1
-119.834423,34.417866,91.78,0.448,1
-119.834111,34.417866,92.3,0.405,1
-119.833799,34.417866,92.76,0.286,1
-119.833487,34.417866,93.08,0.278,1
-119.833175,34.417866,93.49,0.327,1
-119.832863,34.417866,93.6,0.339,1
-119.832551,34.417866,93.74,0.281,1
-119.832238,34.417866,93.62,0.312,1
-119.831926,34.417866,93.43,0.26,1
-119.831614,34.417866,93.24,0.19,1
-119.831302,34.417866,92.95,0.333,1
-119.83099,34.417866,90.4,0.418,1
-119.830678,34.417866,89.2,0.401,1
-119.830366,34.417866,88.74,0.33,1
-119.830053,34.417866,88.36,0.253,1
-119.829741,34.417866,87.96,-0.082,1
-119.829429,34.417866,87.49,0.095,1
-119.829117,34.417866,86.96,0.478,1
-119.828805,34.417866,86.4,0.486,1
-119.828493,34.417866,86.08,0.411,1
-119.869071,34.417554,100.81,0.236,2
-119.868759,34.417554,101.18,0.274,2
-119.868447,34.417554,101.66,0.331,2
-119.868135,34.417554,102.24,0.395,2
-119.867823,34.417554,102.9,0.401,2
-119.86751,34.417554,103.14,0.192,2
-119.867198,34.417554,103.16,0.097,2
-119.866886,34.417554,103.09,0.124,2
-119.866574,34.417554,102.95,0.208,2
-119.866262,34.417554,102.75,0.318,2
-119.86595,34.417554,102.65,0.366,2
-119.865638,34.417554,102.44,0.336,2
-119.865325,34.417554,102.1,0.311,2
-119.865013,34.417554,101.54,0.32,2
-119.864701,34.417554,100.93,0.328,2
-119.864389,34.417554,100.66,0.316,2
-119.864077,34.417554,100.63,0.314,2
-119.863765,34.417554,100.95,0.342,2
-119.863453,34.417554,101.49,0.347,2
-119.86314,34.417554,102.15,0.327,2
-119.862828,34.417554,102.72,0.279,2
-119.862516,34.417554,102.9,0.212,2
-119.862204,34.417554,102.82,0.268,2
-119.861892,34.417554,102.51,0.293,2
-119.86158,34.417554,102.04,0.333,2
-119.861268,34.417554,101.52,0.316,2
-119.860955,34.417554,100.89,0.282,2
-119.860643,34.417554,100.49,0.207,2
-119.860331,34.417554,100.21,0.276,2
-119.860019,34.417554,100,0.349,2
-119.859707,34.417554,100,0.236,2
-119.859395,34.417554,100.09,0.151,2
-119.859083,34.417554,100.42,0.137,2
-119.85877,34.417554,100.86,0.171,2
-119.858458,34.417554,101.22,0.213,2
-119.858146,34.417554,101.53,0.244,2
-119.857834,34.417554,101.8,0.269,2
-119.857522,34.417554,102.01,0.281,2
-119.85721,34.417554,102.21,0.263,2
-119.856898,34.417554,102.39,0.251,2
-119.856585,34.417554,102.54,0.288,2
-119.856273,34.417554,102.62,0.286,2
-119.855961,34.417554,102.6,0.264,2
-119.855649,34.417554,102.45,0.275,2
-119.855337,34.417554,102.04,0.256,2
-119.855025,34.417554,101.65,0.246,2
-119.854713,34.417554,101.36,0.296,2
-119.8544,34.417554,101.34,0.262,2
-119.854088,34.417554,101.43,0.269,2
-119.853776,34.417554,101.33,0.274,2
-119.853464,34.417554,101.65,0.311,2
-119.853152,34.417554,102.04,0.353,2
-119.85284,34.417554,102.1,0.404,2
-119.852528,34.417554,102.4,0.561,2
-119.852215,34.417554,102.9,0.62,2
-119.851903,34.417554,103.59,0.565,2
-119.851591,34.417554,104.51,0.377,2
-119.851279,34.417554,105.74,0.257,2
-119.850967,34.417554,107.61,0.315,2
-119.850655,34.417554,109.53,0.386,2
-119.850343,34.417554,110.9,0.394,2
-119.850031,34.417554,111.95,0.41,2
-119.849718,34.417554,112.45,0.423,2
-119.849406,34.417554,112.09,0.422,2
-119.849094,34.417554,110.84,0.43,2
-119.848782,34.417554,108.51,0.416,2
-119.84847,34.417554,105.79,0.368,2
-119.848158,34.417554,103.46,0.261,2
-119.847846,34.417554,102.32,0.124,2
-119.847533,34.417554,101.56,0.08,2
-119.847221,34.417554,100.92,0.302,2
-119.846909,34.417554,100.62,0.341,2
-119.846597,34.417554,100.55,0.264,2
-119.846285,34.417554,100.21,0.393,2
-119.845973,34.417554,99.31,0.398,2
-119.845661,34.417554,98,0.269,2
-119.845348,34.417554,96.37,0.231,2
-119.845036,34.417554,94.76,0.354,2
-119.844724,34.417554,93.16,0.524,2
-119.844412,34.417554,91.67,0.637,2
-119.8441,34.417554,90.13,0.662,2
-119.843788,34.417554,88.77,0.629,2
-119.843476,34.417554,87.63,0.657,2
-119.843163,34.417554,86.58,0.745,2
-119.842851,34.417554,85.61,0.796,2
-119.842539,34.417554,84.87,0.807,2
-119.842227,34.417554,84.9,0.74,2
-119.841915,34.417554,85.53,0.581,2
-119.841603,34.417554,86.37,0.52,2
-119.841291,34.417554,87.17,0.521,2
-119.840978,34.417554,87.74,0.525,2
-119.840666,34.417554,88.09,0.53,2
-119.840354,34.417554,88.21,0.516,2
-119.840042,34.417554,88.06,0.501,2
-119.83973,34.417554,87.66,0.481,2
-119.839418,34.417554,87.46,0.489,2
-119.839106,34.417554,87.35,0.485,2
-119.838793,34.417554,87.23,0.455,2
-119.838481,34.417554,87.45,0.463,2
-119.838169,34.417554,87.91,0.471,2
-119.837857,34.417554,88.79,0.505,2
-119.837545,34.417554,89.49,0.52,2
-119.837233,34.417554,90.05,0.498,2
-119.836921,34.417554,90.47,0.488,2
-119.836608,34.417554,90.55,0.495,2
-119.836296,34.417554,90.36,0.505,2
-119.835984,34.417554,90.42,0.501,2
-119.835672,34.417554,90.82,0.484,2
-119.83536,34.417554,91.01,0.481,2
-119.835048,34.417554,91.06,0.471,1
-119.834736,34.417554,91.4,0.476,1
-119.834423,34.417554,92.01,0.498,1
-119.834111,34.417554,92.69,0.381,1
-119.833799,34.417554,93.17,0.494,1
-119.833487,34.417554,93.5,0.542,1
-119.833175,34.417554,93.78,0.466,1
-119.832863,34.417554,93.57,0.346,1
-119.832551,34.417554,93.47,0.337,1
-119.832238,34.417554,93.1,0.455,1
-119.831926,34.417554,92.67,0.441,1
-119.831614,34.417554,92.29,0.27,1
-119.831302,34.417554,91.93,0.437,1
-119.83099,34.417554,89.57,0.386,1
-119.830678,34.417554,88.46,0.349,1
-119.830366,34.417554,88.16,0.323,1
-119.830053,34.417554,87.94,0.28,1
-119.829741,34.417554,87.76,0.184,1
-119.829429,34.417554,87.57,0.167,1
-119.829117,34.417554,87.34,0.233,1
-119.828805,34.417554,87.04,0.225,1
-119.828493,34.417554,86.82,0.183,1
-119.869071,34.417242,100.76,0.269,2
-119.868759,34.417242,100.88,0.3,2
-119.868447,34.417242,101.14,0.279,2
-119.868135,34.417242,101.78,0.304,2
-119.867823,34.417242,102.78,0.271,2
-119.86751,34.417242,103.39,0.238,2
-119.867198,34.417242,103.73,0.245,2
-119.866886,34.417242,103.91,0.231,2
-119.866574,34.417242,103.96,0.199,2
-119.866262,34.417242,103.89,0.228,2
-119.86595,34.417242,103.89,0.25,2
-119.865638,34.417242,103.69,0.233,2
-119.865325,34.417242,103.29,0.224,2
-119.865013,34.417242,102.69,0.249,2
-119.864701,34.417242,102.09,0.264,2
-119.864389,34.417242,101.89,0.211,2
-119.864077,34.417242,101.96,0.162,2
-119.863765,34.417242,102.45,0.191,2
-119.863453,34.417242,103.29,0.212,2
-119.86314,34.417242,104.26,0.242,2
-119.862828,34.417242,105.02,0.248,2
-119.862516,34.417242,105.28,0.184,2
-119.862204,34.417242,105.19,0.182,2
-119.861892,34.417242,104.75,0.274,2
-119.86158,34.417242,104.02,0.217,2
-119.861268,34.417242,103.15,0.14,2
-119.860955,34.417242,102.15,0.126,2
-119.860643,34.417242,101.51,0.157,2
-119.860331,34.417242,101.19,0.317,2
-119.860019,34.417242,101.06,0.355,2
-119.859707,34.417242,101.22,0.318,2
-119.859395,34.417242,101.49,0.251,2
-119.859083,34.417242,101.82,0.209,2
-119.85877,34.417242,102.15,0.175,2
-119.858458,34.417242,102.36,0.168,2
-119.858146,34.417242,102.52,0.193,2
-119.857834,34.417242,102.68,0.204,2
-119.857522,34.417242,102.79,0.2,2
-119.85721,34.417242,102.92,0.192,2
-119.856898,34.417242,103.08,0.174,2
-119.856585,34.417242,103.24,0.199,2
-119.856273,34.417242,103.36,0.281,2
-119.855961,34.417242,103.4,0.241,2
-119.855649,34.417242,103.33,0.185,2
-119.855337,34.417242,103.02,0.166,2
-119.855025,34.417242,102.71,0.149,2
-119.854713,34.417242,102.43,0.175,2
-119.8544,34.417242,102.31,0.18,2
-119.854088,34.417242,102.24,0.199,2
-119.853776,34.417242,101.82,0.203,2
-119.853464,34.417242,101.81,0.273,2
-119.853152,34.417242,102.03,0.39,2
-119.85284,34.417242,102.1,0.344,2
-119.852528,34.417242,102.46,0.316,2
-119.852215,34.417242,103,0.295,2
-119.851903,34.417242,103.62,0.302,2
-119.851591,34.417242,104.39,0.28,2
-119.851279,34.417242,105.49,0.26,2
-119.850967,34.417242,107.28,0.279,2
-119.850655,34.417242,109.28,0.246,2
-119.850343,34.417242,110.77,0.231,2
-119.850031,34.417242,111.97,0.354,2
-119.849718,34.417242,112.62,0.439,2
-119.849406,34.417242,112.25,0.408,2
-119.849094,34.417242,110.68,0.405,2
-119.848782,34.417242,107.66,0.4,2
-119.84847,34.417242,104.57,0.359,2
-119.848158,34.417242,102.33,0.243,2
-119.847846,34.417242,101.33,0.11,2
-119.847533,34.417242,100.58,0.118,2
-119.847221,34.417242,100.14,0.359,2
-119.846909,34.417242,100.22,0.303,2
-119.846597,34.417242,100.58,0.263,2
-119.846285,34.417242,100.67,0.294,2
-119.845973,34.417242,100.21,0.27,2
-119.845661,34.417242,99.42,0.195,2
-119.845348,34.417242,98.3,0.151,2
-119.845036,34.417242,97.07,0.147,2
-119.844724,34.417242,95.73,0.169,2
-119.844412,34.417242,94.33,0.255,2
-119.8441,34.417242,92.74,0.407,2
-119.843788,34.417242,91.22,0.552,2
-119.843476,34.417242,89.91,0.629,2
-119.843163,34.417242,88.68,0.684,2
-119.842851,34.417242,87.49,0.755,2
-119.842539,34.417242,86.29,0.795,2
-119.842227,34.417242,85.66,0.782,2
-119.841915,34.417242,85.71,0.718,2
-119.841603,34.417242,86.19,0.588,2
-119.841291,34.417242,86.91,0.495,2
-119.840978,34.417242,87.65,0.5,2
-119.840666,34.417242,88.21,0.505,2
-119.840354,34.417242,88.45,0.504,2
-119.840042,34.417242,88.34,0.507,2
-119.83973,34.417242,87.97,0.519,2
-119.839418,34.417242,87.71,0.514,2
-119.839106,34.417242,87.49,0.487,2
-119.838793,34.417242,87.16,0.459,2
-119.838481,34.417242,87.03,0.459,2
-119.838169,34.417242,87.06,0.463,2
-119.837857,34.417242,87.57,0.494,2
-119.837545,34.417242,88.02,0.534,2
-119.837233,34.417242,88.33,0.528,2
-119.836921,34.417242,88.65,0.505,2
-119.836608,34.417242,88.95,0.494,2
-119.836296,34.417242,89.25,0.491,2
-119.835984,34.417242,89.84,0.494,2
-119.835672,34.417242,90.81,0.498,2
-119.83536,34.417242,91.66,0.491,2
-119.835048,34.417242,92.27,0.441,1
-119.834736,34.417242,92.72,0.442,1
-119.834423,34.417242,93.19,0.457,1
-119.834111,34.417242,93.64,0.491,1
-119.833799,34.417242,93.91,0.521,1
-119.833487,34.417242,93.95,0.399,1
-119.833175,34.417242,93.89,0.236,1
-119.832863,34.417242,93.31,0.239,1
-119.832551,34.417242,92.71,0.263,1
-119.832238,34.417242,92.1,0.419,1
-119.831926,34.417242,91.52,0.598,1
-119.831614,34.417242,91.01,0.439,1
-119.831302,34.417242,90.63,0.446,1
-119.83099,34.417242,88.35,0.507,1
-119.830678,34.417242,87.13,0.514,1
-119.830366,34.417242,86.74,0.445,1
-119.830053,34.417242,86.41,0.315,1
-119.828805,34.417242,85.96,0.155,1
-119.828493,34.417242,85.89,0.168,1
-119.869071,34.416929,99.76,0.187,2
-119.868759,34.416929,99.85,0.213,2
-119.868447,34.416929,100.16,0.193,2
-119.868135,34.416929,101.02,0.271,2
-119.867823,34.416929,102.38,0.309,2
-119.86751,34.416929,103.37,0.342,2
-119.867198,34.416929,104.02,0.347,2
-119.866886,34.416929,104.45,0.31,2
-119.866574,34.416929,104.66,0.274,2
-119.866262,34.416929,104.65,0.309,2
-119.86595,34.416929,104.6,0.333,2
-119.865638,34.416929,104.3,0.327,2
-119.865325,34.416929,103.77,0.333,2
-119.865013,34.416929,103.19,0.347,2
-119.864701,34.416929,102.73,0.311,2
-119.864389,34.416929,102.73,0.174,2
-119.864077,34.416929,102.98,0.086,2
-119.863765,34.416929,103.77,0.084,2
-119.863453,34.416929,104.97,0.08,2
-119.86314,34.416929,106.26,0.081,2
-119.862828,34.416929,107.25,0.218,2
-119.862516,34.416929,107.77,0.234,2
-119.862204,34.416929,107.85,0.158,2
-119.861892,34.416929,107.38,0.217,2
-119.86158,34.416929,106.54,0.1,2
-119.861268,34.416929,105.39,0.076,2
-119.860955,34.416929,104.01,0.051,2
-119.860643,34.416929,103.04,0.082,2
-119.860331,34.416929,102.56,0.188,2
-119.860019,34.416929,102.29,0.249,2
-119.859707,34.416929,102.32,0.267,2
-119.859395,34.416929,102.5,0.257,2
-119.859083,34.416929,102.76,0.215,2
-119.85877,34.416929,102.99,0.174,2
-119.858458,34.416929,103.11,0.156,2
-119.858146,34.416929,103.21,0.156,2
-119.857834,34.416929,103.31,0.163,2
-119.857522,34.416929,103.38,0.173,2
-119.85721,34.416929,103.5,0.221,2
-119.856898,34.416929,103.68,0.261,2
-119.856585,34.416929,103.9,0.191,2
-119.856273,34.416929,104.06,0.268,2
-119.855961,34.416929,104.14,0.191,2
-119.855649,34.416929,104.16,0.104,2
-119.855337,34.416929,103.93,0.174,2
-119.855025,34.416929,103.66,0.064,2
-119.854713,34.416929,103.34,0.057,2
-119.8544,34.416929,103.14,0.065,2
-119.854088,34.416929,102.95,0.127,2
-119.853776,34.416929,102.23,0.254,2
-119.853464,34.416929,101.78,0.289,2
-119.853152,34.416929,101.68,0.332,2
-119.85284,34.416929,101.66,0.313,2
-119.852528,34.416929,102.03,0.208,2
-119.852215,34.416929,102.56,0.237,2
-119.851903,34.416929,103.09,0.44,2
-119.851591,34.416929,103.69,0.452,2
-119.851279,34.416929,104.55,0.334,2
-119.850967,34.416929,106.06,0.325,2
-119.850655,34.416929,107.84,0.284,2
-119.850343,34.416929,109.16,0.218,2
-119.850031,34.416929,110.22,0.308,2
-119.849718,34.416929,110.87,0.407,2
-119.849406,34.416929,110.55,0.453,2
-119.849094,34.416929,108.82,0.504,2
-119.848782,34.416929,105.58,0.513,2
-119.84847,34.416929,102.72,0.427,2
-119.848158,34.416929,100.9,0.317,2
-119.847846,34.416929,100.03,0.318,2
-119.847533,34.416929,99.37,0.329,2
-119.847221,34.416929,99.15,0.381,2
-119.846909,34.416929,99.27,0.313,2
-119.846597,34.416929,99.57,0.342,2
-119.846285,34.416929,99.75,0.301,2
-119.845973,34.416929,99.69,0.219,2
-119.845661,34.416929,99.45,0.205,2
-119.845348,34.416929,98.99,0.177,2
-119.845036,34.416929,98.4,0.165,2
-119.844724,34.416929,97.59,0.188,2
-119.844412,34.416929,96.57,0.219,2
-119.8441,34.416929,95.24,0.36,2
-119.843788,34.416929,93.89,0.497,2
-119.843476,34.416929,92.83,0.497,2
-119.843163,34.416929,91.79,0.512,2
-119.842851,34.416929,90.64,0.582,2
-119.842539,34.416929,89.07,0.699,2
-119.842227,34.416929,87.71,0.774,2
-119.841915,34.416929,86.91,0.771,2
-119.841603,34.416929,86.73,0.659,2
-119.841291,34.416929,87.28,0.551,2
-119.840978,34.416929,88.19,0.497,2
-119.840666,34.416929,88.89,0.487,2
-119.840354,34.416929,89.07,0.468,2
-119.840042,34.416929,88.94,0.47,2
-119.83973,34.416929,88.57,0.491,2
-119.839418,34.416929,88.25,0.5,2
-119.839106,34.416929,87.94,0.5,2
-119.838793,34.416929,87.5,0.494,2
-119.838481,34.416929,87.22,0.5,2
-119.838169,34.416929,87.07,0.524,2
-119.837857,34.416929,87.42,0.53,2
-119.837545,34.416929,87.82,0.52,2
-119.837233,34.416929,88.14,0.486,2
-119.836921,34.416929,88.54,0.471,2
-119.836608,34.416929,89.01,0.488,2
-119.836296,34.416929,89.51,0.5,2
-119.835984,34.416929,90.28,0.508,2
-119.835672,34.416929,91.48,0.508,2
-119.83536,34.416929,92.6,0.479,2
-119.835048,34.416929,93.49,0.448,1
-119.834736,34.416929,94.09,0.454,1
-119.834423,34.416929,94.5,0.446,1
-119.834111,34.416929,94.73,0.402,1
-119.833799,34.416929,94.78,0.307,1
-119.833487,34.416929,94.44,0.337,1
-119.833175,34.416929,93.8,0.391,1
-119.832863,34.416929,92.73,0.431,1
-119.832551,34.416929,91.81,0.458,1
-119.832238,34.416929,90.9,0.52,1
-119.831926,34.416929,88.81,0.507,1
-119.831614,34.416929,87.63,0.455,1
-119.831302,34.416929,86.96,0.448,1
-119.83099,34.416929,85.72,0.439,1
-119.830678,34.416929,84.9,0.378,1
-119.830053,34.416929,84.16,0.219,1
-119.829741,34.416929,83.16,0.151,1
-119.829429,34.416929,82.45,0.138,1
-119.828805,34.416929,82.95,0.14,1
-119.828493,34.416929,82.82,0.138,1
-119.869071,34.416617,98.07,0.166,2
-119.868759,34.416617,98.19,0.152,2
-119.868447,34.416617,98.82,0.205,2
-119.868135,34.416617,100.02,0.334,2
-119.867823,34.416617,101.7,0.362,2
-119.86751,34.416617,103.03,0.349,2
-119.867198,34.416617,103.99,0.353,2
-119.866886,34.416617,104.68,0.321,2
-119.866574,34.416617,105.06,0.289,2
-119.866262,34.416617,105.13,0.308,2
-119.86595,34.416617,104.97,0.34,2
-119.865638,34.416617,104.46,0.357,2
-119.865325,34.416617,103.8,0.369,2
-119.865013,34.416617,103.32,0.39,2
-119.864701,34.416617,103.08,0.347,2
-119.864389,34.416617,103.29,0.159,2
-119.864077,34.416617,103.73,0.072,2
-119.863765,34.416617,104.8,0.062,2
-119.863453,34.416617,106.21,0.072,2
-119.86314,34.416617,107.55,0.111,2
-119.862828,34.416617,108.59,0.194,2
-119.862516,34.416617,109.23,0.232,2
-119.862204,34.416617,109.44,0.117,2
-119.861892,34.416617,109.01,0.135,2
-119.86158,34.416617,108.2,0.105,2
-119.861268,34.416617,107,0.093,2
-119.860955,34.416617,105.54,0.083,2
-119.860643,34.416617,104.43,0.106,2
-119.860331,34.416617,103.77,0.22,2
-119.860019,34.416617,103.27,0.27,2
-119.859707,34.416617,103.05,0.259,2
-119.859395,34.416617,103.08,0.237,2
-119.859083,34.416617,103.27,0.203,2
-119.85877,34.416617,103.45,0.183,2
-119.858458,34.416617,103.49,0.184,2
-119.858146,34.416617,103.53,0.181,2
-119.857834,34.416617,103.61,0.16,2
-119.857522,34.416617,103.67,0.144,2
-119.85721,34.416617,103.83,0.218,2
-119.856898,34.416617,104.06,0.308,2
-119.856585,34.416617,104.37,0.225,2
-119.856273,34.416617,104.63,0.261,2
-119.855961,34.416617,104.83,0.179,2
-119.855649,34.416617,104.86,0.131,2
-119.855337,34.416617,104.71,0.227,2
-119.855025,34.416617,104.48,0.14,2
-119.854713,34.416617,104.11,0.131,2
-119.8544,34.416617,103.81,0.109,2
-119.854088,34.416617,103.44,0.127,2
-119.853776,34.416617,102.36,0.274,2
-119.853464,34.416617,101.44,0.341,2
-119.853152,34.416617,100.99,0.316,2
-119.85284,34.416617,100.78,0.284,2
-119.852528,34.416617,101.07,0.237,2
-119.852215,34.416617,101.58,0.335,2
-119.851903,34.416617,102,0.599,2
-119.851591,34.416617,102.4,0.702,2
-119.851279,34.416617,102.96,0.513,2
-119.850967,34.416617,103.99,0.339,2
-119.850655,34.416617,105.19,0.327,2
-119.850343,34.416617,105.97,0.287,2
-119.850031,34.416617,106.63,0.245,2
-119.849718,34.416617,107.11,0.275,2
-119.849406,34.416617,106.84,0.295,2
-119.849094,34.416617,105.43,0.366,2
-119.848782,34.416617,102.82,0.513,2
-119.84847,34.416617,100.77,0.562,2
-119.848158,34.416617,99.63,0.415,2
-119.847846,34.416617,98.97,0.342,2
-119.847533,34.416617,98.39,0.344,2
-119.847221,34.416617,98.08,0.337,2
-119.846909,34.416617,97.96,0.353,2
-119.846597,34.416617,97.97,0.398,2
-119.846285,34.416617,98.06,0.356,2
-119.845973,34.416617,98.22,0.398,2
-119.845661,34.416617,98.44,0.332,2
-119.845348,34.416617,98.6,0.214,2
-119.845036,34.416617,98.63,0.215,2
-119.844724,34.416617,98.35,0.262,2
-119.844412,34.416617,97.78,0.263,2
-119.8441,34.416617,96.85,0.338,2
-119.843788,34.416617,95.87,0.385,2
-119.843476,34.416617,95.19,0.291,2
-119.843163,34.416617,94.49,0.302,2
-119.842851,34.416617,93.52,0.395,2
-119.842539,34.416617,91.73,0.5,2
-119.842227,34.416617,89.82,0.747,2
-119.841915,34.416617,88.5,0.768,2
-119.841603,34.416617,87.99,0.723,2
-119.841291,34.416617,88.21,0.669,2
-119.840978,34.416617,89.26,0.597,2
-119.840666,34.416617,90.13,0.586,2
-119.840354,34.416617,90.26,0.549,2
-119.840042,34.416617,90.06,0.522,2
-119.83973,34.416617,89.63,0.486,2
-119.839418,34.416617,89.2,0.469,2
-119.839106,34.416617,88.73,0.479,2
-119.838793,34.416617,88.14,0.496,2
-119.838481,34.416617,87.79,0.5,2
-119.838169,34.416617,87.66,0.494,2
-119.837857,34.416617,88.09,0.487,2
-119.837545,34.416617,88.61,0.471,2
-119.837233,34.416617,89.06,0.467,2
-119.836921,34.416617,89.63,0.476,2
-119.836608,34.416617,90.26,0.471,2
-119.836296,34.416617,90.85,0.452,2
-119.835984,34.416617,91.57,0.44,2
-119.835672,34.416617,92.56,0.433,2
-119.83536,34.416617,93.29,0.422,2
-119.835048,34.416617,93.8,0.424,1
-119.834736,34.416617,94.21,0.355,1
-119.834423,34.416617,94.41,0.277,1
-119.834111,34.416617,94.43,0.328,1
-119.833799,34.416617,94.2,0.378,1
-119.833487,34.416617,93.7,0.492,1
-119.833175,34.416617,92.87,0.416,1
-119.832863,34.416617,91.55,0.406,1
-119.832551,34.416617,90.38,0.385,1
-119.832238,34.416617,89.18,0.353,1
-119.831926,34.416617,85.88,0.297,1
-119.831614,34.416617,83.92,0.263,1
-119.831302,34.416617,82.7,0.192,1
-119.830366,34.416617,80.75,0.037,1
-119.830053,34.416617,80.22,0.033,1
-119.829741,34.416617,80.13,0.02,1
-119.829429,34.416617,79.49,-0.048,1
-119.829117,34.416617,78.86,-0.022,1
-119.828805,34.416617,78.71,0.042,1
-119.828493,34.416617,78.57,0.023,1
-119.869071,34.416305,96.65,0.148,2
-119.868759,34.416305,96.81,0.125,2
-119.868447,34.416305,97.59,0.279,2
-119.868135,34.416305,98.99,0.387,2
-119.867823,34.416305,100.87,0.382,2
-119.86751,34.416305,102.47,0.362,2
-119.867198,34.416305,103.71,0.351,2
-119.866886,34.416305,104.66,0.314,2
-119.866574,34.416305,105.23,0.285,2
-119.866262,34.416305,105.37,0.306,2
-119.86595,34.416305,105.07,0.329,2
-119.865638,34.416305,104.33,0.335,2
-119.865325,34.416305,103.6,0.341,2
-119.865013,34.416305,103.29,0.347,2
-119.864701,34.416305,103.24,0.337,2
-119.864389,34.416305,103.65,0.199,2
-119.864077,34.416305,104.33,0.1,2
-119.863765,34.416305,105.58,0.11,2
-119.863453,34.416305,106.91,0.122,2
-119.86314,34.416305,108,0.236,2
-119.862828,34.416305,108.88,0.25,2
-119.862516,34.416305,109.42,0.258,2
-119.862204,34.416305,109.61,0.152,2
-119.861892,34.416305,109.33,0.127,2
-119.86158,34.416305,108.68,0.155,2
-119.861268,34.416305,107.7,0.143,2
-119.860955,34.416305,106.45,0.113,2
-119.860643,34.416305,105.4,0.169,2
-119.860331,34.416305,104.62,0.272,2
-119.860019,34.416305,103.91,0.323,2
-119.859707,34.416305,103.47,0.297,2
-119.859395,34.416305,103.37,0.213,2
-119.859083,34.416305,103.5,0.174,2
-119.85877,34.416305,103.61,0.19,2
-119.858458,34.416305,103.57,0.18,2
-119.858146,34.416305,103.54,0.171,2
-119.857834,34.416305,103.58,0.185,2
-119.857522,34.416305,103.66,0.179,2
-119.85721,34.416305,103.85,0.22,2
-119.856898,34.416305,104.14,0.262,2
-119.856585,34.416305,104.52,0.201,2
-119.856273,34.416305,104.88,0.21,2
-119.855961,34.416305,105.22,0.153,2
-119.855649,34.416305,105.32,0.188,2
-119.855337,34.416305,105.29,0.3,2
-119.855025,34.416305,105.13,0.224,2
-119.854713,34.416305,104.76,0.271,2
-119.8544,34.416305,104.35,0.234,2
-119.854088,34.416305,103.7,0.173,2
-119.853776,34.416305,102.14,0.283,2
-119.853464,34.416305,100.63,0.386,2
-119.853152,34.416305,99.83,0.38,2
-119.85284,34.416305,99.47,0.372,2
-119.852528,34.416305,99.65,0.368,2
-119.852215,34.416305,100.12,0.29,2
-119.851903,34.416305,100.55,0.337,2
-119.851591,34.416305,100.95,0.559,2
-119.851279,34.416305,101.4,0.588,2
-119.850967,34.416305,102.05,0.348,2
-119.850655,34.416305,102.69,0.232,2
-119.850343,34.416305,102.78,0.258,2
-119.850031,34.416305,102.84,0.199,2
-119.849718,34.416305,102.95,0.15,2
-119.849406,34.416305,102.61,0.103,2
-119.849094,34.416305,101.67,0.142,2
-119.848782,34.416305,99.99,0.328,2
-119.84847,34.416305,98.9,0.635,2
-119.848158,34.416305,98.31,0.404,2
-119.847846,34.416305,97.98,0.273,2
-119.847533,34.416305,97.6,0.245,2
-119.847221,34.416305,97.2,0.171,2
-119.846909,34.416305,96.84,0.213,2
-119.846597,34.416305,96.63,0.214,2
-119.846285,34.416305,96.6,0.25,2
-119.845973,34.416305,96.79,0.399,2
-119.845661,34.416305,97.27,0.337,2
-119.845348,34.416305,97.84,0.203,2
-119.845036,34.416305,98.3,0.196,2
-119.844724,34.416305,98.46,0.188,2
-119.844412,34.416305,98.34,0.185,2
-119.8441,34.416305,97.85,0.285,2
-119.843788,34.416305,97.18,0.329,2
-119.843476,34.416305,96.76,0.224,2
-119.843163,34.416305,96.29,0.184,2
-119.842851,34.416305,95.52,0.29,2
-119.842539,34.416305,93.73,0.383,2
-119.842227,34.416305,91.68,0.545,2
-119.841915,34.416305,90.3,0.694,2
-119.841603,34.416305,89.76,0.698,2
-119.841291,34.416305,90.03,0.608,2
-119.840978,34.416305,90.96,0.464,2
-119.840666,34.416305,91.69,0.303,2
-119.840354,34.416305,91.69,0.381,2
-119.840042,34.416305,91.33,0.426,2
-119.83973,34.416305,90.97,0.512,2
-119.839418,34.416305,90.43,0.505,2
-119.839106,34.416305,89.76,0.503,2
-119.838793,34.416305,89.08,0.501,2
-119.838481,34.416305,88.7,0.483,2
-119.838169,34.416305,88.6,0.46,2
-119.837857,34.416305,89.08,0.447,2
-119.837545,34.416305,89.7,0.437,2
-119.837233,34.416305,90.16,0.428,2
-119.836921,34.416305,90.72,0.432,2
-119.836608,34.416305,91.35,0.435,2
-119.836296,34.416305,91.93,0.434,2
-119.835984,34.416305,92.57,0.437,2
-119.835672,34.416305,93.28,0.395,2
-119.83536,34.416305,93.42,0.352,2
-119.835048,34.416305,93.21,0.281,2
-119.834736,34.416305,92.78,0.178,2
-119.834423,34.416305,92.26,0.149,2
-119.834111,34.416305,91.71,0.253,2
-119.833799,34.416305,91.13,0.265,2
-119.833487,34.416305,90.59,0.233,2
-119.833175,34.416305,89.94,0.165,2
-119.832863,34.416305,88.98,0.127,1
-119.832551,34.416305,87.56,0.119,1
-119.832238,34.416305,86.24,0.122,1
-119.831926,34.416305,83.01,0.107,1
-119.831614,34.416305,80.54,0.055,1
-119.831302,34.416305,78.48,-0.052,1
-119.83099,34.416305,76.52,-0.205,1
-119.830678,34.416305,75.41,-0.247,1
-119.830366,34.416305,75.4,-0.267,1
-119.830053,34.416305,75.5,-0.294,1
-119.829741,34.416305,75.51,-0.263,1
-119.829429,34.416305,75.49,-0.231,1
-119.829117,34.416305,75.41,-0.19,1
-119.828805,34.416305,75.59,-0.148,1
-119.869071,34.415993,96.18,0.095,2
-119.868759,34.415993,96.6,0.157,2
-119.868447,34.415993,97.4,0.439,2
-119.868135,34.415993,98.66,0.446,2
-119.867823,34.415993,100.18,0.379,2
-119.86751,34.415993,101.72,0.358,2
-119.867198,34.415993,103.12,0.344,2
-119.866886,34.415993,104.26,0.299,2
-119.866574,34.415993,105.05,0.255,2
-119.866262,34.415993,105.26,0.283,2
-119.86595,34.415993,104.76,0.329,2
-119.865638,34.415993,103.8,0.333,2
-119.865325,34.415993,103.08,0.339,2
-119.865013,34.415993,102.97,0.349,2
-119.864701,34.415993,103.04,0.368,2
-119.864389,34.415993,103.58,0.279,2
-119.864077,34.415993,104.48,0.135,2
-119.863765,34.415993,105.87,0.134,2
-119.863453,34.415993,107.15,0.17,2
-119.86314,34.415993,107.88,0.224,2
-119.862828,34.415993,108.53,0.167,2
-119.862516,34.415993,108.85,0.247,2
-119.862204,34.415993,108.96,0.201,2
-119.861892,34.415993,108.79,0.147,2
-119.86158,34.415993,108.38,0.177,2
-119.861268,34.415993,107.74,0.185,2
-119.860955,34.415993,106.96,0.143,2
-119.860643,34.415993,106.04,0.225,2
-119.860331,34.415993,105.13,0.326,2
-119.860019,34.415993,104.35,0.388,2
-119.859707,34.415993,103.84,0.362,2
-119.859395,34.415993,103.65,0.249,2
-119.859083,34.415993,103.58,0.2,2
-119.85877,34.415993,103.49,0.22,2
-119.858458,34.415993,103.36,0.175,2
-119.858146,34.415993,103.28,0.101,2
-119.857834,34.415993,103.33,0.094,2
-119.857522,34.415993,103.42,0.16,2
-119.85721,34.415993,103.63,0.249,2
-119.856898,34.415993,103.97,0.298,2
-119.856585,34.415993,104.38,0.194,2
-119.856273,34.415993,104.77,0.192,2
-119.855961,34.415993,105.12,0.167,2
-119.855649,34.415993,105.36,0.27,2
-119.855337,34.415993,105.49,0.279,2
-119.855025,34.415993,105.55,0.159,2
-119.854713,34.415993,105.28,0.215,2
-119.8544,34.415993,104.8,0.245,2
-119.854088,34.415993,103.75,0.22,2
-119.853776,34.415993,101.62,0.362,2
-119.853464,34.415993,99.71,0.455,2
-119.853152,34.415993,98.74,0.474,2
-119.85284,34.415993,98.45,0.519,2
-119.852528,34.415993,98.6,0.523,2
-119.852215,34.415993,98.96,0.411,2
-119.851903,34.415993,99.34,0.289,2
-119.851591,34.415993,99.71,0.336,2
-119.851279,34.415993,100.07,0.422,2
-119.850967,34.415993,100.43,0.32,2
-119.850655,34.415993,100.61,0.174,2
-119.850343,34.415993,100.28,0.15,2
-119.850031,34.415993,99.87,0.175,2
-119.849718,34.415993,99.64,0.23,2
-119.849406,34.415993,99.39,0.157,2
-119.849094,34.415993,98.93,0.188,2
-119.848782,34.415993,98.15,0.344,2
-119.84847,34.415993,97.62,0.663,2
-119.848158,34.415993,97.34,0.348,2
-119.847846,34.415993,97.46,0.181,2
-119.847533,34.415993,97.28,0.193,2
-119.847221,34.415993,96.89,0.191,2
-119.846909,34.415993,96.37,0.213,2
-119.846597,34.415993,95.96,0.293,2
-119.846285,34.415993,95.84,0.37,2
-119.845973,34.415993,95.98,0.49,2
-119.845661,34.415993,96.49,0.473,2
-119.845348,34.415993,97.2,0.318,2
-119.845036,34.415993,97.52,0.21,2
-119.844724,34.415993,97.63,0.19,2
-119.844412,34.415993,97.87,0.231,2
-119.8441,34.415993,97.89,0.307,2
-119.843788,34.415993,97.73,0.332,2
-119.843476,34.415993,97.58,0.301,2
-119.843163,34.415993,97.42,0.311,2
-119.842851,34.415993,96.92,0.324,2
-119.842539,34.415993,95.43,0.353,2
-119.842227,34.415993,93.66,0.318,2
-119.841915,34.415993,92.45,0.418,2
-119.841603,34.415993,91.85,0.508,2
-119.841291,34.415993,91.94,0.543,2
-119.840978,34.415993,92.55,0.497,2
-119.840666,34.415993,92.89,0.284,2
-119.840354,34.415993,92.78,0.204,2
-119.840042,34.415993,92.48,0.218,2
-119.83973,34.415993,92.19,0.41,2
-119.839418,34.415993,91.67,0.5,2
-119.839106,34.415993,90.97,0.514,2
-119.838793,34.415993,90.43,0.531,2
-119.838481,34.415993,90.18,0.56,2
-119.838169,34.415993,90.24,0.549,2
-119.837857,34.415993,90.75,0.498,2
-119.837545,34.415993,91.32,0.445,2
-119.837233,34.415993,91.62,0.388,2
-119.836921,34.415993,91.85,0.338,2
-119.836608,34.415993,92.1,0.348,2
-119.836296,34.415993,92.19,0.408,2
-119.835984,34.415993,91.56,0.418,2
-119.835672,34.415993,89.95,0.259,2
-119.83536,34.415993,89.49,0.191,2
-119.835048,34.415993,88.56,0.131,2
-119.834736,34.415993,87.32,0.116,2
-119.834423,34.415993,85.73,0.136,1
-119.834111,34.415993,85.34,0.078,1
-119.833799,34.415993,83.99,0.091,2
-119.833487,34.415993,82.95,0.104,1
-119.833175,34.415993,82.11,0.054,1
-119.832863,34.415993,81.13,-0.023,1
-119.832551,34.415993,80,-0.031,1
-119.832238,34.415993,78.82,-0.051,1
-119.831926,34.415993,77.44,-0.102,1
-119.831614,34.415993,75.84,-0.155,1
-119.831302,34.415993,73.93,-0.166,1
-119.83099,34.415993,72.12,-0.129,1
-119.830678,34.415993,71.06,-0.108,1
-119.830366,34.415993,70.85,-0.115,1
-119.830053,34.415993,71.08,-0.109,1
-119.829741,34.415993,71.43,-0.095,1
-119.829429,34.415993,71.99,-0.095,1
-119.829117,34.415993,72.83,-0.119,1
-119.869071,34.415681,96.81,0.148,2
-119.868759,34.415681,97.13,0.357,2
-119.868447,34.415681,97.48,0.529,2
-119.868135,34.415681,98.29,0.456,2
-119.867823,34.415681,99.54,0.368,2
-119.86751,34.415681,100.95,0.359,2
-119.867198,34.415681,102.42,0.358,2
-119.866886,34.415681,103.72,0.301,2
-119.866574,34.415681,104.57,0.25,2
-119.866262,34.415681,104.75,0.28,2
-119.86595,34.415681,104.11,0.34,2
-119.865638,34.415681,103.03,0.367,2
-119.865325,34.415681,102.4,0.374,2
-119.865013,34.415681,102.44,0.396,2
-119.864701,34.415681,102.65,0.447,2
-119.864389,34.415681,103.2,0.306,2
-119.864077,34.415681,104.32,0.136,2
-119.863765,34.415681,105.78,0.14,2
-119.863453,34.415681,107.02,0.145,2
-119.86314,34.415681,107.46,0.158,2
-119.862828,34.415681,107.76,0.183,2
-119.862516,34.415681,107.75,0.242,2
-119.862204,34.415681,107.71,0.224,2
-119.861892,34.415681,107.69,0.161,2
-119.86158,34.415681,107.58,0.139,2
-119.861268,34.415681,107.3,0.177,2
-119.860955,34.415681,106.98,0.161,2
-119.860643,34.415681,106.3,0.202,2
-119.860331,34.415681,105.42,0.261,2
-119.860019,34.415681,104.63,0.306,2
-119.859707,34.415681,104.04,0.303,2
-119.859395,34.415681,103.68,0.259,2
-119.859083,34.415681,103.4,0.212,2
-119.85877,34.415681,103.15,0.209,2
-119.858458,34.415681,102.98,0.247,2
-119.858146,34.415681,102.89,0.25,2
-119.857834,34.415681,103.02,0.255,2
-119.857522,34.415681,103.19,0.23,2
-119.85721,34.415681,103.49,0.239,2
-119.856898,34.415681,103.88,0.211,2
-119.856585,34.415681,104.3,0.178,2
-119.856273,34.415681,104.7,0.188,2
-119.855961,34.415681,105.09,0.19,2
-119.855649,34.415681,105.42,0.215,2
-119.855337,34.415681,105.69,0.189,2
-119.855025,34.415681,105.98,0.13,2
-119.854713,34.415681,105.76,0.199,2
-119.8544,34.415681,105.21,0.282,2
-119.854088,34.415681,103.65,0.297,2
-119.853776,34.415681,101.09,0.399,2
-119.853464,34.415681,98.94,0.508,2
-119.853152,34.415681,97.84,0.535,2
-119.85284,34.415681,97.82,0.433,2
-119.852528,34.415681,98.12,0.369,2
-119.852215,34.415681,98.35,0.381,2
-119.851903,34.415681,98.67,0.381,2
-119.851591,34.415681,99.02,0.351,2
-119.851279,34.415681,99.35,0.306,2
-119.850967,34.415681,99.46,0.273,2
-119.850655,34.415681,99.09,0.233,2
-119.850343,34.415681,98.44,0.238,2
-119.850031,34.415681,97.85,0.302,2
-119.849718,34.415681,97.56,0.469,2
-119.849406,34.415681,97.59,0.4,2
-119.849094,34.415681,97.6,0.434,2
-119.848782,34.415681,97.44,0.496,2
-119.84847,34.415681,97.23,0.474,2
-119.848158,34.415681,97.11,0.265,2
-119.847846,34.415681,97.35,0.267,2
-119.847533,34.415681,97.16,0.413,2
-119.847221,34.415681,96.64,0.47,2
-119.846909,34.415681,95.97,0.487,2
-119.846597,34.415681,95.38,0.518,2
-119.846285,34.415681,95.14,0.542,2
-119.845973,34.415681,95.14,0.54,2
-119.845661,34.415681,95.45,0.466,2
-119.845348,34.415681,95.99,0.33,2
-119.845036,34.415681,96.23,0.215,2
-119.844724,34.415681,96.4,0.147,2
-119.844412,34.415681,96.87,0.176,2
-119.8441,34.415681,97.24,0.286,2
-119.843788,34.415681,97.45,0.293,2
-119.843476,34.415681,97.54,0.269,2
-119.843163,34.415681,97.47,0.247,2
-119.842851,34.415681,97.23,0.212,2
-119.842539,34.415681,96.28,0.226,2
-119.842227,34.415681,95.09,0.225,2
-119.841915,34.415681,94.19,0.206,2
-119.841603,34.415681,93.68,0.162,2
-119.841291,34.415681,93.56,0.221,2
-119.840978,34.415681,93.93,0.216,2
-119.840666,34.415681,93.85,0.126,2
-119.840354,34.415681,93.56,0.076,2
-119.840042,34.415681,93.27,0.122,2
-119.83973,34.415681,92.98,0.352,2
-119.839418,34.415681,92.54,0.348,2
-119.839106,34.415681,92.1,0.254,2
-119.838793,34.415681,91.75,0.351,2
-119.838481,34.415681,91.51,0.587,2
-119.838169,34.415681,91.56,0.662,2
-119.837857,34.415681,91.95,0.553,2
-119.837545,34.415681,92.35,0.427,2
-119.837233,34.415681,92.4,0.327,2
-119.836921,34.415681,92.12,0.258,2
-119.836608,34.415681,91.6,0.239,2
-119.836296,34.415681,90.66,0.259,2
-119.835984,34.415681,88.64,0.216,2
-119.835672,34.415681,85.13,0.117,1
-119.83536,34.415681,84.12,0.045,1
-119.835048,34.415681,83,0.066,1
-119.834736,34.415681,81.62,0.071,1
-119.834423,34.415681,80.64,-0.056,2
-119.834111,34.415681,79.52,-0.094,2
-119.833799,34.415681,78.28,-0.119,2
-119.833487,34.415681,77.06,-0.205,2
-119.833175,34.415681,75.89,-0.185,2
-119.832863,34.415681,74.86,-0.169,2
-119.832551,34.415681,73.9,-0.249,1
-119.832238,34.415681,73.13,-0.188,1
-119.831926,34.415681,72.39,-0.114,1
-119.831614,34.415681,71.61,-0.088,1
-119.831302,34.415681,70.73,-0.064,1
-119.83099,34.415681,69.65,-0.043,1
-119.830678,34.415681,68.8,-0.055,1
-119.830366,34.415681,68.5,-0.057,1
-119.830053,34.415681,68.72,-0.033,1
-119.829741,34.415681,69.24,-0.025,1
-119.829429,34.415681,69.77,-0.014,1
-119.869071,34.415369,97.14,0.548,2
-119.868759,34.415369,97.31,0.613,2
-119.868447,34.415369,97.43,0.638,2
-119.868135,34.415369,97.91,0.539,2
-119.867823,34.415369,98.82,0.404,2
-119.86751,34.415369,100.13,0.349,2
-119.867198,34.415369,101.67,0.34,2
-119.866886,34.415369,103.02,0.298,2
-119.866574,34.415369,103.91,0.264,2
-119.866262,34.415369,104.22,0.291,2
-119.86595,34.415369,103.83,0.341,2
-119.865638,34.415369,103.03,0.371,2
-119.865325,34.415369,102.56,0.395,2
-119.865013,34.415369,102.53,0.424,2
-119.864701,34.415369,102.56,0.478,2
-119.864389,34.415369,103.02,0.387,2
-119.864077,34.415369,104.2,0.296,2
-119.863765,34.415369,105.62,0.319,2
-119.863453,34.415369,106.62,0.286,2
-119.86314,34.415369,106.93,0.32,2
-119.862828,34.415369,106.84,0.319,2
-119.862516,34.415369,106.42,0.286,2
-119.862204,34.415369,106.18,0.284,2
-119.861892,34.415369,106.22,0.249,2
-119.86158,34.415369,106.3,0.232,2
-119.861268,34.415369,106.31,0.247,2
-119.860955,34.415369,106.33,0.218,2
-119.860643,34.415369,105.98,0.204,2
-119.860331,34.415369,105.35,0.177,2
-119.860019,34.415369,104.68,0.171,2
-119.859707,34.415369,104.08,0.164,2
-119.859395,34.415369,103.61,0.123,2
-119.859083,34.415369,103.18,0.133,2
-119.85877,34.415369,102.8,0.269,2
-119.858458,34.415369,102.62,0.424,2
-119.858146,34.415369,102.58,0.464,2
-119.857834,34.415369,102.74,0.438,2
-119.857522,34.415369,103.06,0.314,2
-119.85721,34.415369,103.53,0.247,2
-119.856898,34.415369,104.05,0.197,2
-119.856585,34.415369,104.51,0.105,2
-119.856273,34.415369,104.89,0.144,2
-119.855961,34.415369,105.25,0.215,2
-119.855649,34.415369,105.57,0.241,2
-119.855337,34.415369,105.85,0.219,2
-119.855025,34.415369,106.13,0.176,2
-119.854713,34.415369,105.94,0.198,2
-119.8544,34.415369,105.28,0.237,2
-119.854088,34.415369,103.1,0.231,2
-119.853776,34.415369,100.53,0.341,2
-119.853464,34.415369,98.46,0.414,2
-119.853152,34.415369,97.26,0.422,2
-119.85284,34.415369,97.11,0.317,2
-119.852528,34.415369,97.35,0.27,2
-119.852215,34.415369,97.61,0.431,2
-119.851903,34.415369,98.05,0.53,2
-119.851591,34.415369,98.56,0.373,2
-119.851279,34.415369,98.97,0.237,2
-119.850967,34.415369,98.99,0.265,2
-119.850655,34.415369,98.37,0.215,2
-119.850343,34.415369,97.5,0.193,2
-119.850031,34.415369,96.85,0.353,2
-119.849718,34.415369,96.7,0.414,2
-119.849406,34.415369,97,0.203,2
-119.849094,34.415369,97.39,0.248,2
-119.848782,34.415369,97.58,0.324,2
-119.84847,34.415369,97.55,0.363,2
-119.848158,34.415369,97.48,0.343,2
-119.847846,34.415369,97.64,0.312,2
-119.847533,34.415369,97.29,0.538,2
-119.847221,34.415369,96.59,0.54,2
-119.846909,34.415369,95.8,0.433,2
-119.846597,34.415369,95.2,0.324,2
-119.846285,34.415369,94.94,0.358,2
-119.845973,34.415369,94.78,0.494,2
-119.845661,34.415369,94.79,0.541,2
-119.845348,34.415369,95.01,0.399,2
-119.845036,34.415369,95.04,0.256,2
-119.844724,34.415369,95.1,0.219,2
-119.844412,34.415369,95.57,0.236,2
-119.8441,34.415369,96.01,0.27,2
-119.843788,34.415369,96.38,0.219,2
-119.843476,34.415369,96.71,0.214,2
-119.843163,34.415369,96.92,0.183,2
-119.842851,34.415369,97.03,0.18,2
-119.842539,34.415369,96.61,0.223,2
-119.842227,34.415369,96.03,0.223,2
-119.841915,34.415369,95.5,0.188,2
-119.841603,34.415369,95.18,0.139,2
-119.841291,34.415369,94.99,0.095,2
-119.840978,34.415369,95.03,0.088,2
-119.840666,34.415369,94.58,0.067,2
-119.840354,34.415369,94.05,0.08,2
-119.840042,34.415369,93.59,0.123,2
-119.83973,34.415369,93.22,0.384,2
-119.839418,34.415369,92.93,0.397,2
-119.839106,34.415369,92.84,0.274,2
-119.838793,34.415369,92.56,0.325,2
-119.838481,34.415369,92.09,0.523,2
-119.838169,34.415369,91.76,0.623,2
-119.837857,34.415369,91.63,0.533,2
-119.837545,34.415369,91.53,0.36,2
-119.837233,34.415369,91.18,0.242,2
-119.836921,34.415369,90.39,0.217,2
-119.836608,34.415369,89.15,0.224,2
-119.836296,34.415369,87.23,0.171,2
-119.835984,34.415369,83.98,0.029,1
-119.835672,34.415369,79.75,-0.146,2
-119.83536,34.415369,78.11,-0.189,2
-119.835048,34.415369,77.07,-0.301,2
-119.834736,34.415369,76.23,-0.437,2
-119.834423,34.415369,75.38,-0.316,2
-119.834111,34.415369,74.66,-0.286,2
-119.833799,34.415369,73.86,-0.224,2
-119.833487,34.415369,73.05,-0.133,2
-119.833175,34.415369,72.2,-0.075,2
-119.832863,34.415369,71.4,-0.07,2
-119.832551,34.415369,70.49,-0.076,1
-119.832238,34.415369,69.98,-0.074,1
-119.831926,34.415369,69.66,-0.061,1
-119.831614,34.415369,69.36,-0.055,1
-119.831302,34.415369,69.06,-0.042,1
-119.83099,34.415369,68.76,-0.031,1
-119.830678,34.415369,68.47,-0.063,1
-119.830366,34.415369,68.31,-0.072,1
-119.830053,34.415369,68.41,-0.026,1
-119.869071,34.415057,96.8,0.723,2
-119.868759,34.415057,96.68,0.755,2
-119.868447,34.415057,96.75,0.756,2
-119.868135,34.415057,97.17,0.655,2
-119.867823,34.415057,97.87,0.469,2
-119.86751,34.415057,99.02,0.367,2
-119.867198,34.415057,100.53,0.351,2
-119.866886,34.415057,101.92,0.339,2
-119.866574,34.415057,102.89,0.32,2
-119.866262,34.415057,103.35,0.321,2
-119.86595,34.415057,103.37,0.346,2
-119.865638,34.415057,103.11,0.344,2
-119.865325,34.415057,102.81,0.382,2
-119.865013,34.415057,102.63,0.426,2
-119.864701,34.415057,102.49,0.432,2
-119.864389,34.415057,102.82,0.319,2
-119.864077,34.415057,103.82,0.303,2
-119.863765,34.415057,105.4,0.29,2
-119.863453,34.415057,106.11,0.25,2
-119.86314,34.415057,106.12,0.348,2
-119.862828,34.415057,105.66,0.319,2
-119.862516,34.415057,104.95,0.329,2
-119.862204,34.415057,104.54,0.331,2
-119.861892,34.415057,104.53,0.392,2
-119.86158,34.415057,104.63,0.455,2
-119.861268,34.415057,104.75,0.382,2
-119.860955,34.415057,105.02,0.216,2
-119.860643,34.415057,105.09,0.128,2
-119.860331,34.415057,104.94,0.127,2
-119.860019,34.415057,104.66,0.144,2
-119.859707,34.415057,104.29,0.183,2
-119.859395,34.415057,103.87,0.207,2
-119.859083,34.415057,103.34,0.166,2
-119.85877,34.415057,102.8,0.173,2
-119.858458,34.415057,102.51,0.256,2
-119.858146,34.415057,102.44,0.311,2
-119.857834,34.415057,102.69,0.327,2
-119.857522,34.415057,103.06,0.24,2
-119.85721,34.415057,103.68,0.221,2
-119.856898,34.415057,104.34,0.161,2
-119.856585,34.415057,104.85,0.109,2
-119.856273,34.415057,105.2,0.144,2
-119.855961,34.415057,105.42,0.19,2
-119.855649,34.415057,105.67,0.239,2
-119.855337,34.415057,105.85,0.289,2
-119.855025,34.415057,105.94,0.298,2
-119.854713,34.415057,105.71,0.234,2
-119.8544,34.415057,104.88,0.218,2
-119.854088,34.415057,102.77,0.25,2
-119.853776,34.415057,100.21,0.375,2
-119.853464,34.415057,98.19,0.504,2
-119.853152,34.415057,97.01,0.507,2
-119.85284,34.415057,96.6,0.419,2
-119.852528,34.415057,96.67,0.466,2
-119.852215,34.415057,97.06,0.589,2
-119.851903,34.415057,97.79,0.54,2
-119.851591,34.415057,98.74,0.404,2
-119.851279,34.415057,99.55,0.33,2
-119.850967,34.415057,99.55,0.31,2
-119.850655,34.415057,98.84,0.301,2
-119.850343,34.415057,97.96,0.268,2
-119.850031,34.415057,97.35,0.263,2
-119.849718,34.415057,97.19,0.261,2
-119.849406,34.415057,97.55,0.228,2
-119.849094,34.415057,98.06,0.32,2
-119.848782,34.415057,98.34,0.227,2
-119.84847,34.415057,98.24,0.39,2
-119.848158,34.415057,98.1,0.387,2
-119.847846,34.415057,98.27,0.346,2
-119.847533,34.415057,97.75,0.469,2
-119.847221,34.415057,96.91,0.495,2
-119.846909,34.415057,96.19,0.468,2
-119.846597,34.415057,95.78,0.364,2
-119.846285,34.415057,95.58,0.308,2
-119.845973,34.415057,95.23,0.446,2
-119.845661,34.415057,94.97,0.561,2
-119.845348,34.415057,94.96,0.527,2
-119.845036,34.415057,94.84,0.472,2
-119.844724,34.415057,94.74,0.46,2
-119.844412,34.415057,95.03,0.462,2
-119.8441,34.415057,95.47,0.441,2
-119.843788,34.415057,95.99,0.453,2
-119.843476,34.415057,96.34,0.509,2
-119.843163,34.415057,96.61,0.519,2
-119.842851,34.415057,96.81,0.519,2
-119.842539,34.415057,96.84,0.559,2
-119.842227,34.415057,96.76,0.538,2
-119.841915,34.415057,96.63,0.323,2
-119.841603,34.415057,96.55,0.204,2
-119.841291,34.415057,96.44,0.246,2
-119.840978,34.415057,96.27,0.169,2
-119.840666,34.415057,95.6,0.08,2
-119.840354,34.415057,94.8,0.135,2
-119.840042,34.415057,93.91,0.136,2
-119.83973,34.415057,93.34,0.29,2
-119.839418,34.415057,93.08,0.398,2
-119.839106,34.415057,93.09,0.438,2
-119.838793,34.415057,92.77,0.47,2
-119.838481,34.415057,91.8,0.464,2
-119.838169,34.415057,90.62,0.413,2
-119.837857,34.415057,89.38,0.326,2
-119.837545,34.415057,88.08,0.217,2
-119.837233,34.415057,86.75,0.137,2
-119.836921,34.415057,85.31,0.103,2
-119.836608,34.415057,83.78,0.055,2
-119.836296,34.415057,81.85,-0.039,1
-119.835984,34.415057,79.29,-0.127,2
-119.835672,34.415057,75.07,-0.25,2
-119.83536,34.415057,73.42,-0.289,2
-119.835048,34.415057,72.4,-0.139,2
-119.834736,34.415057,71.76,-0.331,2
-119.834423,34.415057,71.44,-0.237,2
-119.834111,34.415057,71.19,-0.154,2
-119.833799,34.415057,70.86,-0.1,2
-119.833487,34.415057,70.51,-0.066,2
-119.833175,34.415057,70.14,-0.041,2
-119.832863,34.415057,69.74,-0.027,2
-119.832551,34.415057,69.35,-0.015,2
-119.832238,34.415057,69.05,-0.007,2
-119.831926,34.415057,68.82,-0.016,2
-119.831614,34.415057,68.64,-0.034,2
-119.831302,34.415057,68.51,-0.044,2
-119.83099,34.415057,68.43,-0.044,2
-119.830678,34.415057,68.46,-0.053,2
-119.869071,34.414744,95.29,0.768,2
-119.868759,34.414744,95.44,0.785,2
-119.868447,34.414744,95.8,0.744,2
-119.868135,34.414744,96.39,0.603,2
-119.867823,34.414744,97.02,0.469,2
-119.86751,34.414744,97.93,0.399,2
-119.867198,34.414744,99.22,0.374,2
-119.866886,34.414744,100.51,0.371,2
-119.866574,34.414744,101.64,0.343,2
-119.866262,34.414744,102.51,0.29,2
-119.86595,34.414744,103,0.261,2
-119.865638,34.414744,103.1,0.249,2
-119.865325,34.414744,102.99,0.237,2
-119.865013,34.414744,102.79,0.231,2
-119.864701,34.414744,102.61,0.248,2
-119.864389,34.414744,102.8,0.144,2
-119.864077,34.414744,103.39,0.071,2
-119.863765,34.414744,104.71,0.091,2
-119.863453,34.414744,105.1,0.12,2
-119.86314,34.414744,104.98,0.099,2
-119.862828,34.414744,104.31,0.123,2
-119.862516,34.414744,103.68,0.166,2
-119.862204,34.414744,103.41,0.157,2
-119.861892,34.414744,103.4,0.221,2
-119.86158,34.414744,103.48,0.204,2
-119.861268,34.414744,103.62,0.157,2
-119.860955,34.414744,104.01,0.087,2
-119.860643,34.414744,104.37,0.088,2
-119.860331,34.414744,104.58,0.2,2
-119.860019,34.414744,104.69,0.226,2
-119.859707,34.414744,104.63,0.158,2
-119.859395,34.414744,104.37,0.127,2
-119.859083,34.414744,103.86,0.108,2
-119.85877,34.414744,103.19,0.118,2
-119.858458,34.414744,102.83,0.142,2
-119.858146,34.414744,102.71,0.128,2
-119.857834,34.414744,103.05,0.126,2
-119.857522,34.414744,103.38,0.177,2
-119.85721,34.414744,103.93,0.236,2
-119.856898,34.414744,104.53,0.198,2
-119.856585,34.414744,105.01,0.112,2
-119.856273,34.414744,105.36,0.111,2
-119.855961,34.414744,105.44,0.153,2
-119.855649,34.414744,105.62,0.181,2
-119.855337,34.414744,105.69,0.324,2
-119.855025,34.414744,105.59,0.369,2
-119.854713,34.414744,105.25,0.287,2
-119.8544,34.414744,104.3,0.248,2
-119.854088,34.414744,102.31,0.265,2
-119.853776,34.414744,99.92,0.4,2
-119.853464,34.414744,98.05,0.59,2
-119.853152,34.414744,96.95,0.651,2
-119.85284,34.414744,96.48,0.561,2
-119.852528,34.414744,96.54,0.508,2
-119.852215,34.414744,97.13,0.484,2
-119.851903,34.414744,98.19,0.396,2
-119.851591,34.414744,99.43,0.365,2
-119.851279,34.414744,100.28,0.304,2
-119.850967,34.414744,100.4,0.266,2
-119.850655,34.414744,99.98,0.236,2
-119.850343,34.414744,99.48,0.28,2
-119.850031,34.414744,99.11,0.399,2
-119.849718,34.414744,99.16,0.386,2
-119.849406,34.414744,99.24,0.379,2
-119.849094,34.414744,99.34,0.351,2
-119.848782,34.414744,99.57,0.186,2
-119.84847,34.414744,99.24,0.162,2
-119.848158,34.414744,98.84,0.239,2
-119.847846,34.414744,98.89,0.385,2
-119.847533,34.414744,98.3,0.495,2
-119.847221,34.414744,97.48,0.474,2
-119.846909,34.414744,96.98,0.344,2
-119.846597,34.414744,96.8,0.249,2
-119.846285,34.414744,96.75,0.255,2
-119.845973,34.414744,96.22,0.339,2
-119.845661,34.414744,95.7,0.41,2
-119.845348,34.414744,95.62,0.432,2
-119.845036,34.414744,95.49,0.485,2
-119.844724,34.414744,95.39,0.552,2
-119.844412,34.414744,95.47,0.512,2
-119.8441,34.414744,95.81,0.484,2
-119.843788,34.414744,96.42,0.6,2
-119.843476,34.414744,96.65,0.608,2
-119.843163,34.414744,96.78,0.559,2
-119.842851,34.414744,96.9,0.567,2
-119.842539,34.414744,97.14,0.604,2
-119.842227,34.414744,97.34,0.562,2
-119.841915,34.414744,97.48,0.296,2
-119.841603,34.414744,97.56,0.134,2
-119.841291,34.414744,97.55,0.302,2
-119.840978,34.414744,97.45,0.21,2
-119.840666,34.414744,96.79,0.254,2
-119.840354,34.414744,95.74,0.284,2
-119.840042,34.414744,94.57,0.253,2
-119.83973,34.414744,93.59,0.265,2
-119.839418,34.414744,92.73,0.388,2
-119.839106,34.414744,90.4,0.46,2
-119.838793,34.414744,88.19,0.427,2
-119.838481,34.414744,86.6,0.314,2
-119.838169,34.414744,84.65,0.178,2
-119.837857,34.414744,82.82,0.088,2
-119.837545,34.414744,80.99,-0.006,2
-119.837233,34.414744,79.16,-0.163,2
-119.836921,34.414744,77.46,-0.309,2
-119.836608,34.414744,76.03,-0.293,2
-119.836296,34.414744,74.76,-0.265,2
-119.835984,34.414744,73.35,-0.242,2
-119.835672,34.414744,72.01,-0.278,2
-119.83536,34.414744,70.76,-0.383,2
-119.835048,34.414744,69.98,-0.158,2
-119.834736,34.414744,69.5,-0.242,2
-119.834423,34.414744,69.35,-0.15,2
-119.834111,34.414744,69.27,-0.088,2
-119.833799,34.414744,69.16,-0.07,2
-119.833487,34.414744,69.03,-0.045,2
-119.833175,34.414744,68.92,-0.033,2
-119.832863,34.414744,68.79,-0.021,2
-119.832551,34.414744,68.64,-0.015,2
-119.832238,34.414744,68.49,-0.013,2
-119.831926,34.414744,68.35,-0.012,2
-119.831614,34.414744,68.21,-0.023,2
-119.831302,34.414744,68.09,-0.03,2
-119.83099,34.414744,68.06,-0.03,2
-119.869071,34.414432,94.11,0.744,2
-119.868759,34.414432,94.45,0.675,2
-119.868447,34.414432,95.05,0.558,2
-119.868135,34.414432,95.61,0.455,2
-119.867823,34.414432,96.2,0.414,2
-119.86751,34.414432,97.02,0.401,2
-119.867198,34.414432,98.03,0.384,2
-119.866886,34.414432,99.13,0.361,2
-119.866574,34.414432,100.25,0.348,2
-119.866262,34.414432,101.31,0.355,2
-119.86595,34.414432,102.17,0.301,2
-119.865638,34.414432,102.67,0.237,2
-119.865325,34.414432,102.79,0.204,2
-119.865013,34.414432,102.73,0.174,2
-119.864701,34.414432,102.53,0.162,2
-119.864389,34.414432,102.51,0.207,2
-119.864077,34.414432,102.6,0.243,2
-119.863765,34.414432,103.4,0.211,2
-119.863453,34.414432,103.59,0.157,2
-119.86314,34.414432,103.5,0.193,2
-119.862828,34.414432,103.09,0.162,2
-119.862516,34.414432,102.87,0.165,2
-119.862204,34.414432,103,0.101,2
-119.861892,34.414432,103.21,0.088,2
-119.86158,34.414432,103.37,0.104,2
-119.861268,34.414432,103.5,0.121,2
-119.860955,34.414432,103.82,0.118,2
-119.860643,34.414432,104.17,0.142,2
-119.860331,34.414432,104.45,0.213,2
-119.860019,34.414432,104.71,0.218,2
-119.859707,34.414432,104.81,0.137,2
-119.859395,34.414432,104.69,0.089,2
-119.859083,34.414432,104.3,0.089,2
-119.85877,34.414432,103.7,0.138,2
-119.858458,34.414432,103.38,0.22,2
-119.858146,34.414432,103.23,0.173,2
-119.857834,34.414432,103.55,0.116,2
-119.857522,34.414432,103.69,0.144,2
-119.85721,34.414432,103.99,0.203,2
-119.856898,34.414432,104.39,0.275,2
-119.856585,34.414432,104.81,0.229,2
-119.856273,34.414432,105.19,0.178,2
-119.855961,34.414432,105.33,0.161,2
-119.855649,34.414432,105.49,0.194,2
-119.855337,34.414432,105.49,0.256,2
-119.855025,34.414432,105.3,0.267,2
-119.854713,34.414432,104.84,0.25,2
-119.8544,34.414432,103.81,0.24,2
-119.854088,34.414432,101.89,0.23,2
-119.853776,34.414432,99.73,0.33,2
-119.853464,34.414432,98.1,0.549,2
-119.853152,34.414432,97.18,0.677,2
-119.85284,34.414432,96.83,0.574,2
-119.852528,34.414432,97.03,0.42,2
-119.852215,34.414432,97.78,0.374,2
-119.851903,34.414432,99.01,0.339,2
-119.851591,34.414432,100.34,0.259,2
-119.851279,34.414432,101.13,0.195,2
-119.850967,34.414432,101.28,0.203,2
-119.850655,34.414432,101.13,0.185,2
-119.850343,34.414432,100.97,0.216,2
-119.850031,34.414432,100.83,0.375,2
-119.849718,34.414432,100.92,0.414,2
-119.849406,34.414432,100.81,0.219,2
-119.849094,34.414432,100.57,0.111,2
-119.848782,34.414432,100.49,0.101,2
-119.84847,34.414432,99.82,0.149,2
-119.848158,34.414432,99.04,0.222,2
-119.847846,34.414432,98.74,0.349,2
-119.847533,34.414432,98.09,0.375,2
-119.847221,34.414432,97.42,0.258,2
-119.846909,34.414432,97.18,0.171,2
-119.846597,34.414432,97.27,0.141,2
-119.846285,34.414432,97.45,0.183,2
-119.845973,34.414432,97.12,0.193,2
-119.845661,34.414432,96.68,0.149,2
-119.845348,34.414432,96.62,0.184,2
-119.845036,34.414432,96.46,0.33,2
-119.844724,34.414432,96.28,0.471,2
-119.844412,34.414432,96.23,0.411,2
-119.8441,34.414432,96.4,0.332,2
-119.843788,34.414432,96.89,0.415,2
-119.843476,34.414432,97.04,0.401,2
-119.843163,34.414432,97.14,0.266,2
-119.842851,34.414432,97.25,0.255,2
-119.842539,34.414432,97.5,0.249,2
-119.842227,34.414432,97.75,0.287,2
-119.841915,34.414432,97.94,0.262,2
-119.841603,34.414432,98.09,0.153,2
-119.841291,34.414432,98.17,0.199,2
-119.840978,34.414432,98.17,0.204,2
-119.840666,34.414432,97.51,0.199,2
-119.840354,34.414432,96.19,0.313,2
-119.840042,34.414432,94.4,0.44,2
-119.83973,34.414432,92.47,0.366,2
-119.839418,34.414432,90.66,0.302,2
-119.839106,34.414432,87.46,0.288,2
-119.838793,34.414432,84.4,0.211,2
-119.838481,34.414432,82.49,0.07,2
-119.838169,34.414432,80.55,-0.082,2
-119.837857,34.414432,78.71,-0.212,2
-119.837545,34.414432,76.89,-0.344,2
-119.837233,34.414432,75.08,-0.447,2
-119.836921,34.414432,73.37,-0.432,2
-119.836608,34.414432,72,-0.294,2
-119.836296,34.414432,71.06,-0.277,2
-119.835984,34.414432,70.38,-0.328,2
-119.835672,34.414432,69.89,-0.378,2
-119.83536,34.414432,69.38,-0.275,2
-119.835048,34.414432,69.05,-0.165,2
-119.834736,34.414432,68.77,-0.105,2
-119.834423,34.414432,68.64,-0.063,2
-119.834111,34.414432,68.54,-0.052,2
-119.833799,34.414432,68.44,-0.051,2
-119.833487,34.414432,68.32,-0.033,2
-119.833175,34.414432,68.23,-0.022,2
-119.832863,34.414432,68.15,-0.024,2
-119.832551,34.414432,68.09,-0.025,2
-119.832238,34.414432,68.05,-0.017,2
-119.831926,34.414432,68,-0.019,2
-119.831614,34.414432,67.95,-0.028,2
-119.831302,34.414432,67.92,-0.027,2
-119.869383,34.41412,92.02,0.548,2
-119.869071,34.41412,92.72,0.637,2
-119.868759,34.41412,93.31,0.51,2
-119.868447,34.41412,94.01,0.39,2
-119.868135,34.41412,94.63,0.387,2
-119.867823,34.41412,95.29,0.396,2
-119.86751,34.41412,96.12,0.41,2
-119.867198,34.41412,96.97,0.432,2
-119.866886,34.41412,97.9,0.405,2
-119.866574,34.41412,98.93,0.377,2
-119.866262,34.41412,99.99,0.421,2
-119.86595,34.41412,100.97,0.398,2
-119.865638,34.41412,101.72,0.297,2
-119.865325,34.41412,102.09,0.243,2
-119.865013,34.41412,102.11,0.223,2
-119.864701,34.41412,101.77,0.272,2
-119.864389,34.41412,101.52,0.22,2
-119.864077,34.41412,101.24,0.17,2
-119.863765,34.41412,101.68,0.218,2
-119.863453,34.41412,101.88,0.235,2
-119.86314,34.41412,102.06,0.362,2
-119.862828,34.41412,102.25,0.378,2
-119.862516,34.41412,102.47,0.212,2
-119.862204,34.41412,102.92,0.109,2
-119.861892,34.41412,103.44,0.134,2
-119.86158,34.41412,103.77,0.213,2
-119.861268,34.41412,103.91,0.277,2
-119.860955,34.41412,104.04,0.255,2
-119.860643,34.41412,104.19,0.214,2
-119.860331,34.41412,104.35,0.235,2
-119.860019,34.41412,104.51,0.229,2
-119.859707,34.41412,104.58,0.158,2
-119.859395,34.41412,104.54,0.113,2
-119.859083,34.41412,104.23,0.112,2
-119.85877,34.41412,103.79,0.169,2
-119.858458,34.41412,103.64,0.262,2
-119.858146,34.41412,103.58,0.208,2
-119.857834,34.41412,103.81,0.187,2
-119.857522,34.41412,103.74,0.135,2
-119.85721,34.41412,103.78,0.18,2
-119.856898,34.41412,104,0.242,2
-119.856585,34.41412,104.37,0.288,2
-119.856273,34.41412,104.8,0.239,2
-119.855961,34.41412,105.04,0.15,2
-119.855649,34.41412,105.26,0.165,2
-119.855337,34.41412,105.25,0.299,2
-119.855025,34.41412,105.02,0.265,2
-119.854713,34.41412,104.48,0.29,2
-119.8544,34.41412,103.4,0.33,2
-119.854088,34.41412,101.63,0.344,2
-119.853776,34.41412,99.77,0.428,2
-119.853464,34.41412,98.44,0.542,2
-119.853152,34.41412,97.69,0.51,2
-119.85284,34.41412,97.42,0.368,2
-119.852528,34.41412,97.69,0.318,2
-119.852215,34.41412,98.53,0.378,2
-119.851903,34.41412,99.81,0.38,2
-119.851591,34.41412,101.05,0.251,2
-119.851279,34.41412,101.69,0.171,2
-119.850967,34.41412,101.74,0.203,2
-119.850655,34.41412,101.72,0.18,2
-119.850343,34.41412,101.65,0.139,2
-119.850031,34.41412,101.62,0.194,2
-119.849718,34.41412,101.76,0.215,2
-119.849406,34.41412,101.65,0.115,2
-119.849094,34.41412,101.31,0.175,2
-119.848782,34.41412,101.02,0.25,2
-119.84847,34.41412,100.12,0.315,2
-119.848158,34.41412,98.95,0.306,2
-119.847846,34.41412,98.41,0.291,2
-119.847533,34.41412,97.79,0.233,2
-119.847221,34.41412,97.32,0.184,2
-119.846909,34.41412,97.32,0.16,2
-119.846597,34.41412,97.64,0.139,2
-119.846285,34.41412,98.05,0.24,2
-119.845973,34.41412,97.97,0.262,2
-119.845661,34.41412,97.64,0.137,2
-119.845348,34.41412,97.64,0.18,2
-119.845036,34.41412,97.49,0.386,2
-119.844724,34.41412,97.25,0.56,2
-119.844412,34.41412,97.13,0.47,2
-119.8441,34.41412,97.17,0.269,2
-119.843788,34.41412,97.55,0.185,2
-119.843476,34.41412,97.62,0.224,2
-119.843163,34.41412,97.68,0.132,2
-119.842851,34.41412,97.72,0.117,2
-119.842539,34.41412,97.88,0.184,2
-119.842227,34.41412,97.99,0.329,2
-119.841915,34.41412,98.02,0.312,2
-119.841603,34.41412,97.97,0.181,2
-119.841291,34.41412,97.89,0.146,2
-119.840978,34.41412,97.72,0.171,2
-119.840666,34.41412,96.92,0.301,2
-119.840354,34.41412,95.25,0.41,2
-119.840042,34.41412,92.37,0.419,2
-119.83973,34.41412,89.37,0.346,2
-119.839418,34.41412,86.76,0.242,2
-119.839106,34.41412,83.44,0.1,2
-119.838793,34.41412,80.27,-0.069,2
-119.838481,34.41412,78.05,-0.242,2
-119.838169,34.41412,76.04,-0.341,2
-119.837857,34.41412,74.36,-0.326,2
-119.837545,34.41412,72.92,-0.351,2
-119.837233,34.41412,71.71,-0.364,2
-119.836921,34.41412,70.65,-0.236,2
-119.836608,34.41412,69.82,-0.19,2
-119.836296,34.41412,69.25,-0.204,2
-119.835984,34.41412,68.92,-0.244,2
-119.835672,34.41412,68.81,-0.27,2
-119.83536,34.41412,68.7,-0.105,2
-119.835048,34.41412,68.57,-0.078,2
-119.834736,34.41412,68.47,-0.057,2
-119.834423,34.41412,68.39,-0.044,2
-119.834111,34.41412,68.32,-0.033,2
-119.833799,34.41412,68.23,-0.028,2
-119.833487,34.41412,68.09,-0.017,2
-119.833175,34.41412,67.96,-0.018,2
-119.832863,34.41412,67.84,-0.027,2
-119.832551,34.41412,67.77,-0.027,2
-119.832238,34.41412,67.72,-0.022,2
-119.831926,34.41412,67.7,-0.016,2
-119.831614,34.41412,67.71,-0.012,2
-119.869383,34.413808,91.42,0.511,2
-119.869071,34.413808,91.52,0.567,2
-119.868759,34.413808,91.83,0.509,2
-119.868447,34.413808,92.44,0.449,2
-119.868135,34.413808,93.5,0.466,2
-119.867823,34.413808,94.75,0.498,2
-119.86751,34.413808,95.86,0.541,2
-119.867198,34.413808,96.9,0.566,2
-119.866886,34.413808,97.94,0.521,2
-119.866574,34.413808,99.02,0.439,2
-119.866262,34.413808,100.08,0.401,2
-119.86595,34.413808,100.98,0.387,2
-119.865638,34.413808,101.61,0.366,2
-119.865325,34.413808,101.93,0.376,2
-119.865013,34.413808,101.91,0.38,2
-119.864701,34.413808,101.04,0.37,2
-119.864389,34.413808,100.34,0.336,2
-119.864077,34.413808,99.6,0.384,2
-119.863765,34.413808,99.66,0.548,2
-119.863453,34.413808,100.01,0.587,2
-119.86314,34.413808,100.5,0.616,2
-119.862828,34.413808,101.45,0.486,2
-119.862516,34.413808,102.19,0.217,2
-119.862204,34.413808,102.95,0.099,2
-119.861892,34.413808,103.68,0.107,2
-119.86158,34.413808,104.13,0.206,2
-119.861268,34.413808,104.3,0.309,2
-119.860955,34.413808,104.29,0.298,2
-119.860643,34.413808,104.23,0.214,2
-119.860331,34.413808,104.23,0.178,2
-119.860019,34.413808,104.15,0.181,2
-119.859707,34.413808,103.99,0.155,2
-119.859395,34.413808,103.87,0.117,2
-119.859083,34.413808,103.74,0.088,2
-119.85877,34.413808,103.69,0.16,2
-119.858458,34.413808,103.72,0.301,2
-119.858146,34.413808,103.69,0.303,2
-119.857834,34.413808,103.39,0.254,2
-119.857522,34.413808,103.09,0.167,2
-119.85721,34.413808,102.89,0.304,2
-119.856898,34.413808,102.95,0.298,2
-119.856585,34.413808,103.29,0.228,2
-119.856273,34.413808,103.72,0.197,2
-119.855961,34.413808,104.25,0.101,2
-119.855649,34.413808,104.6,0.102,2
-119.855337,34.413808,104.71,0.234,2
-119.855025,34.413808,104.51,0.256,2
-119.854713,34.413808,104.02,0.292,2
-119.8544,34.413808,103.01,0.306,2
-119.854088,34.413808,101.6,0.322,2
-119.853776,34.413808,100.14,0.44,2
-119.853464,34.413808,99.02,0.47,2
-119.853152,34.413808,98.27,0.348,2
-119.85284,34.413808,97.87,0.253,2
-119.852528,34.413808,98.14,0.206,2
-119.852215,34.413808,98.97,0.246,2
-119.851903,34.413808,100.18,0.321,2
-119.851591,34.413808,101.24,0.217,2
-119.851279,34.413808,101.72,0.098,2
-119.850967,34.413808,101.74,0.131,2
-119.850655,34.413808,101.9,0.145,2
-119.850343,34.413808,101.73,0.175,2
-119.850031,34.413808,101.66,0.192,2
-119.849718,34.413808,101.76,0.208,2
-119.849406,34.413808,101.61,0.181,2
-119.849094,34.413808,101.28,0.383,2
-119.848782,34.413808,100.92,0.467,2
-119.84847,34.413808,99.98,0.399,2
-119.848158,34.413808,98.86,0.364,2
-119.847846,34.413808,97.88,0.23,2
-119.847533,34.413808,97.17,0.177,2
-119.847221,34.413808,96.78,0.235,2
-119.846909,34.413808,96.87,0.258,2
-119.846597,34.413808,97.37,0.23,2
-119.846285,34.413808,97.99,0.262,2
-119.845973,34.413808,98.57,0.249,2
-119.845661,34.413808,99.02,0.15,2
-119.845348,34.413808,99.23,0.174,2
-119.845036,34.413808,99.26,0.291,2
-119.844724,34.413808,99.08,0.384,2
-119.844412,34.413808,98.82,0.34,2
-119.8441,34.413808,98.62,0.238,2
-119.843788,34.413808,98.53,0.278,2
-119.843476,34.413808,98.42,0.269,2
-119.843163,34.413808,98.32,0.213,2
-119.842851,34.413808,98.25,0.25,2
-119.842539,34.413808,98.23,0.261,2
-119.842227,34.413808,98.15,0.441,2
-119.841915,34.413808,97.93,0.437,2
-119.841603,34.413808,97.6,0.259,2
-119.841291,34.413808,97.16,0.156,2
-119.840978,34.413808,96.5,0.226,2
-119.840666,34.413808,95.35,0.29,2
-119.840354,34.413808,93.54,0.302,2
-119.840042,34.413808,88.94,0.265,2
-119.83973,34.413808,84.43,0.176,2
-119.839418,34.413808,81.33,-0.01,2
-119.839106,34.413808,78.67,-0.214,2
-119.838793,34.413808,76.3,-0.315,2
-119.838481,34.413808,74.13,-0.322,2
-119.838169,34.413808,72.26,-0.284,2
-119.837857,34.413808,70.89,-0.285,2
-119.837545,34.413808,70.09,-0.353,2
-119.837233,34.413808,69.56,-0.353,2
-119.836921,34.413808,69.21,-0.103,2
-119.836608,34.413808,68.91,-0.15,2
-119.836296,34.413808,68.63,-0.128,2
-119.835984,34.413808,68.41,-0.194,2
-119.835672,34.413808,68.28,-0.103,2
-119.83536,34.413808,68.21,-0.087,2
-119.835048,34.413808,68.15,-0.073,2
-119.834736,34.413808,68.12,-0.043,2
-119.834423,34.413808,68.11,-0.031,2
-119.834111,34.413808,68.08,-0.02,2
-119.833799,34.413808,68.02,-0.019,2
-119.833487,34.413808,67.91,-0.018,2
-119.833175,34.413808,67.77,-0.028,2
-119.832863,34.413808,67.64,-0.028,2
-119.832551,34.413808,67.56,-0.019,2
-119.832238,34.413808,67.52,-0.013,2
-119.831926,34.413808,67.52,-0.011,2
-119.869383,34.413496,91.19,0.544,2
-119.869071,34.413496,91.22,0.646,2
-119.868759,34.413496,91.43,0.7,2
-119.868447,34.413496,91.99,0.672,2
-119.868135,34.413496,93.12,0.678,2
-119.867823,34.413496,94.55,0.719,2
-119.86751,34.413496,95.91,0.678,2
-119.867198,34.413496,97.22,0.543,2
-119.866886,34.413496,98.47,0.429,2
-119.866574,34.413496,99.68,0.343,2
-119.866262,34.413496,100.76,0.251,2
-119.86595,34.413496,101.64,0.247,2
-119.865638,34.413496,102.18,0.319,2
-119.865325,34.413496,102.28,0.367,2
-119.865013,34.413496,102.06,0.418,2
-119.864701,34.413496,100.84,0.432,2
-119.864389,34.413496,99.61,0.461,2
-119.864077,34.413496,98.48,0.489,2
-119.863765,34.413496,98.42,0.621,2
-119.863453,34.413496,98.89,0.685,2
-119.86314,34.413496,99.57,0.61,2
-119.862828,34.413496,100.76,0.392,2
-119.862516,34.413496,101.81,0.174,2
-119.862204,34.413496,102.76,0.099,2
-119.861892,34.413496,103.55,0.099,2
-119.86158,34.413496,104.03,0.135,2
-119.861268,34.413496,104.26,0.237,2
-119.860955,34.413496,104.28,0.294,2
-119.860643,34.413496,104.19,0.201,2
-119.860331,34.413496,104.1,0.102,2
-119.860019,34.413496,103.88,0.106,2
-119.859707,34.413496,103.55,0.109,2
-119.859395,34.413496,103.32,0.085,2
-119.859083,34.413496,103.26,0.061,2
-119.85877,34.413496,103.43,0.112,2
-119.858458,34.413496,103.62,0.23,2
-119.858146,34.413496,103.56,0.289,2
-119.857834,34.413496,102.9,0.412,2
-119.857522,34.413496,102.34,0.254,2
-119.85721,34.413496,101.85,0.254,2
-119.856898,34.413496,101.61,0.314,2
-119.856585,34.413496,101.73,0.266,2
-119.856273,34.413496,102.08,0.235,2
-119.855961,34.413496,102.71,0.243,2
-119.855649,34.413496,103.3,0.241,2
-119.855337,34.413496,103.73,0.239,2
-119.855025,34.413496,103.82,0.229,2
-119.854713,34.413496,103.56,0.205,2
-119.8544,34.413496,102.77,0.204,2
-119.854088,34.413496,101.62,0.246,2
-119.853776,34.413496,100.43,0.354,2
-119.853464,34.413496,99.46,0.364,2
-119.853152,34.413496,98.7,0.221,2
-119.85284,34.413496,98.21,0.16,2
-119.852528,34.413496,98.36,0.17,2
-119.852215,34.413496,99.01,0.2,2
-119.851903,34.413496,99.93,0.314,2
-119.851591,34.413496,100.69,0.236,2
-119.851279,34.413496,101.06,0.111,2
-119.850967,34.413496,101.3,0.112,2
-119.850655,34.413496,101.33,0.155,2
-119.850343,34.413496,101.14,0.334,2
-119.850031,34.413496,101.02,0.231,2
-119.849718,34.413496,101.05,0.306,2
-119.849406,34.413496,100.89,0.288,2
-119.849094,34.413496,100.61,0.344,2
-119.848782,34.413496,100.29,0.375,2
-119.84847,34.413496,99.51,0.303,2
-119.848158,34.413496,98.65,0.288,2
-119.847846,34.413496,97.66,0.178,2
-119.847533,34.413496,96.99,0.146,2
-119.847221,34.413496,96.71,0.239,2
-119.846909,34.413496,96.89,0.271,2
-119.846597,34.413496,97.52,0.245,2
-119.846285,34.413496,98.3,0.282,2
-119.845973,34.413496,99.08,0.273,2
-119.845661,34.413496,99.72,0.152,2
-119.845348,34.413496,100,0.082,2
-119.845036,34.413496,100.13,0.086,2
-119.844724,34.413496,100.02,0.165,2
-119.844412,34.413496,99.63,0.233,2
-119.8441,34.413496,99.21,0.225,2
-119.843788,34.413496,98.96,0.323,2
-119.843476,34.413496,98.68,0.336,2
-119.843163,34.413496,98.41,0.32,2
-119.842851,34.413496,98.14,0.187,2
-119.842539,34.413496,97.93,0.241,2
-119.842227,34.413496,97.68,0.328,2
-119.841915,34.413496,97.38,0.417,2
-119.841603,34.413496,96.84,0.413,2
-119.841291,34.413496,95.91,0.363,2
-119.840978,34.413496,94.7,0.329,2
-119.840666,34.413496,93.15,0.266,2
-119.840354,34.413496,90.94,0.212,2
-119.840042,34.413496,85.92,0.118,2
-119.83973,34.413496,80.75,-0.068,2
-119.839418,34.413496,77.37,-0.271,2
-119.839106,34.413496,74.85,-0.34,2
-119.838793,34.413496,72.89,-0.303,2
-119.838481,34.413496,71.29,-0.286,2
-119.838169,34.413496,70.09,-0.303,2
-119.837857,34.413496,69.28,-0.376,2
-119.837545,34.413496,68.82,-0.455,2
-119.837233,34.413496,68.55,-0.392,2
-119.836921,34.413496,68.42,-0.11,2
-119.836608,34.413496,68.35,-0.128,2
-119.836296,34.413496,68.25,-0.191,2
-119.835984,34.413496,68.13,-0.119,2
-119.835672,34.413496,68.03,-0.075,2
-119.83536,34.413496,67.94,-0.066,2
-119.835048,34.413496,67.88,-0.033,2
-119.834736,34.413496,67.86,-0.013,2
-119.834423,34.413496,67.86,0.007,2
-119.834111,34.413496,67.84,0.012,2
-119.833799,34.413496,67.8,-0.005,2
-119.833487,34.413496,67.72,-0.005,2
-119.833175,34.413496,67.61,0.002,2
-119.832863,34.413496,67.49,-0.003,2
-119.832551,34.413496,67.43,-0.011,2
-119.832238,34.413496,67.41,-0.016,2
-119.869383,34.413184,92.28,0.513,2
-119.869071,34.413184,92.55,0.548,2
-119.868759,34.413184,92.99,0.568,2
-119.868447,34.413184,93.57,0.551,2
-119.868135,34.413184,94.52,0.549,2
-119.867823,34.413184,95.73,0.562,2
-119.86751,34.413184,96.91,0.53,2
-119.867198,34.413184,98.18,0.438,2
-119.866886,34.413184,99.46,0.328,2
-119.866574,34.413184,100.71,0.286,2
-119.866262,34.413184,101.88,0.253,2
-119.86595,34.413184,102.8,0.239,2
-119.865638,34.413184,103.3,0.263,2
-119.865325,34.413184,103.24,0.365,2
-119.865013,34.413184,102.78,0.412,2
-119.864701,34.413184,101.24,0.439,2
-119.864389,34.413184,99.7,0.406,2
-119.864077,34.413184,98.39,0.481,2
-119.863765,34.413184,98.21,0.554,2
-119.863453,34.413184,98.56,0.495,2
-119.86314,34.413184,99.19,0.364,2
-119.862828,34.413184,100.44,0.27,2
-119.862516,34.413184,101.62,0.186,2
-119.862204,34.413184,102.65,0.14,2
-119.861892,34.413184,103.44,0.153,2
-119.86158,34.413184,103.91,0.21,2
-119.861268,34.413184,104.17,0.312,2
-119.860955,34.413184,104.22,0.355,2
-119.860643,34.413184,104.14,0.268,2
-119.860331,34.413184,104.04,0.178,2
-119.860019,34.413184,103.84,0.175,2
-119.859707,34.413184,103.54,0.208,2
-119.859395,34.413184,103.36,0.162,2
-119.859083,34.413184,103.42,0.133,2
-119.85877,34.413184,103.79,0.187,2
-119.858458,34.413184,104,0.18,2
-119.858146,34.413184,103.72,0.16,2
-119.857834,34.413184,102.8,0.196,2
-119.857522,34.413184,101.93,0.211,2
-119.85721,34.413184,101.08,0.269,2
-119.856898,34.413184,100.35,0.263,2
-119.856585,34.413184,99.98,0.216,2
-119.856273,34.413184,100,0.204,2
-119.855961,34.413184,100.62,0.238,2
-119.855649,34.413184,101.53,0.218,2
-119.855337,34.413184,102.42,0.195,2
-119.855025,34.413184,102.93,0.187,2
-119.854713,34.413184,102.97,0.17,2
-119.8544,34.413184,102.52,0.184,2
-119.854088,34.413184,101.79,0.242,2
-119.853776,34.413184,100.91,0.332,2
-119.853464,34.413184,99.99,0.354,2
-119.853152,34.413184,99.13,0.298,2
-119.85284,34.413184,98.47,0.327,2
-119.852528,34.413184,98.42,0.321,2
-119.852215,34.413184,98.75,0.252,2
-119.851903,34.413184,99.23,0.38,2
-119.851591,34.413184,99.63,0.383,2
-119.851279,34.413184,99.89,0.305,2
-119.850967,34.413184,100.32,0.159,2
-119.850655,34.413184,100.32,0.142,2
-119.850343,34.413184,100.22,0.349,2
-119.850031,34.413184,100.11,0.285,2
-119.849718,34.413184,100.13,0.33,2
-119.849406,34.413184,100.01,0.311,2
-119.849094,34.413184,99.76,0.23,2
-119.848782,34.413184,99.52,0.345,2
-119.84847,34.413184,98.95,0.442,2
-119.848158,34.413184,98.35,0.436,2
-119.847846,34.413184,97.63,0.356,2
-119.847533,34.413184,97.12,0.282,2
-119.847221,34.413184,96.97,0.281,2
-119.846909,34.413184,97.28,0.277,2
-119.846597,34.413184,98,0.264,2
-119.846285,34.413184,98.72,0.3,2
-119.845973,34.413184,99.27,0.277,2
-119.845661,34.413184,99.71,0.146,2
-119.845348,34.413184,99.88,0.066,2
-119.845036,34.413184,99.9,0.074,2
-119.844724,34.413184,99.77,0.104,2
-119.844412,34.413184,99.48,0.124,2
-119.8441,34.413184,99.12,0.202,2
-119.843788,34.413184,98.89,0.199,2
-119.843476,34.413184,98.54,0.156,2
-119.843163,34.413184,98.16,0.277,2
-119.842851,34.413184,97.76,0.205,2
-119.842539,34.413184,97.39,0.211,2
-119.842227,34.413184,96.99,0.17,2
-119.841915,34.413184,96.56,0.231,2
-119.841603,34.413184,95.86,0.374,2
-119.841291,34.413184,94.5,0.435,2
-119.840978,34.413184,92.58,0.341,2
-119.840666,34.413184,90.37,0.222,2
-119.840354,34.413184,87.63,0.089,2
-119.840042,34.413184,82.38,-0.11,2
-119.83973,34.413184,77.03,-0.276,2
-119.839418,34.413184,73.9,-0.328,2
-119.839106,34.413184,71.87,-0.317,2
-119.838793,34.413184,70.55,-0.313,2
-119.838481,34.413184,69.65,-0.345,2
-119.838169,34.413184,69.11,-0.322,2
-119.837857,34.413184,68.71,-0.242,2
-119.837545,34.413184,68.36,-0.255,2
-119.837233,34.413184,68.13,-0.388,2
-119.836921,34.413184,68.04,-0.124,2
-119.836608,34.413184,68.02,-0.269,2
-119.836296,34.413184,67.99,-0.138,2
-119.835984,34.413184,67.94,0.204,2
-119.835672,34.413184,67.85,0.155,2
-119.83536,34.413184,67.77,0.022,2
-119.835048,34.413184,67.7,0.009,2
-119.834736,34.413184,67.69,0.024,2
-119.834423,34.413184,67.7,0.021,2
-119.834111,34.413184,67.7,0.018,2
-119.833799,34.413184,67.67,-0.004,2
-119.833487,34.413184,67.6,0,2
-119.833175,34.413184,67.52,0.012,2
-119.832863,34.413184,67.45,0.009,2
-119.832551,34.413184,67.41,0.002,2
-119.869383,34.412872,94,0.556,2
-119.869071,34.412872,94.68,0.517,2
-119.868759,34.412872,95.69,0.454,2
-119.868447,34.412872,96.42,0.408,2
-119.868135,34.412872,97.15,0.388,2
-119.867823,34.412872,97.99,0.396,2
-119.86751,34.412872,98.78,0.419,2
-119.867198,34.412872,99.69,0.39,2
-119.866886,34.412872,100.68,0.323,2
-119.866574,34.412872,101.75,0.342,2
-119.866262,34.412872,102.87,0.355,2
-119.86595,34.412872,103.92,0.323,2
-119.865638,34.412872,104.38,0.31,2
-119.865325,34.412872,104.29,0.341,2
-119.865013,34.412872,103.73,0.328,2
-119.864701,34.412872,102.29,0.323,2
-119.864389,34.412872,100.77,0.281,2
-119.864077,34.412872,99.49,0.404,2
-119.863765,34.412872,98.97,0.478,2
-119.863453,34.412872,98.98,0.325,2
-119.86314,34.412872,99.39,0.206,2
-119.862828,34.412872,100.29,0.265,2
-119.862516,34.412872,101.44,0.281,2
-119.862204,34.412872,102.53,0.243,2
-119.861892,34.412872,103.28,0.213,2
-119.86158,34.412872,103.68,0.251,2
-119.861268,34.412872,103.89,0.3,2
-119.860955,34.412872,103.98,0.315,2
-119.860643,34.412872,104,0.375,2
-119.860331,34.412872,103.98,0.415,2
-119.860019,34.412872,103.92,0.38,2
-119.859707,34.412872,103.87,0.374,2
-119.859395,34.412872,103.85,0.26,2
-119.859083,34.412872,104.1,0.18,2
-119.85877,34.412872,104.62,0.235,2
-119.858458,34.412872,104.87,0.259,2
-119.858146,34.412872,104.35,0.295,2
-119.857834,34.412872,103.41,0.229,2
-119.857522,34.412872,102.32,0.163,2
-119.85721,34.412872,101.03,0.165,2
-119.856898,34.412872,99.63,0.236,2
-119.856585,34.412872,98.66,0.275,2
-119.856273,34.412872,98.44,0.304,2
-119.855961,34.412872,99.04,0.304,2
-119.855649,34.412872,100.1,0.263,2
-119.855337,34.412872,101.27,0.193,2
-119.855025,34.412872,102.06,0.177,2
-119.854713,34.412872,102.43,0.176,2
-119.8544,34.412872,102.45,0.21,2
-119.854088,34.412872,102.11,0.263,2
-119.853776,34.412872,101.4,0.319,2
-119.853464,34.412872,100.42,0.391,2
-119.853152,34.412872,99.49,0.355,2
-119.85284,34.412872,98.83,0.25,2
-119.852528,34.412872,98.58,0.2,2
-119.852215,34.412872,98.6,0.222,2
-119.851903,34.412872,98.7,0.388,2
-119.851591,34.412872,98.76,0.294,2
-119.851279,34.412872,98.84,0.315,2
-119.850967,34.412872,99.12,0.336,2
-119.850655,34.412872,99.11,0.394,2
-119.850343,34.412872,99.01,0.359,2
-119.850031,34.412872,98.73,0.295,2
-119.849718,34.412872,98.62,0.233,2
-119.849406,34.412872,98.57,0.28,2
-119.849094,34.412872,98.39,0.278,2
-119.848782,34.412872,98.49,0.424,2
-119.84847,34.412872,98.28,0.538,2
-119.848158,34.412872,98.01,0.504,2
-119.847846,34.412872,97.74,0.46,2
-119.847533,34.412872,97.51,0.414,2
-119.847221,34.412872,97.54,0.375,2
-119.846909,34.412872,97.99,0.326,2
-119.846597,34.412872,98.69,0.253,2
-119.846285,34.412872,99.16,0.195,2
-119.845973,34.412872,99.21,0.128,2
-119.845661,34.412872,99.08,0.081,2
-119.845348,34.412872,98.97,0.071,2
-119.845036,34.412872,98.83,0.069,2
-119.844724,34.412872,98.7,0.075,2
-119.844412,34.412872,98.51,0.113,2
-119.8441,34.412872,98.24,0.188,2
-119.843788,34.412872,98.18,0.181,2
-119.843476,34.412872,97.87,0.138,2
-119.843163,34.412872,97.53,0.307,2
-119.842851,34.412872,97.22,0.292,2
-119.842539,34.412872,96.87,0.248,2
-119.842227,34.412872,96.42,0.193,2
-119.841915,34.412872,95.81,0.221,2
-119.841603,34.412872,94.86,0.256,2
-119.841291,34.412872,93,0.29,2
-119.840978,34.412872,88.65,0.245,2
-119.840666,34.412872,84.59,0.107,2
-119.840354,34.412872,81.33,-0.127,2
-119.840042,34.412872,77.46,-0.306,2
-119.83973,34.412872,73.87,-0.341,2
-119.839418,34.412872,71.44,-0.313,2
-119.839106,34.412872,69.88,-0.287,2
-119.838793,34.412872,69.01,-0.299,2
-119.838481,34.412872,68.66,-0.315,2
-119.838169,34.412872,68.49,-0.354,2
-119.837857,34.412872,68.28,-0.419,2
-119.837545,34.412872,68.08,-0.106,2
-119.837233,34.412872,67.94,-0.069,2
-119.836921,34.412872,67.9,-0.123,2
-119.836608,34.412872,67.9,-0.178,2
-119.836296,34.412872,67.9,-0.053,2
-119.835984,34.412872,67.85,-0.033,2
-119.835672,34.412872,67.77,0.055,2
-119.83536,34.412872,67.69,0.082,2
-119.835048,34.412872,67.62,0.061,2
-119.834736,34.412872,67.6,0.05,2
-119.834423,34.412872,67.6,0.03,2
-119.834111,34.412872,67.6,0.014,2
-119.833799,34.412872,67.56,0.003,2
-119.833487,34.412872,67.49,0.005,2
-119.833175,34.412872,67.45,0.011,2
-119.869383,34.412559,95.74,0.501,2
-119.869071,34.412559,96.66,0.469,2
-119.868759,34.412559,98.11,0.393,2
-119.868447,34.412559,99.02,0.338,2
-119.868135,34.412559,99.67,0.316,2
-119.867823,34.412559,100.3,0.296,2
-119.86751,34.412559,100.77,0.343,2
-119.867198,34.412559,101.26,0.374,2
-119.866886,34.412559,101.85,0.347,2
-119.866574,34.412559,102.54,0.378,2
-119.866262,34.412559,103.38,0.32,2
-119.86595,34.412559,104.36,0.322,2
-119.865638,34.412559,104.82,0.321,2
-119.865325,34.412559,104.79,0.266,2
-119.865013,34.412559,104.05,0.294,2
-119.864701,34.412559,102.93,0.321,2
-119.864389,34.412559,101.57,0.245,2
-119.864077,34.412559,100.44,0.34,2
-119.863765,34.412559,99.83,0.489,2
-119.863453,34.412559,99.61,0.529,2
-119.86314,34.412559,99.77,0.423,2
-119.862828,34.412559,100.53,0.289,2
-119.862516,34.412559,101.72,0.286,2
-119.862204,34.412559,102.86,0.309,2
-119.861892,34.412559,103.54,0.267,2
-119.86158,34.412559,103.84,0.243,2
-119.861268,34.412559,103.99,0.254,2
-119.860955,34.412559,104.07,0.269,2
-119.860643,34.412559,104.14,0.305,2
-119.860331,34.412559,104.19,0.306,2
-119.860019,34.412559,104.23,0.234,2
-119.859707,34.412559,104.3,0.242,2
-119.859395,34.412559,104.44,0.26,2
-119.859083,34.412559,104.85,0.263,2
-119.85877,34.412559,105.43,0.294,2
-119.858458,34.412559,105.67,0.229,2
-119.858146,34.412559,105.21,0.238,2
-119.857834,34.412559,104.24,0.183,2
-119.857522,34.412559,103,0.149,2
-119.85721,34.412559,101.31,0.176,2
-119.856898,34.412559,99.34,0.419,2
-119.856585,34.412559,97.88,0.567,2
-119.856273,34.412559,97.5,0.607,2
-119.855961,34.412559,97.94,0.551,2
-119.855649,34.412559,99.09,0.458,2
-119.855337,34.412559,100.5,0.237,2
-119.855025,34.412559,101.48,0.142,2
-119.854713,34.412559,102.14,0.193,2
-119.8544,34.412559,102.61,0.22,2
-119.854088,34.412559,102.59,0.233,2
-119.853776,34.412559,101.94,0.295,2
-119.853464,34.412559,100.86,0.366,2
-119.853152,34.412559,99.82,0.302,2
-119.85284,34.412559,99.16,0.167,2
-119.852528,34.412559,98.92,0.184,2
-119.852215,34.412559,98.79,0.324,2
-119.851903,34.412559,98.65,0.474,2
-119.851591,34.412559,98.48,0.334,2
-119.851279,34.412559,98.32,0.205,2
-119.850967,34.412559,98.42,0.175,2
-119.850655,34.412559,98.29,0.181,2
-119.850343,34.412559,98.06,0.232,2
-119.850031,34.412559,97.68,0.239,2
-119.849718,34.412559,97.52,0.156,2
-119.849406,34.412559,97.49,0.149,2
-119.849094,34.412559,97.59,0.229,2
-119.848782,34.412559,97.84,0.31,2
-119.84847,34.412559,97.83,0.273,2
-119.848158,34.412559,97.85,0.234,2
-119.847846,34.412559,97.88,0.235,2
-119.847533,34.412559,97.93,0.228,2
-119.847221,34.412559,98.19,0.223,2
-119.846909,34.412559,98.71,0.219,2
-119.846597,34.412559,99.24,0.194,2
-119.846285,34.412559,99.44,0.145,2
-119.845973,34.412559,99.19,0.071,2
-119.845661,34.412559,98.68,0.031,2
-119.845348,34.412559,98.21,0.03,2
-119.845036,34.412559,97.9,0.05,2
-119.844724,34.412559,97.73,0.101,2
-119.844412,34.412559,97.46,0.148,2
-119.8441,34.412559,97.2,0.235,2
-119.843788,34.412559,97.13,0.381,2
-119.843476,34.412559,96.83,0.321,2
-119.843163,34.412559,96.53,0.33,2
-119.842851,34.412559,96.42,0.359,2
-119.842539,34.412559,96.27,0.236,2
-119.842227,34.412559,95.93,0.153,2
-119.841915,34.412559,95.22,0.215,2
-119.841603,34.412559,93.86,0.231,2
-119.841291,34.412559,91.11,0.21,2
-119.840978,34.412559,85.34,0.149,2
-119.840666,34.412559,80.26,-0.113,2
-119.840354,34.412559,76.94,-0.335,2
-119.840042,34.412559,73.86,-0.385,2
-119.83973,34.412559,71.32,-0.393,2
-119.839418,34.412559,69.78,-0.349,2
-119.839106,34.412559,68.99,-0.276,2
-119.838793,34.412559,68.53,-0.257,2
-119.838481,34.412559,68.28,-0.262,2
-119.838169,34.412559,68.16,-0.274,2
-119.837857,34.412559,68.02,-0.263,2
-119.837545,34.412559,67.88,0.144,2
-119.837233,34.412559,67.79,0.165,2
-119.836921,34.412559,67.77,-0.119,2
-119.836608,34.412559,67.79,-0.015,2
-119.836296,34.412559,67.8,0.054,2
-119.835984,34.412559,67.76,0.169,2
-119.835672,34.412559,67.69,0.037,2
-119.83536,34.412559,67.62,0.037,2
-119.835048,34.412559,67.57,0.188,2
-119.834736,34.412559,67.55,0.119,2
-119.834423,34.412559,67.54,0.041,2
-119.834111,34.412559,67.51,0.021,2
-119.833799,34.412559,67.46,0.025,2
-119.869383,34.412247,97.5,0.352,2
-119.869071,34.412247,98.47,0.368,2
-119.868759,34.412247,100.03,0.369,2
-119.868447,34.412247,100.85,0.328,2
-119.868135,34.412247,101.38,0.286,2
-119.867823,34.412247,101.91,0.285,2
-119.86751,34.412247,102.18,0.379,2
-119.867198,34.412247,102.42,0.411,2
-119.866886,34.412247,102.7,0.384,2
-119.866574,34.412247,103.07,0.394,2
-119.866262,34.412247,103.59,0.265,2
-119.86595,34.412247,104.39,0.251,2
-119.865638,34.412247,104.87,0.279,2
-119.865325,34.412247,105.02,0.263,2
-119.865013,34.412247,104.4,0.299,2
-119.864701,34.412247,103.38,0.379,2
-119.864389,34.412247,102.19,0.322,2
-119.864077,34.412247,101.34,0.376,2
-119.863765,34.412247,100.87,0.592,2
-119.863453,34.412247,100.61,0.655,2
-119.86314,34.412247,100.64,0.577,2
-119.862828,34.412247,101.29,0.389,2
-119.862516,34.412247,102.38,0.285,2
-119.862204,34.412247,103.36,0.336,2
-119.861892,34.412247,103.88,0.395,2
-119.86158,34.412247,104.06,0.374,2
-119.861268,34.412247,104.13,0.319,2
-119.860955,34.412247,104.2,0.304,2
-119.860643,34.412247,104.32,0.345,2
-119.860331,34.412247,104.48,0.335,2
-119.860019,34.412247,104.63,0.223,2
-119.859707,34.412247,104.8,0.224,2
-119.859395,34.412247,105.04,0.341,2
-119.859083,34.412247,105.48,0.326,2
-119.85877,34.412247,106.01,0.249,2
-119.858458,34.412247,106.2,0.17,2
-119.858146,34.412247,105.76,0.176,2
-119.857834,34.412247,104.85,0.151,2
-119.857522,34.412247,103.57,0.13,2
-119.85721,34.412247,101.61,0.239,2
-119.856898,34.412247,99.23,0.523,2
-119.856585,34.412247,97.44,0.637,2
-119.856273,34.412247,96.82,0.596,2
-119.855961,34.412247,97.29,0.408,2
-119.855649,34.412247,98.53,0.29,2
-119.855337,34.412247,100.05,0.175,2
-119.855025,34.412247,101.25,0.101,2
-119.854713,34.412247,102.16,0.13,2
-119.8544,34.412247,102.87,0.156,2
-119.854088,34.412247,102.98,0.158,2
-119.853776,34.412247,102.3,0.232,2
-119.853464,34.412247,101.08,0.328,2
-119.853152,34.412247,99.95,0.283,2
-119.85284,34.412247,99.33,0.27,2
-119.852528,34.412247,99.12,0.253,2
-119.852215,34.412247,98.95,0.331,2
-119.851903,34.412247,98.71,0.323,2
-119.851591,34.412247,98.42,0.153,2
-119.851279,34.412247,98.13,0.154,2
-119.850967,34.412247,98.08,0.303,2
-119.850655,34.412247,97.8,0.49,2
-119.850343,34.412247,97.44,0.392,2
-119.850031,34.412247,96.86,0.344,2
-119.849718,34.412247,96.51,0.306,2
-119.849406,34.412247,96.36,0.253,2
-119.849094,34.412247,96.78,0.246,2
-119.848782,34.412247,97.03,0.244,2
-119.84847,34.412247,97.14,0.175,2
-119.848158,34.412247,97.41,0.155,2
-119.847846,34.412247,97.76,0.182,2
-119.847533,34.412247,98.18,0.18,2
-119.847221,34.412247,98.75,0.159,2
-119.846909,34.412247,99.37,0.165,2
-119.846597,34.412247,99.8,0.186,2
-119.846285,34.412247,99.82,0.165,2
-119.845973,34.412247,99.39,0.115,2
-119.845661,34.412247,98.63,0.106,2
-119.845348,34.412247,97.88,0.132,2
-119.845036,34.412247,97.41,0.12,2
-119.844724,34.412247,97.23,0.148,2
-119.844412,34.412247,96.95,0.156,2
-119.8441,34.412247,96.6,0.23,2
-119.843788,34.412247,96.4,0.495,2
-119.843476,34.412247,95.96,0.545,2
-119.843163,34.412247,95.58,0.364,2
-119.842851,34.412247,95.57,0.343,2
-119.842539,34.412247,95.63,0.188,2
-119.842227,34.412247,95.42,0.132,2
-119.841915,34.412247,94.31,0.207,2
-119.841603,34.412247,92.05,0.213,2
-119.841291,34.412247,88.21,0.149,2
-119.840978,34.412247,82.12,-0.03,2
-119.840666,34.412247,77.19,-0.279,2
-119.840354,34.412247,74.31,-0.388,2
-119.840042,34.412247,71.81,-0.321,2
-119.83973,34.412247,69.85,-0.333,2
-119.839418,34.412247,68.77,-0.401,2
-119.839106,34.412247,68.38,-0.283,2
-119.838793,34.412247,68.24,-0.254,2
-119.838481,34.412247,68.11,-0.277,2
-119.838169,34.412247,68.01,-0.297,2
-119.837857,34.412247,67.89,0.047,2
-119.837545,34.412247,67.77,0.169,2
-119.837233,34.412247,67.69,0.087,2
-119.836921,34.412247,67.67,-0.081,2
-119.836608,34.412247,67.67,0.065,2
-119.836296,34.412247,67.67,0.138,2
-119.835984,34.412247,67.63,0.105,2
-119.835672,34.412247,67.57,0.095,2
-119.83536,34.412247,67.52,-0.012,2
-119.835048,34.412247,67.48,0.193,2
-119.834736,34.412247,67.46,0.143,2
-119.834423,34.412247,67.45,0.037,2
-119.834111,34.412247,67.42,0.027,2
-119.869071,34.411935,99.95,0.36,2
-119.868759,34.411935,101.39,0.395,2
-119.868447,34.411935,102.04,0.319,2
-119.868135,34.411935,102.47,0.277,2
-119.867823,34.411935,102.95,0.283,2
-119.86751,34.411935,103.18,0.372,2
-119.867198,34.411935,103.39,0.415,2
-119.866886,34.411935,103.59,0.348,2
-119.866574,34.411935,103.82,0.321,2
-119.866262,34.411935,104.16,0.309,2
-119.86595,34.411935,104.79,0.266,2
-119.865638,34.411935,105.12,0.249,2
-119.865325,34.411935,105.32,0.305,2
-119.865013,34.411935,104.81,0.277,2
-119.864701,34.411935,103.87,0.312,2
-119.864389,34.411935,102.9,0.33,2
-119.864077,34.411935,102.36,0.324,2
-119.863765,34.411935,102.13,0.397,2
-119.863453,34.411935,101.98,0.405,2
-119.86314,34.411935,102.06,0.349,2
-119.862828,34.411935,102.6,0.275,2
-119.862516,34.411935,103.43,0.264,2
-119.862204,34.411935,104.07,0.327,2
-119.861892,34.411935,104.33,0.37,2
-119.86158,34.411935,104.35,0.364,2
-119.861268,34.411935,104.29,0.33,2
-119.860955,34.411935,104.32,0.317,2
-119.860643,34.411935,104.48,0.359,2
-119.860331,34.411935,104.71,0.274,2
-119.860019,34.411935,104.96,0.268,2
-119.859707,34.411935,105.24,0.306,2
-119.859395,34.411935,105.51,0.33,2
-119.859083,34.411935,105.85,0.289,2
-119.85877,34.411935,106.23,0.221,2
-119.858458,34.411935,106.34,0.146,2
-119.858146,34.411935,105.89,0.132,2
-119.857834,34.411935,105.01,0.12,2
-119.857522,34.411935,103.7,0.136,2
-119.85721,34.411935,101.66,0.219,2
-119.856898,34.411935,99.17,0.44,2
-119.856585,34.411935,97.38,0.467,2
-119.856273,34.411935,96.85,0.468,2
-119.855961,34.411935,97.42,0.305,2
-119.855649,34.411935,98.6,0.208,2
-119.855337,34.411935,100.06,0.176,2
-119.855025,34.411935,101.44,0.143,2
-119.854713,34.411935,102.54,0.139,2
-119.8544,34.411935,103.15,0.154,2
-119.854088,34.411935,102.95,0.19,2
-119.853776,34.411935,102.06,0.246,2
-119.853464,34.411935,100.77,0.333,2
-119.853152,34.411935,99.65,0.226,2
-119.85284,34.411935,98.98,0.146,2
-119.852528,34.411935,98.69,0.133,2
-119.852215,34.411935,98.46,0.182,2
-119.851903,34.411935,98.21,0.261,2
-119.851591,34.411935,97.93,0.247,2
-119.851279,34.411935,97.61,0.3,2
-119.850967,34.411935,97.49,0.552,2
-119.850655,34.411935,97.11,0.535,2
-119.850343,34.411935,96.56,0.335,2
-119.850031,34.411935,95.8,0.351,2
-119.849718,34.411935,95.27,0.361,2
-119.849406,34.411935,94.99,0.288,2
-119.849094,34.411935,95.31,0.262,2
-119.848782,34.411935,95.61,0.21,2
-119.84847,34.411935,95.99,0.162,2
-119.848158,34.411935,96.6,0.142,2
-119.847846,34.411935,97.23,0.164,2
-119.847533,34.411935,97.92,0.198,2
-119.847221,34.411935,98.76,0.201,2
-119.846909,34.411935,99.53,0.241,2
-119.846597,34.411935,100.01,0.302,2
-119.846285,34.411935,99.99,0.256,2
-119.845973,34.411935,99.46,0.184,2
-119.845661,34.411935,98.57,0.287,2
-119.845348,34.411935,97.77,0.274,2
-119.845036,34.411935,97.34,0.214,2
-119.844724,34.411935,97.23,0.191,2
-119.844412,34.411935,96.98,0.173,2
-119.8441,34.411935,96.56,0.118,2
-119.843788,34.411935,96.23,0.207,2
-119.843476,34.411935,95.65,0.253,2
-119.843163,34.411935,95.12,0.241,2
-119.842851,34.411935,95.08,0.157,2
-119.842539,34.411935,95.11,0.097,2
-119.842227,34.411935,94.83,0.116,2
-119.841915,34.411935,91.35,0.224,2
-119.841603,34.411935,87.35,0.221,2
-119.841291,34.411935,82.88,0.071,2
-119.840978,34.411935,78.27,-0.187,2
-119.840666,34.411935,74.79,-0.352,2
-119.840354,34.411935,72.32,-0.371,2
-119.840042,34.411935,70.4,-0.326,2
-119.83973,34.411935,69.07,-0.3,2
-119.839418,34.411935,68.29,-0.366,2
-119.839106,34.411935,67.99,-0.316,2
-119.838793,34.411935,67.98,-0.273,2
-119.838481,34.411935,67.92,-0.24,2
-119.838169,34.411935,67.86,-0.128,2
-119.837857,34.411935,67.79,0.303,2
-119.837545,34.411935,67.7,-0.049,2
-119.837233,34.411935,67.63,-0.101,2
-119.836921,34.411935,67.59,0.026,2
-119.836608,34.411935,67.57,0.099,2
-119.836296,34.411935,67.55,0.253,2
-119.835984,34.411935,67.49,0.006,2
-119.835672,34.411935,67.43,0.178,2
-119.83536,34.411935,67.38,0.139,2
-119.835048,34.411935,67.35,0.128,2
-119.834736,34.411935,67.34,0.11,2
-119.834423,34.411935,67.34,0.063,2
-119.869071,34.411623,100.96,0.363,2
-119.868759,34.411623,102.19,0.335,2
-119.868447,34.411623,102.71,0.315,2
-119.868135,34.411623,103.1,0.356,2
-119.867823,34.411623,103.59,0.374,2
-119.86751,34.411623,103.9,0.332,2
-119.867198,34.411623,104.21,0.276,2
-119.866886,34.411623,104.47,0.26,2
-119.866574,34.411623,104.69,0.268,2
-119.866262,34.411623,104.92,0.298,2
-119.86595,34.411623,105.4,0.251,2
-119.865638,34.411623,105.56,0.225,2
-119.865325,34.411623,105.62,0.271,2
-119.865013,34.411623,105.07,0.287,2
-119.864701,34.411623,104.37,0.239,2
-119.864389,34.411623,103.71,0.263,2
-119.864077,34.411623,103.39,0.258,2
-119.863765,34.411623,103.28,0.282,2
-119.863453,34.411623,103.26,0.243,2
-119.86314,34.411623,103.45,0.195,2
-119.862828,34.411623,103.91,0.181,2
-119.862516,34.411623,104.44,0.203,2
-119.862204,34.411623,104.76,0.23,2
-119.861892,34.411623,104.81,0.231,2
-119.86158,34.411623,104.69,0.232,2
-119.861268,34.411623,104.48,0.225,2
-119.860955,34.411623,104.4,0.193,2
-119.860643,34.411623,104.49,0.216,2
-119.860331,34.411623,104.7,0.255,2
-119.860019,34.411623,104.98,0.397,2
-119.859707,34.411623,105.32,0.296,2
-119.859395,34.411623,105.64,0.26,2
-119.859083,34.411623,105.95,0.233,2
-119.85877,34.411623,106.23,0.201,2
-119.858458,34.411623,106.2,0.158,2
-119.858146,34.411623,105.71,0.153,2
-119.857834,34.411623,104.9,0.143,2
-119.857522,34.411623,103.67,0.196,2
-119.85721,34.411623,101.89,0.24,2
-119.856898,34.411623,99.84,0.221,2
-119.856585,34.411623,98.32,0.203,2
-119.856273,34.411623,97.93,0.322,2
-119.855961,34.411623,98.39,0.513,2
-119.855649,34.411623,99.25,0.491,2
-119.855337,34.411623,100.5,0.272,2
-119.855025,34.411623,101.89,0.122,2
-119.854713,34.411623,102.99,0.11,2
-119.8544,34.411623,103.42,0.144,2
-119.854088,34.411623,102.94,0.181,2
-119.853776,34.411623,101.84,0.235,2
-119.853464,34.411623,100.37,0.31,2
-119.853152,34.411623,99.09,0.245,2
-119.85284,34.411623,98.25,0.167,2
-119.852528,34.411623,97.72,0.179,2
-119.852215,34.411623,97.31,0.218,2
-119.851903,34.411623,97.04,0.4,2
-119.851591,34.411623,96.78,0.446,2
-119.851279,34.411623,96.47,0.462,2
-119.850967,34.411623,96.33,0.52,2
-119.850655,34.411623,95.81,0.496,2
-119.850343,34.411623,95.02,0.341,2
-119.850031,34.411623,94.09,0.27,2
-119.849718,34.411623,93.49,0.23,2
-119.849406,34.411623,93.2,0.288,2
-119.849094,34.411623,93.5,0.367,2
-119.848782,34.411623,93.88,0.236,2
-119.84847,34.411623,94.42,0.117,2
-119.848158,34.411623,95.21,0.103,2
-119.847846,34.411623,96.09,0.093,2
-119.847533,34.411623,97.08,0.105,2
-119.847221,34.411623,98.16,0.137,2
-119.846909,34.411623,99.12,0.167,2
-119.846597,34.411623,99.68,0.204,2
-119.846285,34.411623,99.77,0.275,2
-119.845973,34.411623,99.35,0.391,2
-119.845661,34.411623,98.58,0.514,2
-119.845348,34.411623,97.92,0.482,2
-119.845036,34.411623,97.61,0.447,2
-119.844724,34.411623,97.58,0.41,2
-119.844412,34.411623,97.35,0.26,2
-119.8441,34.411623,96.87,0.156,2
-119.843788,34.411623,96.45,0.277,2
-119.843476,34.411623,95.78,0.304,2
-119.843163,34.411623,95.14,0.319,2
-119.842851,34.411623,94.86,0.324,2
-119.842539,34.411623,94.58,0.328,2
-119.842227,34.411623,94,0.321,2
-119.841915,34.411623,90.19,0.273,2
-119.841603,34.411623,85.38,0.175,2
-119.841291,34.411623,80.5,-0.037,2
-119.840978,34.411623,76.04,-0.264,2
-119.840666,34.411623,73.01,-0.347,2
-119.840354,34.411623,71.02,-0.383,2
-119.840042,34.411623,69.58,-0.387,2
-119.83973,34.411623,68.73,-0.322,2
-119.839418,34.411623,68.26,-0.391,2
-119.839106,34.411623,67.97,-0.392,2
-119.838793,34.411623,67.81,-0.227,2
-119.838481,34.411623,67.75,-0.022,2
-119.838169,34.411623,67.72,0.056,2
-119.837857,34.411623,67.68,-0.026,2
-119.837545,34.411623,67.63,-0.22,2
-119.837233,34.411623,67.58,-0.105,2
-119.836921,34.411623,67.55,0.184,2
-119.836608,34.411623,67.51,0.18,2
-119.836296,34.411623,67.46,0.062,2
-119.835984,34.411623,67.4,-0.033,2
-119.835672,34.411623,67.32,0.115,2
-119.83536,34.411623,67.26,0.144,2
-119.835048,34.411623,67.22,0.258,2
-119.834736,34.411623,67.22,0.216,2
-119.869071,34.411311,101.29,0.35,2
-119.868759,34.411311,102.36,0.362,2
-119.868447,34.411311,102.84,0.333,2
-119.868135,34.411311,103.22,0.336,2
-119.867823,34.411311,103.72,0.353,2
-119.86751,34.411311,104.1,0.332,2
-119.867198,34.411311,104.54,0.283,2
-119.866886,34.411311,104.89,0.267,2
-119.866574,34.411311,105.16,0.239,2
-119.866262,34.411311,105.35,0.237,2
-119.86595,34.411311,105.71,0.261,2
-119.865638,34.411311,105.84,0.288,2
-119.865325,34.411311,105.88,0.271,2
-119.865013,34.411311,105.41,0.248,2
-119.864701,34.411311,104.96,0.21,2
-119.864389,34.411311,104.55,0.237,2
-119.864077,34.411311,104.29,0.222,2
-119.863765,34.411311,104.15,0.227,2
-119.863453,34.411311,104.12,0.199,2
-119.86314,34.411311,104.27,0.152,2
-119.862828,34.411311,104.62,0.168,2
-119.862516,34.411311,104.95,0.204,2
-119.862204,34.411311,105.07,0.233,2
-119.861892,34.411311,105.01,0.262,2
-119.86158,34.411311,104.82,0.229,2
-119.861268,34.411311,104.55,0.19,2
-119.860955,34.411311,104.35,0.173,2
-119.860643,34.411311,104.32,0.167,2
-119.860331,34.411311,104.42,0.319,2
-119.860019,34.411311,104.62,0.49,2
-119.859707,34.411311,105.02,0.325,2
-119.859395,34.411311,105.44,0.32,2
-119.859083,34.411311,105.79,0.283,2
-119.85877,34.411311,106.02,0.184,2
-119.858458,34.411311,105.94,0.133,2
-119.858146,34.411311,105.45,0.12,2
-119.857834,34.411311,104.71,0.136,2
-119.857522,34.411311,103.68,0.164,2
-119.85721,34.411311,102.32,0.238,2
-119.856898,34.411311,100.85,0.236,2
-119.856585,34.411311,99.67,0.282,2
-119.856273,34.411311,99.13,0.44,2
-119.855961,34.411311,99.32,0.557,2
-119.855649,34.411311,100.03,0.452,2
-119.855337,34.411311,101.23,0.23,2
-119.855025,34.411311,102.63,0.116,2
-119.854713,34.411311,103.62,0.132,2
-119.8544,34.411311,103.92,0.157,2
-119.854088,34.411311,103.34,0.156,2
-119.853776,34.411311,101.96,0.195,2
-119.853464,34.411311,100.17,0.267,2
-119.853152,34.411311,98.59,0.303,2
-119.85284,34.411311,97.49,0.206,2
-119.852528,34.411311,96.63,0.322,2
-119.852215,34.411311,95.95,0.297,2
-119.851903,34.411311,95.59,0.374,2
-119.851591,34.411311,95.34,0.447,2
-119.851279,34.411311,95,0.423,2
-119.850967,34.411311,94.69,0.37,2
-119.850655,34.411311,93.8,0.343,2
-119.850343,34.411311,92.58,0.292,2
-119.850031,34.411311,91.47,0.233,2
-119.849718,34.411311,90.9,0.243,2
-119.849406,34.411311,90.75,0.286,2
-119.849094,34.411311,91.22,0.363,2
-119.848782,34.411311,91.81,0.301,2
-119.84847,34.411311,92.47,0.229,2
-119.848158,34.411311,93.38,0.271,2
-119.847846,34.411311,94.42,0.246,2
-119.847533,34.411311,95.6,0.161,2
-119.847221,34.411311,96.86,0.151,2
-119.846909,34.411311,98.11,0.152,2
-119.846597,34.411311,99.01,0.215,2
-119.846285,34.411311,99.4,0.367,2
-119.845973,34.411311,99.4,0.477,2
-119.845661,34.411311,98.97,0.503,2
-119.845348,34.411311,98.48,0.386,2
-119.845036,34.411311,98.15,0.395,2
-119.844724,34.411311,98.03,0.513,2
-119.844412,34.411311,97.75,0.232,2
-119.8441,34.411311,97.23,0.158,2
-119.843788,34.411311,96.72,0.454,2
-119.843476,34.411311,95.99,0.544,2
-119.843163,34.411311,95.23,0.453,2
-119.842851,34.411311,94.63,0.401,2
-119.842539,34.411311,93.95,0.512,2
-119.842227,34.411311,92.96,0.508,2
-119.841915,34.411311,88.74,0.295,2
-119.841603,34.411311,83.35,0.086,2
-119.841291,34.411311,78.45,-0.14,2
-119.840978,34.411311,74.41,-0.301,2
-119.840666,34.411311,71.8,-0.329,2
-119.840354,34.411311,70.1,-0.383,2
-119.840042,34.411311,68.99,-0.407,2
-119.83973,34.411311,68.41,-0.334,2
-119.839418,34.411311,68.06,-0.351,2
-119.839106,34.411311,67.8,-0.315,2
-119.838793,34.411311,67.66,-0.175,2
-119.838481,34.411311,67.62,0.027,2
-119.838169,34.411311,67.6,-0.017,2
-119.837857,34.411311,67.58,-0.179,2
-119.837545,34.411311,67.56,-0.087,2
-119.837233,34.411311,67.54,-0.045,2
-119.836921,34.411311,67.52,0.043,2
-119.836608,34.411311,67.48,0.101,2
-119.836296,34.411311,67.42,0.308,2
-119.835984,34.411311,67.34,0.055,2
-119.835672,34.411311,67.24,0.106,2
-119.83536,34.411311,67.17,0.148,2
-119.835048,34.411311,67.13,0.26,2
-119.869071,34.410999,101.24,0.369,2
-119.868759,34.410999,102.25,0.406,2
-119.868447,34.410999,102.76,0.352,2
-119.868135,34.410999,103.18,0.37,2
-119.867823,34.410999,103.72,0.385,2
-119.86751,34.410999,104.12,0.365,2
-119.867198,34.410999,104.58,0.374,2
-119.866886,34.410999,105.01,0.311,2
-119.866574,34.410999,105.39,0.26,2
-119.866262,34.410999,105.65,0.242,2
-119.86595,34.410999,105.92,0.303,2
-119.865638,34.410999,106.07,0.286,2
-119.865325,34.410999,106.14,0.308,2
-119.865013,34.410999,105.89,0.334,2
-119.864701,34.410999,105.68,0.259,2
-119.864389,34.410999,105.44,0.211,2
-119.864077,34.410999,105.2,0.205,2
-119.863765,34.410999,105,0.221,2
-119.863453,34.410999,104.9,0.229,2
-119.86314,34.410999,105.04,0.241,2
-119.862828,34.410999,105.3,0.265,2
-119.862516,34.410999,105.5,0.254,2
-119.862204,34.410999,105.63,0.243,2
-119.861892,34.410999,105.61,0.273,2
-119.86158,34.410999,105.41,0.272,2
-119.861268,34.410999,105.14,0.258,2
-119.860955,34.410999,104.75,0.246,2
-119.860643,34.410999,104.1,0.304,2
-119.860331,34.410999,104.03,0.331,2
-119.860019,34.410999,104.13,0.273,2
-119.859707,34.410999,104.55,0.24,2
-119.859395,34.410999,105.15,0.288,2
-119.859083,34.410999,105.59,0.312,2
-119.85877,34.410999,105.81,0.192,2
-119.858458,34.410999,105.76,0.143,2
-119.858146,34.410999,105.43,0.148,2
-119.857834,34.410999,104.88,0.154,2
-119.857522,34.410999,104.05,0.192,2
-119.85721,34.410999,102.95,0.206,2
-119.856898,34.410999,101.83,0.297,2
-119.856585,34.410999,100.94,0.382,2
-119.856273,34.410999,100.49,0.46,2
-119.855961,34.410999,100.59,0.419,2
-119.855649,34.410999,101.21,0.238,2
-119.855337,34.410999,102.42,0.12,2
-119.855025,34.410999,103.9,0.131,2
-119.854713,34.410999,104.83,0.159,2
-119.8544,34.410999,104.84,0.175,2
-119.854088,34.410999,103.89,0.188,2
-119.853776,34.410999,102.14,0.215,2
-119.853464,34.410999,100.18,0.299,2
-119.853152,34.410999,98.47,0.357,2
-119.85284,34.410999,97.38,0.217,2
-119.852528,34.410999,96.23,0.38,2
-119.852215,34.410999,95.35,0.292,2
-119.851903,34.410999,94.94,0.264,2
-119.851591,34.410999,94.69,0.445,2
-119.851279,34.410999,94.24,0.504,2
-119.850967,34.410999,93.1,0.388,2
-119.850655,34.410999,91.52,0.376,2
-119.850343,34.410999,89.77,0.32,2
-119.850031,34.410999,86.73,0.153,2
-119.849718,34.410999,85.38,0.137,2
-119.849406,34.410999,85.26,0.134,2
-119.849094,34.410999,87.03,0.169,2
-119.848782,34.410999,88.77,0.299,2
-119.84847,34.410999,89.68,0.46,2
-119.848158,34.410999,90.79,0.532,2
-119.847846,34.410999,92.02,0.48,2
-119.847533,34.410999,93.49,0.392,2
-119.847221,34.410999,95.08,0.28,2
-119.846909,34.410999,96.61,0.163,2
-119.846597,34.410999,97.9,0.229,2
-119.846285,34.410999,98.77,0.308,2
-119.845973,34.410999,99.21,0.257,2
-119.845661,34.410999,99.26,0.15,2
-119.845348,34.410999,99.04,0.209,2
-119.845036,34.410999,98.76,0.349,2
-119.844724,34.410999,98.6,0.458,2
-119.844412,34.410999,98.23,0.225,2
-119.8441,34.410999,97.66,0.212,2
-119.843788,34.410999,97.05,0.412,2
-119.843476,34.410999,96.2,0.435,2
-119.843163,34.410999,95.3,0.329,2
-119.842851,34.410999,93.15,0.327,2
-119.842539,34.410999,91.48,0.44,2
-119.842227,34.410999,89.95,0.402,2
-119.841915,34.410999,86.39,0.233,2
-119.841603,34.410999,81.5,0.004,2
-119.841291,34.410999,76.81,-0.21,2
-119.840978,34.410999,73.24,-0.308,2
-119.840666,34.410999,70.95,-0.368,2
-119.840354,34.410999,69.41,-0.459,2
-119.840042,34.410999,68.51,-0.425,2
-119.83973,34.410999,68.09,-0.239,2
-119.839418,34.410999,67.82,-0.216,2
-119.839106,34.410999,67.64,-0.196,2
-119.838793,34.410999,67.55,-0.154,2
-119.838481,34.410999,67.52,0.031,2
-119.838169,34.410999,67.49,-0.037,2
-119.837857,34.410999,67.47,-0.209,2
-119.837545,34.410999,67.47,-0.096,2
-119.837233,34.410999,67.47,0.069,2
-119.836921,34.410999,67.46,-0.004,2
-119.836608,34.410999,67.44,0.123,2
-119.836296,34.410999,67.38,-0.017,2
-119.835984,34.410999,67.28,0.009,2
-119.835672,34.410999,67.18,0.135,2
-119.83536,34.410999,67.11,0.146,2
-119.869071,34.410687,101.06,0.41,2
-119.868759,34.410687,102,0.425,2
-119.868447,34.410687,102.49,0.384,2
-119.868135,34.410687,102.93,0.398,2
-119.867823,34.410687,103.46,0.422,2
-119.86751,34.410687,103.75,0.479,2
-119.867198,34.410687,104.13,0.473,2
-119.866886,34.410687,104.61,0.341,2
-119.866574,34.410687,105.12,0.258,2
-119.866262,34.410687,105.57,0.262,2
-119.86595,34.410687,105.91,0.272,2
-119.865638,34.410687,106.17,0.226,2
-119.865325,34.410687,106.3,0.286,2
-119.865013,34.410687,106.1,0.326,2
-119.864701,34.410687,105.91,0.251,2
-119.864389,34.410687,105.62,0.164,2
-119.864077,34.410687,105.28,0.165,2
-119.863765,34.410687,104.98,0.187,2
-119.863453,34.410687,104.75,0.206,2
-119.86314,34.410687,104.75,0.248,2
-119.862828,34.410687,104.88,0.271,2
-119.862516,34.410687,104.99,0.261,2
-119.862204,34.410687,105.18,0.249,2
-119.861892,34.410687,105.36,0.248,2
-119.86158,34.410687,105.44,0.259,2
-119.861268,34.410687,105.33,0.21,2
-119.860955,34.410687,105.04,0.202,2
-119.860643,34.410687,104.79,0.341,2
-119.860331,34.410687,104.51,0.374,2
-119.860019,34.410687,104.49,0.263,2
-119.859707,34.410687,104.44,0.223,2
-119.859395,34.410687,105.01,0.298,2
-119.859083,34.410687,105.37,0.304,2
-119.85877,34.410687,105.55,0.195,2
-119.858458,34.410687,105.56,0.142,2
-119.858146,34.410687,105.41,0.131,2
-119.857834,34.410687,105.11,0.169,2
-119.857522,34.410687,104.54,0.219,2
-119.85721,34.410687,103.71,0.246,2
-119.856898,34.410687,102.9,0.471,2
-119.856585,34.410687,102.34,0.561,2
-119.856273,34.410687,102.08,0.364,2
-119.855961,34.410687,102.17,0.174,2
-119.855649,34.410687,102.72,0.095,2
-119.855337,34.410687,103.85,0.067,2
-119.855025,34.410687,105.18,0.108,2
-119.854713,34.410687,105.81,0.138,2
-119.8544,34.410687,105.49,0.119,2
-119.854088,34.410687,104.17,0.138,2
-119.853776,34.410687,102.13,0.198,2
-119.853464,34.410687,100.12,0.294,2
-119.853152,34.410687,98.35,0.359,2
-119.85284,34.410687,97.17,0.407,2
-119.852528,34.410687,95.75,0.471,2
-119.852215,34.410687,94.75,0.361,2
-119.851903,34.410687,94.27,0.283,2
-119.851591,34.410687,93.94,0.378,2
-119.851279,34.410687,93.26,0.583,2
-119.850967,34.410687,91.57,0.547,2
-119.850655,34.410687,89.41,0.397,2
-119.850343,34.410687,86.54,0.23,2
-119.850031,34.410687,83.86,0.089,2
-119.849718,34.410687,83.24,0.082,2
-119.849406,34.410687,83.54,0.138,2
-119.849094,34.410687,83.73,0.111,2
-119.848782,34.410687,84.26,0.13,2
-119.84847,34.410687,85.44,0.214,2
-119.848158,34.410687,87.32,0.274,2
-119.847846,34.410687,89.32,0.384,2
-119.847533,34.410687,90.96,0.445,2
-119.847221,34.410687,92.8,0.28,2
-119.846909,34.410687,94.61,0.265,2
-119.846597,34.410687,96.21,0.475,2
-119.846285,34.410687,97.45,0.473,2
-119.845973,34.410687,98.43,0.398,2
-119.845661,34.410687,98.99,0.252,2
-119.845348,34.410687,99.1,0.209,2
-119.845036,34.410687,99.02,0.44,2
-119.844724,34.410687,98.96,0.541,2
-119.844412,34.410687,98.52,0.283,2
-119.8441,34.410687,97.88,0.201,2
-119.843788,34.410687,97.21,0.398,2
-119.843476,34.410687,96.33,0.467,2
-119.843163,34.410687,95.34,0.503,2
-119.842851,34.410687,92.01,0.551,2
-119.842539,34.410687,89.6,0.571,2
-119.842227,34.410687,87.71,0.38,2
-119.841915,34.410687,84.46,0.167,2
-119.841603,34.410687,79.93,-0.032,2
-119.841291,34.410687,75.47,-0.225,2
-119.840978,34.410687,72.28,-0.345,2
-119.840666,34.410687,70.25,-0.466,2
-119.840354,34.410687,68.87,-0.484,2
-119.840042,34.410687,68.14,-0.324,2
-119.83973,34.410687,67.81,-0.183,2
-119.839418,34.410687,67.62,-0.223,2
-119.839106,34.410687,67.51,-0.168,2
-119.838793,34.410687,67.47,-0.135,2
-119.838481,34.410687,67.45,0.07,2
-119.838169,34.410687,67.41,-0.029,2
-119.837857,34.410687,67.36,-0.172,2
-119.837545,34.410687,67.34,-0.189,2
-119.837233,34.410687,67.35,-0.044,2
-119.836921,34.410687,67.36,-0.022,2
-119.836608,34.410687,67.34,0.017,2
-119.836296,34.410687,67.29,0.008,2
-119.835984,34.410687,67.19,0.176,2
-119.835672,34.410687,67.12,0.189,2
-119.869071,34.410374,100.24,0.361,2
-119.868759,34.410374,101.07,0.373,2
-119.868447,34.410374,101.63,0.387,2
-119.868135,34.410374,102.03,0.33,2
-119.867823,34.410374,102.46,0.303,2
-119.86751,34.410374,102.58,0.362,2
-119.867198,34.410374,102.78,0.403,2
-119.866886,34.410374,103.22,0.333,2
-119.866574,34.410374,103.82,0.226,2
-119.866262,34.410374,104.47,0.246,2
-119.86595,34.410374,105.07,0.197,2
-119.865638,34.410374,105.58,0.227,2
-119.865325,34.410374,105.82,0.225,2
-119.865013,34.410374,105.62,0.26,2
-119.864701,34.410374,105.35,0.245,2
-119.864389,34.410374,104.95,0.172,2
-119.864077,34.410374,104.46,0.167,2
-119.863765,34.410374,103.96,0.203,2
-119.863453,34.410374,103.5,0.257,2
-119.86314,34.410374,103.24,0.286,2
-119.862828,34.410374,103.18,0.261,2
-119.862516,34.410374,103.22,0.244,2
-119.862204,34.410374,103.53,0.221,2
-119.861892,34.410374,104.04,0.195,2
-119.86158,34.410374,104.49,0.21,2
-119.861268,34.410374,104.65,0.21,2
-119.860955,34.410374,104.55,0.219,2
-119.860643,34.410374,104.26,0.255,2
-119.860331,34.410374,103.99,0.234,2
-119.860019,34.410374,104.11,0.233,2
-119.859707,34.410374,104.06,0.181,2
-119.859395,34.410374,104.46,0.217,2
-119.859083,34.410374,104.66,0.271,2
-119.85877,34.410374,104.74,0.213,2
-119.858458,34.410374,104.77,0.179,2
-119.858146,34.410374,104.71,0.165,2
-119.857834,34.410374,104.6,0.117,2
-119.857522,34.410374,104.27,0.117,2
-119.85721,34.410374,103.76,0.171,2
-119.856898,34.410374,103.33,0.266,2
-119.856585,34.410374,103.17,0.312,2
-119.856273,34.410374,103.21,0.245,2
-119.855961,34.410374,103.44,0.191,2
-119.855649,34.410374,104.03,0.19,2
-119.855337,34.410374,105.05,0.157,2
-119.855025,34.410374,106.07,0.136,2
-119.854713,34.410374,106.27,0.138,2
-119.8544,34.410374,105.69,0.135,2
-119.854088,34.410374,104.23,0.139,2
-119.853776,34.410374,102.14,0.176,2
-119.853464,34.410374,100.11,0.257,2
-119.853152,34.410374,98.22,0.312,2
-119.85284,34.410374,96.84,0.447,2
-119.852528,34.410374,95.27,0.454,2
-119.852215,34.410374,94.24,0.349,2
-119.851903,34.410374,93.71,0.267,2
-119.851591,34.410374,93.25,0.33,2
-119.851279,34.410374,92.37,0.409,2
-119.850967,34.410374,90.45,0.475,2
-119.850655,34.410374,88.33,0.47,2
-119.850343,34.410374,86.35,0.327,2
-119.850031,34.410374,83.66,-0.004,2
-119.849718,34.410374,84.35,0.145,2
-119.849406,34.410374,85.73,0.425,2
-119.849094,34.410374,85.47,0.497,2
-119.848782,34.410374,84.42,0.398,2
-119.84847,34.410374,83.31,0.171,2
-119.848158,34.410374,84.37,0.118,2
-119.847846,34.410374,87.32,0.34,2
-119.847533,34.410374,88.81,0.443,2
-119.847221,34.410374,90.69,0.247,2
-119.846909,34.410374,92.59,0.276,2
-119.846597,34.410374,94.31,0.445,2
-119.846285,34.410374,95.79,0.542,2
-119.845973,34.410374,97.21,0.603,2
-119.845661,34.410374,98.16,0.41,2
-119.845348,34.410374,98.67,0.39,2
-119.845036,34.410374,98.85,0.647,2
-119.844724,34.410374,98.91,0.658,2
-119.844412,34.410374,98.48,0.396,2
-119.8441,34.410374,97.77,0.285,2
-119.843788,34.410374,97.09,0.513,2
-119.843476,34.410374,96.22,0.599,2
-119.843163,34.410374,95.18,0.538,2
-119.842851,34.410374,91.86,0.61,2
-119.842539,34.410374,89.14,0.643,2
-119.842227,34.410374,86.91,0.389,2
-119.841915,34.410374,83.24,0.131,2
-119.841603,34.410374,78.54,-0.039,2
-119.841291,34.410374,74.36,-0.232,2
-119.840978,34.410374,71.48,-0.343,2
-119.840666,34.410374,69.64,-0.37,2
-119.840354,34.410374,68.45,-0.321,2
-119.840042,34.410374,67.89,-0.097,2
-119.83973,34.410374,67.63,0.099,2
-119.839418,34.410374,67.48,-0.025,2
-119.839106,34.410374,67.42,-0.088,2
-119.838793,34.410374,67.41,-0.034,2
-119.838481,34.410374,67.4,0.126,2
-119.838169,34.410374,67.36,-0.001,2
-119.837857,34.410374,67.27,-0.117,2
-119.837545,34.410374,67.21,-0.226,2
-119.837233,34.410374,67.21,-0.056,2
-119.836921,34.410374,67.23,-0.005,2
-119.836608,34.410374,67.21,0.13,2
-119.836296,34.410374,67.19,0.147,2
-119.835984,34.410374,67.13,0.107,2
-119.869071,34.410062,97.08,0.317,2
-119.868759,34.410062,99.43,0.316,2
-119.868447,34.410062,100.18,0.308,2
-119.868135,34.410062,100.65,0.261,2
-119.867823,34.410062,100.99,0.281,2
-119.86751,34.410062,100.96,0.375,2
-119.867198,34.410062,100.86,0.454,2
-119.866886,34.410062,100.82,0.403,2
-119.866574,34.410062,101.03,0.251,2
-119.866262,34.410062,101.44,0.167,2
-119.86595,34.410062,101.93,0.145,2
-119.865638,34.410062,102.45,0.196,2
-119.865325,34.410062,102.8,0.189,2
-119.865013,34.410062,102.77,0.209,2
-119.864701,34.410062,102.54,0.157,2
-119.864389,34.410062,102.18,0.094,2
-119.864077,34.410062,101.66,0.133,2
-119.863765,34.410062,101.04,0.214,2
-119.863453,34.410062,100.35,0.256,2
-119.86314,34.410062,99.75,0.254,2
-119.862828,34.410062,99.33,0.236,2
-119.862516,34.410062,99.13,0.202,2
-119.862204,34.410062,99.29,0.14,2
-119.861892,34.410062,99.8,0.152,2
-119.86158,34.410062,100.32,0.145,2
-119.861268,34.410062,100.58,0.179,2
-119.860955,34.410062,100.59,0.232,2
-119.860643,34.410062,100.37,0.246,2
-119.860331,34.410062,100.35,0.212,2
-119.860019,34.410062,100.68,0.246,2
-119.859707,34.410062,100.98,0.132,2
-119.859395,34.410062,101.34,0.141,2
-119.859083,34.410062,101.46,0.243,2
-119.85877,34.410062,101.48,0.233,2
-119.858458,34.410062,101.47,0.228,2
-119.858146,34.410062,101.43,0.199,2
-119.857834,34.410062,102.89,0.143,2
-119.857522,34.410062,103.48,0.126,2
-119.85721,34.410062,103.19,0.125,2
-119.856898,34.410062,102.95,0.116,2
-119.856585,34.410062,102.94,0.155,2
-119.856273,34.410062,103.1,0.172,2
-119.855961,34.410062,103.53,0.188,2
-119.855649,34.410062,104.26,0.23,2
-119.855337,34.410062,105.18,0.191,2
-119.855025,34.410062,105.89,0.171,2
-119.854713,34.410062,105.88,0.152,2
-119.8544,34.410062,105.41,0.118,2
-119.854088,34.410062,104.04,0.107,2
-119.853776,34.410062,102.3,0.164,2
-119.853464,34.410062,100.43,0.248,2
-119.853152,34.410062,98.51,0.178,2
-119.85284,34.410062,96.96,0.113,2
-119.852528,34.410062,95.39,0.184,2
-119.852215,34.410062,94.32,0.192,2
-119.851903,34.410062,93.68,0.368,2
-119.851591,34.410062,93.04,0.48,2
-119.851279,34.410062,91.92,0.453,2
-119.850967,34.410062,89.89,0.449,2
-119.850655,34.410062,87.9,0.471,2
-119.850343,34.410062,85.99,0.3,2
-119.850031,34.410062,83.78,0.125,2
-119.849718,34.410062,84.6,0.284,2
-119.849406,34.410062,86.2,0.455,2
-119.849094,34.410062,86.11,0.492,2
-119.848782,34.410062,85.66,0.455,2
-119.84847,34.410062,84.2,0.202,2
-119.848158,34.410062,82.99,0.045,2
-119.847846,34.410062,84.59,0.305,2
-119.847533,34.410062,85.78,0.435,2
-119.847221,34.410062,87.36,0.388,2
-119.846909,34.410062,89.06,0.342,2
-119.846597,34.410062,90.65,0.263,2
-119.846285,34.410062,92.17,0.468,2
-119.845973,34.410062,93.69,0.59,2
-119.845661,34.410062,96.93,0.397,2
-119.845348,34.410062,97.86,0.423,2
-119.845036,34.410062,98.39,0.499,2
-119.844724,34.410062,98.62,0.549,2
-119.844412,34.410062,98.25,0.482,2
-119.8441,34.410062,97.48,0.347,2
-119.843788,34.410062,96.67,0.359,2
-119.843476,34.410062,95.68,0.35,2
-119.843163,34.410062,94.49,0.36,2
-119.842851,34.410062,91.28,0.506,2
-119.842539,34.410062,88.37,0.512,2
-119.842227,34.410062,86.09,0.301,1
-119.841915,34.410062,81.93,0.097,1
-119.841603,34.410062,76.98,-0.102,1
-119.841291,34.410062,73.41,-0.281,2
-119.840978,34.410062,70.88,-0.31,2
-119.840666,34.410062,69.19,-0.275,2
-119.840354,34.410062,68.19,-0.198,2
-119.840042,34.410062,67.77,-0.251,2
-119.83973,34.410062,67.55,-0.249,2
-119.839418,34.410062,67.41,0.207,2
-119.839106,34.410062,67.36,0.075,2
-119.838793,34.410062,67.35,0.104,2
-119.838481,34.410062,67.35,0.011,2
-119.838169,34.410062,67.3,-0.059,2
-119.837857,34.410062,67.2,-0.232,2
-119.837545,34.410062,67.12,0.067,2
-119.837233,34.410062,67.1,0.014,2
-119.836921,34.410062,67.11,0.098,2
-119.869071,34.40975,92.41,0.321,2
-119.868759,34.40975,93.63,0.419,2
-119.868447,34.40975,94.54,0.348,2
-119.868135,34.40975,94.76,0.21,2
-119.867823,34.40975,94.81,0.24,2
-119.86751,34.40975,94.63,0.258,2
-119.867198,34.40975,94.34,0.282,2
-119.866886,34.40975,93.87,0.367,2
-119.866574,34.40975,93.59,0.441,2
-119.866262,34.40975,93.63,0.391,2
-119.86595,34.40975,93.93,0.297,2
-119.865638,34.40975,94.43,0.256,2
-119.865325,34.40975,95,0.2,2
-119.865013,34.40975,95.48,0.191,2
-119.864701,34.40975,95.66,0.165,2
-119.864389,34.40975,95.56,0.164,2
-119.864077,34.40975,95.29,0.198,2
-119.863765,34.40975,94.89,0.219,2
-119.863453,34.40975,94.35,0.234,2
-119.86314,34.40975,93.71,0.225,2
-119.862828,34.40975,93.17,0.203,2
-119.862516,34.40975,92.9,0.236,2
-119.862204,34.40975,92.95,0.248,2
-119.861892,34.40975,93.33,0.224,2
-119.86158,34.40975,93.79,0.153,2
-119.861268,34.40975,94.09,0.163,2
-119.860955,34.40975,94.17,0.169,2
-119.860643,34.40975,94.24,0.167,2
-119.860331,34.40975,94.59,0.185,2
-119.860019,34.40975,95.31,0.201,2
-119.859707,34.40975,96.14,0.114,2
-119.859395,34.40975,96.81,0.126,2
-119.859083,34.40975,97.21,0.254,2
-119.85877,34.40975,97.53,0.233,2
-119.858458,34.40975,97.81,0.225,2
-119.858146,34.40975,98.05,0.201,2
-119.857834,34.40975,100.38,0.201,2
-119.857522,34.40975,101.6,0.18,2
-119.85721,34.40975,101.54,0.221,2
-119.856898,34.40975,101.43,0.22,2
-119.856585,34.40975,101.36,0.189,2
-119.856273,34.40975,101.43,0.177,2
-119.855961,34.40975,101.72,0.149,2
-119.855649,34.40975,102.36,0.18,2
-119.855337,34.40975,103.41,0.234,2
-119.855025,34.40975,104.29,0.219,2
-119.854713,34.40975,104.57,0.191,2
-119.8544,34.40975,104.31,0.162,2
-119.854088,34.40975,103.45,0.16,2
-119.853776,34.40975,102.42,0.197,2
-119.853464,34.40975,100.76,0.218,2
-119.853152,34.40975,98.99,0.156,2
-119.85284,34.40975,97.13,0.116,2
-119.852528,34.40975,95.74,0.122,2
-119.852215,34.40975,94.74,0.147,2
-119.851903,34.40975,94.03,0.392,2
-119.851591,34.40975,93.21,0.481,2
-119.851279,34.40975,91.92,0.423,2
-119.850967,34.40975,89.81,0.444,2
-119.850655,34.40975,87.87,0.475,2
-119.850343,34.40975,86.65,0.309,2
-119.850031,34.40975,84.5,0.007,2
-119.849718,34.40975,84.93,0.142,2
-119.849406,34.40975,86.72,0.399,2
-119.849094,34.40975,86.81,0.4,2
-119.848782,34.40975,86.35,0.375,2
-119.84847,34.40975,84.6,0.156,2
-119.848158,34.40975,82.33,-0.023,2
-119.847846,34.40975,82.8,0.231,2
-119.847533,34.40975,83.69,0.441,2
-119.847221,34.40975,84.92,0.599,2
-119.846909,34.40975,86.38,0.562,2
-119.846597,34.40975,87.91,0.309,2
-119.846285,34.40975,89.48,0.249,2
-119.845973,34.40975,90.99,0.281,2
-119.845661,34.40975,92.79,0.284,2
-119.845348,34.40975,93.94,0.176,2
-119.845036,34.40975,94.7,0.142,2
-119.844724,34.40975,94.91,0.205,2
-119.844412,34.40975,94.52,0.399,2
-119.8441,34.40975,93.75,0.385,2
-119.843788,34.40975,92.81,0.303,2
-119.843476,34.40975,91.8,0.282,2
-119.843163,34.40975,90.68,0.373,2
-119.842851,34.40975,89.27,0.458,2
-119.842539,34.40975,87.5,0.398,2
-119.842227,34.40975,84.21,0.267,2
-119.841915,34.40975,79.92,0.084,1
-119.841603,34.40975,76,-0.186,2
-119.841291,34.40975,72.57,-0.348,2
-119.840978,34.40975,70.32,-0.291,2
-119.840666,34.40975,68.79,-0.245,2
-119.840354,34.40975,68,-0.317,2
-119.840042,34.40975,67.68,-0.257,2
-119.83973,34.40975,67.49,0.064,2
-119.839418,34.40975,67.37,0,2
-119.839106,34.40975,67.32,0.017,2
-119.838793,34.40975,67.29,0.08,2
-119.838481,34.40975,67.27,-0.212,2
-119.838169,34.40975,67.22,-0.008,2
-119.837857,34.40975,67.14,-0.146,2
-119.837545,34.40975,67.09,-0.034,2
-119.837233,34.40975,67.06,-0.124,2
-119.868135,34.409438,90.11,0.305,2
-119.867823,34.409438,90.61,0.324,2
-119.86751,34.409438,90.9,0.282,2
-119.867198,34.409438,89.54,0.297,2
-119.866886,34.409438,89.07,0.325,2
-119.866574,34.409438,88.74,0.456,2
-119.866262,34.409438,88.43,0.518,2
-119.86595,34.409438,88.51,0.367,2
-119.865638,34.409438,88.76,0.344,2
-119.865325,34.409438,89.02,0.229,2
-119.865013,34.409438,89.27,0.171,2
-119.864701,34.409438,89.36,0.16,2
-119.864389,34.409438,89.51,0.161,2
-119.864077,34.409438,89.36,0.187,2
-119.863765,34.409438,88.94,0.22,2
-119.863453,34.409438,88.66,0.257,2
-119.86314,34.409438,88.46,0.234,2
-119.862828,34.409438,88.28,0.176,1
-119.862516,34.409438,87.75,0.232,2
-119.862204,34.409438,87.81,0.257,2
-119.861892,34.409438,88.09,0.168,2
-119.86158,34.409438,88.39,0.081,2
-119.861268,34.409438,88.54,0.102,2
-119.860955,34.409438,88.54,0.083,2
-119.860643,34.409438,88.58,0.056,2
-119.860331,34.409438,88.92,0.108,2
-119.860019,34.409438,89.65,0.209,2
-119.859707,34.409438,90.51,0.099,2
-119.859395,34.409438,91.26,0.106,2
-119.859083,34.409438,91.7,0.241,2
-119.85877,34.409438,92.04,0.3,2
-119.858458,34.409438,92.48,0.246,2
-119.858146,34.409438,93.01,0.182,2
-119.857834,34.409438,95.56,0.216,2
-119.857522,34.409438,97.27,0.213,2
-119.85721,34.409438,97.59,0.184,2
-119.856898,34.409438,97.71,0.186,2
-119.856585,34.409438,97.79,0.202,2
-119.856273,34.409438,98,0.213,2
-119.855961,34.409438,98.44,0.224,2
-119.855649,34.409438,99.21,0.27,2
-119.855337,34.409438,100.43,0.301,2
-119.855025,34.409438,101.53,0.224,2
-119.854713,34.409438,102.03,0.168,2
-119.8544,34.409438,102,0.19,2
-119.854088,34.409438,101.52,0.167,2
-119.853776,34.409438,100.94,0.209,2
-119.853464,34.409438,99.59,0.231,2
-119.853152,34.409438,98.09,0.215,2
-119.85284,34.409438,96.57,0.218,2
-119.852528,34.409438,95.5,0.174,2
-119.852215,34.409438,94.75,0.136,2
-119.851903,34.409438,94.12,0.224,2
-119.851591,34.409438,93.29,0.265,2
-119.851279,34.409438,91.98,0.308,2
-119.850967,34.409438,89.9,0.394,2
-119.850655,34.409438,87.95,0.469,2
-119.850343,34.409438,86.72,0.366,2
-119.850031,34.409438,84.72,-0.088,2
-119.849718,34.409438,85,-0.019,2
-119.849406,34.409438,86.9,0.388,2
-119.849094,34.409438,86.97,0.405,2
-119.848782,34.409438,86.55,0.398,2
-119.84847,34.409438,84.93,0.192,2
-119.848158,34.409438,82.44,-0.167,2
-119.847846,34.409438,82.55,-0.004,2
-119.847533,34.409438,82.86,0.323,2
-119.847221,34.409438,83.5,0.442,2
-119.846909,34.409438,84.57,0.413,2
-119.846597,34.409438,85.88,0.239,2
-119.846285,34.409438,87.25,0.189,2
-119.845973,34.409438,88.63,0.256,2
-119.845661,34.409438,90.05,0.5,2
-119.845348,34.409438,91.43,0.232,2
-119.845036,34.409438,92.52,0.094,2
-119.844724,34.409438,92.96,0.145,2
-119.844412,34.409438,92.78,0.399,2
-119.8441,34.409438,92.21,0.452,2
-119.843788,34.409438,91.49,0.407,2
-119.843476,34.409438,90.68,0.472,2
-119.843163,34.409438,89.65,0.609,2
-119.842851,34.409438,88.26,0.576,2
-119.842539,34.409438,86.52,0.41,2
-119.842227,34.409438,83.23,0.249,1
-119.841915,34.409438,78.72,0.019,1
-119.841603,34.409438,74.87,-0.255,2
-119.841291,34.409438,71.79,-0.374,2
-119.840978,34.409438,69.76,-0.349,2
-119.840666,34.409438,68.42,-0.383,2
-119.840354,34.409438,67.82,-0.441,2
-119.840042,34.409438,67.57,-0.278,2
-119.83973,34.409438,67.42,0.22,2
-119.839418,34.409438,67.32,-0.033,2
-119.839106,34.409438,67.26,-0.035,2
-119.838793,34.409438,67.22,0.164,2
-119.838481,34.409438,67.18,-0.036,2
-119.838169,34.409438,67.13,0.018,2
-119.837857,34.409438,67.1,-0.049,2
-119.837545,34.409438,67.07,-0.196,2
-119.867198,34.409126,85.57,0.318,2
-119.866886,34.409126,85.48,0.271,2
-119.866574,34.409126,85.6,0.297,1
-119.866262,34.409126,85.35,0.27,2
-119.86595,34.409126,83.47,0.095,1
-119.865638,34.409126,83.18,0.122,2
-119.865325,34.409126,83.21,0.087,2
-119.865013,34.409126,83.15,0.02,2
-119.864701,34.409126,82.99,-0.041,2
-119.864389,34.409126,82.87,-0.058,2
-119.864077,34.409126,82.55,-0.058,2
-119.863765,34.409126,82.08,-0.069,2
-119.863453,34.409126,81.83,-0.019,2
-119.86314,34.409126,81.68,0.008,2
-119.862828,34.409126,81.67,-0.118,2
-119.862516,34.409126,81.57,-0.272,2
-119.862204,34.409126,81.83,-0.25,2
-119.861892,34.409126,82.26,-0.136,2
-119.86158,34.409126,82.67,-0.135,2
-119.861268,34.409126,82.86,-0.208,2
-119.860955,34.409126,82.81,-0.193,2
-119.860643,34.409126,82.75,-0.081,2
-119.860331,34.409126,82.81,-0.036,1
-119.860019,34.409126,83.21,-0.023,2
-119.859083,34.409126,84.33,0.073,1
-119.85877,34.409126,84.7,0.091,1
-119.858458,34.409126,84.87,0.093,2
-119.858146,34.409126,85.43,0.08,2
-119.857834,34.409126,87.72,0.091,2
-119.857522,34.409126,89.56,0.125,2
-119.85721,34.409126,90.31,0.131,2
-119.856898,34.409126,90.95,0.141,2
-119.856585,34.409126,91.44,0.199,2
-119.856273,34.409126,91.88,0.288,2
-119.855961,34.409126,92.62,0.403,2
-119.855649,34.409126,93.51,0.44,2
-119.855337,34.409126,94.72,0.302,2
-119.855025,34.409126,95.89,0.173,2
-119.854713,34.409126,96.72,0.135,2
-119.8544,34.409126,97.19,0.172,2
-119.854088,34.409126,97.33,0.167,2
-119.853776,34.409126,98.67,0.231,2
-119.853464,34.409126,97.64,0.259,2
-119.853152,34.409126,96.46,0.346,2
-119.85284,34.409126,95.34,0.477,2
-119.852528,34.409126,94.62,0.339,2
-119.852215,34.409126,94.15,0.26,2
-119.851903,34.409126,93.68,0.306,2
-119.851591,34.409126,92.94,0.304,2
-119.851279,34.409126,91.68,0.314,2
-119.850967,34.409126,89.75,0.4,2
-119.850655,34.409126,87.96,0.407,2
-119.850343,34.409126,86.86,0.276,2
-119.850031,34.409126,84.94,-0.013,2
-119.849718,34.409126,84.85,0.057,2
-119.849406,34.409126,86.71,0.396,2
-119.849094,34.409126,86.88,0.419,2
-119.848782,34.409126,86.67,0.404,2
-119.84847,34.409126,85.78,0.311,2
-119.848158,34.409126,83.8,-0.004,2
-119.847846,34.409126,82.37,-0.196,2
-119.847533,34.409126,82.02,-0.027,2
-119.847221,34.409126,82.27,0.193,2
-119.846909,34.409126,83,0.329,2
-119.846597,34.409126,83.98,0.441,2
-119.846285,34.409126,85.12,0.397,2
-119.845973,34.409126,86.31,0.474,2
-119.845661,34.409126,87.61,0.496,2
-119.845348,34.409126,88.98,0.376,2
-119.845036,34.409126,90.05,0.184,2
-119.844724,34.409126,90.57,0.164,2
-119.844412,34.409126,90.55,0.333,2
-119.8441,34.409126,90.21,0.395,2
-119.843788,34.409126,89.74,0.387,2
-119.843476,34.409126,89.15,0.495,2
-119.843163,34.409126,88.31,0.609,2
-119.842851,34.409126,87.04,0.52,2
-119.842539,34.409126,84.99,0.349,2
-119.842227,34.409126,81.71,0.194,2
-119.841915,34.409126,77.57,-0.06,2
-119.841603,34.409126,73.8,-0.306,2
-119.841291,34.409126,71.09,-0.363,2
-119.840978,34.409126,69.24,-0.33,2
-119.840666,34.409126,68.09,-0.332,2
-119.840354,34.409126,67.65,-0.413,2
-119.840042,34.409126,67.46,-0.275,2
-119.83973,34.409126,67.33,0.17,2
-119.839418,34.409126,67.25,-0.035,2
-119.839106,34.409126,67.2,-0.044,2
-119.838793,34.409126,67.15,-0.016,2
-119.838481,34.409126,67.1,-0.004,2
-119.838169,34.409126,67.06,-0.021,2
-119.837857,34.409126,67.05,-0.044,2
-119.865013,34.408814,78.58,-0.347,2
-119.864701,34.408814,77.76,-0.462,2
-119.864389,34.408814,77.4,-0.489,2
-119.864077,34.408814,76.95,-0.434,2
-119.863765,34.408814,76.49,-0.212,2
-119.863453,34.408814,76.07,0.04,2
-119.86314,34.408814,75.72,0.003,2
-119.862828,34.408814,75.54,-0.382,2
-119.862516,34.408814,75.63,-0.694,2
-119.862204,34.408814,75.89,-0.72,2
-119.861892,34.408814,76.21,-0.672,2
-119.86158,34.408814,76.54,-0.488,2
-119.861268,34.408814,76.77,-0.599,2
-119.860955,34.408814,76.94,-0.602,2
-119.860643,34.408814,77.09,-0.394,2
-119.860331,34.408814,77.37,-0.357,2
-119.860019,34.408814,77.75,-0.537,2
-119.859707,34.408814,78.08,-0.418,2
-119.859395,34.408814,78.23,-0.233,2
-119.859083,34.408814,78.2,-0.251,2
-119.85877,34.408814,78.1,-0.284,2
-119.858458,34.408814,78.17,-0.211,2
-119.858146,34.408814,78.52,-0.139,2
-119.857834,34.408814,79.11,-0.109,2
-119.857522,34.408814,79.84,-0.084,2
-119.85721,34.408814,80.63,-0.112,2
-119.856898,34.408814,81.59,-0.1,2
-119.856585,34.408814,82.47,0.006,1
-119.856273,34.408814,83.16,0.067,2
-119.855961,34.408814,84.41,0.166,2
-119.855649,34.408814,86.06,0.253,1
-119.855337,34.408814,87.48,0.209,1
-119.855025,34.408814,88.77,0.149,1
-119.854713,34.408814,89.59,0.166,2
-119.8544,34.408814,90.8,0.2,2
-119.854088,34.408814,91.77,0.135,2
-119.853776,34.408814,94.95,0.223,2
-119.853464,34.408814,94.43,0.291,2
-119.853152,34.408814,93.7,0.393,2
-119.85284,34.408814,93.26,0.603,2
-119.852528,34.408814,93.03,0.456,2
-119.852215,34.408814,92.91,0.422,2
-119.851903,34.408814,92.68,0.447,2
-119.851591,34.408814,92.13,0.409,2
-119.851279,34.408814,91.11,0.351,2
-119.850967,34.408814,89.75,0.386,2
-119.850655,34.408814,88.42,0.362,2
-119.850343,34.408814,86.12,0.144,2
-119.850031,34.408814,84.14,-0.009,2
-119.849718,34.408814,85.07,0.166,2
-119.849406,34.408814,87.02,0.392,2
-119.849094,34.408814,86.54,0.407,2
-119.848782,34.408814,84.86,0.448,2
-119.84847,34.408814,84.57,0.479,2
-119.848158,34.408814,83.67,0.332,2
-119.847846,34.408814,82.52,-0.142,2
-119.847533,34.408814,81.66,-0.123,2
-119.847221,34.408814,81.49,-0.106,2
-119.846909,34.408814,81.82,-0.033,2
-119.846597,34.408814,82.37,0.196,2
-119.846285,34.408814,83.13,0.412,2
-119.845973,34.408814,84.04,0.449,2
-119.845661,34.408814,85.07,0.38,2
-119.845348,34.408814,86.18,0.388,2
-119.845036,34.408814,87.14,0.33,2
-119.844724,34.408814,87.73,0.294,2
-119.844412,34.408814,87.97,0.412,2
-119.8441,34.408814,87.96,0.534,2
-119.843788,34.408814,87.8,0.584,2
-119.843476,34.408814,87.49,0.671,2
-119.843163,34.408814,86.92,0.66,2
-119.842851,34.408814,85.98,0.514,2
-119.842539,34.408814,83.86,0.362,1
-119.842227,34.408814,80.18,0.162,2
-119.841915,34.408814,76.1,-0.104,2
-119.841603,34.408814,72.71,-0.298,2
-119.841291,34.408814,70.39,-0.327,2
-119.840978,34.408814,68.74,-0.326,2
-119.840666,34.408814,67.82,-0.365,2
-119.840354,34.408814,67.49,-0.312,2
-119.840042,34.408814,67.33,-0.229,2
-119.83973,34.408814,67.24,0.13,2
-119.839418,34.408814,67.17,0.004,2
-119.839106,34.408814,67.13,-0.02,2
-119.838793,34.408814,67.08,-0.01,2
-119.838481,34.408814,67.02,-0.025,2
-119.838169,34.408814,66.99,0.283,2
-119.863453,34.408502,72.54,0.072,2
-119.86314,34.408502,72.17,-0.066,2
-119.862828,34.408502,71.91,-0.547,2
-119.862516,34.408502,71.68,-0.687,2
-119.862204,34.408502,71.72,-0.674,2
-119.861892,34.408502,71.89,-0.758,2
-119.86158,34.408502,72.09,-0.629,2
-119.861268,34.408502,72.32,-0.48,2
-119.860955,34.408502,72.6,-0.371,2
-119.860643,34.408502,72.89,-0.396,2
-119.860331,34.408502,73.24,-0.401,2
-119.860019,34.408502,73.62,-0.541,2
-119.859707,34.408502,73.94,-0.523,2
-119.859395,34.408502,74.09,-0.389,2
-119.859083,34.408502,74.05,-0.256,2
-119.85877,34.408502,73.91,-0.314,2
-119.858458,34.408502,73.8,-0.267,2
-119.858146,34.408502,73.84,-0.212,2
-119.857834,34.408502,74.03,-0.182,2
-119.857522,34.408502,74.36,-0.174,2
-119.85721,34.408502,74.79,-0.25,2
-119.856898,34.408502,75.3,-0.266,2
-119.856585,34.408502,75.9,-0.219,2
-119.856273,34.408502,76.64,-0.273,2
-119.855961,34.408502,77.7,-0.344,2
-119.855649,34.408502,79.16,-0.224,2
-119.855337,34.408502,80.46,-0.106,2
-119.855025,34.408502,81.69,-0.019,2
-119.854713,34.408502,82.97,0.095,2
-119.8544,34.408502,85.42,0.244,1
-119.854088,34.408502,86.72,0.199,1
-119.853776,34.408502,89.96,0.256,1
-119.853464,34.408502,89.78,0.28,2
-119.853152,34.408502,89.78,0.339,2
-119.85284,34.408502,90.03,0.444,2
-119.852528,34.408502,90.37,0.409,2
-119.852215,34.408502,90.69,0.426,2
-119.851903,34.408502,90.84,0.496,2
-119.851591,34.408502,90.7,0.488,2
-119.851279,34.408502,90.23,0.448,2
-119.850967,34.408502,89.55,0.453,2
-119.850655,34.408502,88.79,0.451,2
-119.850343,34.408502,88.09,0.311,2
-119.850031,34.408502,86.68,-0.028,2
-119.849718,34.408502,86.05,-0.016,2
-119.849406,34.408502,87.59,0.406,2
-119.849094,34.408502,87.41,0.42,2
-119.848782,34.408502,85.8,0.458,2
-119.84847,34.408502,85.49,0.509,2
-119.848158,34.408502,84.5,0.512,2
-119.847846,34.408502,83.2,0.289,2
-119.847533,34.408502,82.01,-0.016,2
-119.847221,34.408502,81.37,-0.15,2
-119.846909,34.408502,81.11,-0.244,2
-119.846597,34.408502,81.1,-0.066,2
-119.846285,34.408502,81.36,0.039,2
-119.845973,34.408502,81.74,-0.079,2
-119.845661,34.408502,82.28,-0.172,2
-119.845348,34.408502,82.98,-0.017,2
-119.845036,34.408502,83.85,0.216,2
-119.844724,34.408502,84.64,0.418,2
-119.844412,34.408502,85.28,0.536,2
-119.8441,34.408502,85.72,0.65,2
-119.843788,34.408502,86,0.71,2
-119.843476,34.408502,86.06,0.696,2
-119.843163,34.408502,85.84,0.562,2
-119.842851,34.408502,84.97,0.43,2
-119.842539,34.408502,82.6,0.322,2
-119.842227,34.408502,78.69,0.072,2
-119.841915,34.408502,74.69,-0.193,2
-119.841603,34.408502,71.68,-0.353,2
-119.841291,34.408502,69.71,-0.331,2
-119.840978,34.408502,68.29,-0.319,2
-119.840666,34.408502,67.58,-0.328,2
-119.840354,34.408502,67.31,-0.326,2
-119.840042,34.408502,67.17,-0.044,2
-119.83973,34.408502,67.1,0.119,2
-119.839418,34.408502,67.05,0.051,2
-119.839106,34.408502,67.02,-0.16,2
-119.838793,34.408502,66.98,0.352,2
-119.838481,34.408502,66.95,0.066,2
-119.862516,34.408189,70.38,-0.663,2
-119.862204,34.408189,70.36,-0.667,2
-119.861892,34.408189,70.37,-0.61,2
-119.86158,34.408189,70.4,-0.451,2
-119.861268,34.408189,70.13,-0.392,2
-119.860955,34.408189,70.18,-0.366,2
-119.860643,34.408189,70.3,-0.339,2
-119.860331,34.408189,70.5,-0.336,2
-119.860019,34.408189,70.76,-0.385,2
-119.859707,34.408189,71.01,-0.355,2
-119.859395,34.408189,71.17,-0.47,2
-119.859083,34.408189,71.22,-0.421,2
-119.85877,34.408189,71.2,-0.405,2
-119.858458,34.408189,71.19,-0.346,2
-119.858146,34.408189,71.21,-0.293,2
-119.857834,34.408189,71.27,-0.295,2
-119.857522,34.408189,71.39,-0.319,2
-119.85721,34.408189,71.56,-0.384,2
-119.856898,34.408189,71.76,-0.475,2
-119.856585,34.408189,72,-0.517,2
-119.856273,34.408189,72.34,-0.528,2
-119.855961,34.408189,72.86,-0.565,2
-119.855649,34.408189,73.63,-0.497,2
-119.855337,34.408189,74.56,-0.445,2
-119.855025,34.408189,75.57,-0.366,2
-119.854713,34.408189,76.57,-0.415,2
-119.8544,34.408189,77.81,-0.231,2
-119.854088,34.408189,78.84,-0.086,2
-119.853776,34.408189,82.65,-0.03,1
-119.853464,34.408189,82.91,0.072,2
-119.853152,34.408189,83.49,0.165,2
-119.85284,34.408189,84.38,0.259,2
-119.852528,34.408189,85.24,0.322,2
-119.852215,34.408189,86,0.384,2
-119.851903,34.408189,86.68,0.424,2
-119.851591,34.408189,87.17,0.433,2
-119.851279,34.408189,87.41,0.427,2
-119.850967,34.408189,87.43,0.42,2
-119.850655,34.408189,87.26,0.432,2
-119.850343,34.408189,87.41,0.36,2
-119.850031,34.408189,86.86,0.125,2
-119.849718,34.408189,86.37,0.112,2
-119.849406,34.408189,88.24,0.402,2
-119.849094,34.408189,88.42,0.4,2
-119.848782,34.408189,86.91,0.408,2
-119.84847,34.408189,86.72,0.444,2
-119.848158,34.408189,85.89,0.488,2
-119.847846,34.408189,84.77,0.499,2
-119.847533,34.408189,83.5,0.399,2
-119.847221,34.408189,82.49,0.306,2
-119.846909,34.408189,81.68,0.33,2
-119.846597,34.408189,81.04,0.234,2
-119.846285,34.408189,80.57,-0.218,2
-119.845973,34.408189,80.21,-0.312,2
-119.845661,34.408189,80.01,-0.302,2
-119.845348,34.408189,80.11,-0.341,2
-119.845036,34.408189,80.69,-0.25,2
-119.844724,34.408189,81.63,-0.127,2
-119.844412,34.408189,82.67,-0.01,2
-119.8441,34.408189,83.69,0.307,2
-119.843788,34.408189,84.64,0.498,2
-119.843476,34.408189,85.31,0.427,2
-119.843163,34.408189,85.42,0.344,2
-119.842851,34.408189,84.42,0.339,2
-119.842539,34.408189,81.59,0.249,2
-119.842227,34.408189,77.31,-0.058,2
-119.841915,34.408189,73.39,-0.327,2
-119.841603,34.408189,70.78,-0.339,2
-119.841291,34.408189,69.07,-0.272,2
-119.840978,34.408189,67.9,-0.218,2
-119.840666,34.408189,67.37,-0.075,2
-119.840354,34.408189,67.13,0.214,2
-119.840042,34.408189,67.01,0.248,2
-119.83973,34.408189,66.95,-0.061,2
-119.839418,34.408189,66.93,-0.027,2
-119.839106,34.408189,66.91,0.019,2
-119.838793,34.408189,66.9,0.35,2
-119.860331,34.407877,69.32,-0.241,2
-119.860019,34.407877,69.36,-0.2,2
-119.859707,34.407877,69.45,-0.149,2
-119.859395,34.407877,69.49,-0.147,2
-119.859083,34.407877,69.51,-0.039,2
-119.85877,34.407877,69.54,0.057,2
-119.858458,34.407877,69.61,0.021,2
-119.858146,34.407877,69.71,-0.141,2
-119.857834,34.407877,69.8,-0.369,2
-119.857522,34.407877,69.9,-0.404,2
-119.85721,34.407877,70.02,-0.291,2
-119.856898,34.407877,70.12,-0.379,2
-119.856585,34.407877,70.17,-0.498,2
-119.856273,34.407877,70.21,-0.589,2
-119.855961,34.407877,70.32,-0.684,2
-119.855649,34.407877,70.61,-0.643,2
-119.855337,34.407877,71.04,-0.536,2
-119.855025,34.407877,71.5,-0.508,2
-119.854713,34.407877,71.96,-0.673,2
-119.8544,34.407877,72.44,-0.401,2
-119.854088,34.407877,73.1,-0.301,2
-119.853776,34.407877,73.89,-0.435,2
-119.853464,34.407877,74.72,-0.352,2
-119.853152,34.407877,75.65,-0.25,2
-119.85284,34.407877,76.98,-0.115,1
-119.852528,34.407877,78.15,0.022,1
-119.852215,34.407877,79,0.124,2
-119.851903,34.407877,80.02,0.199,2
-119.851591,34.407877,81.03,0.25,2
-119.851279,34.407877,81.92,0.288,2
-119.850967,34.407877,82.69,0.311,2
-119.850655,34.407877,83.25,0.365,2
-119.850343,34.407877,84.33,0.359,2
-119.850031,34.407877,85.52,0.275,2
-119.849718,34.407877,85.85,0.314,2
-119.849406,34.407877,86.65,0.39,2
-119.849094,34.407877,87.46,0.394,2
-119.848782,34.407877,87.37,0.401,2
-119.84847,34.407877,87.65,0.423,2
-119.848158,34.407877,87.39,0.46,2
-119.847846,34.407877,86.73,0.51,2
-119.847533,34.407877,85.77,0.57,2
-119.847221,34.407877,84.68,0.583,2
-119.846909,34.407877,83.55,0.634,2
-119.846597,34.407877,82.45,0.583,2
-119.846285,34.407877,81.3,0.29,2
-119.845973,34.407877,80.05,0.052,2
-119.845661,34.407877,78.95,-0.063,2
-119.845348,34.407877,78.42,-0.327,2
-119.845036,34.407877,78.73,-0.389,2
-119.844724,34.407877,79.61,-0.318,2
-119.844412,34.407877,80.74,-0.154,2
-119.8441,34.407877,82.13,0.189,2
-119.843788,34.407877,83.74,0.309,2
-119.843476,34.407877,85.02,0.188,2
-119.843163,34.407877,85.28,0.192,2
-119.842851,34.407877,83.93,0.236,2
-119.842539,34.407877,80.5,0.107,2
-119.842227,34.407877,75.97,-0.193,2
-119.841915,34.407877,72.33,-0.395,2
-119.841603,34.407877,70.11,-0.367,2
-119.841291,34.407877,68.57,-0.277,2
-119.840978,34.407877,67.62,-0.188,2
-119.840666,34.407877,67.22,0.235,2
-119.840354,34.407877,67.02,0.119,2
-119.840042,34.407877,66.9,0.083,2
-119.83973,34.407877,66.85,-0.025,2
-119.839418,34.407877,66.83,0.003,2
-119.839106,34.407877,66.84,0.029,2
-119.859395,34.407565,68.91,0.023,2
-119.859083,34.407565,68.83,0.192,2
-119.85877,34.407565,68.77,0.141,2
-119.858458,34.407565,68.77,0.016,2
-119.858146,34.407565,68.8,-0.174,2
-119.857834,34.407565,68.85,-0.245,2
-119.857522,34.407565,68.93,-0.061,2
-119.85721,34.407565,69.04,-0.184,2
-119.856898,34.407565,69.13,-0.326,2
-119.856585,34.407565,69.19,-0.268,2
-119.856273,34.407565,69.17,-0.306,2
-119.855961,34.407565,69.13,-0.237,2
-119.855649,34.407565,69.19,-0.24,2
-119.855337,34.407565,69.35,-0.39,2
-119.855025,34.407565,69.56,-0.445,2
-119.854713,34.407565,69.78,-0.496,2
-119.8544,34.407565,70.04,-0.657,2
-119.854088,34.407565,70.43,-0.502,2
-119.853776,34.407565,70.93,-0.435,2
-119.853464,34.407565,71.55,-0.515,2
-119.853152,34.407565,72.19,-0.462,2
-119.85284,34.407565,72.97,-0.461,2
-119.852528,34.407565,73.8,-0.358,2
-119.852215,34.407565,74.85,-0.239,1
-119.851903,34.407565,75.97,-0.143,1
-119.851591,34.407565,77.06,-0.054,2
-119.851279,34.407565,78.23,0.038,2
-119.850967,34.407565,79.41,0.132,2
-119.850655,34.407565,80.5,0.214,2
-119.850343,34.407565,81.49,0.242,2
-119.850031,34.407565,82.36,0.259,2
-119.849718,34.407565,83.25,0.355,2
-119.849406,34.407565,84.38,0.424,2
-119.849094,34.407565,85.69,0.44,2
-119.848782,34.407565,86.84,0.427,2
-119.84847,34.407565,87.61,0.408,2
-119.848158,34.407565,87.97,0.434,2
-119.847846,34.407565,87.92,0.453,2
-119.847533,34.407565,87.43,0.474,2
-119.847221,34.407565,86.58,0.474,2
-119.846909,34.407565,85.51,0.495,2
-119.846597,34.407565,84.3,0.544,2
-119.846285,34.407565,82.75,0.529,2
-119.845973,34.407565,80.77,0.408,2
-119.845661,34.407565,78.96,0.023,2
-119.845348,34.407565,78.04,-0.293,2
-119.845036,34.407565,78.13,-0.349,2
-119.844724,34.407565,78.81,-0.268,2
-119.844412,34.407565,79.76,-0.159,2
-119.8441,34.407565,81.18,0.103,2
-119.843788,34.407565,83.1,0.238,2
-119.843476,34.407565,84.51,0.182,1
-119.843163,34.407565,84.57,0.229,2
-119.842851,34.407565,82.82,0.222,2
-119.842539,34.407565,78.82,0.003,2
-119.842227,34.407565,74.17,-0.268,2
-119.841915,34.407565,71.33,-0.304,2
-119.841603,34.407565,69.49,-0.361,2
-119.841291,34.407565,68.14,-0.349,2
-119.840978,34.407565,67.41,-0.167,2
-119.840666,34.407565,67.14,0.038,2
-119.840354,34.407565,66.99,0.21,2
-119.840042,34.407565,66.88,-0.065,2
-119.83973,34.407565,66.83,-0.027,2
-119.857834,34.407253,68.49,-0.02,2
-119.857522,34.407253,68.51,-0.067,2
-119.85721,34.407253,68.53,-0.222,2
-119.856898,34.407253,68.52,-0.052,2
-119.856585,34.407253,68.51,-0.046,2
-119.856273,34.407253,68.47,-0.042,2
-119.855961,34.407253,68.43,-0.038,2
-119.855649,34.407253,68.42,-0.053,2
-119.855337,34.407253,68.44,-0.053,2
-119.855025,34.407253,68.48,-0.025,2
-119.854713,34.407253,68.58,-0.217,2
-119.8544,34.407253,68.72,-0.399,2
-119.854088,34.407253,68.94,-0.454,2
-119.853776,34.407253,69.25,-0.453,2
-119.853464,34.407253,69.65,-0.416,2
-119.853152,34.407253,70.1,-0.379,2
-119.85284,34.407253,70.59,-0.472,2
-119.852528,34.407253,71.16,-0.483,2
-119.852215,34.407253,71.85,-0.423,2
-119.851903,34.407253,72.72,-0.363,2
-119.851591,34.407253,73.8,-0.283,2
-119.851279,34.407253,75.04,-0.191,2
-119.850967,34.407253,76.36,-0.1,2
-119.850655,34.407253,77.56,0,2
-119.850343,34.407253,78.65,0.082,1
-119.850031,34.407253,79.9,0.152,1
-119.849718,34.407253,81.25,0.24,1
-119.849406,34.407253,82.74,0.37,2
-119.849094,34.407253,84.06,0.445,2
-119.848782,34.407253,85.33,0.344,2
-119.84847,34.407253,86.45,0.355,2
-119.848158,34.407253,87.37,0.441,2
-119.847846,34.407253,87.87,0.447,2
-119.847533,34.407253,87.75,0.439,2
-119.847221,34.407253,87.11,0.437,2
-119.846909,34.407253,86.21,0.438,2
-119.846597,34.407253,85.01,0.45,2
-119.846285,34.407253,83.31,0.422,2
-119.845973,34.407253,81.26,0.277,2
-119.845661,34.407253,79.47,-0.068,2
-119.845348,34.407253,78.48,-0.279,2
-119.845036,34.407253,78.36,-0.297,2
-119.844724,34.407253,78.72,-0.249,2
-119.844412,34.407253,79.41,-0.194,2
-119.8441,34.407253,80.54,-0.011,2
-119.843788,34.407253,81.61,0.165,2
-119.843476,34.407253,82.55,0.183,1
-119.843163,34.407253,82.83,0.197,2
-119.842851,34.407253,80.69,0.143,2
-119.842539,34.407253,76.53,-0.096,2
-119.842227,34.407253,72.27,-0.348,1
-119.841915,34.407253,70.32,-0.281,2
-119.841603,34.407253,68.83,-0.248,2
-119.841291,34.407253,67.74,-0.189,2
-119.840978,34.407253,67.25,0.1,2
-119.840666,34.407253,67.08,-0.15,2
-119.840354,34.407253,66.98,0.089,2
-119.840042,34.407253,66.9,-0.105,2
-119.856898,34.406941,68.34,0.24,2
-119.856585,34.406941,68.27,-0.073,2
-119.856273,34.406941,68.2,0.127,2
-119.855961,34.406941,68.11,0.058,2
-119.855649,34.406941,68.01,0.169,2
-119.855337,34.406941,67.95,0.102,2
-119.855025,34.406941,67.85,0.219,2
-119.854713,34.406941,67.8,0.243,2
-119.8544,34.406941,67.84,-0.126,2
-119.854088,34.406941,67.96,-0.023,2
-119.853776,34.406941,68.16,-0.313,2
-119.853464,34.406941,68.41,-0.396,2
-119.853152,34.406941,68.69,-0.13,2
-119.85284,34.406941,69.01,0.025,2
-119.852528,34.406941,69.37,-0.259,2
-119.852215,34.406941,69.81,-0.404,2
-119.851903,34.406941,70.4,-0.372,2
-119.851591,34.406941,71.19,-0.363,2
-119.851279,34.406941,72.18,-0.326,2
-119.850967,34.406941,73.36,-0.283,2
-119.850655,34.406941,74.62,-0.242,2
-119.850343,34.406941,75.88,-0.17,2
-119.850031,34.406941,77.22,-0.077,2
-119.849718,34.406941,78.61,0.014,2
-119.849406,34.406941,80,0.168,2
-119.849094,34.406941,81.36,0.293,2
-119.848782,34.406941,82.75,0.336,2
-119.84847,34.406941,84.1,0.382,2
-119.848158,34.406941,85.4,0.42,2
-119.847846,34.406941,86.57,0.414,2
-119.847533,34.406941,86.85,0.422,2
-119.847221,34.406941,86.41,0.446,2
-119.846909,34.406941,85.72,0.448,2
-119.846597,34.406941,84.69,0.378,2
-119.846285,34.406941,83.22,0.181,2
-119.845973,34.406941,81.62,-0.069,2
-119.845661,34.406941,80.29,-0.132,2
-119.845348,34.406941,79.47,-0.117,2
-119.845036,34.406941,79.26,-0.109,2
-119.844724,34.406941,79.41,-0.136,2
-119.844412,34.406941,79.75,-0.186,2
-119.8441,34.406941,80.33,-0.037,2
-119.843788,34.406941,81.06,0.171,2
-119.843476,34.406941,81.38,0.16,2
-119.843163,34.406941,80.73,0.129,1
-119.842851,34.406941,78.49,-0.011,1
-119.842539,34.406941,74.25,-0.276,2
-119.842227,34.406941,71.15,-0.358,2
-119.841915,34.406941,69.37,-0.255,2
-119.841603,34.406941,68.21,-0.162,2
-119.841291,34.406941,67.42,0.25,2
-119.840978,34.406941,67.12,-0.033,2
-119.840666,34.406941,67.01,-0.225,2
-119.840354,34.406941,66.94,-0.035,2
-119.854713,34.406629,67.43,0.438,2
-119.8544,34.406629,67.41,-0.007,2
-119.854088,34.406629,67.46,-0.043,2
-119.853776,34.406629,67.54,-0.347,2
-119.853464,34.406629,67.66,-0.35,2
-119.853152,34.406629,67.79,-0.008,2
-119.85284,34.406629,67.95,0.1,2
-119.852528,34.406629,68.15,-0.149,2
-119.852215,34.406629,68.37,-0.319,2
-119.851903,34.406629,68.65,-0.326,2
-119.851591,34.406629,69.03,-0.32,2
-119.851279,34.406629,69.56,-0.323,2
-119.850967,34.406629,70.3,-0.351,2
-119.850655,34.406629,71.22,-0.323,2
-119.850343,34.406629,72.26,-0.189,2
-119.850031,34.406629,73.4,-0.215,2
-119.849718,34.406629,74.67,-0.272,2
-119.849406,34.406629,76.08,-0.127,2
-119.849094,34.406629,77.59,-0.001,1
-119.848782,34.406629,79.16,0.11,2
-119.84847,34.406629,81.02,0.216,2
-119.848158,34.406629,82.73,0.302,2
-119.847846,34.406629,84.03,0.313,2
-119.847533,34.406629,84.79,0.339,2
-119.847221,34.406629,84.86,0.38,2
-119.846909,34.406629,84.51,0.368,2
-119.846597,34.406629,83.94,0.302,2
-119.846285,34.406629,83.14,0.146,2
-119.845973,34.406629,82.21,0.02,2
-119.845661,34.406629,81.45,0.136,2
-119.845348,34.406629,81.12,0.235,2
-119.845036,34.406629,81.19,0.281,2
-119.844724,34.406629,81.3,0.227,2
-119.844412,34.406629,81.13,0.054,2
-119.8441,34.406629,80.82,0.041,2
-119.843788,34.406629,80.44,0.15,2
-119.843476,34.406629,80.07,0.113,1
-119.842851,34.406629,75.7,-0.217,2
-119.842539,34.406629,72.04,-0.376,2
-119.842227,34.406629,69.75,-0.469,2
-119.841915,34.406629,68.55,-0.191,2
-119.841603,34.406629,67.7,0.069,2
-119.841291,34.406629,67.19,-0.239,2
-119.840978,34.406629,66.99,-0.007,2
-119.840666,34.406629,66.89,-0.157,2
-119.853464,34.406317,67.39,-0.199,2
-119.853152,34.406317,67.43,-0.03,2
-119.85284,34.406317,67.48,0.033,2
-119.852528,34.406317,67.54,-0.082,2
-119.852215,34.406317,67.61,-0.15,2
-119.851903,34.406317,67.69,-0.192,2
-119.851591,34.406317,67.79,-0.271,2
-119.851279,34.406317,67.99,-0.291,2
-119.850967,34.406317,68.3,-0.251,2
-119.850655,34.406317,68.77,-0.273,2
-119.850343,34.406317,69.38,-0.321,2
-119.850031,34.406317,70.16,-0.329,2
-119.849718,34.406317,71.07,-0.399,2
-119.849406,34.406317,72.13,-0.329,2
-119.849094,34.406317,73.41,-0.312,2
-119.848782,34.406317,74.97,-0.171,2
-119.84847,34.406317,76.83,-0.041,2
-119.848158,34.406317,78.88,0.093,2
-119.847846,34.406317,80.34,0.134,2
-119.847533,34.406317,81.4,0.181,2
-119.847221,34.406317,81.94,0.279,2
-119.846909,34.406317,82.34,0.37,2
-119.846597,34.406317,82.56,0.416,2
-119.846285,34.406317,82.56,0.494,2
-119.845973,34.406317,82.37,0.472,2
-119.845661,34.406317,82.33,0.461,2
-119.845348,34.406317,82.75,0.495,2
-119.845036,34.406317,83.43,0.496,2
-119.844724,34.406317,83.62,0.438,2
-119.844412,34.406317,82.88,0.34,2
-119.8441,34.406317,81.61,0.233,2
-119.843788,34.406317,80.27,0.125,2
-119.843476,34.406317,78.64,-0.029,2
-119.843163,34.406317,75.81,-0.247,2
-119.842851,34.406317,73.09,-0.321,2
-119.842539,34.406317,70.3,-0.363,2
-119.842227,34.406317,68.73,-0.36,2
-119.841915,34.406317,67.92,-0.329,2
-119.841603,34.406317,67.31,-0.176,2
-119.841291,34.406317,66.99,-0.129,2
-119.840978,34.406317,66.85,-0.167,2
-119.852528,34.406004,67.45,0.21,2
-119.852215,34.406004,67.46,0.084,2
-119.851903,34.406004,67.48,-0.059,2
-119.851591,34.406004,67.52,-0.08,2
-119.851279,34.406004,67.56,-0.112,2
-119.850967,34.406004,67.63,-0.138,2
-119.850655,34.406004,67.79,-0.122,2
-119.850343,34.406004,68.03,-0.016,2
-119.850031,34.406004,68.36,-0.133,2
-119.849718,34.406004,68.83,-0.252,2
-119.849406,34.406004,69.52,-0.35,2
-119.849094,34.406004,70.37,-0.365,2
-119.848782,34.406004,71.5,-0.313,2
-119.84847,34.406004,72.91,-0.259,2
-119.848158,34.406004,74.67,-0.14,2
-119.847846,34.406004,76.08,-0.049,2
-119.847533,34.406004,77.33,0.002,1
-119.847221,34.406004,78.49,0.144,2
-119.846909,34.406004,79.58,0.296,2
-119.846597,34.406004,80.61,0.403,2
-119.846285,34.406004,81.45,0.418,2
-119.845973,34.406004,82.06,0.402,2
-119.845661,34.406004,82.75,0.464,2
-119.845348,34.406004,83.74,0.519,2
-119.845036,34.406004,84.67,0.499,2
-119.844724,34.406004,84.79,0.46,2
-119.844412,34.406004,83.7,0.42,2
-119.8441,34.406004,81.75,0.314,2
-119.843788,34.406004,79.72,0.091,2
-119.843476,34.406004,77.51,-0.173,1
-119.843163,34.406004,74.03,-0.356,2
-119.842851,34.406004,71.05,-0.26,2
-119.842539,34.406004,69.01,-0.245,2
-119.842227,34.406004,67.93,-0.206,2
-119.841915,34.406004,67.37,-0.184,2
-119.841603,34.406004,67.03,0.04,2
-119.841291,34.406004,66.86,0.063,2
-119.850967,34.405692,67.51,-0.222,2
-119.850031,34.405692,67.66,-0.093,2
-119.849718,34.405692,67.88,-0.139,2
-119.849406,34.405692,68.22,-0.18,2
-119.849094,34.405692,68.73,-0.241,2
-119.848782,34.405692,69.42,-0.264,2
-119.84847,34.405692,70.31,-0.312,2
-119.848158,34.405692,71.37,-0.321,2
-119.847846,34.405692,72.57,-0.243,2
-119.847533,34.405692,73.87,-0.15,2
-119.847221,34.405692,75.42,-0.055,1
-119.846597,34.405692,79,0.185,1
-119.846285,34.405692,79.92,0.19,2
-119.845973,34.405692,81.26,0.257,2
-119.845661,34.405692,82.57,0.39,2
-119.845348,34.405692,83.84,0.478,2
-119.845036,34.405692,84.73,0.481,2
-119.844724,34.405692,84.84,0.454,2
-119.844412,34.405692,83.7,0.408,2
-119.8441,34.405692,81.32,0.309,2
-119.843788,34.405692,78.54,0.035,2
-119.843476,34.405692,75.64,-0.363,1
-119.843163,34.405692,72.23,-0.499,2
-119.842851,34.405692,69.61,-0.368,2
-119.842539,34.405692,68.18,-0.256,2
-119.842227,34.405692,67.31,-0.124,2
-119.841915,34.405692,66.97,-0.085,2
-119.841603,34.405692,66.87,0.046,2
-119.848782,34.40538,68.28,-0.219,2
-119.84847,34.40538,68.75,-0.256,2
-119.848158,34.40538,69.4,-0.289,2
-119.847846,34.40538,70.23,-0.279,2
-119.847533,34.40538,71.24,-0.25,2
-119.847221,34.40538,72.51,-0.216,2
-119.846909,34.40538,73.82,-0.185,2
-119.846597,34.40538,75.51,-0.121,1
-119.846285,34.40538,77.38,-0.036,2
-119.845973,34.40538,79.23,0.064,2
-119.845661,34.40538,80.98,0.16,2
-119.845348,34.40538,82.63,0.256,2
-119.845036,34.40538,83.78,0.348,2
-119.844724,34.40538,83.88,0.398,2
-119.844412,34.40538,82.55,0.389,2
-119.8441,34.40538,80.18,0.31,2
-119.843788,34.40538,77.28,0.023,2
-119.843476,34.40538,74.03,-0.454,1
-119.843163,34.40538,71.07,-0.435,2
-119.842851,34.40538,68.71,-0.408,2
-119.842539,34.40538,67.62,-0.351,2
-119.842227,34.40538,67.21,-0.105,2
-119.847846,34.405068,68.61,-0.221,2
-119.847533,34.405068,69.15,-0.211,2
-119.847221,34.405068,70.06,-0.225,2
-119.846909,34.405068,71.35,-0.258,2
-119.846597,34.405068,72.59,-0.238,2
-119.846285,34.405068,73.9,-0.196,2
-119.845973,34.405068,75.65,-0.144,2
-119.845661,34.405068,77.67,-0.071,2
-119.845348,34.405068,79.81,0.025,1
-119.845036,34.405068,81.3,0.142,2
-119.844724,34.405068,80.72,0.176,2
-119.844412,34.405068,79.85,0.215,2
-119.8441,34.405068,78.25,0.203,2
-119.843788,34.405068,75.77,-0.016,2
-119.843476,34.405068,72.58,-0.312,1
-119.843163,34.405068,70.01,-0.183,2
-119.842851,34.405068,68.15,-0.168,2
-119.846597,34.404756,70.5,-0.228,2
-119.846285,34.404756,71.25,-0.256,2
-119.845973,34.404756,72.76,-0.264,2
-119.845661,34.404756,73.78,-0.236,2
-119.845348,34.404756,73.57,-0.229,2
-119.844724,34.404756,75.99,-0.021,1
-119.844412,34.404756,75.98,0.041,1
-119.8441,34.404756,74.81,0.057,1
-119.843788,34.404756,72.04,-0.207,1
-119.843476,34.404756,70.95,-0.246,2
-119.843163,34.404756,68.95,-0.308,2
-119.8441,34.404444,71.3,-0.006,2
-119.843788,34.404444,70.36,-0.154,2
-119.843476,34.404444,69.18,-0.218,2
