"longitude","latitude","temperature","ndvi","valid_observations"
-117.829388,33.670627,104.46,0.286,4
-117.829088,33.670627,104.68,0.266,4
-117.828788,33.670627,104.89,0.261,4
-117.828488,33.670627,104.94,0.306,4
-117.828188,33.670627,104.81,0.362,4
-117.827888,33.670627,104.66,0.375,4
-117.827588,33.670627,104.47,0.331,4
-117.827288,33.670627,104.04,0.243,4
-117.826988,33.670627,103.82,0.153,4
-117.826687,33.670627,103.84,0.066,4
-117.826387,33.670627,103.89,0.033,4
-117.826087,33.670627,103.97,0.033,4
-117.825787,33.670627,104.07,0.057,4
-117.825487,33.670627,104.3,0.112,4
-117.825187,33.670627,104.65,0.225,4
-117.824887,33.670627,104.96,0.344,4
-117.824587,33.670627,105.35,0.422,4
-117.824287,33.670627,105.87,0.431,4
-117.823987,33.670627,106.67,0.406,4
-117.823687,33.670627,107.47,0.374,4
-117.823387,33.670627,107.79,0.341,4
-117.823087,33.670627,108.02,0.341,4
-117.822787,33.670627,108.19,0.321,4
-117.822487,33.670627,108.32,0.322,4
-117.822187,33.670627,108.41,0.306,4
-117.821887,33.670627,108.47,0.176,4
-117.821586,33.670627,108.29,0.13,4
-117.821286,33.670627,108.05,0.289,4
-117.820986,33.670627,107.95,0.429,4
-117.820686,33.670627,108.01,0.382,4
-117.820386,33.670627,108.42,0.361,4
-117.820086,33.670627,108.7,0.381,4
-117.846491,33.670327,103.93,0.239,4
-117.846191,33.670327,104.4,0.408,4
-117.845891,33.670327,106.34,0.432,4
-117.845591,33.670327,107.83,0.346,4
-117.845291,33.670327,108.44,0.329,4
-117.844991,33.670327,108.43,0.339,4
-117.844691,33.670327,107.33,0.369,4
-117.844391,33.670327,105.14,0.462,4
-117.844091,33.670327,102.66,0.484,4
-117.843791,33.670327,100.53,0.393,4
-117.843491,33.670327,99.68,0.556,4
-117.843191,33.670327,99.23,0.612,4
-117.842891,33.670327,98.61,0.613,4
-117.842591,33.670327,100.68,0.624,4
-117.842291,33.670327,103.22,0.456,4
-117.841991,33.670327,105.13,0.289,4
-117.84169,33.670327,106.32,0.255,4
-117.84139,33.670327,106.82,0.242,4
-117.84109,33.670327,106.87,0.216,4
-117.84079,33.670327,106.45,0.212,4
-117.84049,33.670327,105.65,0.244,4
-117.84019,33.670327,104.82,0.293,4
-117.83989,33.670327,103.9,0.38,4
-117.83959,33.670327,102.6,0.515,4
-117.83929,33.670327,101.71,0.54,4
-117.83899,33.670327,101.98,0.554,4
-117.83869,33.670327,103.94,0.516,4
-117.83839,33.670327,105.05,0.382,4
-117.83809,33.670327,106.77,0.393,4
-117.83779,33.670327,107.74,0.399,4
-117.83749,33.670327,108.36,0.38,4
-117.83719,33.670327,108.57,0.342,4
-117.83689,33.670327,107.96,0.292,4
-117.836589,33.670327,106.63,0.215,4
-117.836289,33.670327,105.3,0.158,4
-117.835989,33.670327,104.46,0.28,4
-117.835689,33.670327,104.37,0.435,4
-117.835389,33.670327,105.57,0.177,4
-117.835089,33.670327,106.8,0.094,4
-117.834789,33.670327,106.81,0.038,4
-117.834489,33.670327,106.66,0.226,4
-117.834189,33.670327,106.37,0.386,4
-117.833889,33.670327,104.15,0.277,4
-117.833589,33.670327,102.95,0.281,4
-117.833289,33.670327,102.01,0.353,4
-117.832989,33.670327,102.51,0.406,4
-117.832689,33.670327,103.21,0.383,4
-117.832389,33.670327,103.66,0.366,4
-117.832089,33.670327,104.14,0.389,4
-117.831789,33.670327,104.41,0.412,4
-117.831488,33.670327,104.5,0.423,4
-117.831188,33.670327,104.43,0.376,4
-117.830888,33.670327,104.27,0.462,4
-117.830588,33.670327,104.34,0.453,4
-117.830288,33.670327,104.72,0.502,4
-117.829988,33.670327,104.61,0.414,4
-117.829688,33.670327,105,0.383,4
-117.829388,33.670327,105.14,0.359,4
-117.829088,33.670327,105.25,0.325,4
-117.828788,33.670327,105.26,0.277,4
-117.828488,33.670327,105.22,0.282,4
-117.828188,33.670327,105.2,0.334,4
-117.827888,33.670327,105.21,0.38,4
-117.827588,33.670327,105.16,0.402,4
-117.827288,33.670327,104.73,0.405,4
-117.826988,33.670327,104.34,0.401,4
-117.826687,33.670327,104.09,0.287,4
-117.826387,33.670327,103.94,0.16,4
-117.826087,33.670327,103.82,0.089,4
-117.825787,33.670327,103.7,0.061,4
-117.825487,33.670327,103.7,0.072,4
-117.825187,33.670327,103.84,0.069,4
-117.824887,33.670327,103.98,0.082,4
-117.824587,33.670327,104.29,0.119,4
-117.824287,33.670327,104.72,0.176,4
-117.823987,33.670327,105.45,0.255,4
-117.823687,33.670327,106.27,0.325,4
-117.823387,33.670327,106.73,0.355,4
-117.823087,33.670327,107.13,0.358,4
-117.822787,33.670327,107.44,0.295,4
-117.822487,33.670327,107.63,0.244,4
-117.822187,33.670327,107.8,0.166,4
-117.821887,33.670327,107.93,0.165,4
-117.821586,33.670327,107.79,0.27,4
-117.821286,33.670327,107.53,0.336,4
-117.820986,33.670327,107.38,0.439,4
-117.820686,33.670327,107.39,0.424,4
-117.820386,33.670327,107.75,0.363,4
-117.820086,33.670327,108.01,0.338,4
-117.850992,33.670027,100.68,0.051,4
-117.850692,33.670027,101.14,0.101,4
-117.850392,33.670027,101.79,0.271,4
-117.850092,33.670027,102.33,0.408,4
-117.849792,33.670027,101.94,0.271,4
-117.849492,33.670027,101.79,0.206,4
-117.849192,33.670027,101.91,0.295,4
-117.848892,33.670027,102.02,0.394,4
-117.848592,33.670027,102.14,0.454,4
-117.848292,33.670027,102.28,0.435,4
-117.847992,33.670027,102.98,0.319,4
-117.847692,33.670027,104.72,0.32,4
-117.847392,33.670027,105.03,0.211,4
-117.847092,33.670027,104.74,0.236,4
-117.846791,33.670027,105.02,0.195,4
-117.846491,33.670027,105.29,0.255,4
-117.846191,33.670027,105.96,0.399,4
-117.845891,33.670027,108.11,0.385,4
-117.845591,33.670027,109.74,0.321,4
-117.845291,33.670027,110.4,0.316,4
-117.844991,33.670027,108.77,0.328,4
-117.844691,33.670027,105.96,0.349,4
-117.844391,33.670027,103.37,0.437,4
-117.844091,33.670027,100.53,0.518,4
-117.843791,33.670027,98.15,0.5,4
-117.843491,33.670027,96.54,0.652,4
-117.843191,33.670027,96.32,0.693,4
-117.842891,33.670027,98.57,0.727,4
-117.842591,33.670027,101.01,0.674,4
-117.842291,33.670027,103.95,0.417,4
-117.841991,33.670027,106.15,0.251,4
-117.84169,33.670027,107.54,0.182,4
-117.84139,33.670027,108.17,0.146,4
-117.84109,33.670027,107.68,0.13,4
-117.84079,33.670027,106.71,0.141,4
-117.84049,33.670027,105.63,0.166,4
-117.84019,33.670027,103.99,0.224,4
-117.83989,33.670027,101.69,0.382,4
-117.83959,33.670027,99.38,0.595,4
-117.83929,33.670027,97.92,0.628,4
-117.83899,33.670027,98.19,0.642,4
-117.83869,33.670027,101.61,0.631,4
-117.83839,33.670027,103.05,0.373,4
-117.83809,33.670027,105.21,0.315,4
-117.83779,33.670027,107.21,0.325,4
-117.83749,33.670027,108.51,0.336,4
-117.83719,33.670027,109,0.329,4
-117.83689,33.670027,108.44,0.264,4
-117.836589,33.670027,107.06,0.18,4
-117.836289,33.670027,105.64,0.175,4
-117.835989,33.670027,104.8,0.337,4
-117.835689,33.670027,104.79,0.479,4
-117.835389,33.670027,105.62,0.204,4
-117.835089,33.670027,106.54,0.097,4
-117.834789,33.670027,106.08,0.009,4
-117.834489,33.670027,105.75,0.202,4
-117.834189,33.670027,105.26,0.379,4
-117.833889,33.670027,102.77,0.343,4
-117.833589,33.670027,101.3,0.371,4
-117.833289,33.670027,100.34,0.488,4
-117.832989,33.670027,101.33,0.603,4
-117.832689,33.670027,102.57,0.562,4
-117.832389,33.670027,103.36,0.412,4
-117.832089,33.670027,104.19,0.341,4
-117.831789,33.670027,104.73,0.383,4
-117.831488,33.670027,104.91,0.388,4
-117.831188,33.670027,104.83,0.36,4
-117.830888,33.670027,104.68,0.504,4
-117.830588,33.670027,104.98,0.436,4
-117.830288,33.670027,105.59,0.409,4
-117.829988,33.670027,105.48,0.384,4
-117.829688,33.670027,105.79,0.38,4
-117.829388,33.670027,105.91,0.394,4
-117.829088,33.670027,105.91,0.375,4
-117.828788,33.670027,105.76,0.347,4
-117.828488,33.670027,105.66,0.362,4
-117.828188,33.670027,105.74,0.365,4
-117.827888,33.670027,105.86,0.337,4
-117.827588,33.670027,105.89,0.336,4
-117.827288,33.670027,105.69,0.354,4
-117.826988,33.670027,105.35,0.435,4
-117.826687,33.670027,104.91,0.428,4
-117.826387,33.670027,104.42,0.403,4
-117.826087,33.670027,104.03,0.32,4
-117.825787,33.670027,103.86,0.229,4
-117.825487,33.670027,103.68,0.288,4
-117.825187,33.670027,103.64,0.235,4
-117.824887,33.670027,103.74,0.147,4
-117.824587,33.670027,103.92,0.084,4
-117.824287,33.670027,104.16,0.063,4
-117.823987,33.670027,104.57,0.078,4
-117.823687,33.670027,105.09,0.112,4
-117.823387,33.670027,105.53,0.148,4
-117.823087,33.670027,105.98,0.175,4
-117.822787,33.670027,106.42,0.206,4
-117.822487,33.670027,106.56,0.188,4
-117.822187,33.670027,106.66,0.173,4
-117.821887,33.670027,106.75,0.313,4
-117.821586,33.670027,106.69,0.407,4
-117.821286,33.670027,106.44,0.332,4
-117.820986,33.670027,106.41,0.358,4
-117.820686,33.670027,106.56,0.439,4
-117.820386,33.670027,107.03,0.408,4
-117.820086,33.670027,107.35,0.356,4
-117.856693,33.669727,102.06,0.158,4
-117.856393,33.669727,102.21,0.226,4
-117.856093,33.669727,102.85,0.099,4
-117.855793,33.669727,104.47,0.048,4
-117.855493,33.669727,104.79,0.052,4
-117.855193,33.669727,105.24,0.055,4
-117.854893,33.669727,105.19,0.087,4
-117.854593,33.669727,105.55,0.11,4
-117.854293,33.669727,105.88,0.08,4
-117.853993,33.669727,105.52,0.16,4
-117.853693,33.669727,105.51,0.309,4
-117.853393,33.669727,105.81,0.3,4
-117.853093,33.669727,105.8,0.2,4
-117.852793,33.669727,105.37,0.182,4
-117.852493,33.669727,104.54,0.197,4
-117.852193,33.669727,103.19,0.16,4
-117.851892,33.669727,101.73,0.174,4
-117.851592,33.669727,100.66,0.235,4
-117.851292,33.669727,100.18,0.075,4
-117.850992,33.669727,101,0.071,4
-117.850692,33.669727,101.22,0.157,4
-117.850392,33.669727,101.67,0.321,4
-117.850092,33.669727,102.1,0.331,4
-117.849792,33.669727,101.76,0.232,4
-117.849492,33.669727,101.66,0.227,4
-117.849192,33.669727,101.86,0.301,4
-117.848892,33.669727,102.06,0.322,4
-117.848592,33.669727,102.21,0.32,4
-117.848292,33.669727,102.3,0.326,4
-117.847992,33.669727,102.84,0.274,4
-117.847692,33.669727,104.49,0.318,4
-117.847392,33.669727,104.87,0.224,4
-117.847092,33.669727,105.35,0.205,4
-117.846791,33.669727,105.88,0.255,4
-117.846491,33.669727,106.51,0.264,4
-117.846191,33.669727,107.55,0.32,4
-117.845891,33.669727,110.02,0.302,4
-117.845591,33.669727,111.73,0.304,4
-117.845291,33.669727,112.3,0.319,4
-117.844991,33.669727,109.5,0.326,4
-117.844691,33.669727,105.42,0.334,4
-117.844391,33.669727,102.46,0.399,4
-117.844091,33.669727,98.99,0.55,4
-117.843791,33.669727,95.86,0.675,4
-117.843491,33.669727,94.33,0.718,4
-117.843191,33.669727,94.23,0.729,4
-117.842891,33.669727,98.29,0.758,4
-117.842591,33.669727,101.52,0.567,4
-117.842291,33.669727,104.56,0.346,4
-117.841991,33.669727,106.9,0.211,4
-117.84169,33.669727,108.37,0.149,4
-117.84139,33.669727,109.03,0.152,4
-117.84109,33.669727,108.27,0.178,4
-117.84079,33.669727,106.94,0.157,4
-117.84049,33.669727,105.54,0.125,4
-117.84019,33.669727,103.39,0.17,4
-117.83989,33.669727,100.44,0.33,4
-117.83959,33.669727,97.43,0.594,4
-117.83929,33.669727,95.24,0.711,4
-117.83899,33.669727,95.15,0.715,4
-117.83869,33.669727,98.74,0.703,4
-117.83839,33.669727,100.63,0.432,4
-117.83809,33.669727,103.43,0.266,4
-117.83779,33.669727,106.28,0.286,4
-117.83749,33.669727,108.27,0.313,4
-117.83719,33.669727,109.15,0.321,4
-117.83689,33.669727,108.85,0.283,4
-117.836589,33.669727,107.68,0.194,4
-117.836289,33.669727,106.31,0.175,4
-117.835989,33.669727,105.25,0.332,4
-117.835689,33.669727,104.84,0.462,4
-117.835389,33.669727,105.46,0.266,4
-117.835089,33.669727,105.78,0.173,4
-117.834789,33.669727,104.36,0.103,4
-117.834489,33.669727,103.76,0.238,4
-117.834189,33.669727,102.89,0.361,4
-117.833889,33.669727,101.46,0.416,4
-117.833589,33.669727,99.92,0.512,4
-117.833289,33.669727,99.12,0.62,4
-117.832989,33.669727,101.7,0.697,4
-117.832689,33.669727,104.2,0.656,4
-117.832389,33.669727,105.35,0.468,4
-117.832089,33.669727,106.46,0.27,4
-117.831789,33.669727,107.2,0.219,4
-117.831488,33.669727,107.45,0.288,4
-117.831188,33.669727,107.36,0.39,4
-117.830888,33.669727,106.92,0.511,4
-117.830588,33.669727,107.34,0.44,4
-117.830288,33.669727,108.06,0.363,4
-117.829988,33.669727,106.91,0.311,4
-117.829688,33.669727,106.89,0.301,4
-117.829388,33.669727,106.89,0.335,4
-117.829088,33.669727,106.71,0.393,4
-117.828788,33.669727,106.45,0.422,4
-117.828488,33.669727,106.29,0.443,4
-117.828188,33.669727,106.32,0.436,4
-117.827888,33.669727,106.16,0.375,4
-117.827588,33.669727,105.82,0.296,4
-117.827288,33.669727,105.96,0.231,4
-117.826988,33.669727,105.57,0.272,4
-117.826687,33.669727,104.87,0.39,4
-117.826387,33.669727,104.15,0.465,4
-117.826087,33.669727,103.66,0.498,4
-117.825787,33.669727,104.21,0.442,4
-117.825487,33.669727,104.16,0.42,4
-117.825187,33.669727,104.04,0.413,4
-117.824887,33.669727,104.45,0.366,4
-117.824587,33.669727,104.78,0.286,4
-117.824287,33.669727,104.85,0.19,4
-117.823987,33.669727,104.57,0.103,4
-117.823687,33.669727,104.21,0.057,4
-117.823387,33.669727,104.4,0.059,4
-117.823087,33.669727,104.74,0.082,4
-117.822787,33.669727,105.34,0.112,4
-117.822487,33.669727,105.37,0.131,4
-117.822187,33.669727,105.32,0.244,4
-117.821887,33.669727,105.26,0.406,4
-117.821586,33.669727,105.13,0.456,4
-117.821286,33.669727,104.95,0.409,4
-117.820986,33.669727,105.29,0.427,4
-117.820686,33.669727,105.73,0.43,4
-117.820386,33.669727,106.39,0.421,4
-117.820086,33.669727,106.81,0.42,4
-117.856993,33.669427,102.03,0.262,4
-117.856693,33.669427,101.47,0.236,4
-117.856393,33.669427,101.2,0.205,4
-117.856093,33.669427,101.6,0.055,4
-117.855793,33.669427,103.28,0.033,4
-117.855493,33.669427,103.7,0.033,4
-117.855193,33.669427,104.25,0.095,4
-117.854893,33.669427,104.4,0.157,4
-117.854593,33.669427,105.07,0.161,4
-117.854293,33.669427,105.69,0.176,4
-117.853993,33.669427,105.65,0.253,4
-117.853693,33.669427,105.95,0.261,4
-117.853393,33.669427,106.51,0.2,4
-117.853093,33.669427,106.67,0.139,4
-117.852793,33.669427,106.39,0.118,4
-117.852493,33.669427,105.77,0.136,4
-117.852193,33.669427,104.57,0.167,4
-117.851892,33.669427,103.1,0.189,4
-117.851592,33.669427,101.95,0.112,4
-117.851292,33.669427,101.34,0.07,4
-117.850992,33.669427,102.05,0.14,4
-117.850692,33.669427,102.06,0.338,4
-117.850392,33.669427,102.1,0.391,4
-117.850092,33.669427,102.22,0.281,4
-117.849792,33.669427,101.79,0.218,4
-117.849492,33.669427,101.67,0.245,4
-117.849192,33.669427,101.88,0.289,4
-117.848892,33.669427,102.12,0.259,4
-117.848592,33.669427,102.29,0.211,4
-117.848292,33.669427,102.25,0.236,4
-117.847992,33.669427,102.47,0.279,4
-117.847692,33.669427,103.9,0.41,4
-117.847392,33.669427,104.41,0.462,4
-117.847092,33.669427,105.14,0.312,4
-117.846791,33.669427,105.95,0.231,4
-117.846491,33.669427,107.1,0.22,4
-117.846191,33.669427,108.64,0.25,4
-117.845891,33.669427,111.25,0.291,4
-117.845591,33.669427,112.76,0.322,4
-117.845291,33.669427,112.98,0.336,4
-117.844991,33.669427,109.73,0.343,4
-117.844691,33.669427,105.13,0.347,4
-117.844391,33.669427,101.86,0.41,4
-117.844091,33.669427,98.06,0.587,4
-117.843791,33.669427,94.72,0.741,4
-117.843491,33.669427,93.33,0.737,4
-117.843191,33.669427,93.43,0.722,4
-117.842891,33.669427,97.9,0.6,4
-117.842591,33.669427,101.57,0.412,4
-117.842291,33.669427,104.39,0.291,4
-117.841991,33.669427,106.64,0.185,4
-117.84169,33.669427,107.94,0.218,4
-117.84139,33.669427,108.41,0.336,4
-117.84109,33.669427,107.43,0.369,4
-117.84079,33.669427,105.86,0.254,4
-117.84049,33.669427,104.28,0.143,4
-117.84019,33.669427,102.04,0.156,4
-117.83989,33.669427,99.04,0.296,4
-117.83959,33.669427,95.79,0.606,4
-117.83929,33.669427,93.36,0.738,4
-117.83899,33.669427,92.54,0.712,4
-117.83869,33.669427,96.21,0.731,4
-117.83839,33.669427,98.3,0.599,4
-117.83809,33.669427,101.33,0.48,4
-117.83779,33.669427,104.61,0.371,4
-117.83749,33.669427,107.02,0.317,4
-117.83719,33.669427,108.24,0.315,4
-117.83689,33.669427,108.52,0.305,4
-117.836589,33.669427,107.97,0.229,4
-117.836289,33.669427,106.67,0.16,4
-117.835989,33.669427,105.22,0.287,4
-117.835689,33.669427,104.51,0.511,4
-117.835389,33.669427,104.75,0.333,4
-117.835089,33.669427,104.83,0.235,4
-117.834789,33.669427,103.08,0.288,4
-117.834489,33.669427,102.75,0.291,4
-117.834189,33.669427,101.92,0.298,4
-117.833889,33.669427,100.24,0.484,4
-117.833589,33.669427,98.76,0.643,4
-117.833289,33.669427,98.33,0.675,4
-117.832989,33.669427,101.21,0.669,4
-117.832689,33.669427,103.98,0.659,4
-117.832389,33.669427,105.35,0.511,4
-117.832089,33.669427,106.69,0.251,4
-117.831789,33.669427,107.71,0.12,4
-117.831488,33.669427,108.24,0.179,4
-117.831188,33.669427,108.41,0.316,4
-117.830888,33.669427,108.07,0.453,4
-117.830588,33.669427,108.33,0.429,4
-117.830288,33.669427,108.85,0.353,4
-117.829988,33.669427,107.54,0.288,4
-117.829688,33.669427,107.35,0.263,4
-117.829388,33.669427,107.21,0.273,4
-117.829088,33.669427,107,0.359,4
-117.828788,33.669427,106.74,0.44,4
-117.828488,33.669427,106.52,0.466,4
-117.828188,33.669427,106.34,0.448,4
-117.827888,33.669427,106.08,0.39,4
-117.827588,33.669427,105.95,0.301,4
-117.827288,33.669427,106.11,0.238,4
-117.826988,33.669427,105.76,0.284,4
-117.826687,33.669427,105.08,0.401,4
-117.826387,33.669427,104.53,0.475,4
-117.826087,33.669427,104.06,0.562,4
-117.825787,33.669427,104.81,0.59,4
-117.825487,33.669427,104.85,0.492,4
-117.825187,33.669427,104.78,0.432,4
-117.824887,33.669427,105.23,0.453,4
-117.824587,33.669427,105.49,0.48,4
-117.824287,33.669427,105.34,0.433,4
-117.823987,33.669427,104.75,0.322,4
-117.823687,33.669427,104.02,0.217,4
-117.823387,33.669427,103.86,0.144,4
-117.823087,33.669427,103.93,0.072,4
-117.822787,33.669427,104.42,0.055,4
-117.822487,33.669427,104.48,0.07,4
-117.822187,33.669427,104.41,0.13,4
-117.821887,33.669427,104.25,0.208,4
-117.821586,33.669427,104.06,0.316,4
-117.821286,33.669427,104.01,0.409,4
-117.820986,33.669427,104.49,0.498,4
-117.820686,33.669427,105.05,0.465,4
-117.820386,33.669427,105.8,0.407,4
-117.820086,33.669427,106.27,0.392,4
-117.856993,33.669126,102.21,0.261,4
-117.856693,33.669126,101.2,0.155,4
-117.856393,33.669126,100.61,0.107,4
-117.856093,33.669126,100.86,0.085,4
-117.855793,33.669126,102.63,0.06,4
-117.855493,33.669126,103.27,0.041,4
-117.855193,33.669126,104.02,0.075,4
-117.854893,33.669126,104.34,0.103,4
-117.854593,33.669126,105.08,0.131,4
-117.854293,33.669126,105.77,0.2,4
-117.853993,33.669126,105.83,0.208,4
-117.853693,33.669126,106.21,0.186,4
-117.853393,33.669126,106.87,0.16,4
-117.853093,33.669126,107.14,0.132,4
-117.852793,33.669126,106.96,0.106,4
-117.852493,33.669126,106.49,0.088,4
-117.852193,33.669126,105.69,0.108,4
-117.851892,33.669126,104.66,0.174,4
-117.851592,33.669126,103.68,0.17,4
-117.851292,33.669126,102.97,0.125,4
-117.850992,33.669126,103.52,0.227,4
-117.850692,33.669126,103.37,0.247,4
-117.850392,33.669126,103.09,0.282,4
-117.850092,33.669126,102.91,0.325,4
-117.849792,33.669126,102.23,0.274,4
-117.849492,33.669126,101.91,0.215,4
-117.849192,33.669126,101.97,0.24,4
-117.848892,33.669126,102.1,0.249,4
-117.848592,33.669126,102.22,0.205,4
-117.848292,33.669126,102.11,0.22,4
-117.847992,33.669126,102.22,0.27,4
-117.847692,33.669126,103.6,0.345,4
-117.847392,33.669126,104.14,0.526,4
-117.847092,33.669126,105.1,0.385,4
-117.846791,33.669126,106.19,0.232,4
-117.846491,33.669126,107.92,0.239,4
-117.846191,33.669126,109.86,0.273,4
-117.845891,33.669126,112.13,0.315,4
-117.845591,33.669126,113.01,0.341,4
-117.845291,33.669126,112.66,0.348,4
-117.844991,33.669126,108.94,0.351,4
-117.844691,33.669126,103.75,0.374,4
-117.844391,33.669126,99.98,0.471,4
-117.844091,33.669126,96.24,0.624,4
-117.843791,33.669126,93.48,0.706,4
-117.843491,33.669126,92.02,0.726,4
-117.843191,33.669126,92.42,0.691,4
-117.842891,33.669126,96.69,0.493,4
-117.842591,33.669126,99.76,0.364,4
-117.842291,33.669126,102.4,0.309,4
-117.841991,33.669126,104.44,0.25,4
-117.84169,33.669126,105.59,0.279,4
-117.84139,33.669126,105.87,0.335,4
-117.84109,33.669126,105,0.335,4
-117.84079,33.669126,103.57,0.249,4
-117.84049,33.669126,101.99,0.17,4
-117.84019,33.669126,99.87,0.189,4
-117.83989,33.669126,97.1,0.318,4
-117.83959,33.669126,94.43,0.584,4
-117.83929,33.669126,92.3,0.7,4
-117.83899,33.669126,91.32,0.702,4
-117.83869,33.669126,94.13,0.735,4
-117.83839,33.669126,96.4,0.752,4
-117.83809,33.669126,99.39,0.749,4
-117.83779,33.669126,102.66,0.524,4
-117.83749,33.669126,105.31,0.349,4
-117.83719,33.669126,107.09,0.309,4
-117.83689,33.669126,108.12,0.312,4
-117.836589,33.669126,108,0.235,4
-117.836289,33.669126,106.45,0.16,4
-117.835989,33.669126,104.55,0.312,4
-117.835689,33.669126,103.68,0.534,4
-117.835389,33.669126,103.54,0.321,4
-117.835089,33.669126,103.68,0.28,4
-117.834789,33.669126,101.89,0.333,4
-117.834489,33.669126,101.68,0.307,4
-117.834189,33.669126,100.66,0.412,4
-117.833889,33.669126,99.13,0.613,4
-117.833589,33.669126,98.1,0.651,4
-117.833289,33.669126,97.93,0.614,4
-117.832989,33.669126,100.2,0.616,4
-117.832689,33.669126,102.6,0.656,4
-117.832389,33.669126,104.11,0.618,4
-117.832089,33.669126,105.83,0.442,4
-117.831789,33.669126,107.61,0.24,4
-117.831488,33.669126,109.03,0.185,4
-117.831188,33.669126,109.8,0.283,4
-117.830888,33.669126,110.82,0.336,4
-117.830588,33.669126,110.69,0.372,4
-117.830288,33.669126,110.66,0.382,4
-117.829988,33.669126,108.79,0.321,4
-117.829688,33.669126,108.36,0.314,4
-117.829388,33.669126,108.18,0.31,4
-117.829088,33.669126,107.58,0.335,4
-117.828788,33.669126,107.09,0.405,4
-117.828488,33.669126,106.82,0.441,4
-117.828188,33.669126,106.4,0.427,4
-117.827888,33.669126,106.04,0.396,4
-117.827588,33.669126,106.06,0.351,4
-117.827288,33.669126,105.96,0.364,4
-117.826988,33.669126,105.64,0.412,4
-117.826687,33.669126,105.29,0.358,4
-117.826387,33.669126,105.15,0.457,4
-117.826087,33.669126,105.15,0.567,4
-117.825787,33.669126,105.64,0.553,4
-117.825487,33.669126,105.69,0.485,4
-117.825187,33.669126,105.69,0.429,4
-117.824887,33.669126,105.95,0.42,4
-117.824587,33.669126,106.05,0.417,4
-117.824287,33.669126,105.88,0.481,4
-117.823987,33.669126,105.35,0.54,4
-117.823687,33.669126,104.57,0.467,4
-117.823387,33.669126,104.1,0.33,4
-117.823087,33.669126,103.8,0.186,4
-117.822787,33.669126,103.91,0.23,4
-117.822487,33.669126,103.94,0.152,4
-117.822187,33.669126,103.91,0.085,4
-117.821887,33.669126,103.81,0.053,4
-117.821586,33.669126,103.69,0.098,4
-117.821286,33.669126,103.7,0.181,4
-117.820986,33.669126,104.3,0.281,4
-117.820686,33.669126,104.91,0.32,4
-117.820386,33.669126,105.59,0.307,4
-117.820086,33.669126,106,0.295,4
-117.856993,33.668826,102.29,0.143,4
-117.856693,33.668826,101.11,0.053,4
-117.856393,33.668826,100.38,0.058,4
-117.856093,33.668826,100.4,0.091,4
-117.855793,33.668826,101.68,0.113,4
-117.855493,33.668826,102.44,0.129,4
-117.855193,33.668826,103.32,0.065,4
-117.854893,33.668826,103.76,0.061,4
-117.854593,33.668826,104.39,0.11,4
-117.854293,33.668826,104.91,0.178,4
-117.853993,33.668826,104.99,0.138,4
-117.853693,33.668826,105.29,0.131,4
-117.853393,33.668826,105.76,0.169,4
-117.853093,33.668826,105.96,0.157,4
-117.852793,33.668826,105.89,0.099,4
-117.852493,33.668826,105.68,0.059,4
-117.852193,33.668826,105.27,0.072,4
-117.851892,33.668826,104.77,0.183,4
-117.851592,33.668826,104.23,0.216,4
-117.851292,33.668826,103.66,0.135,4
-117.850992,33.668826,103.98,0.273,4
-117.850692,33.668826,103.54,0.251,4
-117.850392,33.668826,103.07,0.211,4
-117.850092,33.668826,103.54,0.232,4
-117.849792,33.668826,103.53,0.317,4
-117.849492,33.668826,103.3,0.327,4
-117.849192,33.668826,103.2,0.357,4
-117.848892,33.668826,102.9,0.378,4
-117.848592,33.668826,102.52,0.302,4
-117.848292,33.668826,102.42,0.268,4
-117.847992,33.668826,102.66,0.316,4
-117.847692,33.668826,104.28,0.298,4
-117.847392,33.668826,104.78,0.39,4
-117.847092,33.668826,105.71,0.429,4
-117.846791,33.668826,106.97,0.311,4
-117.846491,33.668826,109.05,0.339,4
-117.846191,33.668826,111.17,0.341,4
-117.845891,33.668826,109.46,0.345,4
-117.845591,33.668826,108.1,0.349,4
-117.845291,33.668826,107.11,0.352,4
-117.844991,33.668826,104.51,0.374,4
-117.844691,33.668826,100.53,0.468,4
-117.844391,33.668826,96.6,0.607,4
-117.844091,33.668826,93.49,0.68,4
-117.843791,33.668826,91.41,0.69,4
-117.843491,33.668826,90.28,0.694,4
-117.843191,33.668826,90.55,0.686,4
-117.842891,33.668826,92.19,0.602,4
-117.842591,33.668826,94.96,0.446,4
-117.842291,33.668826,97.13,0.442,4
-117.841991,33.668826,98.7,0.396,4
-117.84169,33.668826,99.72,0.348,4
-117.84139,33.668826,100.1,0.341,4
-117.84109,33.668826,101.29,0.37,4
-117.84079,33.668826,101.71,0.364,4
-117.84049,33.668826,100.36,0.35,4
-117.84019,33.668826,98.44,0.409,4
-117.83989,33.668826,96.1,0.493,4
-117.83959,33.668826,94.55,0.568,4
-117.83929,33.668826,93.04,0.663,4
-117.83899,33.668826,92.34,0.705,4
-117.83869,33.668826,92.91,0.727,4
-117.83839,33.668826,95.03,0.758,4
-117.83809,33.668826,98.12,0.758,4
-117.83779,33.668826,101.24,0.57,4
-117.83749,33.668826,103.89,0.369,4
-117.83719,33.668826,105.98,0.304,4
-117.83689,33.668826,107.25,0.308,4
-117.836589,33.668826,106.9,0.237,4
-117.836289,33.668826,105.1,0.163,4
-117.835989,33.668826,103.3,0.305,4
-117.835689,33.668826,102.35,0.529,4
-117.835389,33.668826,102.21,0.395,4
-117.835089,33.668826,102.46,0.307,4
-117.834789,33.668826,100.53,0.281,4
-117.834489,33.668826,100.24,0.337,4
-117.834189,33.668826,99.29,0.556,4
-117.833889,33.668826,98.38,0.652,4
-117.833589,33.668826,97.81,0.618,4
-117.833289,33.668826,97.73,0.594,4
-117.832989,33.668826,98.67,0.603,4
-117.832689,33.668826,100.13,0.629,4
-117.832389,33.668826,101.8,0.634,4
-117.832089,33.668826,104.02,0.565,4
-117.831789,33.668826,106.82,0.404,4
-117.831488,33.668826,109.32,0.256,4
-117.831188,33.668826,110.67,0.354,4
-117.830888,33.668826,114.44,0.453,4
-117.830588,33.668826,113.96,0.39,4
-117.830288,33.668826,113.34,0.362,4
-117.829988,33.668826,110.54,0.376,4
-117.829688,33.668826,109.69,0.383,4
-117.829388,33.668826,109.35,0.352,4
-117.829088,33.668826,108.16,0.338,4
-117.828788,33.668826,107.36,0.349,4
-117.828488,33.668826,107.11,0.354,4
-117.828188,33.668826,106.93,0.37,4
-117.827888,33.668826,106.76,0.395,4
-117.827588,33.668826,106.42,0.4,4
-117.827288,33.668826,106.08,0.453,4
-117.826988,33.668826,105.83,0.512,4
-117.826687,33.668826,105.69,0.33,4
-117.826387,33.668826,105.86,0.373,4
-117.826087,33.668826,106.24,0.494,4
-117.825787,33.668826,106.39,0.457,4
-117.825487,33.668826,106.48,0.448,4
-117.825187,33.668826,106.52,0.446,4
-117.824887,33.668826,106.48,0.399,4
-117.824587,33.668826,106.43,0.309,4
-117.824287,33.668826,106.34,0.331,4
-117.823987,33.668826,105.94,0.405,4
-117.823687,33.668826,105.21,0.345,4
-117.823387,33.668826,104.57,0.264,4
-117.823087,33.668826,103.93,0.309,4
-117.822787,33.668826,103.72,0.467,4
-117.822487,33.668826,103.81,0.437,4
-117.822187,33.668826,103.91,0.291,4
-117.821887,33.668826,104.03,0.132,4
-117.821586,33.668826,104.15,0.073,4
-117.821286,33.668826,104.22,0.058,4
-117.820986,33.668826,104.58,0.067,4
-117.820686,33.668826,104.97,0.097,4
-117.820386,33.668826,105.39,0.133,4
-117.820086,33.668826,105.64,0.152,4
-117.856993,33.668526,102.94,0.058,4
-117.856693,33.668526,101.79,0.032,4
-117.856393,33.668526,101.08,0.036,4
-117.856093,33.668526,101.03,0.062,4
-117.855793,33.668526,102.17,0.122,4
-117.855493,33.668526,103,0.361,4
-117.855193,33.668526,103.97,0.253,4
-117.854893,33.668526,104.33,0.143,4
-117.854593,33.668526,104.72,0.145,4
-117.854293,33.668526,104.9,0.151,4
-117.853993,33.668526,104.66,0.128,4
-117.853693,33.668526,104.61,0.1,4
-117.853393,33.668526,104.78,0.13,4
-117.853093,33.668526,104.86,0.177,4
-117.852793,33.668526,104.85,0.156,4
-117.852493,33.668526,104.85,0.119,4
-117.852193,33.668526,104.68,0.167,4
-117.851892,33.668526,104.39,0.261,4
-117.851592,33.668526,104.07,0.2,4
-117.851292,33.668526,103.73,0.133,4
-117.850992,33.668526,104.2,0.143,4
-117.850692,33.668526,103.85,0.234,4
-117.850392,33.668526,103.46,0.299,4
-117.850092,33.668526,104.05,0.249,4
-117.849792,33.668526,104.08,0.243,4
-117.849492,33.668526,103.73,0.303,4
-117.849192,33.668526,103.47,0.411,4
-117.848892,33.668526,103.04,0.419,4
-117.848592,33.668526,102.54,0.283,4
-117.848292,33.668526,102.48,0.225,4
-117.847992,33.668526,102.82,0.282,4
-117.847692,33.668526,104.47,0.268,4
-117.847392,33.668526,104.77,0.212,4
-117.847092,33.668526,105.44,0.291,4
-117.846791,33.668526,106.64,0.393,4
-117.846491,33.668526,108.5,0.437,4
-117.846191,33.668526,110.29,0.373,4
-117.845891,33.668526,108.31,0.35,4
-117.845591,33.668526,106.63,0.35,4
-117.845291,33.668526,104.89,0.374,4
-117.844991,33.668526,101.56,0.468,4
-117.844691,33.668526,97.52,0.586,4
-117.844391,33.668526,94.11,0.652,4
-117.844091,33.668526,91.52,0.685,4
-117.843791,33.668526,89.53,0.702,4
-117.843491,33.668526,88.5,0.696,4
-117.843191,33.668526,88.37,0.721,4
-117.842891,33.668526,89.33,0.715,4
-117.842591,33.668526,91.05,0.694,4
-117.842291,33.668526,92.57,0.714,4
-117.841991,33.668526,93.85,0.663,4
-117.84169,33.668526,94.91,0.584,4
-117.84139,33.668526,95.34,0.556,4
-117.84109,33.668526,96.94,0.589,4
-117.84079,33.668526,98.07,0.618,4
-117.84049,33.668526,97.27,0.623,4
-117.84019,33.668526,95.87,0.627,4
-117.83989,33.668526,94.01,0.621,4
-117.83959,33.668526,92.84,0.64,4
-117.83929,33.668526,92.17,0.703,4
-117.83899,33.668526,92.43,0.736,4
-117.83869,33.668526,93.32,0.74,4
-117.83839,33.668526,95.37,0.761,4
-117.83809,33.668526,98.08,0.749,4
-117.83779,33.668526,100.74,0.56,4
-117.83749,33.668526,103.15,0.351,4
-117.83719,33.668526,105.21,0.301,4
-117.83689,33.668526,106.18,0.32,4
-117.836589,33.668526,105.71,0.26,4
-117.836289,33.668526,104.08,0.194,4
-117.835989,33.668526,102.11,0.307,4
-117.835689,33.668526,100.97,0.52,4
-117.835389,33.668526,100.86,0.496,4
-117.835089,33.668526,101.33,0.291,4
-117.834789,33.668526,99.46,0.2,4
-117.834489,33.668526,99.15,0.318,4
-117.834189,33.668526,98.43,0.604,4
-117.833889,33.668526,97.94,0.652,4
-117.833589,33.668526,97.66,0.621,4
-117.833289,33.668526,97.66,0.616,4
-117.832989,33.668526,98.53,0.626,4
-117.832689,33.668526,100.08,0.614,4
-117.832389,33.668526,102.05,0.578,4
-117.832089,33.668526,104.63,0.519,4
-117.831789,33.668526,107.67,0.439,4
-117.831488,33.668526,110.28,0.411,4
-117.831188,33.668526,112.05,0.493,4
-117.830888,33.668526,116.63,0.533,4
-117.830588,33.668526,115.82,0.455,4
-117.830288,33.668526,114.81,0.367,4
-117.829988,33.668526,111.5,0.375,4
-117.829688,33.668526,110.18,0.448,4
-117.829388,33.668526,109.52,0.444,4
-117.829088,33.668526,108.19,0.41,4
-117.828788,33.668526,107.39,0.319,4
-117.828488,33.668526,107.24,0.249,4
-117.828188,33.668526,107.13,0.275,4
-117.827888,33.668526,106.91,0.36,4
-117.827588,33.668526,106.38,0.44,4
-117.827288,33.668526,105.86,0.451,4
-117.826988,33.668526,105.52,0.469,4
-117.826687,33.668526,105.48,0.453,4
-117.826387,33.668526,105.8,0.42,4
-117.826087,33.668526,106.39,0.429,4
-117.825787,33.668526,106.7,0.396,4
-117.825487,33.668526,106.87,0.397,4
-117.825187,33.668526,106.89,0.447,4
-117.824887,33.668526,106.77,0.412,4
-117.824587,33.668526,106.65,0.299,4
-117.824287,33.668526,106.52,0.223,4
-117.823987,33.668526,106.13,0.179,4
-117.823687,33.668526,105.46,0.142,4
-117.823387,33.668526,104.87,0.236,4
-117.823087,33.668526,104.19,0.423,4
-117.822787,33.668526,103.9,0.505,4
-117.822487,33.668526,103.92,0.58,4
-117.822187,33.668526,104.12,0.419,4
-117.821887,33.668526,104.57,0.234,4
-117.821586,33.668526,105.08,0.185,4
-117.821286,33.668526,105.43,0.153,4
-117.820986,33.668526,105.68,0.117,4
-117.820686,33.668526,105.87,0.083,4
-117.820386,33.668526,106.04,0.062,4
-117.820086,33.668526,106.14,0.056,4
-117.857594,33.668226,106.58,0.391,4
-117.857294,33.668226,105.74,0.287,4
-117.856993,33.668226,104.26,0.125,4
-117.856693,33.668226,103.2,0.045,4
-117.856393,33.668226,102.6,0.024,4
-117.856093,33.668226,102.49,0.037,4
-117.855793,33.668226,103.4,0.064,4
-117.855493,33.668226,104.2,0.192,4
-117.855193,33.668226,105.09,0.302,4
-117.854893,33.668226,105.33,0.212,4
-117.854593,33.668226,105.43,0.167,4
-117.854293,33.668226,105.32,0.126,4
-117.853993,33.668226,104.77,0.125,4
-117.853693,33.668226,104.35,0.144,4
-117.853393,33.668226,104.16,0.178,4
-117.853093,33.668226,103.95,0.212,4
-117.852793,33.668226,103.79,0.218,4
-117.852493,33.668226,103.81,0.213,4
-117.852193,33.668226,103.79,0.237,4
-117.851892,33.668226,103.7,0.217,4
-117.851592,33.668226,103.59,0.104,4
-117.851292,33.668226,103.47,0.057,4
-117.850992,33.668226,104.04,0.066,4
-117.850692,33.668226,103.88,0.168,4
-117.850392,33.668226,103.72,0.355,4
-117.850092,33.668226,104.39,0.335,4
-117.849792,33.668226,104.47,0.236,4
-117.849492,33.668226,104.12,0.188,4
-117.849192,33.668226,103.83,0.23,4
-117.848892,33.668226,103.4,0.306,4
-117.848592,33.668226,102.91,0.301,4
-117.848292,33.668226,102.82,0.215,4
-117.847992,33.668226,103.02,0.203,4
-117.847692,33.668226,104.51,0.194,4
-117.847392,33.668226,104.49,0.231,4
-117.847092,33.668226,104.74,0.389,4
-117.846791,33.668226,105.65,0.464,4
-117.846491,33.668226,107.04,0.404,4
-117.846191,33.668226,108.44,0.36,4
-117.845891,33.668226,106.11,0.35,4
-117.845591,33.668226,103.96,0.368,4
-117.845291,33.668226,101.59,0.441,4
-117.844991,33.668226,97.93,0.573,4
-117.844691,33.668226,94.3,0.648,4
-117.844391,33.668226,91.67,0.623,4
-117.844091,33.668226,89.72,0.647,4
-117.843791,33.668226,88.06,0.703,4
-117.843491,33.668226,86.85,0.709,4
-117.843191,33.668226,86.39,0.741,4
-117.842891,33.668226,86.86,0.744,4
-117.842591,33.668226,87.61,0.769,4
-117.842291,33.668226,88.36,0.78,4
-117.841991,33.668226,89.22,0.775,4
-117.84169,33.668226,90.13,0.749,4
-117.84139,33.668226,90.79,0.721,4
-117.84109,33.668226,92.97,0.706,4
-117.84079,33.668226,94.69,0.701,4
-117.84049,33.668226,94.33,0.693,4
-117.84019,33.668226,93.55,0.685,4
-117.83989,33.668226,92.41,0.701,4
-117.83959,33.668226,92.09,0.73,4
-117.83929,33.668226,92.28,0.748,4
-117.83899,33.668226,93.39,0.739,4
-117.83869,33.668226,94.69,0.678,4
-117.83839,33.668226,96.52,0.66,4
-117.83809,33.668226,98.56,0.68,4
-117.83779,33.668226,100.61,0.529,4
-117.83749,33.668226,102.6,0.404,4
-117.83719,33.668226,104.33,0.401,4
-117.83689,33.668226,105.05,0.445,4
-117.836589,33.668226,104.51,0.371,4
-117.836289,33.668226,102.79,0.259,4
-117.835989,33.668226,100.49,0.322,4
-117.835689,33.668226,99.36,0.44,4
-117.835389,33.668226,99.77,0.596,4
-117.835089,33.668226,100.24,0.396,4
-117.834789,33.668226,98.21,0.253,4
-117.834489,33.668226,97.96,0.424,4
-117.834189,33.668226,97.62,0.641,4
-117.833889,33.668226,97.42,0.678,4
-117.833589,33.668226,97.36,0.657,4
-117.833289,33.668226,97.51,0.635,4
-117.832989,33.668226,98.34,0.652,4
-117.832689,33.668226,99.93,0.637,4
-117.832389,33.668226,102.36,0.531,4
-117.832089,33.668226,105.53,0.425,4
-117.831789,33.668226,108.71,0.439,4
-117.831488,33.668226,111.4,0.513,4
-117.831188,33.668226,113.92,0.521,4
-117.830888,33.668226,119.2,0.523,4
-117.830588,33.668226,118.62,0.501,4
-117.830288,33.668226,117.36,0.43,4
-117.829988,33.668226,113.43,0.357,4
-117.829688,33.668226,111.43,0.364,4
-117.829388,33.668226,110.28,0.457,4
-117.829088,33.668226,108.66,0.472,4
-117.828788,33.668226,107.66,0.365,4
-117.828488,33.668226,107.43,0.239,4
-117.828188,33.668226,107.32,0.203,4
-117.827888,33.668226,107.08,0.301,4
-117.827588,33.668226,106.46,0.462,4
-117.827288,33.668226,105.85,0.479,4
-117.826988,33.668226,105.48,0.396,4
-117.826687,33.668226,105.49,0.459,4
-117.826387,33.668226,105.8,0.458,4
-117.826087,33.668226,106.35,0.412,4
-117.825787,33.668226,106.65,0.418,4
-117.825487,33.668226,106.83,0.376,4
-117.825187,33.668226,106.83,0.393,4
-117.824887,33.668226,106.71,0.409,4
-117.824587,33.668226,106.59,0.329,4
-117.824287,33.668226,106.48,0.218,4
-117.823987,33.668226,106.14,0.18,4
-117.823687,33.668226,105.59,0.235,4
-117.823387,33.668226,105.15,0.383,4
-117.823087,33.668226,104.53,0.536,4
-117.822787,33.668226,104.09,0.47,4
-117.822487,33.668226,103.9,0.545,4
-117.822187,33.668226,104.25,0.318,4
-117.821887,33.668226,105.03,0.21,4
-117.821586,33.668226,105.91,0.181,4
-117.821286,33.668226,106.49,0.209,4
-117.820986,33.668226,106.82,0.253,4
-117.820686,33.668226,106.96,0.245,4
-117.820386,33.668226,106.91,0.201,4
-117.857594,33.667926,109.12,0.392,4
-117.857294,33.667926,108.46,0.39,4
-117.856993,33.667926,107.04,0.324,4
-117.856693,33.667926,105.89,0.171,4
-117.856393,33.667926,105.36,0.075,4
-117.856093,33.667926,105.06,0.057,4
-117.855793,33.667926,104.51,0.066,4
-117.855493,33.667926,105.32,0.143,4
-117.855193,33.667926,106.14,0.201,4
-117.854893,33.667926,106.01,0.234,4
-117.854593,33.667926,105.86,0.189,4
-117.854293,33.667926,105.54,0.15,4
-117.853993,33.667926,104.9,0.136,4
-117.853693,33.667926,104.26,0.148,4
-117.853393,33.667926,103.72,0.182,4
-117.853093,33.667926,103.05,0.214,4
-117.852793,33.667926,102.45,0.218,4
-117.852493,33.667926,102.38,0.214,4
-117.852193,33.667926,102.51,0.221,4
-117.851892,33.667926,102.64,0.137,4
-117.851592,33.667926,102.74,0.092,4
-117.851292,33.667926,102.87,0.074,4
-117.850992,33.667926,103.29,0.093,4
-117.850692,33.667926,103.3,0.192,4
-117.850392,33.667926,103.5,0.303,4
-117.850092,33.667926,104.32,0.231,4
-117.849792,33.667926,104.49,0.195,4
-117.849492,33.667926,104.23,0.228,4
-117.849192,33.667926,104.1,0.222,4
-117.848892,33.667926,104.12,0.233,4
-117.848592,33.667926,104.14,0.299,4
-117.848292,33.667926,103.92,0.267,4
-117.847992,33.667926,103.45,0.194,4
-117.847692,33.667926,102.82,0.222,4
-117.847392,33.667926,102.05,0.366,4
-117.847092,33.667926,101.52,0.603,4
-117.846791,33.667926,101.76,0.612,4
-117.846491,33.667926,102.51,0.529,4
-117.846191,33.667926,103.47,0.421,4
-117.845891,33.667926,101.86,0.372,4
-117.845591,33.667926,99.86,0.443,4
-117.845291,33.667926,97.22,0.579,4
-117.844991,33.667926,93.93,0.69,4
-117.844691,33.667926,91.23,0.69,4
-117.844391,33.667926,89.47,0.603,4
-117.844091,33.667926,88.15,0.604,4
-117.843791,33.667926,86.89,0.697,4
-117.843491,33.667926,85.96,0.741,4
-117.843191,33.667926,85.46,0.768,4
-117.842891,33.667926,85.47,0.753,4
-117.842591,33.667926,85.72,0.786,4
-117.842291,33.667926,86.07,0.785,4
-117.841991,33.667926,86.61,0.769,4
-117.84169,33.667926,87.25,0.749,4
-117.84139,33.667926,87.86,0.725,4
-117.84109,33.667926,89.74,0.71,4
-117.84079,33.667926,91.44,0.699,4
-117.84049,33.667926,91.61,0.699,4
-117.84019,33.667926,91.58,0.723,4
-117.83989,33.667926,91.53,0.733,4
-117.83959,33.667926,92.17,0.734,4
-117.83929,33.667926,93.2,0.695,4
-117.83899,33.667926,94.58,0.658,4
-117.83869,33.667926,96.1,0.473,4
-117.83839,33.667926,97.97,0.4,4
-117.83809,33.667926,99.55,0.507,4
-117.83779,33.667926,101.48,0.566,4
-117.83749,33.667926,103.05,0.524,4
-117.83719,33.667926,104.17,0.477,4
-117.83689,33.667926,104.61,0.535,4
-117.836589,33.667926,103.87,0.475,4
-117.836289,33.667926,101.91,0.292,4
-117.835989,33.667926,99.59,0.296,4
-117.835689,33.667926,98.37,0.329,4
-117.835389,33.667926,98.73,0.608,4
-117.835089,33.667926,99,0.456,4
-117.834789,33.667926,97.08,0.448,4
-117.834489,33.667926,97,0.557,4
-117.834189,33.667926,96.96,0.629,4
-117.833889,33.667926,96.99,0.624,4
-117.833589,33.667926,96.97,0.661,4
-117.833289,33.667926,97.15,0.671,4
-117.832989,33.667926,97.99,0.653,4
-117.832689,33.667926,99.46,0.652,4
-117.832389,33.667926,101.75,0.616,4
-117.832089,33.667926,105.05,0.499,4
-117.831789,33.667926,108.72,0.43,4
-117.831488,33.667926,111.91,0.505,4
-117.831188,33.667926,114.55,0.523,4
-117.830888,33.667926,117.32,0.522,4
-117.830588,33.667926,117.41,0.529,4
-117.830288,33.667926,116.22,0.503,4
-117.829988,33.667926,114.78,0.43,4
-117.829688,33.667926,112.83,0.359,4
-117.829388,33.667926,111.01,0.379,4
-117.829088,33.667926,109.1,0.411,4
-117.828788,33.667926,107.8,0.386,4
-117.828488,33.667926,107.19,0.313,4
-117.828188,33.667926,106.88,0.262,4
-117.827888,33.667926,106.66,0.324,4
-117.827588,33.667926,106.11,0.493,4
-117.827288,33.667926,105.57,0.57,4
-117.826988,33.667926,105.27,0.498,4
-117.826687,33.667926,105.3,0.53,4
-117.826387,33.667926,105.5,0.552,4
-117.826087,33.667926,105.85,0.456,4
-117.825787,33.667926,106.19,0.425,4
-117.825487,33.667926,106.38,0.354,4
-117.825187,33.667926,106.43,0.394,4
-117.824887,33.667926,106.17,0.417,4
-117.824587,33.667926,106,0.286,4
-117.824287,33.667926,106.05,0.212,4
-117.823987,33.667926,106.21,0.322,4
-117.823687,33.667926,106.39,0.362,4
-117.823387,33.667926,106.06,0.242,4
-117.823087,33.667926,105.47,0.328,4
-117.822787,33.667926,105.01,0.55,4
-117.822487,33.667926,104.74,0.598,4
-117.822187,33.667926,105.2,0.354,4
-117.821887,33.667926,106.25,0.285,4
-117.821586,33.667926,107.42,0.278,4
-117.821286,33.667926,108.2,0.228,4
-117.820986,33.667926,108.43,0.219,4
-117.820686,33.667926,108.45,0.192,4
-117.820386,33.667926,108.45,0.166,4
-117.857294,33.667626,109.13,0.252,4
-117.856993,33.667626,107.88,0.36,4
-117.856693,33.667626,106.96,0.368,4
-117.856393,33.667626,106.61,0.226,4
-117.856093,33.667626,106.36,0.118,4
-117.855793,33.667626,105.71,0.121,4
-117.855493,33.667626,106.39,0.212,4
-117.855193,33.667626,106.96,0.146,4
-117.854893,33.667626,106.57,0.242,4
-117.854593,33.667626,106.16,0.168,4
-117.854293,33.667626,105.63,0.123,4
-117.853993,33.667626,104.78,0.128,4
-117.853693,33.667626,103.9,0.136,4
-117.853393,33.667626,103.05,0.149,4
-117.853093,33.667626,102.02,0.179,4
-117.852793,33.667626,101.14,0.205,4
-117.852493,33.667626,100.99,0.215,4
-117.852193,33.667626,101.22,0.211,4
-117.851892,33.667626,101.55,0.149,4
-117.851592,33.667626,101.87,0.115,4
-117.851292,33.667626,102.19,0.125,4
-117.850992,33.667626,102.82,0.132,4
-117.850692,33.667626,103.01,0.179,4
-117.850392,33.667626,102.99,0.324,4
-117.850092,33.667626,103.81,0.309,4
-117.849792,33.667626,104.09,0.202,4
-117.849492,33.667626,103.97,0.176,4
-117.849192,33.667626,104,0.215,4
-117.848892,33.667626,104.72,0.201,4
-117.848592,33.667626,105.66,0.166,4
-117.848292,33.667626,105.28,0.23,4
-117.847992,33.667626,103.91,0.295,4
-117.847692,33.667626,99.83,0.333,4
-117.847392,33.667626,98.17,0.471,4
-117.847092,33.667626,96.61,0.682,4
-117.846791,33.667626,95.9,0.756,4
-117.846491,33.667626,95.89,0.72,4
-117.846191,33.667626,96.38,0.576,4
-117.845891,33.667626,96.25,0.482,4
-117.845591,33.667626,94.93,0.575,4
-117.845291,33.667626,92.69,0.698,4
-117.844991,33.667626,90.37,0.743,4
-117.844691,33.667626,88.74,0.707,4
-117.844391,33.667626,87.81,0.607,4
-117.844091,33.667626,87.05,0.576,4
-117.843791,33.667626,86.14,0.678,4
-117.843491,33.667626,85.36,0.753,4
-117.843191,33.667626,84.85,0.785,4
-117.842891,33.667626,84.81,0.762,4
-117.842591,33.667626,84.84,0.794,4
-117.842291,33.667626,85.04,0.791,4
-117.841991,33.667626,85.39,0.782,4
-117.84169,33.667626,85.9,0.769,4
-117.84139,33.667626,86.54,0.744,4
-117.84109,33.667626,88.16,0.714,4
-117.84079,33.667626,89.81,0.687,4
-117.84049,33.667626,90.48,0.673,4
-117.84019,33.667626,91.14,0.666,4
-117.83989,33.667626,91.88,0.629,4
-117.83959,33.667626,93.07,0.564,4
-117.83929,33.667626,94.88,0.55,4
-117.83899,33.667626,96.5,0.542,4
-117.83869,33.667626,98.06,0.362,4
-117.83839,33.667626,99.9,0.245,4
-117.83809,33.667626,101.13,0.384,4
-117.83779,33.667626,102.96,0.564,4
-117.83749,33.667626,103.97,0.524,4
-117.83719,33.667626,104.24,0.443,4
-117.83689,33.667626,104.2,0.504,4
-117.836589,33.667626,103.36,0.483,4
-117.836289,33.667626,101.46,0.298,4
-117.835989,33.667626,99.43,0.254,4
-117.835689,33.667626,98.35,0.35,4
-117.835389,33.667626,98.19,0.606,4
-117.835089,33.667626,98.16,0.441,4
-117.834789,33.667626,96.33,0.528,4
-117.834489,33.667626,96.28,0.611,4
-117.834189,33.667626,96.38,0.636,4
-117.833889,33.667626,96.58,0.58,4
-117.833589,33.667626,96.71,0.59,4
-117.833289,33.667626,96.95,0.628,4
-117.832989,33.667626,97.65,0.648,4
-117.832689,33.667626,99.08,0.661,4
-117.832389,33.667626,101.22,0.662,4
-117.832089,33.667626,104.11,0.62,4
-117.831789,33.667626,107.72,0.544,4
-117.831488,33.667626,111.34,0.498,4
-117.831188,33.667626,114.4,0.521,4
-117.830888,33.667626,116.66,0.518,4
-117.830588,33.667626,117.52,0.522,4
-117.830288,33.667626,116.73,0.537,4
-117.829988,33.667626,116.48,0.514,4
-117.829688,33.667626,114.53,0.455,4
-117.829388,33.667626,112.18,0.398,4
-117.829088,33.667626,109.75,0.348,4
-117.828788,33.667626,107.9,0.367,4
-117.828488,33.667626,106.75,0.444,4
-117.828188,33.667626,106.14,0.482,4
-117.827888,33.667626,105.98,0.489,4
-117.827588,33.667626,105.72,0.554,4
-117.827288,33.667626,105.49,0.524,4
-117.826988,33.667626,105.28,0.467,4
-117.826687,33.667626,105.32,0.599,4
-117.826387,33.667626,105.49,0.609,4
-117.826087,33.667626,105.64,0.576,4
-117.825787,33.667626,105.8,0.46,4
-117.825487,33.667626,105.87,0.414,4
-117.825187,33.667626,105.9,0.438,4
-117.824887,33.667626,105.67,0.41,4
-117.824587,33.667626,105.62,0.354,4
-117.824287,33.667626,105.89,0.339,4
-117.823987,33.667626,106.35,0.317,4
-117.823687,33.667626,106.86,0.248,4
-117.823387,33.667626,106.75,0.221,4
-117.823087,33.667626,106.27,0.267,4
-117.822787,33.667626,105.88,0.437,4
-117.822487,33.667626,105.64,0.477,4
-117.822187,33.667626,105.98,0.495,4
-117.821887,33.667626,106.98,0.198,4
-117.821586,33.667626,108.16,0.218,4
-117.821286,33.667626,109,0.223,4
-117.820986,33.667626,109.26,0.199,4
-117.820686,33.667626,109.29,0.165,4
-117.820386,33.667626,109.31,0.145,4
-117.857894,33.667326,110.48,0.274,4
-117.857594,33.667326,110.21,0.219,4
-117.857294,33.667326,109.47,0.169,4
-117.856993,33.667326,108.48,0.249,4
-117.856693,33.667326,107.78,0.396,4
-117.856393,33.667326,107.59,0.407,4
-117.856093,33.667326,107.48,0.234,4
-117.855793,33.667326,106.82,0.214,4
-117.855493,33.667326,107.38,0.267,4
-117.855193,33.667326,107.68,0.194,4
-117.854893,33.667326,107.06,0.208,4
-117.854593,33.667326,106.33,0.181,4
-117.854293,33.667326,105.53,0.122,4
-117.853993,33.667326,104.44,0.11,4
-117.853693,33.667326,103.28,0.131,4
-117.853393,33.667326,102.18,0.157,4
-117.853093,33.667326,101.01,0.203,4
-117.852793,33.667326,100.12,0.231,4
-117.852493,33.667326,100.05,0.179,4
-117.852193,33.667326,100.42,0.153,4
-117.851892,33.667326,100.87,0.171,4
-117.851592,33.667326,101.32,0.131,4
-117.851292,33.667326,101.77,0.109,4
-117.850992,33.667326,102.48,0.099,4
-117.850692,33.667326,102.75,0.16,4
-117.850392,33.667326,102.78,0.366,4
-117.850092,33.667326,103.64,0.438,4
-117.849792,33.667326,103.97,0.332,4
-117.849492,33.667326,103.93,0.227,4
-117.849192,33.667326,104.06,0.212,4
-117.848892,33.667326,104.84,0.196,4
-117.848592,33.667326,105.83,0.183,4
-117.848292,33.667326,105.46,0.302,4
-117.847992,33.667326,103.94,0.375,4
-117.847692,33.667326,99.14,0.408,4
-117.847392,33.667326,97.02,0.446,4
-117.847092,33.667326,94.65,0.681,4
-117.846791,33.667326,93.1,0.763,4
-117.846491,33.667326,92.21,0.759,4
-117.846191,33.667326,91.87,0.671,4
-117.845891,33.667326,91.35,0.622,4
-117.845591,33.667326,90.25,0.69,4
-117.845291,33.667326,88.8,0.757,4
-117.844991,33.667326,87.53,0.766,4
-117.844691,33.667326,86.83,0.733,4
-117.844391,33.667326,86.62,0.656,4
-117.844091,33.667326,86.31,0.62,4
-117.843791,33.667326,85.78,0.677,4
-117.843491,33.667326,85.16,0.745,4
-117.843191,33.667326,84.71,0.758,4
-117.842891,33.667326,84.58,0.742,4
-117.842591,33.667326,84.46,0.784,4
-117.842291,33.667326,84.58,0.795,4
-117.841991,33.667326,84.84,0.793,4
-117.84169,33.667326,85.4,0.769,4
-117.84139,33.667326,86.13,0.743,4
-117.84109,33.667326,87.89,0.716,4
-117.84079,33.667326,89.93,0.675,4
-117.84049,33.667326,91.14,0.627,4
-117.84019,33.667326,92.24,0.574,4
-117.83989,33.667326,93.34,0.504,4
-117.83959,33.667326,95.02,0.454,4
-117.83929,33.667326,97.4,0.449,4
-117.83899,33.667326,99.02,0.405,4
-117.83869,33.667326,100.5,0.406,4
-117.83839,33.667326,101.83,0.396,4
-117.83809,33.667326,102.43,0.487,4
-117.83779,33.667326,103.59,0.55,4
-117.83749,33.667326,104.06,0.489,4
-117.83719,33.667326,104,0.456,4
-117.83689,33.667326,103.82,0.519,4
-117.836589,33.667326,103.03,0.497,4
-117.836289,33.667326,101.37,0.332,4
-117.835989,33.667326,99.62,0.289,4
-117.835689,33.667326,98.5,0.458,4
-117.835389,33.667326,97.82,0.631,4
-117.835089,33.667326,97.89,0.462,4
-117.834789,33.667326,95.99,0.521,4
-117.834489,33.667326,95.95,0.588,4
-117.834189,33.667326,95.98,0.639,4
-117.833889,33.667326,96.06,0.651,4
-117.833589,33.667326,96.45,0.574,4
-117.833289,33.667326,96.89,0.567,4
-117.832989,33.667326,97.45,0.64,4
-117.832689,33.667326,98.52,0.676,4
-117.832389,33.667326,100.29,0.653,4
-117.832089,33.667326,102.7,0.645,4
-117.831789,33.667326,105.69,0.641,4
-117.831488,33.667326,109.1,0.57,4
-117.831188,33.667326,112.37,0.527,4
-117.830888,33.667326,115.22,0.537,4
-117.830588,33.667326,116.97,0.532,4
-117.830288,33.667326,116.88,0.537,4
-117.829988,33.667326,116.87,0.563,4
-117.829688,33.667326,114.89,0.458,4
-117.829388,33.667326,112.41,0.381,4
-117.829088,33.667326,109.82,0.41,4
-117.828788,33.667326,107.69,0.412,4
-117.828488,33.667326,106.24,0.421,4
-117.828188,33.667326,105.47,0.513,4
-117.827888,33.667326,105.43,0.573,4
-117.827588,33.667326,105.49,0.534,4
-117.827288,33.667326,105.58,0.406,4
-117.826988,33.667326,105.64,0.417,4
-117.826687,33.667326,105.76,0.53,4
-117.826387,33.667326,105.85,0.558,4
-117.826087,33.667326,105.81,0.522,4
-117.825787,33.667326,105.79,0.449,4
-117.825487,33.667326,105.7,0.459,4
-117.825187,33.667326,105.63,0.433,4
-117.824887,33.667326,105.41,0.366,4
-117.824587,33.667326,105.41,0.312,4
-117.824287,33.667326,105.8,0.244,4
-117.823987,33.667326,106.46,0.19,4
-117.823687,33.667326,107.26,0.243,4
-117.823387,33.667326,107.4,0.304,4
-117.823087,33.667326,107.12,0.209,4
-117.822787,33.667326,106.82,0.208,4
-117.822487,33.667326,106.62,0.288,4
-117.822187,33.667326,106.84,0.44,4
-117.821887,33.667326,107.58,0.29,4
-117.821586,33.667326,108.5,0.237,4
-117.821286,33.667326,109.21,0.227,4
-117.820986,33.667326,109.45,0.213,4
-117.820686,33.667326,109.52,0.197,4
-117.820386,33.667326,109.57,0.19,4
-117.857894,33.667026,109.87,0.262,4
-117.857594,33.667026,109.74,0.237,4
-117.857294,33.667026,109.32,0.227,4
-117.856993,33.667026,108.72,0.303,4
-117.856693,33.667026,108.31,0.396,4
-117.856393,33.667026,108.22,0.358,4
-117.856093,33.667026,108.15,0.267,4
-117.855793,33.667026,107.5,0.269,4
-117.855493,33.667026,107.94,0.283,4
-117.855193,33.667026,108.1,0.241,4
-117.854893,33.667026,107.37,0.174,4
-117.854593,33.667026,106.47,0.197,4
-117.854293,33.667026,105.47,0.149,4
-117.853993,33.667026,104.09,0.112,4
-117.853693,33.667026,102.61,0.131,4
-117.853393,33.667026,101.35,0.181,4
-117.853093,33.667026,100.32,0.24,4
-117.852793,33.667026,99.67,0.233,4
-117.852493,33.667026,99.74,0.116,4
-117.852193,33.667026,100.21,0.087,4
-117.851892,33.667026,100.78,0.093,4
-117.851592,33.667026,101.36,0.084,4
-117.851292,33.667026,101.87,0.101,4
-117.850992,33.667026,102.57,0.145,4
-117.850692,33.667026,102.78,0.276,4
-117.850392,33.667026,102.74,0.391,4
-117.850092,33.667026,103.5,0.449,4
-117.849792,33.667026,103.79,0.481,4
-117.849492,33.667026,103.73,0.379,4
-117.849192,33.667026,103.87,0.24,4
-117.848892,33.667026,104.65,0.205,4
-117.848592,33.667026,105.66,0.251,4
-117.848292,33.667026,105.3,0.366,4
-117.847992,33.667026,103.75,0.389,4
-117.847692,33.667026,98.62,0.376,4
-117.847392,33.667026,96.48,0.406,4
-117.847092,33.667026,93.54,0.644,4
-117.846791,33.667026,91,0.74,4
-117.846491,33.667026,89.34,0.746,4
-117.846191,33.667026,88.26,0.711,4
-117.845891,33.667026,87.35,0.72,4
-117.845591,33.667026,86.59,0.757,4
-117.845291,33.667026,85.97,0.779,4
-117.844991,33.667026,85.52,0.775,4
-117.844691,33.667026,85.43,0.742,4
-117.844391,33.667026,85.74,0.686,4
-117.844091,33.667026,85.95,0.657,4
-117.843791,33.667026,85.76,0.676,4
-117.843491,33.667026,85.31,0.734,4
-117.843191,33.667026,84.98,0.722,4
-117.842891,33.667026,84.72,0.74,4
-117.842591,33.667026,84.59,0.773,4
-117.842291,33.667026,84.72,0.791,4
-117.841991,33.667026,84.98,0.79,4
-117.84169,33.667026,85.59,0.737,4
-117.84139,33.667026,86.41,0.694,4
-117.84109,33.667026,88.25,0.672,4
-117.84079,33.667026,90.52,0.647,4
-117.84049,33.667026,92.13,0.613,4
-117.84019,33.667026,93.61,0.569,4
-117.83989,33.667026,95.1,0.536,4
-117.83959,33.667026,97.4,0.474,4
-117.83929,33.667026,100.08,0.253,4
-117.83899,33.667026,101.85,0.174,4
-117.83869,33.667026,102.98,0.225,4
-117.83839,33.667026,103.36,0.415,4
-117.83809,33.667026,103.15,0.605,4
-117.83779,33.667026,103.67,0.57,4
-117.83749,33.667026,103.98,0.463,4
-117.83719,33.667026,104.1,0.434,4
-117.83689,33.667026,104.02,0.497,4
-117.836589,33.667026,103.25,0.473,4
-117.836289,33.667026,101.76,0.335,4
-117.835989,33.667026,100.07,0.324,4
-117.835689,33.667026,98.5,0.384,4
-117.835389,33.667026,97.88,0.606,4
-117.835089,33.667026,98.04,0.409,4
-117.834789,33.667026,95.8,0.521,4
-117.834489,33.667026,95.66,0.589,4
-117.834189,33.667026,95.71,0.646,4
-117.833889,33.667026,95.94,0.638,4
-117.833589,33.667026,96.31,0.598,4
-117.833289,33.667026,96.7,0.597,4
-117.832989,33.667026,97.19,0.647,4
-117.832689,33.667026,98.02,0.688,4
-117.832389,33.667026,99.39,0.682,4
-117.832089,33.667026,101.26,0.662,4
-117.831789,33.667026,103.52,0.67,4
-117.831488,33.667026,106.44,0.63,4
-117.831188,33.667026,110.15,0.465,4
-117.830888,33.667026,113.04,0.513,4
-117.830588,33.667026,114.82,0.536,4
-117.830288,33.667026,115.25,0.534,4
-117.829988,33.667026,115.55,0.516,4
-117.829688,33.667026,113.63,0.316,4
-117.829388,33.667026,111.42,0.361,4
-117.829088,33.667026,109.22,0.541,4
-117.828788,33.667026,107.33,0.527,4
-117.828488,33.667026,106,0.358,4
-117.828188,33.667026,105.34,0.329,4
-117.827888,33.667026,105.4,0.48,4
-117.827588,33.667026,105.58,0.524,4
-117.827288,33.667026,105.83,0.448,4
-117.826988,33.667026,106.06,0.464,4
-117.826687,33.667026,106.3,0.498,4
-117.826387,33.667026,106.34,0.395,4
-117.826087,33.667026,106.21,0.45,4
-117.825787,33.667026,106.1,0.473,4
-117.825487,33.667026,105.89,0.416,4
-117.825187,33.667026,105.66,0.39,4
-117.824887,33.667026,105.26,0.351,4
-117.824587,33.667026,105.13,0.244,4
-117.824287,33.667026,105.48,0.178,4
-117.823987,33.667026,106.22,0.227,4
-117.823687,33.667026,107.18,0.262,4
-117.823387,33.667026,107.5,0.217,4
-117.823087,33.667026,107.5,0.182,4
-117.822787,33.667026,107.43,0.22,4
-117.822487,33.667026,107.24,0.303,4
-117.822187,33.667026,107.37,0.503,4
-117.821887,33.667026,107.82,0.341,4
-117.821586,33.667026,108.43,0.216,4
-117.821286,33.667026,108.95,0.207,4
-117.820986,33.667026,109.18,0.226,4
-117.820686,33.667026,109.32,0.224,4
-117.820386,33.667026,109.4,0.216,4
-117.857894,33.666726,109.05,0.23,4
-117.857594,33.666726,109.04,0.287,4
-117.857294,33.666726,108.93,0.363,4
-117.856993,33.666726,108.7,0.388,4
-117.856693,33.666726,108.57,0.386,4
-117.856393,33.666726,108.59,0.303,4
-117.856093,33.666726,108.55,0.226,4
-117.855793,33.666726,107.84,0.214,4
-117.855493,33.666726,108.08,0.208,4
-117.855193,33.666726,108.16,0.191,4
-117.854893,33.666726,107.51,0.169,4
-117.854593,33.666726,106.66,0.228,4
-117.854293,33.666726,105.65,0.183,4
-117.853993,33.666726,104.08,0.137,4
-117.853693,33.666726,102.34,0.166,4
-117.853393,33.666726,100.97,0.216,4
-117.853093,33.666726,100.05,0.193,4
-117.852793,33.666726,99.63,0.125,4
-117.852493,33.666726,99.84,0.133,4
-117.852193,33.666726,100.37,0.133,4
-117.851892,33.666726,101.04,0.047,4
-117.851592,33.666726,101.7,0.036,4
-117.851292,33.666726,102.22,0.118,4
-117.850992,33.666726,102.95,0.188,4
-117.850692,33.666726,103.04,0.293,4
-117.850392,33.666726,102.82,0.332,4
-117.850092,33.666726,103.38,0.423,4
-117.849792,33.666726,103.5,0.553,4
-117.849492,33.666726,103.27,0.457,4
-117.849192,33.666726,103.25,0.274,4
-117.848892,33.666726,103.87,0.26,4
-117.848592,33.666726,104.85,0.34,4
-117.848292,33.666726,104.5,0.421,4
-117.847992,33.666726,102.96,0.365,4
-117.847692,33.666726,97.74,0.351,4
-117.847392,33.666726,95.68,0.469,4
-117.847092,33.666726,92.47,0.681,4
-117.846791,33.666726,89.39,0.719,4
-117.846491,33.666726,87.33,0.734,4
-117.846191,33.666726,86.02,0.747,4
-117.845891,33.666726,85.14,0.763,4
-117.845591,33.666726,84.64,0.779,4
-117.845291,33.666726,84.47,0.785,4
-117.844991,33.666726,84.61,0.778,4
-117.844691,33.666726,85.04,0.743,4
-117.844391,33.666726,85.62,0.672,4
-117.844091,33.666726,85.95,0.625,4
-117.843791,33.666726,85.85,0.665,4
-117.843491,33.666726,85.52,0.715,4
-117.843191,33.666726,85.25,0.726,4
-117.842891,33.666726,85.16,0.744,4
-117.842591,33.666726,85.19,0.741,4
-117.842291,33.666726,85.33,0.748,4
-117.841991,33.666726,85.59,0.736,4
-117.84169,33.666726,86.12,0.718,4
-117.84139,33.666726,86.98,0.694,4
-117.84109,33.666726,88.97,0.663,4
-117.84079,33.666726,91.44,0.627,4
-117.84049,33.666726,93.32,0.572,4
-117.84019,33.666726,95.33,0.505,4
-117.83989,33.666726,97.4,0.47,4
-117.83959,33.666726,100.01,0.328,4
-117.83929,33.666726,102.58,0.161,4
-117.83899,33.666726,104.31,0.124,4
-117.83869,33.666726,105.36,0.112,4
-117.83839,33.666726,105.36,0.203,4
-117.83809,33.666726,104.9,0.39,4
-117.83779,33.666726,105.23,0.495,4
-117.83749,33.666726,105.34,0.51,4
-117.83719,33.666726,105.13,0.461,4
-117.83689,33.666726,104.66,0.437,4
-117.836589,33.666726,103.69,0.402,4
-117.836289,33.666726,102.28,0.306,4
-117.835989,33.666726,100.53,0.299,4
-117.835689,33.666726,98.68,0.343,4
-117.835389,33.666726,98.09,0.612,4
-117.835089,33.666726,98.08,0.428,4
-117.834789,33.666726,95.67,0.578,4
-117.834489,33.666726,95.45,0.652,4
-117.834189,33.666726,95.59,0.684,4
-117.833889,33.666726,95.96,0.658,4
-117.833589,33.666726,96.34,0.621,4
-117.833289,33.666726,96.69,0.594,4
-117.832989,33.666726,97.14,0.601,4
-117.832689,33.666726,97.79,0.646,4
-117.832389,33.666726,98.78,0.685,4
-117.832089,33.666726,100.18,0.682,4
-117.831789,33.666726,102,0.653,4
-117.831488,33.666726,104.44,0.614,4
-117.831188,33.666726,107.8,0.428,4
-117.830888,33.666726,110.42,0.456,4
-117.830588,33.666726,111.96,0.502,4
-117.830288,33.666726,112.55,0.45,4
-117.829988,33.666726,112.9,0.328,4
-117.829688,33.666726,111.64,0.326,4
-117.829388,33.666726,110.1,0.501,4
-117.829088,33.666726,108.47,0.581,4
-117.828788,33.666726,107.05,0.474,4
-117.828488,33.666726,106.06,0.305,4
-117.828188,33.666726,105.59,0.242,4
-117.827888,33.666726,105.7,0.352,4
-117.827588,33.666726,105.84,0.485,4
-117.827288,33.666726,106.09,0.52,4
-117.826988,33.666726,106.39,0.516,4
-117.826687,33.666726,106.72,0.486,4
-117.826387,33.666726,106.95,0.33,4
-117.826087,33.666726,106.87,0.394,4
-117.825787,33.666726,106.7,0.365,4
-117.825487,33.666726,106.36,0.36,4
-117.825187,33.666726,105.88,0.447,4
-117.824887,33.666726,105.2,0.483,4
-117.824587,33.666726,104.77,0.377,4
-117.824287,33.666726,104.84,0.289,4
-117.823987,33.666726,105.33,0.296,4
-117.823687,33.666726,106.25,0.245,4
-117.823387,33.666726,106.84,0.216,4
-117.823087,33.666726,107.22,0.234,4
-117.822787,33.666726,107.44,0.237,4
-117.822487,33.666726,107.2,0.242,4
-117.822187,33.666726,107.07,0.412,4
-117.821887,33.666726,107.27,0.355,4
-117.821586,33.666726,107.72,0.21,4
-117.821286,33.666726,108.21,0.22,4
-117.820986,33.666726,108.52,0.215,4
-117.820686,33.666726,108.77,0.21,4
-117.820386,33.666726,108.92,0.225,4
-117.858194,33.666426,106.75,0.179,4
-117.857894,33.666426,107.76,0.294,4
-117.857594,33.666426,108.48,0.394,4
-117.857294,33.666426,108.69,0.414,4
-117.856993,33.666426,108.69,0.362,4
-117.856693,33.666426,108.76,0.319,4
-117.856393,33.666426,108.85,0.288,4
-117.856093,33.666426,108.81,0.297,4
-117.855793,33.666426,107.99,0.225,4
-117.855493,33.666426,108.06,0.18,4
-117.855193,33.666426,108.09,0.12,4
-117.854893,33.666426,107.59,0.129,4
-117.854593,33.666426,107.03,0.222,4
-117.854293,33.666426,106.2,0.214,4
-117.853993,33.666426,104.59,0.194,4
-117.853693,33.666426,102.69,0.26,4
-117.853393,33.666426,101.26,0.257,4
-117.853093,33.666426,100.38,0.134,4
-117.852793,33.666426,99.97,0.082,4
-117.852493,33.666426,100.27,0.123,4
-117.852193,33.666426,100.92,0.112,4
-117.851892,33.666426,101.61,0.065,4
-117.851592,33.666426,102.21,0.091,4
-117.851292,33.666426,102.7,0.193,4
-117.850992,33.666426,103.42,0.121,4
-117.850692,33.666426,103.52,0.149,4
-117.850392,33.666426,103.12,0.206,4
-117.850092,33.666426,103.31,0.296,4
-117.849792,33.666426,103.04,0.396,4
-117.849492,33.666426,102.44,0.419,4
-117.849192,33.666426,102.01,0.334,4
-117.848892,33.666426,102.21,0.268,4
-117.848592,33.666426,102.95,0.322,4
-117.848292,33.666426,102.44,0.377,4
-117.847992,33.666426,100.87,0.379,4
-117.847692,33.666426,95.67,0.404,4
-117.847392,33.666426,93.28,0.575,4
-117.847092,33.666426,90.41,0.756,4
-117.846791,33.666426,87.74,0.757,4
-117.846491,33.666426,85.96,0.753,4
-117.846191,33.666426,84.9,0.757,4
-117.845891,33.666426,84.32,0.754,4
-117.845591,33.666426,84.07,0.759,4
-117.845291,33.666426,84.2,0.756,4
-117.844991,33.666426,84.62,0.747,4
-117.844691,33.666426,85.16,0.726,4
-117.844391,33.666426,85.72,0.657,4
-117.844091,33.666426,86.04,0.591,4
-117.843791,33.666426,86.11,0.608,4
-117.843491,33.666426,85.95,0.664,4
-117.843191,33.666426,85.84,0.684,4
-117.842891,33.666426,85.83,0.71,4
-117.842591,33.666426,85.95,0.709,4
-117.842291,33.666426,86.06,0.701,4
-117.841991,33.666426,86.3,0.674,4
-117.84169,33.666426,86.79,0.669,4
-117.84139,33.666426,87.79,0.669,4
-117.84109,33.666426,90,0.634,4
-117.84079,33.666426,92.65,0.566,4
-117.84049,33.666426,94.71,0.492,4
-117.84019,33.666426,96.99,0.413,4
-117.83989,33.666426,99.45,0.292,4
-117.83959,33.666426,102.07,0.12,4
-117.83929,33.666426,104.46,0.077,4
-117.83899,33.666426,106.41,0.102,4
-117.83869,33.666426,107.46,0.125,4
-117.83839,33.666426,107.59,0.096,4
-117.83809,33.666426,107.21,0.099,4
-117.83779,33.666426,107.37,0.161,4
-117.83749,33.666426,107.09,0.332,4
-117.83719,33.666426,106.37,0.465,4
-117.83689,33.666426,105.46,0.442,4
-117.836589,33.666426,104.29,0.33,4
-117.836289,33.666426,102.7,0.261,4
-117.835989,33.666426,100.5,0.278,4
-117.835689,33.666426,98.51,0.343,4
-117.835389,33.666426,98.1,0.526,4
-117.835089,33.666426,97.97,0.416,4
-117.834789,33.666426,95.73,0.571,4
-117.834489,33.666426,95.59,0.661,4
-117.834189,33.666426,95.78,0.674,4
-117.833889,33.666426,96.05,0.663,4
-117.833589,33.666426,96.4,0.645,4
-117.833289,33.666426,96.74,0.613,4
-117.832989,33.666426,97.13,0.59,4
-117.832689,33.666426,97.61,0.609,4
-117.832389,33.666426,98.25,0.658,4
-117.832089,33.666426,99.18,0.685,4
-117.831789,33.666426,100.53,0.664,4
-117.831488,33.666426,102.37,0.623,4
-117.831188,33.666426,104.88,0.476,4
-117.830888,33.666426,107.2,0.379,4
-117.830588,33.666426,108.72,0.389,4
-117.830288,33.666426,109.69,0.332,4
-117.829988,33.666426,110.43,0.381,4
-117.829688,33.666426,109.79,0.534,4
-117.829388,33.666426,108.88,0.62,4
-117.829088,33.666426,107.8,0.537,4
-117.828788,33.666426,106.84,0.327,4
-117.828488,33.666426,106.22,0.173,4
-117.828188,33.666426,105.91,0.195,4
-117.827888,33.666426,106,0.289,4
-117.827588,33.666426,106.04,0.345,4
-117.827288,33.666426,106.26,0.432,4
-117.826988,33.666426,106.6,0.533,4
-117.826687,33.666426,106.98,0.488,4
-117.826387,33.666426,107.31,0.407,4
-117.826087,33.666426,107.38,0.319,4
-117.825787,33.666426,107.27,0.258,4
-117.825487,33.666426,106.87,0.278,4
-117.825187,33.666426,106.3,0.335,4
-117.824887,33.666426,105.45,0.477,4
-117.824587,33.666426,104.71,0.573,4
-117.824287,33.666426,104.37,0.544,4
-117.823987,33.666426,104.46,0.473,4
-117.823687,33.666426,105.2,0.373,4
-117.823387,33.666426,105.92,0.265,4
-117.823087,33.666426,106.64,0.202,4
-117.822787,33.666426,107,0.276,4
-117.822487,33.666426,106.52,0.282,4
-117.822187,33.666426,105.93,0.396,4
-117.821887,33.666426,105.88,0.458,4
-117.821586,33.666426,106.34,0.285,4
-117.821286,33.666426,106.94,0.286,4
-117.820986,33.666426,107.43,0.291,4
-117.820686,33.666426,107.86,0.233,4
-117.820386,33.666426,108.08,0.197,4
-117.858194,33.666126,106.58,0.366,4
-117.857894,33.666126,107.3,0.413,4
-117.857594,33.666126,108.21,0.418,4
-117.857294,33.666126,108.58,0.339,4
-117.856993,33.666126,108.79,0.257,4
-117.856693,33.666126,108.94,0.191,4
-117.856393,33.666126,109.02,0.216,4
-117.856093,33.666126,108.92,0.317,4
-117.855793,33.666126,107.98,0.257,4
-117.855493,33.666126,107.96,0.138,4
-117.855193,33.666126,108.03,0.063,4
-117.854893,33.666126,107.68,0.08,4
-117.854593,33.666126,107.44,0.146,4
-117.854293,33.666126,106.86,0.12,4
-117.853993,33.666126,105.37,0.212,4
-117.853693,33.666126,103.42,0.305,4
-117.853393,33.666126,101.91,0.243,4
-117.853093,33.666126,101.02,0.157,4
-117.852793,33.666126,100.66,0.149,4
-117.852493,33.666126,101.03,0.107,4
-117.852193,33.666126,101.65,0.067,4
-117.851892,33.666126,102.31,0.163,4
-117.851592,33.666126,102.82,0.26,4
-117.851292,33.666126,103.25,0.244,4
-117.850992,33.666126,103.85,0.113,4
-117.850692,33.666126,103.76,0.063,4
-117.850392,33.666126,103.1,0.105,4
-117.850092,33.666126,102.86,0.181,4
-117.849792,33.666126,102.09,0.276,4
-117.849492,33.666126,100.86,0.336,4
-117.849192,33.666126,99.74,0.339,4
-117.848892,33.666126,99.25,0.356,4
-117.848592,33.666126,99.38,0.429,4
-117.848292,33.666126,98.46,0.511,4
-117.847992,33.666126,96.8,0.614,4
-117.847692,33.666126,91.87,0.64,4
-117.847392,33.666126,90.01,0.723,4
-117.847092,33.666126,88.1,0.787,4
-117.846791,33.666126,86.35,0.78,4
-117.846491,33.666126,85.03,0.781,4
-117.846191,33.666126,84.38,0.758,4
-117.845891,33.666126,84.25,0.75,4
-117.845591,33.666126,84.31,0.761,4
-117.845291,33.666126,84.6,0.765,4
-117.844991,33.666126,85.09,0.752,4
-117.844691,33.666126,85.6,0.723,4
-117.844391,33.666126,86.07,0.687,4
-117.844091,33.666126,86.35,0.643,4
-117.843791,33.666126,86.44,0.594,4
-117.843491,33.666126,86.55,0.586,4
-117.843191,33.666126,86.58,0.618,4
-117.842891,33.666126,86.58,0.672,4
-117.842591,33.666126,86.67,0.679,4
-117.842291,33.666126,86.78,0.667,4
-117.841991,33.666126,87.06,0.632,4
-117.84169,33.666126,87.64,0.625,4
-117.84139,33.666126,88.75,0.63,4
-117.84109,33.666126,91.06,0.589,4
-117.84079,33.666126,93.84,0.529,4
-117.84049,33.666126,96.02,0.443,4
-117.84019,33.666126,98.38,0.25,4
-117.83989,33.666126,100.75,0.132,4
-117.83959,33.666126,103.22,0.093,4
-117.83929,33.666126,105.42,0.046,4
-117.83899,33.666126,107.55,0.079,4
-117.83869,33.666126,108.82,0.087,4
-117.83839,33.666126,109.14,0.074,4
-117.83809,33.666126,108.65,0.068,4
-117.83779,33.666126,108.49,0.078,4
-117.83749,33.666126,107.95,0.171,4
-117.83719,33.666126,106.96,0.341,4
-117.83689,33.666126,105.81,0.399,4
-117.836589,33.666126,104.41,0.292,4
-117.836289,33.666126,102.49,0.221,4
-117.835989,33.666126,99.85,0.261,4
-117.835689,33.666126,97.43,0.343,4
-117.835389,33.666126,97.02,0.468,4
-117.835089,33.666126,96.99,0.428,4
-117.834789,33.666126,95.71,0.549,4
-117.834489,33.666126,95.86,0.622,4
-117.834189,33.666126,96.11,0.631,4
-117.833889,33.666126,96.18,0.654,4
-117.833589,33.666126,96.32,0.652,4
-117.833289,33.666126,96.57,0.629,4
-117.832989,33.666126,96.78,0.623,4
-117.832689,33.666126,97.02,0.64,4
-117.832389,33.666126,97.45,0.661,4
-117.832089,33.666126,98.06,0.676,4
-117.831789,33.666126,98.97,0.677,4
-117.831488,33.666126,100.13,0.659,4
-117.831188,33.666126,101.69,0.585,4
-117.830888,33.666126,104.09,0.442,4
-117.830588,33.666126,105.57,0.404,4
-117.830288,33.666126,106.73,0.326,4
-117.829988,33.666126,107.9,0.402,4
-117.829688,33.666126,107.95,0.531,4
-117.829388,33.666126,107.69,0.565,4
-117.829088,33.666126,107.25,0.442,4
-117.828788,33.666126,106.79,0.309,4
-117.828488,33.666126,106.46,0.267,4
-117.828188,33.666126,106.27,0.293,4
-117.827888,33.666126,106.35,0.331,4
-117.827588,33.666126,106.32,0.254,4
-117.827288,33.666126,106.57,0.276,4
-117.826988,33.666126,106.96,0.41,4
-117.826687,33.666126,107.36,0.45,4
-117.826387,33.666126,107.52,0.35,4
-117.826087,33.666126,107.75,0.267,4
-117.825787,33.666126,107.83,0.226,4
-117.825487,33.666126,107.58,0.222,4
-117.825187,33.666126,107.03,0.253,4
-117.824887,33.666126,106.08,0.346,4
-117.824587,33.666126,105.14,0.489,4
-117.824287,33.666126,104.54,0.585,4
-117.823987,33.666126,104.34,0.567,4
-117.823687,33.666126,104.8,0.476,4
-117.823387,33.666126,105.35,0.318,4
-117.823087,33.666126,106.02,0.268,4
-117.822787,33.666126,106.41,0.282,4
-117.822487,33.666126,105.7,0.24,4
-117.822187,33.666126,104.73,0.478,4
-117.821887,33.666126,104.4,0.577,4
-117.821586,33.666126,104.77,0.403,4
-117.821286,33.666126,105.44,0.303,4
-117.820986,33.666126,106.05,0.314,4
-117.820686,33.666126,106.65,0.32,4
-117.820386,33.666126,107,0.307,4
-117.858194,33.665826,106.26,0.378,4
-117.857894,33.665826,106.3,0.379,4
-117.857594,33.665826,106.56,0.312,4
-117.857294,33.665826,106.95,0.211,4
-117.856993,33.665826,107.19,0.187,4
-117.856693,33.665826,107.3,0.191,4
-117.856393,33.665826,107.28,0.207,4
-117.856093,33.665826,107.13,0.21,4
-117.855793,33.665826,106.73,0.159,4
-117.855493,33.665826,106.79,0.165,4
-117.855193,33.665826,107.06,0.093,4
-117.854893,33.665826,108.25,0.083,4
-117.854593,33.665826,108.58,0.118,4
-117.854293,33.665826,108.13,0.149,4
-117.853993,33.665826,106.28,0.201,4
-117.853693,33.665826,104.04,0.261,4
-117.853393,33.665826,102.54,0.259,4
-117.853093,33.665826,101.91,0.178,4
-117.852793,33.665826,102.06,0.105,4
-117.852493,33.665826,102.46,0.094,4
-117.852193,33.665826,103.01,0.095,4
-117.851892,33.665826,103.54,0.17,4
-117.851592,33.665826,103.99,0.184,4
-117.851292,33.665826,104.34,0.237,4
-117.850992,33.665826,105.13,0.231,4
-117.850692,33.665826,104.71,0.109,4
-117.850392,33.665826,103.61,0.164,4
-117.850092,33.665826,101.24,0.292,4
-117.849792,33.665826,98.85,0.387,4
-117.849492,33.665826,97.04,0.411,4
-117.849192,33.665826,95.2,0.459,4
-117.848892,33.665826,93.22,0.589,4
-117.848592,33.665826,91.72,0.681,4
-117.848292,33.665826,90.61,0.696,4
-117.847992,33.665826,89.55,0.714,4
-117.847692,33.665826,88.39,0.741,4
-117.847392,33.665826,87.34,0.747,4
-117.847092,33.665826,86.47,0.718,4
-117.846791,33.665826,85.61,0.72,4
-117.846491,33.665826,84.71,0.741,4
-117.846191,33.665826,84.25,0.758,4
-117.845891,33.665826,85.38,0.769,4
-117.845591,33.665826,86.35,0.774,4
-117.845291,33.665826,86.69,0.775,4
-117.844991,33.665826,87.08,0.757,4
-117.844691,33.665826,87.49,0.723,4
-117.844391,33.665826,87.88,0.704,4
-117.844091,33.665826,87.89,0.697,4
-117.843791,33.665826,86.68,0.639,4
-117.843491,33.665826,87.12,0.524,4
-117.843191,33.665826,87.31,0.525,4
-117.842891,33.665826,87.22,0.642,4
-117.842591,33.665826,87.23,0.684,4
-117.842291,33.665826,87.39,0.65,4
-117.841991,33.665826,87.7,0.616,4
-117.84169,33.665826,88.31,0.614,4
-117.84139,33.665826,89.47,0.617,4
-117.84109,33.665826,91.92,0.584,4
-117.84079,33.665826,94.92,0.475,4
-117.84049,33.665826,97.21,0.274,4
-117.84019,33.665826,99.61,0.076,4
-117.83989,33.665826,101.69,0.051,4
-117.83959,33.665826,103.99,0.065,4
-117.83929,33.665826,106,0.069,4
-117.83899,33.665826,108.53,0.076,4
-117.83869,33.665826,109.8,0.071,4
-117.83839,33.665826,110.22,0.072,4
-117.83809,33.665826,109.79,0.068,4
-117.83779,33.665826,109.04,0.074,4
-117.83749,33.665826,108.11,0.09,4
-117.83719,33.665826,106.94,0.187,4
-117.83689,33.665826,105.54,0.28,4
-117.836589,33.665826,103.75,0.248,4
-117.836289,33.665826,101.42,0.19,4
-117.835989,33.665826,98.83,0.252,4
-117.835689,33.665826,96.34,0.387,4
-117.835389,33.665826,95.17,0.505,4
-117.835089,33.665826,95.29,0.501,4
-117.834789,33.665826,95.56,0.562,4
-117.834489,33.665826,96.03,0.603,4
-117.834189,33.665826,96.3,0.616,4
-117.833889,33.665826,96.27,0.628,4
-117.833589,33.665826,96.2,0.602,4
-117.833289,33.665826,96.22,0.599,4
-117.832989,33.665826,96.2,0.641,4
-117.832689,33.665826,96.28,0.667,4
-117.832389,33.665826,96.62,0.656,4
-117.832089,33.665826,97.07,0.656,4
-117.831789,33.665826,97.64,0.677,4
-117.831488,33.665826,98.41,0.689,4
-117.831188,33.665826,99.42,0.678,4
-117.830888,33.665826,101.98,0.51,4
-117.830588,33.665826,103.34,0.451,4
-117.830288,33.665826,104.53,0.35,4
-117.829988,33.665826,105.86,0.318,4
-117.829688,33.665826,106.49,0.438,4
-117.829388,33.665826,106.76,0.478,4
-117.829088,33.665826,106.81,0.398,4
-117.828788,33.665826,106.76,0.345,4
-117.828488,33.665826,106.62,0.356,4
-117.828188,33.665826,106.49,0.348,4
-117.827888,33.665826,106.54,0.288,4
-117.827588,33.665826,106.44,0.185,4
-117.827288,33.665826,106.62,0.161,4
-117.826988,33.665826,107.05,0.28,4
-117.826687,33.665826,107.47,0.286,4
-117.826387,33.665826,107.91,0.221,4
-117.826087,33.665826,108.41,0.303,4
-117.825787,33.665826,108.71,0.263,4
-117.825487,33.665826,108.64,0.248,4
-117.825187,33.665826,108.24,0.275,4
-117.824887,33.665826,107.21,0.268,4
-117.824587,33.665826,106.07,0.29,4
-117.824287,33.665826,105.34,0.385,4
-117.823987,33.665826,104.76,0.475,4
-117.823687,33.665826,104.49,0.496,4
-117.823387,33.665826,104.67,0.362,4
-117.823087,33.665826,105.1,0.292,4
-117.822787,33.665826,105.77,0.244,4
-117.822487,33.665826,105.14,0.282,4
-117.822187,33.665826,104.18,0.616,4
-117.821887,33.665826,103.64,0.598,4
-117.821586,33.665826,103.71,0.452,4
-117.821286,33.665826,104.19,0.407,4
-117.820986,33.665826,104.86,0.445,4
-117.820686,33.665826,105.64,0.401,4
-117.820386,33.665826,106.07,0.329,4
-117.858494,33.665526,106.34,0.299,4
-117.858194,33.665526,106.4,0.375,4
-117.857894,33.665526,106.24,0.384,4
-117.857594,33.665526,106.15,0.324,4
-117.857294,33.665526,106.31,0.276,4
-117.856993,33.665526,106.33,0.235,4
-117.856693,33.665526,106.23,0.211,4
-117.856393,33.665526,106.15,0.108,4
-117.856093,33.665526,106.21,0.067,4
-117.855793,33.665526,106.22,0.04,4
-117.855493,33.665526,106.55,0.079,4
-117.855193,33.665526,107.12,0.207,4
-117.854893,33.665526,108.76,0.138,4
-117.854593,33.665526,109.15,0.149,4
-117.854293,33.665526,108.81,0.195,4
-117.853993,33.665526,107.11,0.176,4
-117.853693,33.665526,105,0.182,4
-117.853393,33.665526,103.49,0.237,4
-117.853093,33.665526,102.72,0.21,4
-117.852793,33.665526,102.78,0.105,4
-117.852493,33.665526,102.96,0.1,4
-117.852193,33.665526,103.35,0.143,4
-117.851892,33.665526,103.8,0.093,4
-117.851592,33.665526,104.22,0.056,4
-117.851292,33.665526,104.56,0.121,4
-117.850992,33.665526,105.2,0.203,4
-117.850692,33.665526,104.24,0.169,4
-117.850392,33.665526,102.65,0.237,4
-117.850092,33.665526,99.69,0.404,4
-117.849792,33.665526,97.06,0.428,4
-117.849492,33.665526,94.89,0.456,4
-117.849192,33.665526,92.58,0.593,4
-117.848892,33.665526,90.68,0.689,4
-117.848592,33.665526,89.4,0.726,4
-117.848292,33.665526,88.67,0.71,4
-117.847992,33.665526,87.99,0.651,4
-117.847692,33.665526,87.06,0.691,4
-117.847392,33.665526,86.36,0.677,4
-117.847092,33.665526,85.9,0.617,4
-117.846791,33.665526,85.46,0.606,4
-117.846491,33.665526,85.04,0.621,4
-117.846191,33.665526,84.72,0.679,4
-117.845891,33.665526,85.79,0.712,4
-117.845591,33.665526,86.75,0.716,4
-117.845291,33.665526,87.05,0.723,4
-117.844991,33.665526,87.38,0.737,4
-117.844691,33.665526,87.74,0.745,4
-117.844391,33.665526,88.13,0.734,4
-117.844091,33.665526,88.2,0.718,4
-117.843791,33.665526,86.95,0.697,4
-117.843491,33.665526,87.36,0.647,4
-117.843191,33.665526,87.74,0.568,4
-117.842891,33.665526,87.91,0.582,4
-117.842591,33.665526,87.95,0.62,4
-117.842291,33.665526,88.06,0.622,4
-117.841991,33.665526,88.3,0.625,4
-117.84169,33.665526,88.88,0.621,4
-117.84139,33.665526,90.04,0.592,4
-117.84109,33.665526,92.51,0.527,4
-117.84079,33.665526,95.61,0.371,4
-117.84049,33.665526,98.01,0.151,4
-117.84019,33.665526,100.48,0.057,4
-117.83989,33.665526,102.48,0.04,4
-117.83959,33.665526,104.62,0.073,4
-117.83929,33.665526,106.29,0.102,4
-117.83899,33.665526,108.46,0.092,4
-117.83869,33.665526,109.44,0.071,4
-117.83839,33.665526,109.82,0.079,4
-117.83809,33.665526,109.57,0.076,4
-117.83779,33.665526,109.02,0.075,4
-117.83749,33.665526,108.2,0.079,4
-117.83719,33.665526,106.97,0.101,4
-117.83689,33.665526,105.3,0.169,4
-117.836589,33.665526,103.11,0.217,4
-117.836289,33.665526,100.45,0.183,4
-117.835989,33.665526,97.88,0.251,4
-117.835689,33.665526,95.83,0.495,4
-117.835389,33.665526,94.96,0.526,4
-117.835089,33.665526,95.04,0.542,4
-117.834789,33.665526,95.43,0.603,4
-117.834489,33.665526,95.99,0.62,4
-117.834189,33.665526,96.22,0.639,4
-117.833889,33.665526,96.16,0.63,4
-117.833589,33.665526,96.02,0.59,4
-117.833289,33.665526,95.81,0.621,4
-117.832989,33.665526,95.65,0.671,4
-117.832689,33.665526,95.69,0.676,4
-117.832389,33.665526,95.93,0.659,4
-117.832089,33.665526,96.35,0.625,4
-117.831789,33.665526,96.81,0.655,4
-117.831488,33.665526,97.4,0.714,4
-117.831188,33.665526,98.24,0.718,4
-117.830888,33.665526,100.66,0.545,4
-117.830588,33.665526,101.99,0.404,4
-117.830288,33.665526,103.26,0.386,4
-117.829988,33.665526,104.82,0.372,4
-117.829688,33.665526,105.8,0.425,4
-117.829388,33.665526,106.35,0.388,4
-117.829088,33.665526,106.6,0.329,4
-117.828788,33.665526,106.65,0.316,4
-117.828488,33.665526,106.57,0.335,4
-117.828188,33.665526,106.41,0.337,4
-117.827888,33.665526,106.33,0.255,4
-117.827588,33.665526,106.12,0.216,4
-117.827288,33.665526,106.27,0.189,4
-117.826988,33.665526,106.78,0.289,4
-117.826687,33.665526,107.29,0.241,4
-117.826387,33.665526,108.16,0.206,4
-117.826087,33.665526,108.95,0.312,4
-117.825787,33.665526,109.45,0.295,4
-117.825487,33.665526,109.52,0.282,4
-117.825187,33.665526,109.31,0.278,4
-117.824887,33.665526,108.34,0.267,4
-117.824587,33.665526,107.14,0.264,4
-117.824287,33.665526,106.36,0.289,4
-117.823987,33.665526,105.58,0.345,4
-117.823687,33.665526,104.85,0.422,4
-117.823387,33.665526,104.68,0.555,4
-117.823087,33.665526,104.78,0.526,4
-117.822787,33.665526,105.61,0.501,4
-117.822487,33.665526,105.4,0.525,4
-117.822187,33.665526,104.9,0.481,4
-117.821887,33.665526,104.36,0.44,4
-117.821586,33.665526,104.11,0.39,4
-117.821286,33.665526,104.22,0.446,4
-117.820986,33.665526,104.68,0.488,4
-117.820686,33.665526,105.39,0.376,4
-117.820386,33.665526,105.82,0.26,4
-117.858494,33.665226,106.75,0.305,4
-117.858194,33.665226,106.89,0.43,4
-117.857894,33.665226,106.68,0.42,4
-117.857594,33.665226,106.31,0.331,4
-117.857294,33.665226,106.16,0.353,4
-117.856993,33.665226,105.89,0.302,4
-117.856693,33.665226,105.64,0.156,4
-117.856393,33.665226,105.51,0.044,4
-117.856093,33.665226,105.64,0.032,4
-117.855793,33.665226,106.01,0.045,4
-117.855493,33.665226,106.69,0.127,4
-117.855193,33.665226,107.35,0.194,4
-117.854893,33.665226,108.76,0.162,4
-117.854593,33.665226,109.2,0.168,4
-117.854293,33.665226,109.04,0.174,4
-117.853993,33.665226,107.65,0.166,4
-117.853693,33.665226,105.77,0.201,4
-117.853393,33.665226,104.22,0.258,4
-117.853093,33.665226,103.18,0.26,4
-117.852793,33.665226,102.91,0.201,4
-117.852493,33.665226,102.74,0.163,4
-117.852193,33.665226,102.92,0.296,4
-117.851892,33.665226,103.42,0.27,4
-117.851592,33.665226,103.81,0.136,4
-117.851292,33.665226,103.91,0.08,4
-117.850992,33.665226,104.34,0.182,4
-117.850692,33.665226,103.28,0.283,4
-117.850392,33.665226,101.42,0.28,4
-117.850092,33.665226,98.24,0.315,4
-117.849792,33.665226,95.16,0.434,4
-117.849492,33.665226,92.68,0.569,4
-117.849192,33.665226,90.56,0.665,4
-117.848892,33.665226,89.14,0.703,4
-117.848592,33.665226,88.44,0.688,4
-117.848292,33.665226,88.26,0.645,4
-117.847992,33.665226,87.88,0.591,4
-117.847692,33.665226,87.02,0.649,4
-117.847392,33.665226,86.27,0.692,4
-117.847092,33.665226,85.7,0.667,4
-117.846791,33.665226,85.4,0.6,4
-117.846491,33.665226,85.2,0.553,4
-117.846191,33.665226,84.91,0.6,4
-117.845891,33.665226,85.97,0.637,4
-117.845591,33.665226,86.95,0.642,4
-117.845291,33.665226,87.22,0.63,4
-117.844991,33.665226,87.53,0.634,4
-117.844691,33.665226,87.88,0.673,4
-117.844391,33.665226,88.3,0.686,4
-117.844091,33.665226,88.44,0.679,4
-117.843791,33.665226,87.19,0.712,4
-117.843491,33.665226,87.65,0.683,4
-117.843191,33.665226,88.12,0.595,4
-117.842891,33.665226,88.49,0.531,4
-117.842591,33.665226,88.67,0.558,4
-117.842291,33.665226,88.72,0.603,4
-117.841991,33.665226,88.89,0.616,4
-117.84169,33.665226,89.34,0.593,4
-117.84139,33.665226,90.31,0.558,4
-117.84109,33.665226,92.73,0.511,4
-117.84079,33.665226,95.94,0.369,4
-117.84049,33.665226,98.41,0.145,4
-117.84019,33.665226,100.92,0.054,4
-117.83989,33.665226,102.9,0.061,4
-117.83959,33.665226,104.78,0.114,4
-117.83929,33.665226,105.94,0.101,4
-117.83899,33.665226,107.58,0.098,4
-117.83869,33.665226,108.17,0.067,4
-117.83839,33.665226,108.46,0.093,4
-117.83809,33.665226,108.21,0.127,4
-117.83779,33.665226,107.82,0.146,4
-117.83749,33.665226,107.2,0.214,4
-117.83719,33.665226,106.04,0.27,4
-117.83689,33.665226,104.22,0.253,4
-117.836589,33.665226,101.85,0.218,4
-117.836289,33.665226,98.95,0.212,4
-117.835989,33.665226,95.89,0.291,4
-117.835689,33.665226,95.12,0.569,4
-117.835389,33.665226,94.91,0.517,4
-117.835089,33.665226,94.91,0.582,4
-117.834789,33.665226,95.32,0.637,4
-117.834489,33.665226,95.83,0.628,4
-117.834189,33.665226,96,0.655,4
-117.833889,33.665226,95.91,0.657,4
-117.833589,33.665226,95.73,0.636,4
-117.833289,33.665226,95.46,0.661,4
-117.832989,33.665226,95.34,0.653,4
-117.832689,33.665226,95.34,0.641,4
-117.832389,33.665226,95.37,0.684,4
-117.832089,33.665226,95.77,0.657,4
-117.831789,33.665226,96.36,0.657,4
-117.831488,33.665226,97.08,0.69,4
-117.831188,33.665226,97.97,0.679,4
-117.830888,33.665226,100.36,0.541,4
-117.830588,33.665226,101.71,0.317,4
-117.830288,33.665226,103.02,0.301,4
-117.829988,33.665226,104.6,0.361,4
-117.829688,33.665226,105.66,0.408,4
-117.829388,33.665226,106.33,0.333,4
-117.829088,33.665226,106.69,0.249,4
-117.828788,33.665226,106.8,0.239,4
-117.828488,33.665226,106.7,0.25,4
-117.828188,33.665226,106.44,0.235,4
-117.827888,33.665226,106.23,0.23,4
-117.827588,33.665226,105.95,0.292,4
-117.827288,33.665226,106.15,0.382,4
-117.826988,33.665226,106.76,0.353,4
-117.826687,33.665226,107.53,0.227,4
-117.826387,33.665226,108.55,0.165,4
-117.826087,33.665226,109.42,0.239,4
-117.825787,33.665226,110.11,0.291,4
-117.825487,33.665226,110.38,0.263,4
-117.825187,33.665226,110.28,0.228,4
-117.824887,33.665226,109.38,0.269,4
-117.824587,33.665226,108.22,0.325,4
-117.824287,33.665226,107.47,0.322,4
-117.823987,33.665226,106.67,0.293,4
-117.823687,33.665226,105.81,0.288,4
-117.823387,33.665226,105.36,0.414,4
-117.823087,33.665226,105.15,0.567,4
-117.822787,33.665226,106,0.638,4
-117.822487,33.665226,106.27,0.427,4
-117.822187,33.665226,106.29,0.248,4
-117.821887,33.665226,106.01,0.28,4
-117.821586,33.665226,105.63,0.301,4
-117.821286,33.665226,105.38,0.328,4
-117.820986,33.665226,105.48,0.376,4
-117.820686,33.665226,105.92,0.359,4
-117.820386,33.665226,106.26,0.304,4
-117.858494,33.664926,108.31,0.318,4
-117.858194,33.664926,108.4,0.351,4
-117.857894,33.664926,107.5,0.272,4
-117.857594,33.664926,106.29,0.185,4
-117.857294,33.664926,105.88,0.244,4
-117.856993,33.664926,105.56,0.267,4
-117.856693,33.664926,105.39,0.187,4
-117.856393,33.664926,105.31,0.098,4
-117.856093,33.664926,105.46,0.09,4
-117.855793,33.664926,106.39,0.116,4
-117.855493,33.664926,107.16,0.158,4
-117.855193,33.664926,107.87,0.174,4
-117.854893,33.664926,108.34,0.16,4
-117.854593,33.664926,108.5,0.156,4
-117.854293,33.664926,108.31,0.184,4
-117.853993,33.664926,107.4,0.172,4
-117.853693,33.664926,105.88,0.164,4
-117.853393,33.664926,104.05,0.257,4
-117.853093,33.664926,102.71,0.38,4
-117.852793,33.664926,102.54,0.36,4
-117.852493,33.664926,102.2,0.289,4
-117.852193,33.664926,102.24,0.458,4
-117.851892,33.664926,102.79,0.467,4
-117.851592,33.664926,103.2,0.323,4
-117.851292,33.664926,102.92,0.182,4
-117.850992,33.664926,102.34,0.351,4
-117.850692,33.664926,100.99,0.445,4
-117.850392,33.664926,99,0.382,4
-117.850092,33.664926,96,0.374,4
-117.849792,33.664926,93.1,0.488,4
-117.849492,33.664926,90.78,0.631,4
-117.849192,33.664926,89.2,0.7,4
-117.848892,33.664926,88.6,0.685,4
-117.848592,33.664926,88.41,0.639,4
-117.848292,33.664926,88.58,0.575,4
-117.847992,33.664926,88.33,0.549,4
-117.847692,33.664926,87.57,0.626,4
-117.847392,33.664926,86.84,0.664,4
-117.847092,33.664926,86.29,0.644,4
-117.846791,33.664926,85.95,0.628,4
-117.846491,33.664926,85.73,0.603,4
-117.846191,33.664926,85.55,0.594,4
-117.845891,33.664926,86.17,0.609,4
-117.845591,33.664926,86.81,0.631,4
-117.845291,33.664926,87.07,0.609,4
-117.844991,33.664926,87.43,0.578,4
-117.844691,33.664926,87.93,0.603,4
-117.844391,33.664926,88.39,0.608,4
-117.844091,33.664926,88.7,0.606,4
-117.843791,33.664926,88.26,0.642,4
-117.843491,33.664926,88.7,0.602,4
-117.843191,33.664926,89.1,0.565,4
-117.842891,33.664926,89.39,0.511,4
-117.842591,33.664926,89.67,0.533,4
-117.842291,33.664926,89.79,0.564,4
-117.841991,33.664926,89.88,0.583,4
-117.84169,33.664926,90.18,0.585,4
-117.84139,33.664926,91.04,0.572,4
-117.84109,33.664926,93.07,0.55,4
-117.84079,33.664926,95.85,0.478,4
-117.84049,33.664926,98.35,0.315,4
-117.84019,33.664926,100.95,0.133,4
-117.83989,33.664926,103.13,0.071,4
-117.83959,33.664926,104.59,0.093,4
-117.83929,33.664926,105.26,0.068,4
-117.83899,33.664926,105.75,0.054,4
-117.83869,33.664926,105.87,0.047,4
-117.83839,33.664926,105.88,0.146,4
-117.83809,33.664926,105.77,0.247,4
-117.83779,33.664926,105.54,0.344,4
-117.83749,33.664926,105.01,0.434,4
-117.83719,33.664926,104,0.434,4
-117.83689,33.664926,102.32,0.316,4
-117.836589,33.664926,100.11,0.197,4
-117.836289,33.664926,97.44,0.219,4
-117.835989,33.664926,94.42,0.378,4
-117.835689,33.664926,94.77,0.568,4
-117.835389,33.664926,94.92,0.485,4
-117.835089,33.664926,94.82,0.666,4
-117.834789,33.664926,95.2,0.706,4
-117.834489,33.664926,95.63,0.669,4
-117.834189,33.664926,95.81,0.655,4
-117.833889,33.664926,95.73,0.665,4
-117.833589,33.664926,95.57,0.665,4
-117.833289,33.664926,95.41,0.657,4
-117.832989,33.664926,95.67,0.625,4
-117.832689,33.664926,96.08,0.639,4
-117.832389,33.664926,96.17,0.713,4
-117.832089,33.664926,96.65,0.696,4
-117.831789,33.664926,97.44,0.672,4
-117.831488,33.664926,98.3,0.682,4
-117.831188,33.664926,99.24,0.703,4
-117.830888,33.664926,100.71,0.467,4
-117.830588,33.664926,101.91,0.327,4
-117.830288,33.664926,103.09,0.342,4
-117.829988,33.664926,104.11,0.334,4
-117.829688,33.664926,105,0.34,4
-117.829388,33.664926,105.7,0.277,4
-117.829088,33.664926,106.27,0.212,4
-117.828788,33.664926,106.58,0.241,4
-117.828488,33.664926,106.5,0.289,4
-117.828188,33.664926,106.46,0.295,4
-117.827888,33.664926,106.88,0.364,4
-117.827588,33.664926,106.68,0.457,4
-117.827288,33.664926,106.92,0.534,4
-117.826988,33.664926,107.39,0.372,4
-117.826687,33.664926,108.48,0.285,4
-117.826387,33.664926,109.56,0.227,4
-117.826087,33.664926,110.47,0.248,4
-117.825787,33.664926,110.84,0.246,4
-117.825487,33.664926,111.06,0.211,4
-117.825187,33.664926,111.03,0.203,4
-117.824887,33.664926,110.47,0.236,4
-117.824587,33.664926,109.7,0.259,4
-117.824287,33.664926,109.07,0.246,4
-117.823987,33.664926,108.28,0.238,4
-117.823687,33.664926,107.24,0.25,4
-117.823387,33.664926,106.74,0.209,4
-117.823087,33.664926,106.41,0.256,4
-117.822787,33.664926,106.53,0.373,4
-117.822487,33.664926,106.83,0.261,4
-117.822187,33.664926,106.96,0.181,4
-117.821887,33.664926,106.77,0.189,4
-117.821586,33.664926,106.28,0.207,4
-117.821286,33.664926,105.81,0.244,4
-117.820986,33.664926,106.29,0.392,4
-117.820686,33.664926,106.84,0.5,4
-117.858494,33.664626,109.69,0.164,4
-117.858194,33.664626,109.61,0.175,4
-117.857894,33.664626,108.5,0.178,4
-117.857594,33.664626,106.92,0.166,4
-117.857294,33.664626,106.17,0.175,4
-117.856993,33.664626,105.67,0.2,4
-117.856693,33.664626,105.54,0.226,4
-117.856393,33.664626,105.71,0.216,4
-117.856093,33.664626,105.95,0.203,4
-117.855793,33.664626,106.9,0.157,4
-117.855493,33.664626,107.58,0.124,4
-117.855193,33.664626,108.13,0.171,4
-117.854893,33.664626,108.58,0.15,4
-117.854593,33.664626,108.65,0.13,4
-117.854293,33.664626,108.23,0.14,4
-117.853993,33.664626,107.06,0.156,4
-117.853693,33.664626,105.21,0.214,4
-117.853393,33.664626,102.89,0.389,4
-117.853093,33.664626,101.46,0.566,4
-117.852793,33.664626,102.02,0.522,4
-117.852493,33.664626,101.6,0.403,4
-117.852193,33.664626,101.57,0.385,4
-117.851892,33.664626,101.96,0.422,4
-117.851592,33.664626,102.25,0.33,4
-117.851292,33.664626,101.88,0.278,4
-117.850992,33.664626,99.84,0.376,4
-117.850692,33.664626,97.97,0.393,4
-117.850392,33.664626,95.89,0.425,4
-117.850092,33.664626,93.31,0.52,4
-117.849792,33.664626,91.04,0.625,4
-117.849492,33.664626,89.31,0.679,4
-117.849192,33.664626,88.48,0.668,4
-117.848892,33.664626,88.7,0.631,4
-117.848592,33.664626,88.77,0.617,4
-117.848292,33.664626,89.08,0.603,4
-117.847992,33.664626,88.81,0.592,4
-117.847692,33.664626,88.15,0.648,4
-117.847392,33.664626,87.56,0.599,4
-117.847092,33.664626,87.05,0.606,4
-117.846791,33.664626,86.68,0.582,4
-117.846491,33.664626,86.42,0.359,4
-117.846191,33.664626,86.23,0.309,4
-117.845891,33.664626,86.29,0.384,4
-117.845591,33.664626,86.54,0.493,4
-117.845291,33.664626,86.82,0.582,4
-117.844991,33.664626,87.24,0.606,4
-117.844691,33.664626,87.85,0.593,4
-117.844391,33.664626,88.38,0.57,4
-117.844091,33.664626,88.86,0.577,4
-117.843791,33.664626,89.12,0.603,4
-117.843491,33.664626,89.46,0.571,4
-117.843191,33.664626,89.81,0.566,4
-117.842891,33.664626,89.87,0.551,4
-117.842591,33.664626,90.11,0.575,4
-117.842291,33.664626,90.3,0.576,4
-117.841991,33.664626,90.37,0.611,4
-117.84169,33.664626,90.71,0.643,4
-117.84139,33.664626,91.56,0.619,4
-117.84109,33.664626,93.29,0.591,4
-117.84079,33.664626,95.77,0.597,4
-117.84049,33.664626,98.3,0.523,4
-117.84019,33.664626,100.71,0.281,4
-117.83989,33.664626,102.77,0.1,4
-117.83959,33.664626,103.74,0.099,4
-117.83929,33.664626,104.22,0.088,4
-117.83899,33.664626,104.15,0.124,4
-117.83869,33.664626,104.07,0.132,4
-117.83839,33.664626,103.86,0.207,4
-117.83809,33.664626,103.7,0.252,4
-117.83779,33.664626,103.4,0.308,4
-117.83749,33.664626,102.77,0.358,4
-117.83719,33.664626,101.78,0.323,4
-117.83689,33.664626,100.31,0.226,4
-117.836589,33.664626,98.37,0.173,4
-117.836289,33.664626,96.54,0.276,4
-117.835989,33.664626,95.51,0.58,4
-117.835689,33.664626,94.71,0.553,4
-117.835389,33.664626,94.91,0.556,4
-117.835089,33.664626,94.98,0.696,4
-117.834789,33.664626,95.31,0.73,4
-117.834489,33.664626,95.62,0.689,4
-117.834189,33.664626,95.79,0.653,4
-117.833889,33.664626,95.78,0.624,4
-117.833589,33.664626,95.62,0.657,4
-117.833289,33.664626,95.46,0.697,4
-117.832989,33.664626,95.9,0.686,4
-117.832689,33.664626,96.55,0.676,4
-117.832389,33.664626,96.71,0.714,4
-117.832089,33.664626,97.32,0.723,4
-117.831789,33.664626,98.46,0.645,4
-117.831488,33.664626,99.68,0.662,4
-117.831188,33.664626,100.61,0.658,4
-117.830888,33.664626,101.58,0.279,4
-117.830588,33.664626,102.4,0.288,4
-117.830288,33.664626,103.29,0.435,4
-117.829988,33.664626,104.05,0.366,4
-117.829688,33.664626,104.82,0.376,4
-117.829388,33.664626,105.53,0.325,4
-117.829088,33.664626,106.2,0.309,4
-117.828788,33.664626,106.65,0.409,4
-117.828488,33.664626,106.68,0.436,4
-117.828188,33.664626,106.76,0.357,4
-117.827888,33.664626,107.5,0.418,4
-117.827588,33.664626,107.49,0.539,4
-117.827288,33.664626,107.38,0.445,4
-117.826988,33.664626,107.99,0.262,4
-117.826687,33.664626,109.27,0.214,4
-117.826387,33.664626,110.47,0.304,4
-117.826087,33.664626,111.3,0.265,4
-117.825787,33.664626,111.53,0.196,4
-117.825487,33.664626,111.66,0.174,4
-117.825187,33.664626,111.62,0.199,4
-117.824887,33.664626,111.13,0.217,4
-117.824587,33.664626,110.47,0.22,4
-117.824287,33.664626,110,0.247,4
-117.823987,33.664626,109.4,0.269,4
-117.823687,33.664626,108.49,0.219,4
-117.823387,33.664626,108.09,0.218,4
-117.823087,33.664626,107.81,0.229,4
-117.822787,33.664626,107.75,0.25,4
-117.822487,33.664626,107.8,0.198,4
-117.822187,33.664626,107.7,0.174,4
-117.821887,33.664626,107.35,0.166,4
-117.821586,33.664626,106.73,0.209,4
-117.821286,33.664626,106.17,0.298,4
-117.820986,33.664626,106.62,0.428,4
-117.820686,33.664626,107.19,0.5,4
-117.858794,33.664326,110.33,0.183,4
-117.858494,33.664326,110.65,0.138,4
-117.858194,33.664326,110.74,0.106,4
-117.857894,33.664326,109.51,0.126,4
-117.857594,33.664326,107.7,0.168,4
-117.857294,33.664326,106.66,0.183,4
-117.856993,33.664326,105.94,0.171,4
-117.856693,33.664326,105.67,0.204,4
-117.856393,33.664326,105.79,0.252,4
-117.856093,33.664326,106.16,0.155,4
-117.855793,33.664326,107.09,0.105,4
-117.855493,33.664326,107.64,0.121,4
-117.855193,33.664326,108.1,0.132,4
-117.854893,33.664326,108.39,0.19,4
-117.854593,33.664326,108.41,0.194,4
-117.854293,33.664326,107.99,0.108,4
-117.853993,33.664326,106.86,0.094,4
-117.853693,33.664326,104.94,0.212,4
-117.853393,33.664326,102.51,0.387,4
-117.853093,33.664326,100.99,0.521,4
-117.852793,33.664326,101.24,0.547,4
-117.852493,33.664326,100.49,0.532,4
-117.852193,33.664326,100.19,0.489,4
-117.851892,33.664326,100.34,0.398,4
-117.851592,33.664326,100.41,0.335,4
-117.851292,33.664326,100.18,0.318,4
-117.850992,33.664326,98.07,0.385,4
-117.850692,33.664326,96.02,0.497,4
-117.850392,33.664326,93.97,0.572,4
-117.850092,33.664326,91.54,0.656,4
-117.849792,33.664326,89.56,0.717,4
-117.849492,33.664326,88.26,0.711,4
-117.849192,33.664326,87.83,0.655,4
-117.848892,33.664326,88.37,0.605,4
-117.848592,33.664326,88.68,0.611,4
-117.848292,33.664326,89.07,0.644,4
-117.847992,33.664326,88.72,0.651,4
-117.847692,33.664326,88.12,0.586,4
-117.847392,33.664326,87.57,0.559,4
-117.847092,33.664326,87.13,0.554,4
-117.846791,33.664326,86.81,0.474,4
-117.846491,33.664326,86.51,0.316,4
-117.846191,33.664326,86.23,0.342,4
-117.845891,33.664326,86.24,0.39,4
-117.845591,33.664326,86.41,0.442,4
-117.845291,33.664326,86.65,0.527,4
-117.844991,33.664326,87.08,0.556,4
-117.844691,33.664326,87.71,0.506,4
-117.844391,33.664326,88.29,0.44,4
-117.844091,33.664326,88.82,0.496,4
-117.843791,33.664326,89.09,0.545,4
-117.843491,33.664326,89.41,0.539,4
-117.843191,33.664326,89.74,0.581,4
-117.842891,33.664326,89.66,0.621,4
-117.842591,33.664326,89.88,0.629,4
-117.842291,33.664326,90.16,0.604,4
-117.841991,33.664326,90.4,0.626,4
-117.84169,33.664326,90.92,0.656,4
-117.84139,33.664326,91.88,0.653,4
-117.84109,33.664326,93.6,0.646,4
-117.84079,33.664326,96.03,0.615,4
-117.84049,33.664326,98.33,0.461,4
-117.84019,33.664326,100.25,0.218,4
-117.83989,33.664326,101.73,0.113,4
-117.83959,33.664326,102.5,0.166,4
-117.83929,33.664326,102.97,0.161,4
-117.83899,33.664326,103,0.218,4
-117.83869,33.664326,103.01,0.141,4
-117.83839,33.664326,102.85,0.128,4
-117.83809,33.664326,102.57,0.138,4
-117.83779,33.664326,102.07,0.155,4
-117.83749,33.664326,101.2,0.231,4
-117.83719,33.664326,100.02,0.242,4
-117.83689,33.664326,98.66,0.175,4
-117.836589,33.664326,97.28,0.237,4
-117.836289,33.664326,96.26,0.461,4
-117.835989,33.664326,95.82,0.626,4
-117.835689,33.664326,94.94,0.512,4
-117.835389,33.664326,95.01,0.647,4
-117.835089,33.664326,95.33,0.682,4
-117.834789,33.664326,95.59,0.702,4
-117.834489,33.664326,95.81,0.683,4
-117.834189,33.664326,95.94,0.64,4
-117.833889,33.664326,95.88,0.648,4
-117.833589,33.664326,95.74,0.692,4
-117.833289,33.664326,95.65,0.716,4
-117.832989,33.664326,96.16,0.692,4
-117.832689,33.664326,96.89,0.667,4
-117.832389,33.664326,97.19,0.673,4
-117.832089,33.664326,98.15,0.615,4
-117.831789,33.664326,99.65,0.473,4
-117.831488,33.664326,101,0.435,4
-117.831188,33.664326,101.76,0.454,4
-117.830888,33.664326,102.5,0.285,4
-117.830588,33.664326,102.98,0.402,4
-117.830288,33.664326,103.49,0.504,4
-117.829988,33.664326,103.96,0.368,4
-117.829688,33.664326,104.57,0.345,4
-117.829388,33.664326,105.22,0.33,4
-117.829088,33.664326,105.91,0.326,4
-117.828788,33.664326,106.47,0.396,4
-117.828488,33.664326,106.62,0.428,4
-117.828188,33.664326,106.84,0.388,4
-117.827888,33.664326,107.71,0.451,4
-117.827588,33.664326,107.56,0.539,4
-117.827288,33.664326,107.7,0.351,4
-117.826988,33.664326,108.58,0.25,4
-117.826687,33.664326,109.91,0.193,4
-117.826387,33.664326,111.08,0.243,4
-117.826087,33.664326,111.81,0.247,4
-117.825787,33.664326,111.9,0.18,4
-117.825487,33.664326,111.92,0.104,4
-117.825187,33.664326,111.8,0.103,4
-117.824887,33.664326,111.3,0.179,4
-117.824587,33.664326,110.72,0.24,4
-117.824287,33.664326,110.37,0.279,4
-117.823987,33.664326,109.93,0.316,4
-117.823687,33.664326,109.15,0.219,4
-117.823387,33.664326,108.9,0.216,4
-117.823087,33.664326,108.69,0.226,4
-117.822787,33.664326,108.53,0.237,4
-117.822487,33.664326,108.36,0.22,4
-117.822187,33.664326,108.03,0.253,4
-117.821887,33.664326,107.49,0.231,4
-117.821586,33.664326,106.78,0.249,4
-117.821286,33.664326,106.21,0.29,4
-117.820986,33.664326,106.64,0.287,4
-117.820686,33.664326,107.21,0.269,4
-117.858794,33.664025,110.06,0.138,4
-117.858494,33.664025,110.39,0.114,4
-117.858194,33.664025,110.47,0.089,4
-117.857894,33.664025,109.76,0.109,4
-117.857594,33.664025,108.56,0.159,4
-117.857294,33.664025,107.44,0.175,4
-117.856993,33.664025,106.59,0.175,4
-117.856693,33.664025,106.14,0.217,4
-117.856393,33.664025,106.04,0.192,4
-117.856093,33.664025,106.23,0.084,4
-117.855793,33.664025,107.56,0.096,4
-117.855493,33.664025,108.24,0.123,4
-117.855193,33.664025,108.77,0.087,4
-117.854893,33.664025,109.04,0.121,4
-117.854593,33.664025,109.08,0.122,4
-117.854293,33.664025,108.71,0.087,4
-117.853993,33.664025,107.92,0.079,4
-117.853693,33.664025,106.44,0.141,4
-117.853393,33.664025,104.26,0.297,4
-117.853093,33.664025,102.23,0.496,4
-117.852793,33.664025,101.09,0.603,4
-117.852493,33.664025,100.07,0.586,4
-117.852193,33.664025,99.51,0.508,4
-117.851892,33.664025,99.4,0.467,4
-117.851592,33.664025,99.28,0.369,4
-117.851292,33.664025,99.06,0.266,4
-117.850992,33.664025,96.22,0.394,4
-117.850692,33.664025,93.86,0.623,4
-117.850392,33.664025,92.11,0.7,4
-117.850092,33.664025,91.2,0.693,4
-117.849792,33.664025,90.32,0.692,4
-117.849492,33.664025,89.24,0.693,4
-117.849192,33.664025,88.83,0.686,4
-117.848892,33.664025,89.19,0.67,4
-117.848592,33.664025,89.51,0.634,4
-117.848292,33.664025,89.67,0.593,4
-117.847992,33.664025,89.16,0.514,4
-117.847692,33.664025,87.9,0.427,4
-117.847392,33.664025,87.48,0.535,4
-117.847092,33.664025,87.1,0.522,4
-117.846791,33.664025,86.82,0.444,4
-117.846491,33.664025,86.55,0.465,4
-117.846191,33.664025,86.29,0.438,4
-117.845891,33.664025,86.06,0.284,4
-117.845591,33.664025,85.51,0.164,4
-117.845291,33.664025,85.51,0.161,4
-117.844991,33.664025,87.12,0.18,4
-117.844691,33.664025,88.63,0.168,3
-117.844391,33.664025,87.87,0.198,4
-117.844091,33.664025,88.46,0.425,4
-117.843791,33.664025,88.8,0.553,4
-117.843491,33.664025,89.07,0.561,4
-117.843191,33.664025,89.35,0.56,4
-117.842891,33.664025,89.33,0.541,4
-117.842591,33.664025,89.6,0.46,4
-117.842291,33.664025,90.02,0.426,4
-117.841991,33.664025,90.62,0.445,4
-117.84169,33.664025,91.54,0.492,4
-117.84139,33.664025,92.81,0.526,4
-117.84109,33.664025,94.6,0.528,4
-117.84079,33.664025,96.75,0.46,4
-117.84049,33.664025,98.55,0.276,4
-117.84019,33.664025,99.9,0.115,4
-117.83989,33.664025,100.91,0.095,4
-117.83959,33.664025,101.5,0.147,4
-117.83929,33.664025,101.91,0.205,4
-117.83899,33.664025,102.01,0.232,4
-117.83869,33.664025,102.15,0.2,4
-117.83839,33.664025,102.12,0.156,4
-117.83809,33.664025,101.85,0.086,4
-117.83779,33.664025,101.19,0.176,4
-117.83749,33.664025,100.01,0.257,4
-117.83719,33.664025,98.59,0.216,4
-117.83689,33.664025,97.22,0.175,4
-117.836589,33.664025,96.12,0.336,4
-117.836289,33.664025,95.64,0.671,4
-117.835989,33.664025,95.65,0.576,4
-117.835689,33.664025,95.08,0.551,4
-117.835389,33.664025,95.19,0.661,4
-117.835089,33.664025,95.57,0.674,4
-117.834789,33.664025,95.77,0.681,4
-117.834489,33.664025,95.97,0.664,4
-117.834189,33.664025,96,0.681,4
-117.833889,33.664025,95.95,0.7,4
-117.833589,33.664025,95.94,0.693,4
-117.833289,33.664025,95.98,0.683,4
-117.832989,33.664025,96.49,0.687,4
-117.832689,33.664025,97.22,0.686,4
-117.832389,33.664025,97.69,0.636,4
-117.832089,33.664025,98.87,0.515,4
-117.831789,33.664025,100.44,0.399,4
-117.831488,33.664025,101.74,0.382,4
-117.831188,33.664025,102.34,0.404,4
-117.830888,33.664025,102.96,0.339,4
-117.830588,33.664025,103.16,0.421,4
-117.830288,33.664025,103.41,0.473,4
-117.829988,33.664025,103.66,0.325,4
-117.829688,33.664025,104.14,0.265,4
-117.829388,33.664025,104.74,0.356,4
-117.829088,33.664025,105.35,0.415,4
-117.828788,33.664025,105.86,0.368,4
-117.828488,33.664025,106.09,0.319,4
-117.828188,33.664025,106.37,0.358,4
-117.827888,33.664025,107.16,0.466,4
-117.827588,33.664025,107.06,0.535,4
-117.827288,33.664025,107.41,0.36,4
-117.826988,33.664025,108.44,0.226,4
-117.826687,33.664025,109.67,0.224,4
-117.826387,33.664025,110.59,0.228,4
-117.826087,33.664025,111.2,0.199,4
-117.825787,33.664025,111.3,0.119,4
-117.825487,33.664025,111.29,0.086,4
-117.825187,33.664025,111.17,0.141,4
-117.824887,33.664025,110.9,0.208,4
-117.824587,33.664025,110.61,0.222,4
-117.824287,33.664025,110.39,0.241,4
-117.823987,33.664025,110.13,0.301,4
-117.823687,33.664025,109.61,0.276,4
-117.823387,33.664025,109.43,0.243,4
-117.823087,33.664025,109.21,0.257,4
-117.822787,33.664025,109.27,0.228,4
-117.822487,33.664025,109.02,0.267,4
-117.822187,33.664025,108.53,0.293,4
-117.821887,33.664025,107.85,0.26,4
-117.821586,33.664025,107.14,0.27,4
-117.821286,33.664025,106.62,0.28,4
-117.820986,33.664025,106.61,0.271,4
-117.820686,33.664025,106.76,0.266,4
-117.858794,33.663725,108.71,0.119,4
-117.858494,33.663725,109.15,0.09,4
-117.858194,33.663725,109.46,0.095,4
-117.857894,33.663725,109.4,0.162,4
-117.857594,33.663725,108.88,0.185,4
-117.857294,33.663725,107.82,0.134,4
-117.856993,33.663725,106.9,0.155,4
-117.856693,33.663725,106.28,0.21,4
-117.856393,33.663725,105.86,0.121,4
-117.856093,33.663725,105.82,0.056,4
-117.855793,33.663725,107.49,0.062,4
-117.855493,33.663725,108.28,0.105,4
-117.855193,33.663725,108.86,0.071,4
-117.854893,33.663725,109.15,0.044,4
-117.854593,33.663725,109.25,0.042,4
-117.854293,33.663725,108.93,0.058,4
-117.853993,33.663725,108.31,0.063,4
-117.853693,33.663725,107.16,0.059,4
-117.853393,33.663725,105.2,0.138,4
-117.853093,33.663725,102.84,0.338,4
-117.852793,33.663725,100.77,0.505,4
-117.852493,33.663725,99.36,0.524,4
-117.852193,33.663725,98.56,0.406,4
-117.851892,33.663725,98.13,0.37,4
-117.851592,33.663725,97.85,0.442,4
-117.851292,33.663725,97.52,0.471,4
-117.850992,33.663725,94.48,0.421,4
-117.850692,33.663725,92.69,0.466,4
-117.850392,33.663725,91.24,0.601,4
-117.850092,33.663725,91.01,0.684,4
-117.849792,33.663725,90.81,0.679,4
-117.849492,33.663725,89.94,0.667,4
-117.849192,33.663725,89.5,0.679,4
-117.848892,33.663725,89.59,0.67,4
-117.848592,33.663725,89.62,0.629,4
-117.848292,33.663725,89.48,0.539,4
-117.847992,33.663725,88.95,0.446,4
-117.847692,33.663725,87.39,0.341,4
-117.847392,33.663725,87.15,0.46,4
-117.847092,33.663725,86.95,0.519,4
-117.846791,33.663725,86.79,0.527,4
-117.846491,33.663725,86.66,0.516,4
-117.846191,33.663725,86.52,0.305,4
-117.845891,33.663725,85.39,-0.051,4
-117.845591,33.663725,84.56,-0.099,4
-117.845291,33.663725,85.25,0.029,4
-117.844991,33.663725,86.1,-0.057,3
-117.844691,33.663725,86.34,-0.043,4
-117.844391,33.663725,87.63,0.252,4
-117.844091,33.663725,88.28,0.471,4
-117.843791,33.663725,88.59,0.575,4
-117.843491,33.663725,88.87,0.571,4
-117.843191,33.663725,89.15,0.542,4
-117.842891,33.663725,89.29,0.436,4
-117.842591,33.663725,89.61,0.246,4
-117.842291,33.663725,89.65,0.129,4
-117.841991,33.663725,90.17,0.112,4
-117.84169,33.663725,92.08,0.193,4
-117.84139,33.663725,94.26,0.282,4
-117.84109,33.663725,95.98,0.363,4
-117.84079,33.663725,97.74,0.403,4
-117.84049,33.663725,99.09,0.26,4
-117.84019,33.663725,100.05,0.158,4
-117.83989,33.663725,100.96,0.156,4
-117.83959,33.663725,101.17,0.166,4
-117.83929,33.663725,101.32,0.129,4
-117.83899,33.663725,101.21,0.148,4
-117.83869,33.663725,101.25,0.155,4
-117.83839,33.663725,101.14,0.127,4
-117.83809,33.663725,100.44,0.1,4
-117.83779,33.663725,99.33,0.195,4
-117.83749,33.663725,97.88,0.231,4
-117.83719,33.663725,96.41,0.177,4
-117.83689,33.663725,95.03,0.236,4
-117.836589,33.663725,93.86,0.466,4
-117.836289,33.663725,93.81,0.641,4
-117.835989,33.663725,94.53,0.486,4
-117.835689,33.663725,95.01,0.584,4
-117.835389,33.663725,95.46,0.56,4
-117.835089,33.663725,95.78,0.63,4
-117.834789,33.663725,95.82,0.673,4
-117.834489,33.663725,95.99,0.656,4
-117.834189,33.663725,95.98,0.691,4
-117.833889,33.663725,96,0.684,4
-117.833589,33.663725,96.11,0.65,4
-117.833289,33.663725,96.23,0.652,4
-117.832989,33.663725,96.62,0.683,4
-117.832689,33.663725,97.25,0.673,4
-117.832389,33.663725,97.89,0.589,4
-117.832089,33.663725,99.13,0.473,4
-117.831789,33.663725,100.53,0.326,4
-117.831488,33.663725,101.48,0.306,4
-117.831188,33.663725,101.93,0.359,4
-117.830888,33.663725,102.76,0.398,4
-117.830588,33.663725,102.83,0.516,4
-117.830288,33.663725,102.98,0.5,4
-117.829988,33.663725,103.14,0.377,4
-117.829688,33.663725,103.57,0.335,4
-117.829388,33.663725,104.16,0.361,4
-117.829088,33.663725,104.59,0.312,4
-117.828788,33.663725,104.9,0.224,4
-117.828488,33.663725,105.19,0.23,4
-117.828188,33.663725,105.45,0.323,4
-117.827888,33.663725,105.88,0.467,4
-117.827588,33.663725,105.82,0.499,4
-117.827288,33.663725,106.32,0.358,4
-117.826988,33.663725,107.35,0.202,4
-117.826687,33.663725,108.3,0.172,4
-117.826387,33.663725,108.79,0.196,4
-117.826087,33.663725,109.17,0.119,4
-117.825787,33.663725,109.52,0.083,4
-117.825487,33.663725,109.67,0.157,4
-117.825187,33.663725,109.67,0.224,4
-117.824887,33.663725,109.89,0.233,4
-117.824587,33.663725,110.15,0.238,4
-117.824287,33.663725,110.1,0.261,4
-117.823987,33.663725,110.06,0.283,4
-117.823687,33.663725,109.88,0.267,4
-117.823387,33.663725,109.75,0.259,4
-117.823087,33.663725,109.51,0.259,4
-117.822787,33.663725,109.89,0.315,4
-117.822487,33.663725,109.59,0.381,4
-117.822187,33.663725,109.02,0.315,4
-117.821887,33.663725,108.3,0.289,4
-117.821586,33.663725,107.63,0.337,4
-117.821286,33.663725,107.17,0.384,4
-117.820986,33.663725,106.62,0.312,4
-117.820686,33.663725,106.25,0.227,4
-117.859094,33.663425,107.57,0.051,4
-117.858794,33.663425,107.68,0.124,4
-117.858494,33.663425,108.32,0.116,4
-117.858194,33.663425,108.78,0.148,4
-117.857894,33.663425,108.76,0.251,4
-117.857594,33.663425,108.35,0.3,4
-117.857294,33.663425,107.38,0.251,4
-117.856993,33.663425,106.31,0.189,4
-117.856693,33.663425,105.44,0.175,4
-117.856393,33.663425,104.83,0.072,4
-117.856093,33.663425,104.68,0.031,4
-117.855793,33.663425,106.33,0.04,4
-117.855493,33.663425,107.14,0.167,4
-117.855193,33.663425,107.69,0.148,4
-117.854893,33.663425,107.81,0.073,4
-117.854593,33.663425,107.82,0.072,4
-117.854293,33.663425,107.63,0.111,4
-117.853993,33.663425,107.28,0.096,4
-117.853693,33.663425,106.47,0.035,4
-117.853393,33.663425,104.74,0.05,4
-117.853093,33.663425,102.33,0.223,4
-117.852793,33.663425,100.03,0.439,4
-117.852493,33.663425,98.2,0.489,4
-117.852193,33.663425,96.98,0.338,4
-117.851892,33.663425,96.31,0.392,4
-117.851592,33.663425,95.96,0.562,4
-117.851292,33.663425,95.71,0.687,4
-117.850992,33.663425,92.78,0.603,4
-117.850692,33.663425,91.71,0.486,4
-117.850392,33.663425,91.09,0.486,4
-117.850092,33.663425,91.19,0.613,4
-117.849792,33.663425,91.09,0.688,4
-117.849492,33.663425,90.3,0.664,4
-117.849192,33.663425,89.83,0.619,4
-117.848892,33.663425,89.66,0.548,4
-117.848592,33.663425,89.34,0.517,4
-117.848292,33.663425,88.99,0.529,4
-117.847992,33.663425,88.28,0.476,4
-117.847692,33.663425,85.37,0.034,4
-117.847392,33.663425,86.58,0.19,4
-117.847092,33.663425,86.74,0.448,4
-117.846791,33.663425,86.76,0.528,4
-117.846491,33.663425,86.79,0.517,4
-117.846191,33.663425,86.79,0.359,4
-117.845891,33.663425,86.57,0.269,4
-117.845591,33.663425,86.35,0.389,4
-117.845291,33.663425,86.34,0.489,4
-117.844991,33.663425,86.14,0.267,4
-117.844691,33.663425,86.06,0.002,4
-117.844391,33.663425,87.61,0.384,4
-117.844091,33.663425,88.19,0.522,4
-117.843791,33.663425,88.41,0.567,4
-117.843491,33.663425,88.79,0.535,4
-117.843191,33.663425,89.13,0.421,4
-117.842891,33.663425,89.26,0.268,4
-117.842591,33.663425,89.25,0.072,4
-117.842291,33.663425,90.12,0.059,4
-117.841991,33.663425,91.64,0.099,4
-117.84169,33.663425,93.61,0.136,4
-117.84139,33.663425,95.48,0.167,4
-117.84109,33.663425,97.18,0.244,4
-117.84079,33.663425,98.98,0.342,4
-117.84049,33.663425,100.19,0.276,4
-117.84019,33.663425,101.02,0.219,4
-117.83989,33.663425,101.72,0.246,4
-117.83959,33.663425,101.49,0.229,4
-117.83929,33.663425,101.19,0.116,4
-117.83899,33.663425,100.77,0.114,4
-117.83869,33.663425,100.57,0.111,4
-117.83839,33.663425,100.29,0.141,4
-117.83809,33.663425,99.37,0.17,4
-117.83779,33.663425,98.09,0.203,4
-117.83749,33.663425,96.6,0.202,4
-117.83719,33.663425,95.28,0.221,4
-117.83689,33.663425,94.38,0.401,4
-117.836589,33.663425,93.84,0.62,4
-117.836289,33.663425,93.95,0.567,4
-117.835989,33.663425,94.63,0.514,4
-117.835689,33.663425,95.06,0.636,4
-117.835389,33.663425,95.5,0.636,4
-117.835089,33.663425,95.92,0.613,4
-117.834789,33.663425,95.99,0.644,4
-117.834489,33.663425,96.08,0.652,4
-117.834189,33.663425,96.06,0.672,4
-117.833889,33.663425,96.04,0.674,4
-117.833589,33.663425,96.14,0.675,4
-117.833289,33.663425,96.3,0.693,4
-117.832989,33.663425,96.79,0.693,4
-117.832689,33.663425,97.58,0.624,4
-117.832389,33.663425,98.35,0.499,4
-117.832089,33.663425,99.53,0.407,4
-117.831789,33.663425,100.65,0.38,4
-117.831488,33.663425,101.27,0.383,4
-117.831188,33.663425,101.55,0.443,4
-117.830888,33.663425,102.19,0.378,4
-117.830588,33.663425,102.15,0.371,4
-117.830288,33.663425,102.25,0.399,4
-117.829988,33.663425,102.45,0.395,4
-117.829688,33.663425,102.91,0.368,4
-117.829388,33.663425,103.54,0.332,4
-117.829088,33.663425,104.03,0.206,4
-117.828788,33.663425,104.41,0.105,4
-117.828488,33.663425,104.81,0.185,4
-117.828188,33.663425,105.17,0.322,4
-117.827888,33.663425,105.64,0.442,4
-117.827588,33.663425,105.6,0.461,4
-117.827288,33.663425,106.11,0.42,4
-117.826988,33.663425,106.95,0.349,4
-117.826687,33.663425,107.48,0.242,4
-117.826387,33.663425,107.57,0.104,4
-117.826087,33.663425,107.67,0.044,4
-117.825787,33.663425,107.94,0.105,4
-117.825487,33.663425,108.16,0.212,4
-117.825187,33.663425,108.32,0.227,4
-117.824887,33.663425,108.76,0.208,4
-117.824587,33.663425,109.27,0.252,4
-117.824287,33.663425,109.44,0.285,4
-117.823987,33.663425,109.59,0.25,4
-117.823687,33.663425,109.55,0.264,4
-117.823387,33.663425,109.52,0.259,4
-117.823087,33.663425,109.33,0.253,4
-117.822787,33.663425,109.72,0.336,4
-117.822487,33.663425,109.38,0.398,4
-117.822187,33.663425,108.81,0.301,4
-117.821887,33.663425,108.13,0.318,4
-117.821586,33.663425,107.51,0.411,4
-117.821286,33.663425,107.07,0.531,4
-117.820986,33.663425,106.55,0.503,4
-117.820686,33.663425,106.18,0.417,4
-117.859094,33.663125,106.96,0.078,4
-117.858794,33.663125,106.78,0.139,4
-117.858494,33.663125,107.47,0.172,4
-117.858194,33.663125,108.13,0.163,4
-117.857894,33.663125,108.2,0.224,4
-117.857594,33.663125,107.88,0.329,4
-117.857294,33.663125,106.86,0.316,4
-117.856993,33.663125,105.55,0.218,4
-117.856693,33.663125,104.39,0.127,4
-117.856393,33.663125,103.71,0.04,4
-117.856093,33.663125,103.58,0.037,4
-117.855793,33.663125,105.02,0.088,4
-117.855493,33.663125,105.64,0.227,4
-117.855193,33.663125,106.08,0.219,4
-117.854893,33.663125,106.07,0.137,4
-117.854593,33.663125,106.03,0.099,4
-117.854293,33.663125,105.97,0.162,4
-117.853993,33.663125,105.91,0.159,4
-117.853693,33.663125,105.4,0.089,4
-117.853393,33.663125,103.8,0.128,4
-117.853093,33.663125,101.33,0.292,4
-117.852793,33.663125,98.9,0.501,4
-117.852493,33.663125,96.99,0.623,4
-117.852193,33.663125,95.53,0.494,4
-117.851892,33.663125,94.57,0.56,4
-117.851592,33.663125,94.23,0.699,4
-117.851292,33.663125,94.16,0.674,4
-117.850992,33.663125,91.89,0.574,4
-117.850692,33.663125,91.02,0.607,4
-117.850392,33.663125,91.06,0.542,4
-117.850092,33.663125,91.66,0.493,4
-117.849792,33.663125,91.75,0.572,4
-117.849492,33.663125,91.05,0.644,4
-117.849192,33.663125,90.45,0.604,4
-117.848892,33.663125,90.01,0.544,4
-117.848592,33.663125,89.36,0.542,4
-117.848292,33.663125,88.58,0.466,4
-117.847992,33.663125,87.45,0.164,4
-117.847692,33.663125,85.79,0.052,4
-117.847392,33.663125,86.09,0.222,4
-117.847092,33.663125,86.44,0.21,4
-117.846791,33.663125,86.65,0.384,4
-117.846491,33.663125,86.8,0.507,4
-117.846191,33.663125,86.93,0.52,4
-117.845891,33.663125,86.88,0.515,4
-117.845591,33.663125,86.75,0.55,4
-117.845291,33.663125,86.69,0.519,4
-117.844991,33.663125,86.37,0.267,4
-117.844691,33.663125,86.11,0.045,4
-117.844391,33.663125,87.64,0.43,4
-117.844091,33.663125,88.08,0.572,4
-117.843791,33.663125,88.39,0.553,4
-117.843491,33.663125,88.89,0.458,4
-117.843191,33.663125,89.4,0.287,4
-117.842891,33.663125,88.57,0.035,4
-117.842591,33.663125,89.86,0.059,4
-117.842291,33.663125,91.77,0.214,4
-117.841991,33.663125,93.42,0.281,4
-117.84169,33.663125,94.97,0.225,4
-117.84139,33.663125,95.9,0.122,4
-117.84109,33.663125,96.97,0.104,4
-117.84079,33.663125,99.39,0.198,4
-117.84049,33.663125,101.46,0.23,4
-117.84019,33.663125,102.39,0.216,4
-117.83989,33.663125,102.74,0.212,4
-117.83959,33.663125,102.19,0.219,4
-117.83929,33.663125,101.45,0.14,4
-117.83899,33.663125,100.46,0.079,4
-117.83869,33.663125,99.84,0.094,4
-117.83839,33.663125,99.18,0.216,4
-117.83809,33.663125,97.96,0.25,4
-117.83779,33.663125,96.51,0.214,4
-117.83749,33.663125,95.13,0.221,4
-117.83719,33.663125,94.01,0.372,4
-117.83689,33.663125,93.53,0.564,4
-117.836589,33.663125,93.76,0.596,4
-117.836289,33.663125,94.07,0.576,4
-117.835989,33.663125,94.46,0.65,4
-117.835689,33.663125,94.92,0.689,4
-117.835389,33.663125,95.45,0.655,4
-117.835089,33.663125,95.97,0.596,4
-117.834789,33.663125,96.15,0.623,4
-117.834489,33.663125,96.18,0.679,4
-117.834189,33.663125,96.18,0.686,4
-117.833889,33.663125,96.2,0.659,4
-117.833589,33.663125,96.24,0.672,4
-117.833289,33.663125,96.39,0.695,4
-117.832989,33.663125,96.82,0.682,4
-117.832689,33.663125,97.56,0.604,4
-117.832389,33.663125,98.51,0.471,4
-117.832089,33.663125,99.61,0.445,4
-117.831789,33.663125,100.43,0.508,4
-117.831488,33.663125,100.9,0.465,4
-117.831188,33.663125,101.09,0.41,4
-117.830888,33.663125,101.16,0.287,4
-117.830588,33.663125,101.08,0.224,4
-117.830288,33.663125,101.23,0.217,4
-117.829988,33.663125,101.67,0.321,4
-117.829688,33.663125,102.26,0.366,4
-117.829388,33.663125,102.92,0.346,4
-117.829088,33.663125,103.47,0.274,4
-117.828788,33.663125,103.96,0.199,4
-117.828488,33.663125,104.49,0.217,4
-117.828188,33.663125,104.89,0.313,4
-117.827888,33.663125,105.26,0.452,4
-117.827588,33.663125,105.31,0.52,4
-117.827288,33.663125,105.79,0.442,4
-117.826988,33.663125,106.39,0.363,4
-117.826687,33.663125,106.64,0.317,4
-117.826387,33.663125,106.5,0.171,4
-117.826087,33.663125,106.42,0.136,4
-117.825787,33.663125,106.53,0.273,4
-117.825487,33.663125,106.72,0.321,4
-117.825187,33.663125,106.93,0.251,4
-117.824887,33.663125,107.45,0.221,4
-117.824587,33.663125,108.13,0.267,4
-117.824287,33.663125,108.48,0.273,4
-117.823987,33.663125,108.8,0.224,4
-117.823687,33.663125,108.95,0.269,4
-117.823387,33.663125,109.09,0.256,4
-117.823087,33.663125,109.08,0.218,4
-117.822787,33.663125,109.6,0.265,4
-117.822487,33.663125,109.31,0.284,4
-117.822187,33.663125,108.76,0.263,4
-117.821887,33.663125,108.16,0.336,4
-117.821586,33.663125,107.63,0.45,4
-117.821286,33.663125,107.25,0.554,4
-117.820986,33.663125,106.77,0.632,4
-117.820686,33.663125,106.43,0.67,4
-117.859094,33.662825,106.36,0.231,4
-117.858794,33.662825,107.35,0.193,4
-117.858494,33.662825,108.76,0.189,4
-117.858194,33.662825,109.61,0.207,4
-117.857894,33.662825,109.79,0.233,4
-117.857594,33.662825,109.39,0.248,4
-117.857294,33.662825,108.26,0.208,4
-117.856993,33.662825,106.68,0.149,4
-117.856693,33.662825,105.26,0.071,4
-117.856393,33.662825,104.49,0.052,4
-117.856093,33.662825,104.16,0.09,4
-117.855793,33.662825,104.38,0.073,4
-117.855493,33.662825,104.57,0.09,4
-117.855193,33.662825,104.86,0.089,4
-117.854893,33.662825,105.75,0.077,4
-117.854593,33.662825,106.16,0.058,4
-117.854293,33.662825,106.16,0.086,4
-117.853993,33.662825,105.31,0.138,4
-117.853693,33.662825,103.81,0.172,4
-117.853393,33.662825,102.05,0.221,4
-117.853093,33.662825,99.41,0.334,4
-117.852793,33.662825,96.69,0.51,4
-117.852493,33.662825,94.9,0.709,4
-117.852193,33.662825,93.57,0.69,4
-117.851892,33.662825,92.41,0.637,4
-117.851592,33.662825,92.07,0.645,4
-117.851292,33.662825,92.27,0.633,4
-117.850992,33.662825,93.06,0.57,4
-117.850692,33.662825,93.59,0.529,4
-117.850392,33.662825,94,0.518,4
-117.850092,33.662825,93.63,0.455,4
-117.849792,33.662825,93,0.408,4
-117.849492,33.662825,92.54,0.47,4
-117.849192,33.662825,91.77,0.564,4
-117.848892,33.662825,90.82,0.555,4
-117.848592,33.662825,89.8,0.417,4
-117.848292,33.662825,88.37,0.156,4
-117.847992,33.662825,85.81,-0.072,4
-117.847692,33.662825,85.72,0.019,4
-117.847392,33.662825,85.93,0.046,4
-117.847092,33.662825,86.42,0.201,4
-117.846791,33.662825,86.67,0.399,4
-117.846491,33.662825,87.24,0.421,4
-117.846191,33.662825,87.65,0.406,4
-117.845891,33.662825,87.25,0.462,4
-117.845591,33.662825,86.82,0.506,4
-117.845291,33.662825,86.9,0.409,4
-117.844991,33.662825,86.57,0.167,4
-117.844691,33.662825,86.08,0.063,4
-117.844391,33.662825,87.54,0.436,4
-117.844091,33.662825,87.87,0.531,4
-117.843791,33.662825,88.5,0.46,4
-117.843491,33.662825,89.08,0.388,4
-117.843191,33.662825,90.1,0.254,4
-117.842891,33.662825,89.59,0.101,4
-117.842591,33.662825,91.28,0.224,4
-117.842291,33.662825,92.91,0.403,4
-117.841991,33.662825,94.27,0.488,4
-117.84169,33.662825,95.74,0.398,4
-117.84139,33.662825,96.63,0.191,4
-117.84109,33.662825,97.42,0.076,4
-117.84079,33.662825,99.8,0.145,4
-117.84049,33.662825,102.8,0.22,4
-117.84019,33.662825,104.04,0.176,4
-117.83989,33.662825,104.1,0.141,4
-117.83959,33.662825,103.29,0.174,4
-117.83929,33.662825,102.15,0.115,4
-117.83899,33.662825,100.34,0.065,4
-117.83869,33.662825,98.95,0.155,4
-117.83839,33.662825,97.81,0.234,4
-117.83809,33.662825,96.47,0.23,4
-117.83779,33.662825,95,0.209,4
-117.83749,33.662825,93.68,0.359,4
-117.83719,33.662825,92.93,0.542,4
-117.83689,33.662825,93.12,0.537,4
-117.836589,33.662825,93.78,0.529,4
-117.836289,33.662825,94.05,0.641,4
-117.835989,33.662825,94.35,0.712,4
-117.835689,33.662825,94.86,0.661,4
-117.835389,33.662825,95.35,0.629,4
-117.835089,33.662825,95.83,0.624,4
-117.834789,33.662825,96.21,0.65,4
-117.834489,33.662825,96.48,0.669,4
-117.834189,33.662825,96.62,0.653,4
-117.833889,33.662825,96.66,0.627,4
-117.833589,33.662825,96.64,0.644,4
-117.833289,33.662825,96.7,0.665,4
-117.832989,33.662825,96.92,0.672,4
-117.832689,33.662825,97.4,0.66,4
-117.832389,33.662825,98.34,0.566,4
-117.832089,33.662825,99.39,0.472,4
-117.831789,33.662825,100.07,0.487,4
-117.831488,33.662825,100.52,0.43,4
-117.831188,33.662825,100.79,0.318,4
-117.830888,33.662825,100.35,0.234,4
-117.830588,33.662825,100.25,0.232,4
-117.830288,33.662825,100.55,0.184,4
-117.829988,33.662825,101.14,0.248,4
-117.829688,33.662825,101.64,0.372,4
-117.829388,33.662825,102.15,0.444,4
-117.829088,33.662825,102.87,0.421,4
-117.828788,33.662825,103.66,0.354,4
-117.828488,33.662825,104.25,0.305,4
-117.828188,33.662825,104.74,0.309,4
-117.827888,33.662825,105.51,0.433,4
-117.827588,33.662825,105.73,0.493,4
-117.827288,33.662825,106.23,0.365,4
-117.826988,33.662825,106.69,0.231,4
-117.826687,33.662825,106.8,0.266,4
-117.826387,33.662825,106.6,0.277,4
-117.826087,33.662825,106.34,0.357,4
-117.825787,33.662825,106.33,0.487,4
-117.825487,33.662825,106.48,0.514,4
-117.825187,33.662825,106.65,0.444,4
-117.824887,33.662825,106.48,0.374,4
-117.824587,33.662825,106.28,0.338,4
-117.824287,33.662825,106.7,0.3,4
-117.823987,33.662825,107.26,0.257,4
-117.823687,33.662825,107.99,0.284,4
-117.823387,33.662825,108.35,0.237,4
-117.823087,33.662825,108.58,0.225,4
-117.822787,33.662825,109.05,0.249,4
-117.822487,33.662825,108.89,0.245,4
-117.822187,33.662825,108.45,0.24,4
-117.821887,33.662825,107.98,0.352,4
-117.821586,33.662825,107.65,0.368,4
-117.821286,33.662825,107.43,0.339,4
-117.820986,33.662825,107.33,0.383,4
-117.820686,33.662825,107.34,0.439,4
-117.859394,33.662525,103.49,0.158,4
-117.859094,33.662525,105.43,0.143,4
-117.858794,33.662525,107.34,0.093,4
-117.858494,33.662525,108.8,0.09,4
-117.858194,33.662525,109.79,0.124,4
-117.857894,33.662525,110.27,0.159,4
-117.857594,33.662525,110.06,0.185,4
-117.857294,33.662525,108.89,0.177,4
-117.856993,33.662525,107.17,0.133,4
-117.856693,33.662525,105.57,0.074,4
-117.856393,33.662525,104.59,0.096,4
-117.856093,33.662525,103.93,0.084,4
-117.855793,33.662525,103.73,0.057,4
-117.855493,33.662525,103.54,0.048,4
-117.855193,33.662525,103.56,0.057,4
-117.854893,33.662525,104.46,0.084,4
-117.854593,33.662525,104.96,0.066,4
-117.854293,33.662525,104.99,0.049,4
-117.853993,33.662525,103.91,0.102,4
-117.853693,33.662525,101.94,0.208,4
-117.853393,33.662525,99.91,0.301,4
-117.853093,33.662525,97.36,0.406,4
-117.852793,33.662525,94.92,0.581,4
-117.852493,33.662525,93.41,0.614,4
-117.852193,33.662525,92.15,0.502,4
-117.851892,33.662525,91.27,0.453,4
-117.851592,33.662525,91.12,0.506,4
-117.851292,33.662525,91.45,0.539,4
-117.850992,33.662525,92.46,0.541,4
-117.850692,33.662525,93.27,0.5,4
-117.850392,33.662525,93.91,0.498,4
-117.850092,33.662525,93.89,0.536,4
-117.849792,33.662525,93.82,0.467,4
-117.849492,33.662525,93.87,0.393,4
-117.849192,33.662525,93.21,0.49,4
-117.848892,33.662525,92.13,0.51,4
-117.848592,33.662525,90.82,0.26,4
-117.848292,33.662525,88.94,-0.071,4
-117.847992,33.662525,86.89,-0.094,4
-117.847692,33.662525,86.34,0.006,4
-117.847392,33.662525,87.4,0.198,3
-117.847092,33.662525,86.57,0.355,4
-117.846791,33.662525,85.91,0.26,4
-117.846491,33.662525,86.73,0.091,3
-117.846191,33.662525,87.36,0.04,3
-117.845891,33.662525,87.32,0.211,4
-117.845591,33.662525,87,0.423,4
-117.845291,33.662525,86.78,0.468,4
-117.844991,33.662525,87.05,0.404,4
-117.844691,33.662525,87.38,0.388,4
-117.844391,33.662525,87.55,0.484,4
-117.844091,33.662525,87.76,0.422,4
-117.843791,33.662525,87.73,0.208,4
-117.843491,33.662525,88.17,0.175,4
-117.843191,33.662525,90.1,0.295,3
-117.842891,33.662525,90.24,0.273,4
-117.842591,33.662525,91.45,0.414,4
-117.842291,33.662525,92.82,0.494,4
-117.841991,33.662525,93.75,0.52,4
-117.84169,33.662525,95.17,0.542,4
-117.84139,33.662525,97.07,0.448,4
-117.84109,33.662525,99.04,0.271,4
-117.84079,33.662525,101.29,0.204,4
-117.84049,33.662525,103.11,0.171,4
-117.84019,33.662525,104.56,0.101,4
-117.83989,33.662525,104.97,0.089,4
-117.83959,33.662525,104.48,0.114,4
-117.83929,33.662525,103,0.1,4
-117.83899,33.662525,100.32,0.162,4
-117.83869,33.662525,98.35,0.229,4
-117.83839,33.662525,96.84,0.199,4
-117.83809,33.662525,95.3,0.181,4
-117.83779,33.662525,93.7,0.331,4
-117.83749,33.662525,92.54,0.552,4
-117.83719,33.662525,92.39,0.575,4
-117.83689,33.662525,93.03,0.478,4
-117.836589,33.662525,93.58,0.576,4
-117.836289,33.662525,93.89,0.69,4
-117.835989,33.662525,94.27,0.69,4
-117.835689,33.662525,94.81,0.606,4
-117.835389,33.662525,95.2,0.613,4
-117.835089,33.662525,95.69,0.646,4
-117.834789,33.662525,96.33,0.661,4
-117.834489,33.662525,97.04,0.609,4
-117.834189,33.662525,97.43,0.581,4
-117.833889,33.662525,97.45,0.59,4
-117.833589,33.662525,97.28,0.628,4
-117.833289,33.662525,97.18,0.648,4
-117.832989,33.662525,97.28,0.657,4
-117.832689,33.662525,97.69,0.65,4
-117.832389,33.662525,98.45,0.557,4
-117.832089,33.662525,99.23,0.495,4
-117.831789,33.662525,99.74,0.516,4
-117.831488,33.662525,100.26,0.411,4
-117.831188,33.662525,100.6,0.273,4
-117.830888,33.662525,100.11,0.283,4
-117.830588,33.662525,100.03,0.318,4
-117.830288,33.662525,100.54,0.214,4
-117.829988,33.662525,101.22,0.194,4
-117.829688,33.662525,101.57,0.324,4
-117.829388,33.662525,101.88,0.419,4
-117.829088,33.662525,102.46,0.444,4
-117.828788,33.662525,103.13,0.437,4
-117.828488,33.662525,103.61,0.386,4
-117.828188,33.662525,104.09,0.398,4
-117.827888,33.662525,105.35,0.449,4
-117.827588,33.662525,105.73,0.301,4
-117.827288,33.662525,106.28,0.324,4
-117.826988,33.662525,106.78,0.214,4
-117.826687,33.662525,106.88,0.282,4
-117.826387,33.662525,106.8,0.304,4
-117.826087,33.662525,106.56,0.45,4
-117.825787,33.662525,106.53,0.539,4
-117.825487,33.662525,106.64,0.516,4
-117.825187,33.662525,106.7,0.532,4
-117.824887,33.662525,105.99,0.549,4
-117.824587,33.662525,105.11,0.451,4
-117.824287,33.662525,105.5,0.334,4
-117.823987,33.662525,106.03,0.299,4
-117.823687,33.662525,107.04,0.326,4
-117.823387,33.662525,107.65,0.184,4
-117.823087,33.662525,108.17,0.278,4
-117.822787,33.662525,108.75,0.289,4
-117.822487,33.662525,108.78,0.247,4
-117.822187,33.662525,108.56,0.198,4
-117.821887,33.662525,108.33,0.292,4
-117.821586,33.662525,108.24,0.234,4
-117.821286,33.662525,108.32,0.248,4
-117.820986,33.662525,108.55,0.35,4
-117.820686,33.662525,108.73,0.389,4
-117.859394,33.662225,104.05,0.086,4
-117.859094,33.662225,105.92,0.072,4
-117.858794,33.662225,107.78,0.065,4
-117.858494,33.662225,109.08,0.09,4
-117.858194,33.662225,110.04,0.111,4
-117.857894,33.662225,110.65,0.144,4
-117.857594,33.662225,110.49,0.215,4
-117.857294,33.662225,109.3,0.264,4
-117.856993,33.662225,107.72,0.249,4
-117.856693,33.662225,106.11,0.17,4
-117.856393,33.662225,105.02,0.085,4
-117.856093,33.662225,104.11,0.092,4
-117.855793,33.662225,103.61,0.077,4
-117.855493,33.662225,103.11,0.063,4
-117.855193,33.662225,102.83,0.046,4
-117.854893,33.662225,103.53,0.068,4
-117.854593,33.662225,103.93,0.082,4
-117.854293,33.662225,103.8,0.093,4
-117.853993,33.662225,102.4,0.151,4
-117.853693,33.662225,100.04,0.273,4
-117.853393,33.662225,97.84,0.441,4
-117.853093,33.662225,95.46,0.609,4
-117.852793,33.662225,93.4,0.654,4
-117.852493,33.662225,92.12,0.539,4
-117.852193,33.662225,91.01,0.443,4
-117.851892,33.662225,90.41,0.438,4
-117.851592,33.662225,90.48,0.436,4
-117.851292,33.662225,90.95,0.428,4
-117.850992,33.662225,92.12,0.438,4
-117.850692,33.662225,93.02,0.489,4
-117.850392,33.662225,93.74,0.553,4
-117.850092,33.662225,94.11,0.608,4
-117.849792,33.662225,94.67,0.581,4
-117.849492,33.662225,95.23,0.449,4
-117.849192,33.662225,94.78,0.381,4
-117.848892,33.662225,93.81,0.476,4
-117.848592,33.662225,92.43,0.395,4
-117.848292,33.662225,90.21,0.11,4
-117.847992,33.662225,88.01,0.103,4
-117.847692,33.662225,88.03,0.33,3
-117.847392,33.662225,86.64,0.409,4
-117.847092,33.662225,85.6,0.223,4
-117.846791,33.662225,84.75,-0.013,4
-117.846491,33.662225,85.01,-0.026,4
-117.846191,33.662225,85.13,-0.019,4
-117.845891,33.662225,85.67,0,4
-117.845591,33.662225,86.37,0.176,3
-117.845291,33.662225,86.56,0.399,4
-117.844991,33.662225,86.96,0.467,4
-117.844691,33.662225,87.41,0.472,4
-117.844391,33.662225,87.6,0.451,4
-117.844091,33.662225,87.66,0.263,4
-117.843791,33.662225,86.63,-0.211,4
-117.843491,33.662225,87.63,0.021,4
-117.843191,33.662225,88.94,0.276,4
-117.842891,33.662225,89.5,0.277,4
-117.842591,33.662225,90.88,0.429,4
-117.842291,33.662225,92.24,0.494,4
-117.841991,33.662225,93.17,0.463,4
-117.84169,33.662225,94.52,0.498,4
-117.84139,33.662225,96.35,0.519,4
-117.84109,33.662225,98.35,0.445,4
-117.84079,33.662225,100.77,0.38,4
-117.84049,33.662225,102.74,0.249,4
-117.84019,33.662225,104.24,0.108,4
-117.83989,33.662225,104.64,0.053,4
-117.83959,33.662225,104.35,0.076,4
-117.83929,33.662225,103.01,0.138,4
-117.83899,33.662225,99.94,0.227,4
-117.83869,33.662225,97.69,0.199,4
-117.83839,33.662225,95.91,0.159,4
-117.83809,33.662225,94.07,0.318,4
-117.83779,33.662225,92.58,0.561,4
-117.83749,33.662225,91.91,0.63,4
-117.83719,33.662225,92.14,0.53,4
-117.83689,33.662225,92.8,0.513,4
-117.836589,33.662225,93.22,0.649,4
-117.836289,33.662225,93.67,0.687,4
-117.835989,33.662225,94.14,0.657,4
-117.835689,33.662225,94.62,0.636,4
-117.835389,33.662225,95.02,0.652,4
-117.835089,33.662225,95.83,0.591,4
-117.834789,33.662225,96.68,0.625,4
-117.834489,33.662225,97.63,0.598,4
-117.834189,33.662225,98.17,0.599,4
-117.833889,33.662225,98.33,0.59,4
-117.833589,33.662225,98.18,0.596,4
-117.833289,33.662225,97.88,0.629,4
-117.832989,33.662225,97.74,0.659,4
-117.832689,33.662225,98.05,0.625,4
-117.832389,33.662225,98.77,0.482,4
-117.832089,33.662225,99.45,0.388,4
-117.831789,33.662225,99.77,0.469,4
-117.831488,33.662225,100.18,0.408,4
-117.831188,33.662225,100.54,0.329,4
-117.830888,33.662225,100.12,0.355,4
-117.830588,33.662225,100.15,0.324,4
-117.830288,33.662225,100.69,0.238,4
-117.829988,33.662225,101.34,0.233,4
-117.829688,33.662225,101.71,0.298,4
-117.829388,33.662225,101.89,0.356,4
-117.829088,33.662225,102.26,0.363,4
-117.828788,33.662225,102.71,0.353,4
-117.828488,33.662225,102.87,0.4,4
-117.828188,33.662225,103.25,0.474,4
-117.827888,33.662225,104.86,0.414,4
-117.827588,33.662225,105.41,0.201,4
-117.827288,33.662225,106.13,0.399,4
-117.826988,33.662225,106.65,0.487,4
-117.826687,33.662225,107,0.529,4
-117.826387,33.662225,107.17,0.422,4
-117.826087,33.662225,107.09,0.449,4
-117.825787,33.662225,107.06,0.408,4
-117.825487,33.662225,107.05,0.316,4
-117.825187,33.662225,106.91,0.358,4
-117.824887,33.662225,105.86,0.462,4
-117.824587,33.662225,104.37,0.51,4
-117.824287,33.662225,104.07,0.549,4
-117.823987,33.662225,104.59,0.471,4
-117.823687,33.662225,106.16,0.378,4
-117.823387,33.662225,107.04,0.256,4
-117.823087,33.662225,107.8,0.221,4
-117.822787,33.662225,108.44,0.232,4
-117.822487,33.662225,108.53,0.226,4
-117.822187,33.662225,108.47,0.253,4
-117.821887,33.662225,108.51,0.318,4
-117.821586,33.662225,108.75,0.249,4
-117.821286,33.662225,109.2,0.245,4
-117.820986,33.662225,109.66,0.25,4
-117.820686,33.662225,109.92,0.191,4
-117.859394,33.661925,105.24,0.097,4
-117.859094,33.661925,107.08,0.097,4
-117.858794,33.661925,108.8,0.117,4
-117.858494,33.661925,109.88,0.137,4
-117.858194,33.661925,110.58,0.159,4
-117.857894,33.661925,110.92,0.208,4
-117.857594,33.661925,110.62,0.263,4
-117.857294,33.661925,109.48,0.284,4
-117.856993,33.661925,108.13,0.287,4
-117.856693,33.661925,106.71,0.269,4
-117.856393,33.661925,105.56,0.179,4
-117.856093,33.661925,104.48,0.114,4
-117.855793,33.661925,103.73,0.079,4
-117.855493,33.661925,103,0.061,4
-117.855193,33.661925,102.51,0.032,4
-117.854893,33.661925,103.02,0.029,4
-117.854593,33.661925,103.11,0.064,4
-117.854293,33.661925,102.57,0.134,4
-117.853993,33.661925,100.87,0.234,4
-117.853693,33.661925,98.26,0.397,4
-117.853393,33.661925,95.95,0.607,4
-117.853093,33.661925,93.79,0.706,4
-117.852793,33.661925,92.08,0.614,4
-117.852493,33.661925,91.08,0.521,4
-117.852193,33.661925,90.21,0.486,4
-117.851892,33.661925,89.89,0.446,4
-117.851592,33.661925,90.14,0.427,4
-117.851292,33.661925,90.7,0.417,4
-117.850992,33.661925,91.95,0.443,4
-117.850692,33.661925,92.89,0.512,4
-117.850392,33.661925,93.82,0.561,4
-117.850092,33.661925,94.65,0.587,4
-117.849792,33.661925,95.67,0.567,4
-117.849492,33.661925,96.65,0.462,4
-117.849192,33.661925,97.17,0.354,4
-117.848892,33.661925,97.58,0.401,4
-117.848592,33.661925,95.56,0.53,3
-117.848292,33.661925,92.9,0.415,3
-117.847992,33.661925,90.09,0.411,3
-117.847692,33.661925,88.78,0.419,3
-117.847392,33.661925,86.61,0.171,3
-117.847092,33.661925,86.25,0.028,3
-117.846791,33.661925,86.29,0.081,3
-117.846491,33.661925,86.17,0.231,4
-117.846191,33.661925,85.88,0.261,4
-117.845891,33.661925,84.92,0.099,4
-117.845591,33.661925,84.52,-0.038,4
-117.845291,33.661925,85.62,0.076,4
-117.844991,33.661925,86.72,0.339,4
-117.844691,33.661925,87.22,0.447,4
-117.844391,33.661925,87.29,0.344,4
-117.844091,33.661925,86.2,-0.081,4
-117.843791,33.661925,86.67,-0.11,4
-117.843491,33.661925,87.94,0.203,4
-117.843191,33.661925,88.43,0.269,4
-117.842891,33.661925,88.33,0.088,4
-117.842591,33.661925,89.89,0.178,4
-117.842291,33.661925,91.52,0.365,4
-117.841991,33.661925,92.85,0.465,4
-117.84169,33.661925,94.2,0.495,4
-117.84139,33.661925,95.65,0.514,4
-117.84109,33.661925,97.52,0.544,4
-117.84079,33.661925,99.77,0.552,4
-117.84049,33.661925,101.75,0.458,4
-117.84019,33.661925,103.28,0.278,4
-117.83989,33.661925,103.43,0.127,4
-117.83959,33.661925,102.94,0.136,4
-117.83929,33.661925,101.85,0.186,4
-117.83899,33.661925,98.89,0.168,4
-117.83869,33.661925,96.77,0.141,4
-117.83839,33.661925,94.82,0.361,4
-117.83809,33.661925,93.08,0.564,4
-117.83779,33.661925,92.15,0.594,4
-117.83749,33.661925,91.98,0.535,4
-117.83719,33.661925,92.21,0.523,4
-117.83689,33.661925,92.59,0.597,4
-117.836589,33.661925,92.95,0.662,4
-117.836289,33.661925,93.48,0.655,4
-117.835989,33.661925,93.98,0.642,4
-117.835689,33.661925,94.48,0.654,4
-117.835389,33.661925,95.05,0.633,4
-117.835089,33.661925,95.85,0.615,4
-117.834789,33.661925,96.89,0.61,4
-117.834489,33.661925,98.22,0.509,4
-117.834189,33.661925,98.95,0.49,4
-117.833889,33.661925,99.2,0.468,4
-117.833589,33.661925,99.03,0.459,4
-117.833289,33.661925,98.49,0.545,4
-117.832989,33.661925,98.06,0.649,4
-117.832689,33.661925,98.14,0.648,4
-117.832389,33.661925,98.55,0.576,4
-117.832089,33.661925,99.17,0.465,4
-117.831789,33.661925,99.71,0.451,4
-117.831488,33.661925,100.38,0.386,4
-117.831188,33.661925,100.79,0.36,4
-117.830888,33.661925,100.55,0.388,4
-117.830588,33.661925,100.43,0.394,4
-117.830288,33.661925,100.65,0.305,4
-117.829988,33.661925,101.13,0.257,4
-117.829688,33.661925,101.41,0.301,4
-117.829388,33.661925,101.54,0.307,4
-117.829088,33.661925,101.9,0.251,4
-117.828788,33.661925,102.32,0.226,4
-117.828488,33.661925,102.44,0.26,4
-117.828188,33.661925,102.94,0.342,4
-117.827888,33.661925,104.46,0.436,4
-117.827588,33.661925,105.2,0.332,4
-117.827288,33.661925,106.02,0.437,4
-117.826988,33.661925,106.98,0.483,4
-117.826687,33.661925,107.81,0.533,4
-117.826387,33.661925,108.3,0.456,4
-117.826087,33.661925,108.23,0.348,4
-117.825787,33.661925,107.97,0.29,4
-117.825487,33.661925,107.68,0.261,4
-117.825187,33.661925,107.22,0.247,4
-117.824887,33.661925,105.97,0.274,4
-117.824587,33.661925,104.19,0.401,4
-117.824287,33.661925,103.28,0.565,4
-117.823987,33.661925,103.76,0.483,4
-117.823687,33.661925,105.45,0.342,4
-117.823387,33.661925,106.5,0.294,4
-117.823087,33.661925,107.35,0.241,4
-117.822787,33.661925,107.96,0.202,4
-117.822487,33.661925,108.01,0.215,4
-117.822187,33.661925,108,0.39,4
-117.821887,33.661925,108.24,0.482,4
-117.821586,33.661925,108.78,0.374,4
-117.821286,33.661925,109.5,0.256,4
-117.820986,33.661925,109.88,0.224,4
-117.859394,33.661625,106.74,0.159,4
-117.859094,33.661625,108.54,0.209,4
-117.858794,33.661625,109.98,0.203,4
-117.858494,33.661625,110.67,0.193,4
-117.858194,33.661625,110.97,0.219,4
-117.857894,33.661625,110.87,0.251,4
-117.857594,33.661625,110.34,0.267,4
-117.857294,33.661625,109.39,0.277,4
-117.856993,33.661625,108.39,0.293,4
-117.856693,33.661625,107.31,0.294,4
-117.856393,33.661625,106.12,0.264,4
-117.856093,33.661625,104.86,0.186,4
-117.855793,33.661625,103.86,0.111,4
-117.855493,33.661625,102.86,0.069,4
-117.855193,33.661625,102.12,0.045,4
-117.854893,33.661625,102.35,0.033,4
-117.854593,33.661625,102.2,0.07,4
-117.854293,33.661625,101.33,0.176,4
-117.853993,33.661625,99.24,0.322,4
-117.853693,33.661625,96.41,0.515,4
-117.853393,33.661625,94.28,0.69,4
-117.853093,33.661625,92.45,0.664,4
-117.852793,33.661625,91.05,0.563,4
-117.852493,33.661625,90.31,0.487,4
-117.852193,33.661625,89.85,0.451,4
-117.851892,33.661625,89.79,0.425,4
-117.851592,33.661625,90.09,0.417,4
-117.851292,33.661625,90.65,0.419,4
-117.850992,33.661625,91.88,0.483,4
-117.850692,33.661625,92.94,0.544,4
-117.850392,33.661625,94.16,0.563,4
-117.850092,33.661625,95.44,0.565,4
-117.849792,33.661625,96.86,0.518,4
-117.849492,33.661625,98.97,0.425,4
-117.849192,33.661625,101.01,0.347,3
-117.848892,33.661625,100.74,0.315,3
-117.848592,33.661625,98.27,0.507,3
-117.848292,33.661625,95.37,0.466,3
-117.847992,33.661625,91.97,0.258,3
-117.847692,33.661625,88.9,-0.005,3
-117.847392,33.661625,86.59,-0.148,3
-117.847092,33.661625,87.56,0.11,3
-117.846791,33.661625,87.83,0.295,3
-117.846491,33.661625,86.65,0.325,4
-117.846191,33.661625,86,0.29,4
-117.845891,33.661625,85.08,0.173,4
-117.845591,33.661625,84.13,-0.067,4
-117.845291,33.661625,85.35,-0.136,4
-117.844991,33.661625,87.41,0.232,3
-117.844691,33.661625,86.89,0.51,4
-117.844391,33.661625,87.06,0.463,4
-117.844091,33.661625,86.55,0.209,4
-117.843791,33.661625,87.21,0.262,4
-117.843491,33.661625,87.58,0.244,4
-117.843191,33.661625,86.95,0.035,4
-117.842891,33.661625,86.93,-0.09,4
-117.842591,33.661625,88.69,-0.054,4
-117.842291,33.661625,90.87,0.138,4
-117.841991,33.661625,92.59,0.328,4
-117.84169,33.661625,93.95,0.466,4
-117.84139,33.661625,95.3,0.589,4
-117.84109,33.661625,96.78,0.641,4
-117.84079,33.661625,98.5,0.597,4
-117.84049,33.661625,100.57,0.617,4
-117.84019,33.661625,101.91,0.463,4
-117.83989,33.661625,102.14,0.253,4
-117.83959,33.661625,101.47,0.189,4
-117.83929,33.661625,99.92,0.153,4
-117.83899,33.661625,97.38,0.043,4
-117.83869,33.661625,95.34,0.343,4
-117.83839,33.661625,93.8,0.605,4
-117.83809,33.661625,92.93,0.579,4
-117.83779,33.661625,92.5,0.509,4
-117.83749,33.661625,92.38,0.5,4
-117.83719,33.661625,92.39,0.558,4
-117.83689,33.661625,92.37,0.677,4
-117.836589,33.661625,92.78,0.655,4
-117.836289,33.661625,93.49,0.555,4
-117.835989,33.661625,93.88,0.625,4
-117.835689,33.661625,94.39,0.671,4
-117.835389,33.661625,95,0.656,4
-117.835089,33.661625,95.71,0.678,4
-117.834789,33.661625,97.06,0.542,4
-117.834489,33.661625,98.62,0.341,4
-117.834189,33.661625,99.29,0.393,4
-117.833889,33.661625,99.27,0.502,4
-117.833589,33.661625,98.96,0.545,4
-117.833289,33.661625,98.47,0.591,4
-117.832989,33.661625,97.98,0.661,4
-117.832689,33.661625,97.79,0.683,4
-117.832389,33.661625,97.94,0.629,4
-117.832089,33.661625,98.36,0.558,4
-117.831789,33.661625,99.12,0.499,4
-117.831488,33.661625,100.17,0.371,4
-117.831188,33.661625,100.86,0.335,4
-117.830888,33.661625,100.77,0.375,4
-117.830588,33.661625,100.52,0.371,4
-117.830288,33.661625,100.3,0.325,4
-117.829988,33.661625,100.39,0.293,4
-117.829688,33.661625,100.6,0.264,4
-117.829388,33.661625,100.8,0.228,4
-117.829088,33.661625,101.2,0.195,4
-117.828788,33.661625,101.65,0.192,4
-117.828488,33.661625,101.85,0.212,4
-117.828188,33.661625,102.51,0.237,4
-117.827888,33.661625,103.99,0.471,4
-117.827588,33.661625,104.84,0.463,4
-117.827288,33.661625,106.14,0.382,4
-117.826988,33.661625,107.69,0.254,4
-117.826687,33.661625,108.95,0.365,4
-117.826387,33.661625,109.59,0.327,4
-117.826087,33.661625,109.47,0.296,4
-117.825787,33.661625,108.99,0.256,4
-117.825487,33.661625,108.35,0.236,4
-117.825187,33.661625,107.48,0.272,4
-117.824887,33.661625,105.9,0.31,4
-117.824587,33.661625,103.84,0.415,4
-117.824287,33.661625,102.82,0.579,4
-117.823987,33.661625,103.47,0.372,4
-117.823687,33.661625,104.97,0.256,4
-117.823387,33.661625,105.98,0.286,4
-117.823087,33.661625,106.72,0.268,4
-117.822787,33.661625,107.26,0.242,4
-117.822487,33.661625,107.29,0.298,4
-117.822187,33.661625,107.34,0.419,4
-117.821887,33.661625,107.73,0.445,4
-117.821586,33.661625,108.49,0.393,4
-117.821286,33.661625,109.36,0.303,4
-117.820986,33.661625,109.79,0.248,4
-117.859694,33.661325,106.73,0.061,4
-117.859394,33.661325,108.05,0.127,4
-117.859094,33.661325,110,0.176,4
-117.858794,33.661325,110.98,0.181,4
-117.858494,33.661325,111.11,0.207,4
-117.858194,33.661325,111.01,0.246,4
-117.857894,33.661325,110.74,0.259,4
-117.857594,33.661325,110.09,0.265,4
-117.857294,33.661325,109.07,0.272,4
-117.856993,33.661325,108.31,0.279,4
-117.856693,33.661325,107.67,0.275,4
-117.856393,33.661325,106.62,0.268,4
-117.856093,33.661325,105.15,0.255,4
-117.855793,33.661325,103.83,0.209,4
-117.855493,33.661325,102.56,0.13,4
-117.855193,33.661325,101.44,0.093,4
-117.854893,33.661325,101.26,0.088,4
-117.854593,33.661325,100.83,0.153,4
-117.854293,33.661325,99.75,0.281,4
-117.853993,33.661325,97.53,0.413,4
-117.853693,33.661325,94.72,0.561,4
-117.853393,33.661325,92.9,0.676,4
-117.853093,33.661325,91.45,0.608,4
-117.852793,33.661325,90.34,0.537,4
-117.852493,33.661325,89.89,0.421,4
-117.852193,33.661325,89.77,0.395,4
-117.851892,33.661325,89.89,0.389,4
-117.851592,33.661325,90.16,0.389,4
-117.851292,33.661325,90.65,0.457,4
-117.850992,33.661325,91.86,0.542,4
-117.850692,33.661325,93.1,0.575,4
-117.850392,33.661325,94.62,0.581,4
-117.850092,33.661325,96.2,0.543,4
-117.849792,33.661325,98.85,0.459,4
-117.849492,33.661325,102.4,0.384,3
-117.849192,33.661325,103.72,0.329,3
-117.848892,33.661325,102.18,0.278,3
-117.848592,33.661325,99.86,0.35,3
-117.848292,33.661325,96.96,0.482,3
-117.847992,33.661325,92.88,0.127,3
-117.847692,33.661325,88.94,-0.293,2
-117.847392,33.661325,87,-0.228,2
-117.847092,33.661325,87.82,0.07,3
-117.846791,33.661325,87.9,0.153,3
-117.846491,33.661325,86.26,0.055,3
-117.846191,33.661325,85.3,-0.003,3
-117.845891,33.661325,85.13,-0.05,3
-117.845591,33.661325,85.01,-0.1,3
-117.845291,33.661325,85.55,0.054,3
-117.844991,33.661325,86.42,0.408,4
-117.844691,33.661325,86.51,0.551,4
-117.844391,33.661325,86.74,0.518,4
-117.844091,33.661325,86.89,0.434,4
-117.843791,33.661325,87.22,0.378,4
-117.843491,33.661325,86.71,0.014,3
-117.843191,33.661325,86.17,-0.185,4
-117.842891,33.661325,87.45,-0.126,4
-117.842591,33.661325,88.82,-0.058,4
-117.842291,33.661325,90.89,0.192,4
-117.841991,33.661325,92.91,0.413,4
-117.84169,33.661325,94.41,0.473,4
-117.84139,33.661325,95.73,0.54,4
-117.84109,33.661325,97.09,0.63,4
-117.84079,33.661325,98.6,0.55,4
-117.84049,33.661325,99.86,0.375,4
-117.84019,33.661325,100.77,0.304,4
-117.83989,33.661325,100.82,0.252,4
-117.83959,33.661325,99.77,0.15,4
-117.83929,33.661325,98.2,0.053,4
-117.83899,33.661325,95.97,0.227,4
-117.83869,33.661325,94.3,0.57,4
-117.83839,33.661325,93.84,0.574,4
-117.83809,33.661325,93.63,0.477,4
-117.83779,33.661325,93.15,0.53,4
-117.83749,33.661325,92.7,0.647,4
-117.83719,33.661325,92.5,0.686,4
-117.83689,33.661325,92.52,0.657,4
-117.836589,33.661325,92.78,0.641,4
-117.836289,33.661325,93.27,0.637,4
-117.835989,33.661325,93.75,0.683,4
-117.835689,33.661325,94.39,0.684,4
-117.835389,33.661325,95.13,0.654,4
-117.835089,33.661325,95.93,0.66,4
-117.834789,33.661325,96.97,0.585,4
-117.834489,33.661325,98.07,0.486,4
-117.834189,33.661325,98.82,0.461,4
-117.833889,33.661325,98.92,0.524,4
-117.833589,33.661325,98.59,0.59,4
-117.833289,33.661325,98.16,0.583,4
-117.832989,33.661325,97.72,0.54,4
-117.832689,33.661325,97.27,0.531,4
-117.832389,33.661325,96.98,0.539,4
-117.832089,33.661325,97.08,0.567,4
-117.831789,33.661325,97.56,0.631,4
-117.831488,33.661325,98.6,0.55,4
-117.831188,33.661325,99.12,0.493,4
-117.830888,33.661325,99.2,0.481,4
-117.830588,33.661325,99.29,0.435,4
-117.830288,33.661325,99.23,0.366,4
-117.829988,33.661325,99.31,0.323,4
-117.829688,33.661325,99.54,0.268,4
-117.829388,33.661325,99.82,0.217,4
-117.829088,33.661325,100.27,0.2,4
-117.828788,33.661325,100.78,0.215,4
-117.828488,33.661325,101.14,0.227,4
-117.828188,33.661325,101.93,0.231,4
-117.827888,33.661325,103.49,0.519,4
-117.827588,33.661325,104.53,0.516,4
-117.827288,33.661325,106.22,0.396,4
-117.826988,33.661325,108.19,0.255,4
-117.826687,33.661325,109.7,0.366,4
-117.826387,33.661325,110.45,0.242,4
-117.826087,33.661325,110.32,0.256,4
-117.825787,33.661325,109.73,0.281,4
-117.825487,33.661325,108.86,0.313,4
-117.825187,33.661325,107.69,0.364,4
-117.824887,33.661325,105.76,0.4,4
-117.824587,33.661325,103.47,0.495,4
-117.824287,33.661325,102.63,0.575,4
-117.823987,33.661325,103.27,0.305,4
-117.823687,33.661325,104.42,0.2,4
-117.823387,33.661325,105.12,0.236,4
-117.823087,33.661325,105.66,0.247,4
-117.822787,33.661325,106.22,0.222,4
-117.822487,33.661325,106.38,0.271,4
-117.822187,33.661325,106.57,0.274,4
-117.821887,33.661325,107.13,0.273,4
-117.821586,33.661325,108.01,0.342,4
-117.821286,33.661325,108.84,0.339,4
-117.820986,33.661325,109.21,0.29,4
-117.859694,33.661025,107.92,0.112,4
-117.859394,33.661025,109.05,0.117,4
-117.859094,33.661025,111.19,0.135,4
-117.858794,33.661025,112.11,0.183,4
-117.858494,33.661025,111.89,0.234,4
-117.858194,33.661025,111.46,0.258,4
-117.857894,33.661025,110.9,0.265,4
-117.857594,33.661025,110.04,0.276,4
-117.857294,33.661025,108.93,0.277,4
-117.856993,33.661025,108.15,0.265,4
-117.856693,33.661025,107.52,0.259,4
-117.856393,33.661025,106.65,0.257,4
-117.856093,33.661025,105.05,0.263,4
-117.855793,33.661025,103.53,0.258,4
-117.855493,33.661025,102.02,0.228,4
-117.855193,33.661025,100.59,0.2,4
-117.854893,33.661025,99.32,0.208,4
-117.854593,33.661025,98.19,0.258,4
-117.854293,33.661025,96.97,0.348,4
-117.853993,33.661025,94.33,0.466,4
-117.853693,33.661025,91.04,0.593,4
-117.853393,33.661025,89.52,0.65,4
-117.853093,33.661025,88.83,0.569,4
-117.852793,33.661025,89.56,0.519,4
-117.852493,33.661025,89.41,0.424,4
-117.852193,33.661025,89.48,0.46,4
-117.851892,33.661025,89.62,0.406,4
-117.851592,33.661025,89.8,0.408,4
-117.851292,33.661025,90.28,0.506,4
-117.850992,33.661025,92.01,0.638,4
-117.850692,33.661025,93.64,0.694,4
-117.850392,33.661025,95.4,0.613,4
-117.850092,33.661025,97.24,0.478,4
-117.849792,33.661025,100.73,0.389,4
-117.849492,33.661025,104.94,0.348,3
-117.849192,33.661025,105.29,0.315,3
-117.848892,33.661025,103.53,0.262,3
-117.848592,33.661025,101.42,0.237,3
-117.848292,33.661025,98.06,0.505,3
-117.847992,33.661025,94.64,0.325,3
-117.847692,33.661025,89.75,-0.194,3
-117.847392,33.661025,87.46,-0.274,3
-117.847092,33.661025,86.51,-0.143,3
-117.846791,33.661025,87.28,-0.034,3
-117.846491,33.661025,87.75,0.067,2
-117.846191,33.661025,87.85,0.156,2
-117.845891,33.661025,87.39,0.209,2
-117.845591,33.661025,86.85,0.279,3
-117.845291,33.661025,86.62,0.402,3
-117.844991,33.661025,85.85,0.445,4
-117.844691,33.661025,85.89,0.261,4
-117.844391,33.661025,84.86,0.093,4
-117.844091,33.661025,86.46,0.201,4
-117.843791,33.661025,86.99,0.378,4
-117.843491,33.661025,87.26,0.372,4
-117.843191,33.661025,86.42,0.087,4
-117.842891,33.661025,87.15,-0.052,4
-117.842591,33.661025,89.73,0.166,4
-117.842291,33.661025,92.04,0.427,4
-117.841991,33.661025,93.76,0.539,4
-117.84169,33.661025,95.31,0.537,4
-117.84139,33.661025,96.63,0.51,4
-117.84109,33.661025,97.91,0.472,4
-117.84079,33.661025,99.25,0.356,4
-117.84049,33.661025,99.82,0.227,4
-117.84019,33.661025,100.03,0.243,4
-117.83989,33.661025,99.56,0.183,4
-117.83959,33.661025,98.41,0.106,4
-117.83929,33.661025,97.8,0.236,4
-117.83899,33.661025,95.62,0.551,4
-117.83869,33.661025,94.86,0.573,4
-117.83839,33.661025,94.77,0.481,4
-117.83809,33.661025,94.32,0.556,4
-117.83779,33.661025,93.75,0.651,4
-117.83749,33.661025,93.33,0.666,4
-117.83719,33.661025,93.01,0.662,4
-117.83689,33.661025,92.84,0.646,4
-117.836589,33.661025,92.83,0.679,4
-117.836289,33.661025,93.12,0.715,4
-117.835989,33.661025,93.77,0.728,4
-117.835689,33.661025,94.98,0.676,4
-117.835389,33.661025,95.87,0.655,4
-117.835089,33.661025,96.73,0.669,4
-117.834789,33.661025,97.51,0.665,4
-117.834489,33.661025,98.24,0.641,4
-117.834189,33.661025,98.98,0.525,4
-117.833889,33.661025,99.11,0.474,4
-117.833589,33.661025,98.63,0.538,4
-117.833289,33.661025,97.95,0.582,4
-117.832989,33.661025,97.13,0.558,4
-117.832689,33.661025,96.2,0.558,4
-117.832389,33.661025,95.47,0.599,4
-117.832089,33.661025,95.26,0.669,4
-117.831789,33.661025,95.44,0.747,4
-117.831488,33.661025,96.18,0.734,4
-117.831188,33.661025,96.75,0.679,4
-117.830888,33.661025,97.03,0.686,4
-117.830588,33.661025,97.18,0.703,4
-117.830288,33.661025,97.3,0.623,4
-117.829988,33.661025,97.54,0.519,4
-117.829688,33.661025,97.87,0.454,4
-117.829388,33.661025,98.32,0.392,4
-117.829088,33.661025,98.95,0.316,4
-117.828788,33.661025,99.6,0.274,4
-117.828488,33.661025,100.15,0.26,4
-117.828188,33.661025,101.09,0.278,4
-117.827888,33.661025,102.93,0.486,4
-117.827588,33.661025,104.14,0.498,4
-117.827288,33.661025,106.14,0.46,4
-117.826988,33.661025,108.38,0.254,4
-117.826687,33.661025,109.98,0.362,4
-117.826387,33.661025,110.77,0.276,4
-117.826087,33.661025,110.61,0.243,4
-117.825787,33.661025,109.97,0.229,4
-117.825487,33.661025,108.98,0.207,4
-117.825187,33.661025,107.66,0.218,4
-117.824887,33.661025,105.8,0.304,4
-117.824587,33.661025,103.85,0.464,4
-117.824287,33.661025,103.11,0.556,4
-117.823987,33.661025,103.22,0.382,4
-117.823687,33.661025,103.82,0.248,4
-117.823387,33.661025,104.15,0.241,4
-117.823087,33.661025,104.48,0.238,4
-117.822787,33.661025,104.85,0.23,4
-117.822487,33.661025,105.17,0.343,4
-117.822187,33.661025,105.52,0.334,4
-117.821887,33.661025,106.14,0.308,4
-117.821586,33.661025,106.92,0.294,4
-117.821286,33.661025,107.5,0.28,4
-117.820986,33.661025,107.71,0.272,4
-117.859994,33.660725,107.07,0.128,4
-117.859694,33.660725,108.14,0.13,4
-117.859394,33.660725,109.31,0.123,4
-117.859094,33.660725,111.63,0.164,4
-117.858794,33.660725,112.76,0.22,4
-117.858494,33.660725,112.5,0.249,4
-117.858194,33.660725,111.87,0.256,4
-117.857894,33.660725,111.07,0.265,4
-117.857594,33.660725,110.04,0.277,4
-117.857294,33.660725,108.82,0.277,4
-117.856993,33.660725,107.71,0.259,4
-117.856693,33.660725,106.71,0.242,4
-117.856393,33.660725,105.55,0.253,4
-117.856093,33.660725,103.62,0.261,4
-117.855793,33.660725,101.96,0.281,4
-117.855493,33.660725,100.19,0.344,4
-117.855193,33.660725,98.56,0.399,4
-117.854893,33.660725,96.78,0.394,4
-117.854593,33.660725,95.37,0.372,4
-117.854293,33.660725,94.24,0.437,4
-117.853993,33.660725,91.66,0.544,4
-117.853693,33.660725,88.55,0.568,4
-117.853393,33.660725,87.67,0.527,4
-117.853093,33.660725,87.31,0.51,4
-117.852793,33.660725,88.87,0.483,4
-117.852493,33.660725,89.08,0.469,4
-117.852193,33.660725,89.27,0.502,4
-117.851892,33.660725,89.45,0.497,4
-117.851592,33.660725,89.69,0.521,4
-117.851292,33.660725,90.22,0.542,4
-117.850992,33.660725,92.16,0.653,4
-117.850692,33.660725,93.94,0.714,4
-117.850392,33.660725,95.87,0.645,4
-117.850092,33.660725,97.87,0.515,4
-117.849792,33.660725,101.52,0.416,4
-117.849492,33.660725,105.94,0.384,3
-117.849192,33.660725,106.25,0.378,3
-117.848892,33.660725,104.59,0.298,3
-117.848592,33.660725,102.56,0.222,3
-117.848292,33.660725,99.7,0.453,3
-117.847992,33.660725,96.74,0.498,3
-117.847692,33.660725,91.21,-0.039,3
-117.847392,33.660725,88.31,-0.048,3
-117.847092,33.660725,88.62,0.193,3
-117.846791,33.660725,88.52,0.329,3
-117.846491,33.660725,88.02,0.424,3
-117.846191,33.660725,87.79,0.461,3
-117.845891,33.660725,87.44,0.465,3
-117.845591,33.660725,87.07,0.493,3
-117.845291,33.660725,86.68,0.471,3
-117.844991,33.660725,85.32,0.263,4
-117.844691,33.660725,84.23,-0.143,4
-117.844391,33.660725,84.23,-0.198,4
-117.844091,33.660725,84.46,-0.174,4
-117.843791,33.660725,87.19,0.041,3
-117.843491,33.660725,87.23,0.325,4
-117.843191,33.660725,87.8,0.343,4
-117.842891,33.660725,89.5,0.319,4
-117.842591,33.660725,91.24,0.44,4
-117.842291,33.660725,92.96,0.502,4
-117.841991,33.660725,94.7,0.587,4
-117.84169,33.660725,96.29,0.657,4
-117.84139,33.660725,97.57,0.579,4
-117.84109,33.660725,98.71,0.458,4
-117.84079,33.660725,99.83,0.368,4
-117.84049,33.660725,100.08,0.261,4
-117.84019,33.660725,100.01,0.219,4
-117.83989,33.660725,98.78,0.182,4
-117.83959,33.660725,97.39,0.37,4
-117.83929,33.660725,98.05,0.556,4
-117.83899,33.660725,97.18,0.506,4
-117.83869,33.660725,96.61,0.439,4
-117.83839,33.660725,95.86,0.525,4
-117.83809,33.660725,95.02,0.642,4
-117.83779,33.660725,94.38,0.669,4
-117.83749,33.660725,93.85,0.655,4
-117.83719,33.660725,93.4,0.666,4
-117.83689,33.660725,93.16,0.678,4
-117.836589,33.660725,93.2,0.688,4
-117.836289,33.660725,93.57,0.699,4
-117.835989,33.660725,94.32,0.73,4
-117.835689,33.660725,96.78,0.72,4
-117.835389,33.660725,97.81,0.704,4
-117.835089,33.660725,98.78,0.655,4
-117.834789,33.660725,99.36,0.634,4
-117.834489,33.660725,99.83,0.612,4
-117.834189,33.660725,100.15,0.548,4
-117.833889,33.660725,99.45,0.572,4
-117.833589,33.660725,98.35,0.642,4
-117.833289,33.660725,97.54,0.664,4
-117.832989,33.660725,96.61,0.656,4
-117.832689,33.660725,95.46,0.633,4
-117.832389,33.660725,94.51,0.614,4
-117.832089,33.660725,93.95,0.689,4
-117.831789,33.660725,94,0.712,4
-117.831488,33.660725,94.38,0.695,4
-117.831188,33.660725,94.94,0.679,4
-117.830888,33.660725,95.3,0.693,4
-117.830588,33.660725,95.48,0.741,4
-117.830288,33.660725,95.61,0.757,4
-117.829988,33.660725,95.88,0.725,4
-117.829688,33.660725,96.23,0.693,4
-117.829388,33.660725,96.67,0.655,4
-117.829088,33.660725,97.25,0.58,4
-117.828788,33.660725,97.92,0.497,4
-117.828488,33.660725,98.66,0.449,4
-117.828188,33.660725,99.8,0.423,4
-117.827888,33.660725,102.27,0.485,4
-117.827588,33.660725,103.78,0.559,4
-117.827288,33.660725,106.05,0.459,4
-117.826988,33.660725,108.39,0.282,4
-117.826687,33.660725,109.93,0.34,4
-117.826387,33.660725,110.68,0.278,4
-117.826087,33.660725,110.47,0.214,4
-117.825787,33.660725,109.81,0.163,4
-117.825487,33.660725,108.83,0.159,4
-117.825187,33.660725,107.52,0.217,4
-117.824887,33.660725,105.93,0.27,4
-117.824587,33.660725,104.41,0.363,4
-117.824287,33.660725,103.55,0.586,4
-117.823987,33.660725,103.13,0.603,4
-117.823687,33.660725,103.34,0.362,4
-117.823387,33.660725,103.43,0.313,4
-117.823087,33.660725,103.62,0.347,4
-117.822787,33.660725,103.77,0.382,4
-117.822487,33.660725,104.27,0.502,4
-117.822187,33.660725,104.7,0.421,4
-117.821887,33.660725,104.96,0.308,4
-117.821586,33.660725,105.25,0.245,4
-117.821286,33.660725,105.44,0.246,4
-117.820986,33.660725,105.47,0.267,4
-117.859994,33.660425,106.99,0.116,4
-117.859694,33.660425,108.02,0.109,4
-117.859394,33.660425,109.23,0.118,4
-117.859094,33.660425,111.48,0.183,4
-117.858794,33.660425,112.73,0.243,4
-117.858494,33.660425,112.63,0.263,4
-117.858194,33.660425,112,0.265,4
-117.857894,33.660425,111.09,0.267,4
-117.857594,33.660425,109.92,0.265,4
-117.857294,33.660425,108.54,0.26,4
-117.856993,33.660425,106.92,0.271,4
-117.856693,33.660425,105.35,0.27,4
-117.856393,33.660425,103.41,0.283,4
-117.856093,33.660425,101.06,0.336,4
-117.855793,33.660425,99.39,0.44,4
-117.855493,33.660425,97.73,0.579,4
-117.855193,33.660425,96.13,0.651,4
-117.854893,33.660425,94.34,0.663,4
-117.854593,33.660425,92.97,0.641,4
-117.854293,33.660425,92.07,0.613,4
-117.853993,33.660425,90.08,0.574,4
-117.853693,33.660425,87.62,0.507,4
-117.853393,33.660425,87.22,0.451,4
-117.853093,33.660425,87.12,0.465,4
-117.852793,33.660425,88.73,0.488,4
-117.852493,33.660425,89.02,0.484,4
-117.852193,33.660425,89.27,0.506,4
-117.851892,33.660425,89.55,0.603,4
-117.851592,33.660425,89.94,0.597,4
-117.851292,33.660425,90.59,0.618,4
-117.850992,33.660425,92.51,0.695,4
-117.850692,33.660425,94.27,0.705,4
-117.850392,33.660425,96.3,0.682,4
-117.850092,33.660425,98.5,0.616,4
-117.849792,33.660425,102.11,0.493,4
-117.849492,33.660425,106.43,0.395,3
-117.849192,33.660425,106.81,0.354,3
-117.848892,33.660425,105.45,0.304,3
-117.848592,33.660425,103.94,0.213,3
-117.848292,33.660425,101.43,0.304,3
-117.847992,33.660425,98.17,0.546,3
-117.847692,33.660425,94.56,0.385,3
-117.847392,33.660425,91.83,0.428,3
-117.847092,33.660425,89.99,0.366,3
-117.846791,33.660425,88.57,0.259,3
-117.846491,33.660425,86.35,0.087,3
-117.846191,33.660425,85.12,-0.057,3
-117.845891,33.660425,85.97,0.112,3
-117.845591,33.660425,87.08,0.412,3
-117.845291,33.660425,86.68,0.393,3
-117.844991,33.660425,85.28,0.145,4
-117.844691,33.660425,84.17,-0.203,4
-117.844391,33.660425,84.48,-0.196,4
-117.844091,33.660425,84.64,-0.157,4
-117.843791,33.660425,84.61,-0.144,4
-117.843491,33.660425,87.6,0.015,3
-117.843191,33.660425,87.99,0.229,4
-117.842891,33.660425,89.49,0.379,4
-117.842591,33.660425,91.11,0.482,4
-117.842291,33.660425,92.76,0.506,4
-117.841991,33.660425,94.52,0.586,4
-117.84169,33.660425,96.19,0.636,4
-117.84139,33.660425,97.57,0.519,4
-117.84109,33.660425,98.66,0.391,4
-117.84079,33.660425,99.6,0.349,4
-117.84049,33.660425,99.75,0.301,4
-117.84019,33.660425,99.86,0.361,4
-117.83989,33.660425,99.32,0.461,4
-117.83959,33.660425,99.58,0.642,4
-117.83929,33.660425,99.89,0.493,4
-117.83899,33.660425,99.32,0.344,4
-117.83869,33.660425,98.48,0.367,4
-117.83839,33.660425,97.09,0.539,4
-117.83809,33.660425,95.79,0.651,4
-117.83779,33.660425,94.89,0.661,4
-117.83749,33.660425,94.18,0.668,4
-117.83719,33.660425,93.67,0.693,4
-117.83689,33.660425,93.58,0.692,4
-117.836589,33.660425,93.86,0.69,4
-117.836289,33.660425,94.48,0.699,4
-117.835989,33.660425,95.48,0.699,4
-117.835689,33.660425,97.98,0.679,4
-117.835389,33.660425,99.04,0.628,4
-117.835089,33.660425,99.99,0.572,4
-117.834789,33.660425,100.43,0.554,4
-117.834489,33.660425,100.68,0.541,4
-117.834189,33.660425,100.75,0.521,4
-117.833889,33.660425,99.78,0.575,4
-117.833589,33.660425,98.49,0.644,4
-117.833289,33.660425,97.6,0.656,4
-117.832989,33.660425,96.63,0.655,4
-117.832689,33.660425,95.53,0.643,4
-117.832389,33.660425,94.66,0.555,4
-117.832089,33.660425,93.83,0.549,4
-117.831789,33.660425,93.57,0.633,4
-117.831488,33.660425,93.67,0.597,4
-117.831188,33.660425,94.17,0.572,4
-117.830888,33.660425,94.58,0.583,4
-117.830588,33.660425,94.72,0.648,4
-117.830288,33.660425,94.81,0.712,4
-117.829988,33.660425,95.15,0.714,4
-117.829688,33.660425,95.56,0.682,4
-117.829388,33.660425,95.91,0.669,4
-117.829088,33.660425,96.28,0.675,4
-117.828788,33.660425,96.79,0.664,4
-117.828488,33.660425,97.53,0.623,4
-117.828188,33.660425,98.76,0.584,4
-117.827888,33.660425,101.7,0.505,4
-117.827588,33.660425,103.54,0.55,4
-117.827288,33.660425,106.09,0.402,4
-117.826988,33.660425,108.33,0.256,4
-117.826687,33.660425,109.68,0.399,4
-117.826387,33.660425,110.25,0.327,4
-117.826087,33.660425,110,0.243,4
-117.825787,33.660425,109.38,0.178,4
-117.825487,33.660425,108.51,0.206,4
-117.825187,33.660425,107.32,0.286,4
-117.824887,33.660425,105.88,0.272,4
-117.824587,33.660425,104.45,0.308,4
-117.824287,33.660425,103.54,0.601,4
-117.823987,33.660425,103,0.656,4
-117.823687,33.660425,103.09,0.405,4
-117.823387,33.660425,103.09,0.295,4
-117.823087,33.660425,103.35,0.561,4
-117.822787,33.660425,103.6,0.559,4
-117.822487,33.660425,104.15,0.528,4
-117.822187,33.660425,104.47,0.41,4
-117.821887,33.660425,104.29,0.381,4
-117.821586,33.660425,103.9,0.388,4
-117.821286,33.660425,103.52,0.368,4
-117.820986,33.660425,103.3,0.35,4
-117.859994,33.660125,106.39,0.259,4
-117.859694,33.660125,107.4,0.223,4
-117.859394,33.660125,108.68,0.16,4
-117.859094,33.660125,110.97,0.196,4
-117.858794,33.660125,112.37,0.267,4
-117.858494,33.660125,112.52,0.298,4
-117.858194,33.660125,112.08,0.287,4
-117.857894,33.660125,111.08,0.262,4
-117.857594,33.660125,109.72,0.247,4
-117.857294,33.660125,108.15,0.252,4
-117.856993,33.660125,105.89,0.289,4
-117.856693,33.660125,103.62,0.362,4
-117.856393,33.660125,100.84,0.507,4
-117.856093,33.660125,98.31,0.548,4
-117.855793,33.660125,96.66,0.463,4
-117.855493,33.660125,95.23,0.462,4
-117.855193,33.660125,94,0.547,4
-117.854893,33.660125,92.47,0.606,4
-117.854593,33.660125,91.3,0.621,4
-117.854293,33.660125,90.72,0.605,4
-117.853993,33.660125,89.22,0.571,4
-117.853693,33.660125,87.23,0.521,4
-117.853393,33.660125,87.16,0.462,4
-117.853093,33.660125,87.33,0.467,4
-117.852793,33.660125,89.09,0.485,4
-117.852493,33.660125,89.36,0.548,4
-117.852193,33.660125,89.62,0.601,4
-117.851892,33.660125,90.02,0.633,4
-117.851592,33.660125,90.59,0.532,4
-117.851292,33.660125,91.36,0.667,4
-117.850992,33.660125,93.33,0.719,4
-117.850692,33.660125,95.18,0.703,4
-117.850392,33.660125,97.26,0.659,4
-117.850092,33.660125,99.45,0.569,4
-117.849792,33.660125,102.75,0.439,4
-117.849492,33.660125,106.72,0.324,3
-117.849192,33.660125,107.17,0.281,3
-117.848892,33.660125,106.17,0.275,3
-117.848592,33.660125,104.8,0.26,3
-117.848292,33.660125,102.36,0.18,3
-117.847992,33.660125,98.6,0.524,3
-117.847692,33.660125,95.05,0.499,3
-117.847392,33.660125,92.39,0.401,3
-117.847092,33.660125,89.91,0.077,3
-117.846791,33.660125,86.86,-0.158,3
-117.846491,33.660125,85.31,-0.217,3
-117.846191,33.660125,85.11,-0.174,3
-117.845891,33.660125,86.08,0.062,3
-117.845591,33.660125,87.36,0.362,3
-117.845291,33.660125,86.74,0.299,3
-117.844991,33.660125,84.86,-0.077,3
-117.844691,33.660125,84.49,-0.189,4
-117.844391,33.660125,86.2,-0.082,4
-117.844091,33.660125,85.25,-0.031,4
-117.843791,33.660125,85.99,-0.101,4
-117.843491,33.660125,86.02,-0.11,4
-117.843191,33.660125,86.94,0.01,4
-117.842891,33.660125,89.34,0.171,4
-117.842591,33.660125,90.95,0.365,4
-117.842291,33.660125,92.42,0.463,4
-117.841991,33.660125,94.19,0.525,4
-117.84169,33.660125,95.88,0.585,4
-117.84139,33.660125,97.25,0.533,4
-117.84109,33.660125,98.26,0.399,4
-117.84079,33.660125,99,0.386,4
-117.84049,33.660125,99.31,0.469,4
-117.84019,33.660125,99.96,0.52,4
-117.83989,33.660125,101.13,0.604,4
-117.83959,33.660125,102.04,0.494,4
-117.83929,33.660125,102.5,0.29,4
-117.83899,33.660125,101.4,0.26,4
-117.83869,33.660125,99.78,0.43,4
-117.83839,33.660125,97.86,0.625,4
-117.83809,33.660125,96.21,0.704,4
-117.83779,33.660125,95.13,0.685,4
-117.83749,33.660125,94.41,0.672,4
-117.83719,33.660125,94.06,0.688,4
-117.83689,33.660125,94.25,0.688,4
-117.836589,33.660125,94.78,0.71,4
-117.836289,33.660125,95.9,0.704,4
-117.835989,33.660125,97.24,0.634,4
-117.835689,33.660125,99.1,0.624,4
-117.835389,33.660125,100.32,0.51,4
-117.835089,33.660125,101.09,0.466,4
-117.834789,33.660125,101.28,0.427,4
-117.834489,33.660125,101.2,0.429,4
-117.834189,33.660125,100.95,0.445,4
-117.833889,33.660125,100.68,0.505,4
-117.833589,33.660125,99.7,0.603,4
-117.833289,33.660125,98.24,0.658,4
-117.832989,33.660125,97.2,0.661,4
-117.832689,33.660125,96.12,0.68,4
-117.832389,33.660125,95.31,0.64,4
-117.832089,33.660125,94.61,0.573,4
-117.831789,33.660125,94.17,0.665,4
-117.831488,33.660125,94.06,0.622,4
-117.831188,33.660125,94.32,0.611,4
-117.830888,33.660125,94.7,0.628,4
-117.830588,33.660125,94.93,0.66,4
-117.830288,33.660125,95,0.691,4
-117.829988,33.660125,95.21,0.688,4
-117.829688,33.660125,95.5,0.658,4
-117.829388,33.660125,95.78,0.621,4
-117.829088,33.660125,96.06,0.613,4
-117.828788,33.660125,96.41,0.628,4
-117.828488,33.660125,97.02,0.606,4
-117.828188,33.660125,98.21,0.591,4
-117.827888,33.660125,101.25,0.523,4
-117.827588,33.660125,103.32,0.528,4
-117.827288,33.660125,105.81,0.409,4
-117.826988,33.660125,107.93,0.253,4
-117.826687,33.660125,108.95,0.386,4
-117.826387,33.660125,109.25,0.295,4
-117.826087,33.660125,108.94,0.234,4
-117.825787,33.660125,108.45,0.191,4
-117.825487,33.660125,107.79,0.223,4
-117.825187,33.660125,106.76,0.279,4
-117.824887,33.660125,105.54,0.254,4
-117.824587,33.660125,104.52,0.311,4
-117.824287,33.660125,103.77,0.513,4
-117.823987,33.660125,103.28,0.514,4
-117.823687,33.660125,103.34,0.469,4
-117.823387,33.660125,103.36,0.493,4
-117.823087,33.660125,103.81,0.604,4
-117.822787,33.660125,104.14,0.427,4
-117.822487,33.660125,104.46,0.348,4
-117.822187,33.660125,104.43,0.33,4
-117.821887,33.660125,103.89,0.332,4
-117.821586,33.660125,103.03,0.374,4
-117.821286,33.660125,102.13,0.452,4
-117.820986,33.660125,101.63,0.504,4
-117.859994,33.659825,105.06,0.197,4
-117.859694,33.659825,105.88,0.172,4
-117.859394,33.659825,107.06,0.21,4
-117.859094,33.659825,110.11,0.23,4
-117.858794,33.659825,112.3,0.265,4
-117.858494,33.659825,112.92,0.296,4
-117.858194,33.659825,112.22,0.281,4
-117.857894,33.659825,110.39,0.251,4
-117.857594,33.659825,108.88,0.245,4
-117.857294,33.659825,107.1,0.253,4
-117.856993,33.659825,104.15,0.279,4
-117.856693,33.659825,101.36,0.406,4
-117.856393,33.659825,98.38,0.561,4
-117.856093,33.659825,96.04,0.502,4
-117.855793,33.659825,93.77,0.322,4
-117.855493,33.659825,92.33,0.309,4
-117.855193,33.659825,91.33,0.397,4
-117.854893,33.659825,90.8,0.473,4
-117.854593,33.659825,90.37,0.489,4
-117.854293,33.659825,90,0.511,4
-117.853993,33.659825,89.32,0.556,4
-117.853693,33.659825,88.45,0.56,4
-117.853393,33.659825,88.47,0.524,4
-117.853093,33.659825,88.82,0.509,4
-117.852793,33.659825,90.37,0.539,4
-117.852493,33.659825,90.54,0.639,4
-117.852193,33.659825,90.8,0.65,4
-117.851892,33.659825,91.23,0.572,4
-117.851592,33.659825,91.88,0.486,4
-117.851292,33.659825,92.73,0.588,4
-117.850992,33.659825,94.91,0.687,4
-117.850692,33.659825,96.99,0.733,4
-117.850392,33.659825,99.11,0.668,4
-117.850092,33.659825,100.86,0.53,4
-117.849792,33.659825,103.34,0.399,4
-117.849492,33.659825,106.84,0.304,3
-117.849192,33.659825,107.39,0.275,3
-117.848892,33.659825,107.15,0.287,3
-117.848592,33.659825,105.75,0.32,3
-117.848292,33.659825,103.33,0.237,3
-117.847992,33.659825,98.84,0.441,3
-117.847692,33.659825,95.51,0.483,3
-117.847392,33.659825,92.01,0.129,3
-117.847092,33.659825,88.31,-0.202,3
-117.846791,33.659825,86.16,-0.222,3
-117.846491,33.659825,85.3,-0.18,3
-117.846191,33.659825,85.13,-0.169,3
-117.845891,33.659825,86.37,0.025,3
-117.845591,33.659825,88.04,0.334,3
-117.845291,33.659825,87.18,0.253,3
-117.844991,33.659825,84.67,-0.236,4
-117.844691,33.659825,84.83,-0.158,4
-117.844391,33.659825,87.85,0.011,3
-117.844091,33.659825,85.18,0.227,3
-117.843791,33.659825,87.58,0.153,3
-117.843491,33.659825,85.88,-0.044,4
-117.843191,33.659825,85.97,-0.107,4
-117.842891,33.659825,88.34,-0.096,3
-117.842591,33.659825,90.21,0.085,4
-117.842291,33.659825,92.02,0.32,4
-117.841991,33.659825,93.96,0.448,4
-117.84169,33.659825,95.54,0.453,4
-117.84139,33.659825,96.78,0.402,4
-117.84109,33.659825,97.75,0.387,4
-117.84079,33.659825,98.43,0.489,4
-117.84049,33.659825,99.15,0.522,4
-117.84019,33.659825,100.57,0.536,4
-117.83989,33.659825,103.45,0.473,4
-117.83959,33.659825,104.68,0.266,4
-117.83929,33.659825,104.95,0.169,4
-117.83899,33.659825,103.05,0.213,4
-117.83869,33.659825,100.77,0.431,4
-117.83839,33.659825,98.52,0.63,4
-117.83809,33.659825,96.61,0.717,4
-117.83779,33.659825,95.32,0.715,4
-117.83749,33.659825,94.58,0.696,4
-117.83719,33.659825,94.4,0.701,4
-117.83689,33.659825,94.92,0.699,4
-117.836589,33.659825,95.89,0.687,4
-117.836289,33.659825,97.46,0.579,4
-117.835989,33.659825,98.98,0.488,4
-117.835689,33.659825,100.15,0.508,4
-117.835389,33.659825,101.32,0.403,4
-117.835089,33.659825,102.05,0.403,4
-117.834789,33.659825,102.14,0.411,4
-117.834489,33.659825,101.72,0.425,4
-117.834189,33.659825,101.18,0.457,4
-117.833889,33.659825,101.5,0.513,4
-117.833589,33.659825,101.38,0.573,4
-117.833289,33.659825,100.26,0.604,4
-117.832989,33.659825,99.04,0.625,4
-117.832689,33.659825,97.32,0.675,4
-117.832389,33.659825,96.65,0.695,4
-117.832089,33.659825,96.15,0.699,4
-117.831789,33.659825,95.83,0.706,4
-117.831488,33.659825,95.82,0.647,4
-117.831188,33.659825,95.82,0.652,4
-117.830888,33.659825,95.81,0.676,4
-117.830588,33.659825,95.93,0.657,4
-117.830288,33.659825,95.94,0.642,4
-117.829988,33.659825,96.65,0.658,4
-117.829688,33.659825,97.28,0.688,4
-117.829388,33.659825,97.43,0.692,4
-117.829088,33.659825,97.37,0.657,4
-117.828788,33.659825,97.19,0.618,4
-117.828488,33.659825,97.62,0.623,4
-117.828188,33.659825,98.51,0.645,4
-117.827888,33.659825,100.48,0.589,4
-117.827588,33.659825,102.26,0.502,4
-117.827288,33.659825,104.4,0.413,4
-117.826988,33.659825,106.38,0.253,4
-117.826687,33.659825,107.17,0.332,4
-117.826387,33.659825,107.31,0.257,4
-117.826087,33.659825,107.61,0.208,4
-117.825787,33.659825,107.64,0.231,4
-117.825487,33.659825,107.3,0.294,4
-117.825187,33.659825,106.72,0.376,4
-117.824887,33.659825,106.01,0.417,4
-117.824587,33.659825,105.47,0.392,4
-117.824287,33.659825,105.04,0.39,4
-117.823987,33.659825,104.65,0.329,4
-117.823687,33.659825,104.26,0.326,4
-117.823387,33.659825,104.28,0.377,4
-117.823087,33.659825,104.67,0.419,4
-117.822787,33.659825,105.09,0.283,4
-117.822487,33.659825,105.14,0.313,4
-117.822187,33.659825,104.78,0.325,4
-117.821887,33.659825,103.95,0.274,4
-117.821586,33.659825,102.84,0.299,4
-117.821286,33.659825,101.71,0.472,4
-117.820986,33.659825,101.09,0.614,4
-117.860294,33.659525,104.81,0.218,4
-117.859994,33.659525,104.26,0.096,4
-117.859694,33.659525,104.79,0.068,4
-117.859394,33.659525,106.02,0.185,4
-117.859094,33.659525,109.36,0.249,4
-117.858794,33.659525,111.93,0.266,4
-117.858494,33.659525,112.71,0.276,4
-117.858194,33.659525,111.99,0.267,4
-117.857894,33.659525,109.97,0.252,4
-117.857594,33.659525,108.22,0.252,4
-117.857294,33.659525,106.14,0.264,4
-117.856993,33.659525,102.77,0.304,4
-117.856693,33.659525,99.84,0.458,4
-117.856393,33.659525,97.13,0.458,4
-117.856093,33.659525,95.2,0.329,4
-117.855793,33.659525,93.27,0.295,4
-117.855493,33.659525,92.11,0.31,4
-117.855193,33.659525,91.35,0.372,4
-117.854893,33.659525,90.94,0.461,4
-117.854593,33.659525,90.55,0.42,4
-117.854293,33.659525,90.2,0.387,4
-117.853993,33.659525,89.61,0.497,4
-117.853693,33.659525,88.88,0.568,4
-117.853393,33.659525,89.06,0.51,4
-117.853093,33.659525,89.5,0.508,4
-117.852793,33.659525,91.08,0.574,4
-117.852493,33.659525,91.22,0.658,4
-117.852193,33.659525,91.43,0.633,4
-117.851892,33.659525,91.8,0.49,4
-117.851592,33.659525,92.44,0.495,4
-117.851292,33.659525,93.3,0.547,4
-117.850992,33.659525,95.5,0.644,4
-117.850692,33.659525,97.75,0.688,4
-117.850392,33.659525,99.88,0.612,4
-117.850092,33.659525,101.44,0.481,4
-117.849792,33.659525,103.42,0.371,4
-117.849492,33.659525,106.31,0.295,3
-117.849192,33.659525,106.54,0.271,3
-117.848892,33.659525,106.18,0.301,3
-117.848592,33.659525,104.8,0.354,3
-117.848292,33.659525,102.75,0.268,3
-117.847992,33.659525,98.92,0.376,3
-117.847692,33.659525,95.88,0.482,3
-117.847392,33.659525,90.85,-0.04,3
-117.847092,33.659525,88.02,-0.284,3
-117.846791,33.659525,87.13,-0.17,3
-117.846491,33.659525,86.01,-0.127,3
-117.846191,33.659525,85.25,-0.164,3
-117.845891,33.659525,86.47,-0.015,3
-117.845591,33.659525,88.19,0.278,3
-117.845291,33.659525,87.88,0.334,3
-117.844991,33.659525,86.37,-0.004,3
-117.844691,33.659525,84.73,-0.16,4
-117.844391,33.659525,86.36,-0.049,3
-117.844091,33.659525,86.42,0.426,4
-117.843791,33.659525,86.71,0.41,4
-117.843491,33.659525,85.74,0.021,4
-117.843191,33.659525,85.88,-0.12,4
-117.842891,33.659525,86.73,-0.158,4
-117.842591,33.659525,89.41,-0.018,4
-117.842291,33.659525,92.06,0.25,4
-117.841991,33.659525,93.85,0.367,4
-117.84169,33.659525,95.24,0.298,4
-117.84139,33.659525,96.34,0.265,4
-117.84109,33.659525,97.45,0.344,4
-117.84079,33.659525,98.64,0.48,4
-117.84049,33.659525,100,0.502,4
-117.84019,33.659525,101.99,0.379,4
-117.83989,33.659525,104.87,0.294,4
-117.83959,33.659525,105.88,0.19,4
-117.83929,33.659525,106.07,0.163,4
-117.83899,33.659525,103.99,0.253,4
-117.83869,33.659525,101.55,0.431,4
-117.83839,33.659525,99.14,0.584,4
-117.83809,33.659525,97.08,0.682,4
-117.83779,33.659525,95.65,0.726,4
-117.83749,33.659525,94.81,0.723,4
-117.83719,33.659525,94.61,0.705,4
-117.83689,33.659525,95.17,0.694,4
-117.836589,33.659525,96.4,0.647,4
-117.836289,33.659525,98.2,0.466,4
-117.835989,33.659525,99.83,0.375,4
-117.835689,33.659525,101,0.417,4
-117.835389,33.659525,101.98,0.411,4
-117.835089,33.659525,102.87,0.375,4
-117.834789,33.659525,102.88,0.418,4
-117.834489,33.659525,102.51,0.406,4
-117.834189,33.659525,101.95,0.384,4
-117.833889,33.659525,102.16,0.463,4
-117.833589,33.659525,102.44,0.558,4
-117.833289,33.659525,101.96,0.572,4
-117.832989,33.659525,100.97,0.544,4
-117.832689,33.659525,99.21,0.519,4
-117.832389,33.659525,98.52,0.628,4
-117.832089,33.659525,98.13,0.682,4
-117.831789,33.659525,98.09,0.658,4
-117.831488,33.659525,97.99,0.655,4
-117.831188,33.659525,97.8,0.679,4
-117.830888,33.659525,97.57,0.672,4
-117.830588,33.659525,97.55,0.615,4
-117.830288,33.659525,97.42,0.603,4
-117.829988,33.659525,98.32,0.657,4
-117.829688,33.659525,99.1,0.719,4
-117.829388,33.659525,99.13,0.738,4
-117.829088,33.659525,98.84,0.702,4
-117.828788,33.659525,98.32,0.653,4
-117.828488,33.659525,98.55,0.669,4
-117.828188,33.659525,99.1,0.72,4
-117.827888,33.659525,100.38,0.648,4
-117.827588,33.659525,101.73,0.548,4
-117.827288,33.659525,103.46,0.416,4
-117.826988,33.659525,105.11,0.261,4
-117.826687,33.659525,105.81,0.311,4
-117.826387,33.659525,105.94,0.363,4
-117.826087,33.659525,106.42,0.373,4
-117.825787,33.659525,106.7,0.437,4
-117.825487,33.659525,106.69,0.525,4
-117.825187,33.659525,106.57,0.522,4
-117.824887,33.659525,106.36,0.4,4
-117.824587,33.659525,106.28,0.291,4
-117.824287,33.659525,106.3,0.341,4
-117.823987,33.659525,106.21,0.355,4
-117.823687,33.659525,105.8,0.268,4
-117.823387,33.659525,105.53,0.222,4
-117.823087,33.659525,105.45,0.327,4
-117.822787,33.659525,105.43,0.255,4
-117.822487,33.659525,105.24,0.266,4
-117.822187,33.659525,104.75,0.217,4
-117.821887,33.659525,103.81,0.273,4
-117.821586,33.659525,102.63,0.43,4
-117.821286,33.659525,101.57,0.543,4
-117.820986,33.659525,101.03,0.57,4
-117.860294,33.659225,104.31,0.092,4
-117.859994,33.659225,103.52,0.18,4
-117.859694,33.659225,103.89,0.126,4
-117.859394,33.659225,105.23,0.184,4
-117.859094,33.659225,108.75,0.233,4
-117.858794,33.659225,111.32,0.259,4
-117.858494,33.659225,112.05,0.276,4
-117.858194,33.659225,111.47,0.267,4
-117.857894,33.659225,109.54,0.254,4
-117.857594,33.659225,107.53,0.26,4
-117.857294,33.659225,104.95,0.283,4
-117.856993,33.659225,101.48,0.347,4
-117.856693,33.659225,98.43,0.505,4
-117.856393,33.659225,96.26,0.42,4
-117.856093,33.659225,94.75,0.326,4
-117.855793,33.659225,93.31,0.337,4
-117.855493,33.659225,92.51,0.312,4
-117.855193,33.659225,91.95,0.304,4
-117.854893,33.659225,91.64,0.353,4
-117.854593,33.659225,91.29,0.425,4
-117.854293,33.659225,90.95,0.488,4
-117.853993,33.659225,90.38,0.514,4
-117.853693,33.659225,89.63,0.482,4
-117.853393,33.659225,89.85,0.434,4
-117.853093,33.659225,90.29,0.442,4
-117.852793,33.659225,91.92,0.535,4
-117.852493,33.659225,92.06,0.653,4
-117.852193,33.659225,92.24,0.631,4
-117.851892,33.659225,92.57,0.501,4
-117.851592,33.659225,93.09,0.561,4
-117.851292,33.659225,93.87,0.581,4
-117.850992,33.659225,96.11,0.661,4
-117.850692,33.659225,98.49,0.65,4
-117.850392,33.659225,100.56,0.539,4
-117.850092,33.659225,101.78,0.419,4
-117.849792,33.659225,103.08,0.325,4
-117.849492,33.659225,105.3,0.275,3
-117.849192,33.659225,105.17,0.267,3
-117.848892,33.659225,104.76,0.308,3
-117.848592,33.659225,103.73,0.366,3
-117.848292,33.659225,102.32,0.297,3
-117.847992,33.659225,99.07,0.278,3
-117.847692,33.659225,96.31,0.48,3
-117.847392,33.659225,92.68,0.139,3
-117.847092,33.659225,89.03,-0.243,3
-117.846791,33.659225,87.62,-0.2,3
-117.846491,33.659225,87.21,-0.135,3
-117.846191,33.659225,87.02,-0.156,3
-117.845891,33.659225,87.52,-0.093,3
-117.845591,33.659225,88.23,0.108,3
-117.845291,33.659225,88.26,0.344,3
-117.844991,33.659225,87.71,0.248,3
-117.844691,33.659225,85.47,-0.145,3
-117.844391,33.659225,85.64,-0.147,3
-117.844091,33.659225,87.22,0.265,3
-117.843791,33.659225,86.54,0.156,4
-117.843491,33.659225,85.78,-0.075,4
-117.843191,33.659225,86.16,-0.152,4
-117.842891,33.659225,87.79,-0.069,4
-117.842591,33.659225,90.49,0.154,4
-117.842291,33.659225,92.51,0.289,4
-117.841991,33.659225,93.81,0.28,4
-117.84169,33.659225,95.01,0.237,4
-117.84139,33.659225,96.08,0.231,4
-117.84109,33.659225,97.36,0.33,4
-117.84079,33.659225,99.07,0.52,4
-117.84049,33.659225,101.22,0.381,4
-117.84019,33.659225,103.35,0.21,4
-117.83989,33.659225,105.96,0.165,4
-117.83959,33.659225,106.71,0.195,4
-117.83929,33.659225,106.65,0.212,4
-117.83899,33.659225,104.26,0.29,4
-117.83869,33.659225,101.78,0.445,4
-117.83839,33.659225,99.37,0.58,4
-117.83809,33.659225,97.31,0.655,4
-117.83779,33.659225,95.86,0.69,4
-117.83749,33.659225,94.9,0.7,4
-117.83719,33.659225,94.52,0.698,4
-117.83689,33.659225,94.95,0.697,4
-117.836589,33.659225,96.11,0.661,4
-117.836289,33.659225,97.65,0.596,4
-117.835989,33.659225,99.19,0.551,4
-117.835689,33.659225,100.52,0.478,4
-117.835389,33.659225,101.53,0.529,4
-117.835089,33.659225,102.53,0.479,4
-117.834789,33.659225,102.78,0.449,4
-117.834489,33.659225,102.56,0.366,4
-117.834189,33.659225,102.14,0.309,4
-117.833889,33.659225,102.5,0.42,4
-117.833589,33.659225,103.04,0.557,4
-117.833289,33.659225,102.9,0.533,4
-117.832989,33.659225,102.33,0.421,4
-117.832689,33.659225,101.03,0.393,4
-117.832389,33.659225,100.53,0.587,4
-117.832089,33.659225,100.48,0.542,4
-117.831789,33.659225,100.68,0.43,4
-117.831488,33.659225,100.42,0.506,4
-117.831188,33.659225,100.02,0.523,4
-117.830888,33.659225,99.6,0.489,4
-117.830588,33.659225,99.35,0.494,4
-117.830288,33.659225,99.08,0.588,4
-117.829988,33.659225,99.94,0.67,4
-117.829688,33.659225,100.81,0.655,4
-117.829388,33.659225,100.91,0.621,4
-117.829088,33.659225,100.61,0.648,4
-117.828788,33.659225,100.04,0.667,4
-117.828488,33.659225,100.1,0.619,4
-117.828188,33.659225,100.24,0.582,4
-117.827888,33.659225,100.98,0.537,4
-117.827588,33.659225,101.7,0.476,4
-117.827288,33.659225,102.83,0.559,4
-117.826988,33.659225,103.97,0.502,4
-117.826687,33.659225,104.71,0.478,4
-117.826387,33.659225,105.03,0.409,4
-117.826087,33.659225,105.65,0.404,4
-117.825787,33.659225,106.12,0.353,4
-117.825487,33.659225,106.36,0.327,4
-117.825187,33.659225,106.45,0.33,4
-117.824887,33.659225,106.48,0.268,4
-117.824587,33.659225,106.88,0.244,4
-117.824287,33.659225,107.35,0.239,4
-117.823987,33.659225,107.62,0.263,4
-117.823687,33.659225,107.33,0.351,4
-117.823387,33.659225,106.65,0.282,4
-117.823087,33.659225,106.04,0.512,4
-117.822787,33.659225,105.67,0.453,4
-117.822487,33.659225,105.28,0.47,4
-117.822187,33.659225,104.76,0.37,4
-117.821887,33.659225,103.9,0.396,4
-117.821586,33.659225,102.85,0.421,4
-117.821286,33.659225,101.94,0.399,4
-117.820986,33.659225,101.51,0.406,4
-117.860294,33.658924,104.07,0.053,4
-117.859994,33.658924,103.4,0.224,4
-117.859694,33.658924,103.73,0.158,4
-117.859394,33.658924,105.15,0.136,4
-117.859094,33.658924,107.97,0.173,4
-117.858794,33.658924,110.07,0.234,4
-117.858494,33.658924,110.73,0.273,4
-117.858194,33.658924,110.43,0.267,4
-117.857894,33.658924,109.07,0.26,4
-117.857594,33.658924,106.86,0.275,4
-117.857294,33.658924,103.84,0.293,4
-117.856993,33.658924,100.5,0.376,4
-117.856693,33.658924,97.49,0.517,4
-117.856393,33.658924,95.56,0.372,4
-117.856093,33.658924,94.58,0.333,4
-117.855793,33.658924,93.43,0.336,4
-117.855493,33.658924,92.86,0.301,4
-117.855193,33.658924,92.43,0.281,4
-117.854893,33.658924,91.96,0.28,4
-117.854593,33.658924,91.55,0.31,4
-117.854293,33.658924,91.29,0.372,4
-117.853993,33.658924,90.89,0.393,4
-117.853693,33.658924,90.39,0.349,4
-117.853393,33.658924,90.64,0.348,4
-117.853093,33.658924,91.01,0.369,4
-117.852793,33.658924,92.07,0.477,4
-117.852493,33.658924,92.23,0.612,4
-117.852193,33.658924,92.39,0.607,4
-117.851892,33.658924,92.69,0.517,4
-117.851592,33.658924,93.08,0.597,4
-117.851292,33.658924,93.77,0.66,4
-117.850992,33.658924,96.04,0.687,4
-117.850692,33.658924,98.4,0.597,4
-117.850392,33.658924,100.28,0.464,4
-117.850092,33.658924,101.28,0.371,4
-117.849792,33.658924,102.22,0.307,4
-117.849492,33.658924,103.95,0.278,3
-117.849192,33.658924,103.52,0.288,3
-117.848892,33.658924,102.72,0.343,3
-117.848592,33.658924,102.12,0.373,3
-117.848292,33.658924,101.31,0.355,3
-117.847992,33.658924,99.24,0.226,3
-117.847692,33.658924,97.11,0.466,3
-117.847392,33.658924,94.85,0.364,3
-117.847092,33.658924,90.33,-0.207,3
-117.846791,33.658924,87.41,-0.231,3
-117.846491,33.658924,87.66,-0.042,3
-117.846191,33.658924,87.71,-0.04,3
-117.845891,33.658924,86.81,-0.108,3
-117.845591,33.658924,87.23,-0.054,3
-117.845291,33.658924,88.14,0.19,3
-117.844991,33.658924,87.92,0.339,3
-117.844691,33.658924,87.15,0.066,3
-117.844391,33.658924,86.28,-0.2,3
-117.844091,33.658924,86.86,-0.078,3
-117.843791,33.658924,86.05,-0.092,4
-117.843491,33.658924,86.17,-0.137,4
-117.843191,33.658924,87.87,0.004,4
-117.842891,33.658924,89.5,0.23,4
-117.842591,33.658924,90.99,0.323,4
-117.842291,33.658924,92.11,0.27,4
-117.841991,33.658924,93.05,0.172,4
-117.84169,33.658924,93.83,0.127,4
-117.84139,33.658924,94.78,0.242,4
-117.84109,33.658924,96.97,0.461,4
-117.84079,33.658924,99.45,0.424,4
-117.84049,33.658924,101.9,0.209,4
-117.84019,33.658924,103.83,0.108,4
-117.83989,33.658924,105.61,0.108,4
-117.83959,33.658924,106.48,0.171,4
-117.83929,33.658924,106.18,0.184,4
-117.83899,33.658924,103.88,0.295,4
-117.83869,33.658924,101.54,0.428,4
-117.83839,33.658924,99.28,0.564,4
-117.83809,33.658924,97.2,0.662,4
-117.83779,33.658924,95.71,0.688,4
-117.83749,33.658924,94.75,0.692,4
-117.83719,33.658924,94.23,0.725,4
-117.83689,33.658924,94.6,0.725,4
-117.836589,33.658924,95.66,0.667,4
-117.836289,33.658924,96.8,0.702,4
-117.835989,33.658924,98.04,0.669,4
-117.835689,33.658924,99.51,0.416,4
-117.835389,33.658924,100.53,0.429,4
-117.835089,33.658924,101.2,0.528,4
-117.834789,33.658924,101.6,0.505,4
-117.834489,33.658924,101.6,0.421,4
-117.834189,33.658924,101.43,0.414,4
-117.833889,33.658924,101.37,0.518,4
-117.833589,33.658924,101.6,0.547,4
-117.833289,33.658924,102,0.433,4
-117.832989,33.658924,102.2,0.387,4
-117.832689,33.658924,102.19,0.464,4
-117.832389,33.658924,102.12,0.519,4
-117.832089,33.658924,102.35,0.404,4
-117.831789,33.658924,102.34,0.428,4
-117.831488,33.658924,102.32,0.477,4
-117.831188,33.658924,102.11,0.39,4
-117.830888,33.658924,101.47,0.37,4
-117.830588,33.658924,100.89,0.441,4
-117.830288,33.658924,100.5,0.609,4
-117.829988,33.658924,100.52,0.624,4
-117.829688,33.658924,100.87,0.45,4
-117.829388,33.658924,101.09,0.359,4
-117.829088,33.658924,101.32,0.502,4
-117.828788,33.658924,101.91,0.648,4
-117.828488,33.658924,101.79,0.532,4
-117.828188,33.658924,101.75,0.42,4
-117.827888,33.658924,102.06,0.523,4
-117.827588,33.658924,102.16,0.462,4
-117.827288,33.658924,102.54,0.616,4
-117.826988,33.658924,103.27,0.613,4
-117.826687,33.658924,104.08,0.373,4
-117.826387,33.658924,104.69,0.25,4
-117.826087,33.658924,105.28,0.298,4
-117.825787,33.658924,105.75,0.264,4
-117.825487,33.658924,106.14,0.251,4
-117.825187,33.658924,105.92,0.381,4
-117.824887,33.658924,105.48,0.434,4
-117.824587,33.658924,106.43,0.311,4
-117.824287,33.658924,107.2,0.257,4
-117.823987,33.658924,107.53,0.231,4
-117.823687,33.658924,107.76,0.266,4
-117.823387,33.658924,106.9,0.211,4
-117.823087,33.658924,105.98,0.441,4
-117.822787,33.658924,105.72,0.518,4
-117.822487,33.658924,105.32,0.508,4
-117.822187,33.658924,104.81,0.439,4
-117.821887,33.658924,104.15,0.412,4
-117.821586,33.658924,103.42,0.354,4
-117.821286,33.658924,102.72,0.287,4
-117.820986,33.658924,102.17,0.271,4
-117.860294,33.658624,104.02,0.109,4
-117.859994,33.658624,103.81,0.218,4
-117.859694,33.658624,104.22,0.108,4
-117.859394,33.658624,105.59,0.063,4
-117.859094,33.658624,106.99,0.13,4
-117.858794,33.658624,108.12,0.215,4
-117.858494,33.658624,108.67,0.26,4
-117.858194,33.658624,108.74,0.262,4
-117.857894,33.658624,108.21,0.265,4
-117.857594,33.658624,105.79,0.298,4
-117.857294,33.658624,102.61,0.321,4
-117.856993,33.658624,99.62,0.409,4
-117.856693,33.658624,96.99,0.445,4
-117.856393,33.658624,95.42,0.313,4
-117.856093,33.658624,94.69,0.296,4
-117.855793,33.658624,93.3,0.28,4
-117.855493,33.658624,92.84,0.273,4
-117.855193,33.658624,92.61,0.283,4
-117.854893,33.658624,91.99,0.288,4
-117.854593,33.658624,91.5,0.308,4
-117.854293,33.658624,91.34,0.323,4
-117.853993,33.658624,91.14,0.303,4
-117.853693,33.658624,90.97,0.286,4
-117.853393,33.658624,91.31,0.309,4
-117.853093,33.658624,91.7,0.355,4
-117.852793,33.658624,92.22,0.434,4
-117.852493,33.658624,92.46,0.486,4
-117.852193,33.658624,92.68,0.524,4
-117.851892,33.658624,92.99,0.543,4
-117.851592,33.658624,93.36,0.62,4
-117.851292,33.658624,94.11,0.666,4
-117.850992,33.658624,96.44,0.646,4
-117.850692,33.658624,98.63,0.542,4
-117.850392,33.658624,100.04,0.432,4
-117.850092,33.658624,100.69,0.366,4
-117.849792,33.658624,101.35,0.321,4
-117.849492,33.658624,102.76,0.301,3
-117.849192,33.658624,102.03,0.32,3
-117.848892,33.658624,100.93,0.376,3
-117.848592,33.658624,100.8,0.343,3
-117.848292,33.658624,100.47,0.336,3
-117.847992,33.658624,99.45,0.266,3
-117.847692,33.658624,98.05,0.42,3
-117.847392,33.658624,95.86,0.484,3
-117.847092,33.658624,91.08,-0.164,3
-117.846791,33.658624,87.91,-0.177,3
-117.846491,33.658624,87.9,0.174,3
-117.846191,33.658624,87.1,0.213,3
-117.845891,33.658624,85.46,-0.008,3
-117.845591,33.658624,86.36,-0.12,3
-117.845291,33.658624,88.01,0.102,3
-117.844991,33.658624,88,0.375,3
-117.844691,33.658624,87.75,0.189,3
-117.844391,33.658624,86.02,-0.279,3
-117.844091,33.658624,86.7,-0.21,3
-117.843791,33.658624,86.35,-0.182,4
-117.843491,33.658624,88.08,-0.022,4
-117.843191,33.658624,89.62,0.269,4
-117.842891,33.658624,90.53,0.346,4
-117.842591,33.658624,91.41,0.274,4
-117.842291,33.658624,92.16,0.188,4
-117.841991,33.658624,92.19,0.094,4
-117.84169,33.658624,92.87,0.169,4
-117.84139,33.658624,95.25,0.435,4
-117.84109,33.658624,97.34,0.425,4
-117.84079,33.658624,100.05,0.239,4
-117.84049,33.658624,102.33,0.134,4
-117.84019,33.658624,104.1,0.095,4
-117.83989,33.658624,105.46,0.116,4
-117.83959,33.658624,105.96,0.141,4
-117.83929,33.658624,105.48,0.185,4
-117.83899,33.658624,103.14,0.369,4
-117.83869,33.658624,100.97,0.474,4
-117.83839,33.658624,98.92,0.579,4
-117.83809,33.658624,96.95,0.674,4
-117.83779,33.658624,95.47,0.695,4
-117.83749,33.658624,94.63,0.667,4
-117.83719,33.658624,94.36,0.644,4
-117.83689,33.658624,94.68,0.652,4
-117.836589,33.658624,95.5,0.637,4
-117.836289,33.658624,96.4,0.666,4
-117.835989,33.658624,97.28,0.696,4
-117.835689,33.658624,98.6,0.457,4
-117.835389,33.658624,99.57,0.361,4
-117.835089,33.658624,100.03,0.443,4
-117.834789,33.658624,100.09,0.575,4
-117.834489,33.658624,100.13,0.621,4
-117.834189,33.658624,100.37,0.585,4
-117.833889,33.658624,100.76,0.57,4
-117.833589,33.658624,101.39,0.495,4
-117.833289,33.658624,102.06,0.355,4
-117.832989,33.658624,102.39,0.372,4
-117.832689,33.658624,102.6,0.457,4
-117.832389,33.658624,102.81,0.418,4
-117.832089,33.658624,102.72,0.486,4
-117.831789,33.658624,102.73,0.51,4
-117.831488,33.658624,102.93,0.44,4
-117.831188,33.658624,102.74,0.399,4
-117.830888,33.658624,102.12,0.407,4
-117.830588,33.658624,101.61,0.489,4
-117.830288,33.658624,101.35,0.605,4
-117.829988,33.658624,101.46,0.548,4
-117.829688,33.658624,101.87,0.383,4
-117.829388,33.658624,102.08,0.361,4
-117.829088,33.658624,102.56,0.498,4
-117.828788,33.658624,103.81,0.567,4
-117.828488,33.658624,103.65,0.494,4
-117.828188,33.658624,103.49,0.462,4
-117.827888,33.658624,103.57,0.503,4
-117.827588,33.658624,103.34,0.358,4
-117.827288,33.658624,103.35,0.339,4
-117.826988,33.658624,103.76,0.463,4
-117.826687,33.658624,104.48,0.395,4
-117.826387,33.658624,105.19,0.279,4
-117.826087,33.658624,105.86,0.262,4
-117.825787,33.658624,106.36,0.284,4
-117.825487,33.658624,106.47,0.344,4
-117.825187,33.658624,105.98,0.449,4
-117.824887,33.658624,105.83,0.45,4
-117.824587,33.658624,107.12,0.285,4
-117.824287,33.658624,107.98,0.224,4
-117.823987,33.658624,108.09,0.26,4
-117.823687,33.658624,108.22,0.228,4
-117.823387,33.658624,107.41,0.243,4
-117.823087,33.658624,106.45,0.284,4
-117.822787,33.658624,106.08,0.288,4
-117.822487,33.658624,105.63,0.302,4
-117.822187,33.658624,105.15,0.365,4
-117.821887,33.658624,104.63,0.43,4
-117.821586,33.658624,104.07,0.407,4
-117.821286,33.658624,103.76,0.36,4
-117.860594,33.658324,104.83,0.22,4
-117.860294,33.658324,104.02,0.233,4
-117.859994,33.658324,103.63,0.231,4
-117.859694,33.658324,103.94,0.123,4
-117.859394,33.658324,105.16,0.07,4
-117.859094,33.658324,106.42,0.126,4
-117.858794,33.658324,107.38,0.2,4
-117.858494,33.658324,107.68,0.237,4
-117.858194,33.658324,107.39,0.245,4
-117.857894,33.658324,106.58,0.251,4
-117.857594,33.658324,104,0.297,4
-117.857294,33.658324,100.86,0.386,4
-117.856993,33.658324,98.22,0.484,4
-117.856693,33.658324,96.16,0.407,4
-117.856393,33.658324,94.91,0.294,4
-117.856093,33.658324,94.31,0.261,4
-117.855793,33.658324,92.99,0.259,4
-117.855493,33.658324,92.59,0.309,4
-117.855193,33.658324,92.44,0.32,4
-117.854893,33.658324,91.99,0.314,4
-117.854593,33.658324,91.7,0.318,4
-117.854293,33.658324,91.72,0.335,4
-117.853993,33.658324,91.64,0.359,4
-117.853693,33.658324,91.55,0.368,4
-117.853393,33.658324,92.01,0.376,4
-117.853093,33.658324,92.56,0.38,4
-117.852793,33.658324,93.16,0.403,4
-117.852493,33.658324,93.48,0.43,4
-117.852193,33.658324,93.75,0.511,4
-117.851892,33.658324,94.15,0.589,4
-117.851592,33.658324,94.68,0.604,4
-117.851292,33.658324,95.67,0.578,4
-117.850992,33.658324,98.06,0.564,4
-117.850692,33.658324,99.92,0.506,4
-117.850392,33.658324,100.73,0.418,4
-117.850092,33.658324,100.78,0.36,4
-117.849792,33.658324,100.35,0.336,4
-117.849492,33.658324,100.57,0.336,4
-117.849192,33.658324,100.91,0.375,3
-117.848892,33.658324,99.93,0.431,3
-117.848592,33.658324,100.32,0.345,3
-117.848292,33.658324,100.27,0.301,3
-117.847992,33.658324,99.73,0.259,3
-117.847692,33.658324,98.61,0.358,3
-117.847392,33.658324,96.46,0.465,3
-117.847092,33.658324,91.78,0.039,3
-117.846791,33.658324,88.39,-0.244,3
-117.846491,33.658324,88.18,0.008,3
-117.846191,33.658324,88.31,0.293,3
-117.845891,33.658324,86.77,0.162,3
-117.845591,33.658324,86.11,-0.077,3
-117.845291,33.658324,88,0.066,3
-117.844991,33.658324,88.14,0.427,3
-117.844691,33.658324,88.11,0.26,3
-117.844391,33.658324,86.48,-0.37,3
-117.844091,33.658324,87.69,-0.221,3
-117.843791,33.658324,87.56,-0.191,4
-117.843491,33.658324,89.63,0.199,4
-117.843191,33.658324,90.89,0.324,4
-117.842891,33.658324,92.48,0.235,3
-117.842591,33.658324,92.71,0.135,4
-117.842291,33.658324,91.81,0.07,4
-117.841991,33.658324,92.35,0.214,4
-117.84169,33.658324,94.4,0.461,4
-117.84139,33.658324,96.1,0.485,4
-117.84109,33.658324,98.01,0.445,4
-117.84079,33.658324,100.36,0.335,4
-117.84049,33.658324,102.12,0.243,4
-117.84019,33.658324,103.53,0.198,4
-117.83989,33.658324,104.78,0.175,4
-117.83959,33.658324,105.11,0.222,4
-117.83929,33.658324,104.67,0.349,4
-117.83899,33.658324,102.42,0.488,4
-117.83869,33.658324,100.64,0.514,4
-117.83839,33.658324,98.82,0.582,4
-117.83809,33.658324,96.84,0.65,4
-117.83779,33.658324,95.3,0.677,4
-117.83749,33.658324,94.52,0.682,4
-117.83719,33.658324,94.54,0.586,4
-117.83689,33.658324,94.9,0.506,4
-117.836589,33.658324,95.21,0.68,4
-117.836289,33.658324,96.16,0.664,4
-117.835989,33.658324,96.83,0.713,4
-117.835689,33.658324,97.91,0.598,4
-117.835389,33.658324,98.73,0.525,4
-117.835089,33.658324,98.95,0.555,4
-117.834789,33.658324,99.04,0.595,4
-117.834489,33.658324,99.23,0.592,4
-117.834189,33.658324,99.59,0.565,4
-117.833889,33.658324,100.18,0.524,4
-117.833589,33.658324,100.88,0.463,4
-117.833289,33.658324,101.47,0.426,4
-117.832989,33.658324,101.86,0.458,4
-117.832689,33.658324,102.18,0.479,4
-117.832389,33.658324,102.37,0.396,4
-117.832089,33.658324,102.22,0.495,4
-117.831789,33.658324,102.25,0.514,4
-117.831488,33.658324,102.35,0.511,4
-117.831188,33.658324,102.24,0.477,4
-117.830888,33.658324,101.74,0.511,4
-117.830588,33.658324,101.44,0.506,4
-117.830288,33.658324,101.43,0.523,4
-117.829988,33.658324,101.67,0.461,4
-117.829688,33.658324,102.05,0.358,4
-117.829388,33.658324,102.28,0.397,4
-117.829088,33.658324,103.62,0.508,4
-117.828788,33.658324,106.59,0.482,3
-117.828488,33.658324,106.51,0.466,3
-117.828188,33.658324,106.35,0.493,3
-117.827888,33.658324,106.36,0.507,3
-117.827588,33.658324,106.05,0.416,3
-117.827288,33.658324,105.92,0.292,3
-117.826988,33.658324,106.09,0.396,3
-117.826687,33.658324,106.52,0.473,3
-117.826387,33.658324,106.95,0.441,3
-117.826087,33.658324,107.36,0.327,3
-117.825787,33.658324,107.62,0.278,3
-117.825487,33.658324,106.85,0.333,3
-117.825187,33.658324,105.59,0.399,4
-117.824887,33.658324,105.71,0.381,4
-117.824587,33.658324,107,0.295,4
-117.824287,33.658324,107.69,0.317,4
-117.823987,33.658324,107.81,0.259,4
-117.823687,33.658324,107.98,0.297,4
-117.823387,33.658324,107.34,0.291,4
-117.823087,33.658324,106.59,0.219,4
-117.822787,33.658324,106.31,0.251,4
-117.822487,33.658324,105.89,0.267,4
-117.822187,33.658324,105.41,0.299,4
-117.821887,33.658324,104.89,0.324,4
-117.821586,33.658324,104.3,0.391,4
-117.821286,33.658324,103.96,0.454,4
-117.860594,33.658024,105.24,0.153,4
-117.860294,33.658024,104.36,0.142,4
-117.859994,33.658024,103.44,0.11,4
-117.859694,33.658024,103.47,0.094,4
-117.859394,33.658024,104.48,0.069,4
-117.859094,33.658024,105.53,0.131,4
-117.858794,33.658024,106.19,0.193,4
-117.858494,33.658024,106.04,0.212,4
-117.858194,33.658024,104.9,0.24,4
-117.857894,33.658024,103.08,0.26,4
-117.857594,33.658024,100.57,0.321,4
-117.857294,33.658024,97.6,0.489,4
-117.856993,33.658024,95.24,0.603,4
-117.856693,33.658024,93.65,0.474,4
-117.856393,33.658024,92.64,0.338,4
-117.856093,33.658024,92.15,0.272,4
-117.855793,33.658024,92.26,0.316,4
-117.855493,33.658024,92.3,0.407,4
-117.855193,33.658024,92.24,0.395,4
-117.854893,33.658024,91.75,0.35,4
-117.854593,33.658024,91.48,0.348,4
-117.854293,33.658024,91.73,0.433,4
-117.853993,33.658024,91.82,0.529,4
-117.853693,33.658024,91.8,0.491,4
-117.853393,33.658024,92.36,0.414,4
-117.853093,33.658024,92.93,0.397,4
-117.852793,33.658024,93.17,0.408,4
-117.852493,33.658024,93.48,0.456,4
-117.852193,33.658024,93.78,0.51,4
-117.851892,33.658024,94.24,0.487,4
-117.851592,33.658024,95.05,0.518,4
-117.851292,33.658024,96.31,0.5,4
-117.850992,33.658024,98.28,0.483,4
-117.850692,33.658024,99.52,0.442,4
-117.850392,33.658024,99.79,0.374,4
-117.850092,33.658024,99.72,0.328,4
-117.849792,33.658024,99.24,0.328,4
-117.849492,33.658024,98.78,0.356,4
-117.849192,33.658024,99.52,0.373,3
-117.848892,33.658024,99.28,0.396,3
-117.848592,33.658024,99.82,0.317,3
-117.848292,33.658024,100.27,0.298,3
-117.847992,33.658024,99.85,0.279,3
-117.847692,33.658024,98.54,0.22,3
-117.847392,33.658024,96.68,0.46,3
-117.847092,33.658024,94.35,0.233,3
-117.846791,33.658024,90.56,-0.186,3
-117.846491,33.658024,87.71,-0.242,3
-117.846191,33.658024,87.53,-0.003,3
-117.845891,33.658024,87.12,0.048,3
-117.845591,33.658024,85.23,-0.139,3
-117.845291,33.658024,86.04,-0.051,3
-117.844991,33.658024,88.4,0.344,3
-117.844691,33.658024,88.7,0.422,3
-117.844391,33.658024,87.6,-0.052,3
-117.844091,33.658024,89.1,-0.197,3
-117.843791,33.658024,90.03,0.155,4
-117.843491,33.658024,90.97,0.279,4
-117.843191,33.658024,91.72,0.204,4
-117.842891,33.658024,92.07,0.109,4
-117.842591,33.658024,91.84,0.133,4
-117.842291,33.658024,92.71,0.325,4
-117.841991,33.658024,94.33,0.472,4
-117.84169,33.658024,95.53,0.496,4
-117.84139,33.658024,96.94,0.551,4
-117.84109,33.658024,98.54,0.555,4
-117.84079,33.658024,100.46,0.588,4
-117.84049,33.658024,101.63,0.567,4
-117.84019,33.658024,102.7,0.398,4
-117.83989,33.658024,103.6,0.276,4
-117.83959,33.658024,103.99,0.325,4
-117.83929,33.658024,103.84,0.337,4
-117.83899,33.658024,102.2,0.386,4
-117.83869,33.658024,100.63,0.437,4
-117.83839,33.658024,98.89,0.564,4
-117.83809,33.658024,96.95,0.666,4
-117.83779,33.658024,95.46,0.689,4
-117.83749,33.658024,94.67,0.69,4
-117.83719,33.658024,94.49,0.65,4
-117.83689,33.658024,94.73,0.612,4
-117.836589,33.658024,95.17,0.643,4
-117.836289,33.658024,96.01,0.569,4
-117.835989,33.658024,96.62,0.615,4
-117.835689,33.658024,97.45,0.59,4
-117.835389,33.658024,97.89,0.611,4
-117.835089,33.658024,97.98,0.64,4
-117.834789,33.658024,98.63,0.538,4
-117.834489,33.658024,99.12,0.446,4
-117.834189,33.658024,99.36,0.48,4
-117.833889,33.658024,99.49,0.508,4
-117.833589,33.658024,99.74,0.471,4
-117.833289,33.658024,100.28,0.47,4
-117.832989,33.658024,100.7,0.504,4
-117.832689,33.658024,101.08,0.518,4
-117.832389,33.658024,101.22,0.506,4
-117.832089,33.658024,101.14,0.564,4
-117.831789,33.658024,101.1,0.593,4
-117.831488,33.658024,101.06,0.608,4
-117.831188,33.658024,101.05,0.576,4
-117.830888,33.658024,100.78,0.579,4
-117.830588,33.658024,100.6,0.518,4
-117.830288,33.658024,100.52,0.522,4
-117.829988,33.658024,100.71,0.489,4
-117.829688,33.658024,101.1,0.426,4
-117.829388,33.658024,101.45,0.461,4
-117.829088,33.658024,102.79,0.513,4
-117.828788,33.658024,105.5,0.456,3
-117.828488,33.658024,105.7,0.476,3
-117.828188,33.658024,105.81,0.516,3
-117.827888,33.658024,106.46,0.516,3
-117.827588,33.658024,106.19,0.49,3
-117.827288,33.658024,105.93,0.373,3
-117.826988,33.658024,105.78,0.404,3
-117.826687,33.658024,105.79,0.474,3
-117.826387,33.658024,105.84,0.454,3
-117.826087,33.658024,105.98,0.415,3
-117.825787,33.658024,106.05,0.441,3
-117.825487,33.658024,105.23,0.437,3
-117.825187,33.658024,104.17,0.344,4
-117.824887,33.658024,104.55,0.289,4
-117.824587,33.658024,105.56,0.336,4
-117.824287,33.658024,106.17,0.353,4
-117.823987,33.658024,106.38,0.22,4
-117.823687,33.658024,106.43,0.348,4
-117.823387,33.658024,106.24,0.249,4
-117.823087,33.658024,105.75,0.235,4
-117.822787,33.658024,105.2,0.3,4
-117.822487,33.658024,104.82,0.276,4
-117.822187,33.658024,104.39,0.291,4
-117.821887,33.658024,103.95,0.26,4
-117.821586,33.658024,103.17,0.378,4
-117.821286,33.658024,102.55,0.546,4
-117.860894,33.657724,107.13,0.197,4
-117.860594,33.657724,105.98,0.095,4
-117.860294,33.657724,105,0.038,4
-117.859994,33.657724,103.72,0.04,4
-117.859694,33.657724,103.51,0.075,4
-117.859394,33.657724,104.23,0.092,4
-117.859094,33.657724,105,0.172,4
-117.858794,33.657724,105.3,0.201,4
-117.858494,33.657724,104.73,0.197,4
-117.858194,33.657724,103.06,0.262,4
-117.857894,33.657724,100.69,0.319,4
-117.857594,33.657724,98.2,0.425,4
-117.857294,33.657724,95.4,0.622,4
-117.856993,33.657724,93.42,0.607,4
-117.856693,33.657724,92.08,0.413,4
-117.856393,33.657724,91.28,0.354,4
-117.856093,33.657724,90.94,0.291,4
-117.855793,33.657724,91.72,0.3,4
-117.855493,33.657724,92.05,0.34,4
-117.855193,33.657724,92.18,0.364,4
-117.854893,33.657724,91.81,0.342,4
-117.854593,33.657724,91.65,0.368,4
-117.854293,33.657724,92.13,0.487,4
-117.853993,33.657724,92.46,0.542,4
-117.853693,33.657724,92.57,0.438,4
-117.853393,33.657724,93.14,0.384,4
-117.853093,33.657724,93.64,0.387,4
-117.852793,33.657724,93.69,0.401,4
-117.852493,33.657724,93.87,0.407,4
-117.852193,33.657724,94.15,0.453,4
-117.851892,33.657724,94.77,0.424,4
-117.851592,33.657724,95.73,0.451,4
-117.851292,33.657724,97.07,0.444,4
-117.850992,33.657724,98.79,0.435,4
-117.850692,33.657724,99.61,0.39,4
-117.850392,33.657724,99.51,0.338,4
-117.850092,33.657724,99.32,0.321,4
-117.849792,33.657724,98.82,0.322,4
-117.849492,33.657724,98.04,0.345,4
-117.849192,33.657724,98.61,0.353,3
-117.848892,33.657724,97.31,0.341,3
-117.848592,33.657724,97.8,0.306,3
-117.848292,33.657724,98.3,0.286,3
-117.847992,33.657724,98.84,0.287,3
-117.847692,33.657724,98.13,0.229,3
-117.847392,33.657724,96.82,0.378,3
-117.847092,33.657724,95.27,0.439,3
-117.846791,33.657724,92.18,0.008,3
-117.846491,33.657724,89.14,-0.282,3
-117.846191,33.657724,87.22,-0.226,3
-117.845891,33.657724,85.94,-0.176,3
-117.845591,33.657724,85.35,-0.163,3
-117.845291,33.657724,86.02,-0.137,3
-117.844991,33.657724,88.43,0.027,3
-117.844691,33.657724,89.65,0.406,3
-117.844391,33.657724,90.83,0.448,3
-117.844091,33.657724,92.3,0.291,3
-117.843791,33.657724,90.6,0.292,4
-117.843491,33.657724,90.92,0.192,4
-117.843191,33.657724,91.69,0.127,4
-117.842891,33.657724,91.98,0.18,4
-117.842591,33.657724,93,0.386,4
-117.842291,33.657724,94.45,0.461,4
-117.841991,33.657724,95.69,0.338,4
-117.84169,33.657724,96.85,0.275,4
-117.84139,33.657724,97.97,0.321,4
-117.84109,33.657724,99.31,0.317,4
-117.84079,33.657724,101.36,0.418,4
-117.84049,33.657724,102.22,0.55,4
-117.84019,33.657724,103,0.452,4
-117.83989,33.657724,102.6,0.361,4
-117.83959,33.657724,102.88,0.392,4
-117.83929,33.657724,102.9,0.379,4
-117.83899,33.657724,101.77,0.3,4
-117.83869,33.657724,100.42,0.291,4
-117.83839,33.657724,98.93,0.401,4
-117.83809,33.657724,97.27,0.511,4
-117.83779,33.657724,95.9,0.553,4
-117.83749,33.657724,95.07,0.57,4
-117.83719,33.657724,94.67,0.575,4
-117.83689,33.657724,94.83,0.55,4
-117.836589,33.657724,95.21,0.563,4
-117.836289,33.657724,95.79,0.52,4
-117.835989,33.657724,96.18,0.53,4
-117.835689,33.657724,96.74,0.535,4
-117.835389,33.657724,97.1,0.536,4
-117.835089,33.657724,97.23,0.548,4
-117.834789,33.657724,98.39,0.544,4
-117.834489,33.657724,99.02,0.538,4
-117.834189,33.657724,99.13,0.58,4
-117.833889,33.657724,98.55,0.597,4
-117.833589,33.657724,97.95,0.555,4
-117.833289,33.657724,98.38,0.528,4
-117.832989,33.657724,98.88,0.531,4
-117.832689,33.657724,99.37,0.563,4
-117.832389,33.657724,99.7,0.613,4
-117.832089,33.657724,99.95,0.587,4
-117.831789,33.657724,100.06,0.559,4
-117.831488,33.657724,100.22,0.447,4
-117.831188,33.657724,99.99,0.532,4
-117.830888,33.657724,99.67,0.577,4
-117.830588,33.657724,99.36,0.582,4
-117.830288,33.657724,99.09,0.629,4
-117.829988,33.657724,99.14,0.615,4
-117.829688,33.657724,99.51,0.553,4
-117.829388,33.657724,99.98,0.546,4
-117.829088,33.657724,101.24,0.557,4
-117.828788,33.657724,103.57,0.524,3
-117.828488,33.657724,104.01,0.541,3
-117.828188,33.657724,104.45,0.571,3
-117.827888,33.657724,105.89,0.479,3
-117.827588,33.657724,105.8,0.4,3
-117.827288,33.657724,105.28,0.324,3
-117.826988,33.657724,104.71,0.335,3
-117.826687,33.657724,104.33,0.405,3
-117.826387,33.657724,104.13,0.387,3
-117.826087,33.657724,104.13,0.42,3
-117.825787,33.657724,104.11,0.525,3
-117.825487,33.657724,103.15,0.544,3
-117.825187,33.657724,101.93,0.439,4
-117.824887,33.657724,102.22,0.358,4
-117.824587,33.657724,103.01,0.357,4
-117.824287,33.657724,103.49,0.333,4
-117.823987,33.657724,103.57,0.319,4
-117.823687,33.657724,103.42,0.43,4
-117.823387,33.657724,103.7,0.24,4
-117.823087,33.657724,103.44,0.261,4
-117.822787,33.657724,102.73,0.344,4
-117.822487,33.657724,102.43,0.36,4
-117.822187,33.657724,102.22,0.38,4
-117.821887,33.657724,102.02,0.331,4
-117.821586,33.657724,101.38,0.382,4
-117.821286,33.657724,100.77,0.492,4
-117.860894,33.657424,107.51,0.171,4
-117.860594,33.657424,106.65,0.219,4
-117.860294,33.657424,105.64,0.2,4
-117.859994,33.657424,104.36,0.194,4
-117.859694,33.657424,104.08,0.169,4
-117.859394,33.657424,104.51,0.188,4
-117.859094,33.657424,104.95,0.256,4
-117.858794,33.657424,104.94,0.249,4
-117.858494,33.657424,104.11,0.201,4
-117.858194,33.657424,102.33,0.234,4
-117.857894,33.657424,99.91,0.323,4
-117.857594,33.657424,97.19,0.497,4
-117.857294,33.657424,94.44,0.65,4
-117.856993,33.657424,92.72,0.453,4
-117.856693,33.657424,91.5,0.279,4
-117.856393,33.657424,90.8,0.282,4
-117.856093,33.657424,90.6,0.284,4
-117.855793,33.657424,91.5,0.295,4
-117.855493,33.657424,92,0.303,4
-117.855193,33.657424,92.37,0.325,4
-117.854893,33.657424,92.33,0.327,4
-117.854593,33.657424,92.5,0.356,4
-117.854293,33.657424,93.24,0.42,4
-117.853993,33.657424,93.67,0.42,4
-117.853693,33.657424,93.68,0.354,4
-117.853393,33.657424,94.04,0.344,4
-117.853093,33.657424,94.35,0.347,4
-117.852793,33.657424,94.23,0.382,4
-117.852493,33.657424,94.29,0.381,4
-117.852193,33.657424,94.48,0.368,4
-117.851892,33.657424,95.21,0.394,4
-117.851592,33.657424,96.17,0.413,4
-117.851292,33.657424,97.38,0.426,4
-117.850992,33.657424,98.78,0.431,4
-117.850692,33.657424,99.36,0.417,4
-117.850392,33.657424,99.2,0.383,4
-117.850092,33.657424,98.95,0.351,4
-117.849792,33.657424,98.29,0.364,4
-117.849492,33.657424,97.39,0.421,4
-117.849192,33.657424,97.82,0.429,3
-117.848892,33.657424,96.45,0.381,3
-117.848592,33.657424,96.69,0.318,3
-117.848292,33.657424,96.94,0.305,3
-117.847992,33.657424,98.05,0.316,3
-117.847692,33.657424,98.17,0.295,3
-117.847392,33.657424,97.69,0.28,3
-117.847092,33.657424,96.71,0.415,3
-117.846791,33.657424,95.09,0.419,3
-117.846491,33.657424,91.72,0.095,3
-117.846191,33.657424,88.46,-0.231,3
-117.845891,33.657424,86.99,-0.272,3
-117.845591,33.657424,86.19,-0.195,3
-117.845291,33.657424,86.5,-0.157,3
-117.844991,33.657424,87.52,-0.123,3
-117.844691,33.657424,90.63,0.204,3
-117.844391,33.657424,91.69,0.442,3
-117.844091,33.657424,92.94,0.32,3
-117.843791,33.657424,91.3,0.175,4
-117.843491,33.657424,91.21,0.189,4
-117.843191,33.657424,91.52,0.346,4
-117.842891,33.657424,92.62,0.493,4
-117.842591,33.657424,93.87,0.51,4
-117.842291,33.657424,95.12,0.391,4
-117.841991,33.657424,96.52,0.255,4
-117.84169,33.657424,97.78,0.238,4
-117.84139,33.657424,98.79,0.338,4
-117.84109,33.657424,99.98,0.44,4
-117.84079,33.657424,101.93,0.458,4
-117.84049,33.657424,102.64,0.469,4
-117.84019,33.657424,103.12,0.461,4
-117.83989,33.657424,102.4,0.483,4
-117.83959,33.657424,102.45,0.536,4
-117.83929,33.657424,102.32,0.527,4
-117.83899,33.657424,101.05,0.352,4
-117.83869,33.657424,99.7,0.28,4
-117.83839,33.657424,98.42,0.355,4
-117.83809,33.657424,97.14,0.42,4
-117.83779,33.657424,95.98,0.456,4
-117.83749,33.657424,95.08,0.512,4
-117.83719,33.657424,94.7,0.53,4
-117.83689,33.657424,94.63,0.535,4
-117.836589,33.657424,94.76,0.566,4
-117.836289,33.657424,95.17,0.538,4
-117.835989,33.657424,95.49,0.551,4
-117.835689,33.657424,95.74,0.595,4
-117.835389,33.657424,96.03,0.575,4
-117.835089,33.657424,96.2,0.546,4
-117.834789,33.657424,97.25,0.535,4
-117.834489,33.657424,97.77,0.532,4
-117.834189,33.657424,97.74,0.554,4
-117.833889,33.657424,96.96,0.589,4
-117.833589,33.657424,96.05,0.599,4
-117.833289,33.657424,96.27,0.57,4
-117.832989,33.657424,96.84,0.52,4
-117.832689,33.657424,97.68,0.522,4
-117.832389,33.657424,98.48,0.513,4
-117.832089,33.657424,99.05,0.439,4
-117.831789,33.657424,99.25,0.416,4
-117.831488,33.657424,99.31,0.334,4
-117.831188,33.657424,99.01,0.412,4
-117.830888,33.657424,98.61,0.452,4
-117.830588,33.657424,98.23,0.492,4
-117.830288,33.657424,97.98,0.522,4
-117.829988,33.657424,97.99,0.522,4
-117.829688,33.657424,98.28,0.489,4
-117.829388,33.657424,98.75,0.464,4
-117.829088,33.657424,100.03,0.462,4
-117.828788,33.657424,102.53,0.432,3
-117.828488,33.657424,103.18,0.437,3
-117.828188,33.657424,103.96,0.405,3
-117.827888,33.657424,105.36,0.292,3
-117.827588,33.657424,105.14,0.239,3
-117.827288,33.657424,104.34,0.211,3
-117.826988,33.657424,103.27,0.226,3
-117.826687,33.657424,102.51,0.246,3
-117.826387,33.657424,102.13,0.295,3
-117.826087,33.657424,102.05,0.365,3
-117.825787,33.657424,102.04,0.457,3
-117.825487,33.657424,101.04,0.502,3
-117.825187,33.657424,99.54,0.478,4
-117.824887,33.657424,99.43,0.471,4
-117.824587,33.657424,99.91,0.462,4
-117.824287,33.657424,100.12,0.441,4
-117.823987,33.657424,100.15,0.423,4
-117.823687,33.657424,100.06,0.477,4
-117.823387,33.657424,99.99,0.405,4
-117.823087,33.657424,99.83,0.412,4
-117.822787,33.657424,99.38,0.451,4
-117.822487,33.657424,99.2,0.491,4
-117.822187,33.657424,99.14,0.5,4
-117.821887,33.657424,99.17,0.423,4
-117.821586,33.657424,99.06,0.338,4
-117.821286,33.657424,98.89,0.31,4
-117.860894,33.657124,107.86,0.149,4
-117.860594,33.657124,107.04,0.278,4
-117.860294,33.657124,106.05,0.39,4
-117.859994,33.657124,104.8,0.267,4
-117.859694,33.657124,104.55,0.14,4
-117.859394,33.657124,104.86,0.151,4
-117.859094,33.657124,105.06,0.239,4
-117.858794,33.657124,104.75,0.256,4
-117.858494,33.657124,103.72,0.196,4
-117.858194,33.657124,101.96,0.182,4
-117.857894,33.657124,99.53,0.277,4
-117.857594,33.657124,96.59,0.467,4
-117.857294,33.657124,93.99,0.606,4
-117.856993,33.657124,92.27,0.34,4
-117.856693,33.657124,91.03,0.264,4
-117.856393,33.657124,90.36,0.255,4
-117.856093,33.657124,90.36,0.26,4
-117.855793,33.657124,91.51,0.268,4
-117.855493,33.657124,92.18,0.286,4
-117.855193,33.657124,92.81,0.32,4
-117.854893,33.657124,93.21,0.366,4
-117.854593,33.657124,93.75,0.398,4
-117.854293,33.657124,94.61,0.397,4
-117.853993,33.657124,94.9,0.392,4
-117.853693,33.657124,94.63,0.396,4
-117.853393,33.657124,94.62,0.364,4
-117.853093,33.657124,94.62,0.364,4
-117.852793,33.657124,94.31,0.337,4
-117.852493,33.657124,94.26,0.368,4
-117.852193,33.657124,94.6,0.389,4
-117.851892,33.657124,95.33,0.438,4
-117.851592,33.657124,96.19,0.436,4
-117.851292,33.657124,97.22,0.442,4
-117.850992,33.657124,98.42,0.472,4
-117.850692,33.657124,98.93,0.473,4
-117.850392,33.657124,98.79,0.432,4
-117.850092,33.657124,98.45,0.39,4
-117.849792,33.657124,97.56,0.402,4
-117.849492,33.657124,96.36,0.474,4
-117.849192,33.657124,95.67,0.461,4
-117.848892,33.657124,95.32,0.367,3
-117.848592,33.657124,96.04,0.314,3
-117.848292,33.657124,96.16,0.329,3
-117.847992,33.657124,97.61,0.344,3
-117.847692,33.657124,98.31,0.365,3
-117.847392,33.657124,98.44,0.259,3
-117.847092,33.657124,97.97,0.273,3
-117.846791,33.657124,96.73,0.418,3
-117.846491,33.657124,93.95,0.362,3
-117.846191,33.657124,90.78,0.013,3
-117.845891,33.657124,88.87,-0.258,3
-117.845591,33.657124,88.16,-0.22,3
-117.845291,33.657124,88.72,-0.156,3
-117.844991,33.657124,90.03,-0.053,3
-117.844691,33.657124,91.97,0.329,3
-117.844391,33.657124,92.72,0.352,3
-117.844091,33.657124,93.63,0.181,3
-117.843791,33.657124,91.7,0.127,4
-117.843491,33.657124,90.92,0.408,4
-117.843191,33.657124,91.08,0.581,4
-117.842891,33.657124,92.59,0.515,4
-117.842591,33.657124,94.19,0.459,4
-117.842291,33.657124,95.57,0.454,4
-117.841991,33.657124,97.03,0.436,4
-117.84169,33.657124,98.36,0.46,4
-117.84139,33.657124,99.49,0.524,4
-117.84109,33.657124,100.72,0.506,4
-117.84079,33.657124,102.72,0.438,4
-117.84049,33.657124,103.43,0.397,4
-117.84019,33.657124,103.81,0.391,4
-117.83989,33.657124,102.84,0.423,4
-117.83959,33.657124,102.55,0.521,4
-117.83929,33.657124,102.16,0.625,4
-117.83899,33.657124,100.49,0.497,4
-117.83869,33.657124,98.9,0.448,4
-117.83839,33.657124,97.53,0.574,4
-117.83809,33.657124,96.43,0.662,4
-117.83779,33.657124,95.65,0.652,4
-117.83749,33.657124,94.96,0.672,4
-117.83719,33.657124,94.54,0.718,4
-117.83689,33.657124,94.29,0.726,4
-117.836589,33.657124,94.19,0.732,4
-117.836289,33.657124,94.35,0.714,4
-117.835989,33.657124,94.49,0.737,4
-117.835689,33.657124,94.56,0.769,4
-117.835389,33.657124,94.7,0.744,4
-117.835089,33.657124,95.53,0.703,4
-117.834789,33.657124,96.24,0.683,4
-117.834489,33.657124,96.37,0.655,4
-117.834189,33.657124,96.22,0.636,4
-117.833889,33.657124,95.27,0.664,4
-117.833589,33.657124,94.15,0.71,4
-117.833289,33.657124,94.28,0.706,4
-117.832989,33.657124,94.87,0.662,4
-117.832689,33.657124,95.91,0.634,4
-117.832389,33.657124,96.96,0.635,4
-117.832089,33.657124,97.65,0.582,4
-117.831789,33.657124,97.88,0.538,4
-117.831488,33.657124,97.76,0.504,4
-117.831188,33.657124,97.35,0.58,4
-117.830888,33.657124,97,0.585,4
-117.830588,33.657124,96.76,0.582,4
-117.830288,33.657124,96.63,0.575,4
-117.829988,33.657124,96.67,0.587,4
-117.829688,33.657124,96.94,0.587,4
-117.829388,33.657124,97.41,0.565,4
-117.829088,33.657124,98.59,0.574,4
-117.828788,33.657124,100.95,0.569,3
-117.828488,33.657124,101.81,0.561,3
-117.828188,33.657124,102.82,0.471,3
-117.827888,33.657124,103.78,0.207,3
-117.827588,33.657124,103.24,0.247,3
-117.827288,33.657124,102.53,0.347,3
-117.826988,33.657124,101.39,0.387,3
-117.826687,33.657124,100.54,0.363,3
-117.826387,33.657124,100.02,0.362,3
-117.826087,33.657124,99.81,0.386,3
-117.825787,33.657124,99.71,0.441,3
-117.825487,33.657124,98.64,0.501,3
-117.825187,33.657124,96.91,0.525,4
-117.824887,33.657124,96.47,0.521,4
-117.824587,33.657124,96.82,0.482,4
-117.824287,33.657124,96.96,0.465,4
-117.823987,33.657124,97.14,0.463,4
-117.823687,33.657124,97.05,0.452,4
-117.823387,33.657124,96.81,0.437,4
-117.823087,33.657124,96.53,0.458,4
-117.822787,33.657124,96.03,0.478,4
-117.822487,33.657124,95.76,0.485,4
-117.822187,33.657124,95.73,0.444,4
-117.821887,33.657124,95.71,0.426,4
-117.821586,33.657124,95.61,0.454,4
-117.821286,33.657124,95.53,0.479,4
-117.860894,33.656824,107.88,0.111,4
-117.860594,33.656824,107.01,0.21,4
-117.860294,33.656824,106.07,0.314,4
-117.859994,33.656824,104.84,0.223,4
-117.859694,33.656824,104.49,0.158,4
-117.859394,33.656824,104.8,0.165,4
-117.859094,33.656824,104.95,0.226,4
-117.858794,33.656824,104.46,0.244,4
-117.858494,33.656824,103.39,0.205,4
-117.858194,33.656824,101.71,0.216,4
-117.857894,33.656824,99.19,0.313,4
-117.857594,33.656824,96.48,0.468,4
-117.857294,33.656824,94.07,0.603,4
-117.856993,33.656824,92.18,0.323,4
-117.856693,33.656824,90.74,0.273,4
-117.856393,33.656824,90.11,0.254,4
-117.856093,33.656824,90.26,0.255,4
-117.855793,33.656824,91.62,0.263,4
-117.855493,33.656824,92.45,0.307,4
-117.855193,33.656824,93.27,0.38,4
-117.854893,33.656824,93.93,0.392,4
-117.854593,33.656824,94.64,0.355,4
-117.854293,33.656824,95.48,0.346,4
-117.853993,33.656824,95.65,0.361,4
-117.853693,33.656824,95.19,0.365,4
-117.853393,33.656824,94.8,0.329,4
-117.853093,33.656824,94.49,0.272,4
-117.852793,33.656824,94.14,0.234,4
-117.852493,33.656824,94.22,0.307,4
-117.852193,33.656824,94.74,0.384,4
-117.851892,33.656824,95.35,0.417,4
-117.851592,33.656824,96.06,0.409,4
-117.851292,33.656824,96.82,0.406,4
-117.850992,33.656824,97.88,0.43,4
-117.850692,33.656824,98.44,0.429,4
-117.850392,33.656824,98.26,0.399,4
-117.850092,33.656824,97.74,0.382,4
-117.849792,33.656824,96.9,0.399,4
-117.849492,33.656824,95.91,0.446,4
-117.849192,33.656824,95.05,0.435,4
-117.848892,33.656824,93.17,0.37,4
-117.848592,33.656824,94.57,0.334,3
-117.848292,33.656824,95.63,0.379,3
-117.847992,33.656824,97.4,0.384,3
-117.847692,33.656824,98.4,0.4,3
-117.847392,33.656824,98.78,0.352,3
-117.847092,33.656824,98.66,0.231,3
-117.846791,33.656824,97.79,0.273,3
-117.846491,33.656824,96.34,0.39,3
-117.846191,33.656824,94.29,0.32,3
-117.845891,33.656824,92.39,0.076,3
-117.845591,33.656824,91.91,-0.059,3
-117.845291,33.656824,92.26,0.069,3
-117.844991,33.656824,93.42,0.253,3
-117.844691,33.656824,93.44,0.348,3
-117.844391,33.656824,93.81,0.165,3
-117.844091,33.656824,94.32,0.135,3
-117.843791,33.656824,91.58,0.371,4
-117.843491,33.656824,90.76,0.547,4
-117.843191,33.656824,91.24,0.488,4
-117.842891,33.656824,92.69,0.411,4
-117.842591,33.656824,94.17,0.487,4
-117.842291,33.656824,95.55,0.606,4
-117.841991,33.656824,97.1,0.609,4
-117.84169,33.656824,98.62,0.5,4
-117.84139,33.656824,99.96,0.377,4
-117.84109,33.656824,101.33,0.312,4
-117.84079,33.656824,103.47,0.322,4
-117.84049,33.656824,104.23,0.309,4
-117.84019,33.656824,104.64,0.311,4
-117.83989,33.656824,103.49,0.332,4
-117.83959,33.656824,102.88,0.342,4
-117.83929,33.656824,102.25,0.447,4
-117.83899,33.656824,100.33,0.464,4
-117.83869,33.656824,98.66,0.487,4
-117.83839,33.656824,97.36,0.623,4
-117.83809,33.656824,96.35,0.72,4
-117.83779,33.656824,95.84,0.676,4
-117.83749,33.656824,95.45,0.665,4
-117.83719,33.656824,94.99,0.772,4
-117.83689,33.656824,94.64,0.784,4
-117.836589,33.656824,94.31,0.773,4
-117.836289,33.656824,94.15,0.766,4
-117.835989,33.656824,94.08,0.774,4
-117.835689,33.656824,93.99,0.767,4
-117.835389,33.656824,93.92,0.712,4
-117.835089,33.656824,95.02,0.699,4
-117.834789,33.656824,95.24,0.72,4
-117.834489,33.656824,94.92,0.715,4
-117.834189,33.656824,94.63,0.702,4
-117.833889,33.656824,93.64,0.718,4
-117.833589,33.656824,92.54,0.756,4
-117.833289,33.656824,92.77,0.782,4
-117.832989,33.656824,93.4,0.756,4
-117.832689,33.656824,94.59,0.676,4
-117.832389,33.656824,95.8,0.615,4
-117.832089,33.656824,96.61,0.585,4
-117.831789,33.656824,96.81,0.542,4
-117.831488,33.656824,96.45,0.659,4
-117.831188,33.656824,95.97,0.761,4
-117.830888,33.656824,95.65,0.767,4
-117.830588,33.656824,95.47,0.74,4
-117.830288,33.656824,95.41,0.718,4
-117.829988,33.656824,95.51,0.726,4
-117.829688,33.656824,95.76,0.739,4
-117.829388,33.656824,96.15,0.731,4
-117.829088,33.656824,97.16,0.725,4
-117.828788,33.656824,99.26,0.73,3
-117.828488,33.656824,100.09,0.748,3
-117.828188,33.656824,101.06,0.692,3
-117.827888,33.656824,101.87,0.303,3
-117.827588,33.656824,101.12,0.347,3
-117.827288,33.656824,100.36,0.593,3
-117.826988,33.656824,99.47,0.577,3
-117.826687,33.656824,98.82,0.484,3
-117.826387,33.656824,98.32,0.454,3
-117.826087,33.656824,98.02,0.45,3
-117.825787,33.656824,97.77,0.455,3
-117.825487,33.656824,96.48,0.469,3
-117.825187,33.656824,94.34,0.507,4
-117.824887,33.656824,93.48,0.575,4
-117.824587,33.656824,93.56,0.57,4
-117.824287,33.656824,93.65,0.602,4
-117.823987,33.656824,93.78,0.614,4
-117.823687,33.656824,93.68,0.609,4
-117.823387,33.656824,93.58,0.571,4
-117.823087,33.656824,93.46,0.555,4
-117.822787,33.656824,92.93,0.592,4
-117.822487,33.656824,92.7,0.644,4
-117.822187,33.656824,92.59,0.667,4
-117.821887,33.656824,92.56,0.662,4
-117.821586,33.656824,92.57,0.679,4
-117.821286,33.656824,92.53,0.707,4
-117.861194,33.656524,106.87,0.115,4
-117.860894,33.656524,107.26,0.125,4
-117.860594,33.656524,106.38,0.207,4
-117.860294,33.656524,105.58,0.323,4
-117.859994,33.656524,104.28,0.247,4
-117.859694,33.656524,103.91,0.177,4
-117.859394,33.656524,104.38,0.199,4
-117.859094,33.656524,104.55,0.287,4
-117.858794,33.656524,104.12,0.309,4
-117.858494,33.656524,103.32,0.268,4
-117.858194,33.656524,101.77,0.282,4
-117.857894,33.656524,99.25,0.328,4
-117.857594,33.656524,96.85,0.414,4
-117.857294,33.656524,94.56,0.504,4
-117.856993,33.656524,92.53,0.348,4
-117.856693,33.656524,90.86,0.288,4
-117.856393,33.656524,90.21,0.26,4
-117.856093,33.656524,90.34,0.267,4
-117.855793,33.656524,91.65,0.277,4
-117.855493,33.656524,92.58,0.345,4
-117.855193,33.656524,93.5,0.429,4
-117.854893,33.656524,94.27,0.416,4
-117.854593,33.656524,94.97,0.363,4
-117.854293,33.656524,95.76,0.363,4
-117.853993,33.656524,95.95,0.367,4
-117.853693,33.656524,95.43,0.318,4
-117.853393,33.656524,94.82,0.217,4
-117.853093,33.656524,94.34,0.13,4
-117.852793,33.656524,94.13,0.279,4
-117.852493,33.656524,94.4,0.281,4
-117.852193,33.656524,94.89,0.355,4
-117.851892,33.656524,95.35,0.402,4
-117.851592,33.656524,95.85,0.387,4
-117.851292,33.656524,96.37,0.384,4
-117.850992,33.656524,97.32,0.396,4
-117.850692,33.656524,97.91,0.383,4
-117.850392,33.656524,97.73,0.361,4
-117.850092,33.656524,97.3,0.369,4
-117.849792,33.656524,96.71,0.388,4
-117.849492,33.656524,95.83,0.399,4
-117.849192,33.656524,94.98,0.388,4
-117.848892,33.656524,92.97,0.367,4
-117.848592,33.656524,92.75,0.347,4
-117.848292,33.656524,94.04,0.393,3
-117.847992,33.656524,95.62,0.405,3
-117.847692,33.656524,96.43,0.432,3
-117.847392,33.656524,97.88,0.442,3
-117.847092,33.656524,98.45,0.343,3
-117.846791,33.656524,98.09,0.234,3
-117.846491,33.656524,97.38,0.289,3
-117.846191,33.656524,96.68,0.432,3
-117.845891,33.656524,96.13,0.457,3
-117.845591,33.656524,95.66,0.4,3
-117.845291,33.656524,95.32,0.4,3
-117.844991,33.656524,95.04,0.331,3
-117.844691,33.656524,94.81,0.183,3
-117.844391,33.656524,94.87,0.258,3
-117.844091,33.656524,95.05,0.462,3
-117.843791,33.656524,91.96,0.571,4
-117.843491,33.656524,91.5,0.518,4
-117.843191,33.656524,91.99,0.428,4
-117.842891,33.656524,93.1,0.507,4
-117.842591,33.656524,94.32,0.653,4
-117.842291,33.656524,95.61,0.703,4
-117.841991,33.656524,97.23,0.612,4
-117.84169,33.656524,98.92,0.425,4
-117.84139,33.656524,100.41,0.291,4
-117.84109,33.656524,101.87,0.368,4
-117.84079,33.656524,104.1,0.431,4
-117.84049,33.656524,104.88,0.336,4
-117.84019,33.656524,105.22,0.373,4
-117.83989,33.656524,103.95,0.354,4
-117.83959,33.656524,103.19,0.305,4
-117.83929,33.656524,102.42,0.384,4
-117.83899,33.656524,100.54,0.432,4
-117.83869,33.656524,98.88,0.469,4
-117.83839,33.656524,97.67,0.585,4
-117.83809,33.656524,96.8,0.655,4
-117.83779,33.656524,96.42,0.58,4
-117.83749,33.656524,96.2,0.549,4
-117.83719,33.656524,95.72,0.692,4
-117.83689,33.656524,95.31,0.767,4
-117.836589,33.656524,94.93,0.751,4
-117.836289,33.656524,94.53,0.746,4
-117.835989,33.656524,94.24,0.719,4
-117.835689,33.656524,93.81,0.758,4
-117.835389,33.656524,93.33,0.764,4
-117.835089,33.656524,94.06,0.744,4
-117.834789,33.656524,93.99,0.731,4
-117.834489,33.656524,93.45,0.697,4
-117.834189,33.656524,93.12,0.605,4
-117.833889,33.656524,92.35,0.566,4
-117.833589,33.656524,91.48,0.648,4
-117.833289,33.656524,91.77,0.733,4
-117.832989,33.656524,92.46,0.761,4
-117.832689,33.656524,93.58,0.731,4
-117.832389,33.656524,94.92,0.581,4
-117.832089,33.656524,95.85,0.487,4
-117.831789,33.656524,95.83,0.656,4
-117.831488,33.656524,95.71,0.749,4
-117.831188,33.656524,95.5,0.771,4
-117.830888,33.656524,95.24,0.76,4
-117.830588,33.656524,94.98,0.772,4
-117.830288,33.656524,94.98,0.746,4
-117.829988,33.656524,95.17,0.705,4
-117.829688,33.656524,95.36,0.708,4
-117.829388,33.656524,95.55,0.729,4
-117.829088,33.656524,96.3,0.735,4
-117.828788,33.656524,98.06,0.766,3
-117.828488,33.656524,98.66,0.78,3
-117.828188,33.656524,99.31,0.751,3
-117.827888,33.656524,100.6,0.482,3
-117.827588,33.656524,99.85,0.356,3
-117.827288,33.656524,98.92,0.621,3
-117.826988,33.656524,97.92,0.698,3
-117.826687,33.656524,97.26,0.68,3
-117.826387,33.656524,96.71,0.624,3
-117.826087,33.656524,96.36,0.579,3
-117.825787,33.656524,96.05,0.571,3
-117.825487,33.656524,94.76,0.589,3
-117.825187,33.656524,92.6,0.619,4
-117.824887,33.656524,91.47,0.639,4
-117.824587,33.656524,91.39,0.6,4
-117.824287,33.656524,91.37,0.578,4
-117.823987,33.656524,91.47,0.606,4
-117.823687,33.656524,91.46,0.621,4
-117.823387,33.656524,91.36,0.648,4
-117.823087,33.656524,91.1,0.676,4
-117.822787,33.656524,90.65,0.688,4
-117.822487,33.656524,90.43,0.684,4
-117.822187,33.656524,90.57,0.689,4
-117.821887,33.656524,90.93,0.684,4
-117.821586,33.656524,91.27,0.663,4
-117.821286,33.656524,91.42,0.647,4
-117.861194,33.656224,105.55,0.101,4
-117.860894,33.656224,105.81,0.142,4
-117.860594,33.656224,105.02,0.21,4
-117.860294,33.656224,104.21,0.427,4
-117.859994,33.656224,103.17,0.333,4
-117.859694,33.656224,103.11,0.22,4
-117.859394,33.656224,103.82,0.255,4
-117.859094,33.656224,104.25,0.341,4
-117.858794,33.656224,104.17,0.317,4
-117.858494,33.656224,103.58,0.237,4
-117.858194,33.656224,102.11,0.252,4
-117.857894,33.656224,99.88,0.299,4
-117.857594,33.656224,97.72,0.349,4
-117.857294,33.656224,95.44,0.436,4
-117.856993,33.656224,93.26,0.476,4
-117.856693,33.656224,91.56,0.337,4
-117.856393,33.656224,90.61,0.287,4
-117.856093,33.656224,90.46,0.3,4
-117.855793,33.656224,91.58,0.293,4
-117.855493,33.656224,92.53,0.321,4
-117.855193,33.656224,93.49,0.39,4
-117.854893,33.656224,94.23,0.417,4
-117.854593,33.656224,94.92,0.391,4
-117.854293,33.656224,95.79,0.361,4
-117.853993,33.656224,96.06,0.341,4
-117.853693,33.656224,95.46,0.316,4
-117.853393,33.656224,94.9,0.189,4
-117.853093,33.656224,94.42,-0.023,4
-117.852793,33.656224,94.2,0.137,4
-117.852493,33.656224,94.53,0.287,4
-117.852193,33.656224,94.78,0.351,4
-117.851892,33.656224,95.1,0.392,4
-117.851592,33.656224,95.49,0.393,4
-117.851292,33.656224,95.88,0.408,4
-117.850992,33.656224,96.73,0.463,4
-117.850692,33.656224,97.39,0.45,4
-117.850392,33.656224,97.44,0.381,4
-117.850092,33.656224,97.33,0.375,4
-117.849792,33.656224,96.98,0.398,4
-117.849492,33.656224,96.17,0.371,4
-117.849192,33.656224,95.26,0.341,4
-117.848892,33.656224,93.23,0.346,4
-117.848592,33.656224,92.89,0.357,4
-117.848292,33.656224,92.76,0.377,4
-117.847992,33.656224,93.82,0.39,4
-117.847692,33.656224,94.36,0.427,4
-117.847392,33.656224,95.61,0.47,4
-117.847092,33.656224,97.32,0.44,3
-117.846791,33.656224,98.22,0.327,3
-117.846491,33.656224,98.27,0.256,3
-117.846191,33.656224,98.08,0.354,3
-117.845891,33.656224,97.7,0.521,3
-117.845591,33.656224,97.24,0.524,3
-117.845291,33.656224,96.85,0.401,3
-117.844991,33.656224,96.34,0.305,3
-117.844691,33.656224,94.61,0.232,4
-117.844391,33.656224,94.51,0.566,4
-117.844091,33.656224,94.61,0.63,4
-117.843791,33.656224,93.07,0.484,4
-117.843491,33.656224,92.91,0.472,4
-117.843191,33.656224,93.21,0.559,4
-117.842891,33.656224,94.38,0.68,4
-117.842591,33.656224,95.61,0.756,4
-117.842291,33.656224,96.69,0.681,4
-117.841991,33.656224,98.13,0.488,4
-117.84169,33.656224,99.7,0.347,4
-117.84139,33.656224,101.11,0.329,4
-117.84109,33.656224,102.52,0.39,4
-117.84079,33.656224,104.72,0.447,4
-117.84049,33.656224,105.43,0.357,4
-117.84019,33.656224,105.69,0.414,4
-117.83989,33.656224,104.45,0.352,4
-117.83959,33.656224,103.65,0.31,4
-117.83929,33.656224,102.76,0.399,4
-117.83899,33.656224,101.01,0.381,4
-117.83869,33.656224,99.34,0.415,4
-117.83839,33.656224,98.06,0.533,4
-117.83809,33.656224,97.2,0.574,4
-117.83779,33.656224,96.85,0.487,4
-117.83749,33.656224,96.6,0.446,4
-117.83719,33.656224,96.07,0.596,4
-117.83689,33.656224,95.74,0.671,4
-117.836589,33.656224,95.49,0.633,4
-117.836289,33.656224,94.92,0.706,4
-117.835989,33.656224,94.28,0.764,4
-117.835689,33.656224,93.63,0.765,4
-117.835389,33.656224,92.83,0.753,4
-117.835089,33.656224,93.11,0.671,4
-117.834789,33.656224,92.7,0.512,4
-117.834489,33.656224,91.49,0.308,4
-117.834189,33.656224,90.68,0.146,4
-117.833889,33.656224,90.66,0.197,4
-117.833589,33.656224,90.8,0.474,4
-117.833289,33.656224,90.93,0.717,4
-117.832989,33.656224,91.71,0.783,4
-117.832689,33.656224,92.75,0.814,4
-117.832389,33.656224,93.89,0.747,4
-117.832089,33.656224,94.76,0.646,4
-117.831789,33.656224,95.12,0.684,4
-117.831488,33.656224,95.58,0.626,4
-117.831188,33.656224,95.67,0.618,4
-117.830888,33.656224,95.38,0.683,4
-117.830588,33.656224,95.08,0.754,4
-117.830288,33.656224,95.16,0.717,4
-117.829988,33.656224,95.45,0.635,4
-117.829688,33.656224,95.62,0.603,4
-117.829388,33.656224,95.7,0.614,4
-117.829088,33.656224,96.22,0.662,4
-117.828788,33.656224,97.69,0.749,3
-117.828488,33.656224,97.91,0.821,3
-117.828188,33.656224,98.24,0.814,3
-117.827888,33.656224,99.75,0.528,3
-117.827588,33.656224,99.12,0.328,3
-117.827288,33.656224,98.06,0.56,3
-117.826988,33.656224,97.2,0.659,3
-117.826687,33.656224,96.64,0.7,3
-117.826387,33.656224,96.09,0.681,3
-117.826087,33.656224,95.75,0.644,3
-117.825787,33.656224,94.28,0.651,3
-117.825487,33.656224,92.5,0.658,4
-117.825187,33.656224,92.07,0.618,4
-117.824887,33.656224,91.17,0.588,4
-117.824587,33.656224,90.58,0.562,4
-117.824287,33.656224,90.46,0.553,4
-117.823987,33.656224,90.45,0.59,4
-117.823687,33.656224,90.35,0.582,4
-117.823387,33.656224,90.3,0.614,4
-117.823087,33.656224,90.27,0.629,4
-117.822787,33.656224,90,0.617,4
-117.822487,33.656224,89.85,0.597,4
-117.822187,33.656224,89.84,0.596,4
-117.821887,33.656224,90.1,0.614,4
-117.821586,33.656224,90.55,0.606,4
-117.821286,33.656224,90.84,0.579,4
-117.861194,33.655924,103.36,0.061,4
-117.860894,33.655924,103.43,0.132,4
-117.860594,33.655924,102.79,0.249,4
-117.860294,33.655924,102.44,0.401,4
-117.859994,33.655924,101.96,0.257,4
-117.859694,33.655924,102.24,0.137,4
-117.859394,33.655924,103.1,0.218,4
-117.859094,33.655924,103.94,0.311,4
-117.858794,33.655924,104.38,0.302,4
-117.858494,33.655924,104.09,0.265,4
-117.858194,33.655924,102.8,0.231,4
-117.857894,33.655924,100.78,0.213,4
-117.857594,33.655924,98.87,0.283,4
-117.857294,33.655924,96.71,0.399,4
-117.856993,33.655924,94.63,0.56,4
-117.856693,33.655924,92.9,0.501,4
-117.856393,33.655924,91.53,0.359,4
-117.856093,33.655924,90.91,0.31,4
-117.855793,33.655924,91.52,0.31,4
-117.855493,33.655924,92.26,0.344,4
-117.855193,33.655924,93.06,0.399,4
-117.854893,33.655924,94.07,0.422,4
-117.854593,33.655924,95.15,0.395,4
-117.854293,33.655924,96.06,0.347,4
-117.853993,33.655924,96.4,0.324,4
-117.853693,33.655924,95.87,0.356,4
-117.853393,33.655924,95.58,0.303,4
-117.853093,33.655924,95.24,0.129,4
-117.852793,33.655924,94.63,0.217,4
-117.852493,33.655924,94.68,0.35,4
-117.852193,33.655924,94.61,0.377,4
-117.851892,33.655924,94.62,0.389,4
-117.851592,33.655924,94.94,0.415,4
-117.851292,33.655924,95.46,0.453,4
-117.850992,33.655924,96.07,0.481,4
-117.850692,33.655924,96.64,0.446,4
-117.850392,33.655924,97.02,0.383,4
-117.850092,33.655924,97.37,0.369,4
-117.849792,33.655924,97.61,0.382,4
-117.849492,33.655924,96.83,0.363,4
-117.849192,33.655924,96.01,0.338,4
-117.848892,33.655924,95.02,0.369,4
-117.848592,33.655924,94.6,0.37,4
-117.848292,33.655924,94.37,0.366,4
-117.847992,33.655924,94.15,0.376,4
-117.847692,33.655924,94.28,0.384,4
-117.847392,33.655924,94.65,0.433,4
-117.847092,33.655924,95.65,0.499,4
-117.846791,33.655924,96.45,0.478,4
-117.846491,33.655924,96.75,0.365,4
-117.846191,33.655924,96.81,0.277,4
-117.845891,33.655924,96.64,0.261,4
-117.845591,33.655924,96.38,0.282,4
-117.845291,33.655924,96.03,0.386,4
-117.844991,33.655924,95.62,0.407,4
-117.844691,33.655924,94.96,0.456,4
-117.844391,33.655924,95.13,0.634,4
-117.844091,33.655924,95.49,0.442,4
-117.843791,33.655924,96.56,0.362,4
-117.843491,33.655924,97.18,0.537,4
-117.843191,33.655924,97.72,0.687,4
-117.842891,33.655924,97.45,0.735,4
-117.842591,33.655924,97.49,0.705,4
-117.842291,33.655924,98.37,0.611,4
-117.841991,33.655924,99.49,0.464,4
-117.84169,33.655924,100.7,0.34,4
-117.84139,33.655924,101.8,0.349,4
-117.84109,33.655924,102.84,0.362,4
-117.84079,33.655924,104.21,0.387,4
-117.84049,33.655924,104.73,0.277,4
-117.84019,33.655924,104.9,0.314,4
-117.83989,33.655924,105.25,0.357,4
-117.83959,33.655924,104.76,0.299,4
-117.83929,33.655924,103.82,0.392,4
-117.83899,33.655924,101.99,0.348,4
-117.83869,33.655924,100.37,0.392,4
-117.83839,33.655924,99.2,0.49,4
-117.83809,33.655924,97.75,0.537,4
-117.83779,33.655924,96.32,0.587,4
-117.83749,33.655924,95.66,0.627,4
-117.83719,33.655924,95.2,0.666,4
-117.83689,33.655924,94.95,0.699,4
-117.836589,33.655924,94.86,0.658,4
-117.836289,33.655924,94.55,0.707,4
-117.835989,33.655924,94.06,0.733,4
-117.835689,33.655924,93.28,0.733,4
-117.835389,33.655924,92.13,0.724,4
-117.835089,33.655924,92.01,0.698,4
-117.834789,33.655924,90.26,0.316,4
-117.834489,33.655924,88.79,0.037,4
-117.834189,33.655924,88.97,0.025,4
-117.833889,33.655924,89.61,0.223,4
-117.833589,33.655924,89.9,0.544,4
-117.833289,33.655924,90.35,0.707,4
-117.832989,33.655924,91.29,0.745,4
-117.832689,33.655924,92.28,0.782,4
-117.832389,33.655924,93.14,0.795,4
-117.832089,33.655924,94,0.657,4
-117.831789,33.655924,94.7,0.557,4
-117.831488,33.655924,95.09,0.595,4
-117.831188,33.655924,95.22,0.651,4
-117.830888,33.655924,95.14,0.69,4
-117.830588,33.655924,95.12,0.702,4
-117.830288,33.655924,95.28,0.696,4
-117.829988,33.655924,95.46,0.713,4
-117.829688,33.655924,95.58,0.726,4
-117.829388,33.655924,95.74,0.682,4
-117.829088,33.655924,96.29,0.642,4
-117.828788,33.655924,97.71,0.677,3
-117.828488,33.655924,97.62,0.764,3
-117.828188,33.655924,97.69,0.836,3
-117.827888,33.655924,99.45,0.588,3
-117.827588,33.655924,99.31,0.311,3
-117.827288,33.655924,98.69,0.464,3
-117.826988,33.655924,97.92,0.585,3
-117.826687,33.655924,97.11,0.605,3
-117.826387,33.655924,96.44,0.573,3
-117.826087,33.655924,96.7,0.549,3
-117.825787,33.655924,95.7,0.515,3
-117.825487,33.655924,93.66,0.478,4
-117.825187,33.655924,93.44,0.498,4
-117.824887,33.655924,92.99,0.543,4
-117.824587,33.655924,91.39,0.554,4
-117.824287,33.655924,91.22,0.508,4
-117.823987,33.655924,90.4,0.487,4
-117.823687,33.655924,90.17,0.499,4
-117.823387,33.655924,90.03,0.527,4
-117.823087,33.655924,90.1,0.53,4
-117.822787,33.655924,90.5,0.489,4
-117.822487,33.655924,90.68,0.458,4
-117.822187,33.655924,90.78,0.461,4
-117.821887,33.655924,90.98,0.533,4
-117.821586,33.655924,91.26,0.606,4
-117.821286,33.655924,91.47,0.618,4
-117.861494,33.655624,101.63,0.286,4
-117.861194,33.655624,101.29,0.181,4
-117.860894,33.655624,101.19,0.207,4
-117.860594,33.655624,100.77,0.22,4
-117.860294,33.655624,100.82,0.195,4
-117.859994,33.655624,100.96,0.14,4
-117.859694,33.655624,101.56,0.169,4
-117.859394,33.655624,102.53,0.334,4
-117.859094,33.655624,103.77,0.377,4
-117.858794,33.655624,104.7,0.31,4
-117.858494,33.655624,104.67,0.293,4
-117.858194,33.655624,103.6,0.214,4
-117.857894,33.655624,101.67,0.118,4
-117.857594,33.655624,100.01,0.217,4
-117.857294,33.655624,98.15,0.373,4
-117.856993,33.655624,96.3,0.494,4
-117.856693,33.655624,94.6,0.552,4
-117.856393,33.655624,93.02,0.396,4
-117.856093,33.655624,91.91,0.313,4
-117.855793,33.655624,91.85,0.355,4
-117.855493,33.655624,92.14,0.405,4
-117.855193,33.655624,92.63,0.428,4
-117.854893,33.655624,93.82,0.402,4
-117.854593,33.655624,95.22,0.374,4
-117.854293,33.655624,96.12,0.379,4
-117.853993,33.655624,96.57,0.368,4
-117.853693,33.655624,96.17,0.375,4
-117.853393,33.655624,96.16,0.357,4
-117.853093,33.655624,95.96,0.319,4
-117.852793,33.655624,94.93,0.401,4
-117.852493,33.655624,94.64,0.404,4
-117.852193,33.655624,94.34,0.348,4
-117.851892,33.655624,94.15,0.28,4
-117.851592,33.655624,94.42,0.344,4
-117.851292,33.655624,95.2,0.461,4
-117.850992,33.655624,95.92,0.471,4
-117.850692,33.655624,96.64,0.402,4
-117.850392,33.655624,97.33,0.351,4
-117.850092,33.655624,97.91,0.334,4
-117.849792,33.655624,98.49,0.346,4
-117.849492,33.655624,97.78,0.369,4
-117.849192,33.655624,97.07,0.35,4
-117.848892,33.655624,96.57,0.371,4
-117.848592,33.655624,96.05,0.349,4
-117.848292,33.655624,95.69,0.351,4
-117.847992,33.655624,94.79,0.361,4
-117.847692,33.655624,94.57,0.355,4
-117.847392,33.655624,94.67,0.406,4
-117.847092,33.655624,94.93,0.513,4
-117.846791,33.655624,95.22,0.545,4
-117.846491,33.655624,95.44,0.455,4
-117.846191,33.655624,95.54,0.309,4
-117.845891,33.655624,95.59,0.197,4
-117.845591,33.655624,95.71,0.2,4
-117.845291,33.655624,95.87,0.309,4
-117.844991,33.655624,96.06,0.38,4
-117.844691,33.655624,96.35,0.556,4
-117.844391,33.655624,96.7,0.403,4
-117.844091,33.655624,97.24,0.273,4
-117.843791,33.655624,98.95,0.423,4
-117.843491,33.655624,99.85,0.509,4
-117.843191,33.655624,100.52,0.472,4
-117.842891,33.655624,99.88,0.461,4
-117.842591,33.655624,99.59,0.498,4
-117.842291,33.655624,100.39,0.497,4
-117.841991,33.655624,101.26,0.403,4
-117.84169,33.655624,102.13,0.295,4
-117.84139,33.655624,102.92,0.309,4
-117.84109,33.655624,103.67,0.349,4
-117.84079,33.655624,104.59,0.355,4
-117.84049,33.655624,104.87,0.272,4
-117.84019,33.655624,104.88,0.315,4
-117.83989,33.655624,105.51,0.381,4
-117.83959,33.655624,105.15,0.315,4
-117.83929,33.655624,104.31,0.345,4
-117.83899,33.655624,102.55,0.355,4
-117.83869,33.655624,100.96,0.455,4
-117.83839,33.655624,99.73,0.528,4
-117.83809,33.655624,98.05,0.548,4
-117.83779,33.655624,96.11,0.647,4
-117.83749,33.655624,94.85,0.764,4
-117.83719,33.655624,94.01,0.79,4
-117.83689,33.655624,93.74,0.758,4
-117.836589,33.655624,93.92,0.67,4
-117.836289,33.655624,94.37,0.414,4
-117.835989,33.655624,93.81,0.469,4
-117.835689,33.655624,92.62,0.677,4
-117.835389,33.655624,91.16,0.744,4
-117.835089,33.655624,90.99,0.672,4
-117.834789,33.655624,89.82,0.346,4
-117.834489,33.655624,88.48,0.076,4
-117.834189,33.655624,88.95,0.208,4
-117.833889,33.655624,89.61,0.512,4
-117.833589,33.655624,89.29,0.604,4
-117.833289,33.655624,90.14,0.603,4
-117.832989,33.655624,90.97,0.68,4
-117.832689,33.655624,91.88,0.683,4
-117.832389,33.655624,92.53,0.7,4
-117.832089,33.655624,93.09,0.694,4
-117.831789,33.655624,93.53,0.701,4
-117.831488,33.655624,93.86,0.746,4
-117.831188,33.655624,94.11,0.78,4
-117.830888,33.655624,94.32,0.771,4
-117.830588,33.655624,94.61,0.725,4
-117.830288,33.655624,95.03,0.634,4
-117.829988,33.655624,95.3,0.627,4
-117.829688,33.655624,95.34,0.731,4
-117.829388,33.655624,95.47,0.744,4
-117.829088,33.655624,96.04,0.64,4
-117.828788,33.655624,96.99,0.684,3
-117.828488,33.655624,97.3,0.772,3
-117.828188,33.655624,97.37,0.827,3
-117.827888,33.655624,99.51,0.645,3
-117.827588,33.655624,100.01,0.38,3
-117.827288,33.655624,100.04,0.411,3
-117.826988,33.655624,99.46,0.433,3
-117.826687,33.655624,98.41,0.421,3
-117.826387,33.655624,97.4,0.436,3
-117.826087,33.655624,97.43,0.478,3
-117.825787,33.655624,96.43,0.466,3
-117.825487,33.655624,94.44,0.416,4
-117.825187,33.655624,94.21,0.453,4
-117.824887,33.655624,94.07,0.551,4
-117.824587,33.655624,93.79,0.589,4
-117.824287,33.655624,93.23,0.614,4
-117.823987,33.655624,90.4,0.617,4
-117.823687,33.655624,90.19,0.577,4
-117.823387,33.655624,90.07,0.56,4
-117.823087,33.655624,90.03,0.571,4
-117.822787,33.655624,91.48,0.561,4
-117.822487,33.655624,92.26,0.537,4
-117.822187,33.655624,92.5,0.543,4
-117.821887,33.655624,92.82,0.567,4
-117.821586,33.655624,93,0.583,4
-117.821286,33.655624,92.91,0.597,4
-117.861494,33.655324,100.83,0.413,4
-117.861194,33.655324,100.61,0.222,4
-117.860894,33.655324,100.76,0.12,4
-117.860594,33.655324,100.59,0.086,4
-117.860294,33.655324,100.84,0.091,4
-117.859994,33.655324,101.17,0.108,4
-117.859694,33.655324,101.85,0.228,4
-117.859394,33.655324,102.91,0.359,4
-117.859094,33.655324,104.28,0.343,4
-117.858794,33.655324,105.31,0.265,4
-117.858494,33.655324,105.38,0.244,4
-117.858194,33.655324,104.49,0.18,4
-117.857894,33.655324,102.74,0.083,4
-117.857594,33.655324,101.38,0.142,4
-117.857294,33.655324,99.84,0.292,4
-117.856993,33.655324,98.26,0.373,4
-117.856693,33.655324,96.64,0.409,4
-117.856393,33.655324,95,0.391,4
-117.856093,33.655324,93.53,0.407,4
-117.855793,33.655324,92.87,0.435,4
-117.855493,33.655324,92.63,0.427,4
-117.855193,33.655324,92.74,0.404,4
-117.854893,33.655324,93.65,0.375,4
-117.854593,33.655324,94.89,0.391,4
-117.854293,33.655324,95.74,0.449,4
-117.853993,33.655324,96.22,0.428,4
-117.853693,33.655324,95.91,0.37,4
-117.853393,33.655324,96.02,0.384,4
-117.853093,33.655324,95.9,0.386,4
-117.852793,33.655324,94.86,0.453,4
-117.852493,33.655324,94.32,0.429,4
-117.852193,33.655324,94.08,0.258,4
-117.851892,33.655324,93.99,0.186,4
-117.851592,33.655324,94.26,0.281,4
-117.851292,33.655324,95.15,0.42,4
-117.850992,33.655324,96.15,0.446,4
-117.850692,33.655324,97.13,0.369,4
-117.850392,33.655324,97.96,0.311,4
-117.850092,33.655324,98.68,0.312,4
-117.849792,33.655324,99.54,0.323,4
-117.849492,33.655324,99.02,0.345,4
-117.849192,33.655324,98.45,0.35,4
-117.848892,33.655324,97.92,0.333,4
-117.848592,33.655324,97.21,0.313,4
-117.848292,33.655324,96.67,0.318,4
-117.847992,33.655324,95.65,0.334,4
-117.847692,33.655324,95.26,0.33,4
-117.847392,33.655324,95.06,0.365,4
-117.847092,33.655324,94.91,0.439,4
-117.846791,33.655324,94.8,0.486,4
-117.846491,33.655324,94.76,0.426,4
-117.846191,33.655324,94.82,0.383,4
-117.845891,33.655324,94.94,0.465,4
-117.845591,33.655324,95.28,0.403,4
-117.845291,33.655324,96.09,0.179,4
-117.844991,33.655324,96.97,0.177,4
-117.844691,33.655324,97.8,0.245,4
-117.844391,33.655324,98.33,0.222,4
-117.844091,33.655324,98.85,0.44,4
-117.843791,33.655324,100.49,0.431,4
-117.843491,33.655324,101.3,0.343,4
-117.843191,33.655324,101.86,0.289,4
-117.842891,33.655324,101.17,0.262,4
-117.842591,33.655324,100.83,0.272,4
-117.842291,33.655324,101.59,0.305,4
-117.841991,33.655324,102.36,0.29,4
-117.84169,33.655324,103.09,0.239,4
-117.84139,33.655324,103.69,0.241,4
-117.84109,33.655324,104.21,0.244,4
-117.84079,33.655324,104.93,0.342,4
-117.84049,33.655324,105.04,0.356,4
-117.84019,33.655324,104.96,0.338,4
-117.83989,33.655324,105.58,0.349,4
-117.83959,33.655324,105.33,0.336,4
-117.83929,33.655324,104.77,0.309,4
-117.83899,33.655324,103.3,0.361,4
-117.83869,33.655324,101.91,0.388,4
-117.83839,33.655324,100.78,0.417,4
-117.83809,33.655324,99.07,0.495,4
-117.83779,33.655324,97,0.58,4
-117.83749,33.655324,95.49,0.661,4
-117.83719,33.655324,94.3,0.704,4
-117.83689,33.655324,93.79,0.707,4
-117.836589,33.655324,93.89,0.644,4
-117.836289,33.655324,94.21,0.389,4
-117.835989,33.655324,92.92,0.563,4
-117.835689,33.655324,91.68,0.676,4
-117.835389,33.655324,90.34,0.588,4
-117.835089,33.655324,90.3,0.365,4
-117.834789,33.655324,89.53,0.073,4
-117.834489,33.655324,88.73,0.011,4
-117.834189,33.655324,89,0.3,4
-117.833889,33.655324,89.1,0.603,4
-117.833589,33.655324,88.8,0.577,4
-117.833289,33.655324,89.94,0.415,4
-117.832989,33.655324,90.64,0.516,4
-117.832689,33.655324,91.21,0.654,4
-117.832389,33.655324,91.73,0.708,4
-117.832089,33.655324,92.13,0.775,4
-117.831789,33.655324,92.54,0.787,4
-117.831488,33.655324,92.91,0.795,4
-117.831188,33.655324,93.22,0.804,4
-117.830888,33.655324,93.56,0.769,4
-117.830588,33.655324,93.88,0.736,4
-117.830288,33.655324,94.27,0.665,4
-117.829988,33.655324,94.62,0.603,4
-117.829688,33.655324,94.71,0.653,4
-117.829388,33.655324,94.81,0.708,4
-117.829088,33.655324,95.16,0.625,4
-117.828788,33.655324,95.43,0.66,4
-117.828488,33.655324,96.9,0.738,3
-117.828188,33.655324,97.23,0.743,3
-117.827888,33.655324,99.66,0.642,3
-117.827588,33.655324,100.73,0.413,3
-117.827288,33.655324,101.08,0.381,3
-117.826988,33.655324,100.66,0.349,3
-117.826687,33.655324,99.59,0.36,3
-117.826387,33.655324,98.48,0.422,3
-117.826087,33.655324,97.78,0.512,3
-117.825787,33.655324,96.77,0.582,3
-117.825487,33.655324,95.62,0.574,4
-117.825187,33.655324,95.38,0.533,4
-117.824887,33.655324,95.22,0.567,4
-117.824587,33.655324,94.95,0.625,4
-117.824287,33.655324,94.25,0.69,4
-117.823987,33.655324,91.09,0.692,4
-117.823687,33.655324,90.75,0.653,4
-117.823387,33.655324,90.56,0.606,4
-117.823087,33.655324,90.5,0.604,4
-117.822787,33.655324,92.02,0.636,4
-117.822487,33.655324,92.97,0.648,4
-117.822187,33.655324,93.5,0.651,4
-117.821887,33.655324,94.09,0.636,4
-117.821586,33.655324,94.44,0.618,4
-117.861494,33.655024,100.65,0.243,4
-117.861194,33.655024,100.54,0.094,4
-117.860894,33.655024,100.89,0.04,4
-117.860594,33.655024,100.95,0.056,4
-117.860294,33.655024,101.35,0.126,4
-117.859994,33.655024,102.16,0.194,4
-117.859694,33.655024,103.21,0.272,4
-117.859394,33.655024,104.3,0.353,4
-117.859094,33.655024,105.14,0.35,4
-117.858794,33.655024,105.61,0.268,4
-117.858494,33.655024,105.64,0.214,4
-117.858194,33.655024,105.11,0.197,4
-117.857894,33.655024,104.14,0.139,4
-117.857594,33.655024,103.03,0.085,4
-117.857294,33.655024,101.83,0.162,4
-117.856993,33.655024,100.53,0.258,4
-117.856693,33.655024,98.95,0.318,4
-117.856393,33.655024,97.19,0.333,4
-117.856093,33.655024,95.56,0.431,4
-117.855793,33.655024,94.28,0.473,4
-117.855493,33.655024,93.41,0.432,4
-117.855193,33.655024,93.05,0.383,4
-117.854893,33.655024,93.76,0.385,4
-117.854593,33.655024,94.94,0.427,4
-117.854293,33.655024,95.64,0.468,4
-117.853993,33.655024,96.11,0.478,4
-117.853693,33.655024,95.94,0.427,4
-117.853393,33.655024,96.09,0.381,4
-117.853093,33.655024,96.01,0.405,4
-117.852793,33.655024,95.23,0.427,4
-117.852493,33.655024,94.77,0.44,4
-117.852193,33.655024,94.17,0.31,4
-117.851892,33.655024,94.08,0.281,4
-117.851592,33.655024,94.3,0.366,4
-117.851292,33.655024,95.02,0.458,4
-117.850992,33.655024,96.01,0.451,4
-117.850692,33.655024,97.11,0.362,4
-117.850392,33.655024,98.13,0.312,4
-117.850092,33.655024,99.13,0.356,4
-117.849792,33.655024,100.33,0.394,4
-117.849492,33.655024,100.2,0.348,4
-117.849192,33.655024,99.79,0.336,4
-117.848892,33.655024,99.39,0.321,4
-117.848592,33.655024,98.68,0.296,4
-117.848292,33.655024,97.9,0.308,4
-117.847992,33.655024,96.54,0.325,4
-117.847692,33.655024,95.84,0.339,4
-117.847392,33.655024,95.33,0.33,4
-117.847092,33.655024,94.84,0.343,4
-117.846791,33.655024,94.38,0.339,4
-117.846491,33.655024,94.07,0.4,4
-117.846191,33.655024,94.14,0.586,4
-117.845891,33.655024,94.6,0.684,4
-117.845591,33.655024,95.31,0.534,4
-117.845291,33.655024,96.25,0.309,4
-117.844991,33.655024,97.6,0.11,4
-117.844691,33.655024,98.76,0.129,4
-117.844391,33.655024,99.48,0.389,4
-117.844091,33.655024,99.98,0.469,4
-117.843791,33.655024,101.31,0.299,4
-117.843491,33.655024,101.93,0.254,4
-117.843191,33.655024,102.23,0.299,4
-117.842891,33.655024,101.53,0.289,4
-117.842591,33.655024,101.17,0.263,4
-117.842291,33.655024,101.81,0.277,4
-117.841991,33.655024,102.53,0.284,4
-117.84169,33.655024,103.25,0.287,4
-117.84139,33.655024,103.85,0.334,4
-117.84109,33.655024,104.29,0.267,4
-117.84079,33.655024,104.85,0.351,4
-117.84049,33.655024,104.99,0.297,4
-117.84019,33.655024,105.01,0.274,4
-117.83989,33.655024,105.42,0.263,4
-117.83959,33.655024,105.24,0.287,4
-117.83929,33.655024,104.87,0.296,4
-117.83899,33.655024,103.97,0.399,4
-117.83869,33.655024,103.12,0.359,4
-117.83839,33.655024,102.34,0.276,4
-117.83809,33.655024,101.02,0.322,4
-117.83779,33.655024,99.22,0.41,4
-117.83749,33.655024,97.57,0.515,4
-117.83719,33.655024,96.18,0.635,4
-117.83689,33.655024,95.19,0.668,4
-117.836589,33.655024,94.42,0.692,4
-117.836289,33.655024,93.87,0.51,4
-117.835989,33.655024,92.8,0.659,4
-117.835689,33.655024,91.78,0.631,4
-117.835389,33.655024,90.59,0.36,4
-117.835089,33.655024,90.34,0.043,3
-117.834789,33.655024,90,-0.08,3
-117.834489,33.655024,89.45,-0.021,3
-117.834189,33.655024,89.55,0.209,3
-117.833889,33.655024,89.28,0.504,4
-117.833589,33.655024,88.35,0.613,4
-117.833289,33.655024,89.3,0.464,4
-117.832989,33.655024,90.34,0.31,4
-117.832689,33.655024,90.47,0.63,4
-117.832389,33.655024,90.95,0.751,4
-117.832089,33.655024,91.52,0.785,4
-117.831789,33.655024,92.03,0.787,4
-117.831488,33.655024,92.44,0.788,4
-117.831188,33.655024,92.77,0.787,4
-117.830888,33.655024,93.16,0.699,4
-117.830588,33.655024,93.41,0.682,4
-117.830288,33.655024,93.54,0.704,4
-117.829988,33.655024,93.63,0.685,4
-117.829688,33.655024,93.69,0.679,4
-117.829388,33.655024,93.83,0.707,4
-117.829088,33.655024,94.32,0.702,4
-117.828788,33.655024,95.57,0.719,4
-117.828488,33.655024,96.69,0.711,4
-117.828188,33.655024,98.02,0.699,3
-117.827888,33.655024,99.78,0.684,3
-117.827588,33.655024,100.91,0.468,3
-117.827288,33.655024,101.43,0.388,3
-117.826988,33.655024,101.22,0.352,3
-117.826687,33.655024,100.43,0.349,3
-117.826387,33.655024,99.65,0.42,3
-117.826087,33.655024,97.56,0.554,3
-117.825787,33.655024,95.58,0.645,4
-117.825487,33.655024,95.43,0.592,4
-117.825187,33.655024,95.47,0.462,4
-117.824887,33.655024,95.66,0.44,4
-117.824587,33.655024,95.36,0.47,4
-117.824287,33.655024,94.56,0.544,4
-117.823987,33.655024,92.61,0.579,4
-117.823687,33.655024,91.9,0.585,4
-117.823387,33.655024,91.39,0.567,4
-117.823087,33.655024,91.36,0.548,4
-117.822787,33.655024,92.79,0.572,4
-117.822487,33.655024,93.79,0.58,4
-117.822187,33.655024,94.59,0.545,4
-117.821887,33.655024,95.52,0.526,4
-117.821586,33.655024,96.02,0.535,4
-117.861794,33.654724,101.49,0.298,4
-117.861494,33.654724,101.07,0.284,4
-117.861194,33.654724,100.99,0.079,4
-117.860894,33.654724,101.49,0.08,4
-117.860594,33.654724,101.86,0.105,4
-117.860294,33.654724,102.5,0.173,4
-117.859994,33.654724,103.69,0.247,4
-117.859694,33.654724,104.96,0.308,4
-117.859394,33.654724,105.99,0.358,4
-117.859094,33.654724,106.44,0.371,4
-117.858794,33.654724,106.53,0.33,4
-117.858494,33.654724,106.57,0.275,4
-117.858194,33.654724,106.23,0.243,4
-117.857894,33.654724,105.67,0.196,4
-117.857594,33.654724,104.77,0.176,4
-117.857294,33.654724,103.74,0.226,4
-117.856993,33.654724,102.6,0.217,4
-117.856693,33.654724,101.1,0.238,4
-117.856393,33.654724,99.47,0.259,4
-117.856093,33.654724,97.7,0.353,4
-117.855793,33.654724,96.1,0.468,4
-117.855493,33.654724,94.89,0.448,4
-117.855193,33.654724,94.08,0.373,4
-117.854893,33.654724,94.29,0.364,4
-117.854593,33.654724,95.13,0.39,4
-117.854293,33.654724,95.58,0.407,4
-117.853993,33.654724,95.85,0.445,4
-117.853693,33.654724,95.57,0.474,4
-117.853393,33.654724,95.66,0.411,4
-117.853093,33.654724,95.64,0.399,4
-117.852793,33.654724,95.04,0.386,4
-117.852493,33.654724,94.81,0.416,4
-117.852193,33.654724,94.61,0.415,4
-117.851892,33.654724,94.55,0.424,4
-117.851592,33.654724,94.67,0.451,4
-117.851292,33.654724,95.11,0.451,4
-117.850992,33.654724,95.8,0.449,4
-117.850692,33.654724,96.82,0.427,4
-117.850392,33.654724,98.1,0.378,4
-117.850092,33.654724,99.03,0.402,4
-117.849792,33.654724,99.37,0.478,4
-117.849492,33.654724,99.81,0.364,4
-117.849192,33.654724,99.78,0.296,4
-117.848892,33.654724,99.89,0.297,4
-117.848592,33.654724,98.97,0.303,4
-117.848292,33.654724,97.93,0.332,4
-117.847992,33.654724,97,0.345,4
-117.847692,33.654724,96.06,0.361,4
-117.847392,33.654724,95.15,0.33,4
-117.847092,33.654724,94.4,0.3,4
-117.846791,33.654724,93.79,0.38,4
-117.846491,33.654724,93.44,0.57,4
-117.846191,33.654724,93.94,0.678,4
-117.845891,33.654724,95.3,0.619,4
-117.845591,33.654724,96.31,0.56,4
-117.845291,33.654724,97.34,0.284,4
-117.844991,33.654724,98.68,0.21,4
-117.844691,33.654724,99.38,0.402,4
-117.844391,33.654724,99.98,0.441,4
-117.844091,33.654724,100.51,0.495,4
-117.843791,33.654724,100.91,0.412,4
-117.843491,33.654724,101.15,0.318,4
-117.843191,33.654724,101.32,0.321,4
-117.842891,33.654724,101.24,0.336,4
-117.842591,33.654724,101.37,0.335,4
-117.842291,33.654724,101.98,0.336,4
-117.841991,33.654724,102.71,0.322,4
-117.84169,33.654724,103.42,0.328,4
-117.84139,33.654724,103.99,0.389,4
-117.84109,33.654724,104.44,0.358,4
-117.84079,33.654724,104.68,0.323,4
-117.84049,33.654724,104.89,0.325,4
-117.84019,33.654724,105.01,0.292,4
-117.83989,33.654724,104.84,0.282,4
-117.83959,33.654724,104.66,0.305,4
-117.83929,33.654724,104.51,0.342,4
-117.83899,33.654724,104.44,0.4,4
-117.83869,33.654724,104.31,0.34,4
-117.83839,33.654724,103.89,0.274,4
-117.83809,33.654724,103.05,0.288,4
-117.83779,33.654724,101.8,0.28,4
-117.83749,33.654724,100.35,0.319,4
-117.83719,33.654724,98.82,0.53,4
-117.83689,33.654724,97.35,0.719,4
-117.836589,33.654724,95.99,0.654,4
-117.836289,33.654724,94.93,0.588,4
-117.835989,33.654724,94.17,0.721,4
-117.835689,33.654724,93.07,0.696,4
-117.835389,33.654724,91.87,0.544,4
-117.835089,33.654724,90.77,0.281,3
-117.834789,33.654724,90.03,0.205,3
-117.834489,33.654724,89.55,0.297,3
-117.834189,33.654724,89.72,0.354,3
-117.833889,33.654724,89.93,0.409,3
-117.833589,33.654724,89.67,0.523,4
-117.833289,33.654724,89.93,0.408,3
-117.832989,33.654724,89.43,0.051,4
-117.832689,33.654724,90.06,0.548,4
-117.832389,33.654724,90.38,0.79,4
-117.832089,33.654724,91.22,0.782,4
-117.831789,33.654724,91.85,0.789,4
-117.831488,33.654724,92.3,0.795,4
-117.831188,33.654724,92.6,0.797,4
-117.830888,33.654724,92.94,0.711,4
-117.830588,33.654724,93.09,0.691,4
-117.830288,33.654724,93.01,0.729,4
-117.829988,33.654724,92.87,0.743,4
-117.829688,33.654724,92.86,0.732,4
-117.829388,33.654724,93.11,0.732,4
-117.829088,33.654724,93.9,0.78,4
-117.828788,33.654724,95.95,0.788,4
-117.828488,33.654724,96.66,0.753,4
-117.828188,33.654724,97.82,0.756,4
-117.827888,33.654724,98.63,0.773,4
-117.827588,33.654724,99.34,0.571,4
-117.827288,33.654724,99.85,0.405,4
-117.826988,33.654724,99.93,0.384,4
-117.826687,33.654724,99.54,0.37,4
-117.826387,33.654724,98.97,0.456,4
-117.826087,33.654724,97.32,0.593,4
-117.825787,33.654724,95.78,0.635,4
-117.825487,33.654724,95.89,0.555,4
-117.825187,33.654724,96.58,0.425,4
-117.824887,33.654724,97.35,0.36,4
-117.824587,33.654724,96.83,0.379,4
-117.824287,33.654724,96.02,0.426,4
-117.823987,33.654724,95,0.438,4
-117.823687,33.654724,93.8,0.495,4
-117.823387,33.654724,92.81,0.556,4
-117.823087,33.654724,92.59,0.557,4
-117.822787,33.654724,93.95,0.541,4
-117.822487,33.654724,95.02,0.513,4
-117.822187,33.654724,96.03,0.447,4
-117.821887,33.654724,97.2,0.416,4
-117.821586,33.654724,97.84,0.433,4
-117.861794,33.654424,102.21,0.314,4
-117.861494,33.654424,101.89,0.285,4
-117.861194,33.654424,101.84,0.229,4
-117.860894,33.654424,102.46,0.245,4
-117.860594,33.654424,103.13,0.268,4
-117.860294,33.654424,104.1,0.291,4
-117.859994,33.654424,105.58,0.306,4
-117.859694,33.654424,106.95,0.321,4
-117.859394,33.654424,107.9,0.324,4
-117.859094,33.654424,108.16,0.315,4
-117.858794,33.654424,108.04,0.309,4
-117.858494,33.654424,107.95,0.306,4
-117.858194,33.654424,107.67,0.291,4
-117.857894,33.654424,107.28,0.269,4
-117.857594,33.654424,106.58,0.285,4
-117.857294,33.654424,105.79,0.299,4
-117.856993,33.654424,104.68,0.222,4
-117.856693,33.654424,103.23,0.222,4
-117.856393,33.654424,101.7,0.262,4
-117.856093,33.654424,99.93,0.302,4
-117.855793,33.654424,98.11,0.404,4
-117.855493,33.654424,96.42,0.41,4
-117.855193,33.654424,95.13,0.365,4
-117.854893,33.654424,94.99,0.344,4
-117.854593,33.654424,95.52,0.338,4
-117.854293,33.654424,95.6,0.35,4
-117.853993,33.654424,95.6,0.394,4
-117.853693,33.654424,95.12,0.473,4
-117.853393,33.654424,95.14,0.492,4
-117.853093,33.654424,95.15,0.388,4
-117.852793,33.654424,94.51,0.358,4
-117.852493,33.654424,94.24,0.388,4
-117.852193,33.654424,94.06,0.423,4
-117.851892,33.654424,93.98,0.448,4
-117.851592,33.654424,94.03,0.447,4
-117.851292,33.654424,94.34,0.434,4
-117.850992,33.654424,94.84,0.497,4
-117.850692,33.654424,95.76,0.547,4
-117.850392,33.654424,97.27,0.486,4
-117.850092,33.654424,98.7,0.418,4
-117.849792,33.654424,99.51,0.401,4
-117.849492,33.654424,100.42,0.353,4
-117.849192,33.654424,100.82,0.278,4
-117.848892,33.654424,100.99,0.303,4
-117.848592,33.654424,100.09,0.361,4
-117.848292,33.654424,98.48,0.393,4
-117.847992,33.654424,97.02,0.388,4
-117.847692,33.654424,95.84,0.353,4
-117.847392,33.654424,94.84,0.331,4
-117.847092,33.654424,94,0.402,4
-117.846791,33.654424,93.47,0.567,4
-117.846491,33.654424,93.37,0.654,4
-117.846191,33.654424,94.14,0.572,4
-117.845891,33.654424,95.82,0.478,4
-117.845591,33.654424,96.98,0.436,4
-117.845291,33.654424,97.8,0.336,4
-117.844991,33.654424,98.73,0.581,4
-117.844691,33.654424,98.98,0.776,4
-117.844391,33.654424,99.46,0.701,4
-117.844091,33.654424,99.98,0.539,4
-117.843791,33.654424,100.35,0.531,4
-117.843491,33.654424,100.57,0.534,4
-117.843191,33.654424,100.75,0.492,4
-117.842891,33.654424,100.69,0.428,4
-117.842591,33.654424,100.81,0.465,4
-117.842291,33.654424,101.45,0.521,4
-117.841991,33.654424,102.28,0.433,4
-117.84169,33.654424,103.07,0.319,4
-117.84139,33.654424,103.73,0.309,4
-117.84109,33.654424,104.23,0.377,4
-117.84079,33.654424,104.47,0.369,4
-117.84049,33.654424,104.71,0.387,4
-117.84019,33.654424,104.87,0.345,4
-117.83989,33.654424,104.78,0.341,4
-117.83959,33.654424,104.72,0.365,4
-117.83929,33.654424,104.69,0.401,4
-117.83899,33.654424,104.77,0.372,4
-117.83869,33.654424,104.83,0.293,4
-117.83839,33.654424,104.64,0.267,4
-117.83809,33.654424,104.03,0.294,4
-117.83779,33.654424,103.06,0.28,4
-117.83749,33.654424,101.93,0.257,4
-117.83719,33.654424,100.56,0.4,4
-117.83689,33.654424,98.97,0.724,4
-117.836589,33.654424,97.46,0.724,4
-117.836289,33.654424,96.3,0.67,4
-117.835989,33.654424,95.47,0.743,4
-117.835689,33.654424,94.44,0.76,4
-117.835389,33.654424,93.43,0.722,4
-117.835089,33.654424,92.09,0.647,4
-117.834789,33.654424,91.06,0.649,4
-117.834489,33.654424,90.42,0.69,4
-117.834189,33.654424,89.98,0.669,4
-117.833889,33.654424,89.81,0.584,4
-117.833589,33.654424,90.17,0.44,4
-117.833289,33.654424,90.58,0.197,3
-117.832989,33.654424,89.39,0.143,4
-117.832689,33.654424,89.89,0.603,4
-117.832389,33.654424,90.42,0.785,4
-117.832089,33.654424,91.46,0.746,4
-117.831789,33.654424,92.1,0.768,4
-117.831488,33.654424,92.47,0.797,4
-117.831188,33.654424,92.67,0.81,4
-117.830888,33.654424,92.85,0.754,4
-117.830588,33.654424,92.84,0.719,4
-117.830288,33.654424,92.61,0.74,4
-117.829988,33.654424,92.32,0.771,4
-117.829688,33.654424,92.31,0.776,4
-117.829388,33.654424,92.84,0.773,4
-117.829088,33.654424,94.02,0.8,4
-117.828788,33.654424,96.29,0.778,4
-117.828488,33.654424,96.87,0.754,4
-117.828188,33.654424,97.36,0.799,4
-117.827888,33.654424,97.87,0.799,4
-117.827588,33.654424,98.25,0.67,4
-117.827288,33.654424,98.65,0.437,4
-117.826988,33.654424,98.97,0.363,4
-117.826687,33.654424,99.06,0.35,4
-117.826387,33.654424,98.97,0.443,4
-117.826087,33.654424,97.98,0.589,4
-117.825787,33.654424,97.04,0.643,4
-117.825487,33.654424,97.7,0.568,4
-117.825187,33.654424,99.24,0.428,4
-117.824887,33.654424,100.51,0.327,4
-117.824587,33.654424,99.97,0.363,4
-117.824287,33.654424,99.12,0.402,4
-117.823987,33.654424,97.79,0.464,4
-117.823687,33.654424,95.89,0.547,4
-117.823387,33.654424,94.47,0.646,4
-117.823087,33.654424,93.94,0.683,4
-117.822787,33.654424,95.4,0.674,4
-117.822487,33.654424,96.68,0.626,4
-117.822187,33.654424,97.78,0.548,4
-117.821887,33.654424,99.06,0.491,4
-117.821586,33.654424,99.79,0.477,4
-117.861794,33.654123,103.34,0.24,4
-117.861494,33.654123,102.94,0.147,4
-117.861194,33.654123,102.82,0.244,4
-117.860894,33.654123,103.44,0.38,4
-117.860594,33.654123,104.24,0.343,4
-117.860294,33.654123,105.4,0.302,4
-117.859994,33.654123,107.06,0.3,4
-117.859694,33.654123,108.38,0.29,4
-117.859394,33.654123,109.22,0.272,4
-117.859094,33.654123,109.5,0.268,4
-117.858794,33.654123,109.39,0.274,4
-117.858494,33.654123,109.29,0.273,4
-117.858194,33.654123,109.03,0.269,4
-117.857894,33.654123,108.7,0.263,4
-117.857594,33.654123,108.2,0.261,4
-117.857294,33.654123,107.64,0.263,4
-117.856993,33.654123,106.64,0.249,4
-117.856693,33.654123,105.22,0.235,4
-117.856393,33.654123,103.74,0.261,4
-117.856093,33.654123,101.91,0.285,4
-117.855793,33.654123,99.94,0.371,4
-117.855493,33.654123,97.93,0.43,4
-117.855193,33.654123,96.28,0.408,4
-117.854893,33.654123,95.71,0.362,4
-117.854593,33.654123,95.75,0.347,4
-117.854293,33.654123,95.4,0.364,4
-117.853993,33.654123,95.1,0.419,4
-117.853693,33.654123,94.67,0.487,4
-117.853393,33.654123,94.53,0.519,4
-117.853093,33.654123,94.45,0.46,4
-117.852793,33.654123,93.5,0.385,4
-117.852493,33.654123,93.07,0.385,4
-117.852193,33.654123,92.76,0.405,4
-117.851892,33.654123,92.58,0.354,4
-117.851592,33.654123,92.55,0.318,4
-117.851292,33.654123,92.84,0.356,4
-117.850992,33.654123,93.52,0.41,4
-117.850692,33.654123,94.78,0.49,4
-117.850392,33.654123,96.56,0.535,4
-117.850092,33.654123,98.3,0.421,4
-117.849792,33.654123,99.57,0.333,4
-117.849492,33.654123,100.56,0.327,4
-117.849192,33.654123,100.94,0.269,4
-117.848892,33.654123,101.11,0.282,4
-117.848592,33.654123,99.84,0.355,4
-117.848292,33.654123,98.17,0.394,4
-117.847992,33.654123,96.11,0.374,4
-117.847692,33.654123,94.54,0.391,4
-117.847392,33.654123,93.65,0.491,4
-117.847092,33.654123,93.3,0.605,4
-117.846791,33.654123,93.28,0.663,4
-117.846491,33.654123,93.68,0.631,4
-117.846191,33.654123,94.77,0.529,4
-117.845891,33.654123,96.24,0.428,4
-117.845591,33.654123,97.08,0.395,4
-117.845291,33.654123,97.66,0.513,4
-117.844991,33.654123,98.97,0.767,4
-117.844691,33.654123,99.06,0.847,4
-117.844391,33.654123,99.36,0.796,4
-117.844091,33.654123,99.75,0.525,4
-117.843791,33.654123,99.98,0.39,4
-117.843491,33.654123,100.12,0.484,4
-117.843191,33.654123,100.29,0.561,4
-117.842891,33.654123,100.26,0.583,4
-117.842591,33.654123,100.43,0.627,4
-117.842291,33.654123,101.13,0.663,4
-117.841991,33.654123,102.06,0.589,4
-117.84169,33.654123,103.07,0.41,4
-117.84139,33.654123,103.97,0.318,4
-117.84109,33.654123,104.56,0.29,4
-117.84079,33.654123,104.96,0.329,4
-117.84049,33.654123,105.09,0.34,4
-117.84019,33.654123,104.92,0.395,4
-117.83989,33.654123,104.79,0.361,4
-117.83959,33.654123,104.74,0.356,4
-117.83929,33.654123,104.72,0.369,4
-117.83899,33.654123,104.75,0.357,4
-117.83869,33.654123,104.83,0.31,4
-117.83839,33.654123,104.82,0.26,4
-117.83809,33.654123,104.53,0.264,4
-117.83779,33.654123,103.92,0.292,4
-117.83749,33.654123,103.17,0.266,4
-117.83719,33.654123,102.11,0.349,4
-117.83689,33.654123,100.76,0.583,4
-117.836589,33.654123,99.33,0.653,4
-117.836289,33.654123,98.16,0.607,4
-117.835989,33.654123,97.34,0.605,4
-117.835689,33.654123,96.39,0.65,4
-117.835389,33.654123,95.55,0.638,4
-117.835089,33.654123,94.35,0.658,4
-117.834789,33.654123,93.26,0.674,4
-117.834489,33.654123,92.43,0.675,4
-117.834189,33.654123,91.66,0.703,4
-117.833889,33.654123,90.61,0.729,4
-117.833589,33.654123,89.67,0.654,4
-117.833289,33.654123,89.96,0.534,4
-117.832989,33.654123,89.79,0.605,4
-117.832689,33.654123,90.18,0.729,4
-117.832389,33.654123,91.22,0.772,4
-117.832089,33.654123,92.5,0.658,4
-117.831789,33.654123,93.06,0.688,4
-117.831488,33.654123,93.18,0.766,4
-117.831188,33.654123,93.16,0.808,4
-117.830888,33.654123,93.05,0.809,4
-117.830588,33.654123,92.78,0.801,4
-117.830288,33.654123,92.36,0.798,4
-117.829988,33.654123,91.98,0.796,4
-117.829688,33.654123,92.07,0.79,4
-117.829388,33.654123,92.98,0.773,4
-117.829088,33.654123,94.54,0.753,4
-117.828788,33.654123,96.95,0.732,4
-117.828488,33.654123,97.35,0.72,4
-117.828188,33.654123,97.67,0.728,4
-117.827888,33.654123,98.01,0.748,4
-117.827588,33.654123,98.25,0.706,4
-117.827288,33.654123,98.56,0.577,4
-117.826988,33.654123,98.95,0.461,4
-117.826687,33.654123,99.43,0.439,4
-117.826387,33.654123,99.76,0.437,4
-117.826087,33.654123,99.1,0.491,4
-117.825787,33.654123,98.66,0.524,4
-117.825487,33.654123,100.23,0.392,4
-117.825187,33.654123,102.59,0.235,4
-117.824887,33.654123,104.08,0.215,4
-117.824587,33.654123,103.76,0.293,4
-117.824287,33.654123,102.76,0.422,4
-117.823987,33.654123,100.49,0.472,4
-117.823687,33.654123,98.12,0.545,4
-117.823387,33.654123,96.24,0.658,4
-117.823087,33.654123,95.34,0.719,4
-117.822787,33.654123,96.57,0.736,4
-117.822487,33.654123,97.86,0.673,4
-117.822187,33.654123,99.19,0.565,4
-117.821887,33.654123,100.07,0.504,4
-117.861794,33.653823,104.27,0.297,4
-117.861494,33.653823,103.77,0.281,4
-117.861194,33.653823,103.69,0.258,4
-117.860894,33.653823,104.27,0.384,4
-117.860594,33.653823,105.03,0.329,4
-117.860294,33.653823,106.18,0.251,4
-117.859994,33.653823,107.63,0.23,4
-117.859694,33.653823,108.83,0.252,4
-117.859394,33.653823,109.71,0.271,4
-117.859094,33.653823,110.28,0.274,4
-117.858794,33.653823,110.47,0.271,4
-117.858494,33.653823,110.39,0.271,4
-117.858194,33.653823,110.11,0.268,4
-117.857894,33.653823,109.53,0.264,4
-117.857594,33.653823,109.18,0.246,4
-117.857294,33.653823,108.81,0.218,4
-117.856993,33.653823,108.09,0.255,4
-117.856693,33.653823,106.95,0.226,4
-117.856393,33.653823,105.48,0.216,4
-117.856093,33.653823,103.54,0.262,4
-117.855793,33.653823,101.39,0.353,4
-117.855493,33.653823,99.25,0.429,4
-117.855193,33.653823,97.39,0.427,4
-117.854893,33.653823,96.12,0.39,4
-117.854593,33.653823,95.29,0.381,4
-117.854293,33.653823,94.51,0.392,4
-117.853993,33.653823,94.08,0.439,4
-117.853693,33.653823,94.17,0.471,4
-117.853393,33.653823,93.83,0.484,4
-117.853093,33.653823,93.59,0.501,4
-117.852793,33.653823,91.71,0.451,4
-117.852493,33.653823,91.19,0.446,4
-117.852193,33.653823,90.88,0.46,4
-117.851892,33.653823,90.76,0.331,4
-117.851592,33.653823,90.77,0.235,4
-117.851292,33.653823,91.05,0.283,4
-117.850992,33.653823,92.19,0.371,4
-117.850692,33.653823,94.04,0.434,4
-117.850392,33.653823,95.92,0.477,4
-117.850092,33.653823,97.66,0.456,4
-117.849792,33.653823,99.16,0.409,4
-117.849492,33.653823,99.79,0.349,4
-117.849192,33.653823,99.88,0.301,4
-117.848892,33.653823,99.67,0.27,4
-117.848592,33.653823,98.52,0.277,4
-117.848292,33.653823,96.97,0.352,4
-117.847992,33.653823,94.66,0.434,4
-117.847692,33.653823,93.07,0.566,4
-117.847392,33.653823,92.56,0.654,4
-117.847092,33.653823,92.92,0.656,4
-117.846791,33.653823,93.72,0.623,4
-117.846491,33.653823,94.79,0.547,4
-117.846191,33.653823,96.04,0.438,4
-117.845891,33.653823,96.92,0.422,4
-117.845591,33.653823,97.19,0.473,4
-117.845291,33.653823,97.89,0.447,4
-117.844991,33.653823,99.87,0.628,4
-117.844691,33.653823,100.01,0.719,4
-117.844391,33.653823,100.18,0.613,4
-117.844091,33.653823,100.42,0.349,4
-117.843791,33.653823,100.45,0.192,4
-117.843491,33.653823,100.44,0.216,4
-117.843191,33.653823,100.53,0.391,4
-117.842891,33.653823,100.44,0.585,4
-117.842591,33.653823,100.58,0.652,4
-117.842291,33.653823,101.24,0.616,4
-117.841991,33.653823,102.2,0.534,4
-117.84169,33.653823,103.49,0.365,4
-117.84139,33.653823,104.66,0.28,4
-117.84109,33.653823,105.28,0.244,4
-117.84079,33.653823,105.77,0.277,4
-117.84049,33.653823,105.68,0.302,4
-117.84019,33.653823,105.41,0.387,4
-117.83989,33.653823,104.98,0.303,4
-117.83959,33.653823,104.79,0.247,4
-117.83929,33.653823,104.71,0.309,4
-117.83899,33.653823,104.82,0.343,4
-117.83869,33.653823,105,0.313,4
-117.83839,33.653823,105.11,0.259,4
-117.83809,33.653823,105.06,0.263,4
-117.83779,33.653823,104.75,0.338,4
-117.83749,33.653823,104.43,0.309,4
-117.83719,33.653823,103.87,0.285,4
-117.83689,33.653823,102.98,0.291,4
-117.836589,33.653823,101.85,0.365,4
-117.836289,33.653823,100.78,0.378,4
-117.835989,33.653823,99.48,0.341,4
-117.835689,33.653823,98.37,0.425,4
-117.835389,33.653823,97.46,0.514,4
-117.835089,33.653823,96.45,0.589,4
-117.834789,33.653823,95.43,0.574,4
-117.834489,33.653823,94.51,0.529,4
-117.834189,33.653823,93.79,0.581,4
-117.833889,33.653823,93.08,0.695,4
-117.833589,33.653823,92.25,0.755,4
-117.833289,33.653823,91.96,0.779,4
-117.832989,33.653823,92.02,0.764,4
-117.832689,33.653823,92.83,0.758,4
-117.832389,33.653823,94.25,0.74,4
-117.832089,33.653823,95.45,0.545,4
-117.831789,33.653823,96,0.531,4
-117.831488,33.653823,96.09,0.689,4
-117.831188,33.653823,95.97,0.792,4
-117.830888,33.653823,95.46,0.826,4
-117.830588,33.653823,94.73,0.831,4
-117.830288,33.653823,93.99,0.824,4
-117.829988,33.653823,93.56,0.816,4
-117.829688,33.653823,93.85,0.801,4
-117.829388,33.653823,94.88,0.782,4
-117.829088,33.653823,96.18,0.775,4
-117.828788,33.653823,97.08,0.661,4
-117.828488,33.653823,97.71,0.41,4
-117.828188,33.653823,97.85,0.29,4
-117.827888,33.653823,97.97,0.444,4
-117.827588,33.653823,98.2,0.667,4
-117.827288,33.653823,98.56,0.661,4
-117.826988,33.653823,99.05,0.442,4
-117.826687,33.653823,99.68,0.409,4
-117.826387,33.653823,100.17,0.358,4
-117.826087,33.653823,100.63,0.381,4
-117.825787,33.653823,101.57,0.523,4
-117.825487,33.653823,103.47,0.414,4
-117.825187,33.653823,106.05,0.166,4
-117.824887,33.653823,107.66,0.293,4
-117.824587,33.653823,107.81,0.349,4
-117.824287,33.653823,107.16,0.169,4
-117.823987,33.653823,103.94,0.404,4
-117.823687,33.653823,101.2,0.622,4
-117.823387,33.653823,98.76,0.699,4
-117.823087,33.653823,97.88,0.688,4
-117.822787,33.653823,97.95,0.701,4
-117.822487,33.653823,98.71,0.699,4
-117.822187,33.653823,100.12,0.662,4
-117.821887,33.653823,101.03,0.636,4
-117.862095,33.653523,105.23,0.305,4
-117.861794,33.653523,104.98,0.292,4
-117.861494,33.653523,104.7,0.32,4
-117.861194,33.653523,104.46,0.291,4
-117.860894,33.653523,104.91,0.338,4
-117.860594,33.653523,105.52,0.376,4
-117.860294,33.653523,106.49,0.284,4
-117.859994,33.653523,107.7,0.225,4
-117.859694,33.653523,108.86,0.251,4
-117.859394,33.653523,109.87,0.277,4
-117.859094,33.653523,110.58,0.271,4
-117.858794,33.653523,110.91,0.264,4
-117.858494,33.653523,110.99,0.265,4
-117.858194,33.653523,110.78,0.269,4
-117.857894,33.653523,110.26,0.27,4
-117.857594,33.653523,109.96,0.261,4
-117.857294,33.653523,109.62,0.21,4
-117.856993,33.653523,109.12,0.237,4
-117.856693,33.653523,108.25,0.254,4
-117.856393,33.653523,106.87,0.241,4
-117.856093,33.653523,105.04,0.245,4
-117.855793,33.653523,102.99,0.281,4
-117.855493,33.653523,100.87,0.346,4
-117.855193,33.653523,98.86,0.402,4
-117.854893,33.653523,97.27,0.424,4
-117.854593,33.653523,96,0.416,4
-117.854293,33.653523,94.74,0.417,4
-117.853993,33.653523,93.91,0.482,4
-117.853693,33.653523,93.71,0.508,4
-117.853393,33.653523,93.16,0.491,4
-117.853093,33.653523,92.76,0.483,4
-117.852793,33.653523,90.79,0.547,4
-117.852493,33.653523,90.24,0.569,4
-117.852193,33.653523,90.04,0.591,4
-117.851892,33.653523,90.07,0.527,4
-117.851592,33.653523,90.27,0.405,4
-117.851292,33.653523,90.75,0.32,4
-117.850992,33.653523,91.98,0.346,4
-117.850692,33.653523,93.75,0.404,4
-117.850392,33.653523,95.27,0.44,4
-117.850092,33.653523,96.41,0.524,4
-117.849792,33.653523,97.46,0.515,4
-117.849492,33.653523,97.72,0.411,4
-117.849192,33.653523,97.48,0.377,4
-117.848892,33.653523,97.06,0.31,4
-117.848592,33.653523,96.3,0.301,4
-117.848292,33.653523,95.3,0.454,4
-117.847992,33.653523,93.54,0.623,4
-117.847692,33.653523,93.06,0.617,4
-117.847392,33.653523,93.44,0.602,4
-117.847092,33.653523,94.25,0.597,4
-117.846791,33.653523,95.52,0.512,4
-117.846491,33.653523,96.93,0.38,4
-117.846191,33.653523,97.99,0.333,4
-117.845891,33.653523,98.58,0.399,4
-117.845591,33.653523,98.81,0.394,4
-117.845291,33.653523,99.5,0.293,4
-117.844991,33.653523,101.08,0.46,4
-117.844691,33.653523,101.31,0.522,4
-117.844391,33.653523,101.54,0.515,4
-117.844091,33.653523,101.74,0.391,4
-117.843791,33.653523,101.72,0.213,4
-117.843491,33.653523,101.65,0.107,4
-117.843191,33.653523,101.62,0.163,4
-117.842891,33.653523,101.34,0.382,4
-117.842591,33.653523,101.24,0.556,4
-117.842291,33.653523,101.78,0.506,4
-117.841991,33.653523,102.73,0.353,4
-117.84169,33.653523,104.07,0.277,4
-117.84139,33.653523,105.28,0.241,4
-117.84109,33.653523,105.84,0.225,4
-117.84079,33.653523,106.32,0.235,4
-117.84049,33.653523,106.05,0.337,4
-117.84019,33.653523,105.72,0.457,4
-117.83989,33.653523,105,0.336,4
-117.83959,33.653523,104.61,0.231,4
-117.83929,33.653523,104.43,0.293,4
-117.83899,33.653523,104.61,0.346,4
-117.83869,33.653523,104.88,0.272,4
-117.83839,33.653523,105.09,0.195,4
-117.83809,33.653523,105.2,0.215,4
-117.83779,33.653523,105.14,0.257,4
-117.83749,33.653523,105.2,0.272,4
-117.83719,33.653523,105.09,0.259,4
-117.83689,33.653523,104.74,0.206,4
-117.836589,33.653523,104.07,0.269,4
-117.836289,33.653523,103.19,0.359,4
-117.835989,33.653523,101.8,0.288,4
-117.835689,33.653523,100.66,0.248,4
-117.835389,33.653523,99.68,0.283,4
-117.835089,33.653523,98.69,0.331,4
-117.834789,33.653523,97.67,0.307,4
-117.834489,33.653523,96.66,0.326,4
-117.834189,33.653523,95.78,0.477,4
-117.833889,33.653523,94.97,0.651,4
-117.833589,33.653523,94.09,0.743,4
-117.833289,33.653523,93.66,0.778,4
-117.832989,33.653523,93.82,0.752,4
-117.832689,33.653523,94.82,0.75,4
-117.832389,33.653523,96.42,0.683,4
-117.832089,33.653523,97.63,0.448,4
-117.831789,33.653523,98.12,0.346,4
-117.831488,33.653523,98.16,0.516,4
-117.831188,33.653523,97.93,0.71,4
-117.830888,33.653523,97.04,0.798,4
-117.830588,33.653523,95.75,0.818,4
-117.830288,33.653523,94.59,0.824,4
-117.829988,33.653523,94.1,0.827,4
-117.829688,33.653523,94.47,0.809,4
-117.829388,33.653523,95.32,0.763,4
-117.829088,33.653523,96.44,0.71,4
-117.828788,33.653523,97.49,0.521,4
-117.828488,33.653523,98.38,0.34,4
-117.828188,33.653523,98.61,0.381,4
-117.827888,33.653523,98.78,0.537,4
-117.827588,33.653523,99.04,0.601,4
-117.827288,33.653523,99.4,0.555,4
-117.826988,33.653523,99.85,0.412,4
-117.826687,33.653523,100.41,0.301,4
-117.826387,33.653523,100.93,0.298,4
-117.826087,33.653523,101.59,0.448,4
-117.825787,33.653523,102.8,0.65,4
-117.825487,33.653523,104.91,0.569,4
-117.825187,33.653523,107.47,0.174,4
-117.824887,33.653523,108.81,0.198,4
-117.824587,33.653523,109.43,0.46,4
-117.824287,33.653523,108.98,0.248,4
-117.823987,33.653523,105.75,0.319,4
-117.823687,33.653523,102.84,0.687,4
-117.823387,33.653523,99.98,0.771,4
-117.823087,33.653523,98.99,0.718,4
-117.822787,33.653523,99.17,0.672,4
-117.822487,33.653523,100.06,0.636,4
-117.822187,33.653523,101.41,0.653,4
-117.821887,33.653523,102.23,0.688,4
-117.862095,33.653223,105.42,0.28,4
-117.861794,33.653223,105.4,0.296,4
-117.861494,33.653223,105.26,0.28,4
-117.861194,33.653223,105.09,0.317,4
-117.860894,33.653223,105.46,0.323,4
-117.860594,33.653223,105.81,0.33,4
-117.860294,33.653223,106.38,0.285,4
-117.859994,33.653223,107.22,0.244,4
-117.859694,33.653223,108.19,0.245,4
-117.859394,33.653223,109.21,0.262,4
-117.859094,33.653223,110.1,0.267,4
-117.858794,33.653223,110.72,0.26,4
-117.858494,33.653223,111.03,0.256,4
-117.858194,33.653223,110.93,0.264,4
-117.857894,33.653223,110.52,0.258,4
-117.857594,33.653223,110.29,0.27,4
-117.857294,33.653223,110.01,0.235,4
-117.856993,33.653223,109.61,0.219,4
-117.856693,33.653223,109.01,0.245,4
-117.856393,33.653223,107.98,0.251,4
-117.856093,33.653223,106.48,0.253,4
-117.855793,33.653223,104.61,0.259,4
-117.855493,33.653223,102.52,0.274,4
-117.855193,33.653223,100.4,0.332,4
-117.854893,33.653223,98.55,0.411,4
-117.854593,33.653223,96.92,0.448,4
-117.854293,33.653223,95.2,0.463,4
-117.853993,33.653223,93.87,0.537,4
-117.853693,33.653223,93.26,0.569,4
-117.853393,33.653223,92.52,0.558,4
-117.853093,33.653223,92.09,0.507,4
-117.852793,33.653223,90.28,0.558,4
-117.852493,33.653223,89.96,0.619,4
-117.852193,33.653223,89.91,0.622,4
-117.851892,33.653223,90.02,0.586,4
-117.851592,33.653223,90.32,0.503,4
-117.851292,33.653223,90.9,0.399,4
-117.850992,33.653223,92.02,0.356,4
-117.850692,33.653223,93.37,0.38,4
-117.850392,33.653223,94.29,0.435,4
-117.850092,33.653223,94.95,0.516,4
-117.849792,33.653223,95.6,0.503,4
-117.849492,33.653223,95.65,0.417,4
-117.849192,33.653223,95.12,0.382,4
-117.848892,33.653223,94.9,0.442,4
-117.848592,33.653223,94.5,0.523,4
-117.848292,33.653223,94.18,0.592,4
-117.847992,33.653223,93.3,0.647,4
-117.847692,33.653223,93.71,0.527,4
-117.847392,33.653223,94.81,0.444,4
-117.847092,33.653223,96.05,0.39,4
-117.846791,33.653223,97.45,0.311,4
-117.846491,33.653223,98.59,0.275,4
-117.846191,33.653223,99.24,0.292,4
-117.845891,33.653223,99.87,0.289,4
-117.845591,33.653223,100.2,0.296,4
-117.845291,33.653223,100.51,0.314,4
-117.844991,33.653223,102.04,0.501,4
-117.844691,33.653223,102.34,0.471,4
-117.844391,33.653223,102.72,0.449,4
-117.844091,33.653223,103.06,0.442,4
-117.843791,33.653223,103.17,0.393,4
-117.843491,33.653223,103.17,0.22,4
-117.843191,33.653223,103.08,0.12,4
-117.842891,33.653223,102.59,0.203,4
-117.842591,33.653223,102.23,0.389,4
-117.842291,33.653223,102.59,0.466,4
-117.841991,33.653223,103.39,0.348,4
-117.84169,33.653223,104.52,0.273,4
-117.84139,33.653223,105.52,0.242,4
-117.84109,33.653223,106.03,0.252,4
-117.84079,33.653223,106.69,0.298,4
-117.84049,33.653223,106.38,0.341,4
-117.84019,33.653223,105.86,0.386,4
-117.83989,33.653223,104.92,0.289,4
-117.83959,33.653223,104.38,0.261,4
-117.83929,33.653223,104.12,0.364,4
-117.83899,33.653223,104.26,0.422,4
-117.83869,33.653223,104.53,0.373,4
-117.83839,33.653223,104.77,0.306,4
-117.83809,33.653223,104.94,0.266,4
-117.83779,33.653223,104.99,0.238,4
-117.83749,33.653223,105.25,0.251,4
-117.83719,33.653223,105.45,0.306,4
-117.83689,33.653223,105.51,0.254,4
-117.836589,33.653223,105.31,0.271,4
-117.836289,33.653223,104.74,0.325,4
-117.835989,33.653223,103.57,0.268,4
-117.835689,33.653223,102.58,0.272,4
-117.835389,33.653223,101.67,0.324,4
-117.835089,33.653223,100.74,0.331,4
-117.834789,33.653223,99.8,0.31,4
-117.834489,33.653223,98.8,0.285,4
-117.834189,33.653223,97.77,0.313,4
-117.833889,33.653223,96.67,0.458,4
-117.833589,33.653223,95.59,0.634,4
-117.833289,33.653223,95.27,0.687,4
-117.832989,33.653223,95.41,0.726,4
-117.832689,33.653223,96.67,0.697,4
-117.832389,33.653223,98.25,0.55,4
-117.832089,33.653223,99.45,0.309,4
-117.831789,33.653223,99.94,0.224,4
-117.831488,33.653223,100.04,0.302,4
-117.831188,33.653223,99.78,0.511,4
-117.830888,33.653223,98.66,0.666,4
-117.830588,33.653223,97.05,0.739,4
-117.830288,33.653223,95.61,0.779,4
-117.829988,33.653223,94.79,0.802,4
-117.829688,33.653223,94.88,0.787,4
-117.829388,33.653223,95.83,0.719,4
-117.829088,33.653223,97.19,0.641,4
-117.828788,33.653223,98.54,0.579,4
-117.828488,33.653223,99.55,0.535,4
-117.828188,33.653223,100.1,0.538,4
-117.827888,33.653223,100.44,0.515,4
-117.827588,33.653223,100.64,0.514,4
-117.827288,33.653223,100.83,0.481,4
-117.826988,33.653223,101.09,0.504,4
-117.826687,33.653223,101.43,0.475,4
-117.826387,33.653223,101.8,0.438,4
-117.826087,33.653223,102.34,0.558,4
-117.825787,33.653223,103.47,0.742,4
-117.825487,33.653223,105.35,0.678,4
-117.825187,33.653223,107.38,0.347,4
-117.824887,33.653223,109,0.118,4
-117.824587,33.653223,110,0.281,4
-117.824287,33.653223,109.42,0.258,4
-117.823987,33.653223,106.59,0.265,4
-117.823687,33.653223,103.64,0.596,4
-117.823387,33.653223,101.16,0.764,4
-117.823087,33.653223,100.46,0.755,4
-117.822787,33.653223,100.77,0.636,4
-117.822487,33.653223,101.65,0.537,4
-117.822187,33.653223,102.53,0.558,4
-117.821887,33.653223,103.11,0.642,4
-117.862095,33.652923,105.18,0.216,4
-117.861794,33.652923,105.44,0.28,4
-117.861494,33.652923,105.54,0.259,4
-117.861194,33.652923,105.5,0.299,4
-117.860894,33.652923,105.69,0.291,4
-117.860594,33.652923,105.68,0.24,4
-117.860294,33.652923,105.81,0.291,4
-117.859994,33.652923,106.12,0.292,4
-117.859694,33.652923,106.79,0.269,4
-117.859394,33.652923,107.77,0.261,4
-117.859094,33.652923,108.68,0.255,4
-117.858794,33.652923,109.36,0.247,4
-117.858494,33.652923,109.94,0.246,4
-117.858194,33.652923,110.17,0.262,4
-117.857894,33.652923,110.03,0.245,4
-117.857594,33.652923,109.9,0.254,4
-117.857294,33.652923,109.69,0.255,4
-117.856993,33.652923,109.4,0.234,4
-117.856693,33.652923,109,0.234,4
-117.856393,33.652923,108.39,0.219,4
-117.856093,33.652923,107.56,0.222,4
-117.855793,33.652923,106.1,0.24,4
-117.855493,33.652923,104.13,0.253,4
-117.855193,33.652923,102,0.273,4
-117.854893,33.652923,99.92,0.336,4
-117.854593,33.652923,97.88,0.437,4
-117.854293,33.652923,95.8,0.523,4
-117.853993,33.652923,93.98,0.584,4
-117.853693,33.652923,92.65,0.609,4
-117.853393,33.652923,91.75,0.62,4
-117.853093,33.652923,91.4,0.573,4
-117.852793,33.652923,90.62,0.552,4
-117.852493,33.652923,90.65,0.554,4
-117.852193,33.652923,90.81,0.523,4
-117.851892,33.652923,90.99,0.483,4
-117.851592,33.652923,91.21,0.447,4
-117.851292,33.652923,91.56,0.398,4
-117.850992,33.652923,92.09,0.368,4
-117.850692,33.652923,92.68,0.396,4
-117.850392,33.652923,93.12,0.434,4
-117.850092,33.652923,93.38,0.415,4
-117.849792,33.652923,93.26,0.402,4
-117.849492,33.652923,93.11,0.409,4
-117.849192,33.652923,92.71,0.51,4
-117.848892,33.652923,93.36,0.548,4
-117.848592,33.652923,93.64,0.567,4
-117.848292,33.652923,94.06,0.621,4
-117.847992,33.652923,94.77,0.625,4
-117.847692,33.652923,95.78,0.479,4
-117.847392,33.652923,97.06,0.295,4
-117.847092,33.652923,98.26,0.261,4
-117.846791,33.652923,99.27,0.359,4
-117.846491,33.652923,100.06,0.398,4
-117.846191,33.652923,100.66,0.347,4
-117.845891,33.652923,101.28,0.403,4
-117.845591,33.652923,101.56,0.502,4
-117.845291,33.652923,101.8,0.464,4
-117.844991,33.652923,102.23,0.486,4
-117.844691,33.652923,102.61,0.368,4
-117.844391,33.652923,103.15,0.233,4
-117.844091,33.652923,103.67,0.224,4
-117.843791,33.652923,103.42,0.363,4
-117.843491,33.652923,103.31,0.406,4
-117.843191,33.652923,103.24,0.266,4
-117.842891,33.652923,103.22,0.158,4
-117.842591,33.652923,103.31,0.246,4
-117.842291,33.652923,103.51,0.424,4
-117.841991,33.652923,104.04,0.453,4
-117.84169,33.652923,104.86,0.282,4
-117.84139,33.652923,105.68,0.255,4
-117.84109,33.652923,106.22,0.235,4
-117.84079,33.652923,107.22,0.312,4
-117.84049,33.652923,107,0.263,4
-117.84019,33.652923,106.52,0.237,4
-117.83989,33.652923,106.08,0.295,4
-117.83959,33.652923,105.65,0.369,4
-117.83929,33.652923,105.35,0.482,4
-117.83899,33.652923,104.78,0.454,4
-117.83869,33.652923,104.45,0.369,4
-117.83839,33.652923,104.61,0.379,4
-117.83809,33.652923,104.7,0.396,4
-117.83779,33.652923,104.69,0.339,4
-117.83749,33.652923,104.98,0.318,4
-117.83719,33.652923,105.31,0.258,4
-117.83689,33.652923,105.57,0.254,4
-117.836589,33.652923,105.65,0.252,4
-117.836289,33.652923,105.31,0.288,4
-117.835989,33.652923,104.76,0.31,4
-117.835689,33.652923,104.01,0.34,4
-117.835389,33.652923,103.22,0.371,4
-117.835089,33.652923,101.96,0.285,4
-117.834789,33.652923,100.87,0.228,4
-117.834489,33.652923,99.96,0.268,4
-117.834189,33.652923,98.79,0.283,4
-117.833889,33.652923,97.39,0.33,4
-117.833589,33.652923,96.08,0.542,4
-117.833289,33.652923,95.61,0.578,4
-117.832989,33.652923,95.81,0.642,4
-117.832689,33.652923,98.84,0.555,4
-117.832389,33.652923,100.27,0.375,4
-117.832089,33.652923,101.39,0.256,4
-117.831789,33.652923,101.98,0.196,4
-117.831488,33.652923,102.26,0.204,4
-117.831188,33.652923,102.07,0.31,4
-117.830888,33.652923,100.75,0.449,4
-117.830588,33.652923,98.91,0.568,4
-117.830288,33.652923,97.34,0.649,4
-117.829988,33.652923,95.87,0.682,4
-117.829688,33.652923,94.94,0.659,4
-117.829388,33.652923,95.89,0.597,4
-117.829088,33.652923,97.39,0.539,4
-117.828788,33.652923,99.86,0.475,4
-117.828488,33.652923,101.09,0.469,4
-117.828188,33.652923,101.93,0.409,4
-117.827888,33.652923,102.3,0.402,4
-117.827588,33.652923,102.47,0.326,4
-117.827288,33.652923,102.46,0.288,4
-117.826988,33.652923,102.45,0.308,4
-117.826687,33.652923,102.54,0.451,4
-117.826387,33.652923,102.64,0.497,4
-117.826087,33.652923,103.13,0.48,4
-117.825787,33.652923,104.33,0.534,4
-117.825487,33.652923,105.86,0.547,4
-117.825187,33.652923,107.4,0.453,4
-117.824887,33.652923,108.79,0.138,4
-117.824587,33.652923,109.7,0.122,4
-117.824287,33.652923,109.11,0.194,4
-117.823987,33.652923,107.59,0.252,4
-117.823687,33.652923,104.99,0.572,4
-117.823387,33.652923,103.2,0.744,4
-117.823087,33.652923,102.62,0.692,4
-117.822787,33.652923,102.94,0.547,4
-117.822487,33.652923,103.8,0.422,4
-117.822187,33.652923,104.31,0.372,4
-117.862395,33.652623,103.31,0.183,4
-117.862095,33.652623,104.07,0.151,4
-117.861794,33.652623,104.61,0.247,4
-117.861494,33.652623,104.97,0.252,4
-117.861194,33.652623,105,0.247,4
-117.860894,33.652623,105,0.279,4
-117.860594,33.652623,104.81,0.175,4
-117.860294,33.652623,104.64,0.257,4
-117.859994,33.652623,104.53,0.341,4
-117.859694,33.652623,104.9,0.356,4
-117.859394,33.652623,105.82,0.314,4
-117.859094,33.652623,106.74,0.249,4
-117.858794,33.652623,107.46,0.215,4
-117.858494,33.652623,108.24,0.212,4
-117.858194,33.652623,108.68,0.22,4
-117.857894,33.652623,108.85,0.231,4
-117.857594,33.652623,108.83,0.216,4
-117.857294,33.652623,108.68,0.246,4
-117.856993,33.652623,108.43,0.248,4
-117.856693,33.652623,108.13,0.224,4
-117.856393,33.652623,107.72,0.202,4
-117.856093,33.652623,107.41,0.186,4
-117.855793,33.652623,106.56,0.199,4
-117.855493,33.652623,105.07,0.214,4
-117.855193,33.652623,103.21,0.224,4
-117.854893,33.652623,101.11,0.268,4
-117.854593,33.652623,98.89,0.372,4
-117.854293,33.652623,96.65,0.503,4
-117.853993,33.652623,94.58,0.594,4
-117.853693,33.652623,92.83,0.607,4
-117.853393,33.652623,91.68,0.609,4
-117.853093,33.652623,91.26,0.55,4
-117.852793,33.652623,90.97,0.503,4
-117.852493,33.652623,91.15,0.49,4
-117.852193,33.652623,91.45,0.465,4
-117.851892,33.652623,91.68,0.426,4
-117.851592,33.652623,91.8,0.41,4
-117.851292,33.652623,91.87,0.387,4
-117.850992,33.652623,91.91,0.36,4
-117.850692,33.652623,91.96,0.368,4
-117.850392,33.652623,92.14,0.407,4
-117.850092,33.652623,92.21,0.459,4
-117.849792,33.652623,91.6,0.517,4
-117.849492,33.652623,91.79,0.532,4
-117.849192,33.652623,92.3,0.481,4
-117.848892,33.652623,93.38,0.594,4
-117.848592,33.652623,94.04,0.658,4
-117.848292,33.652623,94.86,0.622,4
-117.847992,33.652623,96.48,0.466,4
-117.847692,33.652623,97.7,0.341,4
-117.847392,33.652623,98.61,0.337,4
-117.847092,33.652623,99.34,0.452,4
-117.846791,33.652623,99.91,0.558,4
-117.846491,33.652623,100.4,0.489,4
-117.846191,33.652623,100.88,0.344,4
-117.845891,33.652623,101.4,0.416,4
-117.845591,33.652623,101.63,0.463,4
-117.845291,33.652623,101.88,0.455,4
-117.844991,33.652623,102.04,0.391,4
-117.844691,33.652623,102.5,0.358,4
-117.844391,33.652623,103.12,0.252,4
-117.844091,33.652623,103.81,0.246,4
-117.843791,33.652623,103.64,0.42,4
-117.843491,33.652623,103.63,0.541,4
-117.843191,33.652623,103.72,0.436,4
-117.842891,33.652623,103.9,0.231,4
-117.842591,33.652623,104.07,0.189,4
-117.842291,33.652623,104.1,0.367,4
-117.841991,33.652623,104.38,0.485,4
-117.84169,33.652623,104.91,0.343,4
-117.84139,33.652623,105.51,0.353,4
-117.84109,33.652623,105.98,0.277,4
-117.84079,33.652623,107.02,0.291,4
-117.84049,33.652623,106.94,0.247,4
-117.84019,33.652623,106.64,0.222,4
-117.83989,33.652623,106.41,0.369,4
-117.83959,33.652623,106.08,0.445,4
-117.83929,33.652623,105.81,0.408,4
-117.83899,33.652623,105.21,0.302,4
-117.83869,33.652623,104.8,0.221,4
-117.83839,33.652623,104.91,0.256,4
-117.83809,33.652623,104.9,0.367,4
-117.83779,33.652623,104.77,0.431,4
-117.83749,33.652623,104.97,0.427,4
-117.83719,33.652623,105.27,0.324,4
-117.83689,33.652623,105.57,0.303,4
-117.836589,33.652623,105.65,0.256,4
-117.836289,33.652623,105.43,0.294,4
-117.835989,33.652623,105.07,0.358,4
-117.835689,33.652623,104.48,0.325,4
-117.835389,33.652623,103.72,0.302,4
-117.835089,33.652623,102.46,0.258,4
-117.834789,33.652623,101.45,0.205,4
-117.834489,33.652623,100.73,0.244,4
-117.834189,33.652623,99.88,0.288,4
-117.833889,33.652623,98.99,0.287,4
-117.833589,33.652623,98.14,0.416,4
-117.833289,33.652623,97.73,0.452,4
-117.832989,33.652623,98,0.525,4
-117.832689,33.652623,100.78,0.384,4
-117.832389,33.652623,102.02,0.388,4
-117.832089,33.652623,103.05,0.263,4
-117.831789,33.652623,103.78,0.215,4
-117.831488,33.652623,104.23,0.201,4
-117.831188,33.652623,104.1,0.197,4
-117.830888,33.652623,102.88,0.262,4
-117.830588,33.652623,101.16,0.385,4
-117.830288,33.652623,99.69,0.497,4
-117.829988,33.652623,98.33,0.543,4
-117.829688,33.652623,97.38,0.521,4
-117.829388,33.652623,97.95,0.475,4
-117.829088,33.652623,99,0.433,4
-117.828788,33.652623,101.11,0.405,4
-117.828488,33.652623,102.35,0.309,4
-117.828188,33.652623,103.48,0.302,4
-117.827888,33.652623,103.52,0.244,4
-117.827588,33.652623,103.74,0.245,4
-117.827288,33.652623,103.7,0.277,4
-117.826988,33.652623,103.52,0.294,4
-117.826687,33.652623,103.43,0.389,4
-117.826387,33.652623,103.35,0.452,4
-117.826087,33.652623,104.04,0.399,4
-117.825787,33.652623,105.44,0.359,4
-117.825487,33.652623,106.46,0.413,4
-117.825187,33.652623,107.57,0.398,4
-117.824887,33.652623,108.32,0.204,4
-117.824587,33.652623,108.78,0.109,4
-117.824287,33.652623,108.64,0.205,4
-117.823987,33.652623,108.32,0.224,4
-117.823687,33.652623,106.32,0.49,4
-117.823387,33.652623,105.22,0.558,4
-117.823087,33.652623,104.7,0.455,4
-117.822787,33.652623,105.04,0.287,4
-117.822487,33.652623,105.91,0.18,4
-117.822187,33.652623,106.4,0.151,4
-117.862395,33.652323,101.01,0.139,4
-117.862095,33.652323,101.84,0.154,4
-117.861794,33.652323,102.55,0.172,4
-117.861494,33.652323,103.04,0.258,4
-117.861194,33.652323,103.21,0.224,4
-117.860894,33.652323,103.21,0.203,4
-117.860594,33.652323,102.99,0.136,4
-117.860294,33.652323,102.76,0.161,4
-117.859994,33.652323,102.58,0.302,4
-117.859694,33.652323,102.87,0.371,4
-117.859394,33.652323,103.69,0.32,4
-117.859094,33.652323,104.55,0.241,4
-117.858794,33.652323,105.24,0.195,4
-117.858494,33.652323,105.9,0.187,4
-117.858194,33.652323,106.24,0.175,4
-117.857894,33.652323,106.47,0.209,4
-117.857594,33.652323,106.65,0.197,4
-117.857294,33.652323,106.69,0.231,4
-117.856993,33.652323,106.53,0.232,4
-117.856693,33.652323,106.3,0.213,4
-117.856393,33.652323,105.87,0.202,4
-117.856093,33.652323,105.57,0.187,4
-117.855793,33.652323,104.99,0.189,4
-117.855493,33.652323,103.99,0.192,4
-117.855193,33.652323,103.56,0.201,4
-117.854893,33.652323,102.39,0.234,3
-117.854593,33.652323,99.33,0.29,4
-117.854293,33.652323,97.25,0.392,4
-117.853993,33.652323,95.27,0.54,4
-117.853693,33.652323,93.49,0.576,4
-117.853393,33.652323,92.06,0.522,4
-117.853093,33.652323,91.42,0.455,4
-117.852793,33.652323,91.1,0.429,4
-117.852493,33.652323,91.24,0.42,4
-117.852193,33.652323,91.46,0.421,4
-117.851892,33.652323,91.56,0.411,4
-117.851592,33.652323,91.65,0.403,4
-117.851292,33.652323,91.72,0.401,4
-117.850992,33.652323,91.74,0.426,4
-117.850692,33.652323,91.79,0.496,4
-117.850392,33.652323,91.99,0.564,4
-117.850092,33.652323,92.17,0.573,4
-117.849792,33.652323,91.97,0.581,4
-117.849492,33.652323,92.39,0.618,4
-117.849192,33.652323,92.98,0.639,4
-117.848892,33.652323,94.95,0.607,4
-117.848592,33.652323,95.97,0.495,4
-117.848292,33.652323,96.71,0.361,4
-117.847992,33.652323,98.11,0.312,4
-117.847692,33.652323,98.98,0.379,4
-117.847392,33.652323,99.45,0.509,4
-117.847092,33.652323,99.8,0.538,4
-117.846791,33.652323,100.01,0.488,4
-117.846491,33.652323,100.14,0.383,4
-117.846191,33.652323,100.35,0.209,4
-117.845891,33.652323,100.76,0.264,4
-117.845591,33.652323,100.88,0.406,4
-117.845291,33.652323,101.1,0.394,4
-117.844991,33.652323,101.43,0.333,4
-117.844691,33.652323,102.02,0.381,4
-117.844391,33.652323,102.69,0.419,4
-117.844091,33.652323,103.46,0.371,4
-117.843791,33.652323,103.44,0.378,4
-117.843491,33.652323,103.61,0.442,4
-117.843191,33.652323,103.89,0.455,4
-117.842891,33.652323,104.25,0.358,4
-117.842591,33.652323,104.48,0.289,4
-117.842291,33.652323,104.4,0.363,4
-117.841991,33.652323,104.48,0.44,4
-117.84169,33.652323,104.79,0.391,4
-117.84139,33.652323,105.16,0.344,4
-117.84109,33.652323,105.51,0.333,4
-117.84079,33.652323,106.65,0.275,4
-117.84049,33.652323,106.77,0.29,4
-117.84019,33.652323,106.74,0.267,4
-117.83989,33.652323,106.76,0.382,4
-117.83959,33.652323,106.61,0.419,4
-117.83929,33.652323,106.46,0.317,4
-117.83899,33.652323,105.89,0.23,4
-117.83869,33.652323,105.47,0.211,4
-117.83839,33.652323,105.54,0.217,4
-117.83809,33.652323,105.44,0.251,4
-117.83779,33.652323,105.19,0.326,4
-117.83749,33.652323,105.26,0.39,4
-117.83719,33.652323,105.43,0.35,4
-117.83689,33.652323,105.62,0.254,4
-117.836589,33.652323,105.68,0.238,4
-117.836289,33.652323,105.52,0.206,4
-117.835989,33.652323,105.29,0.222,4
-117.835689,33.652323,104.79,0.276,4
-117.835389,33.652323,104.04,0.343,4
-117.835089,33.652323,102.65,0.34,4
-117.834789,33.652323,101.52,0.332,4
-117.834489,33.652323,100.98,0.364,4
-117.834189,33.652323,100.56,0.371,4
-117.833889,33.652323,100.23,0.361,4
-117.833589,33.652323,100.07,0.412,4
-117.833289,33.652323,100.06,0.427,4
-117.832989,33.652323,100.53,0.381,4
-117.832689,33.652323,102.93,0.256,4
-117.832389,33.652323,103.79,0.283,4
-117.832089,33.652323,104.57,0.249,4
-117.831789,33.652323,105.29,0.248,4
-117.831488,33.652323,105.7,0.237,4
-117.831188,33.652323,105.54,0.23,4
-117.830888,33.652323,104.5,0.261,4
-117.830588,33.652323,103.16,0.324,4
-117.830288,33.652323,102.02,0.371,4
-117.829988,33.652323,100.76,0.406,4
-117.829688,33.652323,99.6,0.445,4
-117.829388,33.652323,99.77,0.402,4
-117.829088,33.652323,100.5,0.31,4
-117.828788,33.652323,102.14,0.294,4
-117.828488,33.652323,103.21,0.256,4
-117.828188,33.652323,104.3,0.309,4
-117.827888,33.652323,104.34,0.298,4
-117.827588,33.652323,104.62,0.329,4
-117.827288,33.652323,104.68,0.376,4
-117.826988,33.652323,104.51,0.379,4
-117.826687,33.652323,104.37,0.355,4
-117.826387,33.652323,104.29,0.396,4
-117.826087,33.652323,104.89,0.409,4
-117.825787,33.652323,106.03,0.394,4
-117.825487,33.652323,106.64,0.486,4
-117.825187,33.652323,107.38,0.423,4
-117.824887,33.652323,107.75,0.259,4
-117.824587,33.652323,108.07,0.126,4
-117.824287,33.652323,107.82,0.079,4
-117.823987,33.652323,107.41,0.111,4
-117.823687,33.652323,106.09,0.258,4
-117.823387,33.652323,105.61,0.262,4
-117.823087,33.652323,105.58,0.204,4
-117.822787,33.652323,106.21,0.115,4
-117.822487,33.652323,107.11,0.068,4
-117.822187,33.652323,107.55,0.064,4
-117.862395,33.652023,98.4,0.126,4
-117.862095,33.652023,99.17,0.191,4
-117.861794,33.652023,99.78,0.129,4
-117.861494,33.652023,100.26,0.283,4
-117.861194,33.652023,100.45,0.31,4
-117.860894,33.652023,100.63,0.293,4
-117.860594,33.652023,100.52,0.212,4
-117.860294,33.652023,100.39,0.14,4
-117.859994,33.652023,100.35,0.246,4
-117.859694,33.652023,100.66,0.322,4
-117.859394,33.652023,101.37,0.276,4
-117.859094,33.652023,102.09,0.225,4
-117.858794,33.652023,102.59,0.22,4
-117.858494,33.652023,103.05,0.233,4
-117.858194,33.652023,103.27,0.234,4
-117.857894,33.652023,103.38,0.237,4
-117.857594,33.652023,103.49,0.235,4
-117.857294,33.652023,103.43,0.25,4
-117.856993,33.652023,103.21,0.227,4
-117.856693,33.652023,102.97,0.215,4
-117.856393,33.652023,102.69,0.222,4
-117.856093,33.652023,102.56,0.228,4
-117.855793,33.652023,102.14,0.222,4
-117.855493,33.652023,102.54,0.215,3
-117.855193,33.652023,102.88,0.226,3
-117.854893,33.652023,101.78,0.239,3
-117.854593,33.652023,99.51,0.236,3
-117.854293,33.652023,96.29,0.268,4
-117.853993,33.652023,94.85,0.355,4
-117.853693,33.652023,93.7,0.413,4
-117.853393,33.652023,92.47,0.401,4
-117.853093,33.652023,91.73,0.342,4
-117.852793,33.652023,91.21,0.358,4
-117.852493,33.652023,91.21,0.398,4
-117.852193,33.652023,91.54,0.422,4
-117.851892,33.652023,91.79,0.486,4
-117.851592,33.652023,91.88,0.544,4
-117.851292,33.652023,91.98,0.579,4
-117.850992,33.652023,92.25,0.586,4
-117.850692,33.652023,92.72,0.542,4
-117.850392,33.652023,93.32,0.521,4
-117.850092,33.652023,93.79,0.623,4
-117.849792,33.652023,93.69,0.65,4
-117.849492,33.652023,94.69,0.58,4
-117.849192,33.652023,96.03,0.418,4
-117.848892,33.652023,97.51,0.317,4
-117.848592,33.652023,98.41,0.294,4
-117.848292,33.652023,98.71,0.293,4
-117.847992,33.652023,99.51,0.36,4
-117.847692,33.652023,99.86,0.512,4
-117.847392,33.652023,99.88,0.586,4
-117.847092,33.652023,99.95,0.568,4
-117.846791,33.652023,100.01,0.526,4
-117.846491,33.652023,99.98,0.458,4
-117.846191,33.652023,100.07,0.383,4
-117.845891,33.652023,100.38,0.387,4
-117.845591,33.652023,100.4,0.5,4
-117.845291,33.652023,100.48,0.427,4
-117.844991,33.652023,100.7,0.42,4
-117.844691,33.652023,101.25,0.441,4
-117.844391,33.652023,101.91,0.385,4
-117.844091,33.652023,102.7,0.38,4
-117.843791,33.652023,102.72,0.343,4
-117.843491,33.652023,102.98,0.353,4
-117.843191,33.652023,103.42,0.425,4
-117.842891,33.652023,103.93,0.426,4
-117.842591,33.652023,104.32,0.373,4
-117.842291,33.652023,104.32,0.393,4
-117.841991,33.652023,104.33,0.427,4
-117.84169,33.652023,104.46,0.378,4
-117.84139,33.652023,104.62,0.25,4
-117.84109,33.652023,104.95,0.277,4
-117.84079,33.652023,106.24,0.351,4
-117.84049,33.652023,106.61,0.357,4
-117.84019,33.652023,106.94,0.299,4
-117.83989,33.652023,107.31,0.308,4
-117.83959,33.652023,107.4,0.325,4
-117.83929,33.652023,107.33,0.312,4
-117.83899,33.652023,106.69,0.291,4
-117.83869,33.652023,106.11,0.297,4
-117.83839,33.652023,106.09,0.305,4
-117.83809,33.652023,105.94,0.285,4
-117.83779,33.652023,105.62,0.287,4
-117.83749,33.652023,105.6,0.339,4
-117.83719,33.652023,105.62,0.326,4
-117.83689,33.652023,105.67,0.241,4
-117.836589,33.652023,105.68,0.301,4
-117.836289,33.652023,105.59,0.292,4
-117.835989,33.652023,105.45,0.258,4
-117.835689,33.652023,105.04,0.263,4
-117.835389,33.652023,104.36,0.296,4
-117.835089,33.652023,102.91,0.365,4
-117.834789,33.652023,101.7,0.469,4
-117.834489,33.652023,101.4,0.489,4
-117.834189,33.652023,101.54,0.398,4
-117.833889,33.652023,101.73,0.325,4
-117.833589,33.652023,102.03,0.297,4
-117.833289,33.652023,102.31,0.292,4
-117.832989,33.652023,102.8,0.298,4
-117.832689,33.652023,104.85,0.28,4
-117.832389,33.652023,105.33,0.245,4
-117.832089,33.652023,105.79,0.299,4
-117.831789,33.652023,106.3,0.287,4
-117.831488,33.652023,106.61,0.259,4
-117.831188,33.652023,106.45,0.269,4
-117.830888,33.652023,105.55,0.292,4
-117.830588,33.652023,104.48,0.314,4
-117.830288,33.652023,103.58,0.322,4
-117.829988,33.652023,102.4,0.33,4
-117.829688,33.652023,101.08,0.364,4
-117.829388,33.652023,100.84,0.386,4
-117.829088,33.652023,101.2,0.4,4
-117.828788,33.652023,102.75,0.447,4
-117.828488,33.652023,103.64,0.407,4
-117.828188,33.652023,104.57,0.266,4
-117.827888,33.652023,104.56,0.266,4
-117.827588,33.652023,104.82,0.35,4
-117.827288,33.652023,104.99,0.378,4
-117.826988,33.652023,104.97,0.372,4
-117.826687,33.652023,104.89,0.351,4
-117.826387,33.652023,104.85,0.359,4
-117.826087,33.652023,105.39,0.392,4
-117.825787,33.652023,106.34,0.418,4
-117.825487,33.652023,106.75,0.436,4
-117.825187,33.652023,107.19,0.357,4
-117.824887,33.652023,107.19,0.145,4
-117.824587,33.652023,107.28,0.068,4
-117.824287,33.652023,106.63,0.043,4
-117.823987,33.652023,106.39,0.038,4
-117.823687,33.652023,105.65,0.117,4
-117.823387,33.652023,105.63,0.156,4
-117.823087,33.652023,105.93,0.154,4
-117.822787,33.652023,106.72,0.124,4
-117.862695,33.651723,95.1,0.309,4
-117.862395,33.651723,96.13,0.184,4
-117.862095,33.651723,96.84,0.223,4
-117.861794,33.651723,97.34,0.197,4
-117.861494,33.651723,97.62,0.332,4
-117.861194,33.651723,97.72,0.543,4
-117.860894,33.651723,97.99,0.524,4
-117.860594,33.651723,98.02,0.421,4
-117.860294,33.651723,98.08,0.227,4
-117.859994,33.651723,98.15,0.246,4
-117.859694,33.651723,98.44,0.402,4
-117.859394,33.651723,99.04,0.453,4
-117.859094,33.651723,99.55,0.407,4
-117.858794,33.651723,99.86,0.392,4
-117.858494,33.651723,100.33,0.371,4
-117.858194,33.651723,100.57,0.325,4
-117.857894,33.651723,100.5,0.335,4
-117.857594,33.651723,100.39,0.364,4
-117.857294,33.651723,100.1,0.345,4
-117.856993,33.651723,99.8,0.323,4
-117.856693,33.651723,99.44,0.328,4
-117.856393,33.651723,99.09,0.362,4
-117.856093,33.651723,98.95,0.384,4
-117.855793,33.651723,98.62,0.376,4
-117.855493,33.651723,98.3,0.387,4
-117.855193,33.651723,98,0.402,4
-117.854893,33.651723,98.34,0.398,4
-117.854593,33.651723,98.26,0.411,3
-117.854293,33.651723,94.86,0.423,4
-117.853993,33.651723,93.85,0.429,4
-117.853693,33.651723,93.16,0.433,4
-117.853393,33.651723,92.9,0.451,4
-117.853093,33.651723,92.5,0.535,4
-117.852793,33.651723,91.97,0.576,4
-117.852493,33.651723,91.89,0.583,4
-117.852193,33.651723,92.23,0.595,4
-117.851892,33.651723,92.9,0.554,4
-117.851592,33.651723,93.62,0.509,4
-117.851292,33.651723,94.12,0.518,4
-117.850992,33.651723,94.44,0.549,4
-117.850692,33.651723,94.94,0.559,4
-117.850392,33.651723,95.85,0.542,4
-117.850092,33.651723,96.79,0.468,4
-117.849792,33.651723,97.26,0.399,4
-117.849492,33.651723,98.4,0.324,4
-117.849192,33.651723,99.35,0.279,4
-117.848892,33.651723,99.99,0.287,4
-117.848592,33.651723,100.45,0.314,4
-117.848292,33.651723,100.39,0.228,4
-117.847992,33.651723,100.6,0.383,4
-117.847692,33.651723,100.43,0.613,4
-117.847392,33.651723,100.15,0.688,4
-117.847092,33.651723,100.05,0.65,4
-117.846791,33.651723,100.02,0.552,4
-117.846491,33.651723,99.97,0.434,4
-117.846191,33.651723,100.03,0.381,4
-117.845891,33.651723,100.3,0.304,4
-117.845591,33.651723,100.2,0.324,4
-117.845291,33.651723,100.09,0.352,4
-117.844991,33.651723,100.13,0.548,4
-117.844691,33.651723,100.53,0.551,4
-117.844391,33.651723,101.1,0.414,4
-117.844091,33.651723,101.83,0.427,4
-117.843791,33.651723,101.84,0.412,4
-117.843491,33.651723,102.09,0.416,4
-117.843191,33.651723,102.62,0.47,4
-117.842891,33.651723,103.28,0.448,4
-117.842591,33.651723,103.82,0.368,4
-117.842291,33.651723,103.94,0.376,4
-117.841991,33.651723,104,0.428,4
-117.84169,33.651723,104.07,0.414,4
-117.84139,33.651723,104.18,0.3,4
-117.84109,33.651723,104.56,0.387,4
-117.84079,33.651723,106.04,0.472,4
-117.84049,33.651723,106.69,0.505,4
-117.84019,33.651723,107.38,0.474,4
-117.83989,33.651723,108.07,0.362,4
-117.83959,33.651723,108.29,0.341,4
-117.83929,33.651723,108.22,0.33,4
-117.83899,33.651723,107.4,0.318,4
-117.83869,33.651723,106.54,0.343,4
-117.83839,33.651723,106.35,0.377,4
-117.83809,33.651723,106.19,0.38,4
-117.83779,33.651723,105.9,0.36,4
-117.83749,33.651723,105.86,0.348,4
-117.83719,33.651723,105.81,0.333,4
-117.83689,33.651723,105.77,0.301,4
-117.836589,33.651723,105.7,0.409,4
-117.836289,33.651723,105.59,0.433,4
-117.835989,33.651723,105.49,0.386,4
-117.835689,33.651723,105.18,0.378,4
-117.835389,33.651723,104.68,0.37,4
-117.835089,33.651723,103.38,0.435,4
-117.834789,33.651723,102.39,0.469,4
-117.834489,33.651723,102.33,0.384,4
-117.834189,33.651723,102.58,0.251,4
-117.833889,33.651723,102.89,0.168,4
-117.833589,33.651723,103.25,0.189,4
-117.833289,33.651723,103.51,0.282,4
-117.832989,33.651723,103.9,0.363,4
-117.832689,33.651723,105.99,0.337,4
-117.832389,33.651723,106.36,0.312,4
-117.832089,33.651723,106.66,0.316,4
-117.831789,33.651723,106.92,0.303,4
-117.831488,33.651723,107.06,0.24,4
-117.831188,33.651723,106.9,0.221,4
-117.830888,33.651723,106.14,0.282,4
-117.830588,33.651723,105.24,0.325,4
-117.830288,33.651723,104.45,0.332,4
-117.829988,33.651723,103.14,0.379,4
-117.829688,33.651723,101.5,0.44,4
-117.829388,33.651723,101.06,0.47,4
-117.829088,33.651723,101.13,0.553,4
-117.828788,33.651723,102.87,0.663,4
-117.828488,33.651723,103.7,0.531,4
-117.828188,33.651723,104.53,0.245,4
-117.827888,33.651723,104.52,0.196,4
-117.827588,33.651723,104.83,0.23,4
-117.827288,33.651723,105.1,0.24,4
-117.826988,33.651723,105.21,0.304,4
-117.826687,33.651723,105.19,0.314,4
-117.826387,33.651723,105.14,0.266,4
-117.826087,33.651723,105.63,0.312,4
-117.825787,33.651723,106.53,0.385,4
-117.825487,33.651723,106.83,0.309,4
-117.825187,33.651723,107.12,0.298,4
-117.824887,33.651723,106.89,0.183,4
-117.824587,33.651723,106.74,0.093,4
-117.824287,33.651723,105.99,0.062,4
-117.823987,33.651723,105.97,0.032,4
-117.823687,33.651723,105.56,0.078,4
-117.823387,33.651723,105.74,0.233,4
-117.823087,33.651723,106.1,0.202,4
-117.822787,33.651723,106.8,0.135,4
-117.862695,33.651423,93.59,0.191,4
-117.862395,33.651423,94.39,0.188,4
-117.862095,33.651423,95.1,0.146,4
-117.861794,33.651423,95.53,0.172,4
-117.861494,33.651423,97.42,0.207,3
-117.861194,33.651423,96.08,0.457,4
-117.860894,33.651423,96.21,0.48,4
-117.860594,33.651423,96.42,0.468,4
-117.860294,33.651423,96.65,0.253,4
-117.859994,33.651423,96.84,0.17,4
-117.859694,33.651423,97.12,0.397,4
-117.859394,33.651423,97.54,0.547,4
-117.859094,33.651423,97.87,0.49,4
-117.858794,33.651423,98.13,0.478,4
-117.858494,33.651423,98.5,0.352,4
-117.858194,33.651423,98.57,0.204,4
-117.857894,33.651423,98.31,0.222,4
-117.857594,33.651423,98.11,0.235,4
-117.857294,33.651423,98.14,0.263,4
-117.856993,33.651423,97.88,0.266,4
-117.856693,33.651423,97.53,0.238,4
-117.856393,33.651423,97.74,0.327,3
-117.856093,33.651423,97.85,0.376,3
-117.855793,33.651423,96.95,0.362,4
-117.855493,33.651423,96.78,0.336,4
-117.855193,33.651423,97.3,0.346,3
-117.854893,33.651423,97.29,0.393,3
-117.854593,33.651423,96.61,0.421,3
-117.854293,33.651423,94.49,0.419,4
-117.853993,33.651423,93.94,0.457,4
-117.853693,33.651423,93.57,0.577,4
-117.853393,33.651423,93.57,0.513,4
-117.853093,33.651423,93.97,0.484,4
-117.852793,33.651423,93.84,0.533,4
-117.852493,33.651423,93.95,0.514,4
-117.852193,33.651423,94.39,0.56,4
-117.851892,33.651423,95.11,0.626,4
-117.851592,33.651423,96.01,0.6,4
-117.851292,33.651423,96.97,0.525,4
-117.850992,33.651423,97.73,0.459,4
-117.850692,33.651423,98.31,0.39,4
-117.850392,33.651423,99.06,0.331,4
-117.850092,33.651423,99.88,0.304,4
-117.849792,33.651423,100.42,0.303,4
-117.849492,33.651423,101.19,0.343,4
-117.849192,33.651423,101.75,0.366,4
-117.848892,33.651423,102.38,0.351,4
-117.848592,33.651423,102.24,0.245,4
-117.848292,33.651423,101.76,0.22,4
-117.847992,33.651423,101.54,0.414,4
-117.847692,33.651423,100.97,0.593,4
-117.847392,33.651423,100.39,0.687,4
-117.847092,33.651423,100.14,0.671,4
-117.846791,33.651423,100.07,0.475,4
-117.846491,33.651423,100.05,0.243,4
-117.846191,33.651423,100.15,0.213,4
-117.845891,33.651423,100.45,0.207,4
-117.845591,33.651423,100.27,0.227,4
-117.845291,33.651423,100.08,0.228,4
-117.844991,33.651423,99.96,0.38,4
-117.844691,33.651423,100.13,0.466,4
-117.844391,33.651423,100.44,0.457,4
-117.844091,33.651423,100.89,0.38,4
-117.843791,33.651423,100.74,0.418,4
-117.843491,33.651423,100.92,0.486,4
-117.843191,33.651423,101.46,0.55,4
-117.842891,33.651423,102.23,0.518,4
-117.842591,33.651423,102.96,0.407,4
-117.842291,33.651423,103.29,0.41,4
-117.841991,33.651423,103.5,0.488,4
-117.84169,33.651423,103.72,0.431,4
-117.84139,33.651423,104.02,0.424,4
-117.84109,33.651423,104.64,0.462,4
-117.84079,33.651423,106.32,0.489,4
-117.84049,33.651423,107.15,0.543,4
-117.84019,33.651423,107.96,0.422,4
-117.83989,33.651423,108.72,0.277,4
-117.83959,33.651423,108.84,0.274,4
-117.83929,33.651423,108.62,0.291,4
-117.83899,33.651423,107.69,0.258,4
-117.83869,33.651423,106.66,0.237,4
-117.83839,33.651423,106.33,0.267,4
-117.83809,33.651423,106.2,0.299,4
-117.83779,33.651423,106.02,0.307,4
-117.83749,33.651423,106.07,0.345,4
-117.83719,33.651423,106.01,0.347,4
-117.83689,33.651423,105.88,0.315,4
-117.836589,33.651423,105.72,0.328,4
-117.836289,33.651423,105.55,0.374,4
-117.835989,33.651423,105.43,0.387,4
-117.835689,33.651423,105.19,0.414,4
-117.835389,33.651423,104.87,0.394,4
-117.835089,33.651423,103.88,0.406,4
-117.834789,33.651423,103.13,0.365,4
-117.834489,33.651423,103.01,0.276,4
-117.834189,33.651423,102.93,0.243,4
-117.833889,33.651423,102.99,0.237,4
-117.833589,33.651423,103.34,0.261,4
-117.833289,33.651423,103.77,0.295,4
-117.832989,33.651423,104.3,0.347,4
-117.832689,33.651423,106.42,0.318,4
-117.832389,33.651423,106.83,0.272,4
-117.832089,33.651423,107.08,0.275,4
-117.831789,33.651423,107.22,0.259,4
-117.831488,33.651423,107.22,0.201,4
-117.831188,33.651423,107.06,0.179,4
-117.830888,33.651423,106.42,0.259,4
-117.830588,33.651423,105.66,0.31,4
-117.830288,33.651423,104.9,0.327,4
-117.829988,33.651423,103.38,0.444,4
-117.829688,33.651423,101.4,0.574,4
-117.829388,33.651423,100.99,0.565,4
-117.829088,33.651423,101.08,0.544,4
-117.828788,33.651423,102.78,0.701,4
-117.828488,33.651423,103.61,0.62,4
-117.828188,33.651423,104.47,0.405,4
-117.827888,33.651423,104.52,0.385,4
-117.827588,33.651423,104.9,0.353,4
-117.827288,33.651423,105.26,0.307,4
-117.826988,33.651423,105.44,0.341,4
-117.826687,33.651423,105.4,0.322,4
-117.826387,33.651423,105.27,0.247,4
-117.826087,33.651423,105.7,0.254,4
-117.825787,33.651423,106.62,0.349,4
-117.825487,33.651423,106.94,0.409,4
-117.825187,33.651423,107.21,0.347,4
-117.824887,33.651423,106.91,0.344,4
-117.824587,33.651423,106.73,0.167,4
-117.824287,33.651423,106.05,0.172,4
-117.823987,33.651423,106.26,0.061,4
-117.823687,33.651423,106,0.086,4
-117.823387,33.651423,106.08,0.258,4
-117.823087,33.651423,106.15,0.206,4
-117.822787,33.651423,106.54,0.099,4
-117.862695,33.651123,93.25,0.249,4
-117.862395,33.651123,93.91,0.36,4
-117.862095,33.651123,94.51,0.122,4
-117.861794,33.651123,94.73,0.19,4
-117.861494,33.651123,96.89,0.089,3
-117.861194,33.651123,95.6,0.326,4
-117.860894,33.651123,95.96,0.406,4
-117.860594,33.651123,96.42,0.431,4
-117.860294,33.651123,96.82,0.336,4
-117.859994,33.651123,97.13,0.171,4
-117.859694,33.651123,97.45,0.273,4
-117.859394,33.651123,97.81,0.463,4
-117.859094,33.651123,98.07,0.504,4
-117.858794,33.651123,98.3,0.512,4
-117.858494,33.651123,98.7,0.337,4
-117.858194,33.651123,98.87,0.287,4
-117.857894,33.651123,98.4,0.44,4
-117.857594,33.651123,98.03,0.467,4
-117.857294,33.651123,97.77,0.436,4
-117.856993,33.651123,97.72,0.43,4
-117.856693,33.651123,97.64,0.437,4
-117.856393,33.651123,97.37,0.455,4
-117.856093,33.651123,97.27,0.453,4
-117.855793,33.651123,96.96,0.443,4
-117.855493,33.651123,96.46,0.464,4
-117.855193,33.651123,95.73,0.479,4
-117.854893,33.651123,94.95,0.464,4
-117.854593,33.651123,94.78,0.488,4
-117.854293,33.651123,94.81,0.555,4
-117.853993,33.651123,94.87,0.636,4
-117.853693,33.651123,95.07,0.614,4
-117.853393,33.651123,95.28,0.565,4
-117.853093,33.651123,95.77,0.519,4
-117.852793,33.651123,96.15,0.481,4
-117.852493,33.651123,96.65,0.433,4
-117.852193,33.651123,97.4,0.397,4
-117.851892,33.651123,98.17,0.369,4
-117.851592,33.651123,98.92,0.338,4
-117.851292,33.651123,99.78,0.308,4
-117.850992,33.651123,100.68,0.297,4
-117.850692,33.651123,101.48,0.304,4
-117.850392,33.651123,102.25,0.309,4
-117.850092,33.651123,102.67,0.348,4
-117.849792,33.651123,102.79,0.388,4
-117.849492,33.651123,103.28,0.427,4
-117.849192,33.651123,103.59,0.432,4
-117.848892,33.651123,104.47,0.435,4
-117.848592,33.651123,104.06,0.243,4
-117.848292,33.651123,103.19,0.292,4
-117.847992,33.651123,102.46,0.467,4
-117.847692,33.651123,101.53,0.581,4
-117.847392,33.651123,100.78,0.653,4
-117.847092,33.651123,100.45,0.623,4
-117.846791,33.651123,100.37,0.377,4
-117.846491,33.651123,100.4,0.111,4
-117.846191,33.651123,100.46,0.145,4
-117.845891,33.651123,100.47,0.251,4
-117.845591,33.651123,100.45,0.209,4
-117.845291,33.651123,100.32,0.128,4
-117.844991,33.651123,100.07,0.173,4
-117.844691,33.651123,100.01,0.344,4
-117.844391,33.651123,100.03,0.502,4
-117.844091,33.651123,100.17,0.368,4
-117.843791,33.651123,99.97,0.36,4
-117.843491,33.651123,100.07,0.43,4
-117.843191,33.651123,100.48,0.518,4
-117.842891,33.651123,101.18,0.518,4
-117.842591,33.651123,101.98,0.454,4
-117.842291,33.651123,102.48,0.481,4
-117.841991,33.651123,102.9,0.453,4
-117.84169,33.651123,103.37,0.308,4
-117.84139,33.651123,103.94,0.444,4
-117.84109,33.651123,104.81,0.419,4
-117.84079,33.651123,106.73,0.421,4
-117.84049,33.651123,107.74,0.456,4
-117.84019,33.651123,108.4,0.309,4
-117.83989,33.651123,109.03,0.203,4
-117.83959,33.651123,108.95,0.182,4
-117.83929,33.651123,108.45,0.177,4
-117.83899,33.651123,107.43,0.156,4
-117.83869,33.651123,106.46,0.159,4
-117.83839,33.651123,106.18,0.197,4
-117.83809,33.651123,106.13,0.231,4
-117.83779,33.651123,106.09,0.27,4
-117.83749,33.651123,106.25,0.312,4
-117.83719,33.651123,106.18,0.37,4
-117.83689,33.651123,105.93,0.345,4
-117.836589,33.651123,105.66,0.254,4
-117.836289,33.651123,105.42,0.241,4
-117.835989,33.651123,105.27,0.259,4
-117.835689,33.651123,105.08,0.346,4
-117.835389,33.651123,104.86,0.361,4
-117.835089,33.651123,104.14,0.301,4
-117.834789,33.651123,103.42,0.275,4
-117.834489,33.651123,103.06,0.305,4
-117.834189,33.651123,102.68,0.347,4
-117.833889,33.651123,102.42,0.4,4
-117.833589,33.651123,102.66,0.427,4
-117.833289,33.651123,103.26,0.394,4
-117.832989,33.651123,104.11,0.337,4
-117.832689,33.651123,106.35,0.275,4
-117.832389,33.651123,106.84,0.268,4
-117.832089,33.651123,107.14,0.3,4
-117.831789,33.651123,107.27,0.215,4
-117.831488,33.651123,107.22,0.122,4
-117.831188,33.651123,107.02,0.14,4
-117.830888,33.651123,106.45,0.222,4
-117.830588,33.651123,105.77,0.281,4
-117.830288,33.651123,105.08,0.313,4
-117.829988,33.651123,103.66,0.395,4
-117.829688,33.651123,101.71,0.546,4
-117.829388,33.651123,101.14,0.601,4
-117.829088,33.651123,101.29,0.583,4
-117.828788,33.651123,102.99,0.704,4
-117.828488,33.651123,103.69,0.622,4
-117.828188,33.651123,104.5,0.535,4
-117.827888,33.651123,104.62,0.458,4
-117.827588,33.651123,105.06,0.322,4
-117.827288,33.651123,105.41,0.276,4
-117.826988,33.651123,105.53,0.311,4
-117.826687,33.651123,105.45,0.33,4
-117.826387,33.651123,105.27,0.319,4
-117.826087,33.651123,105.63,0.282,4
-117.825787,33.651123,106.51,0.292,4
-117.825487,33.651123,106.84,0.433,4
-117.825187,33.651123,107.15,0.457,4
-117.824887,33.651123,106.94,0.401,4
-117.824587,33.651123,106.79,0.176,4
-117.824287,33.651123,106.32,0.184,4
-117.823987,33.651123,106.66,0.13,4
-117.823687,33.651123,106.35,0.107,4
-117.823387,33.651123,106.15,0.173,4
-117.823087,33.651123,105.8,0.228,4
-117.822787,33.651123,105.93,0.163,4
-117.862995,33.650823,92.62,0.469,4
-117.862695,33.650823,94.87,0.264,3
-117.862395,33.650823,94.23,0.241,4
-117.862095,33.650823,94.88,0.166,4
-117.861794,33.650823,95.19,0.188,4
-117.861494,33.650823,95.48,0.155,4
-117.861194,33.650823,95.95,0.322,4
-117.860894,33.650823,97.03,0.398,4
-117.860594,33.650823,97.76,0.393,4
-117.860294,33.650823,98.29,0.307,4
-117.859994,33.650823,98.91,0.169,4
-117.859694,33.650823,99.49,0.229,4
-117.859394,33.650823,99.88,0.388,4
-117.859094,33.650823,100.28,0.422,4
-117.858794,33.650823,100.73,0.407,4
-117.858494,33.650823,101.02,0.316,4
-117.858194,33.650823,101.06,0.291,4
-117.857894,33.650823,100.28,0.336,4
-117.857594,33.650823,100.13,0.349,4
-117.857294,33.650823,99.78,0.38,4
-117.856993,33.650823,99.57,0.397,4
-117.856693,33.650823,99.37,0.4,4
-117.856393,33.650823,99.18,0.394,4
-117.856093,33.650823,99.34,0.424,4
-117.855793,33.650823,99.18,0.449,4
-117.855493,33.650823,98.71,0.446,4
-117.855193,33.650823,97.45,0.434,4
-117.854893,33.650823,95.8,0.429,4
-117.854593,33.650823,95.56,0.432,4
-117.854293,33.650823,95.52,0.427,4
-117.853993,33.650823,95.57,0.428,4
-117.853693,33.650823,96.43,0.385,4
-117.853393,33.650823,97.19,0.293,4
-117.853093,33.650823,97.67,0.298,4
-117.852793,33.650823,98.03,0.311,4
-117.852493,33.650823,98.71,0.3,4
-117.852193,33.650823,99.68,0.252,4
-117.851892,33.650823,100.7,0.255,4
-117.851592,33.650823,101.63,0.276,4
-117.851292,33.650823,102.47,0.281,4
-117.850992,33.650823,103.2,0.291,4
-117.850692,33.650823,103.84,0.302,4
-117.850392,33.650823,104.45,0.285,4
-117.850092,33.650823,104.8,0.296,4
-117.849792,33.650823,104.58,0.463,4
-117.849492,33.650823,104.63,0.539,4
-117.849192,33.650823,104.65,0.543,4
-117.848892,33.650823,106.11,0.491,4
-117.848592,33.650823,105.68,0.261,4
-117.848292,33.650823,104.68,0.241,4
-117.847992,33.650823,103.53,0.422,4
-117.847692,33.650823,102.31,0.569,4
-117.847392,33.650823,101.4,0.603,4
-117.847092,33.650823,100.97,0.486,4
-117.846791,33.650823,100.83,0.238,4
-117.846491,33.650823,100.85,0.086,4
-117.846191,33.650823,100.81,0.215,4
-117.845891,33.650823,100.48,0.323,4
-117.845591,33.650823,100.6,0.26,4
-117.845291,33.650823,100.67,0.148,4
-117.844991,33.650823,100.44,0.154,4
-117.844691,33.650823,100.27,0.244,4
-117.844391,33.650823,100.08,0.43,4
-117.844091,33.650823,100.19,0.393,4
-117.843791,33.650823,100.23,0.383,4
-117.843491,33.650823,100.35,0.37,4
-117.843191,33.650823,100.63,0.417,4
-117.842891,33.650823,101.12,0.461,4
-117.842591,33.650823,101.7,0.451,4
-117.842291,33.650823,102.14,0.49,4
-117.841991,33.650823,102.67,0.458,4
-117.84169,33.650823,103.42,0.365,4
-117.84139,33.650823,104.26,0.451,4
-117.84109,33.650823,105.26,0.311,4
-117.84079,33.650823,107.06,0.324,4
-117.84049,33.650823,108.05,0.377,4
-117.84019,33.650823,108.68,0.283,4
-117.83989,33.650823,108.77,0.227,4
-117.83959,33.650823,108.37,0.209,4
-117.83929,33.650823,107.71,0.137,4
-117.83899,33.650823,107.27,0.074,4
-117.83869,33.650823,107.09,0.088,4
-117.83839,33.650823,107,0.138,4
-117.83809,33.650823,106.71,0.177,4
-117.83779,33.650823,105.71,0.209,4
-117.83749,33.650823,105.93,0.262,4
-117.83719,33.650823,105.96,0.368,4
-117.83689,33.650823,105.61,0.339,4
-117.836589,33.650823,105.23,0.208,4
-117.836289,33.650823,104.9,0.179,4
-117.835989,33.650823,104.79,0.179,4
-117.835689,33.650823,104.63,0.296,4
-117.835389,33.650823,104.42,0.361,4
-117.835089,33.650823,104.06,0.286,4
-117.834789,33.650823,103.55,0.234,4
-117.834489,33.650823,102.98,0.265,4
-117.834189,33.650823,102.49,0.374,4
-117.833889,33.650823,102.34,0.611,4
-117.833589,33.650823,102.62,0.697,4
-117.833289,33.650823,103.3,0.631,4
-117.832989,33.650823,104.43,0.382,4
-117.832689,33.650823,105.46,0.296,4
-117.832389,33.650823,106.07,0.316,4
-117.832089,33.650823,106.47,0.344,4
-117.831789,33.650823,106.57,0.24,4
-117.831488,33.650823,106.51,0.123,4
-117.831188,33.650823,106.27,0.158,4
-117.830888,33.650823,105.87,0.22,4
-117.830588,33.650823,105.45,0.268,4
-117.830288,33.650823,104.98,0.34,4
-117.829988,33.650823,104.29,0.4,4
-117.829688,33.650823,103.55,0.457,4
-117.829388,33.650823,103.31,0.475,4
-117.829088,33.650823,103.24,0.334,4
-117.828788,33.650823,103.12,0.257,4
-117.828488,33.650823,103.63,0.388,4
-117.828188,33.650823,104.16,0.481,4
-117.827888,33.650823,104.94,0.237,4
-117.827588,33.650823,105.49,0.133,4
-117.827288,33.650823,105.76,0.152,4
-117.826988,33.650823,105.78,0.255,4
-117.826687,33.650823,105.62,0.345,4
-117.826387,33.650823,105.43,0.334,4
-117.826087,33.650823,105.56,0.289,4
-117.825787,33.650823,106.03,0.314,4
-117.825487,33.650823,106.29,0.385,4
-117.825187,33.650823,106.56,0.482,4
-117.824887,33.650823,106.35,0.385,4
-117.824587,33.650823,106.26,0.281,4
-117.824287,33.650823,105.97,0.262,4
-117.823987,33.650823,105.82,0.327,4
-117.823687,33.650823,105.4,0.27,4
-117.823387,33.650823,105,0.252,4
-117.823087,33.650823,104.28,0.248,4
-117.862995,33.650523,92.91,0.605,4
-117.862695,33.650523,93.82,0.341,4
-117.862395,33.650523,94.79,0.186,4
-117.862095,33.650523,95.62,0.153,4
-117.861794,33.650523,96.35,0.154,4
-117.861494,33.650523,96.98,0.146,4
-117.861194,33.650523,97.61,0.292,4
-117.860894,33.650523,98.85,0.397,4
-117.860594,33.650523,99.7,0.371,4
-117.860294,33.650523,100.24,0.302,4
-117.859994,33.650523,100.84,0.17,4
-117.859694,33.650523,101.42,0.182,4
-117.859394,33.650523,101.83,0.303,4
-117.859094,33.650523,102.25,0.318,4
-117.858794,33.650523,102.68,0.292,4
-117.858494,33.650523,102.92,0.261,4
-117.858194,33.650523,102.9,0.27,4
-117.857894,33.650523,102.13,0.253,4
-117.857594,33.650523,102.22,0.239,4
-117.857294,33.650523,102.14,0.254,4
-117.856993,33.650523,102.01,0.275,4
-117.856693,33.650523,101.77,0.303,4
-117.856393,33.650523,101.41,0.317,4
-117.856093,33.650523,101.46,0.332,4
-117.855793,33.650523,101.23,0.351,4
-117.855493,33.650523,100.67,0.357,4
-117.855193,33.650523,99.42,0.355,4
-117.854893,33.650523,97.75,0.357,4
-117.854593,33.650523,97.26,0.37,4
-117.854293,33.650523,96.8,0.432,4
-117.853993,33.650523,96.65,0.459,4
-117.853693,33.650523,97.25,0.349,4
-117.853393,33.650523,97.83,0.264,4
-117.853093,33.650523,98.22,0.381,4
-117.852793,33.650523,98.72,0.471,4
-117.852493,33.650523,99.7,0.451,4
-117.852193,33.650523,101.16,0.333,4
-117.851892,33.650523,102.58,0.288,4
-117.851592,33.650523,103.54,0.327,4
-117.851292,33.650523,104.09,0.39,4
-117.850992,33.650523,104.49,0.452,4
-117.850692,33.650523,104.78,0.498,4
-117.850392,33.650523,105.11,0.487,4
-117.850092,33.650523,105.54,0.416,4
-117.849792,33.650523,105.27,0.556,4
-117.849492,33.650523,105.06,0.632,4
-117.849192,33.650523,105.07,0.579,4
-117.848892,33.650523,106.62,0.42,4
-117.848592,33.650523,106.28,0.255,4
-117.848292,33.650523,105.33,0.219,4
-117.847992,33.650523,104.18,0.316,4
-117.847692,33.650523,102.93,0.409,4
-117.847392,33.650523,101.97,0.472,4
-117.847092,33.650523,101.5,0.375,4
-117.846791,33.650523,101.32,0.145,4
-117.846491,33.650523,101.24,0.075,4
-117.846191,33.650523,101.14,0.183,4
-117.845891,33.650523,100.76,0.313,4
-117.845591,33.650523,100.89,0.334,4
-117.845291,33.650523,100.98,0.26,4
-117.844991,33.650523,100.84,0.198,4
-117.844691,33.650523,100.67,0.21,4
-117.844391,33.650523,100.42,0.276,4
-117.844091,33.650523,100.55,0.356,4
-117.843791,33.650523,100.65,0.349,4
-117.843491,33.650523,100.73,0.336,4
-117.843191,33.650523,100.89,0.41,4
-117.842891,33.650523,101.19,0.48,4
-117.842591,33.650523,101.59,0.505,4
-117.842291,33.650523,101.99,0.504,4
-117.841991,33.650523,102.54,0.379,4
-117.84169,33.650523,103.37,0.439,4
-117.84139,33.650523,104.36,0.437,4
-117.84109,33.650523,105.42,0.393,4
-117.84079,33.650523,107.03,0.277,4
-117.84049,33.650523,107.78,0.253,4
-117.84019,33.650523,108.3,0.235,4
-117.83989,33.650523,108.2,0.283,4
-117.83959,33.650523,107.8,0.255,4
-117.83929,33.650523,107.29,0.137,4
-117.83899,33.650523,107.18,0.071,4
-117.83869,33.650523,107.33,0.079,4
-117.83839,33.650523,107.37,0.089,4
-117.83809,33.650523,107.07,0.099,4
-117.83779,33.650523,105.69,0.096,4
-117.83749,33.650523,105.86,0.104,4
-117.83719,33.650523,105.86,0.239,4
-117.83689,33.650523,105.55,0.375,4
-117.836589,33.650523,105.13,0.252,4
-117.836289,33.650523,104.77,0.211,4
-117.835989,33.650523,104.66,0.228,4
-117.835689,33.650523,104.47,0.384,4
-117.835389,33.650523,104.22,0.402,4
-117.835089,33.650523,103.79,0.303,4
-117.834789,33.650523,103.15,0.25,4
-117.834489,33.650523,102.37,0.253,4
-117.834189,33.650523,101.71,0.374,4
-117.833889,33.650523,101.43,0.671,4
-117.833589,33.650523,101.62,0.753,4
-117.833289,33.650523,102.25,0.7,4
-117.832989,33.650523,103.39,0.394,4
-117.832689,33.650523,104.4,0.366,4
-117.832389,33.650523,105.33,0.323,4
-117.832089,33.650523,105.99,0.299,4
-117.831789,33.650523,106.3,0.25,4
-117.831488,33.650523,106.29,0.174,4
-117.831188,33.650523,106.04,0.216,4
-117.830888,33.650523,105.65,0.266,4
-117.830588,33.650523,105.28,0.323,4
-117.830288,33.650523,105.01,0.416,4
-117.829988,33.650523,104.73,0.398,4
-117.829688,33.650523,104.42,0.264,4
-117.829388,33.650523,104.33,0.235,4
-117.829088,33.650523,104.45,0.147,4
-117.828788,33.650523,104.27,0.166,4
-117.828488,33.650523,104.62,0.372,4
-117.828188,33.650523,104.8,0.474,4
-117.827888,33.650523,105.26,0.324,4
-117.827588,33.650523,105.58,0.231,4
-117.827288,33.650523,105.66,0.252,4
-117.826988,33.650523,105.51,0.327,4
-117.826687,33.650523,105.25,0.418,4
-117.826387,33.650523,105.07,0.398,4
-117.826087,33.650523,105.29,0.315,4
-117.825787,33.650523,105.83,0.319,4
-117.825487,33.650523,106.06,0.281,4
-117.825187,33.650523,106.25,0.397,4
-117.824887,33.650523,105.89,0.367,4
-117.824587,33.650523,105.84,0.239,4
-117.824287,33.650523,105.65,0.266,4
-117.823987,33.650523,105.63,0.347,4
-117.823687,33.650523,105.2,0.386,4
-117.823387,33.650523,104.85,0.412,4
-117.823087,33.650523,103.98,0.458,4
-117.862995,33.650223,94.1,0.736,4
-117.862695,33.650223,94.68,0.499,4
-117.862395,33.650223,95.51,0.211,4
-117.862095,33.650223,96.66,0.177,4
-117.861794,33.650223,97.8,0.108,4
-117.861494,33.650223,98.8,0.147,4
-117.861194,33.650223,99.74,0.196,4
-117.860894,33.650223,101.24,0.243,4
-117.860594,33.650223,102.16,0.212,4
-117.860294,33.650223,102.54,0.183,4
-117.859994,33.650223,102.93,0.111,4
-117.859694,33.650223,103.32,0.124,4
-117.859394,33.650223,103.58,0.227,4
-117.859094,33.650223,103.89,0.262,4
-117.858794,33.650223,104.24,0.231,4
-117.858494,33.650223,104.44,0.175,4
-117.858194,33.650223,104.56,0.277,4
-117.857894,33.650223,103.98,0.3,4
-117.857594,33.650223,104.35,0.331,4
-117.857294,33.650223,104.44,0.339,4
-117.856993,33.650223,104.39,0.365,4
-117.856693,33.650223,104.19,0.376,4
-117.856393,33.650223,103.82,0.382,4
-117.856093,33.650223,103.73,0.366,4
-117.855793,33.650223,103.26,0.405,4
-117.855493,33.650223,102.38,0.457,4
-117.855193,33.650223,100.8,0.44,4
-117.854893,33.650223,98.82,0.39,4
-117.854593,33.650223,98.12,0.383,4
-117.854293,33.650223,97.34,0.475,4
-117.853993,33.650223,96.62,0.654,4
-117.853693,33.650223,96.88,0.552,4
-117.853393,33.650223,97.1,0.509,4
-117.853093,33.650223,97.75,0.452,4
-117.852793,33.650223,98.18,0.583,4
-117.852493,33.650223,99.7,0.485,4
-117.852193,33.650223,101.93,0.28,4
-117.851892,33.650223,103.65,0.26,4
-117.851592,33.650223,104.2,0.453,4
-117.851292,33.650223,104.15,0.637,4
-117.850992,33.650223,104.2,0.698,4
-117.850692,33.650223,104.3,0.709,4
-117.850392,33.650223,104.5,0.657,4
-117.850092,33.650223,104.99,0.489,4
-117.849792,33.650223,105.09,0.47,4
-117.849492,33.650223,104.59,0.63,4
-117.849192,33.650223,104.68,0.519,4
-117.848892,33.650223,106.19,0.313,4
-117.848592,33.650223,106.05,0.248,4
-117.848292,33.650223,105.26,0.268,4
-117.847992,33.650223,104.28,0.252,4
-117.847692,33.650223,103.23,0.209,4
-117.847392,33.650223,102.41,0.252,4
-117.847092,33.650223,101.99,0.245,4
-117.846791,33.650223,101.8,0.119,4
-117.846491,33.650223,101.67,0.077,4
-117.846191,33.650223,101.42,0.138,4
-117.845891,33.650223,100.84,0.288,4
-117.845591,33.650223,100.81,0.333,4
-117.845291,33.650223,100.86,0.18,4
-117.844991,33.650223,100.81,0.128,4
-117.844691,33.650223,100.77,0.206,4
-117.844391,33.650223,100.61,0.204,4
-117.844091,33.650223,100.68,0.38,4
-117.843791,33.650223,100.68,0.385,4
-117.843491,33.650223,100.7,0.366,4
-117.843191,33.650223,100.8,0.382,4
-117.842891,33.650223,101.05,0.38,4
-117.842591,33.650223,101.4,0.403,4
-117.842291,33.650223,101.73,0.351,4
-117.841991,33.650223,102.19,0.14,4
-117.84169,33.650223,102.87,0.271,4
-117.84139,33.650223,103.82,0.458,4
-117.84109,33.650223,104.92,0.475,4
-117.84079,33.650223,106.37,0.303,4
-117.84049,33.650223,107.05,0.203,4
-117.84019,33.650223,107.45,0.296,4
-117.83989,33.650223,107.37,0.328,4
-117.83959,33.650223,107.26,0.235,4
-117.83929,33.650223,107.05,0.137,4
-117.83899,33.650223,107.05,0.094,4
-117.83869,33.650223,107.27,0.084,4
-117.83839,33.650223,107.5,0.091,4
-117.83809,33.650223,107.39,0.119,4
-117.83779,33.650223,106.11,0.137,4
-117.83749,33.650223,106.13,0.098,4
-117.83719,33.650223,106.01,0.215,4
-117.83689,33.650223,105.68,0.314,4
-117.836589,33.650223,105.28,0.205,4
-117.836289,33.650223,104.95,0.21,4
-117.835989,33.650223,104.84,0.233,4
-117.835689,33.650223,104.63,0.37,4
-117.835389,33.650223,104.31,0.38,4
-117.835089,33.650223,103.78,0.32,4
-117.834789,33.650223,103.03,0.274,4
-117.834489,33.650223,102.16,0.235,4
-117.834189,33.650223,101.38,0.322,4
-117.833889,33.650223,100.85,0.579,4
-117.833589,33.650223,100.71,0.699,4
-117.833289,33.650223,101.07,0.645,4
-117.832989,33.650223,102.28,0.481,4
-117.832689,33.650223,103.47,0.332,4
-117.832389,33.650223,104.77,0.279,4
-117.832089,33.650223,105.78,0.235,4
-117.831789,33.650223,106.27,0.167,4
-117.831488,33.650223,106.42,0.074,4
-117.831188,33.650223,106.26,0.067,4
-117.830888,33.650223,105.78,0.215,4
-117.830588,33.650223,105.21,0.377,4
-117.830288,33.650223,104.82,0.396,4
-117.829988,33.650223,104.7,0.294,4
-117.829688,33.650223,104.69,0.207,4
-117.829388,33.650223,104.86,0.323,4
-117.829088,33.650223,105.2,0.297,4
-117.828788,33.650223,105.07,0.29,4
-117.828488,33.650223,105.32,0.367,4
-117.828188,33.650223,105.29,0.378,4
-117.827888,33.650223,105.43,0.343,4
-117.827588,33.650223,105.41,0.279,4
-117.827288,33.650223,105.2,0.27,4
-117.826988,33.650223,104.83,0.288,4
-117.826687,33.650223,104.47,0.329,4
-117.826387,33.650223,104.35,0.362,4
-117.826087,33.650223,104.72,0.349,4
-117.825787,33.650223,105.42,0.309,4
-117.825487,33.650223,105.76,0.285,4
-117.825187,33.650223,105.93,0.343,4
-117.824887,33.650223,105.5,0.4,4
-117.824587,33.650223,105.46,0.197,4
-117.824287,33.650223,105.34,0.44,4
-117.823987,33.650223,105.42,0.455,4
-117.823687,33.650223,105.17,0.466,4
-117.823387,33.650223,105.02,0.541,4
-117.823087,33.650223,104.21,0.565,4
-117.862995,33.649923,94.5,0.772,4
-117.862695,33.649923,95.25,0.629,4
-117.862395,33.649923,96.03,0.279,4
-117.862095,33.649923,97.34,0.14,4
-117.861794,33.649923,98.8,0.082,4
-117.861494,33.649923,100.22,0.17,4
-117.861194,33.649923,101.6,0.127,4
-117.860894,33.649923,103.37,0.144,4
-117.860594,33.649923,104.36,0.155,4
-117.860294,33.649923,104.68,0.189,4
-117.859994,33.649923,104.68,0.136,4
-117.859694,33.649923,104.61,0.092,4
-117.859394,33.649923,104.6,0.178,4
-117.859094,33.649923,104.73,0.28,4
-117.858794,33.649923,105,0.264,4
-117.858494,33.649923,105.23,0.21,4
-117.858194,33.649923,105.58,0.363,4
-117.857894,33.649923,105.89,0.354,4
-117.857594,33.649923,106.43,0.338,4
-117.857294,33.649923,106.75,0.323,4
-117.856993,33.649923,106.84,0.337,4
-117.856693,33.649923,106.72,0.341,4
-117.856393,33.649923,106.31,0.33,4
-117.856093,33.649923,105.81,0.312,4
-117.855793,33.649923,104.94,0.363,4
-117.855493,33.649923,103.75,0.429,4
-117.855193,33.649923,102.27,0.379,4
-117.854893,33.649923,100.63,0.258,4
-117.854593,33.649923,99.5,0.248,4
-117.854293,33.649923,98.53,0.373,4
-117.853993,33.649923,97.78,0.727,4
-117.853693,33.649923,97.82,0.745,4
-117.853393,33.649923,97.88,0.702,4
-117.853093,33.649923,98.7,0.526,4
-117.852793,33.649923,98.27,0.564,4
-117.852493,33.649923,99.62,0.482,4
-117.852193,33.649923,102,0.276,4
-117.851892,33.649923,103.66,0.246,4
-117.851592,33.649923,104.02,0.453,4
-117.851292,33.649923,103.82,0.637,4
-117.850992,33.649923,103.74,0.638,4
-117.850692,33.649923,103.78,0.546,4
-117.850392,33.649923,103.94,0.43,4
-117.850092,33.649923,104.02,0.359,4
-117.849792,33.649923,103.99,0.408,4
-117.849492,33.649923,103.64,0.491,4
-117.849192,33.649923,103.54,0.459,4
-117.848892,33.649923,104.37,0.27,4
-117.848592,33.649923,104.32,0.322,4
-117.848292,33.649923,103.79,0.373,4
-117.847992,33.649923,103.67,0.333,4
-117.847692,33.649923,103.31,0.288,4
-117.847392,33.649923,102.84,0.282,4
-117.847092,33.649923,102.67,0.266,4
-117.846791,33.649923,102.57,0.248,4
-117.846491,33.649923,102.39,0.264,4
-117.846191,33.649923,101.9,0.236,4
-117.845891,33.649923,100.81,0.243,4
-117.845591,33.649923,100.54,0.328,4
-117.845291,33.649923,100.51,0.132,4
-117.844991,33.649923,100.92,0.109,4
-117.844691,33.649923,101.1,0.237,4
-117.844391,33.649923,101.08,0.278,4
-117.844091,33.649923,101.27,0.378,4
-117.843791,33.649923,101.16,0.514,4
-117.843491,33.649923,101.04,0.525,4
-117.843191,33.649923,101.21,0.385,4
-117.842891,33.649923,101.54,0.272,4
-117.842591,33.649923,101.85,0.301,4
-117.842291,33.649923,102.19,0.329,4
-117.841991,33.649923,102.53,0.179,4
-117.84169,33.649923,102.94,0.091,4
-117.84139,33.649923,103.52,0.297,4
-117.84109,33.649923,104.21,0.405,4
-117.84079,33.649923,104.18,0.363,4
-117.84049,33.649923,104.72,0.332,4
-117.84019,33.649923,105.18,0.298,4
-117.83989,33.649923,106.52,0.243,4
-117.83959,33.649923,107.21,0.223,4
-117.83929,33.649923,107.25,0.199,4
-117.83899,33.649923,106.83,0.142,4
-117.83869,33.649923,106.51,0.099,4
-117.83839,33.649923,106.91,0.117,4
-117.83809,33.649923,107.2,0.171,4
-117.83779,33.649923,106.91,0.18,4
-117.83749,33.649923,106.81,0.215,4
-117.83719,33.649923,106.57,0.297,4
-117.83689,33.649923,106.19,0.286,4
-117.836589,33.649923,105.85,0.234,4
-117.836289,33.649923,105.56,0.266,4
-117.835989,33.649923,105.36,0.289,4
-117.835689,33.649923,105.11,0.385,4
-117.835389,33.649923,104.76,0.339,4
-117.835089,33.649923,104.23,0.26,4
-117.834789,33.649923,103.55,0.232,4
-117.834489,33.649923,102.79,0.222,4
-117.834189,33.649923,101.99,0.278,4
-117.833889,33.649923,101.27,0.396,4
-117.833589,33.649923,100.9,0.489,4
-117.833289,33.649923,101,0.554,4
-117.832989,33.649923,102.28,0.581,4
-117.832689,33.649923,103.39,0.371,4
-117.832389,33.649923,104.79,0.277,4
-117.832089,33.649923,106.01,0.268,4
-117.831789,33.649923,106.53,0.218,4
-117.831488,33.649923,106.79,0.137,4
-117.831188,33.649923,106.68,0.12,4
-117.830888,33.649923,106,0.222,4
-117.830588,33.649923,105.18,0.332,4
-117.830288,33.649923,104.71,0.316,4
-117.829988,33.649923,104.54,0.217,4
-117.829688,33.649923,104.55,0.211,4
-117.829388,33.649923,104.76,0.361,4
-117.829088,33.649923,105.11,0.322,4
-117.828788,33.649923,105.1,0.237,4
-117.828488,33.649923,105.3,0.251,4
-117.828188,33.649923,105.2,0.286,4
-117.827888,33.649923,105.29,0.304,4
-117.827588,33.649923,105.09,0.276,4
-117.827288,33.649923,104.63,0.268,4
-117.826988,33.649923,104.11,0.31,4
-117.826687,33.649923,103.78,0.367,4
-117.826387,33.649923,103.76,0.396,4
-117.826087,33.649923,104.19,0.38,4
-117.825787,33.649923,105.01,0.35,4
-117.825487,33.649923,105.61,0.356,4
-117.825187,33.649923,105.94,0.382,4
-117.824887,33.649923,105.38,0.361,4
-117.824587,33.649923,105.4,0.304,4
-117.824287,33.649923,105.32,0.37,4
-117.823987,33.649923,105.47,0.431,4
-117.823687,33.649923,105.49,0.423,4
-117.823387,33.649923,105.58,0.433,4
-117.823087,33.649923,105.19,0.424,4
-117.862995,33.649623,94.79,0.655,4
-117.862695,33.649623,95.58,0.508,4
-117.862395,33.649623,96.15,0.23,4
-117.862095,33.649623,97.39,0.092,4
-117.861794,33.649623,99.12,0.064,4
-117.861494,33.649623,101.01,0.17,4
-117.861194,33.649623,102.78,0.174,4
-117.860894,33.649623,104.56,0.217,4
-117.860594,33.649623,105.45,0.224,4
-117.860294,33.649623,105.82,0.263,4
-117.859994,33.649623,105.64,0.185,4
-117.859694,33.649623,105.23,0.093,4
-117.859394,33.649623,105.03,0.166,4
-117.859094,33.649623,105.07,0.285,4
-117.858794,33.649623,105.33,0.291,4
-117.858494,33.649623,105.71,0.235,4
-117.858194,33.649623,106.36,0.34,4
-117.857894,33.649623,107.31,0.264,4
-117.857594,33.649623,108.02,0.242,4
-117.857294,33.649623,108.62,0.235,4
-117.856993,33.649623,108.91,0.251,4
-117.856693,33.649623,108.77,0.278,4
-117.856393,33.649623,108.19,0.287,4
-117.856093,33.649623,107.38,0.269,4
-117.855793,33.649623,106.31,0.287,4
-117.855493,33.649623,105.01,0.342,4
-117.855193,33.649623,103.53,0.314,4
-117.854893,33.649623,101.92,0.196,4
-117.854593,33.649623,100.4,0.178,4
-117.854293,33.649623,99.17,0.269,4
-117.853993,33.649623,98.34,0.632,4
-117.853693,33.649623,98.17,0.661,4
-117.853393,33.649623,98.09,0.746,4
-117.853093,33.649623,98.75,0.58,4
-117.852793,33.649623,98.16,0.483,4
-117.852493,33.649623,99.15,0.476,4
-117.852193,33.649623,100.88,0.37,4
-117.851892,33.649623,102.34,0.252,4
-117.851592,33.649623,103.09,0.273,4
-117.851292,33.649623,103.26,0.342,4
-117.850992,33.649623,103.11,0.352,4
-117.850692,33.649623,102.66,0.394,4
-117.850392,33.649623,102.18,0.507,4
-117.850092,33.649623,101.86,0.594,4
-117.849792,33.649623,101.69,0.641,4
-117.849492,33.649623,101.45,0.678,4
-117.849192,33.649623,101.38,0.654,4
-117.848892,33.649623,102.37,0.525,4
-117.848592,33.649623,102.46,0.458,4
-117.848292,33.649623,102.17,0.447,4
-117.847992,33.649623,102.54,0.466,4
-117.847692,33.649623,102.72,0.443,4
-117.847392,33.649623,102.74,0.286,4
-117.847092,33.649623,102.98,0.132,4
-117.846791,33.649623,103.11,0.151,4
-117.846491,33.649623,102.91,0.247,4
-117.846191,33.649623,102.23,0.267,4
-117.845891,33.649623,100.87,0.154,4
-117.845591,33.649623,100.39,0.191,4
-117.845291,33.649623,100.22,0.116,4
-117.844991,33.649623,100.64,0.157,4
-117.844691,33.649623,100.89,0.284,4
-117.844391,33.649623,100.92,0.273,4
-117.844091,33.649623,101.12,0.307,4
-117.843791,33.649623,100.96,0.503,4
-117.843491,33.649623,100.79,0.565,4
-117.843191,33.649623,101.08,0.437,4
-117.842891,33.649623,101.74,0.312,4
-117.842591,33.649623,102.47,0.253,4
-117.842291,33.649623,103.06,0.226,4
-117.841991,33.649623,103.3,0.281,4
-117.84169,33.649623,103.38,0.335,4
-117.84139,33.649623,103.56,0.288,4
-117.84109,33.649623,103.86,0.334,4
-117.84079,33.649623,103.47,0.439,4
-117.84049,33.649623,103.81,0.511,4
-117.84019,33.649623,104.22,0.4,4
-117.83989,33.649623,105.63,0.243,4
-117.83959,33.649623,106.49,0.216,4
-117.83929,33.649623,106.79,0.182,4
-117.83899,33.649623,106.69,0.123,4
-117.83869,33.649623,106.57,0.127,4
-117.83839,33.649623,107.05,0.183,4
-117.83809,33.649623,107.3,0.256,4
-117.83779,33.649623,106.92,0.257,4
-117.83749,33.649623,106.8,0.301,4
-117.83719,33.649623,106.58,0.302,4
-117.83689,33.649623,106.27,0.311,4
-117.836589,33.649623,105.97,0.272,4
-117.836289,33.649623,105.69,0.348,4
-117.835989,33.649623,105.49,0.358,4
-117.835689,33.649623,105.24,0.364,4
-117.835389,33.649623,104.91,0.312,4
-117.835089,33.649623,104.48,0.261,4
-117.834789,33.649623,103.97,0.236,4
-117.834489,33.649623,103.42,0.222,4
-117.834189,33.649623,102.75,0.24,4
-117.833889,33.649623,102.06,0.255,4
-117.833589,33.649623,101.58,0.267,4
-117.833289,33.649623,101.42,0.398,4
-117.832989,33.649623,102.46,0.602,4
-117.832689,33.649623,103.39,0.44,4
-117.832389,33.649623,104.63,0.256,4
-117.832089,33.649623,105.8,0.29,4
-117.831789,33.649623,106.64,0.324,4
-117.831488,33.649623,107.13,0.291,4
-117.831188,33.649623,107.09,0.241,4
-117.830888,33.649623,106.26,0.269,4
-117.830588,33.649623,105.23,0.318,4
-117.830288,33.649623,104.63,0.261,4
-117.829988,33.649623,104.25,0.144,4
-117.829688,33.649623,104.14,0.149,4
-117.829388,33.649623,104.17,0.313,4
-117.829088,33.649623,104.39,0.352,4
-117.828788,33.649623,104.41,0.212,4
-117.828488,33.649623,104.49,0.272,4
-117.828188,33.649623,104.36,0.34,4
-117.827888,33.649623,104.57,0.408,4
-117.827588,33.649623,104.35,0.372,4
-117.827288,33.649623,103.84,0.371,4
-117.826988,33.649623,103.34,0.41,4
-117.826687,33.649623,103.12,0.446,4
-117.826387,33.649623,103.17,0.465,4
-117.826087,33.649623,103.55,0.464,4
-117.825787,33.649623,104.46,0.43,4
-117.825487,33.649623,105.44,0.362,4
-117.825187,33.649623,106.02,0.325,4
-117.824887,33.649623,105.34,0.304,4
-117.824587,33.649623,105.44,0.428,4
-117.824287,33.649623,105.45,0.365,4
-117.823987,33.649623,105.7,0.312,4
-117.823687,33.649623,105.88,0.25,4
-117.823387,33.649623,106.07,0.249,4
-117.862995,33.649323,95.79,0.362,4
-117.862695,33.649323,97.07,0.253,3
-117.862395,33.649323,96.01,0.246,4
-117.862095,33.649323,97.03,0.253,4
-117.861794,33.649323,98.9,0.144,4
-117.861494,33.649323,101.12,0.184,4
-117.861194,33.649323,103.17,0.202,4
-117.860894,33.649323,104.9,0.26,4
-117.860594,33.649323,105.68,0.266,4
-117.860294,33.649323,105.93,0.29,4
-117.859994,33.649323,105.71,0.183,4
-117.859694,33.649323,105.29,0.118,4
-117.859394,33.649323,105.07,0.256,4
-117.859094,33.649323,105.14,0.351,4
-117.858794,33.649323,105.5,0.291,4
-117.858494,33.649323,106.07,0.214,4
-117.858194,33.649323,106.98,0.352,4
-117.857894,33.649323,108.12,0.235,4
-117.857594,33.649323,109.08,0.247,4
-117.857294,33.649323,109.86,0.229,4
-117.856993,33.649323,110.24,0.253,4
-117.856693,33.649323,110.07,0.284,4
-117.856393,33.649323,109.37,0.294,4
-117.856093,33.649323,108.46,0.273,4
-117.855793,33.649323,107.38,0.277,4
-117.855493,33.649323,106.1,0.321,4
-117.855193,33.649323,104.66,0.297,4
-117.854893,33.649323,103.15,0.179,4
-117.854593,33.649323,101.73,0.131,4
-117.854293,33.649323,100.47,0.117,4
-117.853993,33.649323,99.7,0.206,4
-117.853693,33.649323,99.46,0.28,4
-117.853393,33.649323,99.21,0.654,4
-117.853093,33.649323,99.37,0.528,4
-117.852793,33.649323,98.17,0.452,4
-117.852493,33.649323,98.51,0.403,4
-117.852193,33.649323,99.19,0.499,4
-117.851892,33.649323,100.09,0.469,4
-117.851592,33.649323,100.96,0.395,4
-117.851292,33.649323,101.17,0.475,4
-117.850992,33.649323,100.76,0.615,4
-117.850692,33.649323,100.15,0.69,4
-117.850392,33.649323,99.6,0.747,4
-117.850092,33.649323,99.36,0.767,4
-117.849792,33.649323,99.31,0.763,4
-117.849492,33.649323,99.26,0.762,4
-117.849192,33.649323,99.29,0.752,4
-117.848892,33.649323,100.5,0.727,4
-117.848592,33.649323,100.74,0.63,4
-117.848292,33.649323,100.69,0.505,4
-117.847992,33.649323,101.43,0.528,4
-117.847692,33.649323,102.03,0.484,4
-117.847392,33.649323,102.35,0.27,4
-117.847092,33.649323,102.76,0.107,4
-117.846791,33.649323,103.05,0.136,4
-117.846491,33.649323,102.98,0.254,4
-117.846191,33.649323,102.29,0.378,4
-117.845891,33.649323,100.84,0.285,4
-117.845591,33.649323,100.29,0.185,4
-117.845291,33.649323,99.99,0.125,4
-117.844991,33.649323,100.2,0.245,4
-117.844691,33.649323,100.3,0.269,4
-117.844391,33.649323,100.31,0.293,4
-117.844091,33.649323,100.6,0.382,4
-117.843791,33.649323,100.52,0.503,4
-117.843491,33.649323,100.43,0.567,4
-117.843191,33.649323,100.92,0.477,4
-117.842891,33.649323,101.93,0.268,4
-117.842591,33.649323,103,0.122,4
-117.842291,33.649323,103.79,0.143,4
-117.841991,33.649323,104.06,0.253,4
-117.84169,33.649323,103.97,0.502,4
-117.84139,33.649323,103.88,0.478,4
-117.84109,33.649323,103.89,0.301,4
-117.84079,33.649323,103.19,0.277,4
-117.84049,33.649323,103.26,0.447,4
-117.84019,33.649323,103.51,0.452,4
-117.83989,33.649323,104.85,0.306,4
-117.83959,33.649323,105.84,0.263,4
-117.83929,33.649323,106.37,0.22,4
-117.83899,33.649323,106.51,0.163,4
-117.83869,33.649323,106.49,0.181,4
-117.83839,33.649323,106.94,0.235,4
-117.83809,33.649323,107.12,0.302,4
-117.83779,33.649323,106.68,0.316,4
-117.83749,33.649323,106.63,0.343,4
-117.83719,33.649323,106.52,0.31,4
-117.83689,33.649323,106.36,0.327,4
-117.836589,33.649323,106.13,0.339,4
-117.836289,33.649323,105.84,0.355,4
-117.835989,33.649323,105.6,0.36,4
-117.835689,33.649323,105.33,0.341,4
-117.835389,33.649323,105.02,0.293,4
-117.835089,33.649323,104.66,0.266,4
-117.834789,33.649323,104.28,0.237,4
-117.834489,33.649323,103.87,0.196,4
-117.834189,33.649323,103.33,0.2,4
-117.833889,33.649323,102.71,0.212,4
-117.833589,33.649323,102.23,0.259,4
-117.833289,33.649323,101.98,0.405,4
-117.832989,33.649323,102.83,0.477,4
-117.832689,33.649323,103.52,0.377,4
-117.832389,33.649323,104.45,0.249,4
-117.832089,33.649323,105.36,0.303,4
-117.831789,33.649323,106.09,0.351,4
-117.831488,33.649323,106.63,0.37,4
-117.831188,33.649323,106.76,0.317,4
-117.830888,33.649323,106.06,0.27,4
-117.830588,33.649323,105.04,0.325,4
-117.830288,33.649323,104.33,0.357,4
-117.829988,33.649323,103.72,0.256,4
-117.829688,33.649323,103.35,0.271,4
-117.829388,33.649323,103.1,0.363,4
-117.829088,33.649323,103.04,0.446,4
-117.828788,33.649323,102.83,0.322,4
-117.828488,33.649323,102.77,0.34,4
-117.828188,33.649323,102.64,0.35,4
-117.827888,33.649323,102.89,0.384,4
-117.827588,33.649323,102.71,0.35,4
-117.827288,33.649323,102.27,0.333,4
-117.826988,33.649323,101.91,0.319,4
-117.826687,33.649323,101.87,0.336,4
-117.826387,33.649323,102.08,0.458,4
-117.826087,33.649323,102.62,0.577,4
-117.825787,33.649323,103.75,0.487,4
-117.825487,33.649323,104.99,0.314,4
-117.825187,33.649323,105.77,0.271,4
-117.824887,33.649323,105.22,0.258,4
-117.824587,33.649323,105.41,0.298,4
-117.824287,33.649323,105.48,0.45,4
-117.823987,33.649323,105.81,0.407,4
-117.823687,33.649323,106.11,0.27,4
-117.823387,33.649323,106.34,0.227,4
-117.862695,33.649022,95.77,0.392,4
-117.862395,33.649022,95.58,0.595,4
-117.862095,33.649022,96.5,0.546,4
-117.861794,33.649022,98.4,0.294,4
-117.861494,33.649022,100.96,0.185,4
-117.861194,33.649022,103.17,0.195,4
-117.860894,33.649022,104.58,0.24,4
-117.860594,33.649022,105.28,0.255,4
-117.860294,33.649022,105.42,0.288,4
-117.859994,33.649022,105.38,0.189,4
-117.859694,33.649022,105.23,0.156,4
-117.859394,33.649022,104.95,0.31,4
-117.859094,33.649022,104.91,0.339,4
-117.858794,33.649022,105.37,0.223,4
-117.858494,33.649022,106.11,0.18,4
-117.858194,33.649022,107.22,0.378,4
-117.857894,33.649022,108.58,0.261,4
-117.857594,33.649022,109.72,0.259,4
-117.857294,33.649022,110.63,0.244,4
-117.856993,33.649022,111.03,0.256,4
-117.856693,33.649022,110.84,0.274,4
-117.856393,33.649022,110.14,0.283,4
-117.856093,33.649022,109.22,0.267,4
-117.855793,33.649022,108.14,0.272,4
-117.855493,33.649022,106.89,0.335,4
-117.855193,33.649022,105.66,0.362,4
-117.854893,33.649022,104.59,0.284,4
-117.854593,33.649022,103.52,0.245,4
-117.854293,33.649022,102.42,0.242,4
-117.853993,33.649022,101.71,0.256,4
-117.853693,33.649022,101.6,0.325,4
-117.853393,33.649022,101.3,0.538,4
-117.853093,33.649022,100.83,0.41,4
-117.852793,33.649022,99.11,0.392,4
-117.852493,33.649022,98.62,0.365,4
-117.852193,33.649022,98.57,0.467,4
-117.851892,33.649022,98.84,0.528,4
-117.851592,33.649022,99.36,0.529,4
-117.851292,33.649022,99.54,0.618,4
-117.850992,33.649022,99.23,0.755,4
-117.850692,33.649022,98.8,0.786,4
-117.850392,33.649022,98.39,0.779,4
-117.850092,33.649022,98.12,0.767,4
-117.849792,33.649022,97.78,0.752,4
-117.849492,33.649022,97.72,0.745,4
-117.849192,33.649022,97.74,0.749,4
-117.848892,33.649022,99.3,0.767,4
-117.848592,33.649022,99.74,0.767,4
-117.848292,33.649022,99.89,0.693,4
-117.847992,33.649022,100.62,0.641,4
-117.847692,33.649022,101.25,0.579,4
-117.847392,33.649022,101.62,0.406,4
-117.847092,33.649022,102.05,0.254,4
-117.846791,33.649022,102.36,0.295,4
-117.846491,33.649022,102.29,0.407,4
-117.846191,33.649022,101.78,0.433,4
-117.845891,33.649022,100.73,0.338,4
-117.845591,33.649022,100.21,0.317,4
-117.845291,33.649022,99.83,0.343,4
-117.844991,33.649022,99.11,0.443,4
-117.844691,33.649022,98.83,0.469,4
-117.844391,33.649022,98.77,0.51,4
-117.844091,33.649022,99.03,0.558,4
-117.843791,33.649022,99.05,0.6,4
-117.843491,33.649022,99.09,0.627,4
-117.843191,33.649022,99.8,0.537,4
-117.842891,33.649022,101.18,0.305,4
-117.842591,33.649022,102.61,0.114,4
-117.842291,33.649022,103.51,0.114,4
-117.841991,33.649022,103.62,0.167,4
-117.84169,33.649022,103.4,0.279,4
-117.84139,33.649022,103.15,0.429,4
-117.84109,33.649022,102.86,0.505,4
-117.84079,33.649022,103.07,0.322,4
-117.84049,33.649022,103.11,0.346,4
-117.84019,33.649022,103.2,0.492,4
-117.83989,33.649022,104.16,0.489,4
-117.83959,33.649022,105.08,0.438,4
-117.83929,33.649022,105.78,0.387,4
-117.83899,33.649022,105.91,0.339,4
-117.83869,33.649022,105.71,0.295,4
-117.83839,33.649022,106.04,0.255,4
-117.83809,33.649022,106.24,0.285,4
-117.83779,33.649022,106.2,0.317,4
-117.83749,33.649022,106.27,0.372,4
-117.83719,33.649022,106.3,0.352,4
-117.83689,33.649022,106.3,0.269,4
-117.836589,33.649022,106.18,0.297,4
-117.836289,33.649022,105.97,0.297,4
-117.835989,33.649022,105.76,0.294,4
-117.835689,33.649022,105.49,0.332,4
-117.835389,33.649022,105.19,0.309,4
-117.835089,33.649022,105.07,0.273,4
-117.834789,33.649022,104.96,0.274,4
-117.834489,33.649022,104.61,0.279,4
-117.834189,33.649022,103.97,0.279,4
-117.833889,33.649022,102.95,0.266,4
-117.833589,33.649022,102.47,0.304,4
-117.833289,33.649022,102.33,0.405,4
-117.832989,33.649022,102.84,0.364,4
-117.832689,33.649022,103.26,0.347,4
-117.832389,33.649022,103.83,0.297,4
-117.832089,33.649022,104.42,0.311,4
-117.831789,33.649022,104.96,0.378,4
-117.831488,33.649022,105.43,0.403,4
-117.831188,33.649022,105.68,0.405,4
-117.830888,33.649022,105.31,0.357,4
-117.830588,33.649022,104.56,0.341,4
-117.830288,33.649022,103.84,0.345,4
-117.829988,33.649022,103.16,0.241,4
-117.829688,33.649022,102.66,0.307,4
-117.829388,33.649022,102.1,0.305,4
-117.829088,33.649022,101.73,0.305,4
-117.828788,33.649022,101.37,0.238,4
-117.828488,33.649022,101.29,0.242,4
-117.828188,33.649022,101.22,0.231,4
-117.827888,33.649022,101.23,0.265,4
-117.827588,33.649022,101.07,0.238,4
-117.827288,33.649022,100.8,0.182,4
-117.826988,33.649022,100.57,0.136,4
-117.826687,33.649022,100.62,0.182,4
-117.826387,33.649022,101.1,0.361,4
-117.826087,33.649022,101.98,0.49,4
-117.825787,33.649022,103.2,0.378,4
-117.825487,33.649022,104.41,0.294,4
-117.825187,33.649022,105.31,0.33,4
-117.824887,33.649022,105.41,0.315,4
-117.824587,33.649022,105.73,0.198,4
-117.824287,33.649022,105.81,0.434,4
-117.823987,33.649022,105.63,0.495,4
-117.823687,33.649022,105.86,0.45,4
-117.823387,33.649022,106.16,0.379,4
-117.862695,33.648722,94.76,0.645,4
-117.862395,33.648722,94.94,0.789,4
-117.862095,33.648722,95.77,0.69,4
-117.861794,33.648722,97.17,0.378,4
-117.861494,33.648722,100.05,0.192,4
-117.861194,33.648722,102.35,0.19,4
-117.860894,33.648722,103.97,0.19,4
-117.860594,33.648722,104.74,0.231,4
-117.860294,33.648722,104.92,0.278,4
-117.859994,33.648722,105.02,0.202,4
-117.859694,33.648722,105.02,0.166,4
-117.859394,33.648722,104.86,0.274,4
-117.859094,33.648722,104.96,0.29,4
-117.858794,33.648722,105.41,0.2,4
-117.858494,33.648722,106.26,0.233,4
-117.858194,33.648722,107.44,0.337,4
-117.857894,33.648722,108.67,0.268,4
-117.857594,33.648722,109.96,0.254,4
-117.857294,33.648722,110.94,0.254,4
-117.856993,33.648722,111.33,0.26,4
-117.856693,33.648722,111.12,0.265,4
-117.856393,33.648722,110.39,0.261,4
-117.856093,33.648722,109.52,0.239,4
-117.855793,33.648722,108.46,0.262,4
-117.855493,33.648722,107.25,0.329,4
-117.855193,33.648722,106.51,0.359,4
-117.854893,33.648722,106.35,0.345,4
-117.854593,33.648722,105.69,0.349,4
-117.854293,33.648722,105.09,0.405,4
-117.853993,33.648722,104.55,0.441,4
-117.853693,33.648722,103.3,0.472,4
-117.853393,33.648722,102.85,0.428,4
-117.853093,33.648722,101.86,0.279,4
-117.852793,33.648722,100.62,0.311,4
-117.852493,33.648722,99.86,0.386,4
-117.852193,33.648722,99.19,0.434,4
-117.851892,33.648722,98.96,0.511,4
-117.851592,33.648722,99.33,0.558,4
-117.851292,33.648722,99.86,0.605,4
-117.850992,33.648722,100.09,0.715,4
-117.850692,33.648722,99.94,0.772,4
-117.850392,33.648722,99.69,0.764,4
-117.850092,33.648722,99.2,0.755,4
-117.849792,33.648722,97.29,0.74,4
-117.849492,33.648722,97.12,0.747,4
-117.849192,33.648722,97.07,0.763,4
-117.848892,33.648722,99.57,0.77,4
-117.848592,33.648722,100.26,0.767,4
-117.848292,33.648722,100.44,0.646,4
-117.847992,33.648722,100.46,0.526,4
-117.847692,33.648722,100.71,0.535,4
-117.847392,33.648722,101.18,0.548,4
-117.847092,33.648722,101.56,0.465,4
-117.846791,33.648722,101.75,0.401,4
-117.846491,33.648722,101.61,0.397,4
-117.846191,33.648722,101.27,0.335,4
-117.845891,33.648722,100.82,0.283,4
-117.845591,33.648722,100.33,0.446,4
-117.845291,33.648722,99.94,0.652,4
-117.844991,33.648722,97.51,0.551,4
-117.844691,33.648722,96.95,0.502,4
-117.844391,33.648722,96.84,0.492,4
-117.844091,33.648722,96.8,0.507,4
-117.843791,33.648722,96.82,0.555,4
-117.843491,33.648722,96.99,0.638,4
-117.843191,33.648722,97.78,0.626,4
-117.842891,33.648722,99.41,0.403,4
-117.842591,33.648722,101.06,0.142,4
-117.842291,33.648722,101.85,0.103,4
-117.841991,33.648722,101.91,0.124,4
-117.84169,33.648722,101.79,0.128,4
-117.84139,33.648722,101.6,0.188,4
-117.84109,33.648722,101.23,0.356,4
-117.84079,33.648722,102.81,0.395,4
-117.84049,33.648722,103.03,0.339,4
-117.84019,33.648722,103.04,0.486,4
-117.83989,33.648722,103.57,0.625,4
-117.83959,33.648722,104.38,0.641,4
-117.83929,33.648722,105.18,0.575,4
-117.83899,33.648722,105.17,0.498,4
-117.83869,33.648722,104.64,0.444,4
-117.83839,33.648722,104.79,0.382,4
-117.83809,33.648722,105,0.284,4
-117.83779,33.648722,105.48,0.299,4
-117.83749,33.648722,105.68,0.333,4
-117.83719,33.648722,105.86,0.306,4
-117.83689,33.648722,105.98,0.228,4
-117.836589,33.648722,105.97,0.268,4
-117.836289,33.648722,105.83,0.275,4
-117.835989,33.648722,105.71,0.298,4
-117.835689,33.648722,105.5,0.348,4
-117.835389,33.648722,105.26,0.309,4
-117.835089,33.648722,105.37,0.249,4
-117.834789,33.648722,105.48,0.26,4
-117.834489,33.648722,105.13,0.311,4
-117.834189,33.648722,104.36,0.335,4
-117.833889,33.648722,103,0.283,4
-117.833589,33.648722,102.5,0.284,4
-117.833289,33.648722,102.35,0.332,4
-117.832989,33.648722,102.64,0.334,4
-117.832689,33.648722,102.89,0.36,4
-117.832389,33.648722,103.23,0.369,4
-117.832089,33.648722,103.58,0.381,4
-117.831789,33.648722,103.9,0.472,4
-117.831488,33.648722,104.23,0.457,4
-117.831188,33.648722,104.49,0.44,4
-117.830888,33.648722,104.43,0.392,4
-117.830588,33.648722,103.98,0.318,4
-117.830288,33.648722,103.31,0.307,4
-117.829988,33.648722,102.56,0.261,4
-117.829688,33.648722,101.94,0.216,4
-117.829388,33.648722,101.06,0.18,4
-117.829088,33.648722,100.45,0.134,4
-117.828788,33.648722,99.87,0.121,4
-117.828488,33.648722,99.8,0.132,4
-117.828188,33.648722,99.98,0.103,4
-117.827888,33.648722,100.15,0.104,4
-117.827588,33.648722,100.21,0.178,4
-117.827288,33.648722,100.19,0.165,4
-117.826988,33.648722,100.16,0.148,4
-117.826687,33.648722,100.37,0.183,4
-117.826387,33.648722,100.96,0.239,4
-117.826087,33.648722,101.88,0.284,4
-117.825787,33.648722,102.99,0.261,4
-117.825487,33.648722,103.93,0.279,4
-117.825187,33.648722,104.77,0.355,4
-117.824887,33.648722,105.2,0.497,4
-117.824587,33.648722,105.72,0.365,4
-117.824287,33.648722,105.87,0.341,4
-117.823987,33.648722,105.5,0.471,4
-117.823687,33.648722,105.62,0.518,4
-117.823387,33.648722,105.94,0.389,4
-117.862395,33.648422,94.66,0.782,4
-117.862095,33.648422,94.89,0.771,4
-117.861794,33.648422,96.28,0.507,4
-117.861494,33.648422,99.03,0.216,4
-117.861194,33.648422,101.51,0.187,4
-117.860894,33.648422,103.41,0.157,4
-117.860594,33.648422,104.38,0.198,4
-117.860294,33.648422,104.72,0.207,4
-117.859994,33.648422,104.85,0.168,4
-117.859694,33.648422,104.74,0.186,4
-117.859394,33.648422,104.48,0.235,4
-117.859094,33.648422,104.58,0.211,4
-117.858794,33.648422,105.13,0.195,4
-117.858494,33.648422,105.95,0.32,4
-117.858194,33.648422,107.19,0.296,4
-117.857894,33.648422,108.65,0.268,4
-117.857594,33.648422,110.16,0.256,4
-117.857294,33.648422,111.12,0.251,4
-117.856993,33.648422,111.46,0.252,4
-117.856693,33.648422,111.2,0.245,4
-117.856393,33.648422,110.41,0.249,4
-117.856093,33.648422,109.49,0.257,4
-117.855793,33.648422,108.48,0.331,4
-117.855493,33.648422,107.4,0.33,4
-117.855193,33.648422,106.76,0.192,4
-117.854893,33.648422,106.7,0.165,4
-117.854593,33.648422,106.35,0.205,4
-117.854293,33.648422,106.2,0.353,4
-117.853993,33.648422,105.89,0.449,4
-117.853693,33.648422,104.58,0.404,4
-117.853393,33.648422,103.88,0.504,4
-117.853093,33.648422,102.66,0.406,4
-117.852793,33.648422,101.04,0.457,4
-117.852493,33.648422,99.62,0.543,4
-117.852193,33.648422,98.42,0.555,4
-117.851892,33.648422,98,0.49,4
-117.851592,33.648422,98.4,0.46,4
-117.851292,33.648422,99.11,0.504,4
-117.850992,33.648422,99.75,0.578,4
-117.850692,33.648422,100.08,0.679,4
-117.850392,33.648422,100.13,0.734,4
-117.850092,33.648422,99.82,0.763,4
-117.849792,33.648422,97.8,0.768,4
-117.849492,33.648422,97.77,0.75,4
-117.849192,33.648422,97.76,0.757,4
-117.848892,33.648422,100.24,0.75,4
-117.848592,33.648422,100.96,0.696,4
-117.848292,33.648422,101.03,0.478,4
-117.847992,33.648422,100.84,0.256,4
-117.847692,33.648422,100.83,0.261,4
-117.847392,33.648422,101.11,0.423,4
-117.847092,33.648422,101.4,0.463,4
-117.846791,33.648422,101.55,0.328,4
-117.846491,33.648422,101.5,0.238,4
-117.846191,33.648422,101.28,0.181,4
-117.845891,33.648422,100.89,0.281,4
-117.845591,33.648422,100.39,0.535,4
-117.845291,33.648422,99.83,0.671,4
-117.844991,33.648422,97.27,0.577,4
-117.844691,33.648422,97.02,0.29,4
-117.844391,33.648422,96.88,0.243,4
-117.844091,33.648422,96.66,0.333,4
-117.843791,33.648422,96.72,0.373,4
-117.843491,33.648422,96.89,0.478,4
-117.843191,33.648422,97.32,0.592,4
-117.842891,33.648422,98.47,0.478,4
-117.842591,33.648422,99.92,0.221,4
-117.842291,33.648422,100.69,0.125,4
-117.841991,33.648422,100.83,0.153,4
-117.84169,33.648422,100.77,0.18,4
-117.84139,33.648422,100.84,0.154,4
-117.84109,33.648422,100.73,0.194,4
-117.84079,33.648422,102.16,0.453,4
-117.84049,33.648422,102.41,0.424,4
-117.84019,33.648422,102.51,0.527,4
-117.83989,33.648422,103.15,0.556,4
-117.83959,33.648422,104.03,0.488,4
-117.83929,33.648422,104.81,0.463,4
-117.83899,33.648422,104.69,0.496,4
-117.83869,33.648422,103.95,0.528,4
-117.83839,33.648422,103.95,0.496,4
-117.83809,33.648422,104.06,0.335,4
-117.83779,33.648422,104.56,0.264,4
-117.83749,33.648422,104.86,0.31,4
-117.83719,33.648422,105.17,0.33,4
-117.83689,33.648422,105.37,0.257,4
-117.836589,33.648422,105.43,0.27,4
-117.836289,33.648422,105.32,0.267,4
-117.835989,33.648422,105.29,0.275,4
-117.835689,33.648422,105.22,0.333,4
-117.835389,33.648422,105.11,0.324,4
-117.835089,33.648422,105.28,0.261,4
-117.834789,33.648422,105.36,0.244,4
-117.834489,33.648422,104.94,0.3,4
-117.834189,33.648422,104.2,0.375,4
-117.833889,33.648422,102.86,0.351,4
-117.833589,33.648422,102.4,0.337,4
-117.833289,33.648422,102.21,0.39,4
-117.832989,33.648422,102.44,0.424,4
-117.832689,33.648422,102.62,0.378,4
-117.832389,33.648422,102.84,0.35,4
-117.832089,33.648422,103.08,0.377,4
-117.831789,33.648422,103.27,0.379,4
-117.831488,33.648422,103.49,0.304,4
-117.831188,33.648422,103.75,0.249,4
-117.830888,33.648422,103.78,0.223,4
-117.830588,33.648422,103.45,0.213,4
-117.830288,33.648422,102.87,0.289,4
-117.829988,33.648422,102.05,0.37,4
-117.829688,33.648422,101.26,0.214,4
-117.829388,33.648422,100.09,0.11,4
-117.829088,33.648422,99.28,0.075,4
-117.828788,33.648422,98.71,0.098,4
-117.828488,33.648422,98.79,0.112,4
-117.828188,33.648422,99.25,0.071,4
-117.827888,33.648422,99.88,0.07,4
-117.827588,33.648422,100.48,0.137,4
-117.827288,33.648422,100.89,0.154,4
-117.826988,33.648422,101.18,0.171,4
-117.826687,33.648422,101.53,0.262,4
-117.826387,33.648422,101.96,0.318,4
-117.826087,33.648422,102.51,0.247,4
-117.825787,33.648422,103.2,0.207,4
-117.825487,33.648422,103.8,0.327,4
-117.825187,33.648422,104.45,0.415,4
-117.824887,33.648422,104.85,0.568,4
-117.824587,33.648422,105.45,0.43,4
-117.824287,33.648422,105.81,0.296,4
-117.823987,33.648422,105.45,0.414,4
-117.823687,33.648422,105.38,0.493,4
-117.862095,33.648122,94.54,0.818,4
-117.861794,33.648122,95.61,0.619,4
-117.861494,33.648122,98.11,0.276,4
-117.861194,33.648122,100.61,0.214,4
-117.860894,33.648122,102.87,0.194,4
-117.860594,33.648122,104.2,0.231,4
-117.860294,33.648122,104.74,0.214,4
-117.859994,33.648122,104.76,0.183,4
-117.859694,33.648122,104.42,0.22,4
-117.859394,33.648122,104.05,0.235,4
-117.859094,33.648122,104.13,0.199,4
-117.858794,33.648122,104.91,0.288,4
-117.858494,33.648122,105.85,0.387,4
-117.858194,33.648122,107.11,0.283,4
-117.857894,33.648122,108.68,0.268,4
-117.857594,33.648122,110.33,0.248,4
-117.857294,33.648122,111.28,0.234,4
-117.856993,33.648122,111.62,0.231,4
-117.856693,33.648122,111.33,0.252,4
-117.856393,33.648122,110.5,0.269,4
-117.856093,33.648122,109.56,0.285,4
-117.855793,33.648122,108.59,0.37,4
-117.855493,33.648122,107.6,0.369,4
-117.855193,33.648122,106.85,0.198,4
-117.854893,33.648122,106.48,0.136,4
-117.854593,33.648122,106.26,0.162,4
-117.854293,33.648122,106.29,0.249,4
-117.853993,33.648122,106.34,0.265,4
-117.853693,33.648122,105.37,0.335,4
-117.853393,33.648122,104.61,0.463,4
-117.853093,33.648122,103.42,0.419,4
-117.852793,33.648122,101.56,0.415,4
-117.852493,33.648122,99.7,0.493,4
-117.852193,33.648122,98.33,0.655,4
-117.851892,33.648122,97.94,0.655,4
-117.851592,33.648122,98.34,0.512,4
-117.851292,33.648122,99.19,0.437,4
-117.850992,33.648122,100.22,0.456,4
-117.850692,33.648122,100.85,0.506,4
-117.850392,33.648122,101.1,0.593,4
-117.850092,33.648122,101.13,0.694,4
-117.849792,33.648122,100.32,0.759,4
-117.849492,33.648122,100.55,0.743,4
-117.849192,33.648122,100.78,0.737,4
-117.848892,33.648122,101.86,0.642,4
-117.848592,33.648122,102.15,0.501,4
-117.848292,33.648122,102.1,0.332,4
-117.847992,33.648122,101.88,0.183,4
-117.847692,33.648122,101.59,0.184,4
-117.847392,33.648122,101.42,0.336,4
-117.847092,33.648122,101.42,0.368,4
-117.846791,33.648122,101.54,0.179,4
-117.846491,33.648122,101.6,0.101,4
-117.846191,33.648122,101.55,0.141,4
-117.845891,33.648122,101.25,0.34,4
-117.845591,33.648122,100.79,0.426,4
-117.845291,33.648122,100.02,0.44,4
-117.844991,33.648122,97.29,0.556,4
-117.844691,33.648122,97.03,0.254,4
-117.844391,33.648122,96.93,0.149,4
-117.844091,33.648122,96.61,0.249,4
-117.843791,33.648122,96.47,0.319,4
-117.843491,33.648122,96.41,0.451,4
-117.843191,33.648122,96.48,0.626,4
-117.842891,33.648122,97.17,0.605,4
-117.842591,33.648122,98.3,0.39,4
-117.842291,33.648122,99.06,0.242,4
-117.841991,33.648122,99.24,0.3,4
-117.84169,33.648122,99.25,0.341,4
-117.84139,33.648122,99.4,0.324,4
-117.84109,33.648122,99.67,0.268,4
-117.84079,33.648122,101.35,0.4,4
-117.84049,33.648122,101.82,0.51,4
-117.84019,33.648122,102.11,0.541,4
-117.83989,33.648122,102.89,0.538,4
-117.83959,33.648122,103.73,0.462,4
-117.83929,33.648122,104.32,0.329,4
-117.83899,33.648122,103.99,0.28,4
-117.83869,33.648122,103.06,0.376,4
-117.83839,33.648122,102.95,0.463,4
-117.83809,33.648122,103.04,0.397,4
-117.83779,33.648122,103.61,0.299,4
-117.83749,33.648122,103.99,0.404,4
-117.83719,33.648122,104.34,0.451,4
-117.83689,33.648122,104.6,0.419,4
-117.836589,33.648122,104.69,0.352,4
-117.836289,33.648122,104.63,0.349,4
-117.835989,33.648122,104.68,0.341,4
-117.835689,33.648122,104.76,0.357,4
-117.835389,33.648122,104.76,0.33,4
-117.835089,33.648122,104.98,0.306,4
-117.834789,33.648122,105.1,0.34,4
-117.834489,33.648122,104.69,0.378,4
-117.834189,33.648122,103.93,0.422,4
-117.833889,33.648122,102.61,0.499,4
-117.833589,33.648122,102.24,0.454,4
-117.833289,33.648122,102.14,0.349,4
-117.832989,33.648122,102.36,0.337,4
-117.832689,33.648122,102.51,0.234,4
-117.832389,33.648122,102.65,0.178,4
-117.832089,33.648122,102.77,0.165,4
-117.831789,33.648122,102.9,0.168,4
-117.831488,33.648122,103.06,0.137,4
-117.831188,33.648122,103.23,0.162,4
-117.830888,33.648122,103.21,0.235,4
-117.830588,33.648122,102.94,0.284,4
-117.830288,33.648122,102.41,0.368,4
-117.829988,33.648122,101.57,0.446,4
-117.829688,33.648122,100.77,0.233,4
-117.829388,33.648122,99.64,0.089,4
-117.829088,33.648122,98.9,0.112,4
-117.828788,33.648122,98.5,0.136,4
-117.828488,33.648122,98.73,0.127,4
-117.828188,33.648122,99.35,0.14,4
-117.827888,33.648122,100.27,0.112,4
-117.827588,33.648122,101.24,0.099,4
-117.827288,33.648122,102.05,0.138,4
-117.826988,33.648122,102.67,0.209,4
-117.826687,33.648122,103.12,0.224,4
-117.826387,33.648122,103.48,0.183,4
-117.826087,33.648122,103.8,0.19,4
-117.825787,33.648122,104.08,0.244,4
-117.825487,33.648122,104.28,0.344,4
-117.825187,33.648122,104.53,0.591,4
-117.824887,33.648122,104.71,0.436,4
-117.824587,33.648122,105.25,0.399,4
-117.824287,33.648122,105.72,0.272,4
-117.823987,33.648122,105.44,0.282,4
-117.823687,33.648122,105.34,0.446,4
-117.862095,33.647822,93.21,0.786,4
-117.861794,33.647822,94.25,0.682,4
-117.861494,33.647822,96.82,0.337,4
-117.861194,33.647822,99.44,0.216,4
-117.860894,33.647822,102.6,0.235,4
-117.860594,33.647822,104.36,0.361,4
-117.860294,33.647822,104.95,0.341,4
-117.859994,33.647822,104.71,0.224,4
-117.859694,33.647822,104.04,0.21,4
-117.859394,33.647822,103.6,0.267,4
-117.859094,33.647822,103.7,0.302,4
-117.858794,33.647822,104.87,0.371,4
-117.858494,33.647822,106.04,0.36,4
-117.858194,33.647822,107.42,0.264,4
-117.857894,33.647822,108.73,0.259,4
-117.857594,33.647822,110.17,0.24,4
-117.857294,33.647822,111.18,0.223,4
-117.856993,33.647822,111.66,0.233,4
-117.856693,33.647822,111.42,0.253,4
-117.856393,33.647822,110.63,0.257,4
-117.856093,33.647822,109.76,0.282,4
-117.855793,33.647822,108.91,0.384,4
-117.855493,33.647822,108.05,0.458,4
-117.855193,33.647822,107.06,0.404,4
-117.854893,33.647822,105.94,0.344,4
-117.854593,33.647822,105.65,0.299,4
-117.854293,33.647822,105.61,0.223,4
-117.853993,33.647822,106.16,0.193,4
-117.853693,33.647822,105.76,0.322,4
-117.853393,33.647822,105.12,0.452,4
-117.853093,33.647822,104.15,0.421,4
-117.852793,33.647822,102.39,0.372,4
-117.852493,33.647822,100.56,0.413,4
-117.852193,33.647822,99.31,0.6,4
-117.851892,33.647822,98.74,0.743,4
-117.851592,33.647822,98.87,0.679,4
-117.851292,33.647822,99.8,0.521,4
-117.850992,33.647822,101.02,0.448,4
-117.850692,33.647822,101.65,0.445,4
-117.850392,33.647822,102.16,0.481,4
-117.850092,33.647822,102.56,0.575,4
-117.849792,33.647822,103.2,0.598,4
-117.849492,33.647822,103.44,0.59,4
-117.849192,33.647822,103.7,0.593,4
-117.848892,33.647822,103.43,0.431,4
-117.848592,33.647822,103.25,0.277,4
-117.848292,33.647822,103.04,0.212,4
-117.847992,33.647822,102.88,0.213,4
-117.847692,33.647822,102.49,0.305,4
-117.847392,33.647822,102,0.361,4
-117.847092,33.647822,101.89,0.235,4
-117.846791,33.647822,102.06,0.07,4
-117.846491,33.647822,102.17,0.084,4
-117.846191,33.647822,102.1,0.207,4
-117.845891,33.647822,101.58,0.316,4
-117.845591,33.647822,100.94,0.303,4
-117.845291,33.647822,99.95,0.27,4
-117.844991,33.647822,97.56,0.404,4
-117.844691,33.647822,97.07,0.249,4
-117.844391,33.647822,96.78,0.228,4
-117.844091,33.647822,96.37,0.284,4
-117.843791,33.647822,96.05,0.328,4
-117.843491,33.647822,95.64,0.478,4
-117.843191,33.647822,95.36,0.678,4
-117.842891,33.647822,95.61,0.717,4
-117.842591,33.647822,96.32,0.56,4
-117.842291,33.647822,97.12,0.33,4
-117.841991,33.647822,97.6,0.271,4
-117.84169,33.647822,97.8,0.313,4
-117.84139,33.647822,97.86,0.475,4
-117.84109,33.647822,98.43,0.403,4
-117.84079,33.647822,99.27,0.477,4
-117.84049,33.647822,99.73,0.535,4
-117.84019,33.647822,100.54,0.375,4
-117.83989,33.647822,101.09,0.37,4
-117.83959,33.647822,101.52,0.41,4
-117.83929,33.647822,101.88,0.376,4
-117.83899,33.647822,101.94,0.31,4
-117.83869,33.647822,101.75,0.282,4
-117.83839,33.647822,101.49,0.357,4
-117.83809,33.647822,101.59,0.364,4
-117.83779,33.647822,102.34,0.291,4
-117.83749,33.647822,102.81,0.387,4
-117.83719,33.647822,103.2,0.4,4
-117.83689,33.647822,103.47,0.441,4
-117.836589,33.647822,103.55,0.47,4
-117.836289,33.647822,103.52,0.473,4
-117.835989,33.647822,103.24,0.479,4
-117.835689,33.647822,103.15,0.432,4
-117.835389,33.647822,103.23,0.31,4
-117.835089,33.647822,103.29,0.276,4
-117.834789,33.647822,103.24,0.373,4
-117.834489,33.647822,102.96,0.436,4
-117.834189,33.647822,102.33,0.396,4
-117.833889,33.647822,101.48,0.255,4
-117.833589,33.647822,101.39,0.172,4
-117.833289,33.647822,101.44,0.135,4
-117.832989,33.647822,102.82,0.14,4
-117.832689,33.647822,103.03,0.142,4
-117.832389,33.647822,103.08,0.176,4
-117.832089,33.647822,103.09,0.188,4
-117.831789,33.647822,103.11,0.217,4
-117.831488,33.647822,103.12,0.23,4
-117.831188,33.647822,103.13,0.238,4
-117.830888,33.647822,102.88,0.284,4
-117.830588,33.647822,102.42,0.365,4
-117.830288,33.647822,101.98,0.444,4
-117.829988,33.647822,101.21,0.444,4
-117.829688,33.647822,100.06,0.284,4
-117.829388,33.647822,99.24,0.132,4
-117.829088,33.647822,98.86,0.182,4
-117.828788,33.647822,98.98,0.194,4
-117.828488,33.647822,99.22,0.13,4
-117.828188,33.647822,99.74,0.145,4
-117.827888,33.647822,101.06,0.197,4
-117.827588,33.647822,102.2,0.212,4
-117.827288,33.647822,103.16,0.23,4
-117.826988,33.647822,104.09,0.252,4
-117.826687,33.647822,104.84,0.243,4
-117.826387,33.647822,105.32,0.216,4
-117.826087,33.647822,105.43,0.232,4
-117.825787,33.647822,105.12,0.305,4
-117.825487,33.647822,104.92,0.329,4
-117.825187,33.647822,104.65,0.411,4
-117.824887,33.647822,104.81,0.423,4
-117.824587,33.647822,105.24,0.392,4
-117.824287,33.647822,105.81,0.363,4
-117.823987,33.647822,105.82,0.264,4
-117.823687,33.647822,105.82,0.364,4
-117.861794,33.647522,94.56,0.695,4
-117.861494,33.647522,96.79,0.395,4
-117.861194,33.647522,99.29,0.224,4
-117.860894,33.647522,102.22,0.235,4
-117.860594,33.647522,103.91,0.376,4
-117.860294,33.647522,104.39,0.377,4
-117.859994,33.647522,104.07,0.229,4
-117.859694,33.647522,103.43,0.196,4
-117.859394,33.647522,103.06,0.32,4
-117.859094,33.647522,103.14,0.383,4
-117.858794,33.647522,104.38,0.381,4
-117.858494,33.647522,105.69,0.305,4
-117.858194,33.647522,107.13,0.207,4
-117.857894,33.647522,108.28,0.225,4
-117.857594,33.647522,109.56,0.244,4
-117.857294,33.647522,110.54,0.232,4
-117.856993,33.647522,111.02,0.217,4
-117.856693,33.647522,110.88,0.218,4
-117.856393,33.647522,110.27,0.236,4
-117.856093,33.647522,109.6,0.279,4
-117.855793,33.647522,108.95,0.335,4
-117.855493,33.647522,108.24,0.381,4
-117.855193,33.647522,107.32,0.411,4
-117.854893,33.647522,106.07,0.421,4
-117.854593,33.647522,105.5,0.412,4
-117.854293,33.647522,105.16,0.399,4
-117.853993,33.647522,105.67,0.388,4
-117.853693,33.647522,105.47,0.456,4
-117.853393,33.647522,105.14,0.458,4
-117.853093,33.647522,104.55,0.378,4
-117.852793,33.647522,103.22,0.333,4
-117.852493,33.647522,101.67,0.361,4
-117.852193,33.647522,100.31,0.507,4
-117.851892,33.647522,99.42,0.653,4
-117.851592,33.647522,99.33,0.651,4
-117.851292,33.647522,100.27,0.567,4
-117.850992,33.647522,101.59,0.557,4
-117.850692,33.647522,102.13,0.563,4
-117.850392,33.647522,102.82,0.541,4
-117.850092,33.647522,103.26,0.555,4
-117.849792,33.647522,103.98,0.517,4
-117.849492,33.647522,104.21,0.501,4
-117.849192,33.647522,104.41,0.455,4
-117.848892,33.647522,104.12,0.309,4
-117.848592,33.647522,104.05,0.198,4
-117.848292,33.647522,103.71,0.233,4
-117.847992,33.647522,103.37,0.348,4
-117.847692,33.647522,102.86,0.432,4
-117.847392,33.647522,102.38,0.427,4
-117.847092,33.647522,102.42,0.289,4
-117.846791,33.647522,102.74,0.098,4
-117.846491,33.647522,102.84,0.129,4
-117.846191,33.647522,102.72,0.237,4
-117.845891,33.647522,102.02,0.265,4
-117.845591,33.647522,101.04,0.219,4
-117.845291,33.647522,99.82,0.156,4
-117.844991,33.647522,97.48,0.37,4
-117.844691,33.647522,96.81,0.293,4
-117.844391,33.647522,96.43,0.29,4
-117.844091,33.647522,96.05,0.259,4
-117.843791,33.647522,95.67,0.272,4
-117.843491,33.647522,95.2,0.395,4
-117.843191,33.647522,94.68,0.57,4
-117.842891,33.647522,94.39,0.7,4
-117.842591,33.647522,94.62,0.694,4
-117.842291,33.647522,95.24,0.549,4
-117.841991,33.647522,96.03,0.288,4
-117.84169,33.647522,96.73,0.181,4
-117.84139,33.647522,96.71,0.532,4
-117.84109,33.647522,97.31,0.509,4
-117.84079,33.647522,97.88,0.606,4
-117.84049,33.647522,98.4,0.606,4
-117.84019,33.647522,99.15,0.466,4
-117.83989,33.647522,99.71,0.351,4
-117.83959,33.647522,100.12,0.262,4
-117.83929,33.647522,100.4,0.201,4
-117.83899,33.647522,100.5,0.218,4
-117.83869,33.647522,100.41,0.317,4
-117.83839,33.647522,100.13,0.413,4
-117.83809,33.647522,100.3,0.375,4
-117.83779,33.647522,101.31,0.166,4
-117.83749,33.647522,101.83,0.123,4
-117.83719,33.647522,102.29,0.134,4
-117.83689,33.647522,102.54,0.16,4
-117.836589,33.647522,102.56,0.387,4
-117.836289,33.647522,102.52,0.395,4
-117.835989,33.647522,102.27,0.351,4
-117.835689,33.647522,102.27,0.46,4
-117.835389,33.647522,102.54,0.442,4
-117.835089,33.647522,102.82,0.344,4
-117.834789,33.647522,102.95,0.413,4
-117.834489,33.647522,102.77,0.537,4
-117.834189,33.647522,102.18,0.481,4
-117.833889,33.647522,101.6,0.183,4
-117.833589,33.647522,101.51,0.172,4
-117.833289,33.647522,101.67,0.189,4
-117.832989,33.647522,103.31,0.207,4
-117.832689,33.647522,103.56,0.276,4
-117.832389,33.647522,103.53,0.282,4
-117.832089,33.647522,103.44,0.346,4
-117.831789,33.647522,103.32,0.288,4
-117.831488,33.647522,103.12,0.222,4
-117.831188,33.647522,102.85,0.237,4
-117.830888,33.647522,102.38,0.229,4
-117.830588,33.647522,101.88,0.223,4
-117.830288,33.647522,101.64,0.305,4
-117.829988,33.647522,101.21,0.304,4
-117.829688,33.647522,100.4,0.298,4
-117.829388,33.647522,99.91,0.141,4
-117.829088,33.647522,99.76,0.175,4
-117.828788,33.647522,99.92,0.185,4
-117.828488,33.647522,100.17,0.199,4
-117.828188,33.647522,100.48,0.268,4
-117.827888,33.647522,101.52,0.298,4
-117.827588,33.647522,102.37,0.336,4
-117.827288,33.647522,103.12,0.376,4
-117.826988,33.647522,104.02,0.365,4
-117.826687,33.647522,104.93,0.326,4
-117.826387,33.647522,105.69,0.29,4
-117.826087,33.647522,106.05,0.242,4
-117.825787,33.647522,105.79,0.248,4
-117.825487,33.647522,105.34,0.312,4
-117.825187,33.647522,104.64,0.374,4
-117.824887,33.647522,104.57,0.437,4
-117.824587,33.647522,104.96,0.406,4
-117.824287,33.647522,105.63,0.369,4
-117.823987,33.647522,105.79,0.324,4
-117.823687,33.647522,105.88,0.336,4
-117.861494,33.647222,97.54,0.437,4
-117.861194,33.647222,99.21,0.24,4
-117.860894,33.647222,101.82,0.21,4
-117.860594,33.647222,103.48,0.346,4
-117.860294,33.647222,103.86,0.361,4
-117.859994,33.647222,103.47,0.225,4
-117.859694,33.647222,102.93,0.231,4
-117.859394,33.647222,102.71,0.403,4
-117.859094,33.647222,102.86,0.432,4
-117.858794,33.647222,104.2,0.416,4
-117.858494,33.647222,105.42,0.321,4
-117.858194,33.647222,106.58,0.197,4
-117.857894,33.647222,107.33,0.224,4
-117.857594,33.647222,108.48,0.257,4
-117.857294,33.647222,109.29,0.221,4
-117.856993,33.647222,109.67,0.185,4
-117.856693,33.647222,109.65,0.206,4
-117.856393,33.647222,109.36,0.258,4
-117.856093,33.647222,109.07,0.299,4
-117.855793,33.647222,108.72,0.299,4
-117.855493,33.647222,108.17,0.271,4
-117.855193,33.647222,107.29,0.272,4
-117.854893,33.647222,105.92,0.3,4
-117.854593,33.647222,105.07,0.263,4
-117.854293,33.647222,104.46,0.27,4
-117.853993,33.647222,104.91,0.452,4
-117.853693,33.647222,104.98,0.551,4
-117.853393,33.647222,105.13,0.451,4
-117.853093,33.647222,104.98,0.344,4
-117.852793,33.647222,104.03,0.305,4
-117.852493,33.647222,102.64,0.319,4
-117.852193,33.647222,101.16,0.449,4
-117.851892,33.647222,100.14,0.586,4
-117.851592,33.647222,100.18,0.554,4
-117.851292,33.647222,101.21,0.477,4
-117.850992,33.647222,102.23,0.559,4
-117.850692,33.647222,102.51,0.605,4
-117.850392,33.647222,103.18,0.573,4
-117.850092,33.647222,103.57,0.574,4
-117.849792,33.647222,104.23,0.573,4
-117.849492,33.647222,104.38,0.533,4
-117.849192,33.647222,104.47,0.524,4
-117.848892,33.647222,104.02,0.39,4
-117.848592,33.647222,103.89,0.208,4
-117.848292,33.647222,103.59,0.321,4
-117.847992,33.647222,103.15,0.451,4
-117.847692,33.647222,102.61,0.475,4
-117.847392,33.647222,102.29,0.501,4
-117.847092,33.647222,102.59,0.445,4
-117.846791,33.647222,103.16,0.282,4
-117.846491,33.647222,103.37,0.299,4
-117.846191,33.647222,103.08,0.345,4
-117.845891,33.647222,102.19,0.289,4
-117.845591,33.647222,100.96,0.123,4
-117.845291,33.647222,99.62,0.249,4
-117.844991,33.647222,97.13,0.403,4
-117.844691,33.647222,96.38,0.251,4
-117.844391,33.647222,96.04,0.184,4
-117.844091,33.647222,95.57,0.173,4
-117.843791,33.647222,95.12,0.252,4
-117.843491,33.647222,94.74,0.406,4
-117.843191,33.647222,94.41,0.548,4
-117.842891,33.647222,94.22,0.642,4
-117.842591,33.647222,94.23,0.689,4
-117.842291,33.647222,94.54,0.664,4
-117.841991,33.647222,95.3,0.44,4
-117.84169,33.647222,96.1,0.217,4
-117.84139,33.647222,96.35,0.397,4
-117.84109,33.647222,97.11,0.219,4
-117.84079,33.647222,97.65,0.369,4
-117.84049,33.647222,97.62,0.569,4
-117.84019,33.647222,97.91,0.555,4
-117.83989,33.647222,98.42,0.33,4
-117.83959,33.647222,98.9,0.176,4
-117.83929,33.647222,99.28,0.136,4
-117.83899,33.647222,99.63,0.119,4
-117.83869,33.647222,99.82,0.18,4
-117.83839,33.647222,99.62,0.303,4
-117.83809,33.647222,99.79,0.319,4
-117.83779,33.647222,100.74,0.338,4
-117.83749,33.647222,101.29,0.208,4
-117.83719,33.647222,101.76,0.184,4
-117.83689,33.647222,101.94,0.119,4
-117.836589,33.647222,101.87,0.29,4
-117.836289,33.647222,101.76,0.31,4
-117.835989,33.647222,101.58,0.168,4
-117.835689,33.647222,101.74,0.269,4
-117.835389,33.647222,102.23,0.403,4
-117.835089,33.647222,102.72,0.372,4
-117.834789,33.647222,102.96,0.333,4
-117.834489,33.647222,102.83,0.442,4
-117.834189,33.647222,102.34,0.595,4
-117.833889,33.647222,101.77,0.354,4
-117.833589,33.647222,101.83,0.275,4
-117.833289,33.647222,101.99,0.275,4
-117.832989,33.647222,103.74,0.398,4
-117.832689,33.647222,104.02,0.395,4
-117.832389,33.647222,103.98,0.34,4
-117.832089,33.647222,103.85,0.287,4
-117.831789,33.647222,103.61,0.257,4
-117.831488,33.647222,103.16,0.215,4
-117.831188,33.647222,102.58,0.176,4
-117.830888,33.647222,101.89,0.167,4
-117.830588,33.647222,101.36,0.232,4
-117.830288,33.647222,101.32,0.341,4
-117.829988,33.647222,101.19,0.331,4
-117.829688,33.647222,100.68,0.32,4
-117.829388,33.647222,100.38,0.197,4
-117.829088,33.647222,100.16,0.144,4
-117.828788,33.647222,100.24,0.232,4
-117.828488,33.647222,100.35,0.34,4
-117.828188,33.647222,100.55,0.326,4
-117.827888,33.647222,101.41,0.314,4
-117.827588,33.647222,102.04,0.335,4
-117.827288,33.647222,102.55,0.401,4
-117.826988,33.647222,103.36,0.398,4
-117.826687,33.647222,104.37,0.34,4
-117.826387,33.647222,105.27,0.305,4
-117.826087,33.647222,105.77,0.243,4
-117.825787,33.647222,105.66,0.248,4
-117.825487,33.647222,105.29,0.327,4
-117.825187,33.647222,104.67,0.363,4
-117.824887,33.647222,104.56,0.43,4
-117.824587,33.647222,104.81,0.434,4
-117.824287,33.647222,105.34,0.333,4
-117.823987,33.647222,105.52,0.315,4
-117.861494,33.646922,97.74,0.483,4
-117.861194,33.646922,98.68,0.259,4
-117.860894,33.646922,101.34,0.208,4
-117.860594,33.646922,103.07,0.279,4
-117.860294,33.646922,103.46,0.303,4
-117.859994,33.646922,103.19,0.218,4
-117.859694,33.646922,102.74,0.234,4
-117.859394,33.646922,102.59,0.418,4
-117.859094,33.646922,102.9,0.423,4
-117.858794,33.646922,104.25,0.439,4
-117.858494,33.646922,105.15,0.426,4
-117.858194,33.646922,105.97,0.326,4
-117.857894,33.646922,106.19,0.355,4
-117.857594,33.646922,106.97,0.335,4
-117.857294,33.646922,107.58,0.284,4
-117.856993,33.646922,107.96,0.245,4
-117.856693,33.646922,108.1,0.275,4
-117.856393,33.646922,108.06,0.358,4
-117.856093,33.646922,108.05,0.381,4
-117.855793,33.646922,107.96,0.349,4
-117.855493,33.646922,107.61,0.279,4
-117.855193,33.646922,106.88,0.192,4
-117.854893,33.646922,105.6,0.226,4
-117.854593,33.646922,104.79,0.15,4
-117.854293,33.646922,104.12,0.133,4
-117.853993,33.646922,104.64,0.439,4
-117.853693,33.646922,104.95,0.523,4
-117.853393,33.646922,105.45,0.44,4
-117.853093,33.646922,105.52,0.34,4
-117.852793,33.646922,104.71,0.304,4
-117.852493,33.646922,103.38,0.313,4
-117.852193,33.646922,101.98,0.452,4
-117.851892,33.646922,101.17,0.578,4
-117.851592,33.646922,101.34,0.525,4
-117.851292,33.646922,102.13,0.366,4
-117.850992,33.646922,102.65,0.294,4
-117.850692,33.646922,102.61,0.371,4
-117.850392,33.646922,103.04,0.368,4
-117.850092,33.646922,103.34,0.361,4
-117.849792,33.646922,103.87,0.496,4
-117.849492,33.646922,103.93,0.61,4
-117.849192,33.646922,103.91,0.547,4
-117.848892,33.646922,103.34,0.443,4
-117.848592,33.646922,103.05,0.327,4
-117.848292,33.646922,102.71,0.398,4
-117.847992,33.646922,102.32,0.462,4
-117.847692,33.646922,101.9,0.502,4
-117.847392,33.646922,101.75,0.501,4
-117.847092,33.646922,102.33,0.359,4
-117.846791,33.646922,103.26,0.244,4
-117.846491,33.646922,103.47,0.318,4
-117.846191,33.646922,102.92,0.428,4
-117.845891,33.646922,101.71,0.322,4
-117.845591,33.646922,100.5,0.195,4
-117.845291,33.646922,99.21,0.366,4
-117.844991,33.646922,96.76,0.373,4
-117.844691,33.646922,95.81,0.246,4
-117.844391,33.646922,95.46,0.21,4
-117.844091,33.646922,95,0.359,4
-117.843791,33.646922,94.67,0.564,4
-117.843491,33.646922,94.65,0.622,4
-117.843191,33.646922,94.77,0.568,4
-117.842891,33.646922,94.84,0.593,4
-117.842591,33.646922,94.91,0.689,4
-117.842291,33.646922,95.18,0.687,4
-117.841991,33.646922,95.77,0.542,4
-117.84169,33.646922,96.32,0.405,4
-117.84139,33.646922,96.69,0.286,4
-117.84109,33.646922,97.08,0.201,4
-117.84079,33.646922,97.56,0.279,4
-117.84049,33.646922,97.37,0.446,4
-117.84019,33.646922,97.22,0.521,4
-117.83989,33.646922,97.5,0.433,4
-117.83959,33.646922,98,0.265,4
-117.83929,33.646922,98.5,0.172,4
-117.83899,33.646922,99,0.189,4
-117.83869,33.646922,99.43,0.208,4
-117.83839,33.646922,99.66,0.172,4
-117.83809,33.646922,99.97,0.121,4
-117.83779,33.646922,100.61,0.172,4
-117.83749,33.646922,101.15,0.262,4
-117.83719,33.646922,101.62,0.426,4
-117.83689,33.646922,101.76,0.352,4
-117.836589,33.646922,101.67,0.4,4
-117.836289,33.646922,101.56,0.354,4
-117.835989,33.646922,101.34,0.174,4
-117.835689,33.646922,101.52,0.176,4
-117.835389,33.646922,102.09,0.368,4
-117.835089,33.646922,102.64,0.441,4
-117.834789,33.646922,102.9,0.357,4
-117.834489,33.646922,102.9,0.39,4
-117.834189,33.646922,102.67,0.502,4
-117.833889,33.646922,102.16,0.396,4
-117.833589,33.646922,102.29,0.307,4
-117.833289,33.646922,102.31,0.324,4
-117.832989,33.646922,104.06,0.411,4
-117.832689,33.646922,104.39,0.354,4
-117.832389,33.646922,104.44,0.366,4
-117.832089,33.646922,104.36,0.322,4
-117.831789,33.646922,104.04,0.277,4
-117.831488,33.646922,103.37,0.197,4
-117.831188,33.646922,102.5,0.135,4
-117.830888,33.646922,101.57,0.168,4
-117.830588,33.646922,100.94,0.269,4
-117.830288,33.646922,100.97,0.354,4
-117.829988,33.646922,101.01,0.353,4
-117.829688,33.646922,100.71,0.313,4
-117.829388,33.646922,100.54,0.248,4
-117.829088,33.646922,100.08,0.302,4
-117.828788,33.646922,99.77,0.301,4
-117.828488,33.646922,99.6,0.352,4
-117.828188,33.646922,99.68,0.378,4
-117.827888,33.646922,100.51,0.446,4
-117.827588,33.646922,101.15,0.473,4
-117.827288,33.646922,101.7,0.49,4
-117.826988,33.646922,102.54,0.454,4
-117.826687,33.646922,103.64,0.377,4
-117.826387,33.646922,104.7,0.33,4
-117.826087,33.646922,105.28,0.299,4
-117.825787,33.646922,105.25,0.334,4
-117.825487,33.646922,105.15,0.352,4
-117.825187,33.646922,104.83,0.341,4
-117.824887,33.646922,104.74,0.36,4
-117.824587,33.646922,104.71,0.441,4
-117.824287,33.646922,104.94,0.388,4
-117.823987,33.646922,105.03,0.361,4
-117.861194,33.646622,98.26,0.266,4
-117.860894,33.646622,100.79,0.218,4
-117.860594,33.646622,102.67,0.23,4
-117.860294,33.646622,103.23,0.286,4
-117.859994,33.646622,103.15,0.245,4
-117.859694,33.646622,102.74,0.235,4
-117.859394,33.646622,102.63,0.408,4
-117.859094,33.646622,102.99,0.393,4
-117.858794,33.646622,104.14,0.336,4
-117.858494,33.646622,104.89,0.227,4
-117.858194,33.646622,105.65,0.239,4
-117.857894,33.646622,105.66,0.213,4
-117.857594,33.646622,106.12,0.16,4
-117.857294,33.646622,106.51,0.222,4
-117.856993,33.646622,106.76,0.342,4
-117.856693,33.646622,106.88,0.371,4
-117.856393,33.646622,106.88,0.389,4
-117.856093,33.646622,106.94,0.397,4
-117.855793,33.646622,106.96,0.367,4
-117.855493,33.646622,106.78,0.32,4
-117.855193,33.646622,106.28,0.287,4
-117.854893,33.646622,105.29,0.317,4
-117.854593,33.646622,104.79,0.293,4
-117.854293,33.646622,104.38,0.288,4
-117.853993,33.646622,105.14,0.412,4
-117.853693,33.646622,105.83,0.431,4
-117.853393,33.646622,106.14,0.383,4
-117.853093,33.646622,106.17,0.318,4
-117.852793,33.646622,105.25,0.299,4
-117.852493,33.646622,103.87,0.366,4
-117.852193,33.646622,102.6,0.518,4
-117.851892,33.646622,101.93,0.576,4
-117.851592,33.646622,101.98,0.508,4
-117.851292,33.646622,102.35,0.404,4
-117.850992,33.646622,102.49,0.278,4
-117.850692,33.646622,102.26,0.258,4
-117.850392,33.646622,102.38,0.252,4
-117.850092,33.646622,102.46,0.154,4
-117.849792,33.646622,102.81,0.275,4
-117.849492,33.646622,102.81,0.567,4
-117.849192,33.646622,102.77,0.534,4
-117.848892,33.646622,102.27,0.437,4
-117.848592,33.646622,102.04,0.408,4
-117.848292,33.646622,101.79,0.42,4
-117.847992,33.646622,101.52,0.512,4
-117.847692,33.646622,101.22,0.563,4
-117.847392,33.646622,101.27,0.416,4
-117.847092,33.646622,102.03,0.194,4
-117.846791,33.646622,102.76,0.148,4
-117.846491,33.646622,102.76,0.268,4
-117.846191,33.646622,102.05,0.41,4
-117.845891,33.646622,100.85,0.38,4
-117.845591,33.646622,99.85,0.329,4
-117.845291,33.646622,98.79,0.444,4
-117.844991,33.646622,96.31,0.493,4
-117.844691,33.646622,95.02,0.468,4
-117.844391,33.646622,94.55,0.447,4
-117.844091,33.646622,94.07,0.592,4
-117.843791,33.646622,93.74,0.729,4
-117.843491,33.646622,93.93,0.676,4
-117.843191,33.646622,94.42,0.567,4
-117.842891,33.646622,94.81,0.601,4
-117.842591,33.646622,95.1,0.685,4
-117.842291,33.646622,95.58,0.631,4
-117.841991,33.646622,96.24,0.511,4
-117.84169,33.646622,96.61,0.494,4
-117.84139,33.646622,96.73,0.489,4
-117.84109,33.646622,96.89,0.457,4
-117.84079,33.646622,97.31,0.447,4
-117.84049,33.646622,97.21,0.479,4
-117.84019,33.646622,97.01,0.488,4
-117.83989,33.646622,97.17,0.46,4
-117.83959,33.646622,97.59,0.345,4
-117.83929,33.646622,98.1,0.214,4
-117.83899,33.646622,98.7,0.19,4
-117.83869,33.646622,99.23,0.248,4
-117.83839,33.646622,99.44,0.276,4
-117.83809,33.646622,99.85,0.252,4
-117.83779,33.646622,100.7,0.322,4
-117.83749,33.646622,101.21,0.391,4
-117.83719,33.646622,101.64,0.472,4
-117.83689,33.646622,101.86,0.515,4
-117.836589,33.646622,101.88,0.482,4
-117.836289,33.646622,101.81,0.387,4
-117.835989,33.646622,101.48,0.285,4
-117.835689,33.646622,101.52,0.333,4
-117.835389,33.646622,102.03,0.446,4
-117.835089,33.646622,102.52,0.43,4
-117.834789,33.646622,102.78,0.347,4
-117.834489,33.646622,102.93,0.368,4
-117.834189,33.646622,102.9,0.403,4
-117.833889,33.646622,102.5,0.411,4
-117.833589,33.646622,102.57,0.369,4
-117.833289,33.646622,102.59,0.373,4
-117.832989,33.646622,104.32,0.358,4
-117.832689,33.646622,104.76,0.346,4
-117.832389,33.646622,105.01,0.419,4
-117.832089,33.646622,105.06,0.465,4
-117.831789,33.646622,104.7,0.35,4
-117.831488,33.646622,103.88,0.203,4
-117.831188,33.646622,102.85,0.154,4
-117.830888,33.646622,101.8,0.169,4
-117.830588,33.646622,101.09,0.216,4
-117.830288,33.646622,101.01,0.293,4
-117.829988,33.646622,100.91,0.301,4
-117.829688,33.646622,100.64,0.28,4
-117.829388,33.646622,100.64,0.3,4
-117.829088,33.646622,99.8,0.367,4
-117.828788,33.646622,98.98,0.298,4
-117.828488,33.646622,98.42,0.375,4
-117.828188,33.646622,98.37,0.438,4
-117.827888,33.646622,99.23,0.544,4
-117.827588,33.646622,100.03,0.649,4
-117.827288,33.646622,100.84,0.622,4
-117.826988,33.646622,101.94,0.519,4
-117.826687,33.646622,103.18,0.427,4
-117.826387,33.646622,104.27,0.349,4
-117.826087,33.646622,104.87,0.339,4
-117.825787,33.646622,104.91,0.377,4
-117.825487,33.646622,105,0.352,4
-117.825187,33.646622,104.94,0.378,4
-117.824887,33.646622,104.91,0.363,4
-117.824587,33.646622,104.6,0.523,4
-117.824287,33.646622,104.47,0.571,4
-117.823987,33.646622,104.35,0.442,4
-117.861194,33.646322,97.78,0.332,4
-117.860894,33.646322,100.32,0.252,4
-117.860594,33.646322,102.4,0.221,4
-117.860294,33.646322,103.13,0.294,4
-117.859994,33.646322,103.18,0.272,4
-117.859694,33.646322,102.84,0.24,4
-117.859394,33.646322,102.71,0.414,4
-117.859094,33.646322,102.85,0.415,4
-117.858794,33.646322,103.93,0.261,4
-117.858494,33.646322,104.72,0.076,4
-117.858194,33.646322,105.38,0.146,4
-117.857894,33.646322,105.34,0.143,4
-117.857594,33.646322,105.89,0.1,4
-117.857294,33.646322,106.36,0.19,4
-117.856993,33.646322,106.51,0.386,4
-117.856693,33.646322,106.46,0.431,4
-117.856393,33.646322,106.33,0.41,4
-117.856093,33.646322,106.29,0.36,4
-117.855793,33.646322,106.24,0.285,4
-117.855493,33.646322,106.09,0.276,4
-117.855193,33.646322,105.79,0.318,4
-117.854893,33.646322,105.12,0.313,4
-117.854593,33.646322,105.02,0.43,4
-117.854293,33.646322,105.05,0.412,4
-117.853993,33.646322,106.2,0.371,4
-117.853693,33.646322,106.91,0.388,4
-117.853393,33.646322,106.96,0.328,4
-117.853093,33.646322,106.76,0.29,4
-117.852793,33.646322,105.57,0.301,4
-117.852493,33.646322,104,0.445,4
-117.852193,33.646322,102.7,0.561,4
-117.851892,33.646322,101.93,0.491,4
-117.851592,33.646322,101.62,0.397,4
-117.851292,33.646322,101.53,0.438,4
-117.850992,33.646322,101.44,0.465,4
-117.850692,33.646322,101.2,0.422,4
-117.850392,33.646322,101.24,0.247,4
-117.850092,33.646322,101.31,0.162,4
-117.849792,33.646322,101.68,0.322,4
-117.849492,33.646322,101.46,0.401,4
-117.849192,33.646322,101.36,0.385,4
-117.848892,33.646322,101.02,0.385,4
-117.848592,33.646322,101.03,0.421,4
-117.848292,33.646322,101.05,0.431,4
-117.847992,33.646322,101.02,0.542,4
-117.847692,33.646322,100.88,0.621,4
-117.847392,33.646322,100.85,0.468,4
-117.847092,33.646322,101.2,0.231,4
-117.846791,33.646322,101.51,0.177,4
-117.846491,33.646322,101.63,0.299,4
-117.846191,33.646322,101.22,0.358,4
-117.845891,33.646322,100.21,0.44,4
-117.845591,33.646322,99.46,0.397,4
-117.845291,33.646322,98.62,0.465,4
-117.844991,33.646322,96.64,0.295,4
-117.844691,33.646322,95.2,0.332,4
-117.844391,33.646322,94.19,0.515,4
-117.844091,33.646322,93.51,0.688,4
-117.843791,33.646322,93.23,0.775,4
-117.843491,33.646322,93.43,0.713,4
-117.843191,33.646322,94.06,0.587,4
-117.842891,33.646322,94.82,0.565,4
-117.842591,33.646322,95.45,0.614,4
-117.842291,33.646322,96.02,0.607,4
-117.841991,33.646322,96.58,0.554,4
-117.84169,33.646322,96.89,0.538,4
-117.84139,33.646322,96.92,0.521,4
-117.84109,33.646322,96.83,0.521,4
-117.84079,33.646322,97.26,0.397,4
-117.84049,33.646322,97.43,0.304,4
-117.84019,33.646322,97.47,0.2,4
-117.83989,33.646322,97.32,0.239,4
-117.83959,33.646322,97.4,0.347,4
-117.83929,33.646322,97.88,0.335,4
-117.83899,33.646322,98.54,0.25,4
-117.83869,33.646322,99.1,0.289,4
-117.83839,33.646322,99.17,0.456,4
-117.83809,33.646322,99.44,0.587,4
-117.83779,33.646322,100.91,0.576,4
-117.83749,33.646322,101.4,0.421,4
-117.83719,33.646322,101.83,0.499,4
-117.83689,33.646322,102.14,0.477,4
-117.836589,33.646322,102.28,0.503,4
-117.836289,33.646322,102.17,0.542,4
-117.835989,33.646322,101.66,0.521,4
-117.835689,33.646322,101.56,0.538,4
-117.835389,33.646322,101.94,0.47,4
-117.835089,33.646322,102.31,0.35,4
-117.834789,33.646322,102.57,0.345,4
-117.834489,33.646322,102.8,0.382,4
-117.834189,33.646322,102.88,0.429,4
-117.833889,33.646322,102.58,0.412,4
-117.833589,33.646322,102.57,0.424,4
-117.833289,33.646322,102.57,0.478,4
-117.832989,33.646322,104.49,0.547,4
-117.832689,33.646322,105.11,0.441,4
-117.832389,33.646322,105.55,0.427,4
-117.832089,33.646322,105.73,0.44,4
-117.831789,33.646322,105.43,0.286,4
-117.831488,33.646322,104.61,0.14,4
-117.831188,33.646322,103.55,0.127,4
-117.830888,33.646322,102.5,0.149,4
-117.830588,33.646322,101.77,0.129,4
-117.830288,33.646322,101.56,0.122,4
-117.829988,33.646322,101.32,0.16,4
-117.829688,33.646322,100.95,0.188,4
-117.829388,33.646322,100.86,0.254,4
-117.829088,33.646322,99.8,0.508,4
-117.828788,33.646322,98.64,0.524,4
-117.828488,33.646322,97.81,0.569,4
-117.828188,33.646322,97.67,0.578,4
-117.827888,33.646322,98.49,0.613,4
-117.827588,33.646322,99.35,0.713,4
-117.827288,33.646322,100.32,0.657,4
-117.826988,33.646322,101.61,0.47,4
-117.826687,33.646322,102.9,0.365,4
-117.826387,33.646322,103.91,0.353,4
-117.826087,33.646322,104.49,0.352,4
-117.825787,33.646322,104.62,0.383,4
-117.825487,33.646322,104.85,0.393,4
-117.825187,33.646322,104.89,0.406,4
-117.824887,33.646322,104.94,0.345,4
-117.824587,33.646322,104.58,0.455,4
-117.824287,33.646322,104.28,0.511,4
-117.860894,33.646022,100.92,0.216,4
-117.860594,33.646022,102.02,0.194,4
-117.860294,33.646022,102.99,0.3,4
-117.859994,33.646022,103.12,0.308,4
-117.859694,33.646022,102.83,0.224,4
-117.859394,33.646022,102.56,0.402,4
-117.859094,33.646022,102.65,0.406,4
-117.858794,33.646022,103.77,0.27,4
-117.858494,33.646022,104.44,0.127,4
-117.858194,33.646022,105.15,0.162,4
-117.857894,33.646022,105.29,0.181,4
-117.857594,33.646022,105.93,0.177,4
-117.857294,33.646022,106.46,0.239,4
-117.856993,33.646022,106.67,0.423,4
-117.856693,33.646022,106.65,0.452,4
-117.856393,33.646022,106.45,0.36,4
-117.856093,33.646022,106.23,0.227,4
-117.855793,33.646022,106,0.126,4
-117.855493,33.646022,105.76,0.201,4
-117.855193,33.646022,105.58,0.392,4
-117.854893,33.646022,105.23,0.382,4
-117.854593,33.646022,105.34,0.364,4
-117.854293,33.646022,105.74,0.288,4
-117.853993,33.646022,106.88,0.315,4
-117.853693,33.646022,107.41,0.324,4
-117.853393,33.646022,107.35,0.305,4
-117.853093,33.646022,106.91,0.291,4
-117.852793,33.646022,105.4,0.366,4
-117.852493,33.646022,103.62,0.503,4
-117.852193,33.646022,102.2,0.499,4
-117.851892,33.646022,101.29,0.413,4
-117.851592,33.646022,100.77,0.419,4
-117.851292,33.646022,100.42,0.501,4
-117.850992,33.646022,100.04,0.578,4
-117.850692,33.646022,99.47,0.577,4
-117.850392,33.646022,99.31,0.421,4
-117.850092,33.646022,99.3,0.372,4
-117.849792,33.646022,99.56,0.404,4
-117.849492,33.646022,99.41,0.427,4
-117.849192,33.646022,99.53,0.348,4
-117.848892,33.646022,99.43,0.445,4
-117.848592,33.646022,99.74,0.468,4
-117.848292,33.646022,100.19,0.396,4
-117.847992,33.646022,100.71,0.444,4
-117.847692,33.646022,100.92,0.607,4
-117.847392,33.646022,100.74,0.635,4
-117.847092,33.646022,100.66,0.397,4
-117.846791,33.646022,100.77,0.118,4
-117.846491,33.646022,101.01,0.156,4
-117.846191,33.646022,100.88,0.219,4
-117.845891,33.646022,99.95,0.363,4
-117.845591,33.646022,99.39,0.331,4
-117.845291,33.646022,98.69,0.353,4
-117.844991,33.646022,97.51,0.206,4
-117.844691,33.646022,96.44,0.224,4
-117.844391,33.646022,95.56,0.337,4
-117.844091,33.646022,94.3,0.595,4
-117.843791,33.646022,93.47,0.753,4
-117.843491,33.646022,93.54,0.717,4
-117.843191,33.646022,94.17,0.621,4
-117.842891,33.646022,95.12,0.55,4
-117.842591,33.646022,95.73,0.587,4
-117.842291,33.646022,96.23,0.579,4
-117.841991,33.646022,96.62,0.595,4
-117.84169,33.646022,96.93,0.623,4
-117.84139,33.646022,96.98,0.561,4
-117.84109,33.646022,96.85,0.555,4
-117.84079,33.646022,97.15,0.448,4
-117.84049,33.646022,97.15,0.39,4
-117.84019,33.646022,97.09,0.259,4
-117.83989,33.646022,96.9,0.243,4
-117.83959,33.646022,97,0.333,4
-117.83929,33.646022,97.6,0.313,4
-117.83899,33.646022,98.58,0.2,4
-117.83869,33.646022,99.6,0.243,4
-117.83839,33.646022,99.97,0.488,4
-117.83809,33.646022,100.33,0.721,4
-117.83779,33.646022,101.63,0.65,4
-117.83749,33.646022,102.12,0.389,4
-117.83719,33.646022,102.53,0.389,4
-117.83689,33.646022,102.84,0.402,4
-117.836589,33.646022,102.98,0.456,4
-117.836289,33.646022,102.79,0.53,4
-117.835989,33.646022,102.38,0.533,4
-117.835689,33.646022,102.25,0.52,4
-117.835389,33.646022,102.44,0.368,4
-117.835089,33.646022,102.62,0.232,4
-117.834789,33.646022,102.73,0.312,4
-117.834489,33.646022,102.97,0.393,4
-117.834189,33.646022,103,0.491,4
-117.833889,33.646022,102.34,0.47,4
-117.833589,33.646022,102.51,0.441,4
-117.833289,33.646022,102.59,0.479,4
-117.832989,33.646022,104.03,0.612,4
-117.832689,33.646022,104.71,0.463,4
-117.832389,33.646022,105.25,0.321,4
-117.832089,33.646022,105.49,0.286,4
-117.831789,33.646022,105.24,0.185,4
-117.831488,33.646022,104.48,0.069,4
-117.831188,33.646022,103.54,0.054,4
-117.830888,33.646022,102.8,0.113,4
-117.830588,33.646022,102.46,0.122,4
-117.830288,33.646022,102.38,0.044,4
-117.829988,33.646022,102.34,0.032,4
-117.829688,33.646022,102.51,0.063,4
-117.829388,33.646022,102.06,0.18,4
-117.829088,33.646022,100.95,0.479,4
-117.828788,33.646022,99.56,0.435,4
-117.828488,33.646022,98.56,0.57,4
-117.828188,33.646022,98.15,0.666,4
-117.827888,33.646022,98.27,0.655,4
-117.827588,33.646022,98.77,0.624,4
-117.827288,33.646022,99.71,0.521,4
-117.826988,33.646022,100.95,0.382,4
-117.826687,33.646022,102.12,0.337,4
-117.826387,33.646022,103.01,0.357,4
-117.826087,33.646022,103.77,0.328,4
-117.825787,33.646022,104.57,0.315,4
-117.825487,33.646022,104.89,0.321,4
-117.825187,33.646022,105.04,0.391,4
-117.824887,33.646022,105.23,0.291,4
-117.824587,33.646022,105,0.288,4
-117.824287,33.646022,104.78,0.431,4
-117.860894,33.645722,100.26,0.168,4
-117.860594,33.645722,101.59,0.187,4
-117.860294,33.645722,102.7,0.287,4
-117.859994,33.645722,102.72,0.314,4
-117.859694,33.645722,102.31,0.247,4
-117.859394,33.645722,101.92,0.373,4
-117.859094,33.645722,101.99,0.499,4
-117.858794,33.645722,103.3,0.305,4
-117.858494,33.645722,104.06,0.123,4
-117.858194,33.645722,104.84,0.144,4
-117.857894,33.645722,105.23,0.194,4
-117.857594,33.645722,105.88,0.195,4
-117.857294,33.645722,106.4,0.246,4
-117.856993,33.645722,106.74,0.418,4
-117.856693,33.645722,106.85,0.395,4
-117.856393,33.645722,106.68,0.302,4
-117.856093,33.645722,106.38,0.224,4
-117.855793,33.645722,106.03,0.151,4
-117.855493,33.645722,105.68,0.174,4
-117.855193,33.645722,105.61,0.308,4
-117.854893,33.645722,105.81,0.421,4
-117.854593,33.645722,105.95,0.407,4
-117.854293,33.645722,106.55,0.275,4
-117.853993,33.645722,106.5,0.317,4
-117.853693,33.645722,107.02,0.276,4
-117.853393,33.645722,106.9,0.272,4
-117.853093,33.645722,106.26,0.307,4
-117.852793,33.645722,104.56,0.426,4
-117.852493,33.645722,102.7,0.475,4
-117.852193,33.645722,101.22,0.407,4
-117.851892,33.645722,100.2,0.365,4
-117.851592,33.645722,99.53,0.353,4
-117.851292,33.645722,99.08,0.295,4
-117.850992,33.645722,98.71,0.319,4
-117.850692,33.645722,98.12,0.387,4
-117.850392,33.645722,97.77,0.362,4
-117.850092,33.645722,97.39,0.392,4
-117.849792,33.645722,97.21,0.378,4
-117.849492,33.645722,96.75,0.599,4
-117.849192,33.645722,96.98,0.58,4
-117.848892,33.645722,97.41,0.586,4
-117.848592,33.645722,98.23,0.56,4
-117.848292,33.645722,99.3,0.418,4
-117.847992,33.645722,100.61,0.358,4
-117.847692,33.645722,101.29,0.473,4
-117.847392,33.645722,101.09,0.542,4
-117.847092,33.645722,100.98,0.368,4
-117.846791,33.645722,101.01,0.121,4
-117.846491,33.645722,101.09,0.116,4
-117.846191,33.645722,100.99,0.158,4
-117.845891,33.645722,99.96,0.185,4
-117.845591,33.645722,99.53,0.246,4
-117.845291,33.645722,98.96,0.239,4
-117.844991,33.645722,98.84,0.177,4
-117.844691,33.645722,98.3,0.246,4
-117.844391,33.645722,97.66,0.364,4
-117.844091,33.645722,95.69,0.601,4
-117.843791,33.645722,94.15,0.765,4
-117.843491,33.645722,94.02,0.763,4
-117.843191,33.645722,94.44,0.701,4
-117.842891,33.645722,95.22,0.624,4
-117.842591,33.645722,95.74,0.602,4
-117.842291,33.645722,96.01,0.614,4
-117.841991,33.645722,96.14,0.707,4
-117.84169,33.645722,96.33,0.724,4
-117.84139,33.645722,96.42,0.656,4
-117.84109,33.645722,96.35,0.599,4
-117.84079,33.645722,96.55,0.466,4
-117.84049,33.645722,96.4,0.449,4
-117.84019,33.645722,96.21,0.391,4
-117.83989,33.645722,95.84,0.426,4
-117.83959,33.645722,95.99,0.414,4
-117.83929,33.645722,96.93,0.246,4
-117.83899,33.645722,98.28,0.126,4
-117.83869,33.645722,99.77,0.183,4
-117.83839,33.645722,100.59,0.346,4
-117.83809,33.645722,101.37,0.552,4
-117.83779,33.645722,102.38,0.592,4
-117.83749,33.645722,102.93,0.368,4
-117.83719,33.645722,103.29,0.304,4
-117.83689,33.645722,103.51,0.407,4
-117.836589,33.645722,103.52,0.457,4
-117.836289,33.645722,103.19,0.466,4
-117.835989,33.645722,102.74,0.389,4
-117.835689,33.645722,102.49,0.402,4
-117.835389,33.645722,102.51,0.362,4
-117.835089,33.645722,102.54,0.227,4
-117.834789,33.645722,102.55,0.234,4
-117.834489,33.645722,102.89,0.354,4
-117.834189,33.645722,102.96,0.461,4
-117.833889,33.645722,102.03,0.546,4
-117.833589,33.645722,102.27,0.508,4
-117.833289,33.645722,102.77,0.371,4
-117.832989,33.645722,103.82,0.434,4
-117.832689,33.645722,104.49,0.416,4
-117.832389,33.645722,105.01,0.294,4
-117.832089,33.645722,105.22,0.255,4
-117.831789,33.645722,105,0.21,4
-117.831488,33.645722,104.38,0.146,4
-117.831188,33.645722,103.67,0.126,4
-117.830888,33.645722,103.25,0.135,4
-117.830588,33.645722,103.19,0.122,4
-117.830288,33.645722,103.24,0.101,4
-117.829988,33.645722,103.33,0.099,4
-117.829688,33.645722,103.68,0.102,4
-117.829388,33.645722,103.04,0.214,4
-117.829088,33.645722,102.04,0.415,4
-117.828788,33.645722,100.74,0.34,4
-117.828488,33.645722,99.54,0.293,4
-117.828188,33.645722,98.83,0.417,4
-117.827888,33.645722,98.59,0.566,4
-117.827588,33.645722,98.83,0.468,4
-117.827288,33.645722,99.59,0.352,4
-117.826988,33.645722,100.67,0.407,4
-117.826687,33.645722,101.65,0.483,4
-117.826387,33.645722,102.41,0.44,4
-117.826087,33.645722,103.22,0.336,4
-117.825787,33.645722,104.28,0.328,4
-117.825487,33.645722,104.74,0.312,4
-117.825187,33.645722,105.01,0.317,4
-117.824887,33.645722,105.36,0.287,4
-117.824587,33.645722,105.32,0.291,4
-117.824287,33.645722,105.26,0.324,4
-117.860594,33.645422,102.59,0.204,4
-117.860294,33.645422,102.86,0.266,4
-117.859994,33.645422,102.83,0.291,4
-117.859694,33.645422,102.24,0.243,4
-117.859394,33.645422,101.78,0.308,4
-117.859094,33.645422,101.85,0.493,4
-117.858794,33.645422,103.1,0.29,4
-117.858494,33.645422,103.89,0.064,4
-117.858194,33.645422,104.73,0.119,4
-117.857894,33.645422,105.09,0.142,4
-117.857594,33.645422,105.69,0.097,4
-117.857294,33.645422,106.24,0.166,4
-117.856993,33.645422,106.68,0.391,4
-117.856693,33.645422,106.92,0.403,4
-117.856393,33.645422,106.88,0.298,4
-117.856093,33.645422,106.66,0.256,4
-117.855793,33.645422,106.32,0.221,4
-117.855493,33.645422,105.88,0.151,4
-117.855193,33.645422,105.64,0.169,4
-117.854893,33.645422,105.7,0.344,4
-117.854593,33.645422,105.82,0.404,4
-117.854293,33.645422,106.56,0.312,4
-117.853993,33.645422,106.59,0.282,4
-117.853693,33.645422,107.04,0.255,4
-117.853393,33.645422,106.88,0.301,4
-117.853093,33.645422,106.18,0.344,4
-117.852793,33.645422,104.55,0.391,4
-117.852493,33.645422,102.82,0.303,4
-117.852193,33.645422,101.45,0.199,4
-117.851892,33.645422,100.43,0.218,4
-117.851592,33.645422,99.67,0.276,4
-117.851292,33.645422,99.12,0.247,4
-117.850992,33.645422,98.73,0.184,4
-117.850692,33.645422,98.22,0.218,4
-117.850392,33.645422,98.02,0.175,4
-117.850092,33.645422,97.6,0.198,4
-117.849792,33.645422,97.63,0.175,4
-117.849492,33.645422,96.49,0.555,4
-117.849192,33.645422,96.18,0.676,4
-117.848892,33.645422,97,0.635,4
-117.848592,33.645422,98.23,0.589,4
-117.848292,33.645422,99.48,0.488,4
-117.847992,33.645422,100.97,0.399,4
-117.847692,33.645422,101.83,0.43,4
-117.847392,33.645422,101.63,0.475,4
-117.847092,33.645422,101.46,0.374,4
-117.846791,33.645422,101.38,0.231,4
-117.846491,33.645422,101.4,0.135,4
-117.846191,33.645422,101.35,0.153,4
-117.845891,33.645422,100.33,0.115,4
-117.845591,33.645422,99.91,0.22,4
-117.845291,33.645422,99.43,0.221,4
-117.844991,33.645422,99.57,0.145,4
-117.844691,33.645422,99.26,0.198,4
-117.844391,33.645422,98.71,0.403,4
-117.844091,33.645422,96.63,0.648,4
-117.843791,33.645422,94.92,0.783,4
-117.843491,33.645422,94.68,0.813,4
-117.843191,33.645422,94.74,0.803,4
-117.842891,33.645422,95.04,0.745,4
-117.842591,33.645422,95.37,0.698,4
-117.842291,33.645422,95.38,0.732,4
-117.841991,33.645422,95.34,0.792,4
-117.84169,33.645422,95.42,0.766,4
-117.84139,33.645422,95.53,0.686,4
-117.84109,33.645422,95.25,0.69,4
-117.84079,33.645422,95.58,0.516,4
-117.84049,33.645422,95.48,0.455,4
-117.84019,33.645422,95.21,0.536,4
-117.83989,33.645422,94.62,0.617,4
-117.83959,33.645422,94.67,0.488,4
-117.83929,33.645422,95.75,0.242,4
-117.83899,33.645422,97.25,0.142,4
-117.83869,33.645422,99.05,0.161,4
-117.83839,33.645422,100.24,0.199,4
-117.83809,33.645422,101.42,0.324,4
-117.83779,33.645422,102.66,0.41,4
-117.83749,33.645422,103.36,0.391,4
-117.83719,33.645422,103.76,0.355,4
-117.83689,33.645422,103.94,0.394,4
-117.836589,33.645422,103.77,0.367,4
-117.836289,33.645422,103.2,0.441,4
-117.835989,33.645422,102.49,0.38,4
-117.835689,33.645422,102.06,0.401,4
-117.835389,33.645422,102.06,0.438,4
-117.835089,33.645422,102.14,0.332,4
-117.834789,33.645422,102.21,0.283,4
-117.834489,33.645422,102.69,0.34,4
-117.834189,33.645422,102.94,0.327,4
-117.833889,33.645422,102.27,0.418,4
-117.833589,33.645422,102.47,0.473,4
-117.833289,33.645422,103.05,0.332,4
-117.832989,33.645422,104.02,0.359,4
-117.832689,33.645422,104.6,0.416,4
-117.832389,33.645422,104.99,0.378,4
-117.832089,33.645422,105.08,0.329,4
-117.831789,33.645422,104.87,0.28,4
-117.831488,33.645422,104.45,0.284,4
-117.831188,33.645422,104.04,0.318,4
-117.830888,33.645422,103.87,0.294,4
-117.830588,33.645422,103.96,0.237,4
-117.830288,33.645422,104.07,0.237,4
-117.829988,33.645422,104.15,0.214,4
-117.829688,33.645422,104.46,0.197,4
-117.829388,33.645422,103.82,0.247,4
-117.829088,33.645422,102.96,0.383,4
-117.828788,33.645422,101.8,0.318,4
-117.828488,33.645422,100.69,0.102,4
-117.828188,33.645422,99.88,0.087,4
-117.827888,33.645422,99.3,0.357,4
-117.827588,33.645422,99.2,0.47,4
-117.827288,33.645422,99.65,0.424,4
-117.826988,33.645422,100.4,0.42,4
-117.826687,33.645422,101.18,0.431,4
-117.826387,33.645422,101.85,0.404,4
-117.826087,33.645422,102.66,0.42,4
-117.825787,33.645422,103.82,0.414,4
-117.825487,33.645422,104.49,0.312,4
-117.825187,33.645422,104.93,0.265,4
-117.824887,33.645422,105.45,0.277,4
-117.824587,33.645422,105.58,0.311,4
-117.824287,33.645422,105.53,0.318,4
-117.859994,33.645122,102.62,0.257,4
-117.859694,33.645122,102.21,0.203,4
-117.859394,33.645122,101.74,0.219,4
-117.859094,33.645122,101.63,0.448,4
-117.858794,33.645122,102.39,0.361,4
-117.858494,33.645122,102.99,0.113,4
-117.858194,33.645122,103.79,0.192,4
-117.857894,33.645122,104.61,0.138,4
-117.857594,33.645122,105.29,0.089,4
-117.857294,33.645122,105.91,0.145,4
-117.856993,33.645122,106.43,0.423,4
-117.856693,33.645122,106.81,0.479,4
-117.856393,33.645122,106.98,0.374,4
-117.856093,33.645122,106.89,0.307,4
-117.855793,33.645122,106.53,0.256,4
-117.855493,33.645122,106.02,0.207,4
-117.855193,33.645122,105.7,0.262,4
-117.854893,33.645122,106.01,0.437,4
-117.854593,33.645122,106.18,0.416,4
-117.854293,33.645122,106.93,0.319,4
-117.853993,33.645122,106.5,0.25,4
-117.853693,33.645122,106.7,0.263,4
-117.853393,33.645122,106.51,0.332,4
-117.853093,33.645122,105.74,0.318,4
-117.852793,33.645122,104.36,0.275,4
-117.852493,33.645122,102.95,0.186,4
-117.852193,33.645122,101.85,0.138,4
-117.851892,33.645122,100.99,0.23,4
-117.851592,33.645122,100.27,0.365,4
-117.851292,33.645122,99.77,0.363,4
-117.850992,33.645122,99.47,0.277,4
-117.850692,33.645122,99.08,0.275,4
-117.850392,33.645122,98.9,0.141,4
-117.850092,33.645122,98.38,0.146,4
-117.849792,33.645122,98.22,0.151,4
-117.849492,33.645122,96.65,0.564,4
-117.849192,33.645122,96.36,0.65,4
-117.848892,33.645122,97.4,0.595,4
-117.848592,33.645122,98.9,0.533,4
-117.848292,33.645122,100.08,0.491,4
-117.847992,33.645122,101.58,0.475,4
-117.847692,33.645122,102.67,0.526,4
-117.847392,33.645122,102.56,0.568,4
-117.847092,33.645122,102.4,0.456,4
-117.846791,33.645122,102.24,0.268,4
-117.846491,33.645122,102.13,0.122,4
-117.846191,33.645122,101.98,0.169,4
-117.845891,33.645122,100.87,0.212,4
-117.845591,33.645122,100.38,0.232,4
-117.845291,33.645122,99.92,0.321,4
-117.844991,33.645122,100.08,0.218,4
-117.844691,33.645122,99.81,0.153,4
-117.844391,33.645122,99.31,0.286,4
-117.844091,33.645122,97.4,0.57,4
-117.843791,33.645122,95.79,0.763,4
-117.843491,33.645122,95.49,0.818,4
-117.843191,33.645122,95.29,0.831,4
-117.842891,33.645122,95.21,0.78,4
-117.842591,33.645122,95.18,0.75,4
-117.842291,33.645122,94.98,0.787,4
-117.841991,33.645122,94.91,0.788,4
-117.84169,33.645122,94.92,0.755,4
-117.84139,33.645122,95.37,0.545,4
-117.84109,33.645122,95.15,0.618,4
-117.84079,33.645122,95.41,0.597,4
-117.84049,33.645122,95.29,0.541,4
-117.84019,33.645122,94.94,0.582,4
-117.83989,33.645122,94.23,0.614,4
-117.83959,33.645122,93.94,0.532,4
-117.83929,33.645122,94.58,0.393,4
-117.83899,33.645122,95.99,0.276,4
-117.83869,33.645122,98.04,0.196,4
-117.83839,33.645122,99.53,0.195,4
-117.83809,33.645122,101.11,0.268,4
-117.83779,33.645122,102.69,0.348,4
-117.83749,33.645122,103.6,0.398,4
-117.83719,33.645122,104.17,0.325,4
-117.83689,33.645122,104.43,0.221,4
-117.836589,33.645122,104.13,0.241,4
-117.836289,33.645122,103.29,0.307,4
-117.835989,33.645122,102.37,0.344,4
-117.835689,33.645122,101.82,0.363,4
-117.835389,33.645122,101.79,0.374,4
-117.835089,33.645122,101.95,0.29,4
-117.834789,33.645122,102.16,0.161,4
-117.834489,33.645122,102.79,0.228,4
-117.834189,33.645122,103.24,0.292,4
-117.833889,33.645122,102.96,0.292,4
-117.833589,33.645122,103.13,0.451,4
-117.833289,33.645122,103.54,0.422,4
-117.832989,33.645122,104.39,0.39,4
-117.832689,33.645122,104.78,0.374,4
-117.832389,33.645122,105.01,0.428,4
-117.832089,33.645122,104.94,0.38,4
-117.831789,33.645122,104.66,0.34,4
-117.831488,33.645122,104.38,0.351,4
-117.831188,33.645122,104.23,0.377,4
-117.830888,33.645122,104.27,0.357,4
-117.830588,33.645122,104.46,0.286,4
-117.830288,33.645122,104.63,0.294,4
-117.829988,33.645122,104.74,0.317,4
-117.829688,33.645122,105.02,0.305,4
-117.829388,33.645122,104.48,0.319,4
-117.829088,33.645122,103.77,0.394,4
-117.828788,33.645122,102.79,0.263,4
-117.828488,33.645122,101.78,0.099,4
-117.828188,33.645122,100.83,0.042,4
-117.827888,33.645122,100.19,0.315,4
-117.827588,33.645122,99.96,0.529,4
-117.827288,33.645122,100.08,0.494,4
-117.826988,33.645122,100.47,0.364,4
-117.826687,33.645122,101.03,0.319,4
-117.826387,33.645122,101.68,0.412,4
-117.826087,33.645122,102.44,0.483,4
-117.825787,33.645122,103.25,0.312,4
-117.825487,33.645122,103.96,0.25,4
-117.825187,33.645122,104.6,0.278,4
-117.824887,33.645122,105.55,0.205,4
-117.824587,33.645122,105.86,0.219,4
-117.859994,33.644822,102.14,0.195,4
-117.859694,33.644822,102.17,0.153,4
-117.859394,33.644822,101.78,0.154,4
-117.859094,33.644822,101.43,0.393,4
-117.858794,33.644822,101.28,0.453,4
-117.858494,33.644822,101.58,0.25,4
-117.858194,33.644822,102.2,0.218,4
-117.857894,33.644822,103.73,0.196,4
-117.857594,33.644822,104.58,0.2,4
-117.857294,33.644822,105.29,0.241,4
-117.856993,33.644822,105.96,0.461,4
-117.856693,33.644822,106.55,0.533,4
-117.856393,33.644822,107.03,0.497,4
-117.856093,33.644822,107,0.448,4
-117.855793,33.644822,106.52,0.397,4
-117.855493,33.644822,106.07,0.407,4
-117.855193,33.644822,105.88,0.441,4
-117.854893,33.644822,106.6,0.479,4
-117.854593,33.644822,106.84,0.393,4
-117.854293,33.644822,107.53,0.295,4
-117.853993,33.644822,106.34,0.241,4
-117.853693,33.644822,106.24,0.289,4
-117.853393,33.644822,106.02,0.329,4
-117.853093,33.644822,105.18,0.273,4
-117.852793,33.644822,104.07,0.193,4
-117.852493,33.644822,103.01,0.128,4
-117.852193,33.644822,102.2,0.102,4
-117.851892,33.644822,101.58,0.187,4
-117.851592,33.644822,101.07,0.327,4
-117.851292,33.644822,100.78,0.344,4
-117.850992,33.644822,100.81,0.264,4
-117.850692,33.644822,100.97,0.21,4
-117.850392,33.644822,100.7,0.113,4
-117.850092,33.644822,100.02,0.133,4
-117.849792,33.644822,99.73,0.18,4
-117.849492,33.644822,98.73,0.505,4
-117.849192,33.644822,98.6,0.573,4
-117.848892,33.644822,99.14,0.549,4
-117.848592,33.644822,100.39,0.445,4
-117.848292,33.644822,101.49,0.43,4
-117.847992,33.644822,102.53,0.461,4
-117.847692,33.644822,103.26,0.484,4
-117.847392,33.644822,103.26,0.526,4
-117.847092,33.644822,103.18,0.493,4
-117.846791,33.644822,103.04,0.34,4
-117.846491,33.644822,102.84,0.176,4
-117.846191,33.644822,102.58,0.202,4
-117.845891,33.644822,101.68,0.41,4
-117.845591,33.644822,101.12,0.344,4
-117.845291,33.644822,100.58,0.398,4
-117.844991,33.644822,100.31,0.353,4
-117.844691,33.644822,99.93,0.258,4
-117.844391,33.644822,99.52,0.232,4
-117.844091,33.644822,98.86,0.372,4
-117.843791,33.644822,98.34,0.554,4
-117.843491,33.644822,98.11,0.653,4
-117.843191,33.644822,97.85,0.694,4
-117.842891,33.644822,97.53,0.705,4
-117.842591,33.644822,97.09,0.705,4
-117.842291,33.644822,96.83,0.745,4
-117.841991,33.644822,96.86,0.715,4
-117.84169,33.644822,96.93,0.599,4
-117.84139,33.644822,97.08,0.376,4
-117.84109,33.644822,97.41,0.225,4
-117.84079,33.644822,97.91,0.347,4
-117.84049,33.644822,97.97,0.574,4
-117.84019,33.644822,97.73,0.62,4
-117.83989,33.644822,96.91,0.594,4
-117.83959,33.644822,96.18,0.617,4
-117.83929,33.644822,96.12,0.582,4
-117.83899,33.644822,96.47,0.427,4
-117.83869,33.644822,97.34,0.287,4
-117.83839,33.644822,98.79,0.257,4
-117.83809,33.644822,100.52,0.3,4
-117.83779,33.644822,101.33,0.345,4
-117.83749,33.644822,102.5,0.363,4
-117.83719,33.644822,103.35,0.267,4
-117.83689,33.644822,103.77,0.166,4
-117.836589,33.644822,103.44,0.219,4
-117.836289,33.644822,102.45,0.3,4
-117.835989,33.644822,102.04,0.345,4
-117.835689,33.644822,101.89,0.357,4
-117.835389,33.644822,101.8,0.393,4
-117.835089,33.644822,102.19,0.324,4
-117.834789,33.644822,102.95,0.127,4
-117.834489,33.644822,103.75,0.178,4
-117.834189,33.644822,104.39,0.283,4
-117.833889,33.644822,104.52,0.296,4
-117.833589,33.644822,105.01,0.411,4
-117.833289,33.644822,105.35,0.451,4
-117.832989,33.644822,105.22,0.405,4
-117.832689,33.644822,105.22,0.36,4
-117.832389,33.644822,105.16,0.352,4
-117.832089,33.644822,104.91,0.332,4
-117.831789,33.644822,104.54,0.359,4
-117.831488,33.644822,104.27,0.357,4
-117.831188,33.644822,104.19,0.328,4
-117.830888,33.644822,104.2,0.326,4
-117.830588,33.644822,104.27,0.307,4
-117.830288,33.644822,104.46,0.305,4
-117.829988,33.644822,104.61,0.331,4
-117.829688,33.644822,104.81,0.332,4
-117.829388,33.644822,104.5,0.381,4
-117.829088,33.644822,103.98,0.292,4
-117.828788,33.644822,103.59,0.273,4
-117.828488,33.644822,102.72,0.146,4
-117.828188,33.644822,101.77,0.084,4
-117.827888,33.644822,101.65,0.264,4
-117.827588,33.644822,101.51,0.489,4
-117.827288,33.644822,101.31,0.534,4
-117.826988,33.644822,101.45,0.422,4
-117.826687,33.644822,101.87,0.373,4
-117.826387,33.644822,102.49,0.479,4
-117.826087,33.644822,102.89,0.493,4
-117.825787,33.644822,102.2,0.256,4
-117.825487,33.644822,102.93,0.261,4
-117.825187,33.644822,103.61,0.253,4
-117.824887,33.644822,105.33,0.196,4
-117.824587,33.644822,105.83,0.174,4
-117.859694,33.644522,102.17,0.093,4
-117.859394,33.644522,101.88,0.104,4
-117.859094,33.644522,101.4,0.285,4
-117.858794,33.644522,100.9,0.461,4
-117.858494,33.644522,100.86,0.348,4
-117.858194,33.644522,101.3,0.141,4
-117.857894,33.644522,102.74,0.117,4
-117.857594,33.644522,103.67,0.214,4
-117.857294,33.644522,104.49,0.306,4
-117.856993,33.644522,105.3,0.457,4
-117.856693,33.644522,106.06,0.463,4
-117.856393,33.644522,106.75,0.387,4
-117.856093,33.644522,106.93,0.319,4
-117.855793,33.644522,106.59,0.272,4
-117.855493,33.644522,106.27,0.322,4
-117.855193,33.644522,106.17,0.433,4
-117.854893,33.644522,107.02,0.468,4
-117.854593,33.644522,107.3,0.358,4
-117.854293,33.644522,107.87,0.281,4
-117.853993,33.644522,106.3,0.246,4
-117.853693,33.644522,106.03,0.334,4
-117.853393,33.644522,105.72,0.363,4
-117.853093,33.644522,104.81,0.302,4
-117.852793,33.644522,103.77,0.226,4
-117.852493,33.644522,102.92,0.156,4
-117.852193,33.644522,102.34,0.104,4
-117.851892,33.644522,101.93,0.14,4
-117.851592,33.644522,101.66,0.298,4
-117.851292,33.644522,101.68,0.456,4
-117.850992,33.644522,102.04,0.46,4
-117.850692,33.644522,102.54,0.423,4
-117.850392,33.644522,102.12,0.285,4
-117.850092,33.644522,101.45,0.134,4
-117.849792,33.644522,101.17,0.225,4
-117.849492,33.644522,100.47,0.498,4
-117.849192,33.644522,100.37,0.544,4
-117.848892,33.644522,100.57,0.473,4
-117.848592,33.644522,101.48,0.34,4
-117.848292,33.644522,102.33,0.37,4
-117.847992,33.644522,103.02,0.455,4
-117.847692,33.644522,103.51,0.484,4
-117.847392,33.644522,103.55,0.539,4
-117.847092,33.644522,103.61,0.555,4
-117.846791,33.644522,103.64,0.47,4
-117.846491,33.644522,103.56,0.261,4
-117.846191,33.644522,103.33,0.149,4
-117.845891,33.644522,102.49,0.364,4
-117.845591,33.644522,101.88,0.335,4
-117.845291,33.644522,101.26,0.31,4
-117.844991,33.644522,100.8,0.373,4
-117.844691,33.644522,100.34,0.408,4
-117.844391,33.644522,99.92,0.243,4
-117.844091,33.644522,99.58,0.155,4
-117.843791,33.644522,99.27,0.246,4
-117.843491,33.644522,98.94,0.33,4
-117.843191,33.644522,98.51,0.343,4
-117.842891,33.644522,97.98,0.395,4
-117.842591,33.644522,97.34,0.525,4
-117.842291,33.644522,97.09,0.628,4
-117.841991,33.644522,97.24,0.494,4
-117.84169,33.644522,97.48,0.223,4
-117.84139,33.644522,97.92,0.113,4
-117.84109,33.644522,98.82,0.171,4
-117.84079,33.644522,99.89,0.334,4
-117.84049,33.644522,100.41,0.5,4
-117.84019,33.644522,100.45,0.499,4
-117.83989,33.644522,99.66,0.521,4
-117.83959,33.644522,98.68,0.577,4
-117.83929,33.644522,98.13,0.608,4
-117.83899,33.644522,97.64,0.664,4
-117.83869,33.644522,97.43,0.601,4
-117.83839,33.644522,98.21,0.441,4
-117.83809,33.644522,99.91,0.27,4
-117.83779,33.644522,100.83,0.253,4
-117.83749,33.644522,102.27,0.301,4
-117.83719,33.644522,103.28,0.238,4
-117.83689,33.644522,103.49,0.203,4
-117.836589,33.644522,103.27,0.262,4
-117.836289,33.644522,102.48,0.312,4
-117.835989,33.644522,102.26,0.35,4
-117.835689,33.644522,102.25,0.423,4
-117.835389,33.644522,102.09,0.458,4
-117.835089,33.644522,102.4,0.383,4
-117.834789,33.644522,103.3,0.292,4
-117.834489,33.644522,104.15,0.306,4
-117.834189,33.644522,104.84,0.326,4
-117.833889,33.644522,104.99,0.269,4
-117.833589,33.644522,105.42,0.304,4
-117.833289,33.644522,105.66,0.334,4
-117.832989,33.644522,105.4,0.341,4
-117.832689,33.644522,105.25,0.313,4
-117.832389,33.644522,105.01,0.302,4
-117.832089,33.644522,104.62,0.326,4
-117.831789,33.644522,104.19,0.402,4
-117.831488,33.644522,103.88,0.462,4
-117.831188,33.644522,103.68,0.482,4
-117.830888,33.644522,103.6,0.473,4
-117.830588,33.644522,103.74,0.403,4
-117.830288,33.644522,103.96,0.327,4
-117.829988,33.644522,104.2,0.322,4
-117.829688,33.644522,104.62,0.348,4
-117.829388,33.644522,104.58,0.331,4
-117.829088,33.644522,104.32,0.287,4
-117.828788,33.644522,104.16,0.346,4
-117.828488,33.644522,103.48,0.277,4
-117.828188,33.644522,102.68,0.244,4
-117.827888,33.644522,102.55,0.34,4
-117.827588,33.644522,102.3,0.475,4
-117.827288,33.644522,101.85,0.555,4
-117.826988,33.644522,101.71,0.555,4
-117.826687,33.644522,101.92,0.518,4
-117.826387,33.644522,102.42,0.512,4
-117.826087,33.644522,102.72,0.489,4
-117.825787,33.644522,101.8,0.305,4
-117.825487,33.644522,102.41,0.281,4
-117.825187,33.644522,102.87,0.309,4
-117.824887,33.644522,104.63,0.239,4
-117.824587,33.644522,105.17,0.204,4
-117.859394,33.644222,101.77,0.07,4
-117.859094,33.644222,101.2,0.182,4
-117.858794,33.644222,100.43,0.413,4
-117.858494,33.644222,100.17,0.432,4
-117.858194,33.644222,100.46,0.122,4
-117.857894,33.644222,101.99,0.078,4
-117.857594,33.644222,102.96,0.185,4
-117.857294,33.644222,103.7,0.247,4
-117.856993,33.644222,104.46,0.41,4
-117.856693,33.644222,105.21,0.387,4
-117.856393,33.644222,105.91,0.237,4
-117.856093,33.644222,106.25,0.174,4
-117.855793,33.644222,106.19,0.167,4
-117.855493,33.644222,106.12,0.199,4
-117.855193,33.644222,106.21,0.349,4
-117.854893,33.644222,107.25,0.365,4
-117.854593,33.644222,107.52,0.329,4
-117.854293,33.644222,107.92,0.269,4
-117.853993,33.644222,106.21,0.25,4
-117.853693,33.644222,105.83,0.37,4
-117.853393,33.644222,105.37,0.428,4
-117.853093,33.644222,104.4,0.395,4
-117.852793,33.644222,103.42,0.35,4
-117.852493,33.644222,102.7,0.299,4
-117.852193,33.644222,102.25,0.242,4
-117.851892,33.644222,101.97,0.284,4
-117.851592,33.644222,101.9,0.388,4
-117.851292,33.644222,102.2,0.367,4
-117.850992,33.644222,102.8,0.353,4
-117.850692,33.644222,103.46,0.36,4
-117.850392,33.644222,103.1,0.442,4
-117.850092,33.644222,102.42,0.137,4
-117.849792,33.644222,101.83,0.173,4
-117.849492,33.644222,101.16,0.49,4
-117.849192,33.644222,101.14,0.502,4
-117.848892,33.644222,101.3,0.445,4
-117.848592,33.644222,101.95,0.394,4
-117.848292,33.644222,102.54,0.369,4
-117.847992,33.644222,103.03,0.426,4
-117.847692,33.644222,103.36,0.529,4
-117.847392,33.644222,103.38,0.571,4
-117.847092,33.644222,103.58,0.533,4
-117.846791,33.644222,103.78,0.441,4
-117.846491,33.644222,103.89,0.338,4
-117.846191,33.644222,103.87,0.203,4
-117.845891,33.644222,103.32,0.253,4
-117.845591,33.644222,102.94,0.294,4
-117.845291,33.644222,102.36,0.237,4
-117.844991,33.644222,101.88,0.323,4
-117.844691,33.644222,101.29,0.396,4
-117.844391,33.644222,100.7,0.322,4
-117.844091,33.644222,100.14,0.244,4
-117.843791,33.644222,99.61,0.261,4
-117.843491,33.644222,99.06,0.229,4
-117.843191,33.644222,98.36,0.154,4
-117.842891,33.644222,97.57,0.335,4
-117.842591,33.644222,96.96,0.623,4
-117.842291,33.644222,96.88,0.576,4
-117.841991,33.644222,97.15,0.196,4
-117.84169,33.644222,97.6,0.126,4
-117.84139,33.644222,98.4,0.214,4
-117.84109,33.644222,99.63,0.359,4
-117.84079,33.644222,100.86,0.36,4
-117.84049,33.644222,101.74,0.293,4
-117.84019,33.644222,102.13,0.26,4
-117.83989,33.644222,101.56,0.373,4
-117.83959,33.644222,100.58,0.494,4
-117.83929,33.644222,99.73,0.488,4
-117.83899,33.644222,98.85,0.533,4
-117.83869,33.644222,98.41,0.697,4
-117.83839,33.644222,98.54,0.645,4
-117.83809,33.644222,99.56,0.451,4
-117.83779,33.644222,99.98,0.356,4
-117.83749,33.644222,101.46,0.473,4
-117.83719,33.644222,102.41,0.338,4
-117.83689,33.644222,102.67,0.267,4
-117.836589,33.644222,102.45,0.306,4
-117.836289,33.644222,101.83,0.319,4
-117.835989,33.644222,101.93,0.353,4
-117.835689,33.644222,102.21,0.455,4
-117.835389,33.644222,102.2,0.549,4
-117.835089,33.644222,102.65,0.567,4
-117.834789,33.644222,103.66,0.51,4
-117.834489,33.644222,104.49,0.406,4
-117.834189,33.644222,105.21,0.357,4
-117.833889,33.644222,105.29,0.307,4
-117.833589,33.644222,105.59,0.319,4
-117.833289,33.644222,105.75,0.325,4
-117.832989,33.644222,105.41,0.399,4
-117.832689,33.644222,105.17,0.389,4
-117.832389,33.644222,104.88,0.428,4
-117.832089,33.644222,104.48,0.435,4
-117.831789,33.644222,104.05,0.488,4
-117.831488,33.644222,103.67,0.544,4
-117.831188,33.644222,103.31,0.538,4
-117.830888,33.644222,103.05,0.516,4
-117.830588,33.644222,103.09,0.477,4
-117.830288,33.644222,103.29,0.404,4
-117.829988,33.644222,103.6,0.427,4
-117.829688,33.644222,104.19,0.452,4
-117.829388,33.644222,104.38,0.337,4
-117.829088,33.644222,104.42,0.38,4
-117.828788,33.644222,104.64,0.467,4
-117.828488,33.644222,104.35,0.386,4
-117.828188,33.644222,103.86,0.372,4
-117.827888,33.644222,103.89,0.407,4
-117.827588,33.644222,103.63,0.44,4
-117.827288,33.644222,102.97,0.461,4
-117.826988,33.644222,102.5,0.489,4
-117.826687,33.644222,102.38,0.513,4
-117.826387,33.644222,102.61,0.489,4
-117.826087,33.644222,102.68,0.475,4
-117.825787,33.644222,101.26,0.401,4
-117.825487,33.644222,101.44,0.399,4
-117.825187,33.644222,101.57,0.448,4
-117.824887,33.644222,103.45,0.301,4
-117.859394,33.643921,101.25,0.08,4
-117.859094,33.643921,100.71,0.149,4
-117.858794,33.643921,99.96,0.33,4
-117.858494,33.643921,99.66,0.477,4
-117.858194,33.643921,100.06,0.249,4
-117.857894,33.643921,101.82,0.198,4
-117.857594,33.643921,102.79,0.15,4
-117.857294,33.643921,103.37,0.126,4
-117.856993,33.643921,103.92,0.317,4
-117.856693,33.643921,104.51,0.326,4
-117.856393,33.643921,105.1,0.163,4
-117.856093,33.643921,105.61,0.102,4
-117.855793,33.643921,105.97,0.147,4
-117.855493,33.643921,106.2,0.242,4
-117.855193,33.643921,106.25,0.403,4
-117.854893,33.643921,106.07,0.367,4
-117.854593,33.643921,106.21,0.317,4
-117.854293,33.643921,106.38,0.267,4
-117.853993,33.643921,105.63,0.258,4
-117.853693,33.643921,105.31,0.321,4
-117.853393,33.643921,104.89,0.365,4
-117.853093,33.643921,104.37,0.336,4
-117.852793,33.643921,103.68,0.39,4
-117.852493,33.643921,103.05,0.323,4
-117.852193,33.643921,102.65,0.211,4
-117.851892,33.643921,102.41,0.351,4
-117.851592,33.643921,102.45,0.477,4
-117.851292,33.643921,102.9,0.201,4
-117.850992,33.643921,103.54,0.15,4
-117.850692,33.643921,103.96,0.303,4
-117.850392,33.643921,103.6,0.521,4
-117.850092,33.643921,102.48,0.279,4
-117.849792,33.643921,101.06,0.31,4
-117.849492,33.643921,100.5,0.548,4
-117.849192,33.643921,100.73,0.522,4
-117.848892,33.643921,101.13,0.507,4
-117.848592,33.643921,101.72,0.483,4
-117.848292,33.643921,102.24,0.445,4
-117.847992,33.643921,102.67,0.472,4
-117.847692,33.643921,102.93,0.527,4
-117.847392,33.643921,102.92,0.531,4
-117.847092,33.643921,103.1,0.492,4
-117.846791,33.643921,103.38,0.372,4
-117.846491,33.643921,103.66,0.227,4
-117.846191,33.643921,103.87,0.125,4
-117.845891,33.643921,104.4,0.239,4
-117.845591,33.643921,104.45,0.202,4
-117.845291,33.643921,104.14,0.199,4
-117.844991,33.643921,104.26,0.303,4
-117.844691,33.643921,103.64,0.313,4
-117.844391,33.643921,102.7,0.26,4
-117.844091,33.643921,101.64,0.255,4
-117.843791,33.643921,100.65,0.309,4
-117.843491,33.643921,99.85,0.297,4
-117.843191,33.643921,98.62,0.253,4
-117.842891,33.643921,96.94,0.445,4
-117.842591,33.643921,96.41,0.671,4
-117.842291,33.643921,96.48,0.609,4
-117.841991,33.643921,96.87,0.341,4
-117.84169,33.643921,97.44,0.26,4
-117.84139,33.643921,98.33,0.309,4
-117.84109,33.643921,99.49,0.208,4
-117.84079,33.643921,99.91,0.219,4
-117.84049,33.643921,100.67,0.184,4
-117.84019,33.643921,101.42,0.147,4
-117.83989,33.643921,101.39,0.243,4
-117.83959,33.643921,100.92,0.335,4
-117.83929,33.643921,100.28,0.334,4
-117.83899,33.643921,99.52,0.41,4
-117.83869,33.643921,99.45,0.557,4
-117.83839,33.643921,98.94,0.627,4
-117.83809,33.643921,99.16,0.66,4
-117.83779,33.643921,99.53,0.51,4
-117.83749,33.643921,100.69,0.436,4
-117.83719,33.643921,101.45,0.37,4
-117.83689,33.643921,101.62,0.377,4
-117.836589,33.643921,101.32,0.448,4
-117.836289,33.643921,100.9,0.431,4
-117.835989,33.643921,101.18,0.457,4
-117.835689,33.643921,101.8,0.523,4
-117.835389,33.643921,102.19,0.529,4
-117.835089,33.643921,102.77,0.506,4
-117.834789,33.643921,103.76,0.477,4
-117.834489,33.643921,104.51,0.354,4
-117.834189,33.643921,105.23,0.273,4
-117.833889,33.643921,105.57,0.328,4
-117.833589,33.643921,105.8,0.371,4
-117.833289,33.643921,105.92,0.333,4
-117.832989,33.643921,105.62,0.426,4
-117.832689,33.643921,105.41,0.382,4
-117.832389,33.643921,105.16,0.371,4
-117.832089,33.643921,104.81,0.372,4
-117.831789,33.643921,104.4,0.425,4
-117.831488,33.643921,103.97,0.475,4
-117.831188,33.643921,103.46,0.474,4
-117.830888,33.643921,103.02,0.46,4
-117.830588,33.643921,102.94,0.428,4
-117.830288,33.643921,103.06,0.415,4
-117.829988,33.643921,103.39,0.483,4
-117.829688,33.643921,104.13,0.488,4
-117.829388,33.643921,104.52,0.401,4
-117.829088,33.643921,104.84,0.409,4
-117.828788,33.643921,104.98,0.55,4
-117.828488,33.643921,105.1,0.414,4
-117.828188,33.643921,105.04,0.323,4
-117.827888,33.643921,104.7,0.306,4
-117.827588,33.643921,104.03,0.353,4
-117.827288,33.643921,103.19,0.394,4
-117.826988,33.643921,102.44,0.384,4
-117.826687,33.643921,101.88,0.394,4
-117.826387,33.643921,101.52,0.446,4
-117.826087,33.643921,101.42,0.44,4
-117.825787,33.643921,100.66,0.442,4
-117.825487,33.643921,100.49,0.454,4
-117.825187,33.643921,100.44,0.457,4
-117.824887,33.643921,101.93,0.342,4
-117.859094,33.643621,100.46,0.176,4
-117.858794,33.643621,99.79,0.304,4
-117.858494,33.643621,99.66,0.373,4
-117.858194,33.643621,99.92,0.506,4
-117.857894,33.643621,101.49,0.472,4
-117.857594,33.643621,102.36,0.212,4
-117.857294,33.643621,103.09,0.112,4
-117.856993,33.643621,103.81,0.296,4
-117.856693,33.643621,104.4,0.3,4
-117.856393,33.643621,104.87,0.14,4
-117.856093,33.643621,105.24,0.075,4
-117.855793,33.643621,105.5,0.099,4
-117.855493,33.643621,105.67,0.234,4
-117.855193,33.643621,105.74,0.48,4
-117.854893,33.643621,105.31,0.373,4
-117.854593,33.643621,105.42,0.287,4
-117.854293,33.643621,105.32,0.303,4
-117.853993,33.643621,104.65,0.341,4
-117.853693,33.643621,104.44,0.308,4
-117.853393,33.643621,104.29,0.284,4
-117.853093,33.643621,104.4,0.272,4
-117.852793,33.643621,104.18,0.377,4
-117.852493,33.643621,103.72,0.309,4
-117.852193,33.643621,103.32,0.146,4
-117.851892,33.643621,103.05,0.174,4
-117.851592,33.643621,103.02,0.229,4
-117.851292,33.643621,103.36,0.093,4
-117.850992,33.643621,103.88,0.118,4
-117.850692,33.643621,104.07,0.282,4
-117.850392,33.643621,103.65,0.443,4
-117.850092,33.643621,102.23,0.418,4
-117.849792,33.643621,100.59,0.5,4
-117.849492,33.643621,100.12,0.607,4
-117.849192,33.643621,100.56,0.543,4
-117.848892,33.643621,101.14,0.539,4
-117.848592,33.643621,101.89,0.503,4
-117.848292,33.643621,102.61,0.457,4
-117.847992,33.643621,103.29,0.462,4
-117.847692,33.643621,103.77,0.468,4
-117.847392,33.643621,103.82,0.448,4
-117.847092,33.643621,103.9,0.415,4
-117.846791,33.643621,104.11,0.266,4
-117.846491,33.643621,104.38,0.14,4
-117.846191,33.643621,104.7,0.147,4
-117.845891,33.643621,105.48,0.263,4
-117.845591,33.643621,105.7,0.166,4
-117.845291,33.643621,105.6,0.188,4
-117.844991,33.643621,105.86,0.257,4
-117.844691,33.643621,105.07,0.212,4
-117.844391,33.643621,103.69,0.184,4
-117.844091,33.643621,102.2,0.259,4
-117.843791,33.643621,100.9,0.39,4
-117.843491,33.643621,99.9,0.458,4
-117.843191,33.643621,98.64,0.456,4
-117.842891,33.643621,97.07,0.557,4
-117.842591,33.643621,96.61,0.657,4
-117.842291,33.643621,96.7,0.601,4
-117.841991,33.643621,97.18,0.438,4
-117.84169,33.643621,97.84,0.33,4
-117.84139,33.643621,98.6,0.158,4
-117.84109,33.643621,99.48,0.085,4
-117.84079,33.643621,99.74,0.123,4
-117.84049,33.643621,100.29,0.184,4
-117.84019,33.643621,101.14,0.155,4
-117.83989,33.643621,101.54,0.123,4
-117.83959,33.643621,101.4,0.143,4
-117.83929,33.643621,100.8,0.216,4
-117.83899,33.643621,99.88,0.363,4
-117.83869,33.643621,99.61,0.436,4
-117.83839,33.643621,98.91,0.41,4
-117.83809,33.643621,99.03,0.426,4
-117.83779,33.643621,99.73,0.44,4
-117.83749,33.643621,100.52,0.457,4
-117.83719,33.643621,100.92,0.446,4
-117.83689,33.643621,100.88,0.496,4
-117.836589,33.643621,100.56,0.557,4
-117.836289,33.643621,100.35,0.568,4
-117.835989,33.643621,100.59,0.55,4
-117.835689,33.643621,101.26,0.489,4
-117.835389,33.643621,102.02,0.419,4
-117.835089,33.643621,102.74,0.441,4
-117.834789,33.643621,103.55,0.49,4
-117.834489,33.643621,104.17,0.363,4
-117.834189,33.643621,104.81,0.271,4
-117.833889,33.643621,105.62,0.361,4
-117.833589,33.643621,105.9,0.342,4
-117.833289,33.643621,106.05,0.307,4
-117.832989,33.643621,105.86,0.369,4
-117.832689,33.643621,105.7,0.34,4
-117.832389,33.643621,105.5,0.311,4
-117.832089,33.643621,105.18,0.283,4
-117.831789,33.643621,104.79,0.327,4
-117.831488,33.643621,104.32,0.394,4
-117.831188,33.643621,103.68,0.426,4
-117.830888,33.643621,103.08,0.43,4
-117.830588,33.643621,102.95,0.408,4
-117.830288,33.643621,103.07,0.479,4
-117.829988,33.643621,103.41,0.534,4
-117.829688,33.643621,104.22,0.528,4
-117.829388,33.643621,104.7,0.407,4
-117.829088,33.643621,105.18,0.313,4
-117.828788,33.643621,105.24,0.405,4
-117.828488,33.643621,105.73,0.309,4
-117.828188,33.643621,106,0.211,4
-117.827888,33.643621,105.44,0.161,4
-117.827588,33.643621,104.53,0.207,4
-117.827288,33.643621,103.5,0.324,4
-117.826988,33.643621,102.33,0.379,4
-117.826687,33.643621,101.21,0.403,4
-117.826387,33.643621,100.29,0.534,4
-117.826087,33.643621,100,0.524,4
-117.825787,33.643621,100.04,0.462,4
-117.825487,33.643621,99.82,0.435,4
-117.825187,33.643621,99.6,0.442,4
-117.824887,33.643621,100.75,0.413,4
-117.859094,33.643321,100.5,0.157,4
-117.858794,33.643321,99.94,0.297,4
-117.858494,33.643321,99.89,0.322,4
-117.858194,33.643321,100.17,0.444,4
-117.857894,33.643321,101.51,0.41,4
-117.857594,33.643321,102.37,0.269,4
-117.857294,33.643321,103.19,0.274,4
-117.856993,33.643321,103.98,0.411,4
-117.856693,33.643321,104.58,0.449,4
-117.856393,33.643321,104.97,0.34,4
-117.856093,33.643321,105.2,0.252,4
-117.855793,33.643321,105.29,0.268,4
-117.855493,33.643321,105.23,0.332,4
-117.855193,33.643321,105.04,0.422,4
-117.854893,33.643321,104.4,0.327,4
-117.854593,33.643321,104.28,0.31,4
-117.854293,33.643321,104.05,0.334,4
-117.853993,33.643321,103.32,0.264,4
-117.853693,33.643321,103.33,0.157,4
-117.853393,33.643321,103.56,0.18,4
-117.853093,33.643321,104.2,0.253,4
-117.852793,33.643321,104.6,0.372,4
-117.852493,33.643321,104.57,0.35,4
-117.852193,33.643321,104.28,0.197,4
-117.851892,33.643321,103.95,0.116,4
-117.851592,33.643321,103.75,0.109,4
-117.851292,33.643321,103.8,0.064,4
-117.850992,33.643321,104.01,0.095,4
-117.850692,33.643321,104.1,0.183,4
-117.850392,33.643321,103.67,0.299,4
-117.850092,33.643321,102.19,0.467,4
-117.849792,33.643321,100.58,0.63,4
-117.849492,33.643321,100.13,0.654,4
-117.849192,33.643321,100.59,0.513,4
-117.848892,33.643321,101.28,0.472,4
-117.848592,33.643321,102.25,0.453,4
-117.848292,33.643321,103.26,0.406,4
-117.847992,33.643321,104.29,0.379,4
-117.847692,33.643321,105.12,0.386,4
-117.847392,33.643321,105.37,0.382,4
-117.847092,33.643321,105.45,0.327,4
-117.846791,33.643321,105.56,0.274,4
-117.846491,33.643321,105.69,0.272,4
-117.846191,33.643321,105.97,0.359,4
-117.845891,33.643321,106.89,0.348,4
-117.845591,33.643321,107.22,0.212,4
-117.845291,33.643321,107.1,0.158,4
-117.844991,33.643321,107.22,0.169,4
-117.844691,33.643321,106.27,0.228,4
-117.844391,33.643321,104.62,0.238,4
-117.844091,33.643321,102.82,0.221,4
-117.843791,33.643321,101.25,0.228,4
-117.843491,33.643321,100.07,0.289,4
-117.843191,33.643321,98.82,0.465,4
-117.842891,33.643321,97.46,0.68,4
-117.842591,33.643321,97.26,0.662,4
-117.842291,33.643321,97.49,0.429,4
-117.841991,33.643321,97.97,0.143,4
-117.84169,33.643321,98.48,0.151,4
-117.84139,33.643321,98.98,0.158,4
-117.84109,33.643321,99.55,0.151,4
-117.84079,33.643321,99.47,0.166,4
-117.84049,33.643321,99.77,0.221,4
-117.84019,33.643321,100.59,0.164,4
-117.83989,33.643321,101.16,0.081,4
-117.83959,33.643321,101.19,0.105,4
-117.83929,33.643321,100.6,0.255,4
-117.83899,33.643321,99.6,0.455,4
-117.83869,33.643321,99.45,0.437,4
-117.83839,33.643321,98.82,0.209,4
-117.83809,33.643321,98.98,0.121,4
-117.83779,33.643321,99.53,0.16,4
-117.83749,33.643321,100.05,0.251,4
-117.83719,33.643321,100.3,0.322,4
-117.83689,33.643321,100.27,0.493,4
-117.836589,33.643321,100.08,0.629,4
-117.836289,33.643321,100.04,0.646,4
-117.835989,33.643321,100.36,0.556,4
-117.835689,33.643321,101.03,0.417,4
-117.835389,33.643321,101.83,0.364,4
-117.835089,33.643321,102.62,0.431,4
-117.834789,33.643321,103.32,0.448,4
-117.834489,33.643321,103.8,0.394,4
-117.834189,33.643321,104.32,0.38,4
-117.833889,33.643321,105.1,0.414,4
-117.833589,33.643321,105.47,0.402,4
-117.833289,33.643321,105.73,0.396,4
-117.832989,33.643321,105.64,0.481,4
-117.832689,33.643321,105.57,0.454,4
-117.832389,33.643321,105.41,0.407,4
-117.832089,33.643321,105.1,0.35,4
-117.831789,33.643321,104.71,0.337,4
-117.831488,33.643321,104.26,0.433,4
-117.831188,33.643321,103.62,0.554,4
-117.830888,33.643321,103,0.538,4
-117.830588,33.643321,102.87,0.434,4
-117.830288,33.643321,103.01,0.443,4
-117.829988,33.643321,103.34,0.496,4
-117.829688,33.643321,104.09,0.557,4
-117.829388,33.643321,104.52,0.372,4
-117.829088,33.643321,105.03,0.335,4
-117.828788,33.643321,105.16,0.303,4
-117.828488,33.643321,105.76,0.175,4
-117.828188,33.643321,106.11,0.124,4
-117.827888,33.643321,105.66,0.12,4
-117.827588,33.643321,104.84,0.163,4
-117.827288,33.643321,103.81,0.27,4
-117.826988,33.643321,102.36,0.395,4
-117.826687,33.643321,100.79,0.506,4
-117.826387,33.643321,99.66,0.61,4
-117.826087,33.643321,98.98,0.662,4
-117.825787,33.643321,98.81,0.603,4
-117.825487,33.643321,98.92,0.514,4
-117.825187,33.643321,98.71,0.468,4
-117.824887,33.643321,99.76,0.425,4
-117.858794,33.643021,100.19,0.268,4
-117.858494,33.643021,100.09,0.257,4
-117.858194,33.643021,100.42,0.397,4
-117.857894,33.643021,101.78,0.375,4
-117.857594,33.643021,102.72,0.24,4
-117.857294,33.643021,103.64,0.191,4
-117.856993,33.643021,104.6,0.288,4
-117.856693,33.643021,105.32,0.371,4
-117.856393,33.643021,105.7,0.404,4
-117.856093,33.643021,105.81,0.408,4
-117.855793,33.643021,105.63,0.357,4
-117.855493,33.643021,105.12,0.326,4
-117.855193,33.643021,104.5,0.36,4
-117.854893,33.643021,103.38,0.359,4
-117.854593,33.643021,102.99,0.354,4
-117.854293,33.643021,102.7,0.161,4
-117.853993,33.643021,102.07,0.053,4
-117.853693,33.643021,102.29,0.039,4
-117.853393,33.643021,102.85,0.19,4
-117.853093,33.643021,103.87,0.234,4
-117.852793,33.643021,104.59,0.228,4
-117.852493,33.643021,104.78,0.191,4
-117.852193,33.643021,104.65,0.155,4
-117.851892,33.643021,104.4,0.146,4
-117.851592,33.643021,104.15,0.12,4
-117.851292,33.643021,104,0.102,4
-117.850992,33.643021,104,0.12,4
-117.850692,33.643021,103.92,0.147,4
-117.850392,33.643021,103.49,0.17,4
-117.850092,33.643021,102.27,0.521,4
-117.849792,33.643021,101.25,0.679,4
-117.849492,33.643021,101.11,0.596,4
-117.849192,33.643021,101.44,0.371,4
-117.848892,33.643021,102.13,0.288,4
-117.848592,33.643021,103.21,0.38,4
-117.848292,33.643021,104.45,0.39,4
-117.847992,33.643021,105.69,0.3,4
-117.847692,33.643021,106.65,0.274,4
-117.847392,33.643021,107.06,0.283,4
-117.847092,33.643021,107.21,0.278,4
-117.846791,33.643021,107.28,0.321,4
-117.846491,33.643021,107.33,0.285,4
-117.846191,33.643021,107.65,0.346,4
-117.845891,33.643021,108.63,0.306,4
-117.845591,33.643021,108.9,0.285,4
-117.845291,33.643021,108.6,0.251,4
-117.844991,33.643021,108.48,0.216,4
-117.844691,33.643021,107.4,0.238,4
-117.844391,33.643021,105.69,0.219,4
-117.844091,33.643021,103.37,0.174,4
-117.843791,33.643021,101.18,0.159,4
-117.843491,33.643021,99.92,0.245,4
-117.843191,33.643021,98.85,0.496,4
-117.842891,33.643021,98.05,0.687,4
-117.842591,33.643021,98.17,0.483,4
-117.842291,33.643021,98.51,0.308,4
-117.841991,33.643021,98.86,0.117,4
-117.84169,33.643021,99.12,0.095,4
-117.84139,33.643021,99.37,0.107,4
-117.84109,33.643021,99.68,0.13,4
-117.84079,33.643021,99.37,0.178,4
-117.84049,33.643021,99.54,0.21,4
-117.84019,33.643021,100.17,0.198,4
-117.83989,33.643021,100.94,0.146,4
-117.83959,33.643021,101.41,0.159,4
-117.83929,33.643021,100.94,0.307,4
-117.83899,33.643021,99.8,0.451,4
-117.83869,33.643021,98.73,0.418,4
-117.83839,33.643021,98.16,0.231,4
-117.83809,33.643021,98.38,0.072,4
-117.83779,33.643021,99.44,0.059,4
-117.83749,33.643021,99.96,0.071,4
-117.83719,33.643021,100.35,0.13,4
-117.83689,33.643021,100.54,0.371,4
-117.836589,33.643021,100.62,0.472,4
-117.836289,33.643021,100.72,0.459,4
-117.835989,33.643021,100.9,0.501,4
-117.835689,33.643021,101.26,0.452,4
-117.835389,33.643021,101.79,0.392,4
-117.835089,33.643021,102.36,0.495,4
-117.834789,33.643021,102.81,0.479,4
-117.834489,33.643021,103.22,0.439,4
-117.834189,33.643021,103.66,0.435,4
-117.833889,33.643021,104.47,0.504,4
-117.833589,33.643021,104.9,0.49,4
-117.833289,33.643021,105.26,0.444,4
-117.832989,33.643021,105.44,0.471,4
-117.832689,33.643021,105.54,0.435,4
-117.832389,33.643021,105.43,0.434,4
-117.832089,33.643021,105.14,0.45,4
-117.831789,33.643021,104.76,0.477,4
-117.831488,33.643021,104.39,0.559,4
-117.831188,33.643021,104.14,0.604,4
-117.830888,33.643021,104.05,0.483,4
-117.830588,33.643021,103.92,0.331,4
-117.830288,33.643021,103.98,0.338,4
-117.829988,33.643021,104.11,0.452,4
-117.829688,33.643021,103.57,0.582,4
-117.829388,33.643021,103.9,0.367,4
-117.829088,33.643021,104.3,0.388,4
-117.828788,33.643021,104.62,0.296,4
-117.828488,33.643021,105.08,0.216,4
-117.828188,33.643021,105.41,0.199,4
-117.827888,33.643021,105.52,0.224,4
-117.827588,33.643021,105.13,0.211,4
-117.827288,33.643021,104.3,0.261,4
-117.826988,33.643021,103.11,0.444,4
-117.826687,33.643021,101.13,0.609,4
-117.826387,33.643021,98.74,0.688,4
-117.826087,33.643021,97.93,0.723,4
-117.825787,33.643021,97.4,0.681,4
-117.825487,33.643021,97.71,0.614,4
-117.825187,33.643021,97.59,0.575,4
-117.858494,33.642721,100.03,0.259,4
-117.858194,33.642721,100.07,0.37,4
-117.857894,33.642721,101.56,0.406,4
-117.857594,33.642721,102.58,0.277,4
-117.857294,33.642721,103.7,0.132,4
-117.856993,33.642721,104.97,0.17,4
-117.856693,33.642721,105.96,0.227,4
-117.856393,33.642721,106.47,0.304,4
-117.856093,33.642721,106.57,0.348,4
-117.855793,33.642721,106.18,0.21,4
-117.855493,33.642721,105.17,0.143,4
-117.855193,33.642721,104.1,0.245,4
-117.854893,33.642721,102.34,0.46,4
-117.854593,33.642721,101.75,0.423,4
-117.854293,33.642721,101.62,0.174,4
-117.853993,33.642721,101,0.008,4
-117.853693,33.642721,101.35,0.017,4
-117.853393,33.642721,102.18,0.229,4
-117.853093,33.642721,103.22,0.292,4
-117.852793,33.642721,103.85,0.243,4
-117.852493,33.642721,104.06,0.169,4
-117.852193,33.642721,104.1,0.164,4
-117.851892,33.642721,104.06,0.215,4
-117.851592,33.642721,103.97,0.184,4
-117.851292,33.642721,103.88,0.125,4
-117.850992,33.642721,103.8,0.144,4
-117.850692,33.642721,103.51,0.197,4
-117.850392,33.642721,103.19,0.303,4
-117.850092,33.642721,102.44,0.464,4
-117.849792,33.642721,102.36,0.47,4
-117.849492,33.642721,102.33,0.489,4
-117.849192,33.642721,102.56,0.359,4
-117.848892,33.642721,103.29,0.22,4
-117.848592,33.642721,104.46,0.258,4
-117.848292,33.642721,105.9,0.264,4
-117.847992,33.642721,107.15,0.161,4
-117.847692,33.642721,107.86,0.104,4
-117.847392,33.642721,108.21,0.115,4
-117.847092,33.642721,108.43,0.185,4
-117.846791,33.642721,108.47,0.353,4
-117.846491,33.642721,108.56,0.248,4
-117.846191,33.642721,108.91,0.256,4
-117.845891,33.642721,109.86,0.281,4
-117.845591,33.642721,109.84,0.313,4
-117.845291,33.642721,109.41,0.291,4
-117.844991,33.642721,109.37,0.297,4
-117.844691,33.642721,108.46,0.272,4
-117.844391,33.642721,106.94,0.252,4
-117.844091,33.642721,104.3,0.217,4
-117.843791,33.642721,101.56,0.168,4
-117.843491,33.642721,100.16,0.281,4
-117.843191,33.642721,99.09,0.594,4
-117.842891,33.642721,98.71,0.68,4
-117.842591,33.642721,98.83,0.372,4
-117.842291,33.642721,99.11,0.24,4
-117.841991,33.642721,99.39,0.245,4
-117.84169,33.642721,99.56,0.179,4
-117.84139,33.642721,99.69,0.113,4
-117.84109,33.642721,99.86,0.151,4
-117.84079,33.642721,99.39,0.238,4
-117.84049,33.642721,99.47,0.244,4
-117.84019,33.642721,99.97,0.235,4
-117.83989,33.642721,100.78,0.213,4
-117.83959,33.642721,101.41,0.22,4
-117.83929,33.642721,101.02,0.319,4
-117.83899,33.642721,99.83,0.412,4
-117.83869,33.642721,98.23,0.486,4
-117.83839,33.642721,97.82,0.409,4
-117.83809,33.642721,98.12,0.236,4
-117.83779,33.642721,99.51,0.204,4
-117.83749,33.642721,100.18,0.23,4
-117.83719,33.642721,100.87,0.27,4
-117.83689,33.642721,101.37,0.374,4
-117.836589,33.642721,101.66,0.281,4
-117.836289,33.642721,101.84,0.305,4
-117.835989,33.642721,101.82,0.501,4
-117.835689,33.642721,101.68,0.507,4
-117.835389,33.642721,101.74,0.374,4
-117.835089,33.642721,102.02,0.424,4
-117.834789,33.642721,102.34,0.453,4
-117.834489,33.642721,102.78,0.362,4
-117.834189,33.642721,103.22,0.385,4
-117.833889,33.642721,104.06,0.557,4
-117.833589,33.642721,104.52,0.412,4
-117.833289,33.642721,104.98,0.408,4
-117.832989,33.642721,105.31,0.409,4
-117.832689,33.642721,105.45,0.425,4
-117.832389,33.642721,105.4,0.488,4
-117.832089,33.642721,105.17,0.524,4
-117.831789,33.642721,104.9,0.54,4
-117.831488,33.642721,104.67,0.531,4
-117.831188,33.642721,104.67,0.474,4
-117.830888,33.642721,104.84,0.411,4
-117.830588,33.642721,104.67,0.392,4
-117.830288,33.642721,104.6,0.406,4
-117.829988,33.642721,104.55,0.442,4
-117.829688,33.642721,103.53,0.523,4
-117.829388,33.642721,103.77,0.423,4
-117.829088,33.642721,104.07,0.438,4
-117.828788,33.642721,104.33,0.309,4
-117.828488,33.642721,104.51,0.329,4
-117.828188,33.642721,104.51,0.24,4
-117.827888,33.642721,104.47,0.185,4
-117.827588,33.642721,104.03,0.236,4
-117.827288,33.642721,103.13,0.365,4
-117.826988,33.642721,101.98,0.532,4
-117.826687,33.642721,100.65,0.649,4
-117.826387,33.642721,99.73,0.719,4
-117.826087,33.642721,98.87,0.709,4
-117.825787,33.642721,96.8,0.652,4
-117.825487,33.642721,97.06,0.684,4
-117.825187,33.642721,96.89,0.655,4
-117.858494,33.642421,100.14,0.296,4
-117.858194,33.642421,99.89,0.321,4
-117.857894,33.642421,101.04,0.426,4
-117.857594,33.642421,101.87,0.279,4
-117.857294,33.642421,103.12,0.132,4
-117.856993,33.642421,104.79,0.164,4
-117.856693,33.642421,106.19,0.186,4
-117.856393,33.642421,106.84,0.237,4
-117.856093,33.642421,106.84,0.292,4
-117.855793,33.642421,106.41,0.167,4
-117.855493,33.642421,105.35,0.118,4
-117.855193,33.642421,103.89,0.229,4
-117.854893,33.642421,101.85,0.459,4
-117.854593,33.642421,101.11,0.422,4
-117.854293,33.642421,100.92,0.193,4
-117.853993,33.642421,100.33,0.008,4
-117.853693,33.642421,100.73,0.022,4
-117.853393,33.642421,101.54,0.174,4
-117.853093,33.642421,102.35,0.253,4
-117.852793,33.642421,102.84,0.242,4
-117.852493,33.642421,103.08,0.226,4
-117.852193,33.642421,103.27,0.255,4
-117.851892,33.642421,103.45,0.272,4
-117.851592,33.642421,103.61,0.213,4
-117.851292,33.642421,103.72,0.162,4
-117.850992,33.642421,103.72,0.213,4
-117.850692,33.642421,103.46,0.317,4
-117.850392,33.642421,103.24,0.416,4
-117.850092,33.642421,102.85,0.401,4
-117.849792,33.642421,103.09,0.347,4
-117.849492,33.642421,103.04,0.431,4
-117.849192,33.642421,103.11,0.389,4
-117.848892,33.642421,103.66,0.268,4
-117.848592,33.642421,104.88,0.208,4
-117.848292,33.642421,106.57,0.225,4
-117.847992,33.642421,107.9,0.179,4
-117.847692,33.642421,108.39,0.083,4
-117.847392,33.642421,108.46,0.113,4
-117.847092,33.642421,108.52,0.181,4
-117.846791,33.642421,108.58,0.348,4
-117.846491,33.642421,108.64,0.296,4
-117.846191,33.642421,108.86,0.227,4
-117.845891,33.642421,109.66,0.224,4
-117.845591,33.642421,109.69,0.189,4
-117.845291,33.642421,109.32,0.179,4
-117.844991,33.642421,109.48,0.285,4
-117.844691,33.642421,108.92,0.352,4
-117.844391,33.642421,107.78,0.362,4
-117.844091,33.642421,105.44,0.337,4
-117.843791,33.642421,102.76,0.287,4
-117.843491,33.642421,101.2,0.343,4
-117.843191,33.642421,99.86,0.561,4
-117.842891,33.642421,99.15,0.598,4
-117.842591,33.642421,98.95,0.41,4
-117.842291,33.642421,99.19,0.316,4
-117.841991,33.642421,99.53,0.263,4
-117.84169,33.642421,99.78,0.212,4
-117.84139,33.642421,99.97,0.189,4
-117.84109,33.642421,100.13,0.172,4
-117.84079,33.642421,99.73,0.165,4
-117.84049,33.642421,99.75,0.151,4
-117.84019,33.642421,100.06,0.176,4
-117.83989,33.642421,100.61,0.288,4
-117.83959,33.642421,101.06,0.401,4
-117.83929,33.642421,100.64,0.438,4
-117.83899,33.642421,99.62,0.507,4
-117.83869,33.642421,98.31,0.61,4
-117.83839,33.642421,98.17,0.652,4
-117.83809,33.642421,98.53,0.576,4
-117.83779,33.642421,99.86,0.528,4
-117.83749,33.642421,100.7,0.441,4
-117.83719,33.642421,101.64,0.367,4
-117.83689,33.642421,102.46,0.364,4
-117.836589,33.642421,102.92,0.302,4
-117.836289,33.642421,103.05,0.271,4
-117.835989,33.642421,102.7,0.381,4
-117.835689,33.642421,102.07,0.495,4
-117.835389,33.642421,101.7,0.462,4
-117.835089,33.642421,101.77,0.389,4
-117.834789,33.642421,102.07,0.416,4
-117.834489,33.642421,102.53,0.446,4
-117.834189,33.642421,103,0.443,4
-117.833889,33.642421,103.86,0.37,4
-117.833589,33.642421,104.29,0.268,4
-117.833289,33.642421,104.76,0.351,4
-117.832989,33.642421,105.09,0.34,4
-117.832689,33.642421,105.24,0.303,4
-117.832389,33.642421,105.26,0.324,4
-117.832089,33.642421,105.19,0.38,4
-117.831789,33.642421,105.1,0.43,4
-117.831488,33.642421,105.01,0.454,4
-117.831188,33.642421,105.14,0.479,4
-117.830888,33.642421,105.42,0.515,4
-117.830588,33.642421,105.26,0.524,4
-117.830288,33.642421,105.1,0.576,4
-117.829988,33.642421,104.91,0.521,4
-117.829688,33.642421,103.74,0.443,4
-117.829388,33.642421,103.91,0.41,4
-117.829088,33.642421,104.18,0.479,4
-117.828788,33.642421,104.34,0.476,4
-117.828488,33.642421,104.36,0.421,4
-117.828188,33.642421,104.03,0.386,4
-117.827888,33.642421,103.61,0.377,4
-117.827588,33.642421,102.91,0.425,4
-117.827288,33.642421,101.82,0.554,4
-117.826988,33.642421,100.61,0.662,4
-117.826687,33.642421,99.58,0.661,4
-117.826387,33.642421,98.98,0.65,4
-117.826087,33.642421,98.44,0.61,4
-117.825787,33.642421,96.64,0.611,4
-117.825487,33.642421,96.51,0.671,4
-117.825187,33.642421,96.49,0.668,4
-117.858194,33.642121,99.51,0.316,4
-117.857894,33.642121,100.66,0.423,4
-117.857594,33.642121,101.41,0.377,4
-117.857294,33.642121,102.65,0.262,4
-117.856993,33.642121,104.39,0.208,4
-117.856693,33.642121,105.97,0.192,4
-117.856393,33.642121,106.81,0.241,4
-117.856093,33.642121,107.01,0.293,4
-117.855793,33.642121,106.79,0.199,4
-117.855493,33.642121,105.65,0.118,4
-117.855193,33.642121,104.06,0.162,4
-117.854893,33.642121,101.97,0.354,4
-117.854593,33.642121,101.18,0.459,4
-117.854293,33.642121,100.89,0.236,4
-117.853993,33.642121,100.33,0.127,4
-117.853693,33.642121,100.59,0.119,4
-117.853393,33.642121,101.16,0.134,4
-117.853093,33.642121,101.74,0.139,4
-117.852793,33.642121,102.09,0.218,4
-117.852493,33.642121,102.29,0.282,4
-117.852193,33.642121,102.54,0.288,4
-117.851892,33.642121,102.9,0.308,4
-117.851592,33.642121,103.32,0.324,4
-117.851292,33.642121,103.64,0.289,4
-117.850992,33.642121,103.75,0.263,4
-117.850692,33.642121,103.49,0.385,4
-117.850392,33.642121,103.25,0.398,4
-117.850092,33.642121,102.99,0.337,4
-117.849792,33.642121,103.34,0.321,4
-117.849492,33.642121,103.22,0.377,4
-117.849192,33.642121,103.16,0.362,4
-117.848892,33.642121,103.6,0.31,4
-117.848592,33.642121,104.83,0.271,4
-117.848292,33.642121,106.38,0.317,4
-117.847992,33.642121,107.42,0.329,4
-117.847692,33.642121,107.8,0.238,4
-117.847392,33.642121,107.97,0.243,4
-117.847092,33.642121,108.07,0.301,4
-117.846791,33.642121,107.97,0.382,4
-117.846491,33.642121,107.88,0.253,4
-117.846191,33.642121,107.89,0.093,4
-117.845891,33.642121,108.48,0.116,4
-117.845591,33.642121,108.65,0.162,4
-117.845291,33.642121,108.5,0.271,4
-117.844991,33.642121,108.85,0.324,4
-117.844691,33.642121,108.63,0.294,4
-117.844391,33.642121,107.93,0.274,4
-117.844091,33.642121,106.01,0.272,4
-117.843791,33.642121,103.5,0.247,4
-117.843491,33.642121,101.9,0.261,4
-117.843191,33.642121,100.43,0.395,4
-117.842891,33.642121,99.53,0.534,4
-117.842591,33.642121,99.05,0.56,4
-117.842291,33.642121,99.06,0.437,4
-117.841991,33.642121,99.44,0.347,4
-117.84169,33.642121,99.86,0.16,4
-117.84139,33.642121,100.21,0.118,4
-117.84109,33.642121,100.47,0.099,4
-117.84079,33.642121,100.15,0.093,4
-117.84049,33.642121,100.1,0.099,4
-117.84019,33.642121,100.14,0.215,4
-117.83989,33.642121,100.51,0.357,4
-117.83959,33.642121,100.97,0.388,4
-117.83929,33.642121,100.54,0.372,4
-117.83899,33.642121,99.71,0.405,4
-117.83869,33.642121,98.69,0.464,4
-117.83839,33.642121,98.78,0.591,4
-117.83809,33.642121,99.19,0.577,4
-117.83779,33.642121,100.67,0.577,4
-117.83749,33.642121,101.63,0.61,4
-117.83719,33.642121,102.73,0.364,4
-117.83689,33.642121,103.64,0.299,4
-117.836589,33.642121,104.07,0.291,4
-117.836289,33.642121,104.07,0.251,4
-117.835989,33.642121,103.5,0.268,4
-117.835689,33.642121,102.6,0.46,4
-117.835389,33.642121,101.97,0.623,4
-117.835089,33.642121,101.84,0.517,4
-117.834789,33.642121,102.04,0.425,4
-117.834489,33.642121,102.46,0.455,4
-117.834189,33.642121,102.92,0.418,4
-117.833889,33.642121,103.73,0.34,4
-117.833589,33.642121,104.12,0.314,4
-117.833289,33.642121,104.48,0.279,4
-117.832989,33.642121,104.79,0.31,4
-117.832689,33.642121,105.03,0.343,4
-117.832389,33.642121,105.17,0.338,4
-117.832089,33.642121,105.22,0.342,4
-117.831789,33.642121,105.23,0.34,4
-117.831488,33.642121,105.23,0.314,4
-117.831188,33.642121,105.41,0.334,4
-117.830888,33.642121,105.77,0.415,4
-117.830588,33.642121,105.65,0.463,4
-117.830288,33.642121,105.48,0.513,4
-117.829988,33.642121,105.23,0.474,4
-117.829688,33.642121,104,0.353,4
-117.829388,33.642121,104.1,0.381,4
-117.829088,33.642121,104.38,0.449,4
-117.828788,33.642121,104.53,0.508,4
-117.828488,33.642121,104.43,0.439,4
-117.828188,33.642121,103.82,0.301,4
-117.827888,33.642121,103.09,0.325,4
-117.827588,33.642121,102.28,0.527,4
-117.827288,33.642121,101.05,0.713,4
-117.826988,33.642121,99.67,0.781,4
-117.826687,33.642121,98.89,0.777,4
-117.826387,33.642121,98.51,0.686,4
-117.826087,33.642121,98.15,0.555,4
-117.825787,33.642121,96.4,0.611,4
-117.825487,33.642121,96.27,0.66,4
-117.825187,33.642121,96.34,0.669,4
-117.857894,33.641821,100.61,0.382,4
-117.857594,33.641821,101.17,0.452,4
-117.857294,33.641821,102.3,0.33,4
-117.856993,33.641821,103.92,0.18,4
-117.856693,33.641821,105.46,0.139,4
-117.856393,33.641821,106.45,0.212,4
-117.856093,33.641821,106.97,0.261,4
-117.855793,33.641821,107.02,0.163,4
-117.855493,33.641821,106.02,0.101,4
-117.855193,33.641821,104.54,0.094,4
-117.854893,33.641821,102.47,0.349,4
-117.854593,33.641821,101.7,0.485,4
-117.854293,33.641821,101.26,0.347,4
-117.853993,33.641821,100.56,0.309,4
-117.853693,33.641821,100.61,0.27,4
-117.853393,33.641821,100.96,0.186,4
-117.853093,33.641821,101.37,0.12,4
-117.852793,33.641821,101.66,0.183,4
-117.852493,33.641821,101.93,0.203,4
-117.852193,33.641821,102.38,0.157,4
-117.851892,33.641821,102.99,0.261,4
-117.851592,33.641821,103.59,0.428,4
-117.851292,33.641821,104.02,0.355,4
-117.850992,33.641821,104.16,0.272,4
-117.850692,33.641821,103.76,0.418,4
-117.850392,33.641821,103.37,0.286,4
-117.850092,33.641821,103.1,0.224,4
-117.849792,33.641821,103.25,0.341,4
-117.849492,33.641821,102.93,0.418,4
-117.849192,33.641821,102.73,0.372,4
-117.848892,33.641821,103.16,0.313,4
-117.848592,33.641821,104.24,0.311,4
-117.848292,33.641821,105.37,0.354,4
-117.847992,33.641821,106.15,0.339,4
-117.847692,33.641821,106.66,0.241,4
-117.847392,33.641821,106.98,0.195,4
-117.847092,33.641821,107.12,0.222,4
-117.846791,33.641821,107.12,0.29,4
-117.846491,33.641821,106.96,0.278,4
-117.846191,33.641821,106.81,0.191,4
-117.845891,33.641821,107.2,0.376,4
-117.845591,33.641821,107.24,0.509,4
-117.845291,33.641821,107.18,0.46,4
-117.844991,33.641821,107.73,0.377,4
-117.844691,33.641821,107.79,0.331,4
-117.844391,33.641821,107.42,0.353,4
-117.844091,33.641821,105.9,0.345,4
-117.843791,33.641821,103.75,0.255,4
-117.843491,33.641821,102.48,0.212,4
-117.843191,33.641821,101.09,0.36,4
-117.842891,33.641821,99.85,0.659,4
-117.842591,33.641821,99.2,0.648,4
-117.842291,33.641821,98.87,0.363,4
-117.841991,33.641821,99.21,0.338,4
-117.84169,33.641821,99.8,0.179,4
-117.84139,33.641821,100.34,0.095,4
-117.84109,33.641821,100.17,0.084,4
-117.84079,33.641821,100.19,0.088,4
-117.84049,33.641821,100.34,0.121,4
-117.84019,33.641821,100.29,0.253,4
-117.83989,33.641821,100.64,0.371,4
-117.83959,33.641821,101.12,0.387,4
-117.83929,33.641821,100.74,0.406,4
-117.83899,33.641821,100.11,0.443,4
-117.83869,33.641821,99.33,0.456,4
-117.83839,33.641821,99.54,0.526,4
-117.83809,33.641821,99.96,0.348,4
-117.83779,33.641821,101.49,0.37,4
-117.83749,33.641821,102.57,0.483,4
-117.83719,33.641821,103.74,0.26,4
-117.83689,33.641821,104.58,0.242,4
-117.836589,33.641821,104.9,0.371,4
-117.836289,33.641821,104.8,0.342,4
-117.835989,33.641821,104.15,0.272,4
-117.835689,33.641821,103.18,0.342,4
-117.835389,33.641821,102.48,0.481,4
-117.835089,33.641821,102.24,0.544,4
-117.834789,33.641821,102.24,0.464,4
-117.834489,33.641821,102.52,0.368,4
-117.834189,33.641821,102.92,0.356,4
-117.833889,33.641821,103.71,0.444,4
-117.833589,33.641821,104.06,0.492,4
-117.833289,33.641821,104.39,0.403,4
-117.832989,33.641821,104.68,0.354,4
-117.832689,33.641821,104.94,0.375,4
-117.832389,33.641821,105.15,0.401,4
-117.832089,33.641821,105.3,0.39,4
-117.831789,33.641821,105.38,0.369,4
-117.831488,33.641821,105.4,0.369,4
-117.831188,33.641821,105.59,0.368,4
-117.830888,33.641821,105.96,0.346,4
-117.830588,33.641821,105.86,0.349,4
-117.830288,33.641821,105.68,0.428,4
-117.829988,33.641821,105.11,0.466,4
-117.829688,33.641821,104.22,0.32,4
-117.829388,33.641821,104.22,0.397,4
-117.829088,33.641821,104.38,0.444,4
-117.828788,33.641821,104.41,0.373,4
-117.828488,33.641821,104.14,0.354,4
-117.828188,33.641821,103.27,0.323,4
-117.827888,33.641821,102.3,0.44,4
-117.827588,33.641821,101.38,0.662,4
-117.827288,33.641821,100.21,0.787,4
-117.826988,33.641821,99.07,0.798,4
-117.826687,33.641821,98.5,0.778,4
-117.826387,33.641821,98.23,0.702,4
-117.826087,33.641821,97.96,0.646,4
-117.825787,33.641821,96.25,0.689,4
-117.825487,33.641821,96.33,0.68,4
-117.857894,33.641521,100.66,0.31,4
-117.857594,33.641521,100.93,0.42,4
-117.857294,33.641521,101.75,0.341,4
-117.856993,33.641521,103.03,0.218,4
-117.856693,33.641521,104.37,0.192,4
-117.856393,33.641521,105.45,0.248,4
-117.856093,33.641521,106.28,0.292,4
-117.855793,33.641521,106.66,0.245,4
-117.855493,33.641521,106,0.213,4
-117.855193,33.641521,104.91,0.225,4
-117.854893,33.641521,103.01,0.52,4
-117.854593,33.641521,102.23,0.57,4
-117.854293,33.641521,101.61,0.378,4
-117.853993,33.641521,100.69,0.28,4
-117.853693,33.641521,100.53,0.251,4
-117.853393,33.641521,100.74,0.28,4
-117.853093,33.641521,101.12,0.253,4
-117.852793,33.641521,101.54,0.208,4
-117.852493,33.641521,102.04,0.171,4
-117.852193,33.641521,102.77,0.183,4
-117.851892,33.641521,103.65,0.294,4
-117.851592,33.641521,104.45,0.381,4
-117.851292,33.641521,104.93,0.307,4
-117.850992,33.641521,104.97,0.269,4
-117.850692,33.641521,104.44,0.386,4
-117.850392,33.641521,103.76,0.253,4
-117.850092,33.641521,103.09,0.181,4
-117.849792,33.641521,103.01,0.396,4
-117.849492,33.641521,102.53,0.495,4
-117.849192,33.641521,102.24,0.392,4
-117.848892,33.641521,102.73,0.319,4
-117.848592,33.641521,103.73,0.312,4
-117.848292,33.641521,104.71,0.309,4
-117.847992,33.641521,105.49,0.297,4
-117.847692,33.641521,106.05,0.27,4
-117.847392,33.641521,106.31,0.234,4
-117.847092,33.641521,106.42,0.253,4
-117.846791,33.641521,106.41,0.345,4
-117.846491,33.641521,106.33,0.406,4
-117.846191,33.641521,106.23,0.407,4
-117.845891,33.641521,106.56,0.401,4
-117.845591,33.641521,106.48,0.381,4
-117.845291,33.641521,106.3,0.341,4
-117.844991,33.641521,106.84,0.3,4
-117.844691,33.641521,107.02,0.294,4
-117.844391,33.641521,106.79,0.314,4
-117.844091,33.641521,105.55,0.306,4
-117.843791,33.641521,103.88,0.274,4
-117.843491,33.641521,103.1,0.299,4
-117.843191,33.641521,101.63,0.439,4
-117.842891,33.641521,100.06,0.665,4
-117.842591,33.641521,99.1,0.571,4
-117.842291,33.641521,98.79,0.376,4
-117.841991,33.641521,99.05,0.286,4
-117.84169,33.641521,99.55,0.269,4
-117.84139,33.641521,100.06,0.151,4
-117.84109,33.641521,99.84,0.093,4
-117.84079,33.641521,99.84,0.103,4
-117.84049,33.641521,99.88,0.211,4
-117.84019,33.641521,99.88,0.348,4
-117.83989,33.641521,100.43,0.39,4
-117.83959,33.641521,101.09,0.359,4
-117.83929,33.641521,100.94,0.371,4
-117.83899,33.641521,100.6,0.418,4
-117.83869,33.641521,100.02,0.466,4
-117.83839,33.641521,100.28,0.457,4
-117.83809,33.641521,100.66,0.332,4
-117.83779,33.641521,102.18,0.384,4
-117.83749,33.641521,103.17,0.388,4
-117.83719,33.641521,104.18,0.256,4
-117.83689,33.641521,104.89,0.256,4
-117.836589,33.641521,105.14,0.336,4
-117.836289,33.641521,104.9,0.332,4
-117.835989,33.641521,104.2,0.314,4
-117.835689,33.641521,103.33,0.327,4
-117.835389,33.641521,102.76,0.334,4
-117.835089,33.641521,102.52,0.38,4
-117.834789,33.641521,102.4,0.452,4
-117.834489,33.641521,102.57,0.492,4
-117.834189,33.641521,102.92,0.427,4
-117.833889,33.641521,103.76,0.385,4
-117.833589,33.641521,104.16,0.444,4
-117.833289,33.641521,104.52,0.432,4
-117.832989,33.641521,104.84,0.344,4
-117.832689,33.641521,105.11,0.361,4
-117.832389,33.641521,105.35,0.418,4
-117.832089,33.641521,105.55,0.405,4
-117.831789,33.641521,105.66,0.38,4
-117.831488,33.641521,105.68,0.393,4
-117.831188,33.641521,105.83,0.387,4
-117.830888,33.641521,106.16,0.337,4
-117.830588,33.641521,106.02,0.317,4
-117.830288,33.641521,105.73,0.402,4
-117.829988,33.641521,104.45,0.426,4
-117.829688,33.641521,104.25,0.323,4
-117.829388,33.641521,104.08,0.404,4
-117.829088,33.641521,104,0.432,4
-117.828788,33.641521,103.8,0.262,4
-117.828488,33.641521,103.26,0.257,4
-117.828188,33.641521,102.16,0.343,4
-117.827888,33.641521,101.13,0.514,4
-117.827588,33.641521,100.23,0.707,4
-117.827288,33.641521,99.26,0.8,4
-117.826988,33.641521,98.58,0.797,4
-117.826687,33.641521,98.29,0.75,4
-117.826387,33.641521,98.12,0.67,4
-117.826087,33.641521,98.04,0.697,4
-117.825787,33.641521,96.43,0.701,4
-117.825487,33.641521,96.67,0.683,4
-117.857594,33.641221,100.85,0.349,4
-117.857294,33.641221,101.25,0.356,4
-117.856993,33.641221,102.04,0.363,4
-117.856693,33.641221,103.08,0.382,4
-117.856393,33.641221,104.18,0.417,4
-117.856093,33.641221,105.2,0.443,4
-117.855793,33.641221,105.92,0.431,4
-117.855493,33.641221,105.76,0.468,4
-117.855193,33.641221,105.05,0.625,4
-117.854893,33.641221,103.37,0.62,4
-117.854593,33.641221,102.62,0.577,4
-117.854293,33.641221,101.87,0.554,4
-117.853993,33.641221,100.74,0.391,4
-117.853693,33.641221,100.41,0.266,4
-117.853393,33.641221,100.57,0.251,4
-117.853093,33.641221,101.1,0.241,4
-117.852793,33.641221,101.72,0.205,4
-117.852493,33.641221,102.52,0.231,4
-117.852193,33.641221,103.76,0.32,4
-117.851892,33.641221,105.11,0.354,4
-117.851592,33.641221,106.08,0.291,4
-117.851292,33.641221,106.58,0.192,4
-117.850992,33.641221,106.44,0.164,4
-117.850692,33.641221,105.59,0.397,4
-117.850392,33.641221,104.54,0.314,4
-117.850092,33.641221,103.37,0.17,4
-117.849792,33.641221,102.98,0.373,4
-117.849492,33.641221,102.32,0.514,4
-117.849192,33.641221,101.98,0.427,4
-117.848892,33.641221,102.51,0.337,4
-117.848592,33.641221,103.51,0.315,4
-117.848292,33.641221,104.53,0.289,4
-117.847992,33.641221,105.38,0.272,4
-117.847692,33.641221,105.91,0.302,4
-117.847392,33.641221,106.02,0.316,4
-117.847092,33.641221,106.07,0.306,4
-117.846791,33.641221,106.13,0.291,4
-117.846491,33.641221,106.21,0.286,4
-117.846191,33.641221,106.25,0.274,4
-117.845891,33.641221,106.59,0.253,4
-117.845591,33.641221,106.49,0.254,4
-117.845291,33.641221,106.24,0.274,4
-117.844991,33.641221,106.47,0.29,4
-117.844691,33.641221,106.45,0.299,4
-117.844391,33.641221,106.21,0.298,4
-117.844091,33.641221,105.21,0.289,4
-117.843791,33.641221,103.78,0.278,4
-117.843491,33.641221,102.97,0.288,4
-117.843191,33.641221,101.55,0.382,4
-117.842891,33.641221,100.01,0.554,4
-117.842591,33.641221,98.73,0.477,4
-117.842291,33.641221,98.3,0.381,4
-117.841991,33.641221,98.7,0.295,4
-117.84169,33.641221,99,0.306,4
-117.84139,33.641221,99.32,0.235,4
-117.84109,33.641221,98.97,0.135,4
-117.84079,33.641221,98.81,0.132,4
-117.84049,33.641221,98.72,0.297,4
-117.84019,33.641221,98.94,0.385,4
-117.83989,33.641221,99.81,0.343,4
-117.83959,33.641221,100.69,0.341,4
-117.83929,33.641221,100.87,0.363,4
-117.83899,33.641221,100.84,0.363,4
-117.83869,33.641221,100.42,0.39,4
-117.83839,33.641221,100.7,0.429,4
-117.83809,33.641221,101.08,0.373,4
-117.83779,33.641221,102.55,0.37,4
-117.83749,33.641221,103.36,0.343,4
-117.83719,33.641221,104.12,0.347,4
-117.83689,33.641221,104.66,0.335,4
-117.836589,33.641221,104.76,0.351,4
-117.836289,33.641221,104.34,0.355,4
-117.835989,33.641221,103.57,0.369,4
-117.835689,33.641221,102.87,0.406,4
-117.835389,33.641221,102.55,0.412,4
-117.835089,33.641221,102.47,0.369,4
-117.834789,33.641221,102.42,0.34,4
-117.834489,33.641221,102.6,0.409,4
-117.834189,33.641221,102.97,0.425,4
-117.833889,33.641221,103.92,0.41,4
-117.833589,33.641221,104.44,0.489,4
-117.833289,33.641221,104.88,0.422,4
-117.832989,33.641221,105.23,0.335,4
-117.832689,33.641221,105.53,0.334,4
-117.832389,33.641221,105.77,0.339,4
-117.832089,33.641221,105.94,0.34,4
-117.831789,33.641221,106.03,0.399,4
-117.831488,33.641221,106.04,0.509,4
-117.831188,33.641221,106.17,0.547,4
-117.830888,33.641221,106.47,0.456,4
-117.830588,33.641221,106.27,0.399,4
-117.830288,33.641221,105.88,0.388,4
-117.829988,33.641221,104.39,0.325,4
-117.829688,33.641221,104,0.343,4
-117.829388,33.641221,103.6,0.434,4
-117.829088,33.641221,103.22,0.353,4
-117.828788,33.641221,102.74,0.229,4
-117.828488,33.641221,101.9,0.291,4
-117.828188,33.641221,100.67,0.411,4
-117.827888,33.641221,99.76,0.493,4
-117.827588,33.641221,99.15,0.583,4
-117.827288,33.641221,98.6,0.676,4
-117.826988,33.641221,98.31,0.697,4
-117.826687,33.641221,98.21,0.666,4
-117.826387,33.641221,98.22,0.656,4
-117.826087,33.641221,98.28,0.703,4
-117.825787,33.641221,96.81,0.684,4
-117.825487,33.641221,97.11,0.686,4
-117.857594,33.640921,100.28,0.304,4
-117.857294,33.640921,100.29,0.377,4
-117.856993,33.640921,100.66,0.481,4
-117.856693,33.640921,101.51,0.489,4
-117.856393,33.640921,102.6,0.369,4
-117.856093,33.640921,103.86,0.247,4
-117.855793,33.640921,105.15,0.276,4
-117.855493,33.640921,105.5,0.461,4
-117.855193,33.640921,105.26,0.556,4
-117.854893,33.640921,103.73,0.445,4
-117.854593,33.640921,102.9,0.294,4
-117.854293,33.640921,101.71,0.408,4
-117.853993,33.640921,100.38,0.556,4
-117.853693,33.640921,99.9,0.425,4
-117.853393,33.640921,100.04,0.265,4
-117.853093,33.640921,100.86,0.194,4
-117.852793,33.640921,102.01,0.186,4
-117.852493,33.640921,103.48,0.241,4
-117.852193,33.640921,105.32,0.322,4
-117.851892,33.640921,106.99,0.308,4
-117.851592,33.640921,108.06,0.189,4
-117.851292,33.640921,108.6,0.163,4
-117.850992,33.640921,108.28,0.183,4
-117.850692,33.640921,106.9,0.314,4
-117.850392,33.640921,105.44,0.338,4
-117.850092,33.640921,103.9,0.199,4
-117.849792,33.640921,103.09,0.291,4
-117.849492,33.640921,102.31,0.501,4
-117.849192,33.640921,102.04,0.549,4
-117.848892,33.640921,102.63,0.42,4
-117.848592,33.640921,103.7,0.313,4
-117.848292,33.640921,104.79,0.253,4
-117.847992,33.640921,105.65,0.206,4
-117.847692,33.640921,106.16,0.227,4
-117.847392,33.640921,106.43,0.267,4
-117.847092,33.640921,106.52,0.274,4
-117.846791,33.640921,106.5,0.254,4
-117.846491,33.640921,106.51,0.271,4
-117.846191,33.640921,106.55,0.284,4
-117.845891,33.640921,106.71,0.256,4
-117.845591,33.640921,106.61,0.259,4
-117.845291,33.640921,106.4,0.295,4
-117.844991,33.640921,105.6,0.298,4
-117.844691,33.640921,104.99,0.295,4
-117.844391,33.640921,104.69,0.319,4
-117.844091,33.640921,104.18,0.343,4
-117.843791,33.640921,103.41,0.328,4
-117.843491,33.640921,102.65,0.29,4
-117.843191,33.640921,101.38,0.337,4
-117.842891,33.640921,98.78,0.578,4
-117.842591,33.640921,97.45,0.6,4
-117.842291,33.640921,97.07,0.475,4
-117.841991,33.640921,97.92,0.402,4
-117.84169,33.640921,97.96,0.434,4
-117.84139,33.640921,98.1,0.323,4
-117.84109,33.640921,97.76,0.248,4
-117.84079,33.640921,97.47,0.253,4
-117.84049,33.640921,97.25,0.407,4
-117.84019,33.640921,97.44,0.495,4
-117.83989,33.640921,98.34,0.453,4
-117.83959,33.640921,99.37,0.436,4
-117.83929,33.640921,99.91,0.43,4
-117.83899,33.640921,100.21,0.413,4
-117.83869,33.640921,100.3,0.417,4
-117.83839,33.640921,100.6,0.466,4
-117.83809,33.640921,100.97,0.426,4
-117.83779,33.640921,102.11,0.406,4
-117.83749,33.640921,102.74,0.422,4
-117.83719,33.640921,103.31,0.436,4
-117.83689,33.640921,103.66,0.328,4
-117.836589,33.640921,103.53,0.308,4
-117.836289,33.640921,102.9,0.399,4
-117.835989,33.640921,102.23,0.448,4
-117.835689,33.640921,101.89,0.427,4
-117.835389,33.640921,101.87,0.404,4
-117.835089,33.640921,102.07,0.38,4
-117.834789,33.640921,102.3,0.379,4
-117.834489,33.640921,102.61,0.331,4
-117.834189,33.640921,103.03,0.332,4
-117.833889,33.640921,103.96,0.389,4
-117.833589,33.640921,104.57,0.408,4
-117.833289,33.640921,105.06,0.369,4
-117.832989,33.640921,105.64,0.327,4
-117.832689,33.640921,106.03,0.315,4
-117.832389,33.640921,106.28,0.276,4
-117.832089,33.640921,106.46,0.263,4
-117.831789,33.640921,106.56,0.348,4
-117.831488,33.640921,106.6,0.451,4
-117.831188,33.640921,106.5,0.438,4
-117.830888,33.640921,106.18,0.365,4
-117.830588,33.640921,105.8,0.389,4
-117.830288,33.640921,105.26,0.394,4
-117.829988,33.640921,104.32,0.305,4
-117.829688,33.640921,103.53,0.398,4
-117.829388,33.640921,102.81,0.485,4
-117.829088,33.640921,102.23,0.243,4
-117.828788,33.640921,101.75,0.211,4
-117.828488,33.640921,100.9,0.338,4
-117.828188,33.640921,99.78,0.414,4
-117.827888,33.640921,99.23,0.421,4
-117.827588,33.640921,99.14,0.456,4
-117.827288,33.640921,98.98,0.515,4
-117.826988,33.640921,98.96,0.518,4
-117.826687,33.640921,99.07,0.502,4
-117.826387,33.640921,99.25,0.549,4
-117.826087,33.640921,99.38,0.638,4
-117.825787,33.640921,98.31,0.664,4
-117.857294,33.640621,99.92,0.426,4
-117.856993,33.640621,100.17,0.446,4
-117.856693,33.640621,100.83,0.353,4
-117.856393,33.640621,101.88,0.167,4
-117.856093,33.640621,103.29,0.073,4
-117.855793,33.640621,104.85,0.167,4
-117.855493,33.640621,105.43,0.451,4
-117.855193,33.640621,105.53,0.436,4
-117.854893,33.640621,104.27,0.37,4
-117.854593,33.640621,103.25,0.224,4
-117.854293,33.640621,101.55,0.1,4
-117.853993,33.640621,99.82,0.219,4
-117.853693,33.640621,99.3,0.453,4
-117.853393,33.640621,99.77,0.402,4
-117.853093,33.640621,100.9,0.255,4
-117.852793,33.640621,102.39,0.222,4
-117.852493,33.640621,104.25,0.332,4
-117.852193,33.640621,106.42,0.364,4
-117.851892,33.640621,108.19,0.2,4
-117.851592,33.640621,109.05,0.138,4
-117.851292,33.640621,109.61,0.15,4
-117.850992,33.640621,109.04,0.165,4
-117.850692,33.640621,107.38,0.261,4
-117.850392,33.640621,105.67,0.402,4
-117.850092,33.640621,103.89,0.249,4
-117.849792,33.640621,102.9,0.206,4
-117.849492,33.640621,102.25,0.388,4
-117.849192,33.640621,102.22,0.553,4
-117.848892,33.640621,102.99,0.484,4
-117.848592,33.640621,104.07,0.334,4
-117.848292,33.640621,105.13,0.254,4
-117.847992,33.640621,106.07,0.22,4
-117.847692,33.640621,106.75,0.223,4
-117.847392,33.640621,107.24,0.263,4
-117.847092,33.640621,107.39,0.27,4
-117.846791,33.640621,107.16,0.251,4
-117.846491,33.640621,106.85,0.256,4
-117.846191,33.640621,106.66,0.266,4
-117.845891,33.640621,106.78,0.281,4
-117.845591,33.640621,106.73,0.298,4
-117.845291,33.640621,106.6,0.315,4
-117.844991,33.640621,105.89,0.304,4
-117.844691,33.640621,105.29,0.278,4
-117.844391,33.640621,104.92,0.29,4
-117.844091,33.640621,104.33,0.333,4
-117.843791,33.640621,103.55,0.35,4
-117.843491,33.640621,102.8,0.349,4
-117.843191,33.640621,101.56,0.402,4
-117.842891,33.640621,99.06,0.528,4
-117.842591,33.640621,97.92,0.57,4
-117.842291,33.640621,97.48,0.5,4
-117.841991,33.640621,97.31,0.513,4
-117.84169,33.640621,97.01,0.584,4
-117.84139,33.640621,96.93,0.444,4
-117.84109,33.640621,96.73,0.425,4
-117.84079,33.640621,96.37,0.456,4
-117.84049,33.640621,96.08,0.547,4
-117.84019,33.640621,96.23,0.598,4
-117.83989,33.640621,96.89,0.507,4
-117.83959,33.640621,97.74,0.4,4
-117.83929,33.640621,98.51,0.408,4
-117.83899,33.640621,99.07,0.425,4
-117.83869,33.640621,99.86,0.456,4
-117.83839,33.640621,100.14,0.476,4
-117.83809,33.640621,100.49,0.434,4
-117.83779,33.640621,101.18,0.426,4
-117.83749,33.640621,101.69,0.428,4
-117.83719,33.640621,102.16,0.374,4
-117.83689,33.640621,102.37,0.244,4
-117.836589,33.640621,102.08,0.243,4
-117.836289,33.640621,101.4,0.407,4
-117.835989,33.640621,100.97,0.532,4
-117.835689,33.640621,101.04,0.505,4
-117.835389,33.640621,101.29,0.419,4
-117.835089,33.640621,101.71,0.369,4
-117.834789,33.640621,102.22,0.374,4
-117.834489,33.640621,102.63,0.359,4
-117.834189,33.640621,103.09,0.322,4
-117.833889,33.640621,103.93,0.34,4
-117.833589,33.640621,104.56,0.311,4
-117.833289,33.640621,105.11,0.289,4
-117.832989,33.640621,105.94,0.294,4
-117.832689,33.640621,106.44,0.322,4
-117.832389,33.640621,106.73,0.329,4
-117.832089,33.640621,106.97,0.292,4
-117.831789,33.640621,107.15,0.31,4
-117.831488,33.640621,107.25,0.336,4
-117.831188,33.640621,106.98,0.252,4
-117.830888,33.640621,106.15,0.227,4
-117.830588,33.640621,105.52,0.293,4
-117.830288,33.640621,104.72,0.357,4
-117.829988,33.640621,103.99,0.362,4
-117.829688,33.640621,102.65,0.428,4
-117.829388,33.640621,101.51,0.534,4
-117.829088,33.640621,100.75,0.303,4
-117.828788,33.640621,100.39,0.301,4
-117.828488,33.640621,99.86,0.364,4
-117.828188,33.640621,99.21,0.383,4
-117.827888,33.640621,99.05,0.393,4
-117.827588,33.640621,99.21,0.436,4
-117.827288,33.640621,99.3,0.489,4
-117.826988,33.640621,99.52,0.487,4
-117.826687,33.640621,99.83,0.415,4
-117.826387,33.640621,100.07,0.355,4
-117.826087,33.640621,100.22,0.417,4
-117.825787,33.640621,99.25,0.478,4
-117.856993,33.640321,100.09,0.394,4
-117.856693,33.640321,100.52,0.288,4
-117.856393,33.640321,101.62,0.13,4
-117.856093,33.640321,103.2,0.122,4
-117.855793,33.640321,104.97,0.251,4
-117.855493,33.640321,105.71,0.43,4
-117.855193,33.640321,106.06,0.416,4
-117.854893,33.640321,104.94,0.4,4
-117.854593,33.640321,103.84,0.266,4
-117.854293,33.640321,101.93,0.147,4
-117.853993,33.640321,100.06,0.129,4
-117.853693,33.640321,99.52,0.353,4
-117.853393,33.640321,100.07,0.497,4
-117.853093,33.640321,101.16,0.345,4
-117.852793,33.640321,102.61,0.289,4
-117.852493,33.640321,104.42,0.472,4
-117.852193,33.640321,106.42,0.484,4
-117.851892,33.640321,108.12,0.229,4
-117.851592,33.640321,109.1,0.15,4
-117.851292,33.640321,109.69,0.156,4
-117.850992,33.640321,109.11,0.146,4
-117.850692,33.640321,107.34,0.262,4
-117.850392,33.640321,105.49,0.365,4
-117.850092,33.640321,103.66,0.189,4
-117.849792,33.640321,102.74,0.121,4
-117.849492,33.640321,102.31,0.279,4
-117.849192,33.640321,102.67,0.432,4
-117.848892,33.640321,103.69,0.424,4
-117.848592,33.640321,104.79,0.33,4
-117.848292,33.640321,105.79,0.279,4
-117.847992,33.640321,106.75,0.284,4
-117.847692,33.640321,107.51,0.29,4
-117.847392,33.640321,108.17,0.284,4
-117.847092,33.640321,108.47,0.251,4
-117.846791,33.640321,108.06,0.255,4
-117.846491,33.640321,107.27,0.265,4
-117.846191,33.640321,106.69,0.271,4
-117.845891,33.640321,106.64,0.29,4
-117.845591,33.640321,106.62,0.303,4
-117.845291,33.640321,106.6,0.308,4
-117.844991,33.640321,106,0.302,4
-117.844691,33.640321,105.43,0.282,4
-117.844391,33.640321,105.03,0.27,4
-117.844091,33.640321,104.42,0.284,4
-117.843791,33.640321,103.66,0.316,4
-117.843491,33.640321,102.87,0.364,4
-117.843191,33.640321,101.6,0.445,4
-117.842891,33.640321,99.34,0.519,4
-117.842591,33.640321,98.52,0.53,4
-117.842291,33.640321,98.11,0.52,4
-117.841991,33.640321,97.99,0.464,4
-117.84169,33.640321,97.64,0.473,4
-117.84139,33.640321,97.32,0.412,4
-117.84109,33.640321,96.75,0.491,4
-117.84079,33.640321,96.06,0.598,4
-117.84049,33.640321,95.66,0.653,4
-117.84019,33.640321,95.75,0.646,4
-117.83989,33.640321,96.29,0.568,4
-117.83959,33.640321,97.14,0.456,4
-117.83929,33.640321,98.04,0.403,4
-117.83899,33.640321,98.66,0.419,4
-117.83869,33.640321,99.5,0.416,4
-117.83839,33.640321,99.77,0.395,4
-117.83809,33.640321,100.06,0.419,4
-117.83779,33.640321,100.65,0.491,4
-117.83749,33.640321,101.07,0.462,4
-117.83719,33.640321,101.42,0.409,4
-117.83689,33.640321,101.52,0.37,4
-117.836589,33.640321,101.21,0.377,4
-117.836289,33.640321,100.67,0.388,4
-117.835989,33.640321,100.48,0.454,4
-117.835689,33.640321,100.76,0.508,4
-117.835389,33.640321,101.14,0.437,4
-117.835089,33.640321,101.64,0.398,4
-117.834789,33.640321,102.23,0.375,4
-117.834489,33.640321,102.67,0.364,4
-117.834189,33.640321,103.13,0.36,4
-117.833889,33.640321,103.93,0.382,4
-117.833589,33.640321,104.55,0.334,4
-117.833289,33.640321,105.13,0.285,4
-117.832989,33.640321,106.02,0.263,4
-117.832689,33.640321,106.59,0.304,4
-117.832389,33.640321,106.98,0.355,4
-117.832089,33.640321,107.38,0.349,4
-117.831789,33.640321,107.74,0.343,4
-117.831488,33.640321,107.99,0.347,4
-117.831188,33.640321,107.77,0.299,4
-117.830888,33.640321,106.81,0.274,4
-117.830588,33.640321,105.97,0.294,4
-117.830288,33.640321,104.83,0.346,4
-117.829988,33.640321,103.59,0.368,4
-117.829688,33.640321,101.68,0.479,4
-117.829388,33.640321,100.13,0.488,4
-117.829088,33.640321,99.18,0.382,4
-117.828788,33.640321,98.85,0.355,4
-117.828488,33.640321,98.64,0.356,4
-117.828188,33.640321,98.48,0.356,4
-117.827888,33.640321,98.76,0.381,4
-117.827588,33.640321,99.22,0.438,4
-117.827288,33.640321,99.59,0.488,4
-117.826988,33.640321,100.24,0.474,4
-117.826687,33.640321,100.73,0.391,4
-117.826387,33.640321,101.04,0.325,4
-117.826087,33.640321,101.16,0.279,4
-117.825787,33.640321,100.02,0.287,4
-117.856993,33.640021,100.37,0.474,4
-117.856693,33.640021,100.9,0.384,4
-117.856393,33.640021,101.86,0.264,4
-117.856093,33.640021,103.24,0.226,4
-117.855793,33.640021,104.81,0.318,4
-117.855493,33.640021,105.7,0.377,4
-117.855193,33.640021,106.15,0.42,4
-117.854893,33.640021,105.44,0.37,4
-117.854593,33.640021,104.33,0.29,4
-117.854293,33.640021,102.52,0.224,4
-117.853993,33.640021,101.09,0.307,4
-117.853693,33.640021,100.64,0.493,4
-117.853393,33.640021,101.07,0.543,4
-117.853093,33.640021,101.91,0.411,4
-117.852793,33.640021,103.16,0.36,4
-117.852493,33.640021,104.77,0.458,4
-117.852193,33.640021,106.4,0.452,4
-117.851892,33.640021,107.81,0.264,4
-117.851592,33.640021,108.98,0.171,4
-117.851292,33.640021,109.54,0.177,4
-117.850992,33.640021,108.93,0.168,4
-117.850692,33.640021,106.87,0.313,4
-117.850392,33.640021,105,0.411,4
-117.850092,33.640021,103.29,0.265,4
-117.849792,33.640021,102.51,0.216,4
-117.849492,33.640021,102.4,0.34,4
-117.849192,33.640021,103.13,0.44,4
-117.848892,33.640021,104.21,0.405,4
-117.848592,33.640021,105.35,0.315,4
-117.848292,33.640021,106.53,0.269,4
-117.847992,33.640021,107.55,0.269,4
-117.847692,33.640021,108.33,0.284,4
-117.847392,33.640021,109.05,0.284,4
-117.847092,33.640021,109.23,0.252,4
-117.846791,33.640021,108.58,0.245,4
-117.846491,33.640021,107.33,0.299,4
-117.846191,33.640021,106.44,0.316,4
-117.845891,33.640021,106.4,0.286,4
-117.845591,33.640021,106.42,0.272,4
-117.845291,33.640021,106.47,0.272,4
-117.844991,33.640021,105.75,0.275,4
-117.844691,33.640021,105.08,0.278,4
-117.844391,33.640021,104.67,0.282,4
-117.844091,33.640021,104.11,0.29,4
-117.843791,33.640021,103.42,0.331,4
-117.843491,33.640021,102.67,0.407,4
-117.843191,33.640021,101.61,0.428,4
-117.842891,33.640021,99.77,0.503,4
-117.842591,33.640021,98.9,0.63,4
-117.842291,33.640021,98.57,0.564,4
-117.841991,33.640021,98.41,0.507,4
-117.84169,33.640021,98.17,0.427,4
-117.84139,33.640021,97.86,0.361,4
-117.84109,33.640021,97.49,0.438,4
-117.84079,33.640021,96.96,0.584,4
-117.84049,33.640021,96.52,0.643,4
-117.84019,33.640021,96.37,0.635,4
-117.83989,33.640021,96.54,0.629,4
-117.83959,33.640021,97.05,0.528,4
-117.83929,33.640021,97.87,0.32,4
-117.83899,33.640021,98.66,0.312,4
-117.83869,33.640021,99.65,0.284,4
-117.83839,33.640021,100.02,0.311,4
-117.83809,33.640021,100.27,0.428,4
-117.83779,33.640021,100.46,0.535,4
-117.83749,33.640021,100.68,0.461,4
-117.83719,33.640021,100.87,0.423,4
-117.83689,33.640021,100.85,0.449,4
-117.836589,33.640021,100.57,0.435,4
-117.836289,33.640021,100.23,0.413,4
-117.835989,33.640021,100.11,0.463,4
-117.835689,33.640021,100.31,0.494,4
-117.835389,33.640021,100.75,0.426,4
-117.835089,33.640021,101.33,0.399,4
-117.834789,33.640021,102.1,0.427,4
-117.834489,33.640021,102.51,0.405,4
-117.834189,33.640021,102.94,0.34,4
-117.833889,33.640021,103.79,0.38,4
-117.833589,33.640021,104.34,0.364,4
-117.833289,33.640021,104.87,0.349,4
-117.832989,33.640021,105.96,0.324,4
-117.832689,33.640021,106.68,0.305,4
-117.832389,33.640021,107.16,0.312,4
-117.832089,33.640021,107.65,0.334,4
-117.831789,33.640021,108.22,0.329,4
-117.831488,33.640021,108.8,0.297,4
-117.831188,33.640021,109,0.297,4
-117.830888,33.640021,108.53,0.326,4
-117.830588,33.640021,107.63,0.358,4
-117.830288,33.640021,106.19,0.384,4
-117.829988,33.640021,103.67,0.349,4
-117.829688,33.640021,101.25,0.506,4
-117.829388,33.640021,99.34,0.539,4
-117.829088,33.640021,98.11,0.411,4
-117.828788,33.640021,97.75,0.37,4
-117.828488,33.640021,97.7,0.369,4
-117.828188,33.640021,97.72,0.372,4
-117.827888,33.640021,98.37,0.423,4
-117.827588,33.640021,99.4,0.49,4
-117.827288,33.640021,100.4,0.435,4
-117.826988,33.640021,101.57,0.249,4
-117.826687,33.640021,102.29,0.159,4
-117.826387,33.640021,102.82,0.212,4
-117.826087,33.640021,102.97,0.286,4
-117.825787,33.640021,101.54,0.383,4
-117.856393,33.639721,102.17,0.348,4
-117.856093,33.639721,102.99,0.183,4
-117.855793,33.639721,103.79,0.172,4
-117.855493,33.639721,104.65,0.293,4
-117.855193,33.639721,105.11,0.376,4
-117.854893,33.639721,105.33,0.33,4
-117.854593,33.639721,104.1,0.182,4
-117.854293,33.639721,102.62,0.193,4
-117.853993,33.639721,102.19,0.51,4
-117.853693,33.639721,102.07,0.544,4
-117.853393,33.639721,102.39,0.517,4
-117.853093,33.639721,103.02,0.574,4
-117.852793,33.639721,104.02,0.541,4
-117.852493,33.639721,105.37,0.442,4
-117.852193,33.639721,106.72,0.404,4
-117.851892,33.639721,107.8,0.336,4
-117.851592,33.639721,108.61,0.231,4
-117.851292,33.639721,108.89,0.164,4
-117.850992,33.639721,108.15,0.194,4
-117.850692,33.639721,105.82,0.364,4
-117.850392,33.639721,104.06,0.511,4
-117.850092,33.639721,102.53,0.279,4
-117.849792,33.639721,102,0.215,4
-117.849492,33.639721,102.19,0.371,4
-117.849192,33.639721,102.98,0.466,4
-117.848892,33.639721,103.96,0.395,4
-117.848592,33.639721,105.47,0.294,4
-117.848292,33.639721,107.22,0.257,4
-117.847992,33.639721,108.4,0.246,4
-117.847692,33.639721,109.23,0.243,4
-117.847392,33.639721,109.88,0.251,4
-117.847092,33.639721,109.77,0.247,4
-117.846791,33.639721,108.74,0.239,4
-117.846491,33.639721,107.2,0.342,4
-117.846191,33.639721,106.15,0.357,4
-117.845891,33.639721,106.15,0.301,4
-117.845591,33.639721,106.18,0.29,4
-117.845291,33.639721,106.21,0.29,4
-117.844991,33.639721,105.35,0.279,4
-117.844691,33.639721,104.6,0.271,4
-117.844391,33.639721,104.24,0.278,4
-117.844091,33.639721,103.77,0.287,4
-117.843791,33.639721,103.2,0.31,4
-117.843491,33.639721,102.58,0.375,4
-117.843191,33.639721,101.77,0.388,4
-117.842891,33.639721,100.32,0.416,4
-117.842591,33.639721,99.64,0.45,4
-117.842291,33.639721,99.04,0.477,4
-117.841991,33.639721,98.5,0.555,4
-117.84169,33.639721,98.25,0.476,4
-117.84139,33.639721,97.99,0.393,4
-117.84109,33.639721,97.91,0.462,4
-117.84079,33.639721,97.63,0.509,4
-117.84049,33.639721,97.22,0.458,4
-117.84019,33.639721,96.93,0.421,4
-117.83989,33.639721,96.79,0.489,4
-117.83959,33.639721,96.9,0.539,4
-117.83929,33.639721,97.5,0.423,4
-117.83899,33.639721,98.45,0.389,4
-117.83869,33.639721,99.75,0.391,4
-117.83839,33.639721,100.29,0.433,4
-117.83809,33.639721,100.61,0.427,4
-117.83779,33.639721,100.61,0.379,4
-117.83749,33.639721,100.63,0.336,4
-117.83719,33.639721,100.59,0.356,4
-117.83689,33.639721,100.39,0.436,4
-117.836589,33.639721,100.08,0.459,4
-117.836289,33.639721,99.87,0.452,4
-117.835989,33.639721,99.85,0.474,4
-117.835689,33.639721,100.06,0.491,4
-117.835389,33.639721,100.54,0.453,4
-117.835089,33.639721,101.17,0.378,4
-117.834789,33.639721,102,0.355,4
-117.834489,33.639721,102.38,0.372,4
-117.834189,33.639721,102.76,0.317,4
-117.833889,33.639721,103.56,0.412,4
-117.833589,33.639721,103.96,0.372,4
-117.833289,33.639721,104.32,0.356,4
-117.832989,33.639721,105.34,0.438,4
-117.832689,33.639721,106.05,0.472,4
-117.832389,33.639721,106.47,0.418,4
-117.832089,33.639721,106.97,0.356,4
-117.831789,33.639721,107.7,0.31,4
-117.831488,33.639721,108.55,0.27,4
-117.831188,33.639721,109.08,0.264,4
-117.830888,33.639721,108.89,0.287,4
-117.830588,33.639721,108,0.343,4
-117.830288,33.639721,106.57,0.375,4
-117.829988,33.639721,104.16,0.292,4
-117.829688,33.639721,101.52,0.43,4
-117.829388,33.639721,99.38,0.513,4
-117.829088,33.639721,97.87,0.497,4
-117.828788,33.639721,97.09,0.436,4
-117.828488,33.639721,96.94,0.377,4
-117.828188,33.639721,97.14,0.356,4
-117.827888,33.639721,98.12,0.426,4
-117.827588,33.639721,99.65,0.483,4
-117.827288,33.639721,101.14,0.377,4
-117.826988,33.639721,102.66,0.187,4
-117.826687,33.639721,103.79,0.101,4
-117.826387,33.639721,104.63,0.143,4
-117.826087,33.639721,104.91,0.227,4
-117.825787,33.639721,103,0.359,4
-117.856393,33.639421,102.57,0.398,4
-117.856093,33.639421,103.01,0.292,4
-117.855793,33.639421,103.53,0.227,4
-117.855493,33.639421,104.24,0.269,4
-117.855193,33.639421,104.4,0.352,4
-117.854893,33.639421,104.29,0.353,4
-117.854593,33.639421,103.03,0.296,4
-117.854293,33.639421,101.99,0.432,4
-117.853993,33.639421,102.16,0.617,4
-117.853693,33.639421,102.57,0.553,4
-117.853393,33.639421,103.14,0.535,4
-117.853093,33.639421,103.75,0.566,4
-117.852793,33.639421,104.44,0.457,4
-117.852493,33.639421,105.27,0.325,4
-117.852193,33.639421,106.06,0.364,4
-117.851892,33.639421,106.62,0.417,4
-117.851592,33.639421,106.83,0.328,4
-117.851292,33.639421,106.64,0.258,4
-117.850992,33.639421,106.01,0.351,4
-117.850692,33.639421,104.05,0.468,4
-117.850392,33.639421,102.57,0.446,4
-117.850092,33.639421,101.31,0.269,4
-117.849792,33.639421,101.1,0.301,4
-117.849492,33.639421,101.43,0.456,4
-117.849192,33.639421,102.22,0.474,4
-117.848892,33.639421,103.45,0.366,4
-117.848592,33.639421,105.39,0.286,4
-117.848292,33.639421,107.43,0.267,4
-117.847992,33.639421,108.71,0.252,4
-117.847692,33.639421,109.66,0.24,4
-117.847392,33.639421,110.25,0.247,4
-117.847092,33.639421,109.88,0.249,4
-117.846791,33.639421,108.57,0.25,4
-117.846491,33.639421,106.97,0.309,4
-117.846191,33.639421,105.91,0.31,4
-117.845891,33.639421,105.88,0.281,4
-117.845591,33.639421,105.84,0.294,4
-117.845291,33.639421,105.82,0.308,4
-117.844991,33.639421,104.93,0.297,4
-117.844691,33.639421,104.16,0.276,4
-117.844391,33.639421,103.85,0.279,4
-117.844091,33.639421,103.47,0.3,4
-117.843791,33.639421,103.03,0.297,4
-117.843491,33.639421,102.55,0.281,4
-117.843191,33.639421,101.91,0.301,4
-117.842891,33.639421,100.62,0.372,4
-117.842591,33.639421,100.08,0.347,4
-117.842291,33.639421,99.37,0.354,4
-117.841991,33.639421,98.67,0.433,4
-117.84169,33.639421,98.12,0.494,4
-117.84139,33.639421,97.72,0.529,4
-117.84109,33.639421,97.9,0.526,4
-117.84079,33.639421,97.84,0.418,4
-117.84049,33.639421,97.51,0.367,4
-117.84019,33.639421,97.25,0.43,4
-117.83989,33.639421,97.01,0.538,4
-117.83959,33.639421,96.9,0.663,4
-117.83929,33.639421,97.29,0.672,4
-117.83899,33.639421,98.23,0.507,4
-117.83869,33.639421,99.77,0.407,4
-117.83839,33.639421,100.51,0.345,4
-117.83809,33.639421,100.82,0.342,4
-117.83779,33.639421,100.79,0.316,4
-117.83749,33.639421,100.7,0.315,4
-117.83719,33.639421,100.46,0.36,4
-117.83689,33.639421,100.07,0.443,4
-117.836589,33.639421,99.67,0.467,4
-117.836289,33.639421,99.47,0.412,4
-117.835989,33.639421,99.51,0.406,4
-117.835689,33.639421,99.77,0.475,4
-117.835389,33.639421,100.27,0.477,4
-117.835089,33.639421,100.93,0.412,4
-117.834789,33.639421,101.79,0.396,4
-117.834489,33.639421,102.2,0.39,4
-117.834189,33.639421,102.57,0.358,4
-117.833889,33.639421,103.27,0.401,4
-117.833589,33.639421,103.5,0.391,4
-117.833289,33.639421,103.64,0.368,4
-117.832989,33.639421,104.43,0.415,4
-117.832689,33.639421,104.96,0.425,4
-117.832389,33.639421,105.39,0.395,4
-117.832089,33.639421,105.99,0.376,4
-117.831789,33.639421,106.69,0.372,4
-117.831488,33.639421,107.37,0.353,4
-117.831188,33.639421,107.82,0.307,4
-117.830888,33.639421,107.87,0.269,4
-117.830588,33.639421,107.34,0.274,4
-117.830288,33.639421,106.17,0.298,4
-117.829988,33.639421,103.84,0.283,4
-117.829688,33.639421,101.46,0.366,4
-117.829388,33.639421,99.4,0.429,4
-117.829088,33.639421,97.77,0.532,4
-117.828788,33.639421,96.82,0.483,4
-117.828488,33.639421,96.53,0.407,4
-117.828188,33.639421,96.8,0.391,4
-117.827888,33.639421,97.93,0.402,4
-117.827588,33.639421,99.69,0.412,4
-117.827288,33.639421,101.43,0.385,4
-117.826988,33.639421,103.15,0.271,4
-117.826687,33.639421,104.74,0.161,4
-117.826387,33.639421,105.91,0.174,4
-117.826087,33.639421,106.3,0.217,4
-117.856093,33.639121,103.07,0.437,4
-117.855793,33.639121,103.16,0.395,4
-117.855493,33.639121,103.61,0.335,4
-117.855193,33.639121,103.35,0.361,4
-117.854893,33.639121,102.93,0.547,4
-117.854593,33.639121,101.82,0.618,4
-117.854293,33.639121,101.25,0.634,4
-117.853993,33.639121,102.06,0.646,4
-117.853693,33.639121,103.29,0.557,4
-117.853393,33.639121,104.34,0.381,4
-117.853093,33.639121,105.03,0.324,4
-117.852793,33.639121,105.35,0.314,4
-117.852493,33.639121,105.47,0.273,4
-117.852193,33.639121,105.55,0.322,4
-117.851892,33.639121,105.46,0.424,4
-117.851592,33.639121,104.99,0.406,4
-117.851292,33.639121,104.4,0.328,4
-117.850992,33.639121,103.9,0.478,4
-117.850692,33.639121,102.24,0.527,4
-117.850392,33.639121,101.11,0.366,4
-117.850092,33.639121,100.17,0.38,4
-117.849792,33.639121,100.16,0.55,4
-117.849492,33.639121,100.46,0.668,4
-117.849192,33.639121,101.35,0.6,4
-117.848892,33.639121,102.79,0.408,4
-117.848592,33.639121,104.58,0.289,4
-117.848292,33.639121,106.32,0.276,4
-117.847992,33.639121,107.63,0.262,4
-117.847692,33.639121,108.66,0.252,4
-117.847392,33.639121,109.2,0.259,4
-117.847092,33.639121,108.73,0.251,4
-117.846791,33.639121,107.39,0.253,4
-117.846491,33.639121,106.06,0.311,4
-117.846191,33.639121,105.24,0.302,4
-117.845891,33.639121,105.34,0.274,4
-117.845591,33.639121,105.31,0.309,4
-117.845291,33.639121,105.26,0.317,4
-117.844991,33.639121,104.35,0.29,4
-117.844691,33.639121,103.56,0.272,4
-117.844391,33.639121,103.28,0.314,4
-117.844091,33.639121,102.95,0.412,4
-117.843791,33.639121,102.59,0.46,4
-117.843491,33.639121,102.25,0.364,4
-117.843191,33.639121,101.76,0.264,4
-117.842891,33.639121,100.64,0.317,4
-117.842591,33.639121,99.95,0.381,4
-117.842291,33.639121,99.02,0.457,4
-117.841991,33.639121,98.27,0.47,4
-117.84169,33.639121,97.77,0.492,4
-117.84139,33.639121,97.41,0.576,4
-117.84109,33.639121,97.8,0.51,4
-117.84079,33.639121,98.01,0.422,4
-117.84049,33.639121,97.88,0.414,4
-117.84019,33.639121,97.75,0.435,4
-117.83989,33.639121,97.57,0.457,4
-117.83959,33.639121,97.43,0.52,4
-117.83929,33.639121,97.7,0.585,4
-117.83899,33.639121,98.44,0.452,4
-117.83869,33.639121,99.76,0.337,4
-117.83839,33.639121,100.47,0.355,4
-117.83809,33.639121,100.74,0.366,4
-117.83779,33.639121,100.72,0.395,4
-117.83749,33.639121,100.59,0.421,4
-117.83719,33.639121,100.29,0.423,4
-117.83689,33.639121,99.84,0.425,4
-117.836589,33.639121,99.39,0.446,4
-117.836289,33.639121,99.15,0.464,4
-117.835989,33.639121,99.14,0.464,4
-117.835689,33.639121,99.37,0.44,4
-117.835389,33.639121,99.85,0.389,4
-117.835089,33.639121,100.53,0.346,4
-117.834789,33.639121,101.62,0.335,4
-117.834489,33.639121,102.2,0.352,4
-117.834189,33.639121,102.54,0.392,4
-117.833889,33.639121,103.03,0.401,4
-117.833589,33.639121,103.13,0.353,4
-117.833289,33.639121,103.13,0.354,4
-117.832989,33.639121,103.65,0.393,4
-117.832689,33.639121,103.97,0.404,4
-117.832389,33.639121,104.2,0.389,4
-117.832089,33.639121,104.6,0.39,4
-117.831789,33.639121,105.04,0.4,4
-117.831488,33.639121,105.43,0.393,4
-117.831188,33.639121,105.7,0.389,4
-117.830888,33.639121,105.91,0.39,4
-117.830588,33.639121,105.66,0.352,4
-117.830288,33.639121,104.8,0.223,4
-117.829988,33.639121,103.03,0.269,4
-117.829688,33.639121,101.31,0.323,4
-117.829388,33.639121,99.68,0.377,4
-117.829088,33.639121,98.24,0.522,4
-117.828788,33.639121,97.24,0.54,4
-117.828488,33.639121,96.74,0.501,4
-117.828188,33.639121,96.76,0.457,4
-117.827888,33.639121,97.68,0.411,4
-117.827588,33.639121,99.36,0.384,4
-117.827288,33.639121,101.21,0.336,4
-117.826988,33.639121,103.24,0.208,4
-117.826687,33.639121,105.22,0.13,4
-117.826387,33.639121,106.51,0.143,4
-117.826087,33.639121,107.08,0.178,4
-117.855793,33.63882,103,0.487,4
-117.855493,33.63882,102.79,0.504,4
-117.855193,33.63882,102.16,0.544,4
-117.854893,33.63882,101.71,0.673,4
-117.854593,33.63882,100.88,0.617,4
-117.854293,33.63882,100.75,0.621,4
-117.853993,33.63882,101.84,0.647,4
-117.853693,33.63882,103.51,0.414,4
-117.853393,33.63882,104.95,0.228,4
-117.853093,33.63882,105.82,0.241,4
-117.852793,33.63882,105.96,0.287,4
-117.852493,33.63882,105.57,0.313,4
-117.852193,33.63882,105.04,0.396,4
-117.851892,33.63882,104.25,0.48,4
-117.851592,33.63882,103.14,0.541,4
-117.851292,33.63882,102.07,0.495,4
-117.850992,33.63882,101,0.518,4
-117.850692,33.63882,100.34,0.471,4
-117.850392,33.63882,99.75,0.463,4
-117.850092,33.63882,99.36,0.516,4
-117.849792,33.63882,99.33,0.651,4
-117.849492,33.63882,99.54,0.751,4
-117.849192,33.63882,100.27,0.737,4
-117.848892,33.63882,101.62,0.605,4
-117.848592,33.63882,103.1,0.467,4
-117.848292,33.63882,104.36,0.399,4
-117.847992,33.63882,105.66,0.358,4
-117.847692,33.63882,107.03,0.331,4
-117.847392,33.63882,107.32,0.309,4
-117.847092,33.63882,106.75,0.272,4
-117.846791,33.63882,105.63,0.264,4
-117.846491,33.63882,104.91,0.368,4
-117.846191,33.63882,104.66,0.399,4
-117.845891,33.63882,103.85,0.314,4
-117.845591,33.63882,103.66,0.314,4
-117.845291,33.63882,103.65,0.314,4
-117.844991,33.63882,103.29,0.296,4
-117.844691,33.63882,102.9,0.304,4
-117.844391,33.63882,102.62,0.372,4
-117.844091,33.63882,102.1,0.468,4
-117.843791,33.63882,101.38,0.535,4
-117.843491,33.63882,101.11,0.542,4
-117.843191,33.63882,100.77,0.324,4
-117.842891,33.63882,100.05,0.278,4
-117.842591,33.63882,99.34,0.303,4
-117.842291,33.63882,98.34,0.344,4
-117.841991,33.63882,97.43,0.474,4
-117.84169,33.63882,97.03,0.555,4
-117.84139,33.63882,96.95,0.586,4
-117.84109,33.63882,97.57,0.46,4
-117.84079,33.63882,98.05,0.4,4
-117.84049,33.63882,98.17,0.371,4
-117.84019,33.63882,98.31,0.329,4
-117.83989,33.63882,98.42,0.331,4
-117.83959,33.63882,98.4,0.374,4
-117.83929,33.63882,98.53,0.512,4
-117.83899,33.63882,98.98,0.537,4
-117.83869,33.63882,99.57,0.407,4
-117.83839,33.63882,100.06,0.432,4
-117.83809,33.63882,100.28,0.417,4
-117.83779,33.63882,100.51,0.434,4
-117.83749,33.63882,100.42,0.412,4
-117.83719,33.63882,100.14,0.353,4
-117.83689,33.63882,99.73,0.309,4
-117.836589,33.63882,99.3,0.35,4
-117.836289,33.63882,99.01,0.452,4
-117.835989,33.63882,98.88,0.491,4
-117.835689,33.63882,98.96,0.458,4
-117.835389,33.63882,99.36,0.455,4
-117.835089,33.63882,100.18,0.416,4
-117.834789,33.63882,101.84,0.383,4
-117.834489,33.63882,102.56,0.354,4
-117.834189,33.63882,102.94,0.378,4
-117.833889,33.63882,102.9,0.383,4
-117.833589,33.63882,102.9,0.389,4
-117.833289,33.63882,102.87,0.364,4
-117.832989,33.63882,103.07,0.372,4
-117.832689,33.63882,103.18,0.413,4
-117.832389,33.63882,103.26,0.41,4
-117.832089,33.63882,103.39,0.403,4
-117.831789,33.63882,103.54,0.412,4
-117.831488,33.63882,103.62,0.408,4
-117.831188,33.63882,103.72,0.424,4
-117.830888,33.63882,104.08,0.423,4
-117.830588,33.63882,103.95,0.424,4
-117.830288,33.63882,103.55,0.372,4
-117.829988,33.63882,102.42,0.333,4
-117.829688,33.63882,101.5,0.304,4
-117.829388,33.63882,100.49,0.325,4
-117.829088,33.63882,99.38,0.457,4
-117.828788,33.63882,98.34,0.554,4
-117.828488,33.63882,97.49,0.581,4
-117.828188,33.63882,97,0.513,4
-117.827888,33.63882,97.57,0.434,4
-117.827588,33.63882,99.11,0.392,4
-117.827288,33.63882,100.88,0.319,4
-117.826988,33.63882,103,0.216,4
-117.826687,33.63882,105.15,0.148,4
-117.826387,33.63882,106.58,0.141,4
-117.826087,33.63882,107.4,0.169,4
-117.855793,33.63852,102.81,0.447,4
-117.855493,33.63852,102.2,0.571,4
-117.855193,33.63852,101.35,0.576,4
-117.854893,33.63852,100.91,0.543,4
-117.854593,33.63852,100.3,0.557,4
-117.854293,33.63852,100.42,0.613,4
-117.853993,33.63852,101.7,0.501,4
-117.853693,33.63852,103.5,0.365,4
-117.853393,33.63852,105.18,0.289,4
-117.853093,33.63852,106.14,0.289,4
-117.852793,33.63852,106.17,0.31,4
-117.852493,33.63852,105.62,0.332,4
-117.852193,33.63852,104.68,0.383,4
-117.851892,33.63852,103.2,0.398,4
-117.851592,33.63852,101.4,0.358,4
-117.851292,33.63852,99.87,0.47,4
-117.850992,33.63852,98.71,0.62,4
-117.850692,33.63852,98.88,0.429,4
-117.850392,33.63852,99.08,0.4,4
-117.850092,33.63852,99.33,0.423,4
-117.849792,33.63852,99.69,0.49,4
-117.849492,33.63852,100.09,0.464,4
-117.849192,33.63852,100.68,0.494,4
-117.848892,33.63852,101.56,0.572,4
-117.848592,33.63852,102.4,0.617,4
-117.848292,33.63852,102.98,0.614,4
-117.847992,33.63852,103.75,0.579,4
-117.847692,33.63852,104.73,0.537,4
-117.847392,33.63852,104.52,0.484,4
-117.847092,33.63852,103.7,0.445,4
-117.846791,33.63852,102.8,0.4,4
-117.846491,33.63852,102.63,0.383,4
-117.846191,33.63852,103,0.431,4
-117.845891,33.63852,102.57,0.342,4
-117.845591,33.63852,102.66,0.314,4
-117.845291,33.63852,102.77,0.315,4
-117.844991,33.63852,102.51,0.307,4
-117.844691,33.63852,102.19,0.354,4
-117.844391,33.63852,101.96,0.425,4
-117.844091,33.63852,101.47,0.398,4
-117.843791,33.63852,100.76,0.363,4
-117.843491,33.63852,100.52,0.48,4
-117.843191,33.63852,100.16,0.398,4
-117.842891,33.63852,99.34,0.35,4
-117.842591,33.63852,98.42,0.364,4
-117.842291,33.63852,97.35,0.393,4
-117.841991,33.63852,96.66,0.446,4
-117.84169,33.63852,96.36,0.55,4
-117.84139,33.63852,96.43,0.57,4
-117.84109,33.63852,97.2,0.474,4
-117.84079,33.63852,97.87,0.426,4
-117.84049,33.63852,98.25,0.435,4
-117.84019,33.63852,98.59,0.445,4
-117.83989,33.63852,98.8,0.458,4
-117.83959,33.63852,98.81,0.477,4
-117.83929,33.63852,98.86,0.515,4
-117.83899,33.63852,99.06,0.517,4
-117.83869,33.63852,99.36,0.486,4
-117.83839,33.63852,99.63,0.463,4
-117.83809,33.63852,99.8,0.35,4
-117.83779,33.63852,100.05,0.317,4
-117.83749,33.63852,100.01,0.335,4
-117.83719,33.63852,99.77,0.378,4
-117.83689,33.63852,99.42,0.397,4
-117.836589,33.63852,99.03,0.432,4
-117.836289,33.63852,98.66,0.499,4
-117.835989,33.63852,98.39,0.52,4
-117.835689,33.63852,98.3,0.518,4
-117.835389,33.63852,98.55,0.581,4
-117.835089,33.63852,99.35,0.551,4
-117.834789,33.63852,101.1,0.48,4
-117.834489,33.63852,101.95,0.381,4
-117.834189,33.63852,102.48,0.337,4
-117.833889,33.63852,102.45,0.334,4
-117.833589,33.63852,102.49,0.37,4
-117.833289,33.63852,102.51,0.348,4
-117.832989,33.63852,102.73,0.331,4
-117.832689,33.63852,102.85,0.357,4
-117.832389,33.63852,102.86,0.367,4
-117.832089,33.63852,102.87,0.363,4
-117.831789,33.63852,102.87,0.381,4
-117.831488,33.63852,102.82,0.412,4
-117.831188,33.63852,102.83,0.432,4
-117.830888,33.63852,103.11,0.428,4
-117.830588,33.63852,103.1,0.435,4
-117.830288,33.63852,103.15,0.51,4
-117.829988,33.63852,102.63,0.504,4
-117.829688,33.63852,102.27,0.44,4
-117.829388,33.63852,101.71,0.372,4
-117.829088,33.63852,100.9,0.358,4
-117.828788,33.63852,100.03,0.416,4
-117.828488,33.63852,98.98,0.522,4
-117.828188,33.63852,98.07,0.515,4
-117.827888,33.63852,98.22,0.441,4
-117.827588,33.63852,99.31,0.399,4
-117.827288,33.63852,100.58,0.352,4
-117.826988,33.63852,102.49,0.331,4
-117.826687,33.63852,104.67,0.261,4
-117.826387,33.63852,106.44,0.237,4
-117.855493,33.63822,102.04,0.251,4
-117.855193,33.63822,101.18,0.363,4
-117.854893,33.63822,100.61,0.537,4
-117.854593,33.63822,100.03,0.617,4
-117.854293,33.63822,100.1,0.486,4
-117.853993,33.63822,101.37,0.369,4
-117.853693,33.63822,102.99,0.367,4
-117.853393,33.63822,104.54,0.32,4
-117.853093,33.63822,105.45,0.294,4
-117.852793,33.63822,105.56,0.329,4
-117.852493,33.63822,105.11,0.337,4
-117.852193,33.63822,104.02,0.312,4
-117.851892,33.63822,102.05,0.276,4
-117.851592,33.63822,99.81,0.145,4
-117.851292,33.63822,98.29,0.156,4
-117.850992,33.63822,97.52,0.388,4
-117.850692,33.63822,98.14,0.558,4
-117.850392,33.63822,99.06,0.388,4
-117.850092,33.63822,100.15,0.206,4
-117.849792,33.63822,101.03,0.262,4
-117.849492,33.63822,101.63,0.24,4
-117.849192,33.63822,102.13,0.172,4
-117.848892,33.63822,102.68,0.245,4
-117.848592,33.63822,103.05,0.424,4
-117.848292,33.63822,103.12,0.519,4
-117.847992,33.63822,103.26,0.51,4
-117.847692,33.63822,103.57,0.533,4
-117.847392,33.63822,102.73,0.545,4
-117.847092,33.63822,101.56,0.641,4
-117.846791,33.63822,100.73,0.602,4
-117.846491,33.63822,100.82,0.416,4
-117.846191,33.63822,101.58,0.34,4
-117.845891,33.63822,101.74,0.331,4
-117.845591,33.63822,101.88,0.333,4
-117.845291,33.63822,101.99,0.34,4
-117.844991,33.63822,101.81,0.331,4
-117.844691,33.63822,101.56,0.37,4
-117.844391,33.63822,101.4,0.4,4
-117.844091,33.63822,100.98,0.344,4
-117.843791,33.63822,100.32,0.323,4
-117.843491,33.63822,100.09,0.392,4
-117.843191,33.63822,99.69,0.398,4
-117.842891,33.63822,98.62,0.418,4
-117.842591,33.63822,97.46,0.441,4
-117.842291,33.63822,96.34,0.494,4
-117.841991,33.63822,95.78,0.588,4
-117.84169,33.63822,95.62,0.617,4
-117.84139,33.63822,95.85,0.575,4
-117.84109,33.63822,96.77,0.535,4
-117.84079,33.63822,97.67,0.528,4
-117.84049,33.63822,98.28,0.504,4
-117.84019,33.63822,98.77,0.459,4
-117.83989,33.63822,99.02,0.435,4
-117.83959,33.63822,98.99,0.432,4
-117.83929,33.63822,98.92,0.458,4
-117.83899,33.63822,98.92,0.486,4
-117.83869,33.63822,99.01,0.482,4
-117.83839,33.63822,99.17,0.373,4
-117.83809,33.63822,99.32,0.31,4
-117.83779,33.63822,99.6,0.373,4
-117.83749,33.63822,99.62,0.412,4
-117.83719,33.63822,99.45,0.44,4
-117.83689,33.63822,99.17,0.437,4
-117.836589,33.63822,98.78,0.408,4
-117.836289,33.63822,98.31,0.439,4
-117.835989,33.63822,97.84,0.543,4
-117.835689,33.63822,97.56,0.655,4
-117.835389,33.63822,97.68,0.74,4
-117.835089,33.63822,98.38,0.71,4
-117.834789,33.63822,100.07,0.654,4
-117.834489,33.63822,100.95,0.502,4
-117.834189,33.63822,101.61,0.356,4
-117.833889,33.63822,101.75,0.356,4
-117.833589,33.63822,101.92,0.341,4
-117.833289,33.63822,102.04,0.348,4
-117.832989,33.63822,102.33,0.358,4
-117.832689,33.63822,102.48,0.377,4
-117.832389,33.63822,102.49,0.386,4
-117.832089,33.63822,102.5,0.368,4
-117.831789,33.63822,102.48,0.36,4
-117.831488,33.63822,102.45,0.394,4
-117.831188,33.63822,102.54,0.427,4
-117.830888,33.63822,102.97,0.456,4
-117.830588,33.63822,103.22,0.463,4
-117.830288,33.63822,103.63,0.441,4
-117.829988,33.63822,103.54,0.44,4
-117.829688,33.63822,103.48,0.391,4
-117.829388,33.63822,103.11,0.393,4
-117.829088,33.63822,102.45,0.366,4
-117.828788,33.63822,101.73,0.31,4
-117.828488,33.63822,100.79,0.368,4
-117.828188,33.63822,99.71,0.45,4
-117.827888,33.63822,99.28,0.441,4
-117.827588,33.63822,99.66,0.382,4
-117.827288,33.63822,100.38,0.36,4
-117.826988,33.63822,101.84,0.375,4
-117.826687,33.63822,103.69,0.322,4
-117.826387,33.63822,105.33,0.291,4
-117.855493,33.63792,102.43,0.12,4
-117.855193,33.63792,101.48,0.27,4
-117.854893,33.63792,100.45,0.568,4
-117.854593,33.63792,99.8,0.618,4
-117.854293,33.63792,99.73,0.316,4
-117.853993,33.63792,100.64,0.147,4
-117.853693,33.63792,101.75,0.142,4
-117.853393,33.63792,102.82,0.22,4
-117.853093,33.63792,103.92,0.324,4
-117.852793,33.63792,104.56,0.367,4
-117.852493,33.63792,104.34,0.326,4
-117.852193,33.63792,103.27,0.286,4
-117.851892,33.63792,101.1,0.26,4
-117.851592,33.63792,98.71,0.166,4
-117.851292,33.63792,97.41,0.161,4
-117.850992,33.63792,96.95,0.417,4
-117.850692,33.63792,98.07,0.711,4
-117.850392,33.63792,99.46,0.492,4
-117.850092,33.63792,101.14,0.293,4
-117.849792,33.63792,102.19,0.285,4
-117.849492,33.63792,102.95,0.272,4
-117.849192,33.63792,103.57,0.183,4
-117.848892,33.63792,103.96,0.178,4
-117.848592,33.63792,104.04,0.296,4
-117.848292,33.63792,103.79,0.415,4
-117.847992,33.63792,103.48,0.484,4
-117.847692,33.63792,103.19,0.509,4
-117.847392,33.63792,101.89,0.476,4
-117.847092,33.63792,100.42,0.603,4
-117.846791,33.63792,99.61,0.514,4
-117.846491,33.63792,99.81,0.371,4
-117.846191,33.63792,100.84,0.309,4
-117.845891,33.63792,101.82,0.309,4
-117.845591,33.63792,101.74,0.32,4
-117.845291,33.63792,101.68,0.327,4
-117.844991,33.63792,101.37,0.365,4
-117.844691,33.63792,101.03,0.41,4
-117.844391,33.63792,100.94,0.407,4
-117.844091,33.63792,100.64,0.394,4
-117.843791,33.63792,100.14,0.43,4
-117.843491,33.63792,99.91,0.423,4
-117.843191,33.63792,99.42,0.38,4
-117.842891,33.63792,98.2,0.444,4
-117.842591,33.63792,96.96,0.403,4
-117.842291,33.63792,95.84,0.523,4
-117.841991,33.63792,95.33,0.635,4
-117.84169,33.63792,95.36,0.707,4
-117.84139,33.63792,95.71,0.58,4
-117.84109,33.63792,96.72,0.455,4
-117.84079,33.63792,97.77,0.437,4
-117.84049,33.63792,98.54,0.435,4
-117.84019,33.63792,99.13,0.405,4
-117.83989,33.63792,99.43,0.393,4
-117.83959,33.63792,99.34,0.399,4
-117.83929,33.63792,99.1,0.443,4
-117.83899,33.63792,98.95,0.523,4
-117.83869,33.63792,99.47,0.471,4
-117.83839,33.63792,99.61,0.407,4
-117.83809,33.63792,99.77,0.431,4
-117.83779,33.63792,100.08,0.46,4
-117.83749,33.63792,100.2,0.392,4
-117.83719,33.63792,100.15,0.362,4
-117.83689,33.63792,99.99,0.354,4
-117.836589,33.63792,99.66,0.342,4
-117.836289,33.63792,99.13,0.423,4
-117.835989,33.63792,98.37,0.589,4
-117.835689,33.63792,97.68,0.705,4
-117.835389,33.63792,97.68,0.752,4
-117.835089,33.63792,98.11,0.734,4
-117.834789,33.63792,99.36,0.691,4
-117.834489,33.63792,100.15,0.618,4
-117.834189,33.63792,100.84,0.476,4
-117.833889,33.63792,101.34,0.405,4
-117.833589,33.63792,101.72,0.356,4
-117.833289,33.63792,101.98,0.383,4
-117.832989,33.63792,102.28,0.398,4
-117.832689,33.63792,102.42,0.386,4
-117.832389,33.63792,102.47,0.378,4
-117.832089,33.63792,102.57,0.372,4
-117.831789,33.63792,102.71,0.371,4
-117.831488,33.63792,102.89,0.399,4
-117.831188,33.63792,103.12,0.428,4
-117.830888,33.63792,103.46,0.457,4
-117.830588,33.63792,104.07,0.393,4
-117.830288,33.63792,104.82,0.278,4
-117.829988,33.63792,105.29,0.351,4
-117.829688,33.63792,105.4,0.33,4
-117.829388,33.63792,105.15,0.303,4
-117.829088,33.63792,104.83,0.371,4
-117.828788,33.63792,104.28,0.382,4
-117.828488,33.63792,103.4,0.33,4
-117.828188,33.63792,102.3,0.365,4
-117.827888,33.63792,101.15,0.444,4
-117.827588,33.63792,100.44,0.441,4
-117.827288,33.63792,100.69,0.41,4
-117.826988,33.63792,101.6,0.395,4
-117.826687,33.63792,102.85,0.376,4
-117.826387,33.63792,104.23,0.327,4
-117.855193,33.63762,102.5,0.347,4
-117.854893,33.63762,101.61,0.392,4
-117.854593,33.63762,100.87,0.52,4
-117.854293,33.63762,100.44,0.407,4
-117.853993,33.63762,100.65,0.207,4
-117.853693,33.63762,101.19,0.102,4
-117.853393,33.63762,101.81,0.167,4
-117.853093,33.63762,102.67,0.289,4
-117.852793,33.63762,103.37,0.335,4
-117.852493,33.63762,103.29,0.311,4
-117.852193,33.63762,102.22,0.248,4
-117.851892,33.63762,100.04,0.125,4
-117.851592,33.63762,97.71,0.107,4
-117.851292,33.63762,96.73,0.338,4
-117.850992,33.63762,96.63,0.692,4
-117.850692,33.63762,97.96,0.763,4
-117.850392,33.63762,99.68,0.559,4
-117.850092,33.63762,101.62,0.402,4
-117.849792,33.63762,102.89,0.342,4
-117.849492,33.63762,103.91,0.289,4
-117.849192,33.63762,104.69,0.257,4
-117.848892,33.63762,105,0.263,4
-117.848592,33.63762,104.77,0.223,4
-117.848292,33.63762,104.17,0.178,4
-117.847992,33.63762,103.57,0.295,4
-117.847692,33.63762,102.91,0.448,4
-117.847392,33.63762,101.35,0.478,4
-117.847092,33.63762,99.75,0.622,4
-117.846791,33.63762,99.05,0.417,4
-117.846491,33.63762,99.43,0.351,4
-117.846191,33.63762,100.47,0.299,4
-117.845891,33.63762,101.28,0.303,4
-117.845591,33.63762,101.65,0.318,4
-117.845291,33.63762,101.81,0.324,4
-117.844991,33.63762,101.16,0.413,4
-117.844691,33.63762,100.54,0.442,4
-117.844391,33.63762,100.52,0.357,4
-117.844091,33.63762,100.36,0.339,4
-117.843791,33.63762,100.05,0.407,4
-117.843491,33.63762,99.79,0.441,4
-117.843191,33.63762,99.22,0.422,4
-117.842891,33.63762,97.96,0.447,4
-117.842591,33.63762,96.8,0.474,4
-117.842291,33.63762,95.88,0.602,4
-117.841991,33.63762,95.51,0.578,4
-117.84169,33.63762,95.58,0.642,4
-117.84139,33.63762,95.9,0.492,4
-117.84109,33.63762,96.87,0.401,4
-117.84079,33.63762,97.99,0.422,4
-117.84049,33.63762,98.83,0.446,4
-117.84019,33.63762,99.46,0.442,4
-117.83989,33.63762,99.79,0.418,4
-117.83959,33.63762,99.65,0.398,4
-117.83929,33.63762,99.26,0.422,4
-117.83899,33.63762,99.03,0.562,4
-117.83869,33.63762,100.07,0.656,4
-117.83839,33.63762,100.19,0.53,4
-117.83809,33.63762,100.37,0.511,4
-117.83779,33.63762,100.7,0.423,4
-117.83749,33.63762,100.91,0.326,4
-117.83719,33.63762,101,0.359,4
-117.83689,33.63762,100.96,0.448,4
-117.836589,33.63762,100.71,0.479,4
-117.836289,33.63762,100.22,0.5,4
-117.835989,33.63762,99.31,0.589,4
-117.835689,33.63762,98.31,0.675,4
-117.835389,33.63762,98.17,0.69,4
-117.835089,33.63762,98.36,0.746,4
-117.834789,33.63762,99.16,0.681,4
-117.834489,33.63762,99.74,0.587,4
-117.834189,33.63762,100.31,0.621,4
-117.833889,33.63762,100.99,0.514,4
-117.833589,33.63762,101.47,0.387,4
-117.833289,33.63762,101.75,0.362,4
-117.832989,33.63762,101.98,0.407,4
-117.832689,33.63762,102.09,0.405,4
-117.832389,33.63762,102.23,0.393,4
-117.832089,33.63762,102.52,0.417,4
-117.831789,33.63762,102.95,0.454,4
-117.831488,33.63762,103.48,0.47,4
-117.831188,33.63762,103.92,0.421,4
-117.830888,33.63762,104.33,0.333,4
-117.830588,33.63762,105.11,0.26,4
-117.830288,33.63762,105.97,0.227,4
-117.829988,33.63762,106.7,0.345,4
-117.829688,33.63762,106.88,0.315,4
-117.829388,33.63762,106.74,0.252,4
-117.829088,33.63762,106.65,0.24,4
-117.828788,33.63762,106.24,0.359,4
-117.828488,33.63762,105.51,0.355,4
-117.828188,33.63762,104.57,0.302,4
-117.827888,33.63762,103.27,0.337,4
-117.827588,33.63762,102.14,0.38,4
-117.827288,33.63762,102.04,0.403,4
-117.826988,33.63762,102.4,0.415,4
-117.826687,33.63762,103.23,0.38,4
-117.826387,33.63762,104.31,0.344,4
-117.854893,33.63732,102.74,0.313,4
-117.854593,33.63732,101.98,0.341,4
-117.854293,33.63732,101.31,0.501,4
-117.853993,33.63732,101.07,0.434,4
-117.853693,33.63732,100.97,0.295,4
-117.853393,33.63732,101.04,0.219,4
-117.853093,33.63732,101.58,0.153,4
-117.852793,33.63732,102.16,0.171,4
-117.852493,33.63732,102.04,0.296,4
-117.852193,33.63732,100.95,0.302,4
-117.851892,33.63732,98.92,0.176,4
-117.851592,33.63732,96.93,0.264,4
-117.851292,33.63732,96.42,0.613,4
-117.850992,33.63732,96.89,0.748,4
-117.850692,33.63732,98.24,0.697,4
-117.850392,33.63732,100.01,0.531,4
-117.850092,33.63732,101.94,0.429,4
-117.849792,33.63732,103.38,0.368,4
-117.849492,33.63732,104.65,0.331,4
-117.849192,33.63732,105.5,0.313,4
-117.848892,33.63732,105.54,0.313,4
-117.848592,33.63732,104.89,0.27,4
-117.848292,33.63732,103.94,0.18,4
-117.847992,33.63732,103.03,0.171,4
-117.847692,33.63732,102.09,0.283,4
-117.847392,33.63732,100.28,0.487,4
-117.847092,33.63732,98.79,0.637,4
-117.846791,33.63732,98.38,0.421,4
-117.846491,33.63732,98.9,0.332,4
-117.846191,33.63732,99.88,0.299,4
-117.845891,33.63732,100.62,0.318,4
-117.845591,33.63732,100.99,0.325,4
-117.845291,33.63732,101.19,0.334,4
-117.844991,33.63732,100.59,0.433,4
-117.844691,33.63732,99.97,0.502,4
-117.844391,33.63732,99.94,0.466,4
-117.844091,33.63732,99.77,0.401,4
-117.843791,33.63732,99.46,0.339,4
-117.843491,33.63732,99.2,0.398,4
-117.843191,33.63732,98.68,0.487,4
-117.842891,33.63732,97.52,0.498,4
-117.842591,33.63732,96.59,0.623,4
-117.842291,33.63732,95.79,0.726,4
-117.841991,33.63732,95.34,0.702,4
-117.84169,33.63732,95.28,0.664,4
-117.84139,33.63732,95.59,0.509,4
-117.84109,33.63732,96.66,0.403,4
-117.84079,33.63732,97.92,0.373,4
-117.84049,33.63732,98.83,0.38,4
-117.84019,33.63732,99.43,0.416,4
-117.83989,33.63732,99.72,0.447,4
-117.83959,33.63732,99.56,0.466,4
-117.83929,33.63732,99.18,0.527,4
-117.83899,33.63732,98.92,0.61,4
-117.83869,33.63732,99.95,0.714,4
-117.83839,33.63732,100.01,0.608,4
-117.83809,33.63732,100.16,0.581,4
-117.83779,33.63732,100.51,0.468,4
-117.83749,33.63732,100.78,0.432,4
-117.83719,33.63732,100.98,0.452,4
-117.83689,33.63732,101.06,0.431,4
-117.836589,33.63732,100.98,0.378,4
-117.836289,33.63732,100.69,0.356,4
-117.835989,33.63732,99.93,0.413,4
-117.835689,33.63732,99,0.532,4
-117.835389,33.63732,98.86,0.623,4
-117.835089,33.63732,98.99,0.7,4
-117.834789,33.63732,99.58,0.713,4
-117.834489,33.63732,99.91,0.691,4
-117.834189,33.63732,100.27,0.72,4
-117.833889,33.63732,100.84,0.615,4
-117.833589,33.63732,101.24,0.432,4
-117.833289,33.63732,101.44,0.371,4
-117.832989,33.63732,101.62,0.416,4
-117.832689,33.63732,101.74,0.452,4
-117.832389,33.63732,101.99,0.489,4
-117.832089,33.63732,102.49,0.563,4
-117.831789,33.63732,103.19,0.597,4
-117.831488,33.63732,104.01,0.481,4
-117.831188,33.63732,104.75,0.258,4
-117.830888,33.63732,105.31,0.21,4
-117.830588,33.63732,106.09,0.209,4
-117.830288,33.63732,106.77,0.204,4
-117.829988,33.63732,107.49,0.231,4
-117.829688,33.63732,107.73,0.219,4
-117.829388,33.63732,107.69,0.216,4
-117.829088,33.63732,107.71,0.209,4
-117.828788,33.63732,107.45,0.265,4
-117.828488,33.63732,106.93,0.354,4
-117.828188,33.63732,106.27,0.337,4
-117.827888,33.63732,105.27,0.287,4
-117.827588,33.63732,104.24,0.315,4
-117.827288,33.63732,103.9,0.329,4
-117.826988,33.63732,103.86,0.38,4
-117.826687,33.63732,104.37,0.37,4
-117.854893,33.63702,103.22,0.288,4
-117.854593,33.63702,102.58,0.21,4
-117.854293,33.63702,101.9,0.312,4
-117.853993,33.63702,101.4,0.474,4
-117.853693,33.63702,100.89,0.537,4
-117.853393,33.63702,100.54,0.379,4
-117.853093,33.63702,100.75,0.17,4
-117.852793,33.63702,101.09,0.121,4
-117.852493,33.63702,100.76,0.225,4
-117.852193,33.63702,99.68,0.342,4
-117.851892,33.63702,98,0.393,4
-117.851592,33.63702,96.62,0.544,4
-117.851292,33.63702,96.7,0.705,4
-117.850992,33.63702,97.53,0.665,4
-117.850692,33.63702,98.88,0.596,4
-117.850392,33.63702,100.55,0.507,4
-117.850092,33.63702,102.29,0.5,4
-117.849792,33.63702,103.73,0.426,4
-117.849492,33.63702,105.06,0.356,4
-117.849192,33.63702,105.8,0.341,4
-117.848892,33.63702,105.52,0.345,4
-117.848592,33.63702,104.47,0.336,4
-117.848292,33.63702,103.15,0.322,4
-117.847992,33.63702,101.92,0.307,4
-117.847692,33.63702,100.76,0.34,4
-117.847392,33.63702,98.93,0.553,4
-117.847092,33.63702,97.56,0.597,4
-117.846791,33.63702,97.4,0.395,4
-117.846491,33.63702,98.1,0.321,4
-117.846191,33.63702,99.04,0.309,4
-117.845891,33.63702,99.93,0.31,4
-117.845591,33.63702,100.5,0.319,4
-117.845291,33.63702,100.87,0.343,4
-117.844991,33.63702,100.36,0.362,4
-117.844691,33.63702,99.68,0.421,4
-117.844391,33.63702,99.54,0.532,4
-117.844091,33.63702,99.29,0.577,4
-117.843791,33.63702,98.95,0.485,4
-117.843491,33.63702,98.7,0.441,4
-117.843191,33.63702,98.32,0.558,4
-117.842891,33.63702,97.4,0.542,4
-117.842591,33.63702,96.72,0.502,4
-117.842291,33.63702,95.92,0.605,4
-117.841991,33.63702,95.32,0.71,4
-117.84169,33.63702,95.07,0.667,4
-117.84139,33.63702,95.28,0.473,4
-117.84109,33.63702,96.39,0.405,4
-117.84079,33.63702,97.74,0.419,4
-117.84049,33.63702,98.68,0.408,4
-117.84019,33.63702,99.26,0.395,4
-117.83989,33.63702,99.57,0.404,4
-117.83959,33.63702,99.45,0.47,4
-117.83929,33.63702,99.21,0.555,4
-117.83899,33.63702,99.08,0.547,4
-117.83869,33.63702,100.07,0.465,4
-117.83839,33.63702,100.02,0.428,4
-117.83809,33.63702,100.05,0.518,4
-117.83779,33.63702,100.3,0.509,4
-117.83749,33.63702,100.52,0.473,4
-117.83719,33.63702,100.74,0.379,4
-117.83689,33.63702,100.92,0.299,4
-117.836589,33.63702,101.02,0.294,4
-117.836289,33.63702,100.97,0.339,4
-117.835989,33.63702,100.47,0.401,4
-117.835689,33.63702,99.71,0.474,4
-117.835389,33.63702,99.66,0.512,4
-117.835089,33.63702,99.77,0.497,4
-117.834789,33.63702,100.3,0.538,4
-117.834489,33.63702,100.52,0.575,4
-117.834189,33.63702,100.76,0.609,4
-117.833889,33.63702,101.2,0.517,4
-117.833589,33.63702,101.48,0.464,4
-117.833289,33.63702,101.61,0.512,4
-117.832989,33.63702,101.81,0.553,4
-117.832689,33.63702,101.98,0.569,4
-117.832389,33.63702,102.25,0.542,4
-117.832089,33.63702,102.8,0.463,4
-117.831789,33.63702,103.64,0.389,4
-117.831488,33.63702,104.65,0.339,4
-117.831188,33.63702,105.53,0.248,4
-117.830888,33.63702,106.08,0.177,4
-117.830588,33.63702,106.77,0.2,4
-117.830288,33.63702,107.41,0.214,4
-117.829988,33.63702,108.02,0.226,4
-117.829688,33.63702,108.15,0.253,4
-117.829388,33.63702,108.13,0.223,4
-117.854593,33.63672,102.8,0.198,4
-117.854293,33.63672,102.45,0.202,4
-117.853993,33.63672,102.09,0.29,4
-117.853693,33.63672,101.45,0.451,4
-117.853393,33.63672,100.71,0.489,4
-117.853093,33.63672,100.48,0.364,4
-117.852793,33.63672,100.44,0.278,4
-117.852493,33.63672,99.81,0.317,4
-117.852193,33.63672,98.7,0.36,4
-117.851892,33.63672,97.4,0.483,4
-117.851592,33.63672,96.62,0.597,4
-117.851292,33.63672,97.14,0.633,4
-117.850992,33.63672,98.12,0.579,4
-117.850692,33.63672,99.44,0.491,4
-117.850392,33.63672,101.29,0.485,4
-117.850092,33.63672,102.91,0.497,4
-117.849792,33.63672,104.07,0.432,4
-117.849492,33.63672,105.01,0.409,4
-117.849192,33.63672,105.36,0.411,4
-117.848892,33.63672,104.83,0.386,4
-117.848592,33.63672,103.57,0.327,4
-117.848292,33.63672,101.97,0.27,4
-117.847992,33.63672,100.52,0.343,4
-117.847692,33.63672,99.32,0.577,4
-117.847392,33.63672,97.63,0.659,4
-117.847092,33.63672,96.49,0.563,4
-117.846791,33.63672,96.41,0.36,4
-117.846491,33.63672,97.24,0.313,4
-117.846191,33.63672,98.22,0.308,4
-117.845891,33.63672,99.42,0.297,4
-117.845591,33.63672,100.41,0.302,4
-117.845291,33.63672,101.12,0.343,4
-117.844991,33.63672,100.78,0.329,4
-117.844691,33.63672,100.05,0.314,4
-117.844391,33.63672,99.71,0.407,4
-117.844091,33.63672,99.26,0.552,4
-117.843791,33.63672,98.78,0.593,4
-117.843491,33.63672,98.51,0.44,4
-117.843191,33.63672,98.22,0.502,4
-117.842891,33.63672,97.51,0.513,4
-117.842591,33.63672,97,0.396,4
-117.842291,33.63672,96.11,0.457,4
-117.841991,33.63672,95.24,0.549,4
-117.84169,33.63672,94.77,0.647,4
-117.84139,33.63672,94.92,0.596,4
-117.84109,33.63672,96.01,0.495,4
-117.84079,33.63672,97.38,0.407,4
-117.84049,33.63672,98.33,0.38,4
-117.84019,33.63672,98.94,0.4,4
-117.83989,33.63672,99.35,0.406,4
-117.83959,33.63672,99.38,0.458,4
-117.83929,33.63672,99.3,0.452,4
-117.83899,33.63672,99.21,0.414,4
-117.83869,33.63672,100.16,0.435,4
-117.83839,33.63672,100.01,0.35,4
-117.83809,33.63672,99.89,0.379,4
-117.83779,33.63672,99.97,0.455,4
-117.854293,33.63642,102.47,0.205,4
-117.853993,33.63642,102.58,0.186,4
-117.853693,33.63642,102.27,0.264,4
-117.853393,33.63642,101.48,0.432,4
-117.853093,33.63642,100.91,0.492,4
-117.852793,33.63642,100.41,0.438,4
-117.852493,33.63642,99.32,0.432,4
-117.852193,33.63642,97.98,0.448,4
-117.851892,33.63642,96.85,0.491,4
-117.851592,33.63642,96.51,0.575,4
-117.851292,33.63642,97.2,0.623,4
-117.850992,33.63642,98.29,0.488,4
-117.850692,33.63642,99.97,0.24,4
-117.850392,33.63642,101.96,0.278,4
-117.850092,33.63642,103.44,0.384,4
-117.849792,33.63642,104.28,0.453,4
-117.849492,33.63642,104.56,0.549,4
-117.849192,33.63642,104.27,0.531,4
-117.848892,33.63642,103.41,0.425,4
-117.848592,33.63642,102.07,0.292,4
-117.848292,33.63642,100.47,0.169,4
-117.847992,33.63642,99.04,0.346,4
-117.847692,33.63642,98.01,0.724,4
-117.847392,33.63642,96.54,0.661,4
-117.847092,33.63642,95.64,0.503,4
-117.846791,33.63642,95.78,0.36,4
-117.846491,33.63642,96.71,0.312,4
-117.846191,33.63642,97.79,0.306,4
