"longitude","latitude","temperature","ndvi","valid_observations"
-118.447696,34.077861,95.66,0.624,4
-118.447399,34.077861,95.82,0.644,4
-118.447103,34.077861,95.7,0.687,4
-118.446806,34.077861,95.56,0.742,4
-118.446509,34.077861,95.52,0.768,4
-118.446212,34.077861,95.58,0.739,4
-118.445916,34.077861,97.21,0.705,4
-118.445619,34.077861,97.93,0.711,4
-118.445322,34.077861,97.69,0.747,4
-118.445025,34.077861,97.55,0.757,4
-118.444728,34.077861,97.55,0.681,4
-118.444432,34.077861,97.53,0.549,4
-118.444135,34.077861,97.16,0.532,4
-118.443838,34.077861,95.08,0.545,4
-118.443541,34.077861,95.49,0.256,4
-118.443245,34.077861,97.94,0.193,3
-118.442948,34.077861,96.55,0.4,4
-118.442651,34.077861,95.63,0.473,4
-118.442354,34.077861,95.21,0.429,4
-118.442058,34.077861,95.08,0.364,4
-118.441761,34.077861,95.32,0.325,4
-118.441464,34.077861,95.91,0.359,4
-118.441167,34.077861,96.96,0.469,4
-118.44087,34.077861,98.49,0.547,4
-118.440574,34.077861,99.34,0.57,4
-118.440277,34.077861,100.08,0.564,4
-118.43998,34.077861,100.28,0.472,4
-118.439683,34.077861,102.82,0.334,3
-118.439387,34.077861,102.11,0.352,4
-118.43909,34.077861,102.03,0.361,4
-118.438793,34.077861,102.31,0.306,4
-118.438496,34.077861,102.28,0.25,4
-118.4382,34.077861,101.27,0.284,4
-118.437903,34.077861,99.66,0.404,4
-118.437606,34.077861,99.35,0.479,4
-118.437309,34.077861,99.23,0.444,4
-118.437012,34.077861,99.13,0.478,4
-118.45007,34.077564,98.27,0.691,4
-118.449774,34.077564,95.93,0.731,4
-118.449477,34.077564,95.21,0.709,4
-118.44918,34.077564,94.89,0.728,4
-118.448883,34.077564,94.66,0.763,4
-118.448586,34.077564,94.68,0.753,4
-118.44829,34.077564,94.89,0.714,4
-118.447993,34.077564,95.26,0.668,4
-118.447696,34.077564,95.44,0.668,4
-118.447399,34.077564,95.57,0.675,4
-118.447103,34.077564,95.56,0.711,4
-118.446806,34.077564,95.52,0.753,4
-118.446509,34.077564,95.62,0.745,4
-118.446212,34.077564,95.81,0.703,4
-118.445916,34.077564,97.5,0.71,4
-118.445619,34.077564,98.38,0.718,4
-118.445322,34.077564,98.28,0.733,4
-118.445025,34.077564,98.28,0.743,4
-118.444728,34.077564,98.36,0.639,4
-118.444432,34.077564,98.31,0.436,4
-118.444135,34.077564,97.84,0.444,4
-118.443838,34.077564,95.79,0.429,4
-118.443541,34.077564,97.73,0.258,3
-118.443245,34.077564,96.32,0.297,4
-118.442948,34.077564,95.97,0.457,4
-118.442651,34.077564,95.48,0.525,4
-118.442354,34.077564,94.99,0.483,4
-118.442058,34.077564,94.83,0.404,4
-118.441761,34.077564,95.1,0.38,4
-118.441464,34.077564,95.8,0.424,4
-118.441167,34.077564,96.99,0.48,4
-118.44087,34.077564,98.82,0.54,4
-118.440574,34.077564,100.14,0.524,4
-118.440277,34.077564,101.43,0.446,4
-118.43998,34.077564,103.34,0.201,3
-118.439683,34.077564,103.97,0.105,3
-118.439387,34.077564,102.62,0.225,4
-118.43909,34.077564,102.16,0.285,4
-118.438793,34.077564,102.24,0.326,4
-118.438496,34.077564,102.18,0.415,4
-118.4382,34.077564,101.1,0.502,4
-118.437903,34.077564,99.34,0.522,4
-118.437606,34.077564,99.16,0.51,4
-118.437309,34.077564,98.84,0.559,4
-118.437012,34.077564,98.77,0.515,4
-118.456006,34.077267,97.01,0.461,3
-118.455709,34.077267,96.57,0.552,3
-118.455412,34.077267,96.05,0.709,3
-118.455115,34.077267,96.53,0.748,3
-118.454819,34.077267,98.25,0.689,3
-118.454522,34.077267,98.32,0.609,3
-118.454225,34.077267,98.68,0.609,3
-118.453928,34.077267,98.19,0.583,3
-118.453632,34.077267,98.76,0.434,3
-118.453335,34.077267,99.08,0.539,3
-118.453038,34.077267,98.63,0.559,3
-118.452741,34.077267,98.6,0.508,3
-118.452444,34.077267,98.73,0.476,3
-118.452148,34.077267,98.7,0.516,3
-118.451851,34.077267,98.53,0.629,3
-118.451554,34.077267,98.34,0.744,3
-118.451257,34.077267,98.73,0.774,3
-118.450961,34.077267,100.49,0.791,3
-118.450664,34.077267,100.41,0.771,3
-118.450367,34.077267,100.29,0.737,3
-118.45007,34.077267,99.26,0.744,3
-118.449774,34.077267,96.1,0.754,4
-118.449477,34.077267,95,0.722,4
-118.44918,34.077267,94.77,0.723,4
-118.448883,34.077267,94.56,0.756,4
-118.448586,34.077267,94.54,0.759,4
-118.44829,34.077267,94.7,0.715,4
-118.447993,34.077267,94.95,0.68,4
-118.447696,34.077267,95.16,0.685,4
-118.447399,34.077267,95.38,0.66,4
-118.447103,34.077267,95.53,0.698,4
-118.446806,34.077267,95.7,0.733,4
-118.446509,34.077267,96.06,0.669,4
-118.446212,34.077267,96.32,0.664,4
-118.445916,34.077267,98.11,0.729,4
-118.445619,34.077267,99.23,0.728,4
-118.445322,34.077267,99.34,0.709,4
-118.445025,34.077267,99.45,0.723,4
-118.444728,34.077267,99.53,0.654,4
-118.444432,34.077267,99.4,0.501,4
-118.444135,34.077267,98.84,0.515,4
-118.443838,34.077267,96.3,0.482,4
-118.443541,34.077267,96.2,0.449,4
-118.443245,34.077267,95.39,0.404,4
-118.442948,34.077267,97.22,0.364,3
-118.442651,34.077267,95.93,0.534,4
-118.442354,34.077267,94.63,0.611,4
-118.442058,34.077267,94.48,0.643,4
-118.441761,34.077267,94.9,0.688,4
-118.441464,34.077267,95.82,0.663,4
-118.441167,34.077267,97.29,0.608,4
-118.44087,34.077267,99.62,0.555,4
-118.440574,34.077267,101.58,0.451,4
-118.440277,34.077267,103.26,0.202,4
-118.43998,34.077267,103.62,0.075,4
-118.439683,34.077267,103.29,0.171,4
-118.439387,34.077267,102.67,0.309,4
-118.43909,34.077267,102.19,0.361,4
-118.438793,34.077267,101.99,0.393,4
-118.438496,34.077267,101.95,0.496,4
-118.4382,34.077267,101.01,0.578,4
-118.437903,34.077267,99.3,0.525,4
-118.437606,34.077267,99.19,0.472,4
-118.437309,34.077267,98.93,0.474,4
-118.437012,34.077267,98.87,0.389,4
-118.457193,34.07697,99.35,0.387,3
-118.456896,34.07697,99.18,0.432,3
-118.456599,34.07697,98.51,0.563,3
-118.456302,34.07697,98.03,0.569,3
-118.456006,34.07697,97.73,0.499,3
-118.455709,34.07697,97.31,0.514,3
-118.455412,34.07697,96.74,0.592,3
-118.455115,34.07697,97,0.615,3
-118.454819,34.07697,98.49,0.588,3
-118.454522,34.07697,98.6,0.515,3
-118.454225,34.07697,99.02,0.478,3
-118.453928,34.07697,98.5,0.487,3
-118.453632,34.07697,98.93,0.486,3
-118.453335,34.07697,99.23,0.519,3
-118.453038,34.07697,98.65,0.589,3
-118.452741,34.07697,98.32,0.635,3
-118.452444,34.07697,98.23,0.671,3
-118.452148,34.07697,98.11,0.7,3
-118.451851,34.07697,97.99,0.726,3
-118.451554,34.07697,97.91,0.763,3
-118.451257,34.07697,98.25,0.778,3
-118.450961,34.07697,100.06,0.797,3
-118.450664,34.07697,100.01,0.806,3
-118.450367,34.07697,99.92,0.808,3
-118.45007,34.07697,99.73,0.804,3
-118.449774,34.07697,97.12,0.782,3
-118.449477,34.07697,95.18,0.737,4
-118.44918,34.07697,94.58,0.709,4
-118.448883,34.07697,94.49,0.735,4
-118.448586,34.07697,94.44,0.768,4
-118.44829,34.07697,94.58,0.731,4
-118.447993,34.07697,94.86,0.671,4
-118.447696,34.07697,94.95,0.702,4
-118.447399,34.07697,95.44,0.638,4
-118.447103,34.07697,95.97,0.593,4
-118.446806,34.07697,96.37,0.593,4
-118.446509,34.07697,96.96,0.523,4
-118.446212,34.07697,97.14,0.594,4
-118.445916,34.07697,98.89,0.701,4
-118.445619,34.07697,100.2,0.716,4
-118.445322,34.07697,100.47,0.635,4
-118.445025,34.07697,100.7,0.561,4
-118.444728,34.07697,100.82,0.543,4
-118.444432,34.07697,100.6,0.495,4
-118.444135,34.07697,99.86,0.467,4
-118.443838,34.07697,97.19,0.416,4
-118.443541,34.07697,96.32,0.386,4
-118.443245,34.07697,95.19,0.437,4
-118.442948,34.07697,95.46,0.463,4
-118.442651,34.07697,94.97,0.594,4
-118.442354,34.07697,94.48,0.693,4
-118.442058,34.07697,95.61,0.728,4
-118.441761,34.07697,97.4,0.732,3
-118.441464,34.07697,98.49,0.721,3
-118.441167,34.07697,100.2,0.697,3
-118.44087,34.07697,103.18,0.557,3
-118.440574,34.07697,106.01,0.262,3
-118.440277,34.07697,107.13,0.114,3
-118.43998,34.07697,106.42,0.113,3
-118.439683,34.07697,104.78,0.255,4
-118.439387,34.07697,103.41,0.389,4
-118.43909,34.07697,102.4,0.463,4
-118.438793,34.07697,101.94,0.463,4
-118.438496,34.07697,101.91,0.464,4
-118.4382,34.07697,101.15,0.494,4
-118.437903,34.07697,99.52,0.479,4
-118.437606,34.07697,99.4,0.422,4
-118.437309,34.07697,99.12,0.411,4
-118.437012,34.07697,98.88,0.373,4
-118.457193,34.076674,100.33,0.34,3
-118.456896,34.076674,100.07,0.355,3
-118.456599,34.076674,99.36,0.439,3
-118.456302,34.076674,98.61,0.548,3
-118.456006,34.076674,98.05,0.567,3
-118.455709,34.076674,97.58,0.539,3
-118.455412,34.076674,97.16,0.505,3
-118.455115,34.076674,97.42,0.465,3
-118.454819,34.076674,98.68,0.464,3
-118.454522,34.076674,98.8,0.42,3
-118.454225,34.076674,99.28,0.497,3
-118.453928,34.076674,98.77,0.544,3
-118.453632,34.076674,99.16,0.512,3
-118.453335,34.076674,99.54,0.557,3
-118.453038,34.076674,99.08,0.583,3
-118.452741,34.076674,98.81,0.596,3
-118.452444,34.076674,98.72,0.589,3
-118.452148,34.076674,98.49,0.591,3
-118.451851,34.076674,98.25,0.615,3
-118.451554,34.076674,98.1,0.625,3
-118.451257,34.076674,98.24,0.627,3
-118.450961,34.076674,99.8,0.598,3
-118.450664,34.076674,99.74,0.625,3
-118.450367,34.076674,99.67,0.696,3
-118.45007,34.076674,99.46,0.783,3
-118.449774,34.076674,97.43,0.799,3
-118.449477,34.076674,95.27,0.749,4
-118.44918,34.076674,94.42,0.726,4
-118.448883,34.076674,94.44,0.724,4
-118.448586,34.076674,94.51,0.73,4
-118.44829,34.076674,94.54,0.751,4
-118.447993,34.076674,94.67,0.731,4
-118.447696,34.076674,94.83,0.715,4
-118.447399,34.076674,95.32,0.674,4
-118.447103,34.076674,96.23,0.52,4
-118.446806,34.076674,98.95,0.295,3
-118.446509,34.076674,98.13,0.404,4
-118.446212,34.076674,97.85,0.563,4
-118.445916,34.076674,99.63,0.607,4
-118.445619,34.076674,101.1,0.472,4
-118.445322,34.076674,102.53,0.293,4
-118.445025,34.076674,103.52,0.272,3
-118.444728,34.076674,101.98,0.368,4
-118.444432,34.076674,101.61,0.344,4
-118.444135,34.076674,100.6,0.376,4
-118.443838,34.076674,97.54,0.476,4
-118.443541,34.076674,96.8,0.382,4
-118.443245,34.076674,95.44,0.39,4
-118.442948,34.076674,95.28,0.532,4
-118.442651,34.076674,94.79,0.612,4
-118.442354,34.076674,95.49,0.614,3
-118.442058,34.076674,96.67,0.591,3
-118.441761,34.076674,97.45,0.576,3
-118.441464,34.076674,98.71,0.589,3
-118.441167,34.076674,100.78,0.605,3
-118.44087,34.076674,104.17,0.469,3
-118.440574,34.076674,107.5,0.337,3
-118.440277,34.076674,108.23,0.225,3
-118.43998,34.076674,107.37,0.196,3
-118.439683,34.076674,105.52,0.257,4
-118.439387,34.076674,104.38,0.298,4
-118.43909,34.076674,102.92,0.386,4
-118.438793,34.076674,102.04,0.414,4
-118.438496,34.076674,102.09,0.383,4
-118.4382,34.076674,101.5,0.388,4
-118.437903,34.076674,99.93,0.426,4
-118.437606,34.076674,99.49,0.51,4
-118.437309,34.076674,99.1,0.518,4
-118.437012,34.076674,98.77,0.476,4
-118.457193,34.076377,100.77,0.354,3
-118.456896,34.076377,100.34,0.411,3
-118.456599,34.076377,99.68,0.431,3
-118.456302,34.076377,98.7,0.595,3
-118.456006,34.076377,97.89,0.699,3
-118.455709,34.076377,97.55,0.59,3
-118.455412,34.076377,97.32,0.469,3
-118.455115,34.076377,97.47,0.495,3
-118.454819,34.076377,98.89,0.465,3
-118.454522,34.076377,99.06,0.489,3
-118.454225,34.076377,99.6,0.608,3
-118.453928,34.076377,99.1,0.595,3
-118.453632,34.076377,99.48,0.568,3
-118.453335,34.076377,99.91,0.526,3
-118.453038,34.076377,99.7,0.481,3
-118.452741,34.076377,99.63,0.467,3
-118.452444,34.076377,99.66,0.431,3
-118.452148,34.076377,99.34,0.423,3
-118.451851,34.076377,98.8,0.487,3
-118.451554,34.076377,98.49,0.503,3
-118.451257,34.076377,98.62,0.427,3
-118.450961,34.076377,99.81,0.343,3
-118.450664,34.076377,99.72,0.451,3
-118.450367,34.076377,99.62,0.568,3
-118.45007,34.076377,99.43,0.711,3
-118.449774,34.076377,97.49,0.792,3
-118.449477,34.076377,96.3,0.809,3
-118.44918,34.076377,96.15,0.778,3
-118.448883,34.076377,95.58,0.718,3
-118.448586,34.076377,94.74,0.691,4
-118.44829,34.076377,94.63,0.735,4
-118.447993,34.076377,94.53,0.764,4
-118.447696,34.076377,94.7,0.708,4
-118.447399,34.076377,95.2,0.664,4
-118.447103,34.076377,96.28,0.474,4
-118.446806,34.076377,97.25,0.334,4
-118.446509,34.076377,97.36,0.549,4
-118.446212,34.076377,97.81,0.628,4
-118.445916,34.076377,99.81,0.528,4
-118.445619,34.076377,101.51,0.34,4
-118.445322,34.076377,103.21,0.178,4
-118.445025,34.076377,104.42,0.211,3
-118.444728,34.076377,102.6,0.402,4
-118.444432,34.076377,102.08,0.325,4
-118.444135,34.076377,100.93,0.356,4
-118.443838,34.076377,97.79,0.407,4
-118.443541,34.076377,98.54,0.325,3
-118.443245,34.076377,96.3,0.387,4
-118.442948,34.076377,95.83,0.572,4
-118.442651,34.076377,95.36,0.604,4
-118.442354,34.076377,95.8,0.504,3
-118.442058,34.076377,96.82,0.515,3
-118.441761,34.076377,97.65,0.613,3
-118.441464,34.076377,99,0.585,3
-118.441167,34.076377,101.37,0.487,3
-118.44087,34.076377,105,0.333,3
-118.440574,34.076377,108,0.377,3
-118.440277,34.076377,108.41,0.192,3
-118.43998,34.076377,107.6,0.115,3
-118.439683,34.076377,105.54,0.116,4
-118.439387,34.076377,105.49,0.161,3
-118.43909,34.076377,103.59,0.346,4
-118.438793,34.076377,102.04,0.422,4
-118.438496,34.076377,102.29,0.365,4
-118.4382,34.076377,101.78,0.376,4
-118.437903,34.076377,100.18,0.436,4
-118.437606,34.076377,99.74,0.522,4
-118.437309,34.076377,99.33,0.502,4
-118.437012,34.076377,98.96,0.461,4
-118.436716,34.076377,98.65,0.508,4
-118.457193,34.07608,101.79,0.346,3
-118.456896,34.07608,101.35,0.479,3
-118.456599,34.07608,100,0.515,3
-118.456302,34.07608,98.88,0.553,3
-118.456006,34.07608,98.25,0.542,3
-118.455709,34.07608,97.81,0.496,3
-118.455412,34.07608,97.35,0.498,3
-118.455115,34.07608,97.52,0.56,3
-118.454819,34.07608,99.14,0.659,3
-118.454522,34.07608,99.51,0.672,3
-118.454225,34.07608,100.17,0.539,3
-118.453928,34.07608,99.6,0.478,3
-118.453632,34.07608,99.86,0.347,3
-118.453335,34.07608,100.21,0.247,3
-118.453038,34.07608,100.26,0.254,3
-118.452741,34.07608,100.38,0.264,3
-118.452444,34.07608,100.39,0.233,3
-118.452148,34.07608,99.95,0.246,3
-118.451851,34.07608,99.27,0.349,3
-118.451554,34.07608,98.81,0.426,3
-118.451257,34.07608,98.94,0.387,3
-118.450961,34.07608,99.91,0.435,3
-118.450664,34.07608,99.85,0.568,3
-118.450367,34.07608,99.81,0.593,3
-118.45007,34.07608,98.39,0.668,3
-118.449774,34.07608,97.67,0.723,3
-118.449477,34.07608,97.34,0.762,3
-118.44918,34.07608,97.26,0.775,3
-118.448883,34.07608,97.39,0.76,3
-118.448586,34.07608,96.75,0.729,3
-118.44829,34.07608,95.24,0.714,4
-118.447993,34.07608,95.04,0.722,4
-118.447696,34.07608,94.59,0.721,4
-118.447399,34.07608,94.8,0.734,4
-118.447103,34.07608,95.33,0.718,4
-118.446806,34.07608,95.97,0.646,4
-118.446509,34.07608,96.51,0.673,4
-118.446212,34.07608,97.53,0.471,4
-118.445916,34.07608,99.38,0.372,4
-118.445619,34.07608,100.91,0.375,4
-118.445322,34.07608,102.74,0.283,4
-118.445025,34.07608,104.24,0.233,3
-118.444728,34.07608,102.52,0.399,4
-118.444432,34.07608,101.98,0.346,4
-118.444135,34.07608,100.89,0.372,4
-118.443838,34.07608,97.84,0.484,4
-118.443541,34.07608,96.55,0.538,4
-118.443245,34.07608,97.47,0.478,3
-118.442948,34.07608,97.65,0.54,3
-118.442651,34.07608,97.01,0.571,3
-118.442354,34.07608,96.64,0.543,3
-118.442058,34.07608,96.98,0.574,3
-118.441761,34.07608,97.76,0.642,3
-118.441464,34.07608,99.03,0.548,3
-118.441167,34.07608,101.31,0.264,3
-118.44087,34.07608,104.42,0.12,3
-118.440574,34.07608,106.57,0.192,3
-118.440277,34.07608,106.76,0.163,3
-118.43998,34.07608,106.17,0.071,3
-118.439683,34.07608,104.75,0.085,4
-118.439387,34.07608,103.55,0.189,3
-118.43909,34.07608,101.97,0.357,4
-118.438793,34.07608,101.32,0.405,4
-118.438496,34.07608,101.76,0.372,4
-118.4382,34.07608,101.48,0.42,4
-118.437903,34.07608,100.24,0.461,4
-118.437606,34.07608,99.93,0.487,4
-118.437309,34.07608,99.54,0.462,4
-118.437012,34.07608,99.19,0.433,4
-118.436716,34.07608,98.91,0.508,4
-118.457193,34.075783,102.28,0.322,3
-118.456896,34.075783,101.95,0.398,3
-118.456599,34.075783,101.19,0.397,3
-118.456302,34.075783,100.5,0.383,3
-118.456006,34.075783,100.06,0.41,3
-118.455709,34.075783,99.61,0.432,3
-118.455412,34.075783,99.09,0.425,3
-118.455115,34.075783,99.11,0.483,3
-118.454819,34.075783,100.28,0.64,3
-118.454522,34.075783,100.87,0.642,3
-118.454225,34.075783,101.61,0.511,3
-118.453928,34.075783,100.25,0.387,3
-118.453632,34.075783,100.18,0.314,3
-118.453335,34.075783,100.31,0.322,3
-118.453038,34.075783,100.66,0.339,3
-118.452741,34.075783,100.86,0.347,3
-118.452444,34.075783,100.74,0.346,3
-118.452148,34.075783,100.41,0.368,3
-118.451851,34.075783,100.08,0.453,3
-118.451554,34.075783,99.91,0.544,3
-118.451257,34.075783,99.84,0.547,3
-118.450961,34.075783,99.73,0.469,3
-118.450664,34.075783,99.77,0.512,3
-118.450367,34.075783,99.94,0.472,3
-118.45007,34.075783,99.73,0.497,3
-118.449774,34.075783,99.7,0.534,3
-118.449477,34.075783,99.71,0.59,3
-118.44918,34.075783,99.75,0.685,3
-118.448883,34.075783,99.28,0.72,3
-118.448586,34.075783,98.53,0.696,3
-118.44829,34.075783,98.43,0.724,3
-118.447993,34.075783,97.73,0.676,3
-118.447696,34.075783,94.75,0.69,4
-118.447399,34.075783,94.65,0.738,4
-118.447103,34.075783,94.92,0.739,4
-118.446806,34.075783,95.24,0.729,4
-118.446509,34.075783,95.75,0.673,4
-118.446212,34.075783,96.58,0.499,4
-118.445916,34.075783,97.79,0.365,4
-118.445619,34.075783,98.95,0.338,4
-118.445322,34.075783,100.69,0.28,4
-118.445025,34.075783,102.53,0.2,3
-118.444728,34.075783,102.08,0.306,4
-118.444432,34.075783,101.68,0.335,4
-118.444135,34.075783,100.75,0.402,4
-118.443838,34.075783,98.19,0.616,4
-118.443541,34.075783,97.01,0.631,4
-118.443245,34.075783,97.97,0.596,3
-118.442948,34.075783,97.88,0.611,3
-118.442651,34.075783,97.24,0.582,3
-118.442354,34.075783,96.99,0.592,3
-118.442058,34.075783,97.3,0.652,3
-118.441761,34.075783,97.94,0.627,3
-118.441464,34.075783,98.97,0.418,3
-118.441167,34.075783,100.73,0.097,3
-118.44087,34.075783,102.62,0.13,3
-118.440574,34.075783,104.11,0.301,3
-118.440277,34.075783,104.11,0.24,3
-118.43998,34.075783,103.69,0.135,3
-118.439683,34.075783,102.36,0.177,4
-118.439387,34.075783,100.61,0.337,4
-118.43909,34.075783,99.93,0.47,4
-118.438793,34.075783,100.29,0.437,4
-118.438496,34.075783,100.87,0.354,4
-118.4382,34.075783,100.93,0.408,4
-118.437903,34.075783,100.11,0.482,4
-118.437606,34.075783,99.96,0.462,4
-118.437309,34.075783,99.72,0.453,4
-118.437012,34.075783,99.49,0.437,4
-118.436716,34.075783,99.48,0.408,4
-118.457193,34.075487,102.27,0.464,3
-118.456896,34.075487,102.17,0.437,3
-118.456599,34.075487,101.92,0.433,3
-118.456302,34.075487,101.52,0.463,3
-118.456006,34.075487,101.17,0.463,3
-118.455709,34.075487,100.78,0.435,3
-118.455412,34.075487,100.23,0.419,3
-118.455115,34.075487,100.1,0.398,3
-118.454819,34.075487,101.15,0.394,3
-118.454522,34.075487,101.82,0.539,3
-118.454225,34.075487,102.5,0.541,3
-118.453928,34.075487,100.75,0.345,3
-118.453632,34.075487,100.33,0.334,3
-118.453335,34.075487,100.18,0.453,3
-118.453038,34.075487,100.31,0.534,3
-118.452741,34.075487,100.32,0.633,3
-118.452444,34.075487,100.07,0.618,3
-118.452148,34.075487,99.79,0.554,3
-118.451851,34.075487,99.65,0.634,3
-118.451554,34.075487,99.69,0.611,3
-118.451257,34.075487,99.78,0.481,3
-118.450961,34.075487,99.8,0.322,3
-118.450664,34.075487,100.01,0.32,3
-118.450367,34.075487,100.3,0.356,3
-118.45007,34.075487,100.25,0.427,3
-118.449774,34.075487,100.41,0.489,3
-118.449477,34.075487,100.64,0.534,3
-118.44918,34.075487,100.77,0.573,3
-118.448883,34.075487,100.4,0.551,3
-118.448586,34.075487,99.67,0.551,3
-118.44829,34.075487,99.27,0.69,3
-118.447993,34.075487,98.31,0.679,3
-118.447696,34.075487,95.12,0.684,4
-118.447399,34.075487,94.84,0.698,4
-118.447103,34.075487,94.86,0.702,4
-118.446806,34.075487,94.97,0.678,4
-118.446509,34.075487,95.2,0.644,4
-118.446212,34.075487,95.51,0.621,4
-118.445916,34.075487,96.38,0.556,4
-118.445619,34.075487,97.73,0.432,4
-118.445322,34.075487,99.02,0.336,4
-118.445025,34.075487,100.19,0.337,4
-118.444728,34.075487,101.48,0.344,4
-118.444432,34.075487,101.16,0.373,4
-118.444135,34.075487,100.37,0.491,4
-118.443838,34.075487,99.26,0.572,4
-118.443541,34.075487,98.53,0.518,4
-118.443245,34.075487,98.81,0.549,3
-118.442948,34.075487,98.67,0.551,3
-118.442651,34.075487,98.29,0.475,3
-118.442354,34.075487,98.19,0.447,3
-118.442058,34.075487,98.38,0.521,3
-118.441761,34.075487,98.69,0.547,3
-118.441464,34.075487,99.26,0.381,3
-118.441167,34.075487,100.29,0.182,3
-118.44087,34.075487,101.39,0.244,3
-118.440574,34.075487,102.24,0.53,3
-118.440277,34.075487,102.2,0.56,3
-118.43998,34.075487,101.67,0.43,3
-118.439683,34.075487,99.62,0.437,4
-118.439387,34.075487,98.63,0.555,4
-118.43909,34.075487,98.83,0.57,4
-118.438793,34.075487,99.51,0.455,4
-118.438496,34.075487,100.36,0.339,4
-118.4382,34.075487,100.67,0.331,4
-118.437903,34.075487,99.97,0.458,4
-118.437606,34.075487,99.99,0.473,4
-118.437309,34.075487,99.93,0.463,4
-118.437012,34.075487,99.89,0.446,4
-118.436716,34.075487,99.96,0.405,4
-118.457193,34.07519,102.27,0.59,3
-118.456896,34.07519,102.31,0.59,3
-118.456599,34.07519,102.27,0.505,3
-118.456302,34.07519,102.08,0.395,3
-118.456006,34.07519,101.84,0.385,3
-118.455709,34.07519,101.49,0.442,3
-118.455412,34.07519,100.97,0.439,3
-118.455115,34.07519,100.92,0.365,3
-118.454819,34.07519,102.12,0.321,3
-118.454522,34.07519,102.6,0.556,3
-118.454225,34.07519,103.01,0.399,3
-118.453928,34.07519,101.38,0.262,3
-118.453632,34.07519,100.83,0.362,3
-118.453335,34.07519,100.5,0.466,3
-118.453038,34.07519,100.24,0.542,3
-118.452741,34.07519,99.95,0.665,3
-118.452444,34.07519,99.61,0.732,3
-118.452148,34.07519,99.31,0.651,3
-118.451851,34.07519,99.18,0.548,3
-118.451554,34.07519,99.32,0.506,3
-118.451257,34.07519,99.63,0.29,3
-118.450961,34.07519,100.22,0.118,3
-118.450664,34.07519,100.56,0.168,3
-118.450367,34.07519,100.91,0.288,3
-118.45007,34.07519,101.11,0.362,3
-118.449774,34.07519,101.42,0.398,3
-118.449477,34.07519,101.44,0.427,3
-118.44918,34.07519,101.45,0.398,3
-118.448883,34.07519,101.32,0.341,3
-118.448586,34.07519,100.68,0.429,3
-118.44829,34.07519,100,0.679,3
-118.447993,34.07519,98.86,0.698,3
-118.447696,34.07519,95.67,0.697,4
-118.447399,34.07519,95.2,0.712,4
-118.447103,34.07519,95.01,0.715,4
-118.446806,34.07519,94.91,0.681,4
-118.446509,34.07519,94.81,0.691,4
-118.446212,34.07519,94.91,0.682,4
-118.445916,34.07519,95.49,0.653,4
-118.445619,34.07519,96.81,0.508,4
-118.445322,34.07519,98.21,0.368,4
-118.445025,34.07519,99.25,0.422,4
-118.444728,34.07519,101.03,0.356,4
-118.444432,34.07519,101.42,0.38,3
-118.444135,34.07519,101.03,0.533,3
-118.443838,34.07519,100.61,0.419,3
-118.443541,34.07519,100.33,0.454,3
-118.443245,34.07519,99.96,0.362,3
-118.442948,34.07519,99.72,0.378,3
-118.442651,34.07519,99.53,0.402,3
-118.442354,34.07519,99.5,0.297,3
-118.442058,34.07519,99.53,0.217,3
-118.441761,34.07519,99.43,0.253,3
-118.441464,34.07519,99.32,0.199,3
-118.441167,34.07519,99.47,0.215,3
-118.44087,34.07519,99.76,0.48,3
-118.440574,34.07519,99.87,0.682,3
-118.440277,34.07519,99.93,0.711,3
-118.43998,34.07519,99.81,0.648,3
-118.439683,34.07519,97.96,0.636,4
-118.439387,34.07519,97.23,0.623,4
-118.43909,34.07519,97.85,0.569,4
-118.438793,34.07519,98.91,0.51,4
-118.438496,34.07519,100.01,0.426,4
-118.4382,34.07519,100.55,0.314,4
-118.437903,34.07519,100.11,0.335,4
-118.437606,34.07519,100.24,0.384,4
-118.437309,34.07519,100.2,0.424,4
-118.437012,34.07519,100.25,0.47,4
-118.436716,34.07519,100.39,0.459,4
-118.457193,34.074893,101.13,0.423,3
-118.456896,34.074893,101.18,0.443,3
-118.456599,34.074893,101.3,0.398,3
-118.456302,34.074893,101.25,0.377,3
-118.456006,34.074893,101.06,0.41,3
-118.455709,34.074893,100.77,0.445,3
-118.455412,34.074893,100.41,0.449,3
-118.455115,34.074893,100.55,0.426,3
-118.454819,34.074893,101.81,0.421,3
-118.454522,34.074893,102.1,0.475,3
-118.454225,34.074893,102.29,0.258,3
-118.453928,34.074893,102.48,0.193,3
-118.453632,34.074893,102.25,0.334,3
-118.453335,34.074893,101.88,0.519,3
-118.453038,34.074893,100.74,0.488,3
-118.452741,34.074893,99.81,0.491,3
-118.452444,34.074893,99.4,0.57,3
-118.452148,34.074893,99.02,0.526,3
-118.451851,34.074893,98.78,0.403,3
-118.451554,34.074893,98.84,0.325,3
-118.451257,34.074893,99.3,0.206,3
-118.450961,34.074893,101.05,0.095,3
-118.450664,34.074893,101.49,0.057,3
-118.450367,34.074893,101.85,0.225,3
-118.45007,34.074893,102.51,0.366,3
-118.449774,34.074893,103,0.36,3
-118.449477,34.074893,102.83,0.321,3
-118.44918,34.074893,102.37,0.305,3
-118.448883,34.074893,102.07,0.292,3
-118.448586,34.074893,101.82,0.381,3
-118.44829,34.074893,101.21,0.654,3
-118.447993,34.074893,99.94,0.686,3
-118.447696,34.074893,96.26,0.705,4
-118.447399,34.074893,95.65,0.728,4
-118.447103,34.074893,95.31,0.706,4
-118.446806,34.074893,95.03,0.691,4
-118.446509,34.074893,94.78,0.708,4
-118.446212,34.074893,95.6,0.713,3
-118.445916,34.074893,96.67,0.689,3
-118.445619,34.074893,97.64,0.567,3
-118.445322,34.074893,98.55,0.454,3
-118.445025,34.074893,99.23,0.487,3
-118.444728,34.074893,100.77,0.363,3
-118.444432,34.074893,101,0.414,3
-118.444135,34.074893,101.03,0.613,3
-118.443838,34.074893,100.94,0.474,3
-118.443541,34.074893,101.22,0.514,3
-118.443245,34.074893,101.35,0.319,3
-118.442948,34.074893,101.19,0.297,3
-118.442651,34.074893,100.97,0.355,3
-118.442354,34.074893,100.83,0.26,3
-118.442058,34.074893,100.67,0.127,3
-118.441761,34.074893,100.26,0.114,3
-118.441464,34.074893,99.52,0.072,3
-118.441167,34.074893,98.79,0.145,3
-118.44087,34.074893,98.31,0.563,3
-118.440574,34.074893,98.28,0.732,3
-118.440277,34.074893,98.35,0.714,3
-118.43998,34.074893,98.86,0.698,3
-118.439683,34.074893,97.43,0.679,4
-118.439387,34.074893,98.37,0.473,3
-118.43909,34.074893,99.15,0.35,3
-118.438793,34.074893,99.2,0.423,4
-118.438496,34.074893,100.47,0.43,4
-118.4382,34.074893,101.35,0.265,4
-118.437903,34.074893,101.96,0.196,4
-118.437606,34.074893,102.27,0.317,4
-118.437309,34.074893,102.45,0.478,4
-118.437012,34.074893,102.61,0.545,4
-118.436716,34.074893,102.84,0.524,4
-118.457193,34.074596,101.38,0.348,3
-118.456896,34.074596,101.31,0.38,3
-118.456599,34.074596,101.23,0.451,3
-118.456302,34.074596,101.12,0.502,3
-118.456006,34.074596,101.16,0.462,3
-118.455709,34.074596,101.2,0.394,3
-118.455412,34.074596,100.94,0.411,3
-118.455115,34.074596,100.96,0.471,3
-118.454819,34.074596,102.07,0.531,3
-118.454522,34.074596,102.15,0.534,3
-118.454225,34.074596,102.25,0.313,3
-118.453928,34.074596,102.63,0.238,3
-118.453632,34.074596,102.62,0.266,3
-118.453335,34.074596,102.41,0.42,3
-118.453038,34.074596,101.35,0.376,3
-118.452741,34.074596,100.38,0.305,3
-118.452444,34.074596,99.9,0.298,3
-118.452148,34.074596,99.46,0.242,3
-118.451851,34.074596,99.17,0.19,3
-118.451554,34.074596,99.16,0.194,3
-118.451257,34.074596,99.52,0.215,3
-118.450961,34.074596,101.28,0.191,3
-118.450664,34.074596,101.85,0.169,3
-118.450367,34.074596,102.34,0.287,3
-118.45007,34.074596,103.08,0.454,3
-118.449774,34.074596,103.58,0.424,3
-118.449477,34.074596,103.96,0.367,3
-118.44918,34.074596,103.49,0.36,3
-118.448883,34.074596,102.73,0.35,3
-118.448586,34.074596,102.86,0.397,3
-118.44829,34.074596,102.39,0.543,3
-118.447993,34.074596,101.09,0.592,3
-118.447696,34.074596,97.05,0.627,4
-118.447399,34.074596,96.3,0.703,4
-118.447103,34.074596,95.82,0.676,4
-118.446806,34.074596,95.4,0.677,4
-118.446509,34.074596,95.09,0.682,4
-118.446212,34.074596,96.5,0.705,3
-118.445916,34.074596,97.94,0.691,3
-118.445619,34.074596,98.51,0.591,3
-118.445322,34.074596,98.93,0.493,3
-118.445025,34.074596,99.31,0.469,3
-118.444728,34.074596,100.41,0.385,3
-118.444432,34.074596,100.03,0.535,3
-118.444135,34.074596,100.25,0.693,3
-118.443838,34.074596,101.14,0.58,3
-118.443541,34.074596,102.13,0.469,3
-118.443245,34.074596,102.74,0.37,3
-118.442948,34.074596,102.72,0.254,3
-118.442651,34.074596,102.52,0.243,3
-118.442354,34.074596,102.29,0.252,3
-118.442058,34.074596,101.88,0.237,3
-118.441761,34.074596,101.19,0.288,3
-118.441464,34.074596,100.03,0.255,3
-118.441167,34.074596,98.71,0.225,3
-118.44087,34.074596,97.66,0.319,3
-118.440574,34.074596,97.39,0.443,3
-118.440277,34.074596,97.44,0.444,3
-118.43998,34.074596,98.31,0.541,3
-118.439683,34.074596,97.42,0.569,4
-118.439387,34.074596,99.14,0.327,3
-118.43909,34.074596,100.29,0.234,3
-118.438793,34.074596,100.09,0.335,4
-118.438496,34.074596,101.23,0.309,4
-118.4382,34.074596,101.96,0.269,4
-118.437903,34.074596,102.71,0.285,4
-118.437606,34.074596,102.96,0.357,4
-118.437309,34.074596,103.15,0.423,4
-118.437012,34.074596,103.34,0.472,4
-118.436716,34.074596,103.52,0.513,4
-118.457193,34.0743,101.54,0.32,3
-118.456896,34.0743,101.56,0.331,3
-118.456599,34.0743,101.46,0.412,3
-118.456302,34.0743,101.3,0.491,3
-118.456006,34.0743,101.22,0.498,3
-118.455709,34.0743,101.16,0.473,3
-118.455412,34.0743,100.88,0.475,3
-118.455115,34.0743,100.69,0.498,3
-118.454819,34.0743,101.55,0.578,3
-118.454522,34.0743,101.36,0.578,3
-118.454225,34.0743,101.43,0.433,3
-118.453928,34.0743,102.14,0.339,3
-118.453632,34.0743,102.53,0.229,3
-118.453335,34.0743,102.61,0.305,3
-118.453038,34.0743,101.74,0.347,3
-118.452741,34.0743,100.8,0.338,3
-118.452444,34.0743,100.35,0.369,3
-118.452148,34.0743,99.92,0.378,3
-118.451851,34.0743,99.66,0.275,3
-118.451554,34.0743,99.63,0.154,3
-118.451257,34.0743,99.86,0.176,3
-118.450961,34.0743,101.52,0.38,3
-118.450664,34.0743,102.34,0.399,3
-118.450367,34.0743,103.19,0.404,3
-118.45007,34.0743,104.05,0.429,3
-118.449774,34.0743,104.48,0.405,3
-118.449477,34.0743,104.68,0.421,3
-118.44918,34.0743,104.04,0.452,3
-118.448883,34.0743,103.08,0.432,3
-118.448586,34.0743,103.13,0.411,3
-118.44829,34.0743,102.65,0.408,3
-118.447993,34.0743,101.58,0.41,3
-118.447696,34.0743,98.05,0.444,4
-118.447399,34.0743,97.15,0.621,4
-118.447103,34.0743,96.5,0.674,4
-118.446806,34.0743,96.1,0.643,4
-118.446509,34.0743,95.92,0.578,4
-118.446212,34.0743,97.15,0.6,3
-118.445916,34.0743,98.5,0.564,3
-118.445619,34.0743,99.05,0.403,3
-118.445322,34.0743,99.35,0.303,3
-118.445025,34.0743,99.44,0.353,3
-118.444728,34.0743,100.35,0.406,3
-118.444432,34.0743,100.06,0.644,3
-118.444135,34.0743,100.42,0.744,3
-118.443838,34.0743,101.6,0.465,3
-118.443541,34.0743,102.96,0.234,3
-118.443245,34.0743,103.81,0.213,3
-118.442948,34.0743,103.95,0.189,3
-118.442651,34.0743,103.84,0.224,3
-118.442354,34.0743,103.6,0.257,3
-118.442058,34.0743,103.02,0.234,3
-118.441761,34.0743,102.09,0.309,3
-118.441464,34.0743,100.8,0.457,3
-118.441167,34.0743,99.4,0.413,3
-118.44087,34.0743,98.25,0.212,3
-118.440574,34.0743,97.76,0.249,3
-118.440277,34.0743,97.66,0.246,3
-118.43998,34.0743,98.5,0.324,3
-118.439683,34.0743,98.14,0.41,4
-118.439387,34.0743,100.14,0.258,3
-118.43909,34.0743,101.47,0.186,3
-118.438793,34.0743,101.15,0.268,4
-118.438496,34.0743,102.05,0.26,4
-118.4382,34.0743,102.56,0.279,4
-118.437903,34.0743,103.25,0.258,4
-118.437606,34.0743,103.43,0.412,4
-118.437309,34.0743,103.59,0.311,4
-118.437012,34.0743,103.78,0.355,4
-118.436716,34.0743,103.97,0.345,4
-118.457193,34.074003,101.75,0.379,3
-118.456896,34.074003,101.87,0.421,3
-118.456599,34.074003,101.92,0.454,3
-118.456302,34.074003,101.8,0.481,3
-118.456006,34.074003,101.51,0.506,3
-118.455709,34.074003,101.16,0.507,3
-118.455412,34.074003,100.73,0.508,3
-118.455115,34.074003,100.07,0.552,3
-118.454819,34.074003,100.29,0.591,3
-118.454522,34.074003,99.74,0.612,3
-118.454225,34.074003,99.94,0.615,3
-118.453928,34.074003,100.84,0.401,3
-118.453632,34.074003,101.62,0.259,3
-118.453335,34.074003,101.94,0.289,3
-118.453038,34.074003,101.83,0.261,3
-118.452741,34.074003,101.53,0.246,3
-118.452444,34.074003,101.17,0.329,3
-118.452148,34.074003,100.86,0.411,3
-118.451851,34.074003,100.68,0.455,3
-118.451554,34.074003,100.67,0.338,3
-118.451257,34.074003,100.8,0.409,3
-118.450961,34.074003,101.93,0.46,3
-118.450664,34.074003,102.98,0.413,3
-118.450367,34.074003,104.13,0.354,3
-118.45007,34.074003,104.77,0.256,3
-118.449774,34.074003,104.84,0.22,3
-118.449477,34.074003,104.69,0.311,3
-118.44918,34.074003,103.71,0.463,3
-118.448883,34.074003,102.51,0.519,3
-118.448586,34.074003,102.66,0.418,3
-118.44829,34.074003,102.29,0.339,3
-118.447993,34.074003,100.37,0.373,4
-118.447696,34.074003,99.08,0.393,4
-118.447399,34.074003,98.39,0.547,4
-118.447103,34.074003,97.9,0.661,4
-118.446806,34.074003,97.68,0.593,4
-118.446509,34.074003,97.48,0.523,4
-118.446212,34.074003,98.41,0.572,3
-118.445916,34.074003,99.96,0.536,3
-118.445619,34.074003,100.83,0.384,3
-118.445322,34.074003,100.86,0.313,3
-118.445025,34.074003,100.71,0.299,3
-118.444728,34.074003,100.66,0.417,3
-118.444432,34.074003,100.5,0.652,3
-118.444135,34.074003,101.05,0.662,3
-118.443838,34.074003,101.74,0.259,3
-118.443541,34.074003,102.98,0.121,3
-118.443245,34.074003,103.76,0.09,3
-118.442948,34.074003,104.48,0.083,3
-118.442651,34.074003,104.76,0.154,3
-118.442354,34.074003,104.45,0.278,3
-118.442058,34.074003,103.83,0.285,3
-118.441761,34.074003,102.89,0.186,3
-118.441464,34.074003,101.76,0.35,3
-118.441167,34.074003,100.57,0.375,3
-118.44087,34.074003,99.44,0.449,3
-118.440574,34.074003,98.76,0.554,3
-118.440277,34.074003,98.44,0.501,3
-118.43998,34.074003,99.09,0.421,3
-118.439683,34.074003,100.27,0.416,3
-118.439387,34.074003,101.59,0.25,3
-118.43909,34.074003,101.96,0.134,3
-118.438793,34.074003,101.97,0.2,4
-118.438496,34.074003,102.71,0.231,4
-118.4382,34.074003,103.1,0.232,4
-118.437903,34.074003,103.67,0.19,4
-118.437606,34.074003,103.79,0.312,4
-118.437309,34.074003,103.91,0.317,4
-118.437012,34.074003,104.08,0.326,4
-118.436716,34.074003,104.26,0.296,4
-118.457193,34.073706,102.11,0.486,3
-118.456896,34.073706,102.36,0.521,3
-118.456599,34.073706,102.54,0.485,3
-118.456302,34.073706,102.49,0.466,3
-118.456006,34.073706,102.15,0.456,3
-118.455709,34.073706,101.65,0.392,3
-118.455412,34.073706,100.92,0.395,3
-118.455115,34.073706,99.59,0.506,3
-118.454819,34.073706,99.11,0.546,3
-118.454522,34.073706,98.44,0.603,3
-118.454225,34.073706,98.86,0.527,3
-118.453928,34.073706,99.84,0.324,3
-118.453632,34.073706,100.82,0.256,3
-118.453335,34.073706,101.23,0.294,3
-118.453038,34.073706,101.74,0.256,3
-118.452741,34.073706,102.04,0.176,3
-118.452444,34.073706,101.82,0.159,3
-118.452148,34.073706,101.64,0.267,3
-118.451851,34.073706,101.54,0.554,3
-118.451554,34.073706,101.52,0.692,3
-118.451257,34.073706,101.59,0.588,3
-118.450961,34.073706,102.46,0.348,3
-118.450664,34.073706,103.59,0.257,3
-118.450367,34.073706,104.82,0.261,3
-118.45007,34.073706,105.29,0.184,3
-118.449774,34.073706,105.12,0.122,3
-118.449477,34.073706,104.64,0.216,3
-118.44918,34.073706,103.43,0.407,3
-118.448883,34.073706,102.1,0.51,3
-118.448586,34.073706,102.3,0.462,3
-118.44829,34.073706,102.29,0.373,3
-118.447993,34.073706,100.26,0.463,4
-118.447696,34.073706,100.32,0.416,4
-118.447399,34.073706,100.18,0.509,4
-118.447103,34.073706,100.22,0.551,4
-118.446806,34.073706,100.33,0.454,4
-118.446509,34.073706,100,0.413,4
-118.446212,34.073706,100.55,0.439,3
-118.445916,34.073706,101.64,0.456,3
-118.445619,34.073706,102.01,0.409,3
-118.445322,34.073706,101.79,0.31,3
-118.445025,34.073706,101.57,0.287,3
-118.444728,34.073706,101.4,0.429,3
-118.444432,34.073706,101.33,0.482,3
-118.444135,34.073706,102.06,0.47,3
-118.443838,34.073706,102.64,0.161,3
-118.443541,34.073706,103.53,0.119,3
-118.443245,34.073706,104.12,0.091,3
-118.442948,34.073706,104.82,0.07,3
-118.442651,34.073706,105.22,0.114,3
-118.442354,34.073706,104.96,0.18,3
-118.442058,34.073706,104.38,0.19,3
-118.441761,34.073706,103.59,0.162,3
-118.441464,34.073706,102.69,0.211,3
-118.441167,34.073706,101.67,0.216,3
-118.44087,34.073706,99.96,0.256,3
-118.440574,34.073706,99.1,0.351,3
-118.440277,34.073706,98.56,0.446,3
-118.43998,34.073706,98.76,0.483,3
-118.439683,34.073706,99.96,0.376,3
-118.439387,34.073706,100.3,0.234,4
-118.43909,34.073706,100.97,0.224,4
-118.438793,34.073706,102.63,0.294,4
-118.438496,34.073706,103.27,0.295,4
-118.4382,34.073706,103.56,0.292,4
-118.437903,34.073706,103.86,0.271,4
-118.437606,34.073706,103.9,0.316,4
-118.437309,34.073706,103.93,0.328,4
-118.437012,34.073706,104.01,0.36,4
-118.436716,34.073706,104.16,0.33,4
-118.457193,34.073409,102.3,0.463,3
-118.456896,34.073409,102.61,0.486,3
-118.456599,34.073409,102.87,0.456,3
-118.456302,34.073409,102.89,0.455,3
-118.456006,34.073409,102.61,0.455,3
-118.455709,34.073409,102.07,0.371,3
-118.455412,34.073409,101.07,0.365,3
-118.455115,34.073409,99.21,0.533,3
-118.454819,34.073409,98.59,0.567,3
-118.454522,34.073409,98.14,0.557,3
-118.454225,34.073409,98.68,0.328,3
-118.453928,34.073409,99.62,0.29,3
-118.453632,34.073409,100.54,0.317,3
-118.453335,34.073409,100.97,0.363,3
-118.453038,34.073409,101.57,0.326,3
-118.452741,34.073409,102.05,0.229,3
-118.452444,34.073409,101.99,0.177,3
-118.452148,34.073409,101.95,0.278,3
-118.451851,34.073409,101.93,0.574,3
-118.451554,34.073409,101.94,0.532,3
-118.451257,34.073409,102.01,0.361,3
-118.450961,34.073409,102.98,0.224,3
-118.450664,34.073409,104.13,0.2,3
-118.450367,34.073409,105.29,0.315,3
-118.45007,34.073409,105.64,0.258,3
-118.449774,34.073409,105.27,0.155,3
-118.449477,34.073409,104.57,0.197,3
-118.44918,34.073409,103.39,0.314,3
-118.448883,34.073409,102.28,0.37,3
-118.448586,34.073409,102.62,0.405,3
-118.44829,34.073409,103.03,0.43,3
-118.447993,34.073409,103.15,0.468,3
-118.447696,34.073409,102.37,0.442,4
-118.447399,34.073409,103.11,0.432,4
-118.447103,34.073409,103.94,0.383,4
-118.446806,34.073409,104.07,0.374,4
-118.446509,34.073409,103.55,0.338,4
-118.446212,34.073409,103.43,0.277,3
-118.445916,34.073409,103.51,0.274,3
-118.445619,34.073409,103.09,0.338,3
-118.445322,34.073409,102.51,0.344,3
-118.445025,34.073409,102.13,0.245,3
-118.444728,34.073409,101.94,0.225,3
-118.444432,34.073409,101.89,0.24,3
-118.444135,34.073409,102.68,0.303,3
-118.443838,34.073409,102.87,0.269,3
-118.443541,34.073409,103.53,0.207,3
-118.443245,34.073409,103.99,0.143,3
-118.442948,34.073409,104.65,0.143,3
-118.442651,34.073409,105.08,0.169,3
-118.442354,34.073409,104.98,0.215,3
-118.442058,34.073409,104.68,0.295,3
-118.441761,34.073409,104.19,0.322,3
-118.441464,34.073409,103.56,0.328,3
-118.441167,34.073409,102.76,0.29,3
-118.44087,34.073409,100.98,0.252,3
-118.440574,34.073409,100.22,0.204,3
-118.440277,34.073409,99.59,0.236,3
-118.43998,34.073409,99.53,0.308,3
-118.439683,34.073409,100.61,0.287,3
-118.439387,34.073409,100.87,0.24,3
-118.43909,34.073409,101.37,0.277,4
-118.438793,34.073409,102.98,0.329,4
-118.438496,34.073409,103.53,0.286,4
-118.4382,34.073409,103.81,0.278,4
-118.437903,34.073409,104.08,0.311,4
-118.437606,34.073409,104.03,0.323,4
-118.437309,34.073409,103.9,0.298,4
-118.437012,34.073409,103.87,0.424,4
-118.436716,34.073409,104,0.406,4
-118.436419,34.073409,104.27,0.353,4
-118.457193,34.073112,102.17,0.399,3
-118.456896,34.073112,102.44,0.469,3
-118.456599,34.073112,102.74,0.455,3
-118.456302,34.073112,102.85,0.42,3
-118.456006,34.073112,102.76,0.4,3
-118.455709,34.073112,102.27,0.342,3
-118.455412,34.073112,100.99,0.388,3
-118.455115,34.073112,99.03,0.499,3
-118.454819,34.073112,98.37,0.528,3
-118.454522,34.073112,98.29,0.57,3
-118.454225,34.073112,98.74,0.313,3
-118.453928,34.073112,99.36,0.279,3
-118.453632,34.073112,100.02,0.298,3
-118.453335,34.073112,100.5,0.294,3
-118.453038,34.073112,101.29,0.271,3
-118.452741,34.073112,102,0.216,3
-118.452444,34.073112,102.12,0.15,3
-118.452148,34.073112,102.2,0.217,3
-118.451851,34.073112,102.24,0.469,3
-118.451554,34.073112,102.29,0.394,3
-118.451257,34.073112,102.38,0.279,3
-118.450961,34.073112,103.45,0.246,3
-118.450664,34.073112,104.53,0.18,3
-118.450367,34.073112,105.52,0.161,3
-118.45007,34.073112,105.66,0.12,3
-118.449774,34.073112,105.07,0.143,3
-118.449477,34.073112,104.26,0.249,3
-118.44918,34.073112,103.23,0.375,3
-118.448883,34.073112,102.55,0.45,3
-118.448586,34.073112,103.53,0.42,3
-118.44829,34.073112,104.71,0.404,3
-118.447993,34.073112,105.83,0.432,3
-118.447696,34.073112,105.57,0.407,4
-118.447399,34.073112,107.24,0.381,4
-118.447103,34.073112,108.62,0.357,4
-118.446806,34.073112,108.64,0.43,4
-118.446509,34.073112,107.61,0.471,4
-118.446212,34.073112,106.45,0.355,4
-118.445916,34.073112,105.55,0.326,3
-118.445619,34.073112,104.65,0.531,3
-118.445322,34.073112,103.65,0.621,3
-118.445025,34.073112,102.92,0.432,3
-118.444728,34.073112,102.39,0.229,3
-118.444432,34.073112,102.42,0.198,3
-118.444135,34.073112,103.04,0.191,3
-118.443838,34.073112,103.01,0.27,3
-118.443541,34.073112,103.4,0.209,3
-118.443245,34.073112,103.74,0.119,3
-118.442948,34.073112,104.54,0.124,3
-118.442651,34.073112,105.21,0.151,3
-118.442354,34.073112,105.29,0.175,3
-118.442058,34.073112,105.28,0.243,3
-118.441761,34.073112,105.14,0.28,3
-118.441464,34.073112,104.85,0.306,3
-118.441167,34.073112,104.29,0.254,3
-118.44087,34.073112,102.01,0.358,3
-118.440574,34.073112,101.11,0.302,3
-118.440277,34.073112,100.51,0.305,3
-118.43998,34.073112,100.25,0.386,3
-118.439683,34.073112,101.04,0.357,3
-118.439387,34.073112,101.17,0.292,3
-118.43909,34.073112,101.4,0.306,4
-118.438793,34.073112,102.75,0.288,4
-118.438496,34.073112,103.21,0.153,4
-118.4382,34.073112,103.49,0.195,4
-118.437903,34.073112,103.83,0.337,4
-118.437606,34.073112,103.68,0.381,4
-118.437309,34.073112,103.43,0.355,4
-118.437012,34.073112,103.32,0.41,4
-118.436716,34.073112,103.47,0.404,4
-118.436419,34.073112,103.84,0.374,4
-118.457193,34.072816,102.37,0.366,3
-118.456896,34.072816,102.55,0.421,3
-118.456599,34.072816,102.77,0.461,3
-118.456302,34.072816,102.91,0.461,3
-118.456006,34.072816,102.73,0.433,3
-118.455709,34.072816,101.98,0.396,3
-118.455412,34.072816,100.77,0.423,3
-118.455115,34.072816,99.04,0.488,3
-118.454819,34.072816,99.08,0.474,3
-118.454522,34.072816,99.08,0.519,3
-118.454225,34.072816,99.33,0.346,3
-118.453928,34.072816,99.64,0.248,3
-118.453632,34.072816,100.09,0.208,3
-118.453335,34.072816,100.57,0.266,3
-118.453038,34.072816,100.92,0.331,3
-118.452741,34.072816,101.18,0.266,3
-118.452444,34.072816,101.46,0.145,3
-118.452148,34.072816,101.63,0.176,3
-118.451851,34.072816,101.72,0.302,3
-118.451554,34.072816,101.81,0.372,3
-118.451257,34.072816,101.98,0.37,3
-118.450961,34.072816,102.48,0.249,3
-118.450664,34.072816,103.33,0.142,3
-118.450367,34.072816,104.13,0.083,3
-118.45007,34.072816,104.29,0.066,3
-118.449774,34.072816,103.76,0.154,3
-118.449477,34.072816,103.06,0.349,3
-118.44918,34.072816,103.24,0.489,3
-118.448883,34.072816,104.68,0.427,3
-118.448586,34.072816,106.27,0.319,3
-118.44829,34.072816,108.12,0.378,3
-118.447993,34.072816,110.21,0.385,3
-118.447696,34.072816,111.13,0.351,4
-118.447399,34.072816,113.56,0.442,4
-118.447103,34.072816,115.28,0.487,4
-118.446806,34.072816,115.14,0.527,4
-118.446509,34.072816,113.47,0.541,4
-118.446212,34.072816,111.03,0.389,4
-118.445916,34.072816,108.79,0.396,3
-118.445619,34.072816,107.23,0.714,3
-118.445322,34.072816,105.96,0.763,3
-118.445025,34.072816,104.82,0.525,3
-118.444728,34.072816,103.55,0.234,3
-118.444432,34.072816,103.36,0.206,3
-118.444135,34.072816,103.55,0.122,3
-118.443838,34.072816,103.49,0.234,3
-118.443541,34.072816,103.47,0.238,3
-118.443245,34.072816,103.61,0.161,3
-118.442948,34.072816,104.66,0.177,3
-118.442651,34.072816,105.65,0.184,3
-118.442354,34.072816,105.81,0.109,3
-118.442058,34.072816,105.97,0.13,3
-118.441761,34.072816,106.08,0.239,3
-118.441464,34.072816,106.07,0.282,3
-118.441167,34.072816,105.62,0.209,3
-118.44087,34.072816,102.93,0.424,3
-118.440574,34.072816,101.65,0.514,3
-118.440277,34.072816,101.37,0.465,3
-118.43998,34.072816,101.21,0.506,3
-118.439683,34.072816,101.69,0.404,3
-118.439387,34.072816,101.46,0.264,3
-118.43909,34.072816,101.13,0.269,4
-118.438793,34.072816,102.01,0.285,4
-118.438496,34.072816,102.43,0.172,4
-118.4382,34.072816,102.78,0.179,4
-118.437903,34.072816,103.23,0.309,4
-118.437606,34.072816,103.02,0.429,4
-118.437309,34.072816,102.74,0.388,4
-118.437012,34.072816,102.67,0.344,4
-118.436716,34.072816,102.91,0.336,4
-118.436419,34.072816,103.43,0.329,4
-118.457193,34.072519,102.57,0.363,3
-118.456896,34.072519,102.59,0.502,3
-118.456599,34.072519,102.61,0.609,3
-118.456302,34.072519,102.63,0.569,3
-118.456006,34.072519,102.32,0.475,3
-118.455709,34.072519,101.49,0.416,3
-118.455412,34.072519,100.63,0.405,3
-118.455115,34.072519,99.26,0.571,3
-118.454819,34.072519,100.01,0.561,3
-118.454522,34.072519,100,0.483,3
-118.454225,34.072519,100.04,0.464,3
-118.453928,34.072519,100.08,0.406,3
-118.453632,34.072519,100.29,0.255,3
-118.453335,34.072519,100.63,0.26,3
-118.453038,34.072519,100.83,0.338,3
-118.452741,34.072519,101,0.306,3
-118.452444,34.072519,101.35,0.196,3
-118.452148,34.072519,101.62,0.117,3
-118.451851,34.072519,101.8,0.135,3
-118.451554,34.072519,101.97,0.225,3
-118.451257,34.072519,102.26,0.32,3
-118.450961,34.072519,102.62,0.214,3
-118.450664,34.072519,103.21,0.226,3
-118.450367,34.072519,103.78,0.143,3
-118.45007,34.072519,103.9,0.118,3
-118.449774,34.072519,103.56,0.232,3
-118.449477,34.072519,103.17,0.371,3
-118.44918,34.072519,103.64,0.345,3
-118.448883,34.072519,105.41,0.219,3
-118.448586,34.072519,107.4,0.386,3
-118.44829,34.072519,109.79,0.559,3
-118.447993,34.072519,112.82,0.481,3
-118.447696,34.072519,116.47,0.423,3
-118.447399,34.072519,119.83,0.505,3
-118.447103,34.072519,122.08,0.512,3
-118.446806,34.072519,120.95,0.516,3
-118.446509,34.072519,117.88,0.497,3
-118.446212,34.072519,114.4,0.376,3
-118.445916,34.072519,111.07,0.387,3
-118.445619,34.072519,108.6,0.658,3
-118.445322,34.072519,107.51,0.746,3
-118.445025,34.072519,106.37,0.527,3
-118.444728,34.072519,104.83,0.321,3
-118.444432,34.072519,104.17,0.395,3
-118.444135,34.072519,103.74,0.273,3
-118.443838,34.072519,102.97,0.325,3
-118.443541,34.072519,102.62,0.414,3
-118.443245,34.072519,102.67,0.42,3
-118.442948,34.072519,103.61,0.403,3
-118.442651,34.072519,104.54,0.332,3
-118.442354,34.072519,104.74,0.222,3
-118.442058,34.072519,105.07,0.229,3
-118.441761,34.072519,105.38,0.351,3
-118.441464,34.072519,105.5,0.408,3
-118.441167,34.072519,104.97,0.367,3
-118.44087,34.072519,102.38,0.434,3
-118.440574,34.072519,101.26,0.527,3
-118.440277,34.072519,101.25,0.485,3
-118.43998,34.072519,101.19,0.487,3
-118.439683,34.072519,101.54,0.379,3
-118.439387,34.072519,101.1,0.289,3
-118.43909,34.072519,100.46,0.339,4
-118.438793,34.072519,101.17,0.366,4
-118.438496,34.072519,101.6,0.288,4
-118.4382,34.072519,102.02,0.247,4
-118.437903,34.072519,102.48,0.307,4
-118.437606,34.072519,102.25,0.455,4
-118.437309,34.072519,102.02,0.29,4
-118.437012,34.072519,102.09,0.359,4
-118.436716,34.072519,102.47,0.385,4
-118.436419,34.072519,103.12,0.354,4
-118.436122,34.072519,103.47,0.335,4
-118.457193,34.072222,102.98,0.35,3
-118.456896,34.072222,102.9,0.506,3
-118.456599,34.072222,102.74,0.62,3
-118.456302,34.072222,102.56,0.546,3
-118.456006,34.072222,102.1,0.425,3
-118.455709,34.072222,101.29,0.386,3
-118.455412,34.072222,100.89,0.351,3
-118.455115,34.072222,100.06,0.531,3
-118.454819,34.072222,101.04,0.555,3
-118.454522,34.072222,101.01,0.349,3
-118.454225,34.072222,100.99,0.325,3
-118.453928,34.072222,100.85,0.278,3
-118.453632,34.072222,100.72,0.221,3
-118.453335,34.072222,100.7,0.259,3
-118.453038,34.072222,100.62,0.358,3
-118.452741,34.072222,100.64,0.351,3
-118.452444,34.072222,100.99,0.221,3
-118.452148,34.072222,101.36,0.177,3
-118.451851,34.072222,101.69,0.178,3
-118.451554,34.072222,101.99,0.1,3
-118.451257,34.072222,102.31,0.305,3
-118.450961,34.072222,102.56,0.295,3
-118.450664,34.072222,102.95,0.322,3
-118.450367,34.072222,103.36,0.182,3
-118.45007,34.072222,103.56,0.088,3
-118.449774,34.072222,103.55,0.124,3
-118.449477,34.072222,103.52,0.21,3
-118.44918,34.072222,104.22,0.233,3
-118.448883,34.072222,106.14,0.262,3
-118.448586,34.072222,108.23,0.619,3
-118.44829,34.072222,110.74,0.878,3
-118.447993,34.072222,114.5,0.738,3
-118.447696,34.072222,118.19,0.454,3
-118.447399,34.072222,122.3,0.491,3
-118.447103,34.072222,124.42,0.509,3
-118.446806,34.072222,123.19,0.518,3
-118.446509,34.072222,120.23,0.481,3
-118.446212,34.072222,116.79,0.364,3
-118.445916,34.072222,113.39,0.37,3
-118.445619,34.072222,110.77,0.599,3
-118.445322,34.072222,109.3,0.671,3
-118.445025,34.072222,108.03,0.516,3
-118.444728,34.072222,106.31,0.396,3
-118.444432,34.072222,105.09,0.512,3
-118.444135,34.072222,103.95,0.46,3
-118.443838,34.072222,102.51,0.454,3
-118.443541,34.072222,101.88,0.512,3
-118.443245,34.072222,101.82,0.597,3
-118.442948,34.072222,102.59,0.518,3
-118.442651,34.072222,103.44,0.395,3
-118.442354,34.072222,103.74,0.389,3
-118.442058,34.072222,104.33,0.389,3
-118.441761,34.072222,104.8,0.528,3
-118.441464,34.072222,104.84,0.583,3
-118.441167,34.072222,104.16,0.586,3
-118.44087,34.072222,101.76,0.4,3
-118.440574,34.072222,100.83,0.427,3
-118.440277,34.072222,100.82,0.38,3
-118.43998,34.072222,100.63,0.382,3
-118.439683,34.072222,99.95,0.326,4
-118.439387,34.072222,99.39,0.322,4
-118.43909,34.072222,99.57,0.423,4
-118.438793,34.072222,100.16,0.44,4
-118.438496,34.072222,100.6,0.375,4
-118.4382,34.072222,101.07,0.34,4
-118.437903,34.072222,101.51,0.345,4
-118.437606,34.072222,101.32,0.479,4
-118.437309,34.072222,101.21,0.24,4
-118.437012,34.072222,101.45,0.305,4
-118.436716,34.072222,101.94,0.367,4
-118.436419,34.072222,102.68,0.388,4
-118.436122,34.072222,103.07,0.395,4
-118.457193,34.071925,103.63,0.358,3
-118.456896,34.071925,103.51,0.449,3
-118.456599,34.071925,103.27,0.535,3
-118.456302,34.071925,102.99,0.481,3
-118.456006,34.071925,102.42,0.385,3
-118.455709,34.071925,101.47,0.419,3
-118.455412,34.071925,101.07,0.4,3
-118.455115,34.071925,100.66,0.479,3
-118.454819,34.071925,101.79,0.572,3
-118.454522,34.071925,101.95,0.364,3
-118.454225,34.071925,102.02,0.305,3
-118.453928,34.071925,101.79,0.264,3
-118.453632,34.071925,101.3,0.3,3
-118.453335,34.071925,100.76,0.351,3
-118.453038,34.071925,100.26,0.398,3
-118.452741,34.071925,100.09,0.424,3
-118.452444,34.071925,100.44,0.362,3
-118.452148,34.071925,100.87,0.263,3
-118.451851,34.071925,101.3,0.186,3
-118.451554,34.071925,101.66,0.118,3
-118.451257,34.071925,102,0.268,3
-118.450961,34.071925,102.24,0.279,3
-118.450664,34.071925,102.58,0.282,3
-118.450367,34.071925,102.93,0.183,3
-118.45007,34.071925,103.24,0.096,3
-118.449774,34.071925,103.49,0.107,3
-118.449477,34.071925,103.76,0.168,3
-118.44918,34.071925,104.64,0.197,3
-118.448883,34.071925,106.62,0.297,3
-118.448586,34.071925,108.62,0.702,3
-118.44829,34.071925,111,0.924,3
-118.447993,34.071925,115.15,0.738,3
-118.447696,34.071925,119.5,0.487,3
-118.447399,34.071925,123.95,0.47,3
-118.447103,34.071925,125.04,0.496,3
-118.446806,34.071925,123.61,0.51,3
-118.446509,34.071925,121.14,0.477,3
-118.446212,34.071925,118.34,0.332,3
-118.445916,34.071925,115.72,0.215,3
-118.445619,34.071925,113.61,0.295,3
-118.445322,34.071925,111.55,0.332,3
-118.445025,34.071925,109.62,0.284,3
-118.444728,34.071925,107.43,0.359,3
-118.444432,34.071925,105.88,0.5,3
-118.444135,34.071925,104.28,0.393,3
-118.443838,34.071925,102.5,0.463,3
-118.443541,34.071925,101.47,0.605,3
-118.443245,34.071925,101.01,0.674,3
-118.442948,34.071925,101.45,0.581,3
-118.442651,34.071925,102.25,0.433,3
-118.442354,34.071925,102.81,0.35,3
-118.442058,34.071925,103.84,0.328,3
-118.441761,34.071925,104.54,0.468,3
-118.441464,34.071925,104.43,0.443,3
-118.441167,34.071925,103.71,0.35,3
-118.44087,34.071925,101.5,0.406,3
-118.440574,34.071925,100.72,0.561,3
-118.440277,34.071925,100.58,0.493,3
-118.43998,34.071925,100.16,0.482,3
-118.439683,34.071925,98.91,0.415,4
-118.439387,34.071925,98.24,0.362,4
-118.43909,34.071925,98.8,0.477,4
-118.438793,34.071925,99.34,0.582,4
-118.438496,34.071925,99.79,0.492,4
-118.4382,34.071925,100.21,0.374,4
-118.437903,34.071925,100.65,0.34,4
-118.437606,34.071925,100.59,0.396,4
-118.437309,34.071925,100.63,0.268,4
-118.437012,34.071925,100.97,0.281,4
-118.436716,34.071925,101.51,0.351,4
-118.436419,34.071925,102.24,0.415,4
-118.436122,34.071925,102.63,0.441,4
-118.457193,34.071629,104.19,0.337,3
-118.456896,34.071629,104.08,0.38,3
-118.456599,34.071629,103.86,0.447,3
-118.456302,34.071629,103.59,0.448,3
-118.456006,34.071629,102.97,0.403,3
-118.455709,34.071629,101.8,0.433,3
-118.455412,34.071629,101.27,0.395,3
-118.455115,34.071629,100.82,0.465,3
-118.454819,34.071629,102.29,0.538,3
-118.454522,34.071629,102.98,0.436,3
-118.454225,34.071629,103.36,0.37,3
-118.453928,34.071629,103.06,0.394,3
-118.453632,34.071629,102.14,0.459,3
-118.453335,34.071629,101.03,0.402,3
-118.453038,34.071629,100.13,0.302,3
-118.452741,34.071629,99.82,0.315,3
-118.452444,34.071629,100.16,0.386,3
-118.452148,34.071629,100.55,0.359,3
-118.451851,34.071629,100.94,0.156,3
-118.451554,34.071629,101.26,0.102,3
-118.451257,34.071629,101.59,0.199,3
-118.450961,34.071629,101.81,0.229,3
-118.450664,34.071629,102.12,0.282,3
-118.450367,34.071629,102.46,0.21,3
-118.45007,34.071629,102.78,0.116,3
-118.449774,34.071629,103.11,0.144,3
-118.449477,34.071629,103.54,0.233,3
-118.44918,34.071629,104.54,0.244,3
-118.448883,34.071629,106.52,0.291,3
-118.448586,34.071629,108.39,0.682,3
-118.44829,34.071629,110.69,0.851,3
-118.447993,34.071629,115.2,0.694,3
-118.447696,34.071629,119.91,0.44,3
-118.447399,34.071629,123.8,0.441,3
-118.447103,34.071629,124.65,0.474,3
-118.446806,34.071629,123.59,0.489,3
-118.446509,34.071629,121.65,0.475,3
-118.446212,34.071629,119.29,0.332,3
-118.445916,34.071629,117.07,0.131,3
-118.445619,34.071629,115.14,0.092,3
-118.445322,34.071629,112.78,0.12,3
-118.445025,34.071629,110.46,0.129,3
-118.444728,34.071629,107.88,0.312,3
-118.444432,34.071629,106.18,0.404,3
-118.444135,34.071629,104.52,0.217,3
-118.443838,34.071629,102.63,0.372,3
-118.443541,34.071629,101.24,0.63,3
-118.443245,34.071629,100.28,0.707,3
-118.442948,34.071629,100.4,0.636,3
-118.442651,34.071629,101.35,0.455,3
-118.442354,34.071629,102.31,0.21,3
-118.442058,34.071629,103.69,0.167,3
-118.441761,34.071629,104.5,0.284,3
-118.441464,34.071629,104.31,0.284,3
-118.441167,34.071629,103.71,0.173,3
-118.44087,34.071629,101.77,0.38,3
-118.440574,34.071629,101.18,0.603,3
-118.440277,34.071629,101.03,0.588,3
-118.43998,34.071629,100.45,0.585,3
-118.439683,34.071629,98.96,0.514,3
-118.439387,34.071629,98.02,0.357,4
-118.43909,34.071629,98.46,0.295,4
-118.438793,34.071629,98.95,0.343,4
-118.438496,34.071629,99.38,0.323,4
-118.4382,34.071629,99.75,0.288,4
-118.437903,34.071629,100.26,0.34,4
-118.437606,34.071629,100.39,0.295,4
-118.437309,34.071629,100.57,0.377,4
-118.437012,34.071629,100.88,0.449,4
-118.436716,34.071629,101.32,0.475,4
-118.436419,34.071629,101.91,0.42,4
-118.436122,34.071629,102.24,0.371,4
-118.457193,34.071332,104.6,0.364,3
-118.456896,34.071332,104.5,0.367,3
-118.456599,34.071332,104.31,0.369,3
-118.456302,34.071332,104.07,0.376,3
-118.456006,34.071332,103.41,0.424,3
-118.455709,34.071332,102.03,0.495,3
-118.455412,34.071332,101.55,0.412,3
-118.455115,34.071332,101.08,0.445,3
-118.454819,34.071332,103.01,0.54,3
-118.454522,34.071332,104.27,0.422,3
-118.454225,34.071332,104.97,0.256,3
-118.453928,34.071332,104.6,0.324,3
-118.453632,34.071332,103.2,0.427,3
-118.453335,34.071332,101.52,0.385,3
-118.453038,34.071332,100.34,0.271,3
-118.452741,34.071332,100.02,0.262,3
-118.452444,34.071332,100.33,0.345,3
-118.452148,34.071332,100.65,0.321,3
-118.451851,34.071332,100.97,0.258,3
-118.451554,34.071332,101.26,0.229,3
-118.451257,34.071332,101.57,0.319,3
-118.450961,34.071332,101.71,0.276,3
-118.450664,34.071332,101.92,0.284,3
-118.450367,34.071332,102.13,0.228,3
-118.45007,34.071332,102.33,0.186,3
-118.449774,34.071332,102.57,0.228,3
-118.449477,34.071332,102.96,0.331,3
-118.44918,34.071332,103.86,0.376,3
-118.448883,34.071332,105.64,0.302,3
-118.448586,34.071332,107.26,0.51,3
-118.44829,34.071332,109.58,0.564,3
-118.447993,34.071332,114.12,0.515,3
-118.447696,34.071332,118.79,0.401,3
-118.447399,34.071332,122.13,0.434,3
-118.447103,34.071332,123.25,0.431,3
-118.446806,34.071332,122.64,0.426,3
-118.446509,34.071332,120.99,0.437,3
-118.446212,34.071332,118.93,0.342,3
-118.445916,34.071332,117.03,0.155,3
-118.445619,34.071332,115.26,0.096,3
-118.445322,34.071332,112.8,0.126,3
-118.445025,34.071332,110.48,0.129,3
-118.444728,34.071332,107.82,0.272,3
-118.444432,34.071332,105.95,0.331,3
-118.444135,34.071332,104.23,0.136,3
-118.443838,34.071332,102.32,0.265,3
-118.443541,34.071332,100.87,0.53,3
-118.443245,34.071332,99.86,0.651,3
-118.442948,34.071332,100.07,0.631,3
-118.442651,34.071332,101.33,0.503,3
-118.442354,34.071332,102.54,0.298,3
-118.442058,34.071332,103.93,0.238,3
-118.441761,34.071332,104.59,0.265,3
-118.441464,34.071332,104.42,0.183,3
-118.441167,34.071332,104.05,0.15,3
-118.44087,34.071332,102.43,0.321,3
-118.440574,34.071332,101.87,0.525,3
-118.440277,34.071332,101.9,0.496,3
-118.43998,34.071332,101.49,0.463,3
-118.439683,34.071332,99.82,0.454,3
-118.439387,34.071332,98.51,0.371,4
-118.43909,34.071332,98.82,0.301,4
-118.438793,34.071332,99.21,0.358,4
-118.438496,34.071332,99.56,0.34,4
-118.4382,34.071332,99.93,0.319,4
-118.437903,34.071332,100.54,0.278,4
-118.437606,34.071332,100.78,0.248,4
-118.437309,34.071332,100.96,0.291,4
-118.437012,34.071332,101.15,0.441,4
-118.436716,34.071332,101.39,0.411,4
-118.436419,34.071332,101.72,0.352,4
-118.436122,34.071332,101.92,0.35,4
-118.457193,34.071035,104.74,0.326,3
-118.456896,34.071035,104.65,0.338,3
-118.456599,34.071035,104.48,0.343,3
-118.456302,34.071035,104.25,0.364,3
-118.456006,34.071035,103.84,0.477,3
-118.455709,34.071035,103.21,0.604,3
-118.455412,34.071035,102.82,0.417,3
-118.455115,34.071035,102.53,0.411,3
-118.454819,34.071035,104,0.55,3
-118.454522,34.071035,105.24,0.289,3
-118.454225,34.071035,105.99,0.125,3
-118.453928,34.071035,105.63,0.172,3
-118.453632,34.071035,103.95,0.421,3
-118.453335,34.071035,101.95,0.552,3
-118.453038,34.071035,100.8,0.468,3
-118.452741,34.071035,100.67,0.37,3
-118.452444,34.071035,100.94,0.313,3
-118.452148,34.071035,101.24,0.262,3
-118.451851,34.071035,101.57,0.265,3
-118.451554,34.071035,101.9,0.266,3
-118.451257,34.071035,102.23,0.362,3
-118.450961,34.071035,102.38,0.377,3
-118.450664,34.071035,102.51,0.348,3
-118.450367,34.071035,102.56,0.319,3
-118.45007,34.071035,102.62,0.303,3
-118.449774,34.071035,102.72,0.324,3
-118.449477,34.071035,102.88,0.413,3
-118.44918,34.071035,103.39,0.503,3
-118.448883,34.071035,104.5,0.463,3
-118.448586,34.071035,105.63,0.457,3
-118.44829,34.071035,107.78,0.508,3
-118.447993,34.071035,111.35,0.382,3
-118.447696,34.071035,115.77,0.259,3
-118.447399,34.071035,118.85,0.272,3
-118.447103,34.071035,120.23,0.243,3
-118.446806,34.071035,119.76,0.214,3
-118.446509,34.071035,118.05,0.255,3
-118.446212,34.071035,116.12,0.288,3
-118.445916,34.071035,114.82,0.246,3
-118.445619,34.071035,113.95,0.208,3
-118.445322,34.071035,111.85,0.19,3
-118.445025,34.071035,109.69,0.203,3
-118.444728,34.071035,107.13,0.17,3
-118.444432,34.071035,105.4,0.3,3
-118.444135,34.071035,103.73,0.366,3
-118.443838,34.071035,101.97,0.441,3
-118.443541,34.071035,100.74,0.58,3
-118.443245,34.071035,100.03,0.619,3
-118.442948,34.071035,100.58,0.565,3
-118.442651,34.071035,102.16,0.487,3
-118.442354,34.071035,103.37,0.368,3
-118.442058,34.071035,104.46,0.304,3
-118.441761,34.071035,104.74,0.285,3
-118.441464,34.071035,104.57,0.201,3
-118.441167,34.071035,104.33,0.164,3
-118.44087,34.071035,103.04,0.299,3
-118.440574,34.071035,102.83,0.251,3
-118.440277,34.071035,102.95,0.13,3
-118.43998,34.071035,102.63,0.12,3
-118.439683,34.071035,101.07,0.272,3
-118.439387,34.071035,99.66,0.379,4
-118.43909,34.071035,99.8,0.368,4
-118.438793,34.071035,100,0.426,4
-118.438496,34.071035,100.24,0.233,4
-118.4382,34.071035,100.57,0.155,4
-118.437903,34.071035,100.93,0.211,4
-118.437606,34.071035,101.13,0.267,4
-118.437309,34.071035,101.2,0.27,4
-118.437012,34.071035,101.16,0.379,4
-118.436716,34.071035,101.09,0.41,4
-118.436419,34.071035,101.1,0.382,4
-118.436122,34.071035,101.14,0.369,4
-118.457193,34.070738,104.57,0.275,3
-118.456896,34.070738,104.54,0.303,3
-118.456599,34.070738,104.45,0.389,3
-118.456302,34.070738,104.31,0.488,3
-118.456006,34.070738,104.4,0.541,3
-118.455709,34.070738,105.09,0.603,3
-118.455412,34.070738,104.68,0.459,3
-118.455115,34.070738,104.59,0.436,3
-118.454819,34.070738,105.03,0.515,3
-118.454522,34.070738,106.02,0.261,3
-118.454225,34.070738,106.71,0.19,3
-118.453928,34.070738,106.13,0.273,3
-118.453632,34.070738,104.36,0.492,3
-118.453335,34.070738,102.52,0.607,3
-118.453038,34.070738,101.67,0.51,3
-118.452741,34.070738,101.75,0.348,3
-118.452444,34.070738,101.95,0.228,3
-118.452148,34.070738,102.2,0.264,3
-118.451851,34.070738,102.53,0.338,3
-118.451554,34.070738,102.92,0.361,3
-118.451257,34.070738,103.31,0.34,3
-118.450961,34.070738,103.53,0.366,3
-118.450664,34.070738,103.63,0.333,3
-118.450367,34.070738,103.59,0.321,3
-118.45007,34.070738,103.56,0.3,3
-118.449774,34.070738,103.52,0.287,3
-118.449477,34.070738,103.38,0.349,3
-118.44918,34.070738,103.43,0.432,3
-118.448883,34.070738,103.97,0.403,3
-118.448586,34.070738,104.48,0.308,3
-118.44829,34.070738,106.4,0.341,3
-118.447993,34.070738,109.45,0.239,3
-118.447696,34.070738,113.15,0.131,3
-118.447399,34.070738,116.04,0.1,3
-118.447103,34.070738,117.99,0.077,3
-118.446806,34.070738,118.12,0.063,3
-118.446509,34.070738,116.61,0.078,3
-118.446212,34.070738,114.5,0.16,3
-118.445916,34.070738,112.71,0.271,3
-118.445619,34.070738,111.5,0.26,3
-118.445322,34.070738,109.59,0.161,3
-118.445025,34.070738,108.13,0.344,3
-118.444728,34.070738,105.86,0.197,3
-118.444432,34.070738,104.35,0.117,3
-118.444135,34.070738,103.09,0.216,3
-118.443838,34.070738,101.81,0.341,3
-118.443541,34.070738,100.99,0.436,3
-118.443245,34.070738,100.65,0.536,3
-118.442948,34.070738,101.05,0.562,3
-118.442651,34.070738,102.13,0.45,3
-118.442354,34.070738,103.1,0.313,3
-118.442058,34.070738,103.8,0.218,3
-118.441761,34.070738,103.81,0.191,3
-118.441464,34.070738,103.63,0.11,3
-118.441167,34.070738,103.45,0.114,3
-118.44087,34.070738,102.95,0.268,3
-118.440574,34.070738,102.91,0.197,3
-118.440277,34.070738,103.03,0.102,3
-118.43998,34.070738,102.98,0.119,3
-118.439683,34.070738,102.07,0.247,3
-118.439387,34.070738,101.14,0.322,4
-118.43909,34.070738,101.16,0.3,4
-118.438793,34.070738,101.05,0.356,4
-118.438496,34.070738,101.22,0.246,4
-118.4382,34.070738,101.46,0.27,4
-118.437903,34.070738,100.76,0.286,4
-118.437606,34.070738,100.75,0.322,4
-118.437309,34.070738,100.62,0.326,4
-118.437012,34.070738,100.3,0.34,4
-118.436716,34.070738,99.92,0.363,4
-118.436419,34.070738,99.7,0.381,4
-118.436122,34.070738,99.66,0.389,4
-118.457193,34.070442,104.63,0.343,3
-118.456896,34.070442,104.67,0.33,3
-118.456599,34.070442,104.73,0.4,3
-118.456302,34.070442,104.73,0.528,3
-118.456006,34.070442,104.96,0.511,3
-118.455709,34.070442,105.89,0.452,3
-118.455412,34.070442,105.7,0.405,3
-118.455115,34.070442,105.8,0.366,3
-118.454819,34.070442,105.93,0.385,3
-118.454522,34.070442,106.71,0.317,3
-118.454225,34.070442,107.1,0.37,3
-118.453928,34.070442,106.45,0.397,3
-118.453632,34.070442,105.05,0.371,3
-118.453335,34.070442,103.78,0.313,3
-118.453038,34.070442,103.29,0.269,3
-118.452741,34.070442,103.42,0.262,3
-118.452444,34.070442,103.57,0.235,3
-118.452148,34.070442,103.66,0.281,3
-118.451851,34.070442,103.85,0.337,3
-118.451554,34.070442,104.17,0.428,3
-118.451257,34.070442,104.55,0.335,3
-118.450961,34.070442,104.79,0.332,3
-118.450664,34.070442,104.88,0.26,3
-118.450367,34.070442,104.81,0.262,3
-118.45007,34.070442,104.76,0.263,3
-118.449774,34.070442,104.59,0.245,3
-118.449477,34.070442,104.02,0.288,3
-118.44918,34.070442,103.37,0.301,3
-118.448883,34.070442,103.63,0.213,3
-118.448586,34.070442,104.71,0.143,3
-118.44829,34.070442,106.51,0.21,3
-118.447993,34.070442,108.8,0.287,3
-118.447696,34.070442,112,0.11,3
-118.447399,34.070442,114.54,0.027,3
-118.447103,34.070442,116.49,0.013,3
-118.446806,34.070442,117.33,0.012,3
-118.446509,34.070442,116.55,0.014,3
-118.446212,34.070442,114.48,0.068,3
-118.445916,34.070442,111.98,0.208,3
-118.445619,34.070442,109.58,0.348,3
-118.445322,34.070442,107.48,0.361,3
-118.445025,34.070442,106.11,0.328,3
-118.444728,34.070442,104.28,0.261,3
-118.444432,34.070442,103.4,0.088,3
-118.444135,34.070442,102.97,0.052,3
-118.443838,34.070442,102.33,0.08,3
-118.443541,34.070442,101.84,0.145,3
-118.443245,34.070442,101.67,0.287,3
-118.442948,34.070442,102.08,0.368,3
-118.442651,34.070442,103,0.312,3
-118.442354,34.070442,103.65,0.275,3
-118.442058,34.070442,104.06,0.192,3
-118.441761,34.070442,104,0.15,3
-118.441464,34.070442,103.85,0.08,3
-118.441167,34.070442,103.71,0.121,3
-118.44087,34.070442,103.2,0.227,3
-118.440574,34.070442,103.08,0.167,3
-118.440277,34.070442,103.16,0.113,3
-118.43998,34.070442,102.31,0.175,4
-118.439683,34.070442,101.56,0.259,4
-118.439387,34.070442,101.77,0.256,4
-118.43909,34.070442,101.95,0.216,4
-118.438793,34.070442,101.95,0.235,4
-118.438496,34.070442,102.12,0.23,4
-118.4382,34.070442,102.22,0.346,4
-118.437903,34.070442,101.28,0.348,4
-118.437606,34.070442,101.21,0.309,4
-118.437309,34.070442,100.9,0.289,4
-118.437012,34.070442,100.25,0.318,4
-118.436716,34.070442,99.58,0.362,4
-118.436419,34.070442,99.26,0.4,4
-118.436122,34.070442,99.28,0.43,4
-118.457193,34.070145,104.71,0.426,3
-118.456896,34.070145,104.85,0.386,3
-118.456599,34.070145,105.1,0.372,3
-118.456302,34.070145,105.28,0.421,3
-118.456006,34.070145,105.67,0.415,3
-118.455709,34.070145,106.8,0.378,3
-118.455412,34.070145,106.76,0.28,3
-118.455115,34.070145,106.86,0.265,3
-118.454819,34.070145,106.62,0.208,3
-118.454522,34.070145,106.98,0.148,3
-118.454225,34.070145,107.15,0.22,3
-118.453928,34.070145,106.83,0.274,3
-118.453632,34.070145,106.12,0.197,3
-118.453335,34.070145,105.5,0.114,3
-118.453038,34.070145,105.37,0.135,3
-118.452741,34.070145,105.61,0.184,3
-118.452444,34.070145,105.76,0.208,3
-118.452148,34.070145,105.79,0.198,3
-118.451851,34.070145,105.83,0.15,3
-118.451554,34.070145,106.01,0.247,3
-118.451257,34.070145,106.04,0.348,3
-118.450961,34.070145,106.08,0.323,3
-118.450664,34.070145,106,0.248,3
-118.450367,34.070145,105.85,0.211,3
-118.45007,34.070145,105.76,0.175,3
-118.449774,34.070145,105.55,0.164,3
-118.449477,34.070145,104.95,0.204,3
-118.44918,34.070145,104.32,0.203,3
-118.448883,34.070145,104.5,0.191,3
-118.448586,34.070145,105.52,0.181,3
-118.44829,34.070145,107.53,0.222,3
-118.447993,34.070145,109.55,0.248,3
-118.447696,34.070145,112.07,0.113,3
-118.447399,34.070145,113.55,0.035,4
-118.447103,34.070145,114.76,0.025,4
-118.446806,34.070145,115.42,0.029,4
-118.446509,34.070145,114.82,0.028,4
-118.446212,34.070145,112.9,0.058,4
-118.445916,34.070145,110.25,0.171,4
-118.445619,34.070145,107.9,0.317,3
-118.445322,34.070145,105.98,0.238,3
-118.445025,34.070145,104.8,0.358,3
-118.444728,34.070145,103.58,0.328,3
-118.444432,34.070145,103.13,0.138,3
-118.444135,34.070145,103.21,0.089,3
-118.443838,34.070145,103.08,0.139,3
-118.443541,34.070145,102.9,0.199,3
-118.443245,34.070145,102.75,0.269,3
-118.442948,34.070145,102.82,0.32,3
-118.442651,34.070145,103.18,0.328,3
-118.442354,34.070145,103.41,0.34,3
-118.442058,34.070145,103.59,0.259,3
-118.441761,34.070145,103.6,0.237,3
-118.441464,34.070145,103.56,0.171,3
-118.441167,34.070145,103.47,0.166,3
-118.44087,34.070145,103.15,0.214,3
-118.440574,34.070145,103.05,0.219,3
-118.440277,34.070145,103.08,0.213,3
-118.43998,34.070145,102.15,0.267,4
-118.439683,34.070145,101.41,0.307,4
-118.439387,34.070145,101.9,0.252,4
-118.43909,34.070145,102.39,0.169,4
-118.438793,34.070145,102.57,0.152,4
-118.438496,34.070145,102.76,0.147,4
-118.4382,34.070145,102.69,0.218,4
-118.437903,34.070145,101.71,0.365,4
-118.437606,34.070145,101.33,0.375,4
-118.437309,34.070145,100.91,0.323,4
-118.437012,34.070145,100.02,0.402,4
-118.436716,34.070145,99.2,0.481,4
-118.436419,34.070145,98.83,0.532,4
-118.436122,34.070145,98.97,0.545,4
-118.435825,34.070145,99.3,0.499,4
-118.457193,34.069848,105.2,0.471,3
-118.456896,34.069848,105.44,0.462,3
-118.456599,34.069848,105.88,0.438,3
-118.456302,34.069848,106.24,0.402,3
-118.456006,34.069848,106.67,0.399,3
-118.455709,34.069848,107.41,0.46,3
-118.455412,34.069848,107.48,0.278,3
-118.455115,34.069848,107.38,0.248,3
-118.454819,34.069848,107.21,0.157,3
-118.454522,34.069848,107.33,0.084,3
-118.454225,34.069848,107.51,0.077,3
-118.453928,34.069848,107.62,0.154,3
-118.453632,34.069848,107.53,0.13,3
-118.453335,34.069848,107.38,0.039,3
-118.453038,34.069848,107.37,0.061,3
-118.452741,34.069848,107.48,0.152,3
-118.452444,34.069848,107.76,0.145,3
-118.452148,34.069848,107.84,0.162,3
-118.451851,34.069848,107.79,0.191,3
-118.451554,34.069848,107.77,0.177,3
-118.451257,34.069848,107.62,0.237,3
-118.450961,34.069848,106.85,0.355,3
-118.450664,34.069848,106.18,0.292,3
-118.450367,34.069848,105.74,0.156,3
-118.45007,34.069848,105.76,0.082,3
-118.449774,34.069848,105.86,0.084,3
-118.449477,34.069848,105.42,0.123,3
-118.44918,34.069848,105.02,0.181,3
-118.448883,34.069848,105.26,0.3,3
-118.448586,34.069848,106.14,0.339,3
-118.44829,34.069848,108.08,0.312,3
-118.447993,34.069848,110.2,0.229,3
-118.447696,34.069848,112.46,0.115,3
-118.447399,34.069848,113.73,0.104,4
-118.447103,34.069848,115.03,0.128,4
-118.446806,34.069848,115.83,0.137,4
-118.446509,34.069848,115.41,0.133,4
-118.446212,34.069848,113.26,0.121,4
-118.445916,34.069848,109.48,0.159,4
-118.445619,34.069848,106.54,0.34,3
-118.445322,34.069848,105.18,0.336,3
-118.445025,34.069848,103.99,0.387,3
-118.444728,34.069848,103.5,0.289,3
-118.444432,34.069848,103.31,0.206,3
-118.444135,34.069848,103.63,0.192,3
-118.443838,34.069848,103.73,0.229,3
-118.443541,34.069848,103.72,0.251,3
-118.443245,34.069848,103.53,0.261,3
-118.442948,34.069848,103.06,0.279,3
-118.442651,34.069848,102.63,0.321,3
-118.442354,34.069848,102.33,0.401,3
-118.442058,34.069848,101.74,0.391,3
-118.441761,34.069848,101.77,0.358,3
-118.441464,34.069848,101.77,0.255,3
-118.441167,34.069848,101.7,0.213,3
-118.44087,34.069848,101.68,0.166,3
-118.440574,34.069848,101.59,0.256,3
-118.440277,34.069848,101.55,0.352,3
-118.43998,34.069848,101.12,0.329,3
-118.439683,34.069848,100.95,0.272,4
-118.439387,34.069848,101.69,0.262,4
-118.43909,34.069848,102.48,0.224,4
-118.438793,34.069848,102.82,0.195,4
-118.438496,34.069848,103.02,0.261,4
-118.4382,34.069848,102.91,0.252,4
-118.437903,34.069848,102.05,0.373,4
-118.437606,34.069848,101.49,0.454,4
-118.437309,34.069848,100.99,0.403,4
-118.437012,34.069848,100.18,0.464,4
-118.436716,34.069848,99.51,0.493,4
-118.436419,34.069848,99.25,0.485,4
-118.436122,34.069848,99.46,0.507,4
-118.435825,34.069848,99.9,0.51,4
-118.457193,34.069551,105.48,0.423,3
-118.456896,34.069551,105.78,0.43,3
-118.456599,34.069551,106.36,0.444,3
-118.456302,34.069551,106.84,0.445,3
-118.456006,34.069551,107.34,0.434,3
-118.455709,34.069551,108.02,0.479,3
-118.455412,34.069551,108.18,0.32,3
-118.455115,34.069551,107.84,0.257,3
-118.454819,34.069551,107.53,0.185,3
-118.454522,34.069551,107.55,0.109,3
-118.454225,34.069551,107.86,0.077,3
-118.453928,34.069551,108.31,0.108,3
-118.453632,34.069551,108.62,0.119,3
-118.453335,34.069551,108.75,0.107,3
-118.453038,34.069551,108.79,0.141,3
-118.452741,34.069551,108.74,0.193,3
-118.452444,34.069551,109,0.193,3
-118.452148,34.069551,109.09,0.192,3
-118.451851,34.069551,109.06,0.195,3
-118.451554,34.069551,108.9,0.173,3
-118.451257,34.069551,108.63,0.199,3
-118.450961,34.069551,107.64,0.253,3
-118.450664,34.069551,106.71,0.245,3
-118.450367,34.069551,105.98,0.222,3
-118.45007,34.069551,105.8,0.243,3
-118.449774,34.069551,105.93,0.276,3
-118.449477,34.069551,105.72,0.246,3
-118.44918,34.069551,105.62,0.188,3
-118.448883,34.069551,105.93,0.305,3
-118.448586,34.069551,106.65,0.225,3
-118.44829,34.069551,108.38,0.152,3
-118.447993,34.069551,110.27,0.117,3
-118.447696,34.069551,112.7,0.077,3
-118.447399,34.069551,114.33,0.18,4
-118.447103,34.069551,115.86,0.308,4
-118.446806,34.069551,116.93,0.358,4
-118.446509,34.069551,116.61,0.324,4
-118.446212,34.069551,114.16,0.228,4
-118.445916,34.069551,109.72,0.13,4
-118.445619,34.069551,106.01,0.161,4
-118.445322,34.069551,105.84,0.222,3
-118.445025,34.069551,104.59,0.25,3
-118.444728,34.069551,104.11,0.222,3
-118.444432,34.069551,104.06,0.139,3
-118.444135,34.069551,104.56,0.124,3
-118.443838,34.069551,104.81,0.106,3
-118.443541,34.069551,104.8,0.107,3
-118.443245,34.069551,104.41,0.117,3
-118.442948,34.069551,103.56,0.134,3
-118.442651,34.069551,102.72,0.198,3
-118.442354,34.069551,101.99,0.263,3
-118.442058,34.069551,100.42,0.306,4
-118.441761,34.069551,100.42,0.266,4
-118.441464,34.069551,100.51,0.218,4
-118.441167,34.069551,100.5,0.178,4
-118.44087,34.069551,100.42,0.117,4
-118.440574,34.069551,100.18,0.205,4
-118.440277,34.069551,100.04,0.299,4
-118.43998,34.069551,100.23,0.281,4
-118.439683,34.069551,100.73,0.271,4
-118.439387,34.069551,101.51,0.343,4
-118.43909,34.069551,102.43,0.318,4
-118.438793,34.069551,102.86,0.178,4
-118.438496,34.069551,103.12,0.266,4
-118.4382,34.069551,103.08,0.376,4
-118.437903,34.069551,102.24,0.401,4
-118.437606,34.069551,101.78,0.456,4
-118.437309,34.069551,101.28,0.45,4
-118.437012,34.069551,100.7,0.433,4
-118.436716,34.069551,100.19,0.421,4
-118.436419,34.069551,99.99,0.411,4
-118.436122,34.069551,100.25,0.444,4
-118.435825,34.069551,100.72,0.523,4
-118.457193,34.069254,105.62,0.402,3
-118.456896,34.069254,105.89,0.403,3
-118.456599,34.069254,106.42,0.411,3
-118.456302,34.069254,106.86,0.421,3
-118.456006,34.069254,107.35,0.4,3
-118.455709,34.069254,108.01,0.359,3
-118.455412,34.069254,108.07,0.314,3
-118.455115,34.069254,107.68,0.303,3
-118.454819,34.069254,107.38,0.185,3
-118.454522,34.069254,107.58,0.121,3
-118.454225,34.069254,108.26,0.096,3
-118.453928,34.069254,109.1,0.158,3
-118.453632,34.069254,109.63,0.174,3
-118.453335,34.069254,109.76,0.161,3
-118.453038,34.069254,109.67,0.215,3
-118.452741,34.069254,109.39,0.202,3
-118.452444,34.069254,109.36,0.161,3
-118.452148,34.069254,109.2,0.139,3
-118.451851,34.069254,109.05,0.176,3
-118.451554,34.069254,108.82,0.138,3
-118.451257,34.069254,108.61,0.216,3
-118.450961,34.069254,107.76,0.199,3
-118.450664,34.069254,106.94,0.174,3
-118.450367,34.069254,106.27,0.222,3
-118.45007,34.069254,106.08,0.323,3
-118.449774,34.069254,106.24,0.368,3
-118.449477,34.069254,106.11,0.31,3
-118.44918,34.069254,106.17,0.31,3
-118.448883,34.069254,106.74,0.366,3
-118.448586,34.069254,107.4,0.251,3
-118.44829,34.069254,108.67,0.095,3
-118.447993,34.069254,109.85,0.088,3
-118.447696,34.069254,112.19,0.076,3
-118.447399,34.069254,114.35,0.187,4
-118.447103,34.069254,116.24,0.351,4
-118.446806,34.069254,117.53,0.437,4
-118.446509,34.069254,117.21,0.385,4
-118.446212,34.069254,114.52,0.232,4
-118.445916,34.069254,110.24,0.091,4
-118.445619,34.069254,106.68,0.092,4
-118.445322,34.069254,105.7,0.206,3
-118.445025,34.069254,104.48,0.296,3
-118.444728,34.069254,104.03,0.241,3
-118.444432,34.069254,104.03,0.113,3
-118.444135,34.069254,104.49,0.083,3
-118.443838,34.069254,104.64,0.063,3
-118.443541,34.069254,104.52,0.063,4
-118.443245,34.069254,104.04,0.094,4
-118.442948,34.069254,103.07,0.131,4
-118.442651,34.069254,102.09,0.182,4
-118.442354,34.069254,101.43,0.246,4
-118.442058,34.069254,100.72,0.238,4
-118.441761,34.069254,100.88,0.214,4
-118.441464,34.069254,101.14,0.201,4
-118.441167,34.069254,101.24,0.178,4
-118.44087,34.069254,101.13,0.151,4
-118.440574,34.069254,100.72,0.238,4
-118.440277,34.069254,100.35,0.244,4
-118.43998,34.069254,100.34,0.163,4
-118.439683,34.069254,100.74,0.205,4
-118.439387,34.069254,101.46,0.364,4
-118.43909,34.069254,102.32,0.341,4
-118.438793,34.069254,102.75,0.164,4
-118.438496,34.069254,103.05,0.227,4
-118.4382,34.069254,103.2,0.414,4
-118.437903,34.069254,102.49,0.403,4
-118.437606,34.069254,102.06,0.395,4
-118.437309,34.069254,101.63,0.412,4
-118.437012,34.069254,101.19,0.431,4
-118.436716,34.069254,100.81,0.424,4
-118.436419,34.069254,100.61,0.393,4
-118.436122,34.069254,100.78,0.409,4
-118.435825,34.069254,101.2,0.488,4
-118.456896,34.068958,106.8,0.482,3
-118.456599,34.068958,107.03,0.381,3
-118.456302,34.068958,107.24,0.373,3
-118.456006,34.068958,107.4,0.493,3
-118.455709,34.068958,107.16,0.499,3
-118.455412,34.068958,107.12,0.488,3
-118.455115,34.068958,106.85,0.38,3
-118.454819,34.068958,106.96,0.272,3
-118.454522,34.068958,107.61,0.194,3
-118.454225,34.068958,108.85,0.177,3
-118.453928,34.068958,110.06,0.232,3
-118.453632,34.068958,110.53,0.223,3
-118.453335,34.068958,110.39,0.192,3
-118.453038,34.068958,110.1,0.24,3
-118.452741,34.068958,109.62,0.21,3
-118.452444,34.068958,109.38,0.207,3
-118.452148,34.068958,109.02,0.13,3
-118.451851,34.068958,108.56,0.192,3
-118.451554,34.068958,108.26,0.187,3
-118.451257,34.068958,108.22,0.24,3
-118.450961,34.068958,107.94,0.21,3
-118.450664,34.068958,107.65,0.18,3
-118.450367,34.068958,107.33,0.198,3
-118.45007,34.068958,107.13,0.228,3
-118.449774,34.068958,107.08,0.232,3
-118.449477,34.068958,106.91,0.26,3
-118.44918,34.068958,106.91,0.382,3
-118.448883,34.068958,107.18,0.384,3
-118.448586,34.068958,107,0.353,3
-118.44829,34.068958,107.97,0.223,3
-118.447993,34.068958,108.85,0.201,4
-118.447696,34.068958,111,0.155,4
-118.447399,34.068958,113.61,0.213,4
-118.447103,34.068958,115.79,0.354,4
-118.446806,34.068958,116.91,0.43,4
-118.446509,34.068958,116.46,0.367,4
-118.446212,34.068958,114.22,0.224,4
-118.445916,34.068958,110.69,0.112,4
-118.445619,34.068958,107.44,0.122,4
-118.445322,34.068958,105.55,0.239,4
-118.445025,34.068958,103.93,0.24,4
-118.444728,34.068958,103.33,0.216,4
-118.444432,34.068958,103.26,0.146,4
-118.444135,34.068958,103.6,0.082,4
-118.443838,34.068958,103.82,0.059,4
-118.443541,34.068958,103.74,0.069,4
-118.443245,34.068958,103.25,0.138,4
-118.442948,34.068958,102.36,0.196,4
-118.442651,34.068958,101.45,0.156,4
-118.442354,34.068958,100.93,0.236,4
-118.442058,34.068958,100.88,0.198,4
-118.441761,34.068958,101.2,0.181,4
-118.441464,34.068958,101.59,0.16,4
-118.441167,34.068958,101.78,0.121,4
-118.44087,34.068958,101.84,0.127,4
-118.440574,34.068958,101.46,0.24,4
-118.440277,34.068958,100.98,0.218,4
-118.43998,34.068958,100.89,0.098,4
-118.439683,34.068958,101.27,0.128,4
-118.439387,34.068958,101.91,0.294,4
-118.43909,34.068958,102.67,0.316,4
-118.438793,34.068958,103.2,0.263,4
-118.438496,34.068958,103.66,0.342,4
-118.4382,34.068958,103.91,0.4,4
-118.437903,34.068958,102.56,0.447,4
-118.437606,34.068958,102.12,0.375,4
-118.437309,34.068958,101.69,0.382,4
-118.437012,34.068958,101.16,0.461,4
-118.436716,34.068958,100.8,0.502,4
-118.436419,34.068958,100.7,0.445,4
-118.436122,34.068958,101.09,0.373,4
-118.435825,34.068958,101.84,0.383,4
-118.456896,34.068661,106.91,0.456,3
-118.456599,34.068661,106.82,0.409,3
-118.456302,34.068661,106.76,0.355,3
-118.456006,34.068661,106.67,0.432,3
-118.455709,34.068661,106.24,0.579,3
-118.455412,34.068661,106.15,0.635,3
-118.455115,34.068661,106,0.416,3
-118.454819,34.068661,106.24,0.303,3
-118.454522,34.068661,107.32,0.169,3
-118.454225,34.068661,109.13,0.178,3
-118.453928,34.068661,110.69,0.251,3
-118.453632,34.068661,111.18,0.228,3
-118.453335,34.068661,110.84,0.145,3
-118.453038,34.068661,110.39,0.157,3
-118.452741,34.068661,109.88,0.267,3
-118.452444,34.068661,109.54,0.378,3
-118.452148,34.068661,109.1,0.282,3
-118.451851,34.068661,108.58,0.247,3
-118.451554,34.068661,108.18,0.206,3
-118.451257,34.068661,108.22,0.242,3
-118.450961,34.068661,108.7,0.191,3
-118.450664,34.068661,109.05,0.155,3
-118.450367,34.068661,108.66,0.18,3
-118.45007,34.068661,107.89,0.2,3
-118.449774,34.068661,107.39,0.181,3
-118.449477,34.068661,107.02,0.178,3
-118.44918,34.068661,106.71,0.243,3
-118.448883,34.068661,106.41,0.236,3
-118.448586,34.068661,105.83,0.292,4
-118.44829,34.068661,106.64,0.225,4
-118.447993,34.068661,108.1,0.187,4
-118.447696,34.068661,110.34,0.158,4
-118.447399,34.068661,112.66,0.197,4
-118.447103,34.068661,114.47,0.259,4
-118.446806,34.068661,115.33,0.282,4
-118.446509,34.068661,114.91,0.249,4
-118.446212,34.068661,113.25,0.188,4
-118.445916,34.068661,110.75,0.145,4
-118.445619,34.068661,108.04,0.153,4
-118.445322,34.068661,106.29,0.182,4
-118.445025,34.068661,104.15,0.138,4
-118.444728,34.068661,103.31,0.18,4
-118.444432,34.068661,103.19,0.203,4
-118.444135,34.068661,103.49,0.131,4
-118.443838,34.068661,103.77,0.079,4
-118.443541,34.068661,103.68,0.071,4
-118.443245,34.068661,103.09,0.106,4
-118.442948,34.068661,102.14,0.139,4
-118.442651,34.068661,101.26,0.116,4
-118.442354,34.068661,100.81,0.226,4
-118.442058,34.068661,100.82,0.217,4
-118.441761,34.068661,101.17,0.123,4
-118.441464,34.068661,101.54,0.082,4
-118.441167,34.068661,101.75,0.072,4
-118.44087,34.068661,101.95,0.076,4
-118.440574,34.068661,101.72,0.14,4
-118.440277,34.068661,101.34,0.149,4
-118.43998,34.068661,101.34,0.086,4
-118.439683,34.068661,101.76,0.095,4
-118.439387,34.068661,102.33,0.215,4
-118.43909,34.068661,102.97,0.249,4
-118.438793,34.068661,103.53,0.207,4
-118.438496,34.068661,104.09,0.315,4
-118.4382,34.068661,104.33,0.401,4
-118.437903,34.068661,102.72,0.471,4
-118.437606,34.068661,102.13,0.429,4
-118.437309,34.068661,101.71,0.429,4
-118.437012,34.068661,101.32,0.444,4
-118.436716,34.068661,101.07,0.433,4
-118.436419,34.068661,100.95,0.435,4
-118.436122,34.068661,101.26,0.467,4
-118.435825,34.068661,102.11,0.472,4
-118.456896,34.068364,107,0.362,3
-118.456599,34.068364,106.75,0.343,3
-118.456302,34.068364,106.53,0.312,3
-118.456006,34.068364,106.31,0.343,3
-118.455709,34.068364,105.74,0.432,3
-118.455412,34.068364,105.62,0.608,3
-118.455115,34.068364,105.49,0.459,3
-118.454819,34.068364,105.82,0.299,3
-118.454522,34.068364,107.3,0.176,3
-118.454225,34.068364,109.47,0.154,3
-118.453928,34.068364,111.14,0.225,3
-118.453632,34.068364,111.55,0.267,3
-118.453335,34.068364,111.04,0.203,3
-118.453038,34.068364,110.36,0.154,3
-118.452741,34.068364,109.72,0.296,3
-118.452444,34.068364,109.43,0.403,3
-118.452148,34.068364,109.12,0.374,3
-118.451851,34.068364,108.75,0.261,3
-118.451554,34.068364,108.4,0.181,3
-118.451257,34.068364,108.53,0.187,3
-118.450961,34.068364,109.18,0.193,3
-118.450664,34.068364,109.72,0.147,3
-118.450367,34.068364,108.99,0.132,3
-118.45007,34.068364,107.72,0.17,4
-118.449774,34.068364,107.23,0.172,4
-118.449477,34.068364,106.77,0.153,4
-118.44918,34.068364,106.29,0.238,4
-118.448883,34.068364,105.87,0.258,4
-118.448586,34.068364,105.95,0.359,4
-118.44829,34.068364,106.35,0.18,4
-118.447993,34.068364,107.49,0.083,4
-118.447696,34.068364,109.36,0.058,4
-118.447399,34.068364,111.28,0.061,4
-118.447103,34.068364,112.77,0.066,4
-118.446806,34.068364,113.41,0.069,4
-118.446509,34.068364,113,0.073,4
-118.446212,34.068364,111.84,0.076,4
-118.445916,34.068364,110.28,0.076,4
-118.445619,34.068364,108.17,0.071,4
-118.445322,34.068364,106.45,0.085,4
-118.445025,34.068364,104.2,0.115,4
-118.444728,34.068364,103.25,0.208,4
-118.444432,34.068364,103.03,0.188,4
-118.444135,34.068364,103.2,0.122,4
-118.443838,34.068364,103.32,0.081,4
-118.443541,34.068364,103.15,0.064,4
-118.443245,34.068364,102.62,0.059,4
-118.442948,34.068364,101.8,0.07,4
-118.442651,34.068364,101.01,0.12,4
-118.442354,34.068364,100.58,0.249,4
-118.442058,34.068364,100.56,0.216,4
-118.441761,34.068364,100.78,0.104,4
-118.441464,34.068364,101.03,0.105,4
-118.441167,34.068364,101.21,0.086,4
-118.44087,34.068364,101.49,0.059,4
-118.440574,34.068364,101.45,0.125,4
-118.440277,34.068364,101.29,0.16,4
-118.43998,34.068364,101.46,0.1,4
-118.439683,34.068364,101.97,0.091,4
-118.439387,34.068364,102.52,0.219,4
-118.43909,34.068364,103.14,0.291,4
-118.438793,34.068364,103.74,0.186,4
-118.438496,34.068364,104.37,0.349,4
-118.4382,34.068364,104.55,0.405,4
-118.437903,34.068364,102.9,0.43,4
-118.437606,34.068364,102.24,0.391,4
-118.437309,34.068364,101.85,0.411,4
-118.437012,34.068364,101.51,0.427,4
-118.436716,34.068364,101.31,0.389,4
-118.436419,34.068364,101.17,0.384,4
-118.436122,34.068364,101.34,0.465,4
-118.435825,34.068364,102.14,0.523,4
-118.456896,34.068067,106.58,0.366,3
-118.456599,34.068067,106.24,0.313,3
-118.456302,34.068067,105.9,0.271,3
-118.456006,34.068067,105.56,0.327,3
-118.455709,34.068067,105.12,0.374,3
-118.455412,34.068067,104.77,0.599,3
-118.455115,34.068067,104.78,0.486,3
-118.454819,34.068067,105.93,0.325,3
-118.454522,34.068067,107.91,0.18,3
-118.454225,34.068067,110.19,0.133,3
-118.453928,34.068067,111.7,0.178,3
-118.453632,34.068067,111.9,0.242,3
-118.453335,34.068067,111.26,0.238,3
-118.453038,34.068067,110.44,0.165,3
-118.452741,34.068067,109.73,0.211,3
-118.452444,34.068067,109.57,0.355,3
-118.452148,34.068067,109.39,0.355,3
-118.451851,34.068067,109.23,0.2,3
-118.451554,34.068067,109.14,0.143,3
-118.451257,34.068067,109.43,0.124,3
-118.450961,34.068067,110.17,0.159,3
-118.450664,34.068067,110.67,0.145,3
-118.450367,34.068067,109.93,0.122,3
-118.45007,34.068067,108.59,0.144,4
-118.449774,34.068067,107.97,0.154,4
-118.449477,34.068067,107.56,0.153,4
-118.44918,34.068067,107.14,0.173,4
-118.448883,34.068067,107.02,0.23,4
-118.448586,34.068067,106.81,0.289,4
-118.44829,34.068067,106.81,0.166,4
-118.447993,34.068067,107.07,0.075,4
-118.447696,34.068067,108.24,0.04,4
-118.447399,34.068067,109.77,0.046,4
-118.447103,34.068067,110.99,0.041,4
-118.446806,34.068067,111.57,0.027,4
-118.446509,34.068067,111.42,0.031,4
-118.446212,34.068067,110.7,0.034,4
-118.445916,34.068067,109.75,0.038,4
-118.445619,34.068067,108.07,0.056,4
-118.445322,34.068067,106.36,0.092,4
-118.445025,34.068067,104.11,0.118,4
-118.444728,34.068067,102.97,0.143,4
-118.444432,34.068067,102.66,0.093,4
-118.444135,34.068067,102.66,0.054,4
-118.443838,34.068067,102.59,0.039,4
-118.443541,34.068067,102.38,0.039,4
-118.443245,34.068067,101.98,0.039,4
-118.442948,34.068067,101.41,0.032,4
-118.442651,34.068067,100.83,0.093,4
-118.442354,34.068067,100.39,0.299,4
-118.442058,34.068067,100.25,0.246,4
-118.441761,34.068067,100.3,0.165,4
-118.441464,34.068067,100.45,0.185,4
-118.441167,34.068067,100.57,0.125,4
-118.44087,34.068067,100.8,0.118,4
-118.440574,34.068067,100.86,0.227,4
-118.440277,34.068067,100.89,0.237,4
-118.43998,34.068067,101.25,0.123,4
-118.439683,34.068067,101.92,0.117,4
-118.439387,34.068067,102.52,0.268,4
-118.43909,34.068067,103.2,0.273,4
-118.438793,34.068067,103.78,0.165,4
-118.438496,34.068067,104.45,0.401,4
-118.4382,34.068067,104.54,0.376,4
-118.437903,34.068067,103.02,0.463,4
-118.437606,34.068067,102.35,0.438,4
-118.437309,34.068067,101.95,0.426,4
-118.437012,34.068067,101.62,0.421,4
-118.436716,34.068067,101.42,0.41,4
-118.436419,34.068067,101.33,0.39,4
-118.436122,34.068067,101.46,0.382,4
-118.435825,34.068067,101.83,0.468,4
-118.456896,34.067771,105.71,0.325,3
-118.456599,34.067771,105.22,0.328,3
-118.456302,34.067771,104.76,0.326,3
-118.456006,34.067771,104.37,0.379,3
-118.455709,34.067771,104.14,0.396,3
-118.455412,34.067771,103.66,0.61,3
-118.455115,34.067771,103.87,0.504,3
-118.454819,34.067771,106.29,0.365,3
-118.454522,34.067771,108.79,0.178,3
-118.454225,34.067771,110.93,0.142,3
-118.453928,34.067771,112.1,0.166,3
-118.453632,34.067771,112.05,0.159,3
-118.453335,34.067771,111.35,0.174,3
-118.453038,34.067771,110.55,0.177,3
-118.452741,34.067771,109.89,0.19,3
-118.452444,34.067771,109.86,0.311,3
-118.452148,34.067771,109.81,0.338,3
-118.451851,34.067771,109.78,0.194,3
-118.451554,34.067771,109.89,0.135,3
-118.451257,34.067771,110.23,0.097,3
-118.450961,34.067771,110.92,0.129,3
-118.450664,34.067771,111.33,0.135,3
-118.450367,34.067771,110.53,0.109,3
-118.45007,34.067771,109.12,0.117,4
-118.449774,34.067771,108.44,0.147,4
-118.449477,34.067771,108.1,0.144,4
-118.44918,34.067771,107.76,0.113,4
-118.448883,34.067771,107.86,0.135,4
-118.448586,34.067771,107.47,0.173,4
-118.44829,34.067771,107.22,0.244,4
-118.447993,34.067771,106.82,0.187,4
-118.447696,34.067771,107.33,0.095,4
-118.447399,34.067771,108.33,0.064,4
-118.447103,34.067771,109.23,0.059,4
-118.446806,34.067771,109.83,0.047,4
-118.446509,34.067771,110.01,0.044,4
-118.446212,34.067771,109.6,0.041,4
-118.445916,34.067771,108.53,0.046,4
-118.445619,34.067771,107.15,0.083,4
-118.445322,34.067771,105.5,0.115,4
-118.445025,34.067771,103.95,0.113,4
-118.444728,34.067771,102.99,0.135,4
-118.444432,34.067771,102.47,0.155,4
-118.444135,34.067771,102.2,0.147,4
-118.443838,34.067771,102.15,0.108,4
-118.443541,34.067771,102.1,0.097,4
-118.443245,34.067771,101.86,0.116,4
-118.442948,34.067771,101.74,0.094,4
-118.442651,34.067771,102,0.099,4
-118.442354,34.067771,101.59,0.372,4
-118.442058,34.067771,101.29,0.345,4
-118.441761,34.067771,101.17,0.243,4
-118.441464,34.067771,101.2,0.228,4
-118.441167,34.067771,101.24,0.192,4
-118.44087,34.067771,100.21,0.294,4
-118.440574,34.067771,99.77,0.323,4
-118.440277,34.067771,100.04,0.273,4
-118.43998,34.067771,100.79,0.223,4
-118.439683,34.067771,101.94,0.246,4
-118.439387,34.067771,102.6,0.362,4
-118.43909,34.067771,103.29,0.228,4
-118.438793,34.067771,103.27,0.189,4
-118.438496,34.067771,103.92,0.306,4
-118.4382,34.067771,103.97,0.344,4
-118.437903,34.067771,103.29,0.432,4
-118.437606,34.067771,102.74,0.452,4
-118.437309,34.067771,102.33,0.429,4
-118.437012,34.067771,102.01,0.363,4
-118.436716,34.067771,101.78,0.342,4
-118.436419,34.067771,101.61,0.38,4
-118.436122,34.067771,101.41,0.384,4
-118.435825,34.067771,101.1,0.409,4
-118.456896,34.067474,105.88,0.341,3
-118.456599,34.067474,105.19,0.401,3
-118.456302,34.067474,104.52,0.475,3
-118.456006,34.067474,104.13,0.466,3
-118.455709,34.067474,103.76,0.488,3
-118.455412,34.067474,103.52,0.553,3
-118.455115,34.067474,103.73,0.468,3
-118.454819,34.067474,106.52,0.341,3
-118.454522,34.067474,109.24,0.172,3
-118.454225,34.067474,111.17,0.115,3
-118.453928,34.067474,112,0.131,3
-118.453632,34.067474,111.79,0.135,3
-118.453335,34.067474,111.16,0.141,3
-118.453038,34.067474,110.52,0.172,3
-118.452741,34.067474,110.03,0.224,3
-118.452444,34.067474,110.09,0.257,3
-118.452148,34.067474,110.13,0.253,3
-118.451851,34.067474,110.14,0.213,3
-118.451554,34.067474,110.24,0.184,3
-118.451257,34.067474,110.45,0.128,3
-118.450961,34.067474,111,0.124,3
-118.450664,34.067474,111.37,0.142,3
-118.450367,34.067474,110.61,0.12,3
-118.45007,34.067474,109.21,0.108,4
-118.449774,34.067474,108.57,0.175,4
-118.449477,34.067474,108.3,0.209,4
-118.44918,34.067474,108.1,0.169,4
-118.448883,34.067474,108.31,0.228,4
-118.448586,34.067474,107.97,0.194,4
-118.44829,34.067474,107.6,0.228,4
-118.447993,34.067474,106.86,0.21,4
-118.447696,34.067474,106.78,0.122,4
-118.447399,34.067474,107.17,0.068,4
-118.447103,34.067474,107.69,0.06,4
-118.446806,34.067474,108.22,0.058,4
-118.446509,34.067474,108.57,0.053,4
-118.446212,34.067474,108.49,0.04,4
-118.445916,34.067474,107.74,0.032,4
-118.445619,34.067474,106.67,0.034,4
-118.445322,34.067474,105.19,0.075,4
-118.445025,34.067474,103.85,0.095,4
-118.444728,34.067474,102.99,0.111,4
-118.444432,34.067474,102.44,0.244,4
-118.444135,34.067474,102.22,0.226,4
-118.443838,34.067474,102.11,0.133,4
-118.443541,34.067474,102,0.09,4
-118.443245,34.067474,101.87,0.1,4
-118.442948,34.067474,101.86,0.14,4
-118.442651,34.067474,102.27,0.137,4
-118.442354,34.067474,101.87,0.283,4
-118.442058,34.067474,101.47,0.333,4
-118.441761,34.067474,101.19,0.212,4
-118.441464,34.067474,100.99,0.145,4
-118.441167,34.067474,100.87,0.147,4
-118.44087,34.067474,99.98,0.232,4
-118.440574,34.067474,99.61,0.241,4
-118.440277,34.067474,99.97,0.182,4
-118.43998,34.067474,100.8,0.16,4
-118.439683,34.067474,101.91,0.218,4
-118.439387,34.067474,102.65,0.299,4
-118.43909,34.067474,103.37,0.224,4
-118.438793,34.067474,103.29,0.201,4
-118.438496,34.067474,103.81,0.302,4
-118.4382,34.067474,103.82,0.403,4
-118.437903,34.067474,103.09,0.408,4
-118.437606,34.067474,102.51,0.392,4
-118.437309,34.067474,102.09,0.373,4
-118.437012,34.067474,101.78,0.337,4
-118.436716,34.067474,101.54,0.336,4
-118.436419,34.067474,101.35,0.373,4
-118.436122,34.067474,101.17,0.364,4
-118.435825,34.067474,100.93,0.35,4
-118.456896,34.067177,105.68,0.408,3
-118.456599,34.067177,105.14,0.408,3
-118.456302,34.067177,104.54,0.447,3
-118.456006,34.067177,104.09,0.415,3
-118.455709,34.067177,103.74,0.373,3
-118.455412,34.067177,103.37,0.435,3
-118.455115,34.067177,103.52,0.424,3
-118.454819,34.067177,106.61,0.299,3
-118.454522,34.067177,109.55,0.163,3
-118.454225,34.067177,111.26,0.116,3
-118.453928,34.067177,111.81,0.163,3
-118.453632,34.067177,111.58,0.191,3
-118.453335,34.067177,111.11,0.152,3
-118.453038,34.067177,110.65,0.152,3
-118.452741,34.067177,110.25,0.138,3
-118.452444,34.067177,110.34,0.18,3
-118.452148,34.067177,110.42,0.088,3
-118.451851,34.067177,110.39,0.147,3
-118.451554,34.067177,110.3,0.129,3
-118.451257,34.067177,109.49,0.128,4
-118.450961,34.067177,109.38,0.117,4
-118.450664,34.067177,109.63,0.128,4
-118.450367,34.067177,109.5,0.144,4
-118.45007,34.067177,109.06,0.16,4
-118.449774,34.067177,108.52,0.244,4
-118.449477,34.067177,108.36,0.273,4
-118.44918,34.067177,108.28,0.248,4
-118.448883,34.067177,108.69,0.269,4
-118.448586,34.067177,108.52,0.187,4
-118.44829,34.067177,108.14,0.144,4
-118.447993,34.067177,107.11,0.176,4
-118.447696,34.067177,106.48,0.164,4
-118.447399,34.067177,106.29,0.141,4
-118.447103,34.067177,106.37,0.122,4
-118.446806,34.067177,106.71,0.095,4
-118.446509,34.067177,107.15,0.076,4
-118.446212,34.067177,107.36,0.064,4
-118.445916,34.067177,106.98,0.055,4
-118.445619,34.067177,106.28,0.057,4
-118.445322,34.067177,105.01,0.061,4
-118.445025,34.067177,103.8,0.088,4
-118.444728,34.067177,103.03,0.099,4
-118.444432,34.067177,102.5,0.146,4
-118.444135,34.067177,102.26,0.121,4
-118.443838,34.067177,102.18,0.087,4
-118.443541,34.067177,102.14,0.095,4
-118.443245,34.067177,102.13,0.12,4
-118.442948,34.067177,102.2,0.165,4
-118.442651,34.067177,102.59,0.205,4
-118.442354,34.067177,102.12,0.188,4
-118.442058,34.067177,101.65,0.116,4
-118.441761,34.067177,101.21,0.099,4
-118.441464,34.067177,100.8,0.089,4
-118.441167,34.067177,100.42,0.125,4
-118.44087,34.067177,99.52,0.162,4
-118.440574,34.067177,99.22,0.144,4
-118.440277,34.067177,99.71,0.134,4
-118.43998,34.067177,100.67,0.193,4
-118.439683,34.067177,101.99,0.272,4
-118.439387,34.067177,102.78,0.304,4
-118.43909,34.067177,103.43,0.259,4
-118.438793,34.067177,103.21,0.227,4
-118.438496,34.067177,103.58,0.303,4
-118.4382,34.067177,103.51,0.352,4
-118.437903,34.067177,102.72,0.402,4
-118.437606,34.067177,102.09,0.409,4
-118.437309,34.067177,101.68,0.399,4
-118.437012,34.067177,101.39,0.431,4
-118.436716,34.067177,101.17,0.448,4
-118.436419,34.067177,100.99,0.403,4
-118.436122,34.067177,100.84,0.369,4
-118.435825,34.067177,100.62,0.299,4
-118.435529,34.067177,100.23,0.465,4
-118.456896,34.06688,104.91,0.311,3
-118.456599,34.06688,104.49,0.305,3
-118.456302,34.06688,104.08,0.295,3
-118.456006,34.06688,103.56,0.341,3
-118.455709,34.06688,103.17,0.335,3
-118.455412,34.06688,102.79,0.365,3
-118.455115,34.06688,102.97,0.45,3
-118.454819,34.06688,106.37,0.32,3
-118.454522,34.06688,109.6,0.208,3
-118.454225,34.06688,111.22,0.205,3
-118.453928,34.06688,111.69,0.226,3
-118.453632,34.06688,111.61,0.209,3
-118.453335,34.06688,111.37,0.168,3
-118.453038,34.06688,111.06,0.13,3
-118.452741,34.06688,110.6,0.214,3
-118.452444,34.06688,110.59,0.18,3
-118.452148,34.06688,110.61,0.153,3
-118.451851,34.06688,110.51,0.104,3
-118.451554,34.06688,110.24,0.089,3
-118.451257,34.06688,109.1,0.125,4
-118.450961,34.06688,108.76,0.137,4
-118.450664,34.06688,108.96,0.131,4
-118.450367,34.06688,108.99,0.127,4
-118.45007,34.06688,108.83,0.145,4
-118.449774,34.06688,108.4,0.197,4
-118.449477,34.06688,108.35,0.188,4
-118.44918,34.06688,108.34,0.273,4
-118.448883,34.06688,108.88,0.227,4
-118.448586,34.06688,108.87,0.14,4
-118.44829,34.06688,108.53,0.145,4
-118.447993,34.06688,107.25,0.175,4
-118.447696,34.06688,106.16,0.197,4
-118.447399,34.06688,105.58,0.227,4
-118.447103,34.06688,105.42,0.192,4
-118.446806,34.06688,105.67,0.106,4
-118.446509,34.06688,106.18,0.083,4
-118.446212,34.06688,106.5,0.079,4
-118.445916,34.06688,106.24,0.072,4
-118.445619,34.06688,105.66,0.064,4
-118.445322,34.06688,104.69,0.085,4
-118.445025,34.06688,103.68,0.15,4
-118.444728,34.06688,102.98,0.169,4
-118.444432,34.06688,102.44,0.173,4
-118.444135,34.06688,102.21,0.138,4
-118.443838,34.06688,102.21,0.093,4
-118.443541,34.06688,102.32,0.082,4
-118.443245,34.06688,102.46,0.099,4
-118.442948,34.06688,102.56,0.132,4
-118.442651,34.06688,102.91,0.194,4
-118.442354,34.06688,102.32,0.14,4
-118.442058,34.06688,101.68,0.08,4
-118.441761,34.06688,100.99,0.12,4
-118.441464,34.06688,100.28,0.155,4
-118.441167,34.06688,99.64,0.208,4
-118.44087,34.06688,98.32,0.289,4
-118.440574,34.06688,97.96,0.268,4
-118.440277,34.06688,98.9,0.225,4
-118.43998,34.06688,100.41,0.278,4
-118.439683,34.06688,102.13,0.334,4
-118.439387,34.06688,102.95,0.33,4
-118.43909,34.06688,103.48,0.302,4
-118.438793,34.06688,103.07,0.26,4
-118.438496,34.06688,103.36,0.265,4
-118.4382,34.06688,103.16,0.317,4
-118.437903,34.06688,102.29,0.326,4
-118.437606,34.06688,101.62,0.403,4
-118.437309,34.06688,101.23,0.464,4
-118.437012,34.06688,100.98,0.469,4
-118.436716,34.06688,100.79,0.45,4
-118.436419,34.06688,100.64,0.437,4
-118.436122,34.06688,100.51,0.406,4
-118.435825,34.06688,100.28,0.339,4
-118.435529,34.06688,100.16,0.411,4
-118.456896,34.066584,102.8,0.345,3
-118.456599,34.066584,102.44,0.307,3
-118.456302,34.066584,102.16,0.306,3
-118.456006,34.066584,101.59,0.461,3
-118.455709,34.066584,101.2,0.548,3
-118.455412,34.066584,100.99,0.574,3
-118.455115,34.066584,101.88,0.546,3
-118.454819,34.066584,105.74,0.348,3
-118.454522,34.066584,109.17,0.206,3
-118.454225,34.066584,110.91,0.174,3
-118.453928,34.066584,111.63,0.213,3
-118.453632,34.066584,111.93,0.264,3
-118.453335,34.066584,111.5,0.249,3
-118.453038,34.066584,109.9,0.211,4
-118.452741,34.066584,109.33,0.271,4
-118.452444,34.066584,109.21,0.239,4
-118.452148,34.066584,109.15,0.268,4
-118.451851,34.066584,109.08,0.25,4
-118.451554,34.066584,108.88,0.178,4
-118.451257,34.066584,108.58,0.167,4
-118.450961,34.066584,108.64,0.19,4
-118.450664,34.066584,108.83,0.182,4
-118.450367,34.066584,108.9,0.172,4
-118.45007,34.066584,108.82,0.202,4
-118.449774,34.066584,108.45,0.224,4
-118.449477,34.066584,108.46,0.244,4
-118.44918,34.066584,108.46,0.183,4
-118.448883,34.066584,108.98,0.182,4
-118.448586,34.066584,108.99,0.149,4
-118.44829,34.066584,108.63,0.143,4
-118.447993,34.066584,107.24,0.194,4
-118.447696,34.066584,105.92,0.209,4
-118.447399,34.066584,105.13,0.201,4
-118.447103,34.066584,104.86,0.153,4
-118.446806,34.066584,105.1,0.072,4
-118.446509,34.066584,105.56,0.045,4
-118.446212,34.066584,105.79,0.051,4
-118.445916,34.066584,105.38,0.054,4
-118.445619,34.066584,104.88,0.068,4
-118.445322,34.066584,104.18,0.127,4
-118.445025,34.066584,103.35,0.195,4
-118.444728,34.066584,102.64,0.186,4
-118.444432,34.066584,102.11,0.167,4
-118.444135,34.066584,101.97,0.12,4
-118.443838,34.066584,102.13,0.075,4
-118.443541,34.066584,102.44,0.058,4
-118.443245,34.066584,102.71,0.051,4
-118.442948,34.066584,102.8,0.05,4
-118.442651,34.066584,103.05,0.071,4
-118.442354,34.066584,102.3,0.068,4
-118.442058,34.066584,101.49,0.067,4
-118.441761,34.066584,100.49,0.141,4
-118.441464,34.066584,99.38,0.252,4
-118.441167,34.066584,98.42,0.365,4
-118.44087,34.066584,96.76,0.503,4
-118.440574,34.066584,96.45,0.467,4
-118.440277,34.066584,98.01,0.324,4
-118.43998,34.066584,100.18,0.28,4
-118.439683,34.066584,102.29,0.295,4
-118.439387,34.066584,103.14,0.277,4
-118.43909,34.066584,103.59,0.275,4
-118.438793,34.066584,103,0.286,4
-118.438496,34.066584,103.1,0.294,4
-118.4382,34.066584,102.8,0.355,4
-118.437903,34.066584,101.89,0.336,4
-118.437606,34.066584,101.27,0.411,4
-118.437309,34.066584,100.97,0.506,4
-118.437012,34.066584,100.78,0.47,4
-118.436716,34.066584,100.63,0.406,4
-118.436419,34.066584,100.5,0.472,4
-118.436122,34.066584,100.36,0.509,4
-118.435825,34.066584,100.04,0.447,4
-118.435529,34.066584,100.2,0.307,4
-118.456896,34.066287,99.77,0.577,3
-118.456599,34.066287,99.2,0.585,3
-118.456302,34.066287,98.59,0.649,3
-118.456006,34.066287,98.05,0.721,3
-118.455709,34.066287,98.01,0.776,3
-118.455412,34.066287,98.39,0.757,3
-118.455115,34.066287,99.84,0.623,3
-118.454819,34.066287,104.19,0.398,3
-118.454522,34.066287,107.85,0.207,3
-118.454225,34.066287,109.84,0.113,3
-118.453928,34.066287,111.09,0.136,3
-118.453632,34.066287,111.9,0.218,3
-118.453335,34.066287,111.77,0.259,3
-118.453038,34.066287,110.03,0.268,4
-118.452741,34.066287,109.39,0.236,4
-118.452444,34.066287,109.17,0.258,4
-118.452148,34.066287,109.05,0.377,4
-118.451851,34.066287,108.95,0.389,4
-118.451554,34.066287,108.83,0.323,4
-118.451257,34.066287,108.66,0.279,4
-118.450961,34.066287,108.77,0.227,4
-118.450664,34.066287,109.01,0.154,4
-118.450367,34.066287,109.14,0.131,4
-118.45007,34.066287,109.14,0.197,4
-118.449774,34.066287,108.81,0.287,4
-118.449477,34.066287,108.85,0.352,4
-118.44918,34.066287,108.84,0.207,4
-118.448883,34.066287,109.28,0.186,4
-118.448586,34.066287,109.12,0.18,4
-118.44829,34.066287,108.6,0.122,4
-118.447993,34.066287,107.13,0.123,4
-118.447696,34.066287,105.77,0.153,4
-118.447399,34.066287,104.96,0.174,4
-118.447103,34.066287,104.68,0.124,4
-118.446806,34.066287,104.88,0.047,4
-118.446509,34.066287,105.2,0.066,4
-118.446212,34.066287,105.25,0.063,4
-118.445916,34.066287,104.68,0.055,4
-118.445619,34.066287,104.17,0.116,4
-118.445322,34.066287,103.58,0.181,4
-118.445025,34.066287,102.85,0.19,4
-118.444728,34.066287,102.17,0.143,4
-118.444432,34.066287,101.68,0.093,4
-118.444135,34.066287,101.65,0.066,4
-118.443838,34.066287,102,0.056,4
-118.443541,34.066287,102.46,0.063,4
-118.443245,34.066287,102.8,0.08,4
-118.442948,34.066287,102.82,0.071,4
-118.442651,34.066287,102.94,0.093,4
-118.442354,34.066287,102.1,0.08,4
-118.442058,34.066287,101.17,0.086,4
-118.441761,34.066287,99.86,0.214,4
-118.441464,34.066287,98.42,0.455,4
-118.441167,34.066287,97.3,0.576,4
-118.44087,34.066287,95.71,0.591,4
-118.440574,34.066287,95.66,0.461,4
-118.440277,34.066287,97.76,0.271,4
-118.43998,34.066287,100.37,0.241,4
-118.439683,34.066287,102.52,0.344,4
-118.439387,34.066287,103.31,0.268,4
-118.43909,34.066287,103.7,0.257,4
-118.438793,34.066287,102.99,0.322,4
-118.438496,34.066287,102.87,0.358,4
-118.4382,34.066287,102.52,0.373,4
-118.437903,34.066287,101.71,0.381,4
-118.437606,34.066287,101.22,0.438,4
-118.437309,34.066287,101.07,0.478,4
-118.437012,34.066287,101,0.394,4
-118.436716,34.066287,100.9,0.298,4
-118.436419,34.066287,100.79,0.382,4
-118.436122,34.066287,100.61,0.52,4
-118.435825,34.066287,100.21,0.478,4
-118.435529,34.066287,100.45,0.295,4
-118.456896,34.06599,96.93,0.732,3
-118.456599,34.06599,96.32,0.694,3
-118.456302,34.06599,95.8,0.68,3
-118.456006,34.06599,95.3,0.697,3
-118.455709,34.06599,95.27,0.767,3
-118.455412,34.06599,96.46,0.78,3
-118.455115,34.06599,98.21,0.717,3
-118.454819,34.06599,102.17,0.491,3
-118.454522,34.06599,105.55,0.283,3
-118.454225,34.06599,107.76,0.217,3
-118.453928,34.06599,109.74,0.241,3
-118.453632,34.06599,111.31,0.263,3
-118.453335,34.06599,111.45,0.254,3
-118.453038,34.06599,110.07,0.212,4
-118.452741,34.06599,109.33,0.183,4
-118.452444,34.06599,109.02,0.261,4
-118.452148,34.06599,108.88,0.366,4
-118.451851,34.06599,108.79,0.339,4
-118.451554,34.06599,108.7,0.259,4
-118.451257,34.06599,108.65,0.255,4
-118.450961,34.06599,108.81,0.219,4
-118.450664,34.06599,109.07,0.173,4
-118.450367,34.06599,109.3,0.195,4
-118.45007,34.06599,109.54,0.217,4
-118.449774,34.06599,109.63,0.245,4
-118.449477,34.06599,109.73,0.331,4
-118.44918,34.06599,109.73,0.278,4
-118.448883,34.06599,109.87,0.221,4
-118.448586,34.06599,109.43,0.25,4
-118.44829,34.06599,108.55,0.203,4
-118.447993,34.06599,107.08,0.157,4
-118.447696,34.06599,105.83,0.166,4
-118.447399,34.06599,105.13,0.165,4
-118.447103,34.06599,104.9,0.118,4
-118.446806,34.06599,105.04,0.096,4
-118.446509,34.06599,105.2,0.127,4
-118.446212,34.06599,105.05,0.094,4
-118.445916,34.06599,104.39,0.061,4
-118.445619,34.06599,103.82,0.114,4
-118.445322,34.06599,103.23,0.201,4
-118.445025,34.06599,102.72,0.229,4
-118.444728,34.06599,102.17,0.145,4
-118.444432,34.06599,101.79,0.079,4
-118.444135,34.06599,101.96,0.064,4
-118.443838,34.06599,102.52,0.062,4
-118.443541,34.06599,103.06,0.061,4
-118.443245,34.06599,103.24,0.073,4
-118.442948,34.06599,102.6,0.087,4
-118.442651,34.06599,102.19,0.108,4
-118.442354,34.06599,101.28,0.141,4
-118.442058,34.06599,100.22,0.126,4
-118.441761,34.06599,98.68,0.295,4
-118.441464,34.06599,97.09,0.57,4
-118.441167,34.06599,95.98,0.672,4
-118.44087,34.06599,95.32,0.612,4
-118.440574,34.06599,96.01,0.447,4
-118.440277,34.06599,98.21,0.283,4
-118.43998,34.06599,100.71,0.266,4
-118.439683,34.06599,102.49,0.361,4
-118.439387,34.06599,103.17,0.313,4
-118.43909,34.06599,103.53,0.316,4
-118.438793,34.06599,103.03,0.41,4
-118.438496,34.06599,102.82,0.446,4
-118.4382,34.06599,102.49,0.47,4
-118.437903,34.06599,101.98,0.411,4
-118.437606,34.06599,101.73,0.423,4
-118.437309,34.06599,101.74,0.454,4
-118.437012,34.06599,101.81,0.395,4
-118.436716,34.06599,101.82,0.306,4
-118.436419,34.06599,101.72,0.335,4
-118.436122,34.06599,101.57,0.464,4
-118.435825,34.06599,101.39,0.394,4
-118.435529,34.06599,101.37,0.375,4
-118.456599,34.065693,94.37,0.678,3
-118.456302,34.065693,93.87,0.673,3
-118.456006,34.065693,93.57,0.727,3
-118.455709,34.065693,93.64,0.749,3
-118.455412,34.065693,94.4,0.766,3
-118.455115,34.065693,96.09,0.74,3
-118.454819,34.065693,98.69,0.546,3
-118.454522,34.065693,101.52,0.342,3
-118.454225,34.065693,104.08,0.265,3
-118.453928,34.065693,106.93,0.287,3
-118.453632,34.065693,109.51,0.271,3
-118.453335,34.065693,109.71,0.156,4
-118.453038,34.065693,109.78,0.178,4
-118.452741,34.065693,108.97,0.215,4
-118.452444,34.065693,108.57,0.361,4
-118.452148,34.065693,108.49,0.333,4
-118.451851,34.065693,108.45,0.332,4
-118.451554,34.065693,108.45,0.267,4
-118.451257,34.065693,108.49,0.219,4
-118.450961,34.065693,108.51,0.189,4
-118.450664,34.065693,108.67,0.204,4
-118.450367,34.065693,109.09,0.237,4
-118.45007,34.065693,109.76,0.2,4
-118.449774,34.065693,110.7,0.201,4
-118.449477,34.065693,110.92,0.215,4
-118.44918,34.065693,110.98,0.194,4
-118.448883,34.065693,110.71,0.175,4
-118.448586,34.065693,109.9,0.241,4
-118.44829,34.065693,108.54,0.252,4
-118.447993,34.065693,107.06,0.235,4
-118.447696,34.065693,105.95,0.204,4
-118.447399,34.065693,105.36,0.126,4
-118.447103,34.065693,105.21,0.069,4
-118.446806,34.065693,105.3,0.105,4
-118.446509,34.065693,105.34,0.13,4
-118.446212,34.065693,105.05,0.094,4
-118.445916,34.065693,104.36,0.054,4
-118.445619,34.065693,103.74,0.075,4
-118.445322,34.065693,103.14,0.203,4
-118.445025,34.065693,102.81,0.291,4
-118.444728,34.065693,102.4,0.204,4
-118.444432,34.065693,102.1,0.153,4
-118.444135,34.065693,102.41,0.151,4
-118.443838,34.065693,103.09,0.135,4
-118.443541,34.065693,103.6,0.112,4
-118.443245,34.065693,103.56,0.105,4
-118.442948,34.065693,102.37,0.131,4
-118.442651,34.065693,101.61,0.136,4
-118.442354,34.065693,100.68,0.213,4
-118.442058,34.065693,99.48,0.194,4
-118.441761,34.065693,97.88,0.337,4
-118.441464,34.065693,96.33,0.573,4
-118.441167,34.065693,95.42,0.686,4
-118.44087,34.065693,95.4,0.655,4
-118.440574,34.065693,96.61,0.512,4
-118.440277,34.065693,98.85,0.325,4
-118.43998,34.065693,101.16,0.206,4
-118.439683,34.065693,102.67,0.208,4
-118.439387,34.065693,103.29,0.301,4
-118.43909,34.065693,103.65,0.323,4
-118.438793,34.065693,103.17,0.436,4
-118.438496,34.065693,102.9,0.416,4
-118.4382,34.065693,102.58,0.426,4
-118.437903,34.065693,102.24,0.405,4
-118.437606,34.065693,102.16,0.405,4
-118.437309,34.065693,102.31,0.412,4
-118.437012,34.065693,102.52,0.409,4
-118.436716,34.065693,102.65,0.382,4
-118.436419,34.065693,102.61,0.326,4
-118.436122,34.065693,102.44,0.315,4
-118.435825,34.065693,102.23,0.358,4
-118.435529,34.065693,102.06,0.374,4
-118.456599,34.065396,93.04,0.683,3
-118.456302,34.065396,91.09,0.686,4
-118.456006,34.065396,90.87,0.776,4
-118.455709,34.065396,90.95,0.781,4
-118.455412,34.065396,91.6,0.774,4
-118.455115,34.065396,92.97,0.759,4
-118.454819,34.065396,95.21,0.66,4
-118.454522,34.065396,98.05,0.504,4
-118.454225,34.065396,101.08,0.352,4
-118.453928,34.065396,104.46,0.249,4
-118.453632,34.065396,107.71,0.19,4
-118.453335,34.065396,109.02,0.134,4
-118.453038,34.065396,109.27,0.175,4
-118.452741,34.065396,108.56,0.25,4
-118.452444,34.065396,108.23,0.323,4
-118.452148,34.065396,108.23,0.279,4
-118.451851,34.065396,108.3,0.305,4
-118.451554,34.065396,108.37,0.263,4
-118.451257,34.065396,108.46,0.227,4
-118.450961,34.065396,108.53,0.235,4
-118.450664,34.065396,108.77,0.249,4
-118.450367,34.065396,109.34,0.23,4
-118.45007,34.065396,110.18,0.186,4
-118.449774,34.065396,111.34,0.205,4
-118.449477,34.065396,111.73,0.175,4
-118.44918,34.065396,111.91,0.156,4
-118.448883,34.065396,111.59,0.126,4
-118.448586,34.065396,110.5,0.182,4
-118.44829,34.065396,108.74,0.195,4
-118.447993,34.065396,107.02,0.251,4
-118.447696,34.065396,105.87,0.215,4
-118.447399,34.065396,105.36,0.096,4
-118.447103,34.065396,105.28,0.049,4
-118.446806,34.065396,105.37,0.091,4
-118.446509,34.065396,105.34,0.096,4
-118.446212,34.065396,104.98,0.119,4
-118.445916,34.065396,104.27,0.117,4
-118.445619,34.065396,103.65,0.103,4
-118.445322,34.065396,103.1,0.222,4
-118.445025,34.065396,102.82,0.213,4
-118.444728,34.065396,102.49,0.139,4
-118.444432,34.065396,102.28,0.134,4
-118.444135,34.065396,102.63,0.159,4
-118.443838,34.065396,103.32,0.167,4
-118.443541,34.065396,103.75,0.172,4
-118.443245,34.065396,103.59,0.18,4
-118.442948,34.065396,102.29,0.192,4
-118.442651,34.065396,101.49,0.129,4
-118.442354,34.065396,100.53,0.137,4
-118.442058,34.065396,99.27,0.18,4
-118.441761,34.065396,97.76,0.331,4
-118.441464,34.065396,96.39,0.561,4
-118.441167,34.065396,95.73,0.644,4
-118.44087,34.065396,96.07,0.613,4
-118.440574,34.065396,97.59,0.48,4
-118.440277,34.065396,99.83,0.292,4
-118.43998,34.065396,101.82,0.188,4
-118.439683,34.065396,103.06,0.17,4
-118.439387,34.065396,103.65,0.233,4
-118.43909,34.065396,103.98,0.288,4
-118.438793,34.065396,103.39,0.41,4
-118.438496,34.065396,103,0.378,4
-118.4382,34.065396,102.65,0.353,4
-118.437903,34.065396,102.36,0.37,4
-118.437606,34.065396,102.37,0.366,4
-118.437309,34.065396,102.63,0.383,4
-118.437012,34.065396,102.93,0.419,4
-118.436716,34.065396,103.13,0.434,4
-118.436419,34.065396,103.13,0.433,4
-118.436122,34.065396,102.93,0.329,4
-118.435825,34.065396,102.64,0.298,4
-118.435529,34.065396,102.35,0.372,4
-118.456302,34.0651,90.8,0.691,4
-118.456006,34.0651,90.96,0.739,4
-118.455709,34.0651,91.07,0.79,4
-118.455412,34.0651,91.49,0.775,4
-118.455115,34.0651,92.4,0.767,4
-118.454819,34.0651,93.85,0.753,4
-118.454522,34.0651,95.91,0.674,4
-118.454225,34.0651,98.68,0.491,4
-118.453928,34.0651,102.05,0.299,4
-118.453632,34.0651,105.17,0.222,4
-118.453335,34.0651,106.7,0.173,4
-118.453038,34.0651,107.29,0.178,4
-118.452741,34.0651,107.68,0.199,4
-118.452444,34.0651,107.69,0.205,4
-118.452148,34.0651,107.84,0.219,4
-118.451851,34.0651,108.02,0.32,4
-118.451554,34.0651,108.18,0.254,4
-118.451257,34.0651,108.34,0.191,4
-118.450961,34.0651,108.37,0.224,4
-118.450664,34.0651,108.54,0.244,4
-118.450367,34.0651,109.16,0.194,4
-118.45007,34.0651,110,0.176,4
-118.449774,34.0651,111.22,0.212,4
-118.449477,34.0651,111.76,0.207,4
-118.44918,34.0651,111.98,0.132,4
-118.448883,34.0651,111.32,0.103,4
-118.448586,34.0651,110.52,0.132,4
-118.44829,34.0651,108.77,0.138,4
-118.447993,34.0651,106.96,0.23,4
-118.447696,34.0651,105.81,0.187,4
-118.447399,34.0651,105.33,0.056,4
-118.447103,34.0651,105.3,0.046,4
-118.446806,34.0651,105.39,0.092,4
-118.446509,34.0651,105.33,0.092,4
-118.446212,34.0651,104.93,0.156,4
-118.445916,34.0651,104.21,0.222,4
-118.445619,34.0651,103.63,0.132,4
-118.445322,34.0651,103.19,0.166,4
-118.445025,34.0651,103.02,0.185,4
-118.444728,34.0651,102.81,0.163,4
-118.444432,34.0651,102.66,0.123,4
-118.444135,34.0651,103.03,0.095,4
-118.443838,34.0651,103.68,0.098,4
-118.443541,34.0651,103.98,0.152,4
-118.443245,34.0651,103.72,0.244,4
-118.442948,34.0651,102.33,0.22,4
-118.442651,34.0651,101.51,0.109,4
-118.442354,34.0651,100.55,0.053,4
-118.442058,34.0651,99.37,0.108,4
-118.441761,34.0651,98.09,0.32,4
-118.441464,34.0651,97.01,0.591,4
-118.441167,34.0651,96.66,0.622,4
-118.44087,34.0651,97.38,0.465,4
-118.440574,34.0651,99.11,0.302,4
-118.440277,34.0651,101.18,0.223,4
-118.43998,34.0651,102.73,0.237,4
-118.439683,34.0651,103.64,0.3,4
-118.439387,34.0651,104.1,0.325,4
-118.43909,34.0651,104.29,0.331,4
-118.438793,34.0651,103.61,0.325,4
-118.438496,34.0651,103.11,0.316,4
-118.4382,34.0651,102.71,0.28,4
-118.437903,34.0651,102.37,0.316,4
-118.437606,34.0651,102.37,0.351,4
-118.437309,34.0651,102.64,0.371,4
-118.437012,34.0651,102.95,0.374,4
-118.436716,34.0651,103.12,0.369,4
-118.436419,34.0651,103.1,0.422,4
-118.436122,34.0651,102.9,0.466,4
-118.435825,34.0651,102.66,0.384,4
-118.435529,34.0651,102.33,0.387,4
-118.456006,34.064803,91.03,0.721,4
-118.455709,34.064803,91.19,0.793,4
-118.455412,34.064803,91.33,0.776,4
-118.455115,34.064803,91.72,0.751,4
-118.454819,34.064803,92.64,0.744,4
-118.454522,34.064803,94.15,0.732,4
-118.454225,34.064803,96.31,0.636,4
-118.453928,34.064803,98.96,0.469,4
-118.453632,34.064803,101.53,0.326,4
-118.453335,34.064803,103.5,0.206,4
-118.453038,34.064803,104.81,0.191,4
-118.452741,34.064803,106.58,0.208,4
-118.452444,34.064803,106.94,0.146,4
-118.452148,34.064803,107.23,0.174,4
-118.451851,34.064803,107.52,0.29,4
-118.451554,34.064803,107.79,0.278,4
-118.451257,34.064803,108.04,0.21,4
-118.450961,34.064803,108.09,0.203,4
-118.450664,34.064803,108.23,0.209,4
-118.450367,34.064803,108.83,0.172,4
-118.45007,34.064803,109.63,0.19,4
-118.449774,34.064803,110.8,0.255,4
-118.449477,34.064803,111.36,0.228,4
-118.44918,34.064803,111.42,0.07,4
-118.448883,34.064803,110.51,0.064,4
-118.448586,34.064803,109.45,0.099,4
-118.44829,34.064803,107.78,0.137,4
-118.447993,34.064803,106.48,0.171,4
-118.447696,34.064803,105.66,0.12,4
-118.447399,34.064803,105.18,0.04,4
-118.447103,34.064803,105.12,0.042,4
-118.446806,34.064803,105.21,0.089,4
-118.446509,34.064803,105.15,0.096,4
-118.446212,34.064803,104.74,0.131,4
-118.445916,34.064803,104.17,0.221,4
-118.445619,34.064803,103.67,0.25,4
-118.445322,34.064803,103.4,0.279,4
-118.445025,34.064803,103.13,0.258,4
-118.444728,34.064803,102.95,0.196,4
-118.444432,34.064803,102.87,0.149,4
-118.444135,34.064803,103.11,0.12,4
-118.443838,34.064803,103.51,0.104,4
-118.443541,34.064803,103.64,0.129,4
-118.443245,34.064803,103.4,0.181,4
-118.442948,34.064803,102.49,0.146,4
-118.442651,34.064803,101.7,0.096,4
-118.442354,34.064803,100.83,0.058,4
-118.442058,34.064803,99.88,0.061,4
-118.441761,34.064803,98.91,0.287,4
-118.441464,34.064803,98.16,0.545,4
-118.441167,34.064803,98.18,0.557,4
-118.44087,34.064803,98.98,0.379,4
-118.440574,34.064803,100.5,0.214,4
-118.440277,34.064803,102.23,0.241,4
-118.43998,34.064803,103.4,0.423,4
-118.439683,34.064803,104.28,0.368,4
-118.439387,34.064803,104.53,0.37,4
-118.43909,34.064803,104.53,0.416,4
-118.438793,34.064803,104.02,0.378,4
-118.438496,34.064803,103.51,0.336,4
-118.4382,34.064803,103.08,0.372,4
-118.437903,34.064803,102.53,0.474,4
-118.437606,34.064803,102.38,0.499,4
-118.437309,34.064803,102.59,0.43,4
-118.437012,34.064803,102.79,0.361,4
-118.436716,34.064803,102.85,0.344,4
-118.436419,34.064803,102.75,0.351,4
-118.436122,34.064803,102.54,0.348,4
-118.435825,34.064803,102.54,0.387,4
-118.435529,34.064803,102.19,0.468,4
-118.455412,34.064506,91.26,0.786,4
-118.455115,34.064506,91.4,0.748,4
-118.454819,34.064506,91.94,0.723,4
-118.454522,34.064506,92.96,0.714,4
-118.454225,34.064506,94.46,0.693,4
-118.453928,34.064506,96.39,0.631,4
-118.453632,34.064506,98.58,0.492,4
-118.453335,34.064506,100.85,0.274,4
-118.453038,34.064506,102.78,0.229,4
-118.452741,34.064506,105.16,0.246,4
-118.452444,34.064506,105.93,0.18,4
-118.452148,34.064506,106.4,0.234,4
-118.451851,34.064506,106.78,0.336,4
-118.451554,34.064506,107.14,0.35,4
-118.451257,34.064506,107.51,0.292,4
-118.450961,34.064506,107.72,0.232,4
-118.450664,34.064506,107.96,0.199,4
-118.450367,34.064506,108.55,0.192,4
-118.45007,34.064506,109.22,0.211,4
-118.449774,34.064506,110.19,0.235,4
-118.449477,34.064506,110.61,0.151,4
-118.44918,34.064506,110.47,0.048,4
-118.448883,34.064506,109.5,0.055,4
-118.448586,34.064506,108.35,0.069,4
-118.44829,34.064506,106.98,0.104,4
-118.447993,34.064506,106.15,0.178,4
-118.447696,34.064506,105.6,0.201,4
-118.447399,34.064506,105.12,0.163,4
-118.447103,34.064506,104.97,0.139,4
-118.446806,34.064506,105.01,0.139,4
-118.446509,34.064506,104.96,0.156,4
-118.446212,34.064506,104.6,0.076,4
-118.445916,34.064506,104.12,0.12,4
-118.445619,34.064506,103.75,0.42,4
-118.445322,34.064506,103.64,0.555,4
-118.445025,34.064506,103.47,0.356,4
-118.444728,34.064506,103.41,0.164,4
-118.444432,34.064506,103.42,0.125,4
-118.444135,34.064506,103.62,0.148,4
-118.443838,34.064506,103.92,0.126,4
-118.443541,34.064506,103.94,0.078,4
-118.443245,34.064506,103.59,0.082,4
-118.442948,34.064506,102.69,0.058,4
-118.442651,34.064506,101.98,0.071,4
-118.442354,34.064506,101.26,0.057,4
-118.442058,34.064506,100.57,0.093,4
-118.441761,34.064506,99.89,0.391,4
-118.441464,34.064506,99.4,0.562,4
-118.441167,34.064506,99.62,0.472,4
-118.44087,34.064506,100.52,0.266,4
-118.440574,34.064506,101.89,0.13,4
-118.440277,34.064506,103.27,0.182,4
-118.43998,34.064506,104.08,0.347,4
-118.439683,34.064506,104.73,0.287,4
-118.439387,34.064506,104.83,0.336,4
-118.43909,34.064506,104.69,0.412,4
-118.438793,34.064506,104.16,0.409,4
-118.438496,34.064506,103.7,0.419,4
-118.4382,34.064506,103.33,0.484,4
-118.437903,34.064506,102.79,0.549,4
-118.437606,34.064506,102.56,0.544,4
-118.437309,34.064506,102.64,0.462,4
-118.437012,34.064506,102.65,0.4,4
-118.436716,34.064506,102.54,0.42,4
-118.436419,34.064506,102.33,0.402,4
-118.436122,34.064506,102.08,0.344,4
-118.435825,34.064506,102.1,0.418,4
-118.435529,34.064506,101.8,0.467,4
-118.455115,34.064209,91.44,0.72,4
-118.454819,34.064209,91.6,0.71,4
-118.454522,34.064209,91.99,0.726,4
-118.454225,34.064209,92.82,0.743,4
-118.453928,34.064209,94.13,0.742,4
-118.453632,34.064209,95.85,0.684,4
-118.453335,34.064209,98,0.464,4
-118.453038,34.064209,100.34,0.31,4
-118.452741,34.064209,103.34,0.294,4
-118.452444,34.064209,104.6,0.24,4
-118.452148,34.064209,105.44,0.246,4
-118.451851,34.064209,105.91,0.264,4
-118.451554,34.064209,106.29,0.259,4
-118.451257,34.064209,106.79,0.218,4
-118.450961,34.064209,107.2,0.169,4
-118.450664,34.064209,107.54,0.141,4
-118.450367,34.064209,108.13,0.136,4
-118.45007,34.064209,108.63,0.176,4
-118.449774,34.064209,109.32,0.272,4
-118.449477,34.064209,109.46,0.158,4
-118.44918,34.064209,109.37,0.066,4
-118.448883,34.064209,108.44,0.1,4
-118.448586,34.064209,107.45,0.079,4
-118.44829,34.064209,106.44,0.113,4
-118.447993,34.064209,106,0.279,4
-118.447696,34.064209,105.73,0.381,4
-118.447399,34.064209,105.3,0.313,4
-118.447103,34.064209,105.06,0.194,4
-118.446806,34.064209,105,0.142,4
-118.446509,34.064209,105.05,0.22,4
-118.446212,34.064209,104.91,0.112,4
-118.445916,34.064209,104.6,0.184,4
-118.445619,34.064209,104.28,0.388,4
-118.445322,34.064209,104.14,0.472,4
-118.445025,34.064209,103.96,0.373,4
-118.444728,34.064209,103.93,0.239,4
-118.444432,34.064209,104.01,0.175,4
-118.444135,34.064209,104.22,0.157,4
-118.443838,34.064209,104.47,0.113,4
-118.443541,34.064209,104.42,0.052,4
-118.443245,34.064209,104,0.058,4
-118.442948,34.064209,103.13,0.094,4
-118.442651,34.064209,102.53,0.156,4
-118.442354,34.064209,101.9,0.103,4
-118.442058,34.064209,101.33,0.206,4
-118.441761,34.064209,100.86,0.424,4
-118.441464,34.064209,100.55,0.454,4
-118.441167,34.064209,100.82,0.345,4
-118.44087,34.064209,101.62,0.206,4
-118.440574,34.064209,102.72,0.144,4
-118.440277,34.064209,103.77,0.205,4
-118.43998,34.064209,104.31,0.278,4
-118.439683,34.064209,104.87,0.301,4
-118.439387,34.064209,104.88,0.314,4
-118.43909,34.064209,104.72,0.332,4
-118.438793,34.064209,104.26,0.395,4
-118.438496,34.064209,103.94,0.423,4
-118.4382,34.064209,103.69,0.408,4
-118.437903,34.064209,103.18,0.435,4
-118.437606,34.064209,102.84,0.428,4
-118.437309,34.064209,102.75,0.385,4
-118.437012,34.064209,102.59,0.359,4
-118.436716,34.064209,102.32,0.344,4
-118.436419,34.064209,102,0.395,4
-118.436122,34.064209,101.71,0.39,4
-118.435825,34.064209,101.76,0.405,4
-118.435529,34.064209,101.55,0.441,4
-118.455115,34.063913,91.51,0.72,4
-118.454819,34.063913,91.46,0.729,4
-118.454522,34.063913,91.43,0.765,4
-118.454225,34.063913,91.67,0.797,4
-118.453928,34.063913,92.41,0.797,4
-118.453632,34.063913,93.67,0.782,4
-118.453335,34.063913,95.57,0.682,4
-118.453038,34.063913,98.2,0.388,4
-118.452741,34.063913,100.64,0.201,4
-118.452444,34.063913,102.2,0.145,4
-118.452148,34.063913,103.21,0.153,4
-118.451851,34.063913,103.89,0.153,4
-118.451554,34.063913,104.36,0.175,4
-118.451257,34.063913,104.87,0.218,4
-118.450961,34.063913,105.91,0.215,4
-118.450664,34.063913,107.16,0.154,4
-118.450367,34.063913,107.67,0.12,4
-118.45007,34.063913,107.96,0.149,4
-118.449774,34.063913,108.06,0.257,4
-118.449477,34.063913,108.08,0.303,4
-118.44918,34.063913,107.95,0.136,4
-118.448883,34.063913,107.83,0.136,4
-118.448586,34.063913,107.31,0.137,4
-118.44829,34.063913,106.69,0.144,4
-118.447993,34.063913,106.29,0.258,4
-118.447696,34.063913,106.03,0.325,4
-118.447399,34.063913,105.78,0.235,4
-118.447103,34.063913,105.61,0.133,4
-118.446806,34.063913,105.62,0.124,4
-118.446509,34.063913,105.74,0.182,4
-118.446212,34.063913,105.74,0.28,4
-118.445916,34.063913,105.89,0.316,4
-118.445619,34.063913,105.49,0.282,4
-118.445322,34.063913,105.17,0.294,4
-118.445025,34.063913,104.54,0.362,4
-118.444728,34.063913,104.3,0.347,4
-118.444432,34.063913,104.45,0.267,4
-118.444135,34.063913,104.71,0.203,4
-118.443838,34.063913,104.93,0.163,4
-118.443541,34.063913,104.89,0.127,4
-118.443245,34.063913,104.57,0.143,4
-118.442948,34.063913,103.83,0.206,4
-118.442651,34.063913,103.25,0.19,4
-118.442354,34.063913,102.64,0.171,4
-118.442058,34.063913,102.05,0.291,4
-118.441761,34.063913,101.66,0.379,4
-118.441464,34.063913,101.41,0.374,4
-118.441167,34.063913,101.56,0.286,4
-118.44087,34.063913,102.14,0.223,4
-118.440574,34.063913,102.98,0.246,4
-118.440277,34.063913,103.78,0.288,4
-118.43998,34.063913,104.16,0.295,4
-118.439683,34.063913,104.46,0.295,4
-118.439387,34.063913,104.47,0.34,4
-118.43909,34.063913,104.35,0.348,4
-118.438793,34.063913,103.85,0.393,4
-118.438496,34.063913,103.61,0.398,4
-118.4382,34.063913,103.49,0.359,4
-118.437903,34.063913,103.1,0.359,4
-118.437606,34.063913,102.77,0.352,4
-118.437309,34.063913,102.53,0.355,4
-118.437012,34.063913,102.17,0.374,4
-118.436716,34.063913,101.79,0.324,4
-118.436419,34.063913,101.4,0.354,4
-118.436122,34.063913,101,0.425,4
-118.435825,34.063913,101.2,0.413,4
-118.435529,34.063913,101.07,0.479,4
-118.435232,34.063913,100.8,0.345,4
-118.454819,34.063616,91.4,0.727,4
-118.454522,34.063616,91.23,0.762,4
-118.454225,34.063616,91.03,0.811,4
-118.453928,34.063616,91.19,0.808,4
-118.453632,34.063616,91.97,0.79,4
-118.453335,34.063616,93.44,0.779,4
-118.453038,34.063616,95.68,0.625,4
-118.452741,34.063616,98.07,0.328,4
-118.452444,34.063616,99.89,0.261,4
-118.452148,34.063616,101.27,0.239,4
-118.451851,34.063616,102.23,0.29,4
-118.451554,34.063616,103.1,0.265,4
-118.451257,34.063616,103.87,0.201,4
-118.450961,34.063616,104.91,0.175,4
-118.450664,34.063616,106.17,0.151,4
-118.450367,34.063616,106.68,0.119,4
-118.45007,34.063616,107.01,0.131,4
-118.449774,34.063616,107.15,0.137,4
-118.449477,34.063616,107.3,0.2,4
-118.44918,34.063616,107.36,0.176,4
-118.448883,34.063616,107.5,0.169,4
-118.448586,34.063616,107.3,0.168,4
-118.44829,34.063616,107,0.142,4
-118.447993,34.063616,106.86,0.142,4
-118.447696,34.063616,106.85,0.169,4
-118.447399,34.063616,106.81,0.192,4
-118.447103,34.063616,106.82,0.202,4
-118.446806,34.063616,106.96,0.184,4
-118.446509,34.063616,107.13,0.183,4
-118.446212,34.063616,107.1,0.189,4
-118.445916,34.063616,107.15,0.183,4
-118.445619,34.063616,106.56,0.188,4
-118.445322,34.063616,106,0.173,4
-118.445025,34.063616,105.2,0.174,4
-118.444728,34.063616,104.86,0.19,4
-118.444432,34.063616,105.08,0.184,4
-118.444135,34.063616,105.5,0.166,4
-118.443838,34.063616,105.8,0.168,4
-118.443541,34.063616,105.69,0.174,4
-118.443245,34.063616,105.31,0.194,4
-118.442948,34.063616,104.62,0.202,4
-118.442651,34.063616,104.1,0.19,4
-118.442354,34.063616,103.5,0.184,4
-118.442058,34.063616,102.82,0.232,4
-118.441761,34.063616,102.2,0.327,4
-118.441464,34.063616,101.78,0.405,4
-118.441167,34.063616,101.76,0.3,4
-118.44087,34.063616,102.16,0.208,4
-118.440574,34.063616,102.81,0.25,4
-118.440277,34.063616,103.44,0.252,4
-118.43998,34.063616,103.73,0.303,4
-118.439683,34.063616,103.75,0.304,4
-118.439387,34.063616,103.81,0.346,4
-118.43909,34.063616,103.74,0.416,4
-118.438793,34.063616,103.16,0.401,4
-118.438496,34.063616,102.98,0.354,4
-118.4382,34.063616,102.97,0.344,4
-118.437903,34.063616,102.72,0.364,4
-118.437606,34.063616,102.44,0.346,4
-118.437309,34.063616,102.17,0.329,4
-118.437012,34.063616,101.7,0.376,4
-118.436716,34.063616,101.23,0.413,4
-118.436419,34.063616,100.81,0.429,4
-118.436122,34.063616,100.44,0.466,4
-118.435825,34.063616,100.77,0.432,4
-118.435529,34.063616,100.75,0.478,4
-118.435232,34.063616,100.72,0.417,4
-118.454225,34.063319,90.82,0.793,4
-118.453928,34.063319,90.72,0.804,4
-118.453632,34.063319,91.11,0.796,4
-118.453335,34.063319,92.03,0.806,4
-118.453038,34.063319,93.6,0.801,4
-118.452741,34.063319,95.58,0.637,4
-118.452444,34.063319,97.82,0.407,4
-118.452148,34.063319,99.89,0.204,4
-118.451851,34.063319,101.23,0.2,4
-118.451554,34.063319,102.02,0.249,4
-118.451257,34.063319,102.74,0.224,4
-118.450961,34.063319,103.83,0.186,4
-118.450664,34.063319,105.04,0.176,4
-118.450367,34.063319,105.6,0.119,4
-118.45007,34.063319,106.09,0.089,4
-118.449774,34.063319,106.44,0.099,4
-118.449477,34.063319,106.86,0.144,4
-118.44918,34.063319,107.21,0.217,4
-118.448883,34.063319,107.64,0.168,4
-118.448586,34.063319,107.72,0.136,4
-118.44829,34.063319,107.65,0.114,4
-118.447993,34.063319,107.7,0.078,4
-118.447696,34.063319,107.86,0.071,4
-118.447399,34.063319,107.99,0.142,4
-118.447103,34.063319,108.14,0.231,4
-118.446806,34.063319,108.33,0.205,4
-118.446509,34.063319,108.48,0.125,4
-118.446212,34.063319,108.42,0.1,4
-118.445916,34.063319,108.32,0.098,4
-118.445619,34.063319,107.48,0.228,4
-118.445322,34.063319,106.68,0.198,4
-118.445025,34.063319,105.75,0.117,4
-118.444728,34.063319,105.4,0.101,4
-118.444432,34.063319,105.7,0.098,4
-118.444135,34.063319,106.17,0.077,4
-118.443838,34.063319,106.42,0.08,4
-118.443541,34.063319,106.16,0.101,4
-118.443245,34.063319,105.72,0.129,4
-118.442948,34.063319,105.04,0.152,4
-118.442651,34.063319,104.58,0.225,4
-118.442354,34.063319,104,0.222,4
-118.442058,34.063319,103.33,0.191,4
-118.441761,34.063319,102.66,0.261,4
-118.441464,34.063319,102.11,0.351,4
-118.441167,34.063319,101.87,0.231,4
-118.44087,34.063319,101.94,0.133,4
-118.440574,34.063319,102.29,0.213,4
-118.440277,34.063319,102.83,0.228,4
-118.43998,34.063319,103.25,0.326,4
-118.439683,34.063319,103.34,0.372,4
-118.439387,34.063319,103.39,0.398,4
-118.43909,34.063319,103.34,0.402,4
-118.438793,34.063319,102.8,0.369,4
-118.438496,34.063319,102.66,0.314,4
-118.4382,34.063319,102.68,0.327,4
-118.437903,34.063319,102.42,0.377,4
-118.437606,34.063319,102.08,0.39,4
-118.437309,34.063319,101.8,0.385,4
-118.437012,34.063319,101.37,0.407,4
-118.436716,34.063319,100.94,0.406,4
-118.436419,34.063319,100.59,0.399,4
-118.436122,34.063319,100.24,0.473,4
-118.435825,34.063319,100.59,0.479,4
-118.435529,34.063319,100.62,0.459,4
-118.435232,34.063319,100.64,0.453,4
-118.453928,34.063022,90.78,0.793,4
-118.453632,34.063022,91,0.757,4
-118.453335,34.063022,91.51,0.783,4
-118.453038,34.063022,92.56,0.813,4
-118.452741,34.063022,93.96,0.785,4
-118.452444,34.063022,95.87,0.627,4
-118.452148,34.063022,98.08,0.366,4
-118.451851,34.063022,99.92,0.204,4
-118.451554,34.063022,101.11,0.195,4
-118.451257,34.063022,101.86,0.24,4
-118.450961,34.063022,102.74,0.216,4
-118.450664,34.063022,103.86,0.129,4
-118.450367,34.063022,104.46,0.116,4
-118.45007,34.063022,105.1,0.119,4
-118.449774,34.063022,105.75,0.098,4
-118.449477,34.063022,106.4,0.143,4
-118.44918,34.063022,107.07,0.255,4
-118.448883,34.063022,107.77,0.202,4
-118.448586,34.063022,108.08,0.229,4
-118.44829,34.063022,108.17,0.187,4
-118.447993,34.063022,108.43,0.1,4
-118.447696,34.063022,108.74,0.067,4
-118.447399,34.063022,108.9,0.127,4
-118.447103,34.063022,109.09,0.244,4
-118.446806,34.063022,109.28,0.211,4
-118.446509,34.063022,109.42,0.073,4
-118.446212,34.063022,109.32,0.068,4
-118.445916,34.063022,108.75,0.085,4
-118.445619,34.063022,107.71,0.225,4
-118.445322,34.063022,106.82,0.177,4
-118.445025,34.063022,106.04,0.089,4
-118.444728,34.063022,105.85,0.054,4
-118.444432,34.063022,106.2,0.048,4
-118.444135,34.063022,106.65,0.06,4
-118.443838,34.063022,106.79,0.087,4
-118.443541,34.063022,106.32,0.084,4
-118.443245,34.063022,105.78,0.111,4
-118.442948,34.063022,105.17,0.121,4
-118.442651,34.063022,104.77,0.18,4
-118.442354,34.063022,104.31,0.202,4
-118.442058,34.063022,103.78,0.168,4
-118.441761,34.063022,103.19,0.181,4
-118.441464,34.063022,102.58,0.307,4
-118.441167,34.063022,102.13,0.296,4
-118.44087,34.063022,102,0.209,4
-118.440574,34.063022,102.21,0.244,4
-118.440277,34.063022,102.72,0.281,4
-118.43998,34.063022,103.22,0.348,4
-118.439683,34.063022,103.26,0.392,4
-118.439387,34.063022,103.22,0.395,4
-118.43909,34.063022,103.13,0.378,4
-118.438793,34.063022,102.92,0.381,4
-118.438496,34.063022,102.88,0.365,4
-118.4382,34.063022,102.9,0.347,4
-118.437903,34.063022,102.78,0.369,4
-118.437606,34.063022,102.57,0.403,4
-118.437309,34.063022,102.32,0.438,4
-118.437012,34.063022,101.99,0.468,4
-118.436716,34.063022,101.62,0.415,4
-118.436419,34.063022,101.3,0.404,4
-118.436122,34.063022,101.07,0.373,4
-118.435825,34.063022,101.21,0.431,4
-118.435529,34.063022,101.2,0.384,4
-118.435232,34.063022,101.2,0.408,4
-118.453632,34.062726,91.26,0.724,4
-118.453335,34.062726,91.64,0.717,4
-118.453038,34.062726,92.22,0.779,4
-118.452741,34.062726,93.19,0.786,4
-118.452444,34.062726,94.57,0.755,4
-118.452148,34.062726,96.47,0.553,4
-118.451851,34.062726,98.45,0.321,4
-118.451554,34.062726,100.04,0.171,4
-118.451257,34.062726,101.1,0.148,4
-118.450961,34.062726,101.85,0.163,4
-118.450664,34.062726,102.59,0.116,4
-118.450367,34.062726,103.26,0.094,4
-118.45007,34.062726,103.94,0.123,4
-118.449774,34.062726,105.04,0.089,4
-118.449477,34.062726,105.88,0.108,4
-118.44918,34.062726,106.81,0.144,4
-118.448883,34.062726,107.62,0.145,4
-118.448586,34.062726,108.05,0.283,4
-118.44829,34.062726,108.24,0.285,4
-118.447993,34.062726,108.74,0.151,4
-118.447696,34.062726,109.27,0.071,4
-118.447399,34.062726,109.38,0.11,4
-118.447103,34.062726,109.51,0.19,4
-118.446806,34.062726,109.64,0.169,4
-118.446509,34.062726,109.72,0.108,4
-118.446212,34.062726,109.57,0.106,4
-118.445916,34.062726,108.6,0.146,4
-118.445619,34.062726,107.62,0.198,4
-118.445322,34.062726,106.88,0.175,4
-118.445025,34.062726,106.38,0.131,4
-118.444728,34.062726,106.36,0.094,4
-118.444432,34.062726,106.67,0.071,4
-118.444135,34.062726,107,0.072,4
-118.443838,34.062726,107.04,0.093,4
-118.443541,34.062726,106.37,0.113,4
-118.443245,34.062726,105.69,0.094,4
-118.442948,34.062726,105.12,0.097,4
-118.442651,34.062726,104.79,0.125,4
-118.442354,34.062726,104.44,0.152,4
-118.442058,34.062726,104.07,0.164,4
-118.441761,34.062726,103.64,0.232,4
-118.441464,34.062726,103.2,0.421,4
-118.441167,34.062726,102.8,0.446,4
-118.44087,34.062726,102.6,0.304,4
-118.440574,34.062726,102.71,0.262,4
-118.440277,34.062726,103.07,0.278,4
-118.43998,34.062726,103.42,0.297,4
-118.439683,34.062726,103.28,0.315,4
-118.439387,34.062726,103.12,0.333,4
-118.43909,34.062726,102.94,0.422,4
-118.438793,34.062726,102.82,0.38,4
-118.438496,34.062726,102.8,0.39,4
-118.4382,34.062726,102.77,0.361,4
-118.437903,34.062726,102.65,0.401,4
-118.437606,34.062726,102.45,0.449,4
-118.437309,34.062726,102.22,0.424,4
-118.437012,34.062726,101.96,0.44,4
-118.436716,34.062726,101.66,0.472,4
-118.436419,34.062726,101.37,0.391,4
-118.436122,34.062726,101.14,0.468,4
-118.435825,34.062726,101.19,0.413,4
-118.435529,34.062726,101.08,0.427,4
-118.435232,34.062726,100.95,0.471,4
-118.453335,34.062429,91.94,0.725,4
-118.453038,34.062429,92.24,0.736,4
-118.452741,34.062429,92.78,0.751,4
-118.452444,34.062429,93.66,0.756,4
-118.452148,34.062429,94.97,0.679,4
-118.451851,34.062429,96.68,0.48,4
-118.451554,34.062429,98.5,0.283,4
-118.451257,34.062429,100.04,0.188,4
-118.450961,34.062429,101.16,0.172,4
-118.450664,34.062429,102.01,0.158,4
-118.450367,34.062429,102.76,0.11,4
-118.45007,34.062429,103.47,0.102,4
-118.449774,34.062429,104.61,0.114,4
-118.449477,34.062429,105.55,0.138,4
-118.44918,34.062429,106.54,0.163,4
-118.448883,34.062429,107.42,0.142,4
-118.448586,34.062429,107.97,0.252,4
-118.44829,34.062429,108.28,0.306,4
-118.447993,34.062429,108.82,0.212,4
-118.447696,34.062429,109.35,0.146,4
-118.447399,34.062429,109.39,0.205,4
-118.447103,34.062429,109.42,0.215,4
-118.446806,34.062429,109.45,0.198,4
-118.446509,34.062429,109.46,0.113,4
-118.446212,34.062429,109.31,0.147,4
-118.445916,34.062429,108.57,0.156,4
-118.445619,34.062429,107.93,0.174,4
-118.445322,34.062429,107.45,0.17,4
-118.445025,34.062429,107.09,0.149,4
-118.444728,34.062429,107.08,0.127,4
-118.444432,34.062429,107.29,0.123,4
-118.444135,34.062429,107.47,0.136,4
-118.443838,34.062429,107.41,0.153,4
-118.443541,34.062429,106.67,0.171,4
-118.443245,34.062429,105.93,0.155,4
-118.442948,34.062429,105.28,0.141,4
-118.442651,34.062429,104.92,0.15,4
-118.442354,34.062429,104.63,0.14,4
-118.442058,34.062429,104.39,0.148,4
-118.441761,34.062429,104.17,0.23,4
-118.441464,34.062429,104.02,0.38,4
-118.441167,34.062429,103.89,0.41,4
-118.44087,34.062429,103.75,0.316,4
-118.440574,34.062429,103.69,0.279,4
-118.440277,34.062429,103.72,0.294,4
-118.43998,34.062429,103.78,0.31,4
-118.439683,34.062429,103.39,0.323,4
-118.439387,34.062429,103.09,0.391,4
-118.43909,34.062429,102.8,0.424,4
-118.438793,34.062429,102.62,0.381,4
-118.438496,34.062429,102.52,0.39,4
-118.4382,34.062429,102.42,0.385,4
-118.437903,34.062429,102.22,0.39,4
-118.437606,34.062429,101.98,0.409,4
-118.437309,34.062429,101.8,0.411,4
-118.437012,34.062429,101.68,0.399,4
-118.436716,34.062429,101.53,0.376,4
-118.436419,34.062429,101.35,0.397,4
-118.436122,34.062429,101.14,0.555,4
-118.435825,34.062429,101.14,0.501,4
-118.435529,34.062429,100.94,0.445,4
-118.435232,34.062429,100.7,0.477,4
-118.453335,34.062132,92.14,0.726,4
-118.453038,34.062132,92.46,0.687,4
-118.452741,34.062132,92.6,0.731,4
-118.452444,34.062132,93.03,0.745,4
-118.452148,34.062132,93.84,0.736,4
-118.451851,34.062132,95.15,0.625,4
-118.451554,34.062132,96.96,0.45,4
-118.451257,34.062132,98.88,0.288,4
-118.450961,34.062132,100.43,0.173,4
-118.450664,34.062132,101.52,0.123,4
-118.450367,34.062132,102.27,0.135,4
-118.45007,34.062132,103.03,0.125,4
-118.449774,34.062132,104.24,0.162,4
-118.449477,34.062132,105.17,0.156,4
-118.44918,34.062132,106.1,0.144,4
-118.448883,34.062132,106.93,0.116,4
-118.448586,34.062132,107.55,0.161,4
-118.44829,34.062132,107.97,0.232,4
-118.447993,34.062132,108.59,0.237,4
-118.447696,34.062132,109.18,0.203,4
-118.447399,34.062132,109.22,0.21,4
-118.447103,34.062132,109.23,0.242,4
-118.446806,34.062132,109.2,0.295,4
-118.446509,34.062132,109.15,0.139,4
-118.446212,34.062132,109.04,0.063,4
-118.445916,34.062132,108.52,0.075,4
-118.445619,34.062132,108.2,0.166,4
-118.445322,34.062132,108,0.182,4
-118.445025,34.062132,107.8,0.121,4
-118.444728,34.062132,107.78,0.105,4
-118.444432,34.062132,107.92,0.148,4
-118.444135,34.062132,108.08,0.169,4
-118.443838,34.062132,108.12,0.167,4
-118.443541,34.062132,107.53,0.188,4
-118.443245,34.062132,106.85,0.197,4
-118.442948,34.062132,106.14,0.214,4
-118.442651,34.062132,105.69,0.272,4
-118.442354,34.062132,105.33,0.24,4
-118.442058,34.062132,105.1,0.224,4
-118.441761,34.062132,104.98,0.226,4
-118.441464,34.062132,105.02,0.216,4
-118.441167,34.062132,105.13,0.231,4
-118.44087,34.062132,105.11,0.267,4
-118.440574,34.062132,104.88,0.286,4
-118.440277,34.062132,104.53,0.338,4
-118.43998,34.062132,104.22,0.318,4
-118.439683,34.062132,103.65,0.385,4
-118.439387,34.062132,103.14,0.37,4
-118.43909,34.062132,102.69,0.317,4
-118.438793,34.062132,102.41,0.299,4
-118.438496,34.062132,102.21,0.312,4
-118.4382,34.062132,101.97,0.325,4
-118.437903,34.062132,101.67,0.35,4
-118.437606,34.062132,101.44,0.401,4
-118.437309,34.062132,101.39,0.452,4
-118.437012,34.062132,101.43,0.462,4
-118.436716,34.062132,101.47,0.458,4
-118.436419,34.062132,101.44,0.546,4
-118.436122,34.062132,101.33,0.444,4
-118.435825,34.062132,101.38,0.45,4
-118.435529,34.062132,101.18,0.498,4
-118.435232,34.062132,100.87,0.498,4
-118.452741,34.061835,92.48,0.738,4
-118.452444,34.061835,92.64,0.735,4
-118.452148,34.061835,93.05,0.734,4
-118.451851,34.061835,93.9,0.696,4
-118.451554,34.061835,95.39,0.606,4
-118.451257,34.061835,97.4,0.44,4
-118.450961,34.061835,99.34,0.234,4
-118.450664,34.061835,100.7,0.152,4
-118.450367,34.061835,101.62,0.18,4
-118.45007,34.061835,102.52,0.173,4
-118.449774,34.061835,103.78,0.24,4
-118.449477,34.061835,104.63,0.216,4
-118.44918,34.061835,105.47,0.191,4
-118.448883,34.061835,106.27,0.168,4
-118.448586,34.061835,106.94,0.144,4
-118.44829,34.061835,107.47,0.161,4
-118.447993,34.061835,108.23,0.201,4
-118.447696,34.061835,108.97,0.206,4
-118.447399,34.061835,109.1,0.165,4
-118.447103,34.061835,109.15,0.13,4
-118.446806,34.061835,109.13,0.267,4
-118.446509,34.061835,109.05,0.303,4
-118.446212,34.061835,108.88,0.111,4
-118.445916,34.061835,108.43,0.067,4
-118.445619,34.061835,108.3,0.144,4
-118.445322,34.061835,108.29,0.176,4
-118.445025,34.061835,108.21,0.116,4
-118.444728,34.061835,108.19,0.108,4
-118.444432,34.061835,108.31,0.176,4
-118.444135,34.061835,108.56,0.194,4
-118.443838,34.061835,108.87,0.165,4
-118.443541,34.061835,108.64,0.187,4
-118.443245,34.061835,108.3,0.23,4
-118.442948,34.061835,107.62,0.311,4
-118.442651,34.061835,107.05,0.326,4
-118.442354,34.061835,106.6,0.272,4
-118.442058,34.061835,106.23,0.275,4
-118.441761,34.061835,106.01,0.303,4
-118.441464,34.061835,106.02,0.246,4
-118.441167,34.061835,106.13,0.193,4
-118.44087,34.061835,106.09,0.248,4
-118.440574,34.061835,105.78,0.334,4
-118.440277,34.061835,105.24,0.388,4
-118.43998,34.061835,104.61,0.448,4
-118.439683,34.061835,103.78,0.424,4
-118.439387,34.061835,103.16,0.399,4
-118.43909,34.061835,102.62,0.365,4
-118.438793,34.061835,102.24,0.369,4
-118.438496,34.061835,101.91,0.367,4
-118.4382,34.061835,101.51,0.364,4
-118.437903,34.061835,101.09,0.381,4
-118.437606,34.061835,100.86,0.397,4
-118.437309,34.061835,100.92,0.387,4
-118.437012,34.061835,101.13,0.377,4
-118.436716,34.061835,101.35,0.384,4
-118.436419,34.061835,101.51,0.454,4
-118.436122,34.061835,101.59,0.435,4
-118.435825,34.061835,101.79,0.5,4
-118.435529,34.061835,101.69,0.4,4
-118.435232,34.061835,101.39,0.306,4
-118.452444,34.061538,92.26,0.72,4
-118.452148,34.061538,92.34,0.739,4
-118.451851,34.061538,92.99,0.717,4
-118.451554,34.061538,94.17,0.678,4
-118.451257,34.061538,95.81,0.594,4
-118.450961,34.061538,97.74,0.413,4
-118.450664,34.061538,99.44,0.255,4
-118.450367,34.061538,100.73,0.22,4
-118.45007,34.061538,101.89,0.172,4
-118.449774,34.061538,103.17,0.235,4
-118.449477,34.061538,103.98,0.26,4
-118.44918,34.061538,104.75,0.257,4
-118.448883,34.061538,105.54,0.24,4
-118.448586,34.061538,106.27,0.202,4
-118.44829,34.061538,106.91,0.163,4
-118.447993,34.061538,107.81,0.17,4
-118.447696,34.061538,108.76,0.228,4
-118.447399,34.061538,109.04,0.231,4
-118.447103,34.061538,109.13,0.098,4
-118.446806,34.061538,109.18,0.117,4
-118.446509,34.061538,109.05,0.249,4
-118.446212,34.061538,108.74,0.232,4
-118.445916,34.061538,108.21,0.108,4
-118.445619,34.061538,108.09,0.123,4
-118.445322,34.061538,108.17,0.139,4
-118.445025,34.061538,108.17,0.086,4
-118.444728,34.061538,108.16,0.106,4
-118.444432,34.061538,108.3,0.198,4
-118.444135,34.061538,108.69,0.201,4
-118.443838,34.061538,109.36,0.147,4
-118.443541,34.061538,109.56,0.152,4
-118.443245,34.061538,109.5,0.198,4
-118.442948,34.061538,109.04,0.225,4
-118.442651,34.061538,108.48,0.149,4
-118.442354,34.061538,107.92,0.096,4
-118.442058,34.061538,107.39,0.124,4
-118.441761,34.061538,106.98,0.203,4
-118.441464,34.061538,106.77,0.239,4
-118.441167,34.061538,106.69,0.214,4
-118.44087,34.061538,106.53,0.219,4
-118.440574,34.061538,106.18,0.276,4
-118.440277,34.061538,105.58,0.274,4
-118.43998,34.061538,104.66,0.331,4
-118.439683,34.061538,103.92,0.358,4
-118.439387,34.061538,103.24,0.436,4
-118.43909,34.061538,102.66,0.414,4
-118.438793,34.061538,102.21,0.375,4
-118.438496,34.061538,101.71,0.403,4
-118.4382,34.061538,101.11,0.409,4
-118.437903,34.061538,100.56,0.407,4
-118.437606,34.061538,100.3,0.42,4
-118.437309,34.061538,100.44,0.41,4
-118.437012,34.061538,100.79,0.397,4
-118.436716,34.061538,101.17,0.354,4
-118.436419,34.061538,101.53,0.284,4
-118.436122,34.061538,101.82,0.296,4
-118.435825,34.061538,102.2,0.369,4
-118.435529,34.061538,102.25,0.244,4
-118.435232,34.061538,102.05,0.139,4
-118.452148,34.061242,91.89,0.739,4
-118.451851,34.061242,92.25,0.718,4
-118.451554,34.061242,93.12,0.694,4
-118.451257,34.061242,94.38,0.668,4
-118.450961,34.061242,96.03,0.585,4
-118.450664,34.061242,97.89,0.407,4
-118.450367,34.061242,99.7,0.184,4
-118.45007,34.061242,101,0.119,4
-118.449774,34.061242,102.25,0.228,4
-118.449477,34.061242,103.11,0.285,4
-118.44918,34.061242,103.91,0.257,4
-118.448883,34.061242,104.75,0.228,4
-118.448586,34.061242,105.56,0.202,4
-118.44829,34.061242,106.36,0.229,4
-118.447993,34.061242,107.44,0.245,4
-118.447696,34.061242,108.54,0.2,4
-118.447399,34.061242,108.92,0.189,4
-118.447103,34.061242,109.11,0.123,4
-118.446806,34.061242,109.14,0.069,4
-118.446509,34.061242,108.85,0.094,4
-118.446212,34.061242,108.39,0.21,4
-118.445916,34.061242,107.81,0.206,4
-118.445619,34.061242,107.69,0.159,4
-118.445322,34.061242,107.76,0.117,4
-118.445025,34.061242,107.82,0.079,4
-118.444728,34.061242,107.9,0.095,4
-118.444432,34.061242,108.12,0.155,4
-118.444135,34.061242,108.64,0.157,4
-118.443838,34.061242,109.45,0.101,4
-118.443541,34.061242,109.79,0.086,4
-118.443245,34.061242,109.89,0.168,4
-118.442948,34.061242,109.51,0.176,4
-118.442651,34.061242,109.07,0.144,4
-118.442354,34.061242,108.57,0.108,4
-118.442058,34.061242,108.05,0.121,4
-118.441761,34.061242,107.58,0.222,4
-118.441464,34.061242,107.23,0.222,4
-118.441167,34.061242,106.98,0.158,4
-118.44087,34.061242,106.74,0.186,4
-118.440574,34.061242,106.38,0.215,4
-118.440277,34.061242,105.76,0.248,4
-118.43998,34.061242,104.77,0.256,4
-118.439683,34.061242,104.04,0.29,4
-118.439387,34.061242,103.36,0.352,4
-118.43909,34.061242,102.79,0.372,4
-118.438793,34.061242,102.29,0.344,4
-118.438496,34.061242,101.65,0.364,4
-118.4382,34.061242,100.89,0.383,4
-118.437903,34.061242,100.24,0.374,4
-118.437606,34.061242,99.96,0.33,4
-118.437309,34.061242,100.13,0.277,4
-118.437012,34.061242,100.52,0.292,4
-118.436716,34.061242,101.01,0.235,4
-118.436419,34.061242,101.49,0.144,4
-118.436122,34.061242,101.92,0.113,4
-118.435825,34.061242,102.44,0.221,4
-118.435529,34.061242,102.64,0.194,4
-118.435232,34.061242,102.63,0.138,4
-118.451851,34.060945,91.81,0.751,4
-118.451554,34.060945,92.18,0.733,4
-118.451257,34.060945,93.14,0.695,4
-118.450961,34.060945,94.48,0.659,4
-118.450664,34.060945,96.1,0.563,4
-118.450367,34.060945,97.86,0.362,4
-118.45007,34.060945,99.28,0.231,4
-118.449774,34.060945,100.58,0.232,4
-118.449477,34.060945,101.59,0.183,4
-118.44918,34.060945,102.44,0.231,4
-118.448883,34.060945,103.69,0.233,4
-118.448586,34.060945,104.81,0.185,4
-118.44829,34.060945,105.72,0.184,4
-118.447993,34.060945,106.66,0.206,4
-118.447696,34.060945,107.45,0.167,4
-118.447399,34.060945,107.86,0.13,4
-118.447103,34.060945,108.06,0.197,4
-118.446806,34.060945,108.12,0.12,4
-118.446509,34.060945,107.8,0.065,4
-118.446212,34.060945,107.32,0.122,4
-118.445916,34.060945,107.74,0.264,4
-118.445619,34.060945,107.92,0.195,4
-118.445322,34.060945,107.98,0.121,4
-118.445025,34.060945,108.37,0.126,4
-118.444728,34.060945,108.77,0.173,4
-118.444432,34.060945,108.97,0.186,4
-118.444135,34.060945,109.28,0.122,4
-118.443838,34.060945,109.48,0.075,4
-118.443541,34.060945,109.43,0.087,4
-118.443245,34.060945,109.55,0.211,4
-118.442948,34.060945,109.15,0.193,4
-118.442651,34.060945,108.88,0.153,4
-118.442354,34.060945,108.55,0.125,4
-118.442058,34.060945,108.17,0.143,4
-118.441761,34.060945,107.78,0.24,4
-118.441464,34.060945,107.42,0.266,4
-118.441167,34.060945,107.05,0.22,4
-118.44087,34.060945,106.66,0.221,4
-118.440574,34.060945,106.22,0.223,4
-118.440277,34.060945,105.57,0.243,4
-118.43998,34.060945,104.54,0.299,4
-118.439683,34.060945,103.82,0.347,4
-118.439387,34.060945,103.17,0.357,4
-118.43909,34.060945,102.64,0.354,4
-118.438793,34.060945,102.14,0.287,4
-118.438496,34.060945,101.49,0.242,4
-118.4382,34.060945,100.74,0.229,4
-118.437903,34.060945,100.1,0.217,4
-118.437606,34.060945,99.82,0.201,4
-118.437309,34.060945,99.95,0.193,4
-118.437012,34.060945,100.29,0.189,4
-118.436716,34.060945,100.79,0.199,4
-118.436419,34.060945,101.29,0.162,4
-118.436122,34.060945,101.77,0.113,4
-118.451554,34.060648,91.81,0.739,4
-118.451257,34.060648,92.28,0.75,4
-118.450961,34.060648,93.26,0.699,4
-118.450664,34.060648,94.48,0.655,4
-118.450367,34.060648,95.88,0.621,4
-118.45007,34.060648,97.49,0.402,4
-118.449774,34.060648,98.94,0.329,4
-118.449477,34.060648,100.3,0.206,4
-118.44918,34.060648,101.44,0.165,4
-118.448883,34.060648,102.8,0.246,4
-118.448586,34.060648,104.02,0.267,4
-118.44829,34.060648,104.99,0.215,4
-118.447993,34.060648,105.92,0.17,4
-118.447696,34.060648,106.71,0.12,4
-118.447399,34.060648,107.11,0.087,4
-118.447103,34.060648,107.34,0.164,4
-118.446806,34.060648,107.43,0.172,4
-118.446509,34.060648,107.23,0.098,4
-118.446212,34.060648,106.9,0.131,4
-118.445916,34.060648,107.41,0.164,4
-118.445619,34.060648,107.7,0.123,4
-118.445322,34.060648,107.87,0.1,4
-118.445025,34.060648,108.28,0.12,4
-118.444728,34.060648,108.61,0.153,4
-118.444432,34.060648,108.64,0.16,4
-118.444135,34.060648,108.7,0.115,4
-118.443838,34.060648,108.72,0.068,4
-118.443541,34.060648,108.97,0.09,4
-118.443245,34.060648,109.03,0.209,4
-118.442948,34.060648,108.27,0.146,4
-118.442651,34.060648,108.09,0.148,4
-118.442354,34.060648,107.99,0.157,4
-118.442058,34.060648,107.82,0.212,4
-118.441761,34.060648,107.58,0.291,4
-118.441464,34.060648,107.3,0.3,4
-118.441167,34.060648,106.87,0.246,4
-118.44087,34.060648,106.29,0.224,4
-118.440574,34.060648,105.73,0.239,4
-118.440277,34.060648,105.02,0.261,4
-118.43998,34.060648,103.95,0.318,4
-118.439683,34.060648,103.2,0.337,4
-118.439387,34.060648,102.57,0.27,4
-118.43909,34.060648,102.09,0.231,4
-118.438793,34.060648,101.68,0.165,4
-118.438496,34.060648,101.22,0.127,4
-118.4382,34.060648,100.68,0.127,4
-118.437903,34.060648,100.17,0.144,4
-118.437606,34.060648,99.86,0.183,4
-118.437309,34.060648,99.89,0.216,4
-118.437012,34.060648,100.11,0.156,4
-118.451257,34.060351,91.81,0.736,4
-118.450961,34.060351,92.15,0.751,4
-118.450664,34.060351,92.99,0.707,4
-118.450367,34.060351,94.17,0.698,4
-118.45007,34.060351,95.64,0.602,4
-118.449774,34.060351,97.53,0.388,4
-118.449477,34.060351,98.9,0.384,4
-118.44918,34.060351,100.2,0.375,4
-118.448883,34.060351,101.88,0.397,4
-118.448586,34.060351,103.33,0.341,4
-118.44829,34.060351,104.37,0.255,4
-118.447993,34.060351,105.27,0.194,4
-118.447696,34.060351,105.97,0.106,4
-118.447399,34.060351,106.34,0.072,4
-118.447103,34.060351,106.59,0.082,4
-118.446806,34.060351,106.7,0.158,4
-118.446509,34.060351,106.62,0.163,4
-118.446212,34.060351,106.48,0.214,4
-118.445916,34.060351,107.19,0.158,4
-118.445619,34.060351,107.7,0.106,4
-118.445322,34.060351,108.05,0.097,4
-118.445025,34.060351,108.51,0.085,4
-118.444728,34.060351,108.73,0.085,4
-118.444432,34.060351,108.48,0.125,4
-118.444135,34.060351,108.12,0.143,4
-118.443838,34.060351,107.67,0.121,4
-118.443541,34.060351,107.67,0.115,4
-118.443245,34.060351,107.71,0.16,4
-118.442948,34.060351,106.97,0.127,4
-118.442651,34.060351,106.92,0.157,4
-118.442354,34.060351,107.09,0.165,4
-118.442058,34.060351,107.19,0.226,4
-118.441761,34.060351,107.16,0.279,4
-118.441464,34.060351,106.99,0.237,4
-118.441167,34.060351,106.58,0.157,4
-118.44087,34.060351,105.89,0.16,4
-118.440574,34.060351,105.17,0.226,4
-118.440277,34.060351,104.35,0.243,4
-118.43998,34.060351,103.2,0.267,4
-118.439683,34.060351,102.36,0.247,4
-118.439387,34.060351,101.75,0.19,4
-118.43909,34.060351,101.36,0.148,4
-118.438793,34.060351,101.11,0.129,4
-118.438496,34.060351,100.91,0.148,4
-118.4382,34.060351,100.69,0.167,4
-118.437903,34.060351,100.45,0.168,4
-118.450961,34.060055,91.68,0.778,4
-118.450664,34.060055,92.08,0.736,4
-118.450367,34.060055,93.01,0.689,4
-118.45007,34.060055,94.33,0.66,4
-118.449774,34.060055,96.09,0.548,4
-118.449477,34.060055,97.8,0.445,4
-118.44918,34.060055,99.37,0.359,4
-118.448883,34.060055,101.56,0.324,4
-118.448586,34.060055,103.4,0.278,4
-118.44829,34.060055,104.51,0.198,4
-118.447993,34.060055,105.3,0.116,4
-118.447696,34.060055,105.76,0.066,4
-118.447399,34.060055,106.07,0.088,4
-118.447103,34.060055,106.29,0.13,4
-118.446806,34.060055,106.42,0.126,4
-118.446509,34.060055,106.47,0.136,4
-118.446212,34.060055,106.49,0.199,4
-118.445916,34.060055,107.13,0.118,4
-118.445619,34.060055,107.74,0.079,4
-118.445322,34.060055,108.21,0.092,4
-118.445025,34.060055,108.44,0.105,4
-118.444728,34.060055,108.27,0.108,4
-118.444432,34.060055,107.71,0.12,4
-118.444135,34.060055,106.87,0.149,4
-118.443838,34.060055,106.05,0.181,4
-118.443541,34.060055,105.73,0.119,4
-118.443245,34.060055,105.73,0.133,4
-118.442948,34.060055,105.23,0.173,4
-118.442651,34.060055,105.33,0.173,4
-118.442354,34.060055,105.81,0.174,4
-118.442058,34.060055,106.29,0.223,4
-118.441761,34.060055,106.48,0.23,4
-118.441464,34.060055,106.36,0.175,4
-118.441167,34.060055,105.8,0.14,4
-118.44087,34.060055,104.71,0.179,4
-118.440574,34.060055,103.85,0.257,4
-118.440277,34.060055,102.94,0.263,4
-118.43998,34.060055,102.17,0.256,4
-118.439683,34.060055,101.31,0.194,4
-118.439387,34.060055,100.73,0.205,4
-118.43909,34.060055,100.5,0.182,4
-118.450664,34.059758,91.69,0.741,4
-118.450367,34.059758,92.27,0.675,4
-118.45007,34.059758,93.42,0.677,4
-118.449774,34.059758,94.9,0.676,4
-118.449477,34.059758,96.85,0.478,4
-118.44918,34.059758,98.92,0.217,4
-118.448883,34.059758,101.88,0.145,4
-118.448586,34.059758,104.25,0.166,4
-118.44829,34.059758,105.46,0.129,4
-118.447993,34.059758,106.09,0.075,4
-118.447696,34.059758,106.16,0.108,4
-118.447399,34.059758,106.44,0.228,4
-118.447103,34.059758,106.61,0.234,4
-118.446806,34.059758,106.73,0.107,4
-118.446509,34.059758,106.82,0.073,4
-118.446212,34.059758,106.92,0.142,4
-118.445916,34.059758,107.28,0.118,4
-118.445619,34.059758,107.8,0.092,4
-118.445322,34.059758,108.26,0.084,4
-118.445025,34.059758,108.16,0.099,4
-118.444728,34.059758,107.54,0.123,4
-118.444432,34.059758,106.72,0.138,4
-118.444135,34.059758,105.43,0.167,4
-118.443838,34.059758,104.39,0.194,4
-118.443541,34.059758,103.95,0.144,4
-118.443245,34.059758,103.93,0.153,4
-118.442948,34.059758,103.66,0.158,4
-118.442651,34.059758,103.88,0.123,4
-118.442354,34.059758,104.59,0.132,4
-118.442058,34.059758,105.35,0.189,4
-118.441761,34.059758,105.71,0.239,4
-118.441464,34.059758,105.64,0.246,4
-118.441167,34.059758,104.99,0.23,4
-118.44087,34.059758,103.66,0.231,4
-118.440574,34.059758,102.79,0.243,4
-118.440277,34.059758,101.91,0.218,4
-118.43998,34.059758,101.33,0.261,4
-118.450367,34.059461,91.95,0.658,4
-118.45007,34.059461,92.56,0.696,4
-118.449774,34.059461,93.89,0.698,4
-118.449477,34.059461,95.77,0.594,4
-118.44918,34.059461,98.03,0.332,4
-118.448883,34.059461,101.34,0.133,4
-118.448586,34.059461,104.07,0.068,4
-118.44829,34.059461,105.51,0.084,4
-118.447993,34.059461,106.35,0.122,4
-118.447696,34.059461,106.52,0.165,4
-118.447399,34.059461,106.82,0.243,4
-118.447103,34.059461,106.94,0.183,4
-118.446806,34.059461,107.01,0.08,4
-118.446509,34.059461,107.1,0.054,4
-118.446212,34.059461,107.22,0.071,4
-118.445916,34.059461,107.55,0.108,4
-118.445619,34.059461,107.94,0.124,4
-118.445322,34.059461,108.23,0.115,4
-118.445025,34.059461,107.97,0.101,4
-118.444728,34.059461,107.12,0.103,4
-118.444432,34.059461,106,0.119,4
-118.444135,34.059461,104.47,0.12,4
-118.443838,34.059461,103.36,0.131,4
-118.443541,34.059461,102.99,0.132,4
-118.443245,34.059461,102.96,0.137,4
-118.442948,34.059461,102.76,0.126,4
-118.442651,34.059461,103.08,0.093,4
-118.442354,34.059461,103.82,0.103,4
-118.442058,34.059461,104.61,0.173,4
-118.441761,34.059461,105.03,0.242,4
-118.441464,34.059461,105.01,0.228,4
-118.441167,34.059461,104.37,0.189,4
-118.44087,34.059461,103.19,0.249,4
-118.45007,34.059164,91.84,0.742,4
-118.449774,34.059164,92.91,0.717,4
-118.449477,34.059164,94.6,0.688,4
-118.44918,34.059164,96.8,0.541,4
-118.448883,34.059164,100.47,0.299,4
-118.448586,34.059164,103.68,0.145,4
-118.44829,34.059164,105.38,0.127,4
-118.447993,34.059164,106.51,0.133,4
-118.447696,34.059164,106.95,0.134,4
-118.447399,34.059164,107.4,0.111,4
-118.447103,34.059164,107.58,0.14,4
-118.446806,34.059164,107.65,0.093,4
-118.446509,34.059164,107.67,0.085,4
-118.446212,34.059164,107.63,0.076,4
-118.445916,34.059164,107.73,0.108,4
-118.445619,34.059164,107.8,0.134,4
-118.445322,34.059164,107.79,0.108,4
-118.445025,34.059164,107.33,0.072,4
-118.444728,34.059164,106.29,0.069,4
-118.444432,34.059164,105.04,0.075,4
-118.444135,34.059164,103.63,0.083,4
-118.443838,34.059164,102.75,0.064,4
-118.443541,34.059164,102.53,0.069,4
-118.443245,34.059164,102.67,0.095,4
-118.442948,34.059164,102.64,0.102,4
-118.442651,34.059164,102.92,0.1,4
-118.442354,34.059164,103.43,0.089,4
-118.442058,34.059164,103.97,0.086,4
-118.441761,34.059164,104.29,0.091,4
-118.441464,34.059164,104.39,0.096,4
-118.449774,34.058868,93.22,0.743,4
-118.449477,34.058868,94.5,0.714,4
-118.44918,34.058868,96.46,0.671,4
-118.448883,34.058868,98.93,0.533,4
-118.448586,34.058868,101.45,0.328,4
-118.44829,34.058868,103.6,0.171,4
-118.447993,34.058868,105.3,0.108,4
-118.447696,34.058868,106.75,0.08,4
-118.447399,34.058868,107.49,0.051,4
-118.447103,34.058868,107.73,0.084,4
-118.446806,34.058868,107.69,0.135,4
-118.446509,34.058868,107.6,0.107,4
-118.446212,34.058868,107.35,0.082,4
-118.445916,34.058868,106.46,0.092,4
-118.445619,34.058868,105.83,0.093,4
-118.445322,34.058868,105.56,0.064,4
-118.445025,34.058868,105.33,0.033,4
-118.444728,34.058868,104.87,0.031,4
-118.444432,34.058868,103.95,0.05,4
-118.444135,34.058868,102.97,0.066,4
-118.443838,34.058868,102.3,0.072,4
-118.443541,34.058868,102.29,0.098,4
-118.443245,34.058868,102.72,0.148,4
-118.442948,34.058868,103.32,0.13,4
-118.442651,34.058868,103.52,0.13,4
-118.449477,34.058571,94.67,0.712,4
-118.44918,34.058571,96.07,0.724,4
-118.448883,34.058571,97.44,0.695,4
-118.448586,34.058571,99.15,0.536,4
-118.44829,34.058571,101.59,0.304,4
-118.447993,34.058571,103.72,0.154,4
-118.447696,34.058571,105.81,0.095,4
-118.447399,34.058571,106.73,0.075,4
-118.447103,34.058571,107.04,0.066,4
-118.446806,34.058571,106.86,0.103,4
-118.446509,34.058571,106.62,0.081,4
-118.446212,34.058571,106.18,0.062,4
-118.445916,34.058571,104.89,0.079,4
-118.445619,34.058571,103.98,0.074,4
-118.445322,34.058571,103.73,0.046,4
-118.445025,34.058571,103.81,0.031,4
-118.444728,34.058571,103.93,0.038,4
-118.444432,34.058571,103.63,0.05,4
-118.444135,34.058571,103.23,0.051,4
-118.443838,34.058571,102.87,0.065,4
-118.443541,34.058571,103.27,0.15,4
-118.44918,34.058274,95.93,0.734,4
-118.448883,34.058274,96.35,0.722,4
-118.448586,34.058274,97.55,0.655,4
-118.44829,34.058274,99.74,0.487,4
-118.447993,34.058274,102.08,0.252,4
-118.447696,34.058274,104.26,0.133,4
-118.447399,34.058274,105.19,0.073,4
-118.447103,34.058274,105.35,0.072,4
-118.446806,34.058274,105.1,0.067,4
-118.446509,34.058274,104.75,0.059,4
-118.446212,34.058274,104.29,0.047,4
-118.445916,34.058274,103.01,0.053,4
-118.445619,34.058274,102.29,0.061,4
-118.445322,34.058274,102.42,0.058,4
-118.445025,34.058274,102.95,0.056,4
-118.444728,34.058274,103.58,0.06,4
-118.444432,34.058274,103.85,0.044,4
-118.448586,34.057977,98.45,0.686,4
-118.44829,34.057977,99.92,0.563,4
-118.447993,34.057977,101.33,0.283,4
-118.447696,34.057977,102.55,0.105,4
-118.447399,34.057977,103.17,0.072,4
-118.447103,34.057977,103.22,0.071,4
-118.446806,34.057977,103.08,0.053,4
-118.446509,34.057977,102.93,0.064,4
-118.446212,34.057977,102.77,0.054,4
-118.445916,34.057977,101.84,0.061,4
-118.445619,34.057977,101.47,0.134,4
-118.445322,34.057977,101.63,0.192,4
-118.44829,34.057681,99.56,0.36,4
-118.447993,34.057681,100.57,0.186,4
-118.447696,34.057681,101.46,0.102,4
-118.447399,34.057681,101.9,0.068,4
-118.447103,34.057681,102.05,0.032,4
-118.446806,34.057681,102.03,0.052,4
-118.446509,34.057681,102.05,0.079,4
-118.44829,34.057384,99.67,0.352,4
-118.447993,34.057384,100.51,0.328,4
-118.447696,34.057384,101.26,0.238,4
-118.447399,34.057384,101.67,0.11,4
