"longitude","latitude","temperature","ndvi","valid_observations"
-120.418538,37.384189,127.86,0.266,4
-120.418236,37.384189,128.14,0.258,4
-120.417934,37.384189,128.09,0.241,4
-120.420654,37.383886,123.91,0.266,4
-120.420352,37.383886,124.95,0.261,4
-120.420049,37.383886,126,0.255,4
-120.419747,37.383886,126.79,0.261,4
-120.419445,37.383886,127.26,0.265,4
-120.419143,37.383886,127.7,0.258,4
-120.41884,37.383886,128.05,0.26,4
-120.418538,37.383886,128.25,0.258,4
-120.418236,37.383886,128.6,0.252,4
-120.417934,37.383886,128.38,0.244,4
-120.417631,37.383886,128.44,0.241,4
-120.421561,37.383584,111.76,0.355,4
-120.421259,37.383584,117.69,0.265,4
-120.420956,37.383584,120.73,0.264,4
-120.420654,37.383584,123.22,0.262,4
-120.420352,37.383584,124.88,0.255,4
-120.420049,37.383584,126,0.25,4
-120.419747,37.383584,126.73,0.249,4
-120.419445,37.383584,127.39,0.248,4
-120.419143,37.383584,127.97,0.244,4
-120.41884,37.383584,128.53,0.249,4
-120.418538,37.383584,128.77,0.252,4
-120.418236,37.383584,128.89,0.25,4
-120.417934,37.383584,128.59,0.246,4
-120.417631,37.383584,128.59,0.244,4
-120.42277,37.383282,94.95,0.557,4
-120.422468,37.383282,96.94,0.592,4
-120.422165,37.383282,100.07,0.566,4
-120.421863,37.383282,104.84,0.509,4
-120.421561,37.383282,111.17,0.363,4
-120.421259,37.383282,117.44,0.251,4
-120.420956,37.383282,120.37,0.259,4
-120.420654,37.383282,122.86,0.258,4
-120.420352,37.383282,124.87,0.255,4
-120.420049,37.383282,126.06,0.252,4
-120.419747,37.383282,126.83,0.25,4
-120.419445,37.383282,127.52,0.247,4
-120.419143,37.383282,128.15,0.244,4
-120.41884,37.383282,128.73,0.25,4
-120.418538,37.383282,128.98,0.251,4
-120.418236,37.383282,129.13,0.253,4
-120.417934,37.383282,128.82,0.252,4
-120.417631,37.383282,128.8,0.251,4
-120.417329,37.383282,128.87,0.248,4
-120.417027,37.383282,128.93,0.246,4
-120.416724,37.383282,128.98,0.245,4
-120.423374,37.38298,83.93,-0.203,4
-120.423072,37.38298,85.19,-0.088,4
-120.42277,37.38298,89.25,-0.002,4
-120.422468,37.38298,93.61,0.069,4
-120.422165,37.38298,97.8,0.271,4
-120.421863,37.38298,103.95,0.515,4
-120.421561,37.38298,110.98,0.426,4
-120.421259,37.38298,117.36,0.262,4
-120.420956,37.38298,120.48,0.262,4
-120.420654,37.38298,123.26,0.26,4
-120.420352,37.38298,125.45,0.259,4
-120.420049,37.38298,126.53,0.257,4
-120.419747,37.38298,127.2,0.256,4
-120.419445,37.38298,127.88,0.251,4
-120.419143,37.38298,128.41,0.246,4
-120.41884,37.38298,128.73,0.25,4
-120.418538,37.38298,128.95,0.252,4
-120.418236,37.38298,129.12,0.255,4
-120.417934,37.38298,128.8,0.255,4
-120.417631,37.38298,128.78,0.256,4
-120.417329,37.38298,128.79,0.254,4
-120.417027,37.38298,128.78,0.25,4
-120.416724,37.38298,128.77,0.244,4
-120.416422,37.38298,128.74,0.239,4
-120.424281,37.382677,79.4,-0.195,4
-120.423979,37.382677,80.07,-0.22,4
-120.423677,37.382677,80.87,-0.22,4
-120.423374,37.382677,81.78,-0.199,4
-120.423072,37.382677,83.06,-0.206,4
-120.42277,37.382677,85.2,-0.238,4
-120.422468,37.382677,88.46,-0.207,4
-120.422165,37.382677,94.8,0.108,4
-120.421863,37.382677,103.92,0.494,4
-120.421561,37.382677,111.37,0.364,4
-120.421259,37.382677,117.54,0.271,4
-120.420956,37.382677,120.58,0.267,4
-120.420654,37.382677,123.55,0.262,4
-120.420352,37.382677,125.81,0.259,4
-120.420049,37.382677,126.8,0.258,4
-120.419747,37.382677,127.44,0.257,4
-120.419445,37.382677,128.1,0.256,4
-120.419143,37.382677,128.55,0.258,4
-120.41884,37.382677,128.74,0.261,4
-120.418538,37.382677,128.92,0.257,4
-120.418236,37.382677,129.07,0.254,4
-120.417934,37.382677,128.71,0.255,4
-120.417631,37.382677,128.68,0.258,4
-120.417329,37.382677,128.65,0.255,4
-120.417027,37.382677,128.6,0.249,4
-120.416724,37.382677,128.6,0.242,4
-120.416422,37.382677,128.63,0.236,4
-120.426397,37.382375,76.53,-0.136,4
-120.426095,37.382375,76.37,-0.123,4
-120.425793,37.382375,76.34,-0.115,4
-120.42549,37.382375,76.67,-0.122,4
-120.425188,37.382375,76.93,-0.131,4
-120.424886,37.382375,77.19,-0.14,4
-120.424584,37.382375,77.53,-0.149,4
-120.424281,37.382375,78.02,-0.157,4
-120.423979,37.382375,78.62,-0.168,4
-120.423677,37.382375,79.3,-0.174,4
-120.423374,37.382375,80.25,-0.161,4
-120.423072,37.382375,81.64,-0.147,4
-120.42277,37.382375,83.95,-0.142,4
-120.422468,37.382375,88.91,-0.08,4
-120.422165,37.382375,96.31,0.233,4
-120.421863,37.382375,104.61,0.514,4
-120.421561,37.382375,112.22,0.31,4
-120.421259,37.382375,117.97,0.261,4
-120.420956,37.382375,120.91,0.263,4
-120.420654,37.382375,123.89,0.263,4
-120.420352,37.382375,126.06,0.259,4
-120.420049,37.382375,126.93,0.257,4
-120.419747,37.382375,127.57,0.256,4
-120.419445,37.382375,128.22,0.257,4
-120.419143,37.382375,128.61,0.26,4
-120.41884,37.382375,128.72,0.262,4
-120.418538,37.382375,128.86,0.26,4
-120.418236,37.382375,128.96,0.26,4
-120.417934,37.382375,128.57,0.256,4
-120.417631,37.382375,128.56,0.256,4
-120.417329,37.382375,128.53,0.253,4
-120.417027,37.382375,128.48,0.249,4
-120.416724,37.382375,128.51,0.243,4
-120.416422,37.382375,128.61,0.239,4
-120.41612,37.382375,128.7,0.24,4
-120.427304,37.382073,75.85,-0.185,4
-120.427002,37.382073,75.99,-0.199,4
-120.426699,37.382073,76.07,-0.171,4
-120.426397,37.382073,76.18,-0.12,4
-120.426095,37.382073,76.14,-0.102,4
-120.425793,37.382073,76.17,-0.102,4
-120.42549,37.382073,76.25,-0.108,4
-120.425188,37.382073,76.38,-0.115,4
-120.424886,37.382073,76.55,-0.121,4
-120.424584,37.382073,76.82,-0.127,4
-120.424281,37.382073,77.23,-0.131,4
-120.423979,37.382073,77.74,-0.128,4
-120.423677,37.382073,78.31,-0.13,4
-120.423374,37.382073,79.28,-0.13,4
-120.423072,37.382073,80.74,-0.129,4
-120.42277,37.382073,83.16,-0.129,4
-120.422468,37.382073,89.5,-0.05,4
-120.422165,37.382073,97.67,0.26,4
-120.421863,37.382073,105.56,0.482,4
-120.421561,37.382073,113.05,0.292,4
-120.421259,37.382073,118.29,0.249,4
-120.420956,37.382073,121.26,0.26,4
-120.420654,37.382073,124.2,0.263,4
-120.420352,37.382073,126.21,0.26,4
-120.420049,37.382073,126.96,0.261,4
-120.419747,37.382073,127.61,0.257,4
-120.419445,37.382073,128.26,0.256,4
-120.419143,37.382073,128.57,0.26,4
-120.41884,37.382073,128.61,0.261,4
-120.418538,37.382073,128.7,0.261,4
-120.418236,37.382073,128.75,0.261,4
-120.417934,37.382073,128.35,0.262,4
-120.417631,37.382073,128.38,0.255,4
-120.417329,37.382073,128.39,0.249,4
-120.417027,37.382073,128.42,0.248,4
-120.416724,37.382073,128.5,0.245,4
-120.416422,37.382073,128.64,0.242,4
-120.41612,37.382073,128.76,0.242,4
-120.415818,37.382073,128.79,0.244,4
-120.428513,37.381771,75.33,-0.133,3
-120.428211,37.381771,75.29,-0.126,4
-120.427909,37.381771,75.31,-0.126,4
-120.427606,37.381771,75.42,-0.134,4
-120.427304,37.381771,75.52,-0.147,4
-120.427002,37.381771,75.6,-0.157,4
-120.426699,37.381771,75.68,-0.142,4
-120.426397,37.381771,75.75,-0.103,4
-120.426095,37.381771,75.8,-0.093,4
-120.425793,37.381771,75.88,-0.095,4
-120.42549,37.381771,75.98,-0.098,4
-120.425188,37.381771,76.09,-0.1,4
-120.424886,37.381771,76.24,-0.103,4
-120.424584,37.381771,76.5,-0.108,4
-120.424281,37.381771,76.89,-0.112,4
-120.423979,37.381771,77.35,-0.112,4
-120.423677,37.381771,77.85,-0.108,4
-120.423374,37.381771,78.79,-0.102,4
-120.423072,37.381771,80.4,-0.111,4
-120.42277,37.381771,82.79,-0.121,4
-120.422468,37.381771,89.73,0.017,4
-120.422165,37.381771,98.35,0.326,4
-120.421863,37.381771,106.34,0.484,4
-120.421561,37.381771,113.46,0.322,4
-120.421259,37.381771,118.3,0.24,4
-120.420956,37.381771,121.42,0.263,4
-120.420654,37.381771,124.37,0.265,4
-120.420352,37.381771,126.23,0.264,4
-120.420049,37.381771,126.93,0.262,4
-120.419747,37.381771,127.62,0.258,4
-120.419445,37.381771,128.23,0.257,4
-120.419143,37.381771,128.46,0.26,4
-120.41884,37.381771,128.43,0.262,4
-120.418538,37.381771,128.45,0.263,4
-120.418236,37.381771,128.46,0.261,4
-120.417934,37.381771,128.07,0.261,4
-120.417631,37.381771,128.17,0.253,4
-120.417329,37.381771,128.26,0.251,4
-120.417027,37.381771,128.34,0.255,4
-120.416724,37.381771,128.46,0.247,4
-120.416422,37.381771,128.62,0.238,4
-120.41612,37.381771,128.77,0.239,4
-120.415818,37.381771,128.87,0.241,4
-120.415515,37.381771,129.02,0.244,4
-120.42942,37.381468,75.06,-0.173,2
-120.429118,37.381468,74.96,-0.171,2
-120.428815,37.381468,75.07,-0.18,3
-120.428513,37.381468,75.15,-0.155,3
-120.428211,37.381468,75.26,-0.134,3
-120.427909,37.381468,75.38,-0.126,3
-120.427606,37.381468,75.49,-0.126,3
-120.427304,37.381468,75.49,-0.122,3
-120.427002,37.381468,75.4,-0.111,4
-120.426699,37.381468,75.47,-0.099,4
-120.426397,37.381468,75.55,-0.092,4
-120.426095,37.381468,75.59,-0.087,4
-120.425793,37.381468,75.66,-0.091,4
-120.42549,37.381468,75.74,-0.091,4
-120.425188,37.381468,75.83,-0.093,4
-120.424886,37.381468,75.98,-0.099,4
-120.424584,37.381468,76.25,-0.104,4
-120.424281,37.381468,76.65,-0.105,4
-120.423979,37.381468,77.11,-0.112,4
-120.423677,37.381468,77.59,-0.115,4
-120.423374,37.381468,78.5,-0.103,4
-120.423072,37.381468,80.22,-0.101,4
-120.42277,37.381468,83.78,-0.1,4
-120.422468,37.381468,90.79,0.064,4
-120.422165,37.381468,98.99,0.372,4
-120.421863,37.381468,106.73,0.483,4
-120.421561,37.381468,113.35,0.316,4
-120.421259,37.381468,118,0.242,4
-120.420956,37.381468,121.34,0.258,4
-120.420654,37.381468,124.38,0.263,4
-120.420352,37.381468,126.18,0.266,4
-120.420049,37.381468,126.89,0.259,4
-120.419747,37.381468,127.61,0.257,4
-120.419445,37.381468,128.17,0.257,4
-120.419143,37.381468,128.33,0.257,4
-120.41884,37.381468,128.24,0.258,4
-120.418538,37.381468,128.22,0.258,4
-120.418236,37.381468,128.2,0.256,4
-120.417934,37.381468,127.84,0.258,4
-120.417631,37.381468,128,0.252,4
-120.417329,37.381468,128.15,0.251,4
-120.417027,37.381468,128.27,0.252,4
-120.416724,37.381468,128.37,0.245,4
-120.416422,37.381468,128.49,0.242,4
-120.41612,37.381468,128.59,0.245,4
-120.415818,37.381468,128.69,0.242,4
-120.415515,37.381468,128.85,0.241,4
-120.415213,37.381468,128.86,0.248,4
-120.431234,37.381166,75.62,-0.187,2
-120.430931,37.381166,75.42,-0.176,2
-120.430629,37.381166,75.23,-0.157,2
-120.430327,37.381166,75.11,-0.145,2
-120.430024,37.381166,74.97,-0.139,2
-120.429722,37.381166,74.9,-0.145,2
-120.42942,37.381166,74.85,-0.154,2
-120.429118,37.381166,74.79,-0.177,2
-120.428815,37.381166,74.87,-0.196,3
-120.428513,37.381166,74.97,-0.166,3
-120.428211,37.381166,75.1,-0.14,3
-120.427909,37.381166,75.25,-0.123,3
-120.427606,37.381166,75.39,-0.115,3
-120.427304,37.381166,75.4,-0.107,3
-120.427002,37.381166,75.29,-0.092,4
-120.426699,37.381166,75.42,-0.086,4
-120.426397,37.381166,75.79,-0.087,3
-120.426095,37.381166,75.59,-0.087,4
-120.425793,37.381166,75.57,-0.09,4
-120.42549,37.381166,75.61,-0.092,4
-120.425188,37.381166,75.68,-0.093,4
-120.424886,37.381166,75.84,-0.097,4
-120.424584,37.381166,76.12,-0.1,4
-120.424281,37.381166,76.51,-0.103,4
-120.423979,37.381166,76.93,-0.109,4
-120.423677,37.381166,77.34,-0.1,4
-120.423374,37.381166,78.13,-0.102,4
-120.423072,37.381166,79.93,-0.101,4
-120.42277,37.381166,84.29,-0.091,4
-120.422468,37.381166,91.26,0.07,4
-120.422165,37.381166,99.24,0.427,4
-120.421863,37.381166,106.71,0.525,4
-120.421561,37.381166,112.87,0.312,4
-120.421259,37.381166,117.55,0.247,4
-120.420956,37.381166,121.12,0.25,4
-120.420654,37.381166,124.3,0.258,4
-120.420352,37.381166,126.11,0.265,4
-120.420049,37.381166,126.86,0.258,4
-120.419747,37.381166,127.61,0.256,4
-120.419445,37.381166,128.1,0.257,4
-120.419143,37.381166,128.19,0.256,4
-120.41884,37.381166,128.1,0.253,4
-120.418538,37.381166,128.09,0.25,4
-120.418236,37.381166,128.05,0.254,4
-120.417934,37.381166,127.71,0.257,4
-120.417631,37.381166,127.89,0.249,4
-120.417329,37.381166,128.06,0.248,4
-120.417027,37.381166,128.18,0.243,4
-120.416724,37.381166,128.23,0.24,4
-120.416422,37.381166,128.26,0.242,4
-120.41612,37.381166,128.3,0.241,4
-120.415818,37.381166,128.37,0.236,4
-120.415515,37.381166,128.57,0.238,4
-120.415213,37.381166,128.68,0.246,4
-120.43214,37.380864,79.8,-0.192,2
-120.431838,37.380864,77.66,-0.189,2
-120.431536,37.380864,76.31,-0.192,2
-120.431234,37.380864,75.58,-0.192,2
-120.430931,37.380864,75.29,-0.175,2
-120.430629,37.380864,75.05,-0.156,2
-120.430327,37.380864,74.84,-0.14,2
-120.430024,37.380864,74.72,-0.132,2
-120.429722,37.380864,74.68,-0.133,2
-120.42942,37.380864,74.67,-0.129,2
-120.429118,37.380864,74.66,-0.136,2
-120.428815,37.380864,74.73,-0.162,3
-120.428513,37.380864,74.82,-0.146,3
-120.428211,37.380864,74.93,-0.131,3
-120.427909,37.380864,75.06,-0.117,3
-120.427606,37.380864,75.2,-0.107,3
-120.427304,37.380864,75.27,-0.095,3
-120.427002,37.380864,75.25,-0.082,4
-120.426699,37.380864,75.36,-0.083,4
-120.426397,37.380864,75.72,-0.085,3
-120.426095,37.380864,75.73,-0.091,3
-120.425793,37.380864,75.55,-0.092,4
-120.42549,37.380864,75.57,-0.098,4
-120.425188,37.380864,75.64,-0.099,4
-120.424886,37.380864,75.81,-0.1,4
-120.424584,37.380864,76.11,-0.097,4
-120.424281,37.380864,76.47,-0.092,4
-120.423979,37.380864,77.13,-0.096,4
-120.423677,37.380864,78.56,-0.089,4
-120.423374,37.380864,79.22,-0.085,4
-120.423072,37.380864,81.11,-0.084,4
-120.42277,37.380864,86.28,-0.083,4
-120.422468,37.380864,92.04,0.081,4
-120.422165,37.380864,99.2,0.456,4
-120.421863,37.380864,106.24,0.543,4
-120.421561,37.380864,112.08,0.333,4
-120.421259,37.380864,117.1,0.251,4
-120.420956,37.380864,121.31,0.254,4
-120.420654,37.380864,124.19,0.257,4
-120.420352,37.380864,126.12,0.261,4
-120.420049,37.380864,126.64,0.262,4
-120.419747,37.380864,127.31,0.26,4
-120.419445,37.380864,127.74,0.26,4
-120.419143,37.380864,127.73,0.258,4
-120.41884,37.380864,127.61,0.255,4
-120.418538,37.380864,127.64,0.254,4
-120.418236,37.380864,127.66,0.255,4
-120.417934,37.380864,127.6,0.257,4
-120.417631,37.380864,127.76,0.251,4
-120.417329,37.380864,127.92,0.248,4
-120.417027,37.380864,128,0.239,4
-120.416724,37.380864,128.01,0.236,4
-120.416422,37.380864,128.01,0.235,4
-120.41612,37.380864,128.01,0.233,4
-120.415818,37.380864,128.07,0.234,4
-120.415515,37.380864,128.33,0.237,4
-120.415213,37.380864,128.57,0.241,4
-120.414911,37.380864,128.93,0.24,4
-120.433349,37.380561,111.13,0.287,3
-120.433047,37.380561,103.54,0.165,3
-120.432745,37.380561,91.4,-0.059,3
-120.432443,37.380561,83.27,-0.198,2
-120.43214,37.380561,79.31,-0.169,2
-120.431838,37.380561,77.3,-0.169,2
-120.431536,37.380561,76.03,-0.159,2
-120.431234,37.380561,75.39,-0.171,2
-120.430931,37.380561,75.06,-0.164,2
-120.430629,37.380561,74.81,-0.146,2
-120.430327,37.380561,74.6,-0.137,2
-120.430024,37.380561,74.5,-0.13,2
-120.429722,37.380561,74.49,-0.119,2
-120.42942,37.380561,74.5,-0.115,2
-120.429118,37.380561,74.53,-0.113,3
-120.428815,37.380561,74.59,-0.122,3
-120.428513,37.380561,74.68,-0.126,3
-120.428211,37.380561,74.78,-0.118,3
-120.427909,37.380561,74.89,-0.111,3
-120.427606,37.380561,75.02,-0.099,3
-120.427304,37.380561,75.17,-0.083,3
-120.427002,37.380561,75.26,-0.075,3
-120.426699,37.380561,75.29,-0.083,4
-120.426397,37.380561,75.53,-0.094,3
-120.426095,37.380561,75.47,-0.092,4
-120.425793,37.380561,75.53,-0.094,4
-120.42549,37.380561,75.58,-0.096,4
-120.425188,37.380561,75.69,-0.097,4
-120.424886,37.380561,75.87,-0.098,4
-120.424584,37.380561,76.15,-0.095,4
-120.424281,37.380561,76.49,-0.088,4
-120.423979,37.380561,77.21,-0.086,4
-120.423677,37.380561,78.99,-0.086,4
-120.423374,37.380561,81.23,-0.082,4
-120.423072,37.380561,83.21,-0.079,4
-120.42277,37.380561,87.04,-0.072,4
-120.422468,37.380561,92,0.011,4
-120.422165,37.380561,98.8,0.36,4
-120.421863,37.380561,105.43,0.52,4
-120.421561,37.380561,111.08,0.381,4
-120.421259,37.380561,116.37,0.251,4
-120.420956,37.380561,121.04,0.256,4
-120.420654,37.380561,124.19,0.257,4
-120.420352,37.380561,126.33,0.259,4
-120.420049,37.380561,126.64,0.261,4
-120.419747,37.380561,127.17,0.262,4
-120.419445,37.380561,127.5,0.26,4
-120.419143,37.380561,127.44,0.259,4
-120.41884,37.380561,127.32,0.258,4
-120.418538,37.380561,127.36,0.256,4
-120.418236,37.380561,127.41,0.253,4
-120.417934,37.380561,127.5,0.254,4
-120.417631,37.380561,127.62,0.254,4
-120.417329,37.380561,127.74,0.244,4
-120.417027,37.380561,127.82,0.236,4
-120.416724,37.380561,127.84,0.235,4
-120.416422,37.380561,127.85,0.235,4
-120.41612,37.380561,127.84,0.235,4
-120.415818,37.380561,127.92,0.235,4
-120.415515,37.380561,128.19,0.236,4
-120.415213,37.380561,128.5,0.24,4
-120.414911,37.380561,128.94,0.238,4
-120.414609,37.380561,129.23,0.235,4
-120.434256,37.380259,127.71,0.224,4
-120.433954,37.380259,123.75,0.233,4
-120.433652,37.380259,119.17,0.243,4
-120.433349,37.380259,112.37,0.289,3
-120.433047,37.380259,100.85,0.136,3
-120.432745,37.380259,88.99,-0.087,3
-120.432443,37.380259,82.02,-0.159,2
-120.43214,37.380259,78.64,-0.141,2
-120.431838,37.380259,76.8,-0.128,2
-120.431536,37.380259,75.66,-0.122,2
-120.431234,37.380259,75.15,-0.137,2
-120.430931,37.380259,74.85,-0.141,2
-120.430629,37.380259,74.59,-0.138,2
-120.430327,37.380259,74.41,-0.132,2
-120.430024,37.380259,74.33,-0.121,2
-120.429722,37.380259,74.33,-0.111,2
-120.42942,37.380259,74.35,-0.109,2
-120.429118,37.380259,74.39,-0.088,3
-120.428815,37.380259,74.48,-0.089,3
-120.428513,37.380259,74.58,-0.105,3
-120.428211,37.380259,74.67,-0.096,3
-120.427909,37.380259,74.78,-0.086,3
-120.427606,37.380259,74.9,-0.076,3
-120.427304,37.380259,75.05,-0.068,3
-120.427002,37.380259,75.15,-0.068,3
-120.426699,37.380259,75.19,-0.078,4
-120.426397,37.380259,75.34,-0.09,4
-120.426095,37.380259,75.46,-0.091,4
-120.425793,37.380259,75.55,-0.094,4
-120.42549,37.380259,75.64,-0.09,4
-120.425188,37.380259,75.8,-0.088,3
-120.424886,37.380259,75.99,-0.09,4
-120.424584,37.380259,76.25,-0.089,4
-120.424281,37.380259,76.56,-0.086,4
-120.423979,37.380259,77.73,-0.085,4
-120.423677,37.380259,80.47,-0.085,4
-120.423374,37.380259,81.6,-0.08,4
-120.423072,37.380259,83.45,-0.074,4
-120.42277,37.380259,87.18,-0.068,4
-120.422468,37.380259,92.15,0.035,4
-120.422165,37.380259,98.55,0.377,4
-120.421863,37.380259,104.75,0.49,4
-120.421561,37.380259,110.51,0.353,4
-120.421259,37.380259,116.19,0.252,4
-120.420956,37.380259,121.04,0.254,4
-120.420654,37.380259,124.34,0.255,4
-120.420352,37.380259,126.69,0.255,4
-120.420049,37.380259,127.66,0.256,4
-120.419747,37.380259,127.36,0.261,4
-120.419445,37.380259,127.4,0.262,4
-120.419143,37.380259,127.38,0.261,4
-120.41884,37.380259,127.32,0.255,4
-120.418538,37.380259,127.38,0.25,4
-120.418236,37.380259,127.41,0.25,4
-120.417934,37.380259,127.46,0.25,4
-120.417631,37.380259,127.51,0.255,4
-120.417329,37.380259,127.59,0.243,4
-120.417027,37.380259,127.64,0.237,4
-120.416724,37.380259,127.67,0.234,4
-120.416422,37.380259,127.7,0.237,4
-120.41612,37.380259,127.69,0.237,4
-120.415818,37.380259,127.76,0.235,4
-120.415515,37.380259,128.02,0.237,4
-120.415213,37.380259,128.34,0.242,4
-120.414911,37.380259,128.82,0.243,4
-120.414609,37.380259,129.16,0.236,4
-120.414306,37.380259,129.58,0.237,4
-120.435163,37.379957,129.83,0.227,4
-120.434861,37.379957,130.28,0.226,4
-120.434559,37.379957,129.61,0.226,4
-120.434256,37.379957,127.24,0.227,4
-120.433954,37.379957,121.72,0.236,4
-120.433652,37.379957,116.46,0.249,3
-120.433349,37.379957,109.16,0.267,3
-120.433047,37.379957,97.53,0.064,3
-120.432745,37.379957,86.53,-0.117,3
-120.432443,37.379957,80.58,-0.115,2
-120.43214,37.379957,77.99,-0.113,2
-120.431838,37.379957,76.35,-0.105,2
-120.431536,37.379957,75.35,-0.105,2
-120.431234,37.379957,74.95,-0.115,2
-120.430931,37.379957,74.66,-0.142,2
-120.430629,37.379957,74.41,-0.139,2
-120.430327,37.379957,74.26,-0.127,2
-120.430024,37.379957,74.21,-0.117,2
-120.429722,37.379957,74.22,-0.104,2
-120.42942,37.379957,74.24,-0.086,3
-120.429118,37.379957,74.28,-0.075,3
-120.428815,37.379957,74.38,-0.074,3
-120.428513,37.379957,74.52,-0.085,3
-120.428211,37.379957,74.64,-0.085,3
-120.427909,37.379957,74.75,-0.082,3
-120.427606,37.379957,74.86,-0.076,3
-120.427304,37.379957,74.98,-0.067,3
-120.427002,37.379957,75.04,-0.065,3
-120.426699,37.379957,75.07,-0.074,4
-120.426397,37.379957,75.23,-0.088,4
-120.426095,37.379957,75.39,-0.089,4
-120.425793,37.379957,75.52,-0.087,4
-120.42549,37.379957,75.66,-0.083,4
-120.425188,37.379957,75.83,-0.086,4
-120.424886,37.379957,76.07,-0.088,4
-120.424584,37.379957,76.35,-0.086,4
-120.424281,37.379957,76.67,-0.083,4
-120.423979,37.379957,77.96,-0.082,4
-120.423677,37.379957,80.64,-0.081,4
-120.423374,37.379957,81.84,-0.077,4
-120.423072,37.379957,83.79,-0.074,4
-120.42277,37.379957,87.44,-0.071,4
-120.422468,37.379957,92.94,0.157,4
-120.422165,37.379957,98.56,0.5,4
-120.421863,37.379957,104.32,0.567,4
-120.421561,37.379957,110.39,0.396,4
-120.421259,37.379957,116.32,0.259,4
-120.420956,37.379957,121.17,0.257,4
-120.420654,37.379957,124.29,0.26,4
-120.420352,37.379957,126.55,0.258,4
-120.420049,37.379957,127.42,0.26,4
-120.419747,37.379957,127.05,0.259,4
-120.419445,37.379957,127.18,0.262,4
-120.419143,37.379957,127.24,0.265,4
-120.41884,37.379957,127.23,0.255,4
-120.418538,37.379957,127.27,0.242,4
-120.418236,37.379957,127.31,0.241,4
-120.417934,37.379957,127.47,0.242,4
-120.417631,37.379957,127.46,0.248,4
-120.417329,37.379957,127.51,0.245,4
-120.417027,37.379957,127.55,0.232,4
-120.416724,37.379957,127.57,0.227,4
-120.416422,37.379957,127.6,0.233,4
-120.41612,37.379957,127.79,0.237,4
-120.415818,37.379957,128.04,0.24,4
-120.415515,37.379957,128.26,0.245,4
-120.415213,37.379957,128.51,0.25,4
-120.414911,37.379957,128.7,0.256,4
-120.414609,37.379957,129.08,0.244,4
-120.414306,37.379957,129.54,0.24,4
-120.414004,37.379957,129.86,0.244,4
-120.437279,37.379655,122.53,0.244,4
-120.436977,37.379655,124.66,0.227,4
-120.436674,37.379655,126.31,0.224,4
-120.436372,37.379655,127.83,0.222,4
-120.43607,37.379655,128.85,0.224,4
-120.435768,37.379655,129.5,0.226,4
-120.435465,37.379655,129.67,0.228,4
-120.435163,37.379655,129.99,0.228,4
-120.434861,37.379655,130.48,0.226,3
-120.434559,37.379655,129.33,0.225,3
-120.434256,37.379655,126.7,0.227,3
-120.433954,37.379655,117.46,0.239,3
-120.433652,37.379655,111.36,0.255,2
-120.433349,37.379655,103.04,0.24,2
-120.433047,37.379655,93.07,0,2
-120.432745,37.379655,84.57,-0.144,2
-120.432443,37.379655,79.57,-0.103,2
-120.43214,37.379655,77.42,-0.097,2
-120.431838,37.379655,75.98,-0.093,2
-120.431536,37.379655,75.14,-0.091,2
-120.431234,37.379655,74.8,-0.095,2
-120.430931,37.379655,74.5,-0.11,2
-120.430629,37.379655,74.26,-0.126,2
-120.430327,37.379655,74.14,-0.12,2
-120.430024,37.379655,74.13,-0.113,2
-120.429722,37.379655,74.16,-0.096,2
-120.42942,37.379655,74.2,-0.073,3
-120.429118,37.379655,74.21,-0.087,3
-120.428815,37.379655,74.3,-0.085,3
-120.428513,37.379655,74.47,-0.074,3
-120.428211,37.379655,74.63,-0.075,3
-120.427909,37.379655,74.75,-0.072,3
-120.427606,37.379655,74.84,-0.064,3
-120.427304,37.379655,74.91,-0.06,3
-120.427002,37.379655,74.98,-0.063,3
-120.426699,37.379655,75.02,-0.068,3
-120.426397,37.379655,75.07,-0.078,4
-120.426095,37.379655,75.25,-0.085,4
-120.425793,37.379655,75.43,-0.08,4
-120.42549,37.379655,75.61,-0.08,4
-120.425188,37.379655,75.83,-0.086,4
-120.424886,37.379655,76.11,-0.089,4
-120.424584,37.379655,76.4,-0.087,4
-120.424281,37.379655,76.76,-0.081,4
-120.423979,37.379655,78.21,-0.078,4
-120.423677,37.379655,80.87,-0.079,4
-120.423374,37.379655,82.09,-0.076,4
-120.423072,37.379655,83.55,-0.082,4
-120.42277,37.379655,87.22,-0.071,4
-120.422468,37.379655,92.82,0.241,4
-120.422165,37.379655,98.2,0.582,4
-120.421863,37.379655,104.03,0.648,4
-120.421561,37.379655,110.37,0.454,4
-120.421259,37.379655,116.39,0.272,4
-120.420956,37.379655,121.15,0.26,4
-120.420654,37.379655,124.3,0.261,4
-120.420352,37.379655,126.29,0.264,4
-120.420049,37.379655,127.32,0.261,4
-120.419747,37.379655,127,0.262,4
-120.419445,37.379655,127.25,0.262,4
-120.419143,37.379655,127.59,0.256,4
-120.41884,37.379655,127.57,0.245,4
-120.418538,37.379655,127.39,0.233,4
-120.418236,37.379655,127.36,0.229,4
-120.417934,37.379655,127.45,0.232,4
-120.417631,37.379655,127.42,0.235,4
-120.417329,37.379655,127.43,0.234,4
-120.417027,37.379655,127.45,0.232,4
-120.416724,37.379655,127.48,0.233,4
-120.416422,37.379655,127.54,0.237,4
-120.41612,37.379655,127.82,0.242,4
-120.415818,37.379655,128.14,0.246,4
-120.415515,37.379655,128.37,0.25,4
-120.415213,37.379655,128.57,0.258,4
-120.414911,37.379655,128.62,0.262,4
-120.414609,37.379655,129.02,0.251,4
-120.414306,37.379655,129.5,0.243,4
-120.414004,37.379655,129.89,0.244,4
-120.413702,37.379655,130.41,0.243,4
-120.438488,37.379352,95.66,-0.23,4
-120.438186,37.379352,100.45,-0.099,4
-120.437884,37.379352,109.55,0.191,4
-120.437581,37.379352,116.93,0.389,4
-120.437279,37.379352,121.68,0.257,4
-120.436977,37.379352,124.15,0.227,4
-120.436674,37.379352,126.1,0.225,4
-120.436372,37.379352,127.58,0.222,4
-120.43607,37.379352,128.84,0.224,4
-120.435768,37.379352,129.47,0.227,4
-120.435465,37.379352,129.54,0.228,4
-120.435163,37.379352,129.74,0.228,4
-120.434861,37.379352,129.91,0.226,3
-120.434559,37.379352,128.29,0.226,3
-120.434256,37.379352,125.25,0.229,3
-120.433954,37.379352,115.95,0.242,3
-120.433652,37.379352,109.16,0.27,2
-120.433349,37.379352,100.02,0.18,2
-120.433047,37.379352,90.07,-0.056,2
-120.432745,37.379352,82.67,-0.149,2
-120.432443,37.379352,78.77,-0.101,2
-120.43214,37.379352,76.89,-0.093,2
-120.431838,37.379352,75.65,-0.085,2
-120.431536,37.379352,74.97,-0.082,2
-120.431234,37.379352,74.65,-0.084,2
-120.430931,37.379352,74.34,-0.099,2
-120.430629,37.379352,74.12,-0.114,2
-120.430327,37.379352,74.04,-0.11,2
-120.430024,37.379352,74.05,-0.103,2
-120.429722,37.379352,74.13,-0.085,2
-120.42942,37.379352,74.22,-0.069,3
-120.429118,37.379352,74.22,-0.088,3
-120.428815,37.379352,74.25,-0.089,3
-120.428513,37.379352,74.42,-0.065,3
-120.428211,37.379352,74.59,-0.064,3
-120.427909,37.379352,74.72,-0.05,3
-120.427606,37.379352,74.78,-0.049,3
-120.427304,37.379352,74.81,-0.054,3
-120.427002,37.379352,74.74,-0.063,3
-120.426699,37.379352,74.73,-0.072,3
-120.426397,37.379352,74.96,-0.075,4
-120.426095,37.379352,75.15,-0.079,4
-120.425793,37.379352,75.35,-0.085,4
-120.42549,37.379352,75.55,-0.084,4
-120.425188,37.379352,75.81,-0.087,4
-120.424886,37.379352,76.11,-0.086,4
-120.424584,37.379352,76.42,-0.084,4
-120.424281,37.379352,76.83,-0.079,4
-120.423979,37.379352,78.05,-0.076,4
-120.423677,37.379352,80.11,-0.08,4
-120.423374,37.379352,81.63,-0.079,4
-120.423072,37.379352,83.63,-0.086,4
-120.42277,37.379352,88.33,-0.052,4
-120.422468,37.379352,93.98,0.251,4
-120.422165,37.379352,99.19,0.544,4
-120.421863,37.379352,105.13,0.565,4
-120.421561,37.379352,111.55,0.389,4
-120.421259,37.379352,117.37,0.257,4
-120.420956,37.379352,121.69,0.257,4
-120.420654,37.379352,124.46,0.261,4
-120.420352,37.379352,126.3,0.262,4
-120.420049,37.379352,127.36,0.262,4
-120.419747,37.379352,127.05,0.264,4
-120.419445,37.379352,127.37,0.258,4
-120.419143,37.379352,127.74,0.25,4
-120.41884,37.379352,127.71,0.248,4
-120.418538,37.379352,127.51,0.249,4
-120.418236,37.379352,127.38,0.25,4
-120.417934,37.379352,127.31,0.245,4
-120.417631,37.379352,127.46,0.243,4
-120.417329,37.379352,127.45,0.237,4
-120.417027,37.379352,127.46,0.237,4
-120.416724,37.379352,127.49,0.238,4
-120.416422,37.379352,127.54,0.242,4
-120.41612,37.379352,127.83,0.245,4
-120.415818,37.379352,128.13,0.246,4
-120.415515,37.379352,128.35,0.249,4
-120.415213,37.379352,128.54,0.255,4
-120.414911,37.379352,128.61,0.25,4
-120.414609,37.379352,129.01,0.244,4
-120.414306,37.379352,129.5,0.246,4
-120.414004,37.379352,129.9,0.247,4
-120.413702,37.379352,130.53,0.242,4
-120.413399,37.379352,131.22,0.24,4
-120.413097,37.379352,131.64,0.239,4
-120.439093,37.37905,92.15,-0.166,4
-120.43879,37.37905,91.13,-0.211,4
-120.438488,37.37905,91.59,-0.232,4
-120.438186,37.37905,98.18,-0.087,4
-120.437884,37.37905,108.27,0.188,4
-120.437581,37.37905,115.53,0.351,4
-120.437279,37.37905,120.53,0.252,4
-120.436977,37.37905,123.52,0.23,4
-120.436674,37.37905,126.49,0.228,4
-120.436372,37.37905,128.29,0.225,4
-120.43607,37.37905,129.65,0.225,4
-120.435768,37.37905,130.16,0.227,4
-120.435465,37.37905,130.18,0.227,4
-120.435163,37.37905,128.36,0.225,3
-120.434861,37.37905,125.04,0.225,3
-120.434559,37.37905,123.06,0.227,3
-120.434256,37.37905,119.93,0.231,3
-120.433954,37.37905,113.74,0.249,3
-120.433652,37.37905,106.28,0.295,2
-120.433349,37.37905,96.63,0.102,2
-120.433047,37.37905,87.16,-0.062,2
-120.432745,37.37905,81.03,-0.109,2
-120.432443,37.37905,78.04,-0.097,2
-120.43214,37.37905,76.38,-0.091,2
-120.431838,37.37905,75.34,-0.085,2
-120.431536,37.37905,74.81,-0.084,2
-120.431234,37.37905,74.49,-0.083,2
-120.430931,37.37905,74.18,-0.087,2
-120.430629,37.37905,73.99,-0.094,2
-120.430327,37.37905,73.96,-0.102,2
-120.430024,37.37905,74.02,-0.096,2
-120.429722,37.37905,74.14,-0.082,2
-120.42942,37.37905,74.22,-0.073,3
-120.429118,37.37905,74.2,-0.075,3
-120.428815,37.37905,74.21,-0.071,3
-120.428513,37.37905,74.35,-0.057,3
-120.428211,37.37905,74.5,-0.069,3
-120.427909,37.37905,74.61,-0.066,3
-120.427606,37.37905,74.71,-0.062,3
-120.427304,37.37905,74.71,-0.063,2
-120.427002,37.37905,74.66,-0.069,2
-120.426699,37.37905,74.73,-0.071,3
-120.426397,37.37905,74.96,-0.067,4
-120.426095,37.37905,75.12,-0.067,4
-120.425793,37.37905,75.31,-0.081,4
-120.42549,37.37905,75.53,-0.075,4
-120.425188,37.37905,75.81,-0.083,4
-120.424886,37.37905,76.12,-0.083,4
-120.424584,37.37905,76.44,-0.081,4
-120.424281,37.37905,76.87,-0.078,4
-120.423979,37.37905,77.97,-0.075,4
-120.423677,37.37905,79.82,-0.078,4
-120.423374,37.37905,81.94,-0.082,4
-120.423072,37.37905,85.31,-0.075,4
-120.42277,37.37905,91.45,0.083,4
-120.422468,37.37905,96.42,0.403,4
-120.422165,37.37905,101.45,0.595,4
-120.421863,37.37905,107.37,0.575,4
-120.421561,37.37905,113.53,0.399,4
-120.421259,37.37905,118.79,0.265,4
-120.420956,37.37905,122.34,0.252,4
-120.420654,37.37905,124.39,0.26,4
-120.420352,37.37905,126.05,0.262,4
-120.420049,37.37905,127.05,0.261,4
-120.419747,37.37905,127.01,0.261,4
-120.419445,37.37905,127.43,0.251,4
-120.419143,37.37905,127.8,0.247,4
-120.41884,37.37905,127.76,0.253,4
-120.418538,37.37905,127.59,0.257,4
-120.418236,37.37905,127.52,0.255,4
-120.417934,37.37905,127.52,0.254,4
-120.417631,37.37905,127.74,0.249,4
-120.417329,37.37905,127.69,0.236,4
-120.417027,37.37905,127.67,0.232,4
-120.416724,37.37905,127.67,0.236,4
-120.416422,37.37905,127.7,0.241,4
-120.41612,37.37905,127.97,0.245,4
-120.415818,37.37905,128.24,0.24,4
-120.415515,37.37905,128.44,0.238,4
-120.415213,37.37905,128.6,0.245,4
-120.414911,37.37905,128.67,0.24,4
-120.414609,37.37905,129.09,0.24,4
-120.414306,37.37905,129.58,0.244,4
-120.414004,37.37905,130,0.247,4
-120.413702,37.37905,130.66,0.241,4
-120.413399,37.37905,131.39,0.238,4
-120.439999,37.378748,97.06,0.153,4
-120.439697,37.378748,92.5,-0.078,4
-120.439395,37.378748,88.83,-0.213,4
-120.439093,37.378748,87.24,-0.219,4
-120.43879,37.378748,87.04,-0.21,4
-120.438488,37.378748,89.64,-0.201,4
-120.438186,37.378748,98.21,0.026,4
-120.437884,37.378748,109.06,0.275,4
-120.437581,37.378748,116.45,0.287,4
-120.437279,37.378748,120.91,0.237,4
-120.436977,37.378748,124.15,0.232,4
-120.436674,37.378748,126.91,0.228,4
-120.436372,37.378748,128.8,0.227,4
-120.43607,37.378748,130.19,0.225,4
-120.435768,37.378748,130.88,0.225,3
-120.435465,37.378748,130.61,0.224,3
-120.435163,37.378748,126.86,0.221,3
-120.434861,37.378748,121.22,0.221,3
-120.434559,37.378748,118.51,0.224,3
-120.434256,37.378748,115.01,0.232,3
-120.433954,37.378748,110.75,0.265,3
-120.433652,37.378748,102.49,0.313,2
-120.433349,37.378748,92.85,0.021,2
-120.433047,37.378748,84.43,-0.088,2
-120.432745,37.378748,79.6,-0.09,2
-120.432443,37.378748,77.32,-0.082,2
-120.43214,37.378748,75.91,-0.079,2
-120.431838,37.378748,75.06,-0.076,2
-120.431536,37.378748,74.64,-0.078,2
-120.431234,37.378748,74.33,-0.078,2
-120.430931,37.378748,74.16,-0.088,2
-120.430629,37.378748,73.91,-0.08,2
-120.430327,37.378748,73.88,-0.087,2
-120.430024,37.378748,74,-0.083,3
-120.429722,37.378748,74.09,-0.075,3
-120.42942,37.378748,74.12,-0.067,3
-120.429118,37.378748,74.13,-0.062,3
-120.428815,37.378748,74.15,-0.07,3
-120.428513,37.378748,74.24,-0.061,3
-120.428211,37.378748,74.37,-0.057,3
-120.427909,37.378748,74.4,-0.065,4
-120.427606,37.378748,74.55,-0.063,4
-120.427304,37.378748,74.7,-0.06,4
-120.427002,37.378748,74.76,-0.067,3
-120.426699,37.378748,74.83,-0.071,3
-120.426397,37.378748,75.01,-0.065,4
-120.426095,37.378748,75.12,-0.066,4
-120.425793,37.378748,75.27,-0.068,4
-120.42549,37.378748,75.51,-0.063,4
-120.425188,37.378748,75.82,-0.078,4
-120.424886,37.378748,76.14,-0.083,4
-120.424584,37.378748,76.46,-0.082,4
-120.424281,37.378748,76.87,-0.077,4
-120.423979,37.378748,78.12,-0.074,4
-120.423677,37.378748,80.41,-0.077,4
-120.423374,37.378748,83.39,-0.078,4
-120.423072,37.378748,87.65,-0.013,4
-120.42277,37.378748,94.4,0.46,4
-120.422468,37.378748,99.33,0.675,4
-120.422165,37.378748,104.5,0.637,4
-120.421863,37.378748,110.3,0.538,4
-120.421561,37.378748,115.98,0.38,4
-120.421259,37.378748,120.54,0.272,4
-120.420956,37.378748,123.26,0.254,4
-120.420654,37.378748,124.56,0.259,4
-120.420352,37.378748,125.87,0.259,4
-120.420049,37.378748,126.66,0.258,4
-120.419747,37.378748,126.97,0.256,4
-120.419445,37.378748,127.43,0.246,4
-120.419143,37.378748,127.78,0.254,4
-120.41884,37.378748,127.74,0.258,4
-120.418538,37.378748,127.64,0.252,4
-120.418236,37.378748,127.63,0.248,4
-120.417934,37.378748,127.76,0.249,4
-120.417631,37.378748,128.16,0.241,4
-120.417329,37.378748,128.14,0.227,4
-120.417027,37.378748,128.11,0.228,4
-120.416724,37.378748,128.09,0.232,4
-120.416422,37.378748,128.09,0.239,4
-120.41612,37.378748,128.34,0.242,4
-120.415818,37.378748,128.58,0.236,4
-120.415515,37.378748,128.77,0.233,4
-120.415213,37.378748,128.87,0.236,4
-120.414911,37.378748,128.84,0.238,4
-120.414609,37.378748,129.28,0.242,4
-120.414306,37.378748,129.77,0.245,4
-120.414004,37.378748,130.5,0.244,4
-120.413702,37.378748,131.2,0.242,4
-120.413399,37.378748,131.91,0.239,4
-120.413097,37.378748,132.73,0.236,4
-120.412795,37.378748,133.24,0.235,4
-120.441209,37.378446,104.65,0.408,4
-120.440906,37.378446,102.08,0.272,4
-120.440604,37.378446,97.87,0.086,4
-120.440302,37.378446,92.87,-0.076,4
-120.439999,37.378446,87.12,-0.185,4
-120.439697,37.378446,84.79,-0.199,4
-120.439395,37.378446,83.91,-0.188,4
-120.439093,37.378446,84.29,-0.211,4
-120.43879,37.378446,86.08,-0.218,4
-120.438488,37.378446,91.51,-0.126,4
-120.438186,37.378446,101.32,0.153,4
-120.437884,37.378446,111.49,0.321,4
-120.437581,37.378446,118.07,0.252,4
-120.437279,37.378446,121.88,0.232,4
-120.436977,37.378446,124.96,0.233,4
-120.436674,37.378446,127.45,0.23,4
-120.436372,37.378446,129.16,0.226,4
-120.43607,37.378446,130.93,0.224,3
-120.435768,37.378446,131.12,0.223,3
-120.435465,37.378446,130.04,0.223,3
-120.435163,37.378446,125.27,0.223,3
-120.434861,37.378446,119,0.223,3
-120.434559,37.378446,115.67,0.226,3
-120.434256,37.378446,111.66,0.236,3
-120.433954,37.378446,106.77,0.259,3
-120.433652,37.378446,97.91,0.196,2
-120.433349,37.378446,88.86,-0.068,2
-120.433047,37.378446,81.97,-0.102,2
-120.432745,37.378446,78.35,-0.081,2
-120.432443,37.378446,76.59,-0.077,2
-120.43214,37.378446,75.46,-0.077,2
-120.431838,37.378446,74.82,-0.076,2
-120.431536,37.378446,74.49,-0.076,2
-120.431234,37.378446,74.19,-0.079,2
-120.430931,37.378446,74.19,-0.082,3
-120.430629,37.378446,73.88,-0.078,4
-120.430327,37.378446,73.84,-0.075,4
-120.430024,37.378446,73.87,-0.075,4
-120.429722,37.378446,73.92,-0.074,4
-120.42942,37.378446,73.97,-0.069,4
-120.429118,37.378446,74.03,-0.068,4
-120.428815,37.378446,74.08,-0.071,4
-120.428513,37.378446,74.14,-0.069,4
-120.428211,37.378446,74.22,-0.064,4
-120.427909,37.378446,74.36,-0.057,4
-120.427606,37.378446,74.56,-0.059,4
-120.427304,37.378446,74.72,-0.061,4
-120.427002,37.378446,74.81,-0.063,3
-120.426699,37.378446,74.91,-0.063,3
-120.426397,37.378446,75.03,-0.062,4
-120.426095,37.378446,75.07,-0.068,4
-120.425793,37.378446,75.21,-0.066,4
-120.42549,37.378446,75.46,-0.066,4
-120.425188,37.378446,75.84,-0.066,4
-120.424886,37.378446,76.19,-0.074,4
-120.424584,37.378446,76.55,-0.077,4
-120.424281,37.378446,77.09,-0.077,4
-120.423979,37.378446,79.52,-0.077,4
-120.423677,37.378446,83.09,-0.077,4
-120.423374,37.378446,86.52,-0.024,4
-120.423072,37.378446,91.69,0.193,4
-120.42277,37.378446,96.63,0.656,4
-120.422468,37.378446,101.71,0.723,4
-120.422165,37.378446,107.12,0.421,4
-120.421863,37.378446,112.81,0.369,4
-120.421561,37.378446,118.05,0.304,4
-120.421259,37.378446,122.1,0.256,4
-120.420956,37.378446,124.34,0.257,4
-120.420654,37.378446,125.25,0.257,4
-120.420352,37.378446,126.18,0.253,4
-120.420049,37.378446,126.77,0.254,4
-120.419747,37.378446,127.07,0.254,4
-120.419445,37.378446,127.52,0.244,4
-120.419143,37.378446,127.83,0.259,4
-120.41884,37.378446,127.76,0.257,4
-120.418538,37.378446,127.68,0.247,4
-120.418236,37.378446,127.71,0.243,4
-120.417934,37.378446,127.93,0.246,4
-120.417631,37.378446,128.37,0.247,4
-120.417329,37.378446,128.38,0.23,4
-120.417027,37.378446,128.37,0.224,4
-120.416724,37.378446,128.37,0.232,4
-120.416422,37.378446,128.36,0.238,4
-120.41612,37.378446,128.53,0.238,4
-120.415818,37.378446,128.77,0.236,4
-120.415515,37.378446,129.02,0.234,4
-120.415213,37.378446,129.12,0.235,4
-120.414911,37.378446,129.14,0.241,4
-120.414609,37.378446,129.59,0.245,4
-120.414306,37.378446,130.09,0.246,4
-120.414004,37.378446,130.82,0.237,4
-120.413702,37.378446,131.5,0.241,4
-120.413399,37.378446,132.17,0.243,4
-120.413097,37.378446,132.95,0.244,4
-120.412795,37.378446,133.6,0.246,4
-120.412493,37.378446,133.91,0.247,4
-120.443022,37.378143,121.48,0.217,4
-120.44272,37.378143,120.08,0.215,4
-120.442418,37.378143,117.72,0.215,4
-120.442115,37.378143,114.09,0.211,4
-120.441813,37.378143,110.69,0.238,4
-120.441511,37.378143,107.14,0.319,4
-120.441209,37.378143,103.7,0.301,4
-120.440906,37.378143,98.16,0.066,4
-120.440604,37.378143,92.06,-0.164,4
-120.440302,37.378143,87.24,-0.205,4
-120.439999,37.378143,83.34,-0.187,4
-120.439697,37.378143,81.55,-0.203,3
-120.439395,37.378143,81.87,-0.198,3
-120.439093,37.378143,84,-0.199,4
-120.43879,37.378143,87.51,-0.186,4
-120.438488,37.378143,97.34,0.017,4
-120.438186,37.378143,107.13,0.225,4
-120.437884,37.378143,114.7,0.283,4
-120.437581,37.378143,120.22,0.24,4
-120.437279,37.378143,123.5,0.233,4
-120.436977,37.378143,126.11,0.232,4
-120.436674,37.378143,128.08,0.231,4
-120.436372,37.378143,130.08,0.226,3
-120.43607,37.378143,131.18,0.222,3
-120.435768,37.378143,130.1,0.223,3
-120.435465,37.378143,127.88,0.225,3
-120.435163,37.378143,122.13,0.225,3
-120.434861,37.378143,115.45,0.225,3
-120.434559,37.378143,111.56,0.228,3
-120.434256,37.378143,107.19,0.224,3
-120.433954,37.378143,101.72,0.19,3
-120.433652,37.378143,92.99,-0.047,2
-120.433349,37.378143,85.09,-0.1,2
-120.433047,37.378143,79.88,-0.092,2
-120.432745,37.378143,77.21,-0.08,2
-120.432443,37.378143,75.86,-0.076,2
-120.43214,37.378143,75.07,-0.075,2
-120.431838,37.378143,74.62,-0.074,2
-120.431536,37.378143,74.33,-0.077,2
-120.431234,37.378143,74.07,-0.076,2
-120.430931,37.378143,74.1,-0.075,3
-120.430629,37.378143,73.83,-0.08,4
-120.430327,37.378143,73.81,-0.077,4
-120.430024,37.378143,73.84,-0.076,4
-120.429722,37.378143,73.87,-0.071,4
-120.42942,37.378143,73.92,-0.066,4
-120.429118,37.378143,73.98,-0.064,4
-120.428815,37.378143,74.04,-0.064,4
-120.428513,37.378143,74.11,-0.07,4
-120.428211,37.378143,74.2,-0.075,4
-120.427909,37.378143,74.34,-0.071,4
-120.427606,37.378143,74.56,-0.067,4
-120.427304,37.378143,74.7,-0.066,3
-120.427002,37.378143,74.86,-0.061,4
-120.426699,37.378143,75,-0.059,4
-120.426397,37.378143,74.99,-0.067,4
-120.426095,37.378143,74.94,-0.073,3
-120.425793,37.378143,75.13,-0.068,3
-120.42549,37.378143,75.4,-0.071,3
-120.425188,37.378143,75.9,-0.06,4
-120.424886,37.378143,76.79,-0.065,4
-120.424584,37.378143,77.32,-0.071,4
-120.424281,37.378143,78,-0.074,4
-120.423979,37.378143,80.45,-0.075,4
-120.423677,37.378143,84.02,-0.068,4
-120.423374,37.378143,87.76,0.069,4
-120.423072,37.378143,92.86,0.442,4
-120.42277,37.378143,97.71,0.632,4
-120.422468,37.378143,103.01,0.464,4
-120.422165,37.378143,108.76,0.169,4
-120.421863,37.378143,114.46,0.141,4
-120.421561,37.378143,119.43,0.201,4
-120.421259,37.378143,123.17,0.245,4
-120.420956,37.378143,125.11,0.26,4
-120.420654,37.378143,125.74,0.258,4
-120.420352,37.378143,126.4,0.255,4
-120.420049,37.378143,126.87,0.252,4
-120.419747,37.378143,127.17,0.248,4
-120.419445,37.378143,127.6,0.24,4
-120.419143,37.378143,127.86,0.252,4
-120.41884,37.378143,127.74,0.253,4
-120.418538,37.378143,127.66,0.245,4
-120.418236,37.378143,127.7,0.24,4
-120.417934,37.378143,127.96,0.245,4
-120.417631,37.378143,128.43,0.247,4
-120.417329,37.378143,128.49,0.229,4
-120.417027,37.378143,128.53,0.224,4
-120.416724,37.378143,128.56,0.232,4
-120.416422,37.378143,128.59,0.235,4
-120.41612,37.378143,128.64,0.235,4
-120.415818,37.378143,128.95,0.235,4
-120.415515,37.378143,129.31,0.236,4
-120.415213,37.378143,129.51,0.238,4
-120.414911,37.378143,129.63,0.242,4
-120.414609,37.378143,129.87,0.243,4
-120.414306,37.378143,130.38,0.245,4
-120.414004,37.378143,130.95,0.239,4
-120.413702,37.378143,131.61,0.241,4
-120.413399,37.378143,132.25,0.246,4
-120.413097,37.378143,132.91,0.247,4
-120.412795,37.378143,133.44,0.248,4
-120.412493,37.378143,133.83,0.247,4
-120.41219,37.378143,134.01,0.243,4
-120.443022,37.377841,121.4,0.217,4
-120.44272,37.377841,120.34,0.214,4
-120.442418,37.377841,118.41,0.218,4
-120.442115,37.377841,115.51,0.232,4
-120.441813,37.377841,111.89,0.241,4
-120.441511,37.377841,107.98,0.226,4
-120.441209,37.377841,103.99,0.239,4
-120.440906,37.377841,98.33,0.134,4
-120.440604,37.377841,92.24,-0.057,4
-120.440302,37.377841,87.21,-0.17,4
-120.439999,37.377841,83.27,-0.161,4
-120.439697,37.377841,81.48,-0.179,3
-120.439395,37.377841,82.68,-0.173,3
-120.439093,37.377841,85.86,-0.189,4
-120.43879,37.377841,92.58,-0.032,4
-120.438488,37.377841,102.52,0.239,4
-120.438186,37.377841,111.61,0.309,4
-120.437884,37.377841,118.15,0.26,4
-120.437581,37.377841,122.44,0.232,4
-120.437279,37.377841,125.2,0.228,4
-120.436977,37.377841,127.21,0.227,4
-120.436674,37.377841,128.66,0.229,4
-120.436372,37.377841,129.89,0.227,3
-120.43607,37.377841,130.01,0.226,3
-120.435768,37.377841,124.47,0.225,3
-120.435465,37.377841,119.69,0.225,3
-120.435163,37.377841,115.14,0.226,3
-120.434861,37.377841,110.22,0.231,3
-120.434559,37.377841,105.64,0.236,3
-120.434256,37.377841,100.99,0.181,3
-120.433954,37.377841,95.57,-0.061,3
-120.433652,37.377841,88.52,-0.118,3
-120.433349,37.377841,82.2,-0.113,3
-120.433047,37.377841,78.55,-0.109,3
-120.432745,37.377841,76.72,-0.104,3
-120.432443,37.377841,75.78,-0.093,3
-120.43214,37.377841,75.23,-0.083,3
-120.431838,37.377841,74.86,-0.081,3
-120.431536,37.377841,74.52,-0.083,3
-120.431234,37.377841,74.2,-0.086,3
-120.430931,37.377841,74.05,-0.093,3
-120.430629,37.377841,73.8,-0.077,4
-120.430327,37.377841,73.8,-0.073,4
-120.430024,37.377841,73.83,-0.074,4
-120.429722,37.377841,73.87,-0.069,4
-120.42942,37.377841,73.91,-0.066,4
-120.429118,37.377841,73.96,-0.065,4
-120.428815,37.377841,74.02,-0.061,4
-120.428513,37.377841,74.09,-0.069,4
-120.428211,37.377841,74.17,-0.081,3
-120.427909,37.377841,74.34,-0.081,4
-120.427606,37.377841,74.56,-0.066,4
-120.427304,37.377841,74.74,-0.057,4
-120.427002,37.377841,74.84,-0.06,4
-120.426699,37.377841,74.97,-0.061,4
-120.426397,37.377841,75.04,-0.064,4
-120.426095,37.377841,75.08,-0.071,3
-120.425793,37.377841,75.41,-0.065,4
-120.42549,37.377841,75.69,-0.067,4
-120.425188,37.377841,76.03,-0.064,4
-120.424886,37.377841,78.58,-0.071,4
-120.424584,37.377841,79.22,-0.074,4
-120.424281,37.377841,80.03,-0.075,4
-120.423979,37.377841,81.48,-0.074,4
-120.423677,37.377841,83.9,-0.071,4
-120.423374,37.377841,87.93,0.095,4
-120.423072,37.377841,93.24,0.502,4
-120.42277,37.377841,97.62,0.609,4
-120.422468,37.377841,103.03,0.397,4
-120.422165,37.377841,109.11,0.177,4
-120.421863,37.377841,114.92,0.12,4
-120.421561,37.377841,119.65,0.179,4
-120.421259,37.377841,123.03,0.239,4
-120.420956,37.377841,125.01,0.259,4
-120.420654,37.377841,126.01,0.26,4
-120.420352,37.377841,126.65,0.259,4
-120.420049,37.377841,127.11,0.254,4
-120.419747,37.377841,127.26,0.241,4
-120.419445,37.377841,127.66,0.237,4
-120.419143,37.377841,127.85,0.25,4
-120.41884,37.377841,127.81,0.251,4
-120.418538,37.377841,127.77,0.244,4
-120.418236,37.377841,127.81,0.242,4
-120.417934,37.377841,128.08,0.248,4
-120.417631,37.377841,128.53,0.246,4
-120.417329,37.377841,128.62,0.226,4
-120.417027,37.377841,128.7,0.236,4
-120.416724,37.377841,128.78,0.232,4
-120.416422,37.377841,128.86,0.23,4
-120.41612,37.377841,128.95,0.231,4
-120.415818,37.377841,129.26,0.234,4
-120.415515,37.377841,129.59,0.238,4
-120.415213,37.377841,129.91,0.243,4
-120.414911,37.377841,130.11,0.244,4
-120.414609,37.377841,130.03,0.242,4
-120.414306,37.377841,130.51,0.247,4
-120.414004,37.377841,130.75,0.241,4
-120.413702,37.377841,131.38,0.243,4
-120.413399,37.377841,131.99,0.25,4
-120.413097,37.377841,132.34,0.249,4
-120.412795,37.377841,132.64,0.249,4
-120.412493,37.377841,132.93,0.246,4
-120.41219,37.377841,133.15,0.237,4
-120.411888,37.377841,133.27,0.235,4
-120.443022,37.377539,121.88,0.214,4
-120.44272,37.377539,121.1,0.21,4
-120.442418,37.377539,119.64,0.215,4
-120.442115,37.377539,117.23,0.245,4
-120.441813,37.377539,113.86,0.283,4
-120.441511,37.377539,110.01,0.305,4
-120.441209,37.377539,105.95,0.282,4
-120.440906,37.377539,101.23,0.217,4
-120.440604,37.377539,94.68,0.042,4
-120.440302,37.377539,88.85,-0.12,4
-120.439999,37.377539,86.2,-0.138,4
-120.439697,37.377539,84.82,-0.139,4
-120.439395,37.377539,85.84,-0.143,4
-120.439093,37.377539,91.13,-0.139,4
-120.43879,37.377539,99.86,0.188,4
-120.438488,37.377539,108.02,0.305,4
-120.438186,37.377539,115.62,0.28,4
-120.437884,37.377539,121.21,0.242,4
-120.437581,37.377539,124.61,0.231,4
-120.437279,37.377539,126.77,0.228,4
-120.436977,37.377539,128.19,0.224,4
-120.436674,37.377539,129,0.225,3
-120.436372,37.377539,128.95,0.226,3
-120.43607,37.377539,128.06,0.225,3
-120.435768,37.377539,121.53,0.224,3
-120.435465,37.377539,116.4,0.228,3
-120.435163,37.377539,111.08,0.241,3
-120.434861,37.377539,104.96,0.267,3
-120.434559,37.377539,99.19,0.246,3
-120.434256,37.377539,94.24,0.088,3
-120.433954,37.377539,89.41,-0.167,3
-120.433652,37.377539,84.12,-0.166,3
-120.433349,37.377539,80.06,-0.139,3
-120.433047,37.377539,76.76,-0.119,3
-120.432745,37.377539,75.45,-0.105,3
-120.432443,37.377539,75.14,-0.097,3
-120.43214,37.377539,75,-0.088,3
-120.431838,37.377539,74.78,-0.08,3
-120.431536,37.377539,74.48,-0.079,3
-120.431234,37.377539,74.21,-0.084,3
-120.430931,37.377539,74.05,-0.076,3
-120.430629,37.377539,73.79,-0.076,4
-120.430327,37.377539,73.8,-0.07,4
-120.430024,37.377539,73.84,-0.072,4
-120.429722,37.377539,73.88,-0.07,4
-120.42942,37.377539,73.91,-0.069,4
-120.429118,37.377539,73.95,-0.068,4
-120.428815,37.377539,74,-0.065,4
-120.428513,37.377539,74.09,-0.064,4
-120.428211,37.377539,74.2,-0.065,4
-120.427909,37.377539,74.38,-0.067,4
-120.427606,37.377539,74.56,-0.06,4
-120.427304,37.377539,74.64,-0.063,3
-120.427002,37.377539,74.72,-0.07,3
-120.426699,37.377539,74.95,-0.067,4
-120.426397,37.377539,75.1,-0.063,4
-120.426095,37.377539,75.2,-0.065,3
-120.425793,37.377539,75.56,-0.062,4
-120.42549,37.377539,75.85,-0.07,4
-120.425188,37.377539,76.18,-0.074,4
-120.424886,37.377539,78.83,-0.075,4
-120.424584,37.377539,78.54,-0.073,4
-120.424281,37.377539,79.56,-0.073,4
-120.423979,37.377539,81.2,-0.072,4
-120.423677,37.377539,83.14,-0.079,4
-120.423374,37.377539,86.87,0.012,4
-120.423072,37.377539,92.84,0.304,4
-120.42277,37.377539,97.94,0.573,4
-120.422468,37.377539,103.44,0.602,4
-120.422165,37.377539,109.74,0.396,4
-120.421863,37.377539,115.54,0.184,4
-120.421561,37.377539,119.97,0.19,4
-120.421259,37.377539,123.04,0.245,4
-120.420956,37.377539,124.92,0.265,4
-120.420654,37.377539,126,0.26,4
-120.420352,37.377539,126.76,0.255,4
-120.420049,37.377539,127.29,0.255,4
-120.419747,37.377539,127.44,0.237,4
-120.419445,37.377539,127.81,0.238,4
-120.419143,37.377539,127.94,0.25,4
-120.41884,37.377539,127.9,0.255,4
-120.418538,37.377539,127.87,0.247,4
-120.418236,37.377539,127.91,0.246,4
-120.417934,37.377539,128.21,0.253,4
-120.417631,37.377539,128.63,0.248,4
-120.417329,37.377539,128.74,0.225,4
-120.417027,37.377539,128.85,0.239,4
-120.416724,37.377539,128.97,0.231,4
-120.416422,37.377539,129.1,0.228,4
-120.41612,37.377539,129.24,0.231,4
-120.415818,37.377539,129.55,0.237,4
-120.415515,37.377539,129.87,0.244,4
-120.415213,37.377539,130.18,0.248,4
-120.414911,37.377539,130.32,0.246,4
-120.414609,37.377539,130.22,0.242,4
-120.414306,37.377539,130.67,0.248,4
-120.414004,37.377539,131.05,0.243,4
-120.413702,37.377539,131.46,0.239,4
-120.413399,37.377539,132.01,0.249,4
-120.413097,37.377539,132.32,0.25,4
-120.412795,37.377539,132.59,0.252,4
-120.412493,37.377539,132.85,0.248,4
-120.41219,37.377539,133,0.241,4
-120.411888,37.377539,132.98,0.24,4
-120.443022,37.377236,122.56,0.21,4
-120.44272,37.377236,122.06,0.21,4
-120.442418,37.377236,121.1,0.214,4
-120.442115,37.377236,119.43,0.245,4
-120.441813,37.377236,116.85,0.288,4
-120.441511,37.377236,113.61,0.316,4
-120.441209,37.377236,109.9,0.267,4
-120.440906,37.377236,105.62,0.227,4
-120.440604,37.377236,100.4,0.162,4
-120.440302,37.377236,95.5,0.036,4
-120.439999,37.377236,92.14,-0.083,4
-120.439697,37.377236,90.28,-0.116,4
-120.439395,37.377236,92.21,-0.114,4
-120.439093,37.377236,96.92,0.053,4
-120.43879,37.377236,104.74,0.295,4
-120.438488,37.377236,112.46,0.27,4
-120.438186,37.377236,119.39,0.239,4
-120.437884,37.377236,124.03,0.233,4
-120.437581,37.377236,126.64,0.232,4
-120.437279,37.377236,128.19,0.23,4
-120.436977,37.377236,128.85,0.225,3
-120.436674,37.377236,128.37,0.227,3
-120.436372,37.377236,127.17,0.227,3
-120.43607,37.377236,125.18,0.225,3
-120.435768,37.377236,117.71,0.222,3
-120.435465,37.377236,111.95,0.244,3
-120.435163,37.377236,105.76,0.298,3
-120.434861,37.377236,98.92,0.284,3
-120.434559,37.377236,92.95,0.13,3
-120.434256,37.377236,88.32,-0.098,3
-120.433954,37.377236,84.02,-0.204,3
-120.433652,37.377236,80.07,-0.191,3
-120.433349,37.377236,77.52,-0.147,3
-120.433047,37.377236,76.17,-0.113,3
-120.432745,37.377236,75.31,-0.098,3
-120.432443,37.377236,74.92,-0.09,3
-120.43214,37.377236,74.79,-0.085,3
-120.431838,37.377236,74.62,-0.08,3
-120.431536,37.377236,74.37,-0.076,3
-120.431234,37.377236,74.14,-0.076,3
-120.430931,37.377236,73.8,-0.079,4
-120.430629,37.377236,73.8,-0.081,4
-120.430327,37.377236,73.84,-0.077,4
-120.430024,37.377236,73.87,-0.078,4
-120.429722,37.377236,73.9,-0.071,4
-120.42942,37.377236,73.93,-0.066,4
-120.429118,37.377236,73.96,-0.068,4
-120.428815,37.377236,74.01,-0.071,4
-120.428513,37.377236,74.1,-0.068,4
-120.428211,37.377236,74.22,-0.056,4
-120.427909,37.377236,74.38,-0.067,4
-120.427606,37.377236,74.56,-0.063,4
-120.427304,37.377236,74.55,-0.072,3
-120.427002,37.377236,74.78,-0.063,4
-120.426699,37.377236,75.04,-0.058,4
-120.426397,37.377236,75.21,-0.059,4
-120.426095,37.377236,75.38,-0.061,4
-120.425793,37.377236,75.69,-0.064,4
-120.42549,37.377236,76,-0.068,4
-120.425188,37.377236,76.36,-0.074,4
-120.424886,37.377236,79.17,-0.077,4
-120.424584,37.377236,79.63,-0.074,4
-120.424281,37.377236,81.15,-0.071,4
-120.423979,37.377236,83.09,-0.07,4
-120.423677,37.377236,84.68,-0.072,4
-120.423374,37.377236,87.31,-0.078,4
-120.423072,37.377236,92.11,-0.015,4
-120.42277,37.377236,97.7,0.245,4
-120.422468,37.377236,103.92,0.554,4
-120.422165,37.377236,110.25,0.592,4
-120.421863,37.377236,115.88,0.305,4
-120.421561,37.377236,119.99,0.227,4
-120.421259,37.377236,122.91,0.244,4
-120.420956,37.377236,124.78,0.26,4
-120.420654,37.377236,125.94,0.258,4
-120.420352,37.377236,126.78,0.255,4
-120.420049,37.377236,127.38,0.25,4
-120.419747,37.377236,127.58,0.236,4
-120.419445,37.377236,127.94,0.231,4
-120.419143,37.377236,128.06,0.251,4
-120.41884,37.377236,128.03,0.262,4
-120.418538,37.377236,128.03,0.258,4
-120.418236,37.377236,128.09,0.256,4
-120.417934,37.377236,128.4,0.253,4
-120.417631,37.377236,128.8,0.242,4
-120.417329,37.377236,128.89,0.23,4
-120.417027,37.377236,129,0.239,4
-120.416724,37.377236,129.14,0.236,4
-120.416422,37.377236,129.3,0.235,4
-120.41612,37.377236,129.46,0.239,4
-120.415818,37.377236,129.8,0.244,4
-120.415515,37.377236,130.1,0.248,4
-120.415213,37.377236,130.37,0.248,4
-120.414911,37.377236,130.44,0.244,4
-120.414609,37.377236,130.3,0.241,4
-120.414306,37.377236,130.69,0.243,4
-120.414004,37.377236,131.14,0.237,4
-120.413702,37.377236,131.3,0.229,4
-120.413399,37.377236,131.79,0.238,4
-120.413097,37.377236,132.09,0.243,4
-120.412795,37.377236,132.36,0.244,4
-120.412493,37.377236,132.57,0.241,4
-120.41219,37.377236,132.64,0.24,4
-120.411888,37.377236,132.49,0.241,4
-120.411586,37.377236,132.15,0.233,4
-120.443324,37.376934,123.12,0.212,4
-120.443022,37.376934,123.06,0.211,4
-120.44272,37.376934,122.83,0.211,4
-120.442418,37.376934,122.31,0.217,4
-120.442115,37.376934,121.48,0.233,4
-120.441813,37.376934,120.11,0.229,4
-120.441511,37.376934,118.11,0.228,4
-120.441209,37.376934,115.27,0.225,4
-120.440906,37.376934,111.72,0.224,4
-120.440604,37.376934,107.55,0.22,4
-120.440302,37.376934,103.48,0.187,4
-120.439999,37.376934,100.14,0.045,4
-120.439697,37.376934,98,-0.142,4
-120.439395,37.376934,98.88,-0.015,3
-120.439093,37.376934,101.07,0.28,3
-120.43879,37.376934,108.7,0.275,3
-120.438488,37.376934,115.7,0.239,3
-120.438186,37.376934,121.53,0.228,3
-120.437884,37.376934,125.24,0.23,3
-120.437581,37.376934,127.33,0.23,3
-120.437279,37.376934,128.2,0.228,3
-120.436977,37.376934,126.86,0.226,2
-120.436674,37.376934,122.65,0.227,3
-120.436372,37.376934,120.53,0.227,3
-120.43607,37.376934,117.77,0.227,3
-120.435768,37.376934,112.14,0.229,3
-120.435465,37.376934,106.32,0.324,3
-120.435163,37.376934,99.56,0.367,3
-120.434861,37.376934,92.73,0.196,3
-120.434559,37.376934,87.36,-0.046,3
-120.434256,37.376934,83.65,-0.154,3
-120.433954,37.376934,80.43,-0.188,3
-120.433652,37.376934,77.79,-0.169,3
-120.433349,37.376934,76.44,-0.14,3
-120.433047,37.376934,75.75,-0.111,3
-120.432745,37.376934,75.2,-0.097,3
-120.432443,37.376934,74.86,-0.092,3
-120.43214,37.376934,74.68,-0.089,3
-120.431838,37.376934,74.4,-0.084,3
-120.431536,37.376934,74.01,-0.079,4
-120.431234,37.376934,73.9,-0.076,4
-120.430931,37.376934,73.87,-0.076,4
-120.430629,37.376934,73.89,-0.074,4
-120.430327,37.376934,73.92,-0.075,4
-120.430024,37.376934,73.94,-0.075,4
-120.429722,37.376934,73.96,-0.068,4
-120.42942,37.376934,73.98,-0.062,4
-120.429118,37.376934,74,-0.062,4
-120.428815,37.376934,74.05,-0.064,4
-120.428513,37.376934,74.14,-0.061,4
-120.428211,37.376934,74.27,-0.053,4
-120.427909,37.376934,74.43,-0.057,4
-120.427606,37.376934,74.59,-0.059,4
-120.427304,37.376934,74.72,-0.06,4
-120.427002,37.376934,74.91,-0.055,4
-120.426699,37.376934,75.09,-0.053,4
-120.426397,37.376934,75.28,-0.053,4
-120.426095,37.376934,75.5,-0.06,4
-120.425793,37.376934,75.78,-0.071,4
-120.42549,37.376934,76.11,-0.065,4
-120.425188,37.376934,76.57,-0.068,4
-120.424886,37.376934,79.55,-0.077,4
-120.424584,37.376934,80.76,-0.078,4
-120.424281,37.376934,82.12,-0.073,4
-120.423979,37.376934,84.38,-0.055,4
-120.423677,37.376934,86.91,0.015,4
-120.423374,37.376934,90.24,0.071,4
-120.423072,37.376934,94.39,0.066,4
-120.42277,37.376934,98.3,0.121,4
-120.422468,37.376934,104.71,0.437,4
-120.422165,37.376934,110.89,0.593,4
-120.421863,37.376934,116.11,0.382,4
-120.421561,37.376934,119.89,0.257,4
-120.421259,37.376934,122.69,0.25,4
-120.420956,37.376934,124.58,0.264,4
-120.420654,37.376934,125.8,0.262,4
-120.420352,37.376934,126.7,0.252,4
-120.420049,37.376934,127.35,0.242,4
-120.419747,37.376934,127.59,0.238,4
-120.419445,37.376934,127.94,0.24,4
-120.419143,37.376934,128.06,0.258,4
-120.41884,37.376934,128.08,0.264,4
-120.418538,37.376934,128.14,0.26,4
-120.418236,37.376934,128.25,0.253,4
-120.417934,37.376934,128.6,0.245,4
-120.417631,37.376934,128.99,0.239,4
-120.417329,37.376934,129.09,0.237,4
-120.417027,37.376934,129.19,0.239,4
-120.416724,37.376934,129.31,0.24,4
-120.416422,37.376934,129.45,0.238,4
-120.41612,37.376934,129.6,0.241,4
-120.415818,37.376934,129.91,0.246,4
-120.415515,37.376934,130.15,0.247,4
-120.415213,37.376934,130.35,0.244,4
-120.414911,37.376934,130.32,0.24,4
-120.414609,37.376934,130.14,0.239,4
-120.414306,37.376934,130.47,0.238,4
-120.414004,37.376934,130.83,0.228,4
-120.413702,37.376934,130.89,0.224,4
-120.413399,37.376934,131.31,0.231,4
-120.413097,37.376934,131.69,0.237,4
-120.412795,37.376934,131.94,0.238,4
-120.412493,37.376934,132.08,0.234,4
-120.41219,37.376934,132,0.233,4
-120.411888,37.376934,131.68,0.236,4
-120.411586,37.376934,131.29,0.231,4
-120.411284,37.376934,130.85,0.222,4
-120.410981,37.376934,129.86,0.219,4
-120.443324,37.376632,123.3,0.216,4
-120.443022,37.376632,123.32,0.213,4
-120.44272,37.376632,123.25,0.21,4
-120.442418,37.376632,122.98,0.211,4
-120.442115,37.376632,122.65,0.218,4
-120.441813,37.376632,122.11,0.22,4
-120.441511,37.376632,121.11,0.222,4
-120.441209,37.376632,119.4,0.219,4
-120.440906,37.376632,117.2,0.21,4
-120.440604,37.376632,114.47,0.213,4
-120.440302,37.376632,111.54,0.23,4
-120.439999,37.376632,108.62,0.221,4
-120.439697,37.376632,106.04,0.184,4
-120.439395,37.376632,104.88,0.224,3
-120.439093,37.376632,105.61,0.312,3
-120.43879,37.376632,112.16,0.257,3
-120.438488,37.376632,117.42,0.232,3
-120.438186,37.376632,121.83,0.226,2
-120.437884,37.376632,124.55,0.225,2
-120.437581,37.376632,126,0.223,2
-120.437279,37.376632,126.08,0.221,2
-120.436977,37.376632,122.76,0.222,2
-120.436674,37.376632,115.4,0.224,2
-120.436372,37.376632,112.21,0.224,2
-120.43607,37.376632,108.74,0.235,2
-120.435768,37.376632,104.78,0.279,2
-120.435465,37.376632,99.24,0.38,2
-120.435163,37.376632,92.67,0.25,2
-120.434861,37.376632,86.58,0.026,2
-120.434559,37.376632,82.29,-0.119,2
-120.434256,37.376632,79.71,-0.157,2
-120.433954,37.376632,77.72,-0.168,2
-120.433652,37.376632,76.3,-0.154,3
-120.433349,37.376632,75.68,-0.13,3
-120.433047,37.376632,75.37,-0.111,3
-120.432745,37.376632,75.01,-0.095,3
-120.432443,37.376632,74.75,-0.089,3
-120.43214,37.376632,74.61,-0.09,3
-120.431838,37.376632,74.34,-0.088,3
-120.431536,37.376632,74.02,-0.082,4
-120.431234,37.376632,73.95,-0.077,4
-120.430931,37.376632,73.95,-0.069,4
-120.430629,37.376632,73.97,-0.072,4
-120.430327,37.376632,74,-0.076,4
-120.430024,37.376632,74.02,-0.07,4
-120.429722,37.376632,74.04,-0.072,4
-120.42942,37.376632,74.05,-0.068,4
-120.429118,37.376632,74.07,-0.062,4
-120.428815,37.376632,74.13,-0.057,4
-120.428513,37.376632,74.23,-0.052,4
-120.428211,37.376632,74.37,-0.056,4
-120.427909,37.376632,74.54,-0.06,4
-120.427606,37.376632,74.69,-0.058,4
-120.427304,37.376632,74.67,-0.065,3
-120.427002,37.376632,74.94,-0.06,4
-120.426699,37.376632,75.16,-0.056,4
-120.426397,37.376632,75.35,-0.056,4
-120.426095,37.376632,75.6,-0.061,4
-120.425793,37.376632,75.92,-0.066,4
-120.42549,37.376632,76.26,-0.065,4
-120.425188,37.376632,76.83,-0.068,4
-120.424886,37.376632,80.05,-0.077,4
-120.424584,37.376632,81.34,-0.076,4
-120.424281,37.376632,82.99,-0.072,4
-120.423979,37.376632,85.66,0.042,4
-120.423677,37.376632,88.98,0.25,4
-120.423374,37.376632,92.77,0.392,4
-120.423072,37.376632,96.63,0.413,4
-120.42277,37.376632,100.62,0.425,4
-120.422468,37.376632,106.38,0.453,4
-120.422165,37.376632,112.26,0.435,4
-120.421863,37.376632,116.83,0.299,4
-120.421561,37.376632,120.15,0.243,4
-120.421259,37.376632,122.72,0.253,4
-120.420956,37.376632,124.47,0.264,4
-120.420654,37.376632,125.64,0.257,4
-120.420352,37.376632,126.56,0.247,4
-120.420049,37.376632,127.22,0.243,4
-120.419747,37.376632,127.46,0.241,4
-120.419445,37.376632,127.79,0.249,4
-120.419143,37.376632,127.92,0.262,4
-120.41884,37.376632,127.97,0.27,4
-120.418538,37.376632,128.1,0.255,4
-120.418236,37.376632,128.28,0.243,4
-120.417934,37.376632,128.71,0.239,4
-120.417631,37.376632,129.13,0.238,4
-120.417329,37.376632,129.26,0.239,4
-120.417027,37.376632,129.36,0.242,4
-120.416724,37.376632,129.46,0.24,4
-120.416422,37.376632,129.55,0.241,4
-120.41612,37.376632,129.65,0.243,4
-120.415818,37.376632,129.87,0.245,4
-120.415515,37.376632,129.96,0.247,4
-120.415213,37.376632,130.01,0.244,4
-120.414911,37.376632,129.85,0.237,4
-120.414609,37.376632,129.65,0.233,4
-120.414306,37.376632,129.95,0.233,4
-120.414004,37.376632,130.27,0.231,4
-120.413702,37.376632,130.28,0.231,4
-120.413399,37.376632,130.68,0.23,4
-120.413097,37.376632,131.1,0.233,4
-120.412795,37.376632,131.35,0.235,4
-120.412493,37.376632,131.51,0.235,4
-120.41219,37.376632,131.36,0.233,4
-120.411888,37.376632,130.86,0.231,4
-120.411586,37.376632,130.38,0.226,4
-120.411284,37.376632,130.03,0.223,4
-120.410981,37.376632,129.67,0.229,4
-120.443324,37.37633,123.34,0.219,4
-120.443022,37.37633,123.41,0.218,4
-120.44272,37.37633,123.43,0.217,4
-120.442418,37.37633,123.27,0.218,4
-120.442115,37.37633,123.09,0.22,4
-120.441813,37.37633,122.87,0.22,4
-120.441511,37.37633,122.45,0.226,4
-120.441209,37.37633,121.59,0.218,4
-120.440906,37.37633,120.39,0.212,4
-120.440604,37.37633,118.72,0.208,4
-120.440302,37.37633,116.68,0.218,4
-120.439999,37.37633,114.21,0.236,4
-120.439697,37.37633,111.49,0.243,4
-120.439395,37.37633,109.42,0.233,3
-120.439093,37.37633,109.28,0.211,3
-120.43879,37.37633,113.61,0.224,3
-120.438488,37.37633,117.4,0.226,2
-120.438186,37.37633,119.85,0.227,2
-120.437884,37.37633,121.09,0.225,2
-120.437581,37.37633,121.53,0.222,2
-120.437279,37.37633,120.92,0.223,2
-120.436977,37.37633,116.92,0.227,2
-120.436674,37.37633,109.13,0.237,2
-120.436372,37.37633,105.05,0.271,2
-120.43607,37.37633,101.12,0.316,2
-120.435768,37.37633,97.23,0.47,2
-120.435465,37.37633,92.44,0.262,2
-120.435163,37.37633,87.04,0.03,2
-120.434861,37.37633,82.02,-0.083,2
-120.434559,37.37633,78.62,-0.119,2
-120.434256,37.37633,76.91,-0.138,2
-120.433954,37.37633,75.99,-0.136,2
-120.433652,37.37633,75.45,-0.128,2
-120.433349,37.37633,75.18,-0.112,2
-120.433047,37.37633,75.12,-0.096,3
-120.432745,37.37633,74.89,-0.087,3
-120.432443,37.37633,74.71,-0.087,3
-120.43214,37.37633,74.57,-0.086,3
-120.431838,37.37633,74.29,-0.081,3
-120.431536,37.37633,74.02,-0.077,4
-120.431234,37.37633,73.97,-0.077,4
-120.430931,37.37633,74,-0.07,4
-120.430629,37.37633,74.04,-0.066,4
-120.430327,37.37633,74.08,-0.07,4
-120.430024,37.37633,74.11,-0.069,4
-120.429722,37.37633,74.12,-0.062,4
-120.42942,37.37633,74.12,-0.056,4
-120.429118,37.37633,74.15,-0.054,4
-120.428815,37.37633,74.22,-0.053,4
-120.428513,37.37633,74.33,-0.051,4
-120.428211,37.37633,74.5,-0.05,4
-120.427909,37.37633,74.67,-0.051,4
-120.427606,37.37633,74.83,-0.052,4
-120.427304,37.37633,74.98,-0.051,4
-120.427002,37.37633,75.13,-0.05,4
-120.426699,37.37633,75.3,-0.054,4
-120.426397,37.37633,75.56,-0.057,4
-120.426095,37.37633,75.93,-0.059,4
-120.425793,37.37633,76.36,-0.059,4
-120.42549,37.37633,76.77,-0.06,4
-120.425188,37.37633,77.48,-0.068,4
-120.424886,37.37633,80.75,-0.07,4
-120.424584,37.37633,81.96,-0.071,4
-120.424281,37.37633,83.67,-0.075,4
-120.423979,37.37633,86.7,0.118,4
-120.423677,37.37633,90.48,0.403,4
-120.423374,37.37633,94.65,0.557,4
-120.423072,37.37633,98.8,0.552,4
-120.42277,37.37633,103.15,0.487,4
-120.422468,37.37633,109.01,0.354,4
-120.422165,37.37633,114.51,0.282,4
-120.421863,37.37633,118.34,0.224,4
-120.421561,37.37633,121.06,0.23,4
-120.421259,37.37633,123.19,0.248,4
-120.420956,37.37633,124.58,0.256,4
-120.420654,37.37633,125.57,0.251,4
-120.420352,37.37633,126.42,0.243,4
-120.420049,37.37633,127.03,0.241,4
-120.419747,37.37633,127.23,0.238,4
-120.419445,37.37633,127.52,0.236,4
-120.419143,37.37633,127.67,0.257,4
-120.41884,37.37633,127.75,0.274,4
-120.418538,37.37633,127.94,0.251,4
-120.418236,37.37633,128.21,0.236,4
-120.417934,37.37633,128.76,0.234,4
-120.417631,37.37633,129.25,0.236,4
-120.417329,37.37633,129.44,0.24,4
-120.417027,37.37633,129.55,0.244,4
-120.416724,37.37633,129.61,0.245,4
-120.416422,37.37633,129.63,0.247,4
-120.41612,37.37633,129.63,0.244,4
-120.415818,37.37633,129.7,0.239,4
-120.415515,37.37633,129.59,0.241,4
-120.415213,37.37633,129.46,0.239,4
-120.414911,37.37633,129.15,0.233,4
-120.414609,37.37633,128.9,0.231,4
-120.414306,37.37633,129.18,0.233,4
-120.414004,37.37633,129.47,0.236,4
-120.413702,37.37633,129.5,0.237,4
-120.413399,37.37633,130.01,0.221,4
-120.413097,37.37633,130.54,0.222,4
-120.412795,37.37633,130.83,0.222,4
-120.412493,37.37633,130.95,0.225,4
-120.41219,37.37633,130.72,0.226,4
-120.411888,37.37633,130.17,0.223,4
-120.411586,37.37633,129.72,0.218,4
-120.411284,37.37633,129.64,0.221,4
-120.410981,37.37633,129.78,0.232,4
-120.410679,37.37633,130.04,0.232,4
-120.443324,37.376027,122.99,0.21,4
-120.443022,37.376027,123.14,0.213,4
-120.44272,37.376027,123.25,0.22,4
-120.442418,37.376027,123.16,0.229,4
-120.442115,37.376027,123.06,0.231,4
-120.441813,37.376027,122.93,0.225,4
-120.441511,37.376027,122.78,0.221,4
-120.441209,37.376027,122.47,0.213,4
-120.440906,37.376027,121.99,0.214,4
-120.440604,37.376027,121.04,0.209,4
-120.440302,37.376027,119.57,0.204,4
-120.439999,37.376027,117.4,0.205,4
-120.439697,37.376027,114.8,0.207,4
-120.439395,37.376027,112.6,0.195,3
-120.439093,37.376027,111.3,0.174,3
-120.43879,37.376027,112.3,0.187,3
-120.438488,37.376027,114.14,0.267,2
-120.438186,37.376027,114.79,0.263,2
-120.437884,37.376027,114.71,0.244,2
-120.437581,37.376027,114.18,0.234,2
-120.437279,37.376027,112.99,0.235,2
-120.436977,37.376027,108.77,0.261,2
-120.436674,37.376027,101.24,0.308,2
-120.436372,37.376027,96.85,0.325,2
-120.43607,37.376027,92.78,0.325,2
-120.435768,37.376027,89.44,0.155,2
-120.435465,37.376027,85.58,-0.031,2
-120.435163,37.376027,81.77,-0.095,2
-120.434861,37.376027,78.61,-0.105,2
-120.434559,37.376027,76.36,-0.107,2
-120.434256,37.376027,75.23,-0.109,2
-120.433954,37.376027,75.06,-0.108,2
-120.433652,37.376027,75.08,-0.107,2
-120.433349,37.376027,74.94,-0.102,2
-120.433047,37.376027,74.93,-0.091,3
-120.432745,37.376027,74.79,-0.09,3
-120.432443,37.376027,74.66,-0.087,3
-120.43214,37.376027,74.52,-0.079,3
-120.431838,37.376027,74.25,-0.072,3
-120.431536,37.376027,74.02,-0.071,4
-120.431234,37.376027,74,-0.073,4
-120.430931,37.376027,74.05,-0.074,4
-120.430629,37.376027,74.11,-0.069,4
-120.430327,37.376027,74.16,-0.068,4
-120.430024,37.376027,74.19,-0.067,4
-120.429722,37.376027,74.2,-0.059,4
-120.42942,37.376027,74.21,-0.057,4
-120.429118,37.376027,74.23,-0.056,4
-120.428815,37.376027,74.31,-0.052,4
-120.428513,37.376027,74.46,-0.049,4
-120.428211,37.376027,74.87,-0.045,4
-120.427909,37.376027,75.83,-0.043,4
-120.427606,37.376027,75.92,-0.047,4
-120.427304,37.376027,76.02,-0.052,4
-120.427002,37.376027,76.05,-0.053,4
-120.426699,37.376027,76.16,-0.056,4
-120.426397,37.376027,76.55,-0.054,4
-120.426095,37.376027,77.16,-0.054,4
-120.425793,37.376027,77.81,-0.058,4
-120.42549,37.376027,78.34,-0.059,4
-120.425188,37.376027,79.11,-0.066,4
-120.424886,37.376027,81.98,-0.066,4
-120.424584,37.376027,82.98,-0.072,4
-120.424281,37.376027,84.49,-0.074,4
-120.423979,37.376027,88.02,0.002,4
-120.423677,37.376027,92.22,0.331,4
-120.423374,37.376027,96.47,0.555,4
-120.423072,37.376027,101.02,0.579,4
-120.42277,37.376027,106.27,0.501,4
-120.422468,37.376027,112.29,0.272,4
-120.422165,37.376027,117.4,0.224,4
-120.421863,37.376027,120.49,0.213,4
-120.421561,37.376027,122.59,0.227,4
-120.421259,37.376027,124.14,0.244,4
-120.420956,37.376027,125.02,0.25,4
-120.420654,37.376027,125.72,0.25,4
-120.420352,37.376027,126.45,0.248,4
-120.420049,37.376027,126.85,0.244,4
-120.419747,37.376027,126.79,0.237,4
-120.419445,37.376027,127.05,0.235,4
-120.419143,37.376027,127.21,0.249,4
-120.41884,37.376027,127.53,0.267,4
-120.418538,37.376027,127.81,0.251,4
-120.418236,37.376027,128.17,0.235,4
-120.417934,37.376027,128.7,0.232,4
-120.417631,37.376027,129.18,0.236,4
-120.417329,37.376027,129.44,0.241,4
-120.417027,37.376027,129.59,0.246,4
-120.416724,37.376027,129.62,0.248,4
-120.416422,37.376027,129.57,0.247,4
-120.41612,37.376027,129.45,0.243,4
-120.415818,37.376027,129.28,0.237,4
-120.415515,37.376027,128.97,0.237,4
-120.415213,37.376027,128.72,0.234,4
-120.414911,37.376027,128.41,0.231,4
-120.414609,37.376027,128.22,0.231,4
-120.414306,37.376027,128.45,0.231,4
-120.414004,37.376027,128.75,0.235,4
-120.413702,37.376027,128.93,0.236,4
-120.413399,37.376027,129.54,0.214,4
-120.413097,37.376027,130.15,0.215,4
-120.412795,37.376027,130.41,0.218,4
-120.412493,37.376027,130.47,0.219,4
-120.41219,37.376027,130.25,0.221,4
-120.411888,37.376027,129.86,0.22,4
-120.411586,37.376027,129.61,0.215,4
-120.411284,37.376027,129.71,0.217,4
-120.410981,37.376027,130.11,0.229,4
-120.410679,37.376027,130.73,0.234,4
-120.410377,37.376027,131.18,0.237,4
-120.443324,37.375725,122.6,0.288,4
-120.443022,37.375725,122.78,0.266,4
-120.44272,37.375725,122.93,0.264,4
-120.442418,37.375725,122.88,0.301,4
-120.442115,37.375725,122.82,0.319,4
-120.441813,37.375725,122.77,0.283,4
-120.441511,37.375725,122.81,0.266,4
-120.441209,37.375725,122.84,0.244,4
-120.440906,37.375725,122.61,0.217,3
-120.440604,37.375725,122.21,0.2,3
-120.440302,37.375725,121.38,0.188,3
-120.439999,37.375725,119.77,0.187,3
-120.439697,37.375725,117.34,0.192,3
-120.439395,37.375725,114.54,0.18,3
-120.439093,37.375725,111.4,0.146,3
-120.43879,37.375725,105.56,0.12,3
-120.438488,37.375725,105.15,0.225,2
-120.438186,37.375725,104.02,0.255,2
-120.437884,37.375725,102.64,0.261,2
-120.437581,37.375725,101.13,0.285,2
-120.437279,37.375725,99.37,0.308,2
-120.436977,37.375725,96.68,0.323,2
-120.436674,37.375725,92.64,0.269,2
-120.436372,37.375725,88.2,0.034,2
-120.43607,37.375725,84.6,-0.186,2
-120.435768,37.375725,82.39,-0.132,2
-120.435465,37.375725,79.99,-0.117,2
-120.435163,37.375725,77.9,-0.108,2
-120.434861,37.375725,76.6,-0.101,2
-120.434559,37.375725,75.76,-0.097,2
-120.434256,37.375725,75.19,-0.096,2
-120.433954,37.375725,74.93,-0.096,2
-120.433652,37.375725,74.85,-0.093,2
-120.433349,37.375725,74.76,-0.09,2
-120.433047,37.375725,74.76,-0.08,3
-120.432745,37.375725,74.68,-0.078,3
-120.432443,37.375725,74.59,-0.073,3
-120.43214,37.375725,74.48,-0.069,3
-120.431838,37.375725,74.25,-0.067,4
-120.431536,37.375725,74.07,-0.068,4
-120.431234,37.375725,74.05,-0.072,4
-120.430931,37.375725,74.1,-0.073,4
-120.430629,37.375725,74.18,-0.072,4
-120.430327,37.375725,74.24,-0.064,4
-120.430024,37.375725,74.27,-0.057,4
-120.429722,37.375725,74.28,-0.053,4
-120.42942,37.375725,74.29,-0.054,4
-120.429118,37.375725,74.33,-0.051,4
-120.428815,37.375725,74.42,-0.05,4
-120.428513,37.375725,74.6,-0.051,4
-120.428211,37.375725,75.59,-0.047,4
-120.427909,37.375725,78.3,-0.045,4
-120.427606,37.375725,78.48,-0.052,4
-120.427304,37.375725,78.69,-0.052,4
-120.427002,37.375725,78.71,-0.054,4
-120.426699,37.375725,78.97,-0.052,4
-120.426397,37.375725,79.81,-0.051,4
-120.426095,37.375725,81.14,-0.052,4
-120.425793,37.375725,82.44,-0.054,4
-120.42549,37.375725,83.21,-0.058,4
-120.425188,37.375725,83.52,-0.059,4
-120.424886,37.375725,84.25,-0.051,4
-120.424584,37.375725,84.01,-0.083,4
-120.424281,37.375725,85.39,-0.075,4
-120.423979,37.375725,87.26,-0.085,4
-120.423677,37.375725,92.11,0.042,4
-120.423374,37.375725,97.51,0.269,4
-120.423072,37.375725,102.71,0.466,4
-120.42277,37.375725,108.71,0.473,4
-120.422468,37.375725,114.92,0.264,4
-120.422165,37.375725,119.62,0.21,4
-120.421863,37.375725,122.09,0.217,4
-120.421561,37.375725,123.69,0.225,4
-120.421259,37.375725,124.8,0.238,4
-120.420956,37.375725,125.29,0.246,4
-120.420654,37.375725,125.8,0.248,4
-120.420352,37.375725,126.42,0.247,4
-120.420049,37.375725,126.64,0.243,4
-120.419747,37.375725,126.37,0.239,4
-120.419445,37.375725,126.59,0.243,4
-120.419143,37.375725,126.77,0.25,4
-120.41884,37.375725,127.29,0.254,4
-120.418538,37.375725,127.63,0.24,4
-120.418236,37.375725,128.05,0.231,4
-120.417934,37.375725,128.49,0.233,4
-120.417631,37.375725,128.89,0.239,4
-120.417329,37.375725,129.2,0.243,4
-120.417027,37.375725,129.36,0.244,4
-120.416724,37.375725,129.37,0.247,4
-120.416422,37.375725,129.27,0.245,4
-120.41612,37.375725,129.03,0.239,4
-120.415818,37.375725,128.57,0.234,4
-120.415515,37.375725,128.09,0.234,4
-120.415213,37.375725,127.74,0.231,4
-120.414911,37.375725,127.61,0.226,4
-120.414609,37.375725,127.67,0.22,4
-120.414306,37.375725,127.88,0.219,4
-120.414004,37.375725,128.29,0.231,4
-120.413702,37.375725,129.05,0.235,4
-120.413399,37.375725,129.83,0.225,4
-120.413097,37.375725,130.53,0.215,4
-120.412795,37.375725,130.52,0.217,4
-120.412493,37.375725,130.51,0.217,4
-120.41219,37.375725,130.45,0.219,4
-120.411888,37.375725,130.33,0.218,4
-120.411586,37.375725,130.31,0.214,4
-120.411284,37.375725,130.52,0.217,4
-120.410981,37.375725,130.87,0.224,4
-120.410679,37.375725,131.18,0.229,4
-120.410377,37.375725,131.49,0.231,4
-120.410074,37.375725,131.73,0.235,4
-120.443324,37.375423,122.73,0.283,4
-120.443022,37.375423,122.88,0.267,4
-120.44272,37.375423,122.98,0.318,4
-120.442418,37.375423,122.9,0.405,4
-120.442115,37.375423,122.85,0.396,4
-120.441813,37.375423,122.87,0.328,4
-120.441511,37.375423,123.09,0.298,4
-120.441209,37.375423,123.37,0.269,4
-120.440906,37.375423,123.3,0.223,3
-120.440604,37.375423,122.91,0.207,3
-120.440302,37.375423,121.96,0.207,3
-120.439999,37.375423,120.25,0.209,3
-120.439697,37.375423,117.68,0.202,3
-120.439395,37.375423,114.21,0.183,3
-120.439093,37.375423,109.43,0.16,3
-120.43879,37.375423,102.14,0.116,3
-120.438488,37.375423,99.78,0.111,2
-120.438186,37.375423,97.19,0.127,2
-120.437884,37.375423,94.75,0.171,2
-120.437581,37.375423,92.53,0.197,2
-120.437279,37.375423,90.5,0.162,2
-120.436977,37.375423,88.26,0.057,2
-120.436674,37.375423,85.43,-0.071,2
-120.436372,37.375423,82.25,-0.131,2
-120.43607,37.375423,79.59,-0.117,2
-120.435768,37.375423,77.92,-0.105,2
-120.435465,37.375423,76.68,-0.101,2
-120.435163,37.375423,75.84,-0.089,2
-120.434861,37.375423,75.45,-0.085,2
-120.434559,37.375423,75.18,-0.086,2
-120.434256,37.375423,74.93,-0.089,2
-120.433954,37.375423,74.75,-0.092,2
-120.433652,37.375423,74.67,-0.091,2
-120.433349,37.375423,74.61,-0.088,2
-120.433047,37.375423,74.55,-0.078,2
-120.432745,37.375423,74.48,-0.073,2
-120.432443,37.375423,74.41,-0.067,2
-120.43214,37.375423,74.24,-0.066,3
-120.431838,37.375423,74.1,-0.067,3
-120.431536,37.375423,74.03,-0.062,3
-120.431234,37.375423,74.03,-0.058,3
-120.430931,37.375423,74.1,-0.063,3
-120.430629,37.375423,74.27,-0.064,4
-120.430327,37.375423,74.33,-0.056,4
-120.430024,37.375423,74.36,-0.054,4
-120.429722,37.375423,74.38,-0.054,4
-120.42942,37.375423,74.4,-0.056,4
-120.429118,37.375423,74.45,-0.052,4
-120.428815,37.375423,74.58,-0.049,4
-120.428513,37.375423,74.79,-0.05,4
-120.428211,37.375423,75.9,-0.051,4
-120.427909,37.375423,78.52,-0.052,4
-120.427606,37.375423,78.72,-0.053,4
-120.427304,37.375423,79,-0.049,4
-120.427002,37.375423,79.42,-0.051,4
-120.426699,37.375423,80.12,-0.047,4
-120.426397,37.375423,81.31,-0.044,4
-120.426095,37.375423,83.1,-0.043,4
-120.425793,37.375423,84.92,-0.008,4
-120.42549,37.375423,86.37,0.075,4
-120.425188,37.375423,87.59,0.164,4
-120.424886,37.375423,88.2,0.144,4
-120.424584,37.375423,86.77,-0.109,4
-120.424281,37.375423,86.99,-0.179,4
-120.423979,37.375423,89.52,-0.145,4
-120.423677,37.375423,91.6,-0.147,4
-120.423374,37.375423,96.89,-0.02,4
-120.423072,37.375423,103.82,0.245,4
-120.42277,37.375423,110.35,0.393,4
-120.422468,37.375423,116.64,0.261,4
-120.422165,37.375423,120.78,0.197,4
-120.421863,37.375423,122.82,0.206,4
-120.421561,37.375423,124.18,0.228,4
-120.421259,37.375423,125.06,0.237,4
-120.420956,37.375423,125.38,0.24,4
-120.420654,37.375423,125.8,0.238,4
-120.420352,37.375423,126.33,0.235,4
-120.420049,37.375423,126.42,0.235,4
-120.419747,37.375423,126.1,0.238,4
-120.419445,37.375423,126.29,0.245,4
-120.419143,37.375423,126.49,0.249,4
-120.41884,37.375423,127.02,0.23,4
-120.418538,37.375423,127.34,0.223,4
-120.418236,37.375423,127.73,0.226,4
-120.417934,37.375423,128.13,0.232,4
-120.417631,37.375423,128.51,0.236,4
-120.417329,37.375423,128.81,0.239,4
-120.417027,37.375423,128.97,0.24,4
-120.416724,37.375423,129.01,0.242,4
-120.416422,37.375423,128.91,0.239,4
-120.41612,37.375423,128.63,0.234,4
-120.415818,37.375423,128.13,0.229,4
-120.415515,37.375423,127.61,0.23,4
-120.415213,37.375423,127.24,0.23,4
-120.414911,37.375423,127.06,0.224,4
-120.414609,37.375423,127.07,0.215,4
-120.414306,37.375423,127.26,0.213,4
-120.414004,37.375423,127.74,0.223,4
-120.413702,37.375423,128.67,0.239,4
-120.413399,37.375423,129.61,0.252,4
-120.413097,37.375423,130.39,0.227,4
-120.412795,37.375423,130.33,0.215,4
-120.412493,37.375423,130.4,0.211,4
-120.41219,37.375423,130.5,0.213,4
-120.411888,37.375423,130.59,0.216,4
-120.411586,37.375423,130.72,0.219,4
-120.411284,37.375423,130.95,0.225,4
-120.410981,37.375423,131.21,0.227,4
-120.410679,37.375423,131.35,0.223,4
-120.410377,37.375423,131.57,0.227,4
-120.410074,37.375423,131.75,0.23,4
-120.443324,37.375121,123.44,0.188,4
-120.443022,37.375121,123.5,0.222,4
-120.44272,37.375121,123.46,0.29,4
-120.442418,37.375121,123.27,0.363,4
-120.442115,37.375121,123.13,0.391,4
-120.441813,37.375121,123.14,0.358,4
-120.441511,37.375121,123.38,0.277,4
-120.441209,37.375121,123.67,0.246,4
-120.440906,37.375121,123.65,0.224,3
-120.440604,37.375121,122.76,0.214,3
-120.440302,37.375121,120.95,0.209,3
-120.439999,37.375121,118.4,0.198,3
-120.439697,37.375121,115.27,0.19,3
-120.439395,37.375121,111.23,0.199,3
-120.439093,37.375121,105.35,0.202,3
-120.43879,37.375121,97.1,0.139,3
-120.438488,37.375121,93.56,0.015,2
-120.438186,37.375121,90.27,-0.024,2
-120.437884,37.375121,87.35,-0.032,2
-120.437581,37.375121,84.79,-0.063,2
-120.437279,37.375121,82.71,-0.103,2
-120.436977,37.375121,81.05,-0.114,2
-120.436674,37.375121,79.65,-0.102,2
-120.436372,37.375121,78.27,-0.104,2
-120.43607,37.375121,76.76,-0.098,2
-120.435768,37.375121,75.69,-0.096,2
-120.435465,37.375121,75.25,-0.091,2
-120.435163,37.375121,75.01,-0.081,2
-120.434861,37.375121,74.88,-0.077,2
-120.434559,37.375121,74.77,-0.079,2
-120.434256,37.375121,74.66,-0.082,2
-120.433954,37.375121,74.58,-0.082,2
-120.433652,37.375121,74.55,-0.08,2
-120.433349,37.375121,74.53,-0.08,2
-120.433047,37.375121,74.49,-0.073,2
-120.432745,37.375121,74.45,-0.069,2
-120.432443,37.375121,74.39,-0.068,2
-120.43214,37.375121,74.25,-0.067,3
-120.431838,37.375121,74.15,-0.066,3
-120.431536,37.375121,74.11,-0.061,3
-120.431234,37.375121,74.1,-0.057,3
-120.430931,37.375121,74.18,-0.057,3
-120.430629,37.375121,74.37,-0.056,4
-120.430327,37.375121,74.42,-0.056,4
-120.430024,37.375121,74.46,-0.053,4
-120.429722,37.375121,74.5,-0.052,4
-120.42942,37.375121,74.54,-0.053,4
-120.429118,37.375121,74.61,-0.054,4
-120.428815,37.375121,74.77,-0.054,4
-120.428513,37.375121,75,-0.053,4
-120.428211,37.375121,76.22,-0.055,4
-120.427909,37.375121,78.73,-0.058,4
-120.427606,37.375121,78.95,-0.057,4
-120.427304,37.375121,79.36,-0.052,4
-120.427002,37.375121,80.18,-0.053,4
-120.426699,37.375121,81.6,-0.048,4
-120.426397,37.375121,83.64,-0.042,4
-120.426095,37.375121,85.84,0.06,4
-120.425793,37.375121,88.01,0.224,4
-120.42549,37.375121,90.09,0.402,4
-120.425188,37.375121,91.88,0.51,4
-120.424886,37.375121,93.12,0.365,4
-120.424584,37.375121,94.29,0.04,4
-120.424281,37.375121,93.07,-0.278,4
-120.423979,37.375121,93.98,-0.153,4
-120.423677,37.375121,95.42,-0.026,4
-120.423374,37.375121,99.61,0.238,4
-120.423072,37.375121,105.67,0.412,4
-120.42277,37.375121,112.14,0.361,4
-120.422468,37.375121,117.94,0.24,4
-120.422165,37.375121,121.31,0.217,4
-120.421863,37.375121,123.09,0.235,4
-120.421561,37.375121,124.35,0.246,4
-120.421259,37.375121,125.14,0.243,4
-120.420956,37.375121,125.41,0.238,4
-120.420654,37.375121,125.79,0.237,4
-120.420352,37.375121,126.24,0.238,4
-120.420049,37.375121,126.24,0.24,4
-120.419747,37.375121,125.91,0.242,4
-120.419445,37.375121,126.11,0.238,4
-120.419143,37.375121,126.31,0.231,4
-120.41884,37.375121,126.84,0.225,4
-120.418538,37.375121,127.1,0.224,4
-120.418236,37.375121,127.37,0.227,4
-120.417934,37.375121,127.66,0.228,4
-120.417631,37.375121,127.95,0.23,4
-120.417329,37.375121,128.17,0.232,4
-120.417027,37.375121,128.3,0.233,4
-120.416724,37.375121,128.32,0.234,4
-120.416422,37.375121,128.25,0.231,4
-120.41612,37.375121,128.01,0.23,4
-120.415818,37.375121,127.59,0.226,4
-120.415515,37.375121,127.15,0.225,4
-120.415213,37.375121,126.81,0.229,4
-120.414911,37.375121,126.61,0.221,4
-120.414609,37.375121,126.58,0.212,4
-120.414306,37.375121,126.77,0.208,4
-120.414004,37.375121,127.37,0.205,4
-120.413702,37.375121,128.48,0.216,4
-120.413399,37.375121,129.49,0.247,4
-120.413097,37.375121,130.31,0.232,4
-120.412795,37.375121,130.67,0.218,4
-120.412493,37.375121,130.95,0.21,4
-120.41219,37.375121,131.19,0.208,4
-120.411888,37.375121,131.38,0.21,4
-120.411586,37.375121,131.56,0.217,4
-120.411284,37.375121,131.75,0.226,4
-120.410981,37.375121,131.93,0.229,4
-120.410679,37.375121,131.98,0.224,4
-120.410377,37.375121,132.1,0.224,4
-120.410074,37.375121,132.14,0.221,4
-120.409772,37.375121,132.01,0.219,4
-120.443324,37.374818,125.87,0.214,4
-120.443022,37.374818,125.67,0.224,4
-120.44272,37.374818,125.4,0.24,4
-120.442418,37.374818,125.1,0.272,4
-120.442115,37.374818,124.86,0.306,4
-120.441813,37.374818,124.74,0.295,4
-120.441511,37.374818,124.8,0.25,4
-120.441209,37.374818,124.9,0.239,4
-120.440906,37.374818,124.12,0.23,3
-120.440604,37.374818,122.13,0.219,3
-120.440302,37.374818,118.95,0.196,3
-120.439999,37.374818,115.17,0.183,3
-120.439697,37.374818,110.94,0.173,3
-120.439395,37.374818,105.9,0.145,3
-120.439093,37.374818,99.22,0.092,3
-120.43879,37.374818,90.73,0.005,3
-120.438488,37.374818,87.26,-0.106,2
-120.438186,37.374818,84.11,-0.125,2
-120.437884,37.374818,81.34,-0.124,2
-120.437581,37.374818,79.36,-0.11,2
-120.437279,37.374818,78.02,-0.098,2
-120.436977,37.374818,77.05,-0.091,2
-120.436674,37.374818,76.35,-0.088,2
-120.436372,37.374818,75.92,-0.085,2
-120.43607,37.374818,75.59,-0.079,2
-120.435768,37.374818,75.16,-0.081,2
-120.435465,37.374818,74.8,-0.083,2
-120.435163,37.374818,74.68,-0.078,2
-120.434861,37.374818,74.65,-0.072,2
-120.434559,37.374818,74.61,-0.075,2
-120.434256,37.374818,74.58,-0.077,2
-120.433954,37.374818,74.55,-0.073,2
-120.433652,37.374818,74.53,-0.072,2
-120.433349,37.374818,74.51,-0.076,2
-120.433047,37.374818,74.49,-0.071,2
-120.432745,37.374818,74.44,-0.064,3
-120.432443,37.374818,74.4,-0.063,3
-120.43214,37.374818,74.34,-0.062,3
-120.431838,37.374818,74.29,-0.062,3
-120.431536,37.374818,74.25,-0.06,3
-120.431234,37.374818,74.24,-0.06,3
-120.430931,37.374818,74.32,-0.057,3
-120.430629,37.374818,74.48,-0.05,4
-120.430327,37.374818,74.54,-0.055,4
-120.430024,37.374818,74.59,-0.053,4
-120.429722,37.374818,74.64,-0.053,4
-120.42942,37.374818,74.69,-0.054,4
-120.429118,37.374818,74.79,-0.053,4
-120.428815,37.374818,76.46,-0.053,4
-120.428513,37.374818,77.86,-0.053,4
-120.428211,37.374818,78.26,-0.052,4
-120.427909,37.374818,78.93,-0.052,4
-120.427606,37.374818,79.1,-0.05,4
-120.427304,37.374818,79.8,-0.055,4
-120.427002,37.374818,81.37,-0.057,4
-120.426699,37.374818,83.8,-0.05,4
-120.426397,37.374818,86.78,0.027,4
-120.426095,37.374818,89.32,0.294,4
-120.425793,37.374818,91.9,0.478,4
-120.42549,37.374818,94.75,0.508,4
-120.425188,37.374818,97.24,0.512,4
-120.424886,37.374818,99,0.403,4
-120.424584,37.374818,100.48,0.199,4
-120.424281,37.374818,101.31,0.089,4
-120.423979,37.374818,102.25,0.3,4
-120.423677,37.374818,103.16,0.407,4
-120.423374,37.374818,105.18,0.503,4
-120.423072,37.374818,109.47,0.44,4
-120.42277,37.374818,115.01,0.295,4
-120.422468,37.374818,119.48,0.243,4
-120.422165,37.374818,121.84,0.245,4
-120.421863,37.374818,123.27,0.242,4
-120.421561,37.374818,124.33,0.241,4
-120.421259,37.374818,124.95,0.237,4
-120.420956,37.374818,125.36,0.236,4
-120.420654,37.374818,125.77,0.236,4
-120.420352,37.374818,126.16,0.241,4
-120.420049,37.374818,126.17,0.244,4
-120.419747,37.374818,125.99,0.242,4
-120.419445,37.374818,126.19,0.239,4
-120.419143,37.374818,126.36,0.23,4
-120.41884,37.374818,126.37,0.229,4
-120.418538,37.374818,126.59,0.228,4
-120.418236,37.374818,126.81,0.228,4
-120.417934,37.374818,127.05,0.229,4
-120.417631,37.374818,127.22,0.232,4
-120.417329,37.374818,127.31,0.231,4
-120.417027,37.374818,127.36,0.23,4
-120.416724,37.374818,127.36,0.231,4
-120.416422,37.374818,127.29,0.229,4
-120.41612,37.374818,127.14,0.229,4
-120.415818,37.374818,127.13,0.222,4
-120.415515,37.374818,126.86,0.223,4
-120.415213,37.374818,126.6,0.222,4
-120.414911,37.374818,126.39,0.193,4
-120.414609,37.374818,126.3,0.17,4
-120.414306,37.374818,126.47,0.166,4
-120.414004,37.374818,127.11,0.174,4
-120.413702,37.374818,128.23,0.196,4
-120.413399,37.374818,129.12,0.211,4
-120.413097,37.374818,129.96,0.214,4
-120.412795,37.374818,131.05,0.211,4
-120.412493,37.374818,131.67,0.21,4
-120.41219,37.374818,132.1,0.21,4
-120.411888,37.374818,132.44,0.21,4
-120.411586,37.374818,132.74,0.215,4
-120.411284,37.374818,133,0.224,4
-120.410981,37.374818,133.21,0.227,4
-120.410679,37.374818,133.32,0.222,4
-120.410377,37.374818,133.47,0.222,4
-120.410074,37.374818,133.47,0.224,4
-120.409772,37.374818,132.89,0.225,4
-120.40947,37.374818,132.5,0.226,4
-120.443324,37.374516,127.48,0.227,4
-120.443022,37.374516,127.37,0.232,4
-120.44272,37.374516,127.16,0.235,4
-120.442418,37.374516,126.92,0.236,4
-120.442115,37.374516,126.66,0.237,4
-120.441813,37.374516,126.39,0.233,4
-120.441511,37.374516,126.17,0.227,4
-120.441209,37.374516,126.02,0.228,4
-120.440906,37.374516,124.69,0.229,3
-120.440604,37.374516,121.89,0.219,3
-120.440302,37.374516,117.69,0.191,3
-120.439999,37.374516,112.88,0.218,3
-120.439697,37.374516,107.38,0.139,3
-120.439395,37.374516,101.05,-0.011,3
-120.439093,37.374516,93.69,-0.059,3
-120.43879,37.374516,85.57,-0.082,2
-120.438488,37.374516,82.42,-0.1,2
-120.438186,37.374516,79.95,-0.114,2
-120.437884,37.374516,78.05,-0.111,2
-120.437581,37.374516,76.87,-0.102,2
-120.437279,37.374516,76.1,-0.101,2
-120.436977,37.374516,75.5,-0.104,2
-120.436674,37.374516,75.05,-0.099,2
-120.436372,37.374516,74.81,-0.083,2
-120.43607,37.374516,74.68,-0.067,2
-120.435768,37.374516,74.51,-0.071,2
-120.435465,37.374516,74.39,-0.073,2
-120.435163,37.374516,74.41,-0.071,2
-120.434861,37.374516,74.47,-0.065,2
-120.434559,37.374516,74.52,-0.066,2
-120.434256,37.374516,74.55,-0.066,2
-120.433954,37.374516,74.55,-0.064,2
-120.433652,37.374516,74.53,-0.065,2
-120.433349,37.374516,74.51,-0.067,2
-120.433047,37.374516,74.5,-0.066,2
-120.432745,37.374516,74.48,-0.061,3
-120.432443,37.374516,74.47,-0.059,3
-120.43214,37.374516,74.45,-0.061,3
-120.431838,37.374516,74.43,-0.063,3
-120.431536,37.374516,74.41,-0.062,3
-120.431234,37.374516,74.41,-0.059,3
-120.430931,37.374516,74.49,-0.052,3
-120.430629,37.374516,74.63,-0.045,4
-120.430327,37.374516,74.7,-0.048,4
-120.430024,37.374516,74.77,-0.052,4
-120.429722,37.374516,74.84,-0.05,4
-120.42942,37.374516,74.9,-0.046,4
-120.429118,37.374516,75.01,-0.044,4
-120.428815,37.374516,77.26,-0.049,4
-120.428513,37.374516,78.99,-0.05,4
-120.428211,37.374516,79.13,-0.047,4
-120.427909,37.374516,79.24,-0.049,4
-120.427606,37.374516,79.71,-0.045,4
-120.427304,37.374516,80.84,-0.052,4
-120.427002,37.374516,83.19,-0.055,4
-120.426699,37.374516,86.67,-0.04,4
-120.426397,37.374516,90.55,0.15,4
-120.426095,37.374516,93.63,0.466,4
-120.425793,37.374516,96.87,0.571,4
-120.42549,37.374516,100.53,0.442,4
-120.425188,37.374516,103.73,0.373,4
-120.424886,37.374516,105.94,0.481,4
-120.424584,37.374516,107.52,0.43,4
-120.424281,37.374516,108.39,0.366,4
-120.423979,37.374516,109.35,0.435,4
-120.423677,37.374516,110.26,0.416,4
-120.423374,37.374516,112.11,0.367,4
-120.423072,37.374516,115.32,0.293,4
-120.42277,37.374516,118.98,0.244,4
-120.422468,37.374516,121.71,0.244,4
-120.422165,37.374516,123.11,0.244,4
-120.421863,37.374516,124.09,0.239,4
-120.421561,37.374516,124.83,0.235,4
-120.421259,37.374516,125.27,0.237,4
-120.420956,37.374516,125.58,0.236,4
-120.420654,37.374516,125.92,0.236,4
-120.420352,37.374516,126.24,0.24,4
-120.420049,37.374516,126.16,0.241,4
-120.419747,37.374516,125.98,0.238,4
-120.419445,37.374516,126.18,0.235,4
-120.419143,37.374516,126.35,0.231,4
-120.41884,37.374516,126.36,0.226,4
-120.418538,37.374516,126.58,0.226,4
-120.418236,37.374516,126.77,0.229,4
-120.417934,37.374516,126.95,0.23,4
-120.417631,37.374516,127.02,0.229,4
-120.417329,37.374516,127,0.23,4
-120.417027,37.374516,126.93,0.232,4
-120.416724,37.374516,126.85,0.231,4
-120.416422,37.374516,126.78,0.232,4
-120.41612,37.374516,126.69,0.231,4
-120.415818,37.374516,126.87,0.224,4
-120.415515,37.374516,126.72,0.215,4
-120.415213,37.374516,126.55,0.198,4
-120.414911,37.374516,126.37,0.182,4
-120.414609,37.374516,126.24,0.177,4
-120.414306,37.374516,126.26,0.178,4
-120.414004,37.374516,126.66,0.185,4
-120.413702,37.374516,127.52,0.205,4
-120.413399,37.374516,128.25,0.212,4
-120.413097,37.374516,129.08,0.208,4
-120.412795,37.374516,130.38,0.212,4
-120.412493,37.374516,131.21,0.218,4
-120.41219,37.374516,131.85,0.217,4
-120.411888,37.374516,132.38,0.216,4
-120.411586,37.374516,132.81,0.22,4
-120.411284,37.374516,133.14,0.225,4
-120.410981,37.374516,133.36,0.226,4
-120.410679,37.374516,133.44,0.221,4
-120.410377,37.374516,133.56,0.219,4
-120.410074,37.374516,133.54,0.224,4
-120.409772,37.374516,132.9,0.227,4
-120.40947,37.374516,132.5,0.229,4
-120.409168,37.374516,132.1,0.231,4
-120.408865,37.374516,131.56,0.232,4
-120.443324,37.374214,128.24,0.224,4
-120.443022,37.374214,128.36,0.228,4
-120.44272,37.374214,128.35,0.234,4
-120.442418,37.374214,128.25,0.238,4
-120.442115,37.374214,128.1,0.233,4
-120.441813,37.374214,127.85,0.224,4
-120.441511,37.374214,127.51,0.224,4
-120.441209,37.374214,127.13,0.226,4
-120.440906,37.374214,125.69,0.231,3
-120.440604,37.374214,122.87,0.217,3
-120.440302,37.374214,118.62,0.196,3
-120.439999,37.374214,113.46,0.231,3
-120.439697,37.374214,107.52,0.201,3
-120.439395,37.374214,100.53,0.05,2
-120.439093,37.374214,92.19,-0.087,2
-120.43879,37.374214,83.76,-0.086,2
-120.438488,37.374214,80.36,-0.101,2
-120.438186,37.374214,78.07,-0.103,2
-120.437884,37.374214,76.68,-0.101,2
-120.437581,37.374214,75.93,-0.097,2
-120.437279,37.374214,75.37,-0.098,2
-120.436977,37.374214,74.9,-0.108,2
-120.436674,37.374214,74.55,-0.112,2
-120.436372,37.374214,74.34,-0.099,2
-120.43607,37.374214,74.19,-0.078,2
-120.435768,37.374214,74.07,-0.079,2
-120.435465,37.374214,74.05,-0.072,2
-120.435163,37.374214,74.17,-0.071,2
-120.434861,37.374214,74.3,-0.063,2
-120.434559,37.374214,74.42,-0.061,2
-120.434256,37.374214,74.5,-0.06,2
-120.433954,37.374214,74.48,-0.057,2
-120.433652,37.374214,74.44,-0.057,2
-120.433349,37.374214,74.47,-0.061,2
-120.433047,37.374214,74.51,-0.062,2
-120.432745,37.374214,74.55,-0.056,3
-120.432443,37.374214,74.58,-0.056,3
-120.43214,37.374214,74.6,-0.059,3
-120.431838,37.374214,74.61,-0.058,3
-120.431536,37.374214,74.61,-0.058,3
-120.431234,37.374214,74.63,-0.06,3
-120.430931,37.374214,74.82,-0.055,3
-120.430629,37.374214,75.23,-0.046,4
-120.430327,37.374214,75.57,-0.046,4
-120.430024,37.374214,75.61,-0.052,4
-120.429722,37.374214,75.67,-0.048,4
-120.42942,37.374214,75.71,-0.044,4
-120.429118,37.374214,75.73,-0.049,3
-120.428815,37.374214,77.81,-0.049,4
-120.428513,37.374214,79.36,-0.044,4
-120.428211,37.374214,79.61,-0.044,4
-120.427909,37.374214,79.95,-0.046,4
-120.427606,37.374214,80.72,-0.044,4
-120.427304,37.374214,82.47,-0.045,4
-120.427002,37.374214,85.54,-0.048,4
-120.426699,37.374214,89.92,-0.057,4
-120.426397,37.374214,94.58,0.213,4
-120.426095,37.374214,98.21,0.491,4
-120.425793,37.374214,101.99,0.487,4
-120.42549,37.374214,106.06,0.329,4
-120.425188,37.374214,109.54,0.269,4
-120.424886,37.374214,111.95,0.35,4
-120.424584,37.374214,113.64,0.426,4
-120.424281,37.374214,114.55,0.377,4
-120.423979,37.374214,115.63,0.282,4
-120.423677,37.374214,116.62,0.24,4
-120.423374,37.374214,118.01,0.239,4
-120.423072,37.374214,120.06,0.241,4
-120.42277,37.374214,122.16,0.24,4
-120.422468,37.374214,123.64,0.24,4
-120.422165,37.374214,124.46,0.24,4
-120.421863,37.374214,125,0.237,4
-120.421561,37.374214,125.41,0.235,4
-120.421259,37.374214,125.71,0.236,4
-120.420956,37.374214,125.96,0.235,4
-120.420654,37.374214,126.23,0.235,4
-120.420352,37.374214,126.45,0.236,4
-120.420049,37.374214,126.29,0.236,4
-120.419747,37.374214,126.08,0.233,4
-120.419445,37.374214,126.25,0.23,4
-120.419143,37.374214,126.4,0.23,4
-120.41884,37.374214,126.42,0.227,4
-120.418538,37.374214,126.66,0.228,4
-120.418236,37.374214,126.87,0.229,4
-120.417934,37.374214,127.08,0.229,4
-120.417631,37.374214,127.12,0.228,4
-120.417329,37.374214,127.02,0.231,4
-120.417027,37.374214,126.87,0.234,4
-120.416724,37.374214,126.75,0.236,4
-120.416422,37.374214,126.68,0.236,4
-120.41612,37.374214,126.64,0.23,4
-120.415818,37.374214,126.85,0.212,4
-120.415515,37.374214,126.75,0.201,4
-120.415213,37.374214,126.61,0.217,4
-120.414911,37.374214,126.42,0.233,4
-120.414609,37.374214,126.25,0.233,4
-120.414306,37.374214,126.17,0.225,4
-120.414004,37.374214,126.37,0.222,4
-120.413702,37.374214,126.92,0.228,4
-120.413399,37.374214,127.4,0.23,4
-120.413097,37.374214,128.09,0.219,4
-120.412795,37.374214,129.55,0.222,4
-120.412493,37.374214,130.56,0.225,4
-120.41219,37.374214,131.39,0.224,4
-120.411888,37.374214,132.09,0.222,4
-120.411586,37.374214,132.64,0.223,4
-120.411284,37.374214,133.03,0.226,4
-120.410981,37.374214,133.2,0.227,4
-120.410679,37.374214,133.18,0.226,4
-120.410377,37.374214,133.19,0.223,4
-120.410074,37.374214,133.14,0.229,4
-120.409772,37.374214,132.54,0.227,4
-120.40947,37.374214,132.25,0.233,4
-120.409168,37.374214,131.97,0.233,4
-120.408865,37.374214,131.16,0.234,4
-120.408563,37.374214,130.48,0.235,4
-120.443324,37.373911,128.21,0.231,4
-120.443022,37.373911,128.7,0.237,4
-120.44272,37.373911,128.9,0.24,4
-120.442418,37.373911,128.88,0.239,4
-120.442115,37.373911,128.81,0.235,4
-120.441813,37.373911,128.63,0.231,4
-120.441511,37.373911,128.35,0.227,4
-120.441209,37.373911,127.98,0.227,4
-120.440906,37.373911,127.02,0.223,3
-120.440604,37.373911,124.84,0.22,3
-120.440302,37.373911,121.39,0.204,3
-120.439999,37.373911,116.36,0.208,3
-120.439697,37.373911,109.95,0.194,2
-120.439395,37.373911,102.51,0.079,2
-120.439093,37.373911,94.34,-0.073,2
-120.43879,37.373911,86.31,-0.097,2
-120.438488,37.373911,80.81,-0.103,2
-120.438186,37.373911,79.15,-0.103,2
-120.437884,37.373911,76.5,-0.098,2
-120.437581,37.373911,75.59,-0.091,2
-120.437279,37.373911,75.05,-0.089,2
-120.436977,37.373911,74.61,-0.088,2
-120.436674,37.373911,74.32,-0.095,2
-120.436372,37.373911,74.13,-0.1,2
-120.43607,37.373911,73.97,-0.093,2
-120.435768,37.373911,73.86,-0.094,2
-120.435465,37.373911,73.87,-0.08,2
-120.435163,37.373911,74.01,-0.076,2
-120.434861,37.373911,74.18,-0.071,2
-120.434559,37.373911,74.15,-0.061,3
-120.434256,37.373911,74.2,-0.055,3
-120.433954,37.373911,74.27,-0.051,3
-120.433652,37.373911,74.31,-0.051,3
-120.433349,37.373911,74.42,-0.055,3
-120.433047,37.373911,74.53,-0.056,3
-120.432745,37.373911,74.62,-0.056,3
-120.432443,37.373911,74.68,-0.05,3
-120.43214,37.373911,74.73,-0.049,3
-120.431838,37.373911,74.78,-0.051,3
-120.431536,37.373911,74.81,-0.055,3
-120.431234,37.373911,74.86,-0.054,3
-120.430931,37.373911,75.7,-0.05,2
-120.430629,37.373911,77.29,-0.049,4
-120.430327,37.373911,78.25,-0.047,4
-120.430024,37.373911,78.42,-0.046,4
-120.429722,37.373911,78.61,-0.04,4
-120.42942,37.373911,78.77,-0.043,3
-120.429118,37.373911,79.05,-0.045,4
-120.428815,37.373911,78.91,-0.048,4
-120.428513,37.373911,78.94,-0.049,4
-120.428211,37.373911,79.21,-0.048,4
-120.427909,37.373911,79.82,-0.046,4
-120.427606,37.373911,81.36,-0.038,4
-120.427304,37.373911,84,-0.004,4
-120.427002,37.373911,88.04,0.128,4
-120.426699,37.373911,93.19,0.241,4
-120.426397,37.373911,98.33,0.397,4
-120.426095,37.373911,102.61,0.44,4
-120.425793,37.373911,106.88,0.338,4
-120.42549,37.373911,111.12,0.258,4
-120.425188,37.373911,114.57,0.26,4
-120.424886,37.373911,116.83,0.247,4
-120.424584,37.373911,118.3,0.217,4
-120.424281,37.373911,119.12,0.218,4
-120.423979,37.373911,119.65,0.215,4
-120.423677,37.373911,120.39,0.23,4
-120.423374,37.373911,121.32,0.241,4
-120.423072,37.373911,122.59,0.243,4
-120.42277,37.373911,123.74,0.239,4
-120.422468,37.373911,124.52,0.238,4
-120.422165,37.373911,125.01,0.24,4
-120.421863,37.373911,125.26,0.238,4
-120.421561,37.373911,125.47,0.237,4
-120.421259,37.373911,125.73,0.239,4
-120.420956,37.373911,125.84,0.237,4
-120.420654,37.373911,126.07,0.235,4
-120.420352,37.373911,126.24,0.235,4
-120.420049,37.373911,126.21,0.236,4
-120.419747,37.373911,126.16,0.233,4
-120.419445,37.373911,126.28,0.231,4
-120.419143,37.373911,126.41,0.233,4
-120.41884,37.373911,126.49,0.228,4
-120.418538,37.373911,126.71,0.23,4
-120.418236,37.373911,126.94,0.229,4
-120.417934,37.373911,127.22,0.228,4
-120.417631,37.373911,127.24,0.228,4
-120.417329,37.373911,127.09,0.233,4
-120.417027,37.373911,126.94,0.236,4
-120.416724,37.373911,126.86,0.236,4
-120.416422,37.373911,126.84,0.23,4
-120.41612,37.373911,126.83,0.206,4
-120.415818,37.373911,126.86,0.188,4
-120.415515,37.373911,126.79,0.234,4
-120.415213,37.373911,126.68,0.248,4
-120.414911,37.373911,126.47,0.247,4
-120.414609,37.373911,126.3,0.244,4
-120.414306,37.373911,126.21,0.243,4
-120.414004,37.373911,126.14,0.242,4
-120.413702,37.373911,126.12,0.241,4
-120.413399,37.373911,126.35,0.243,4
-120.413097,37.373911,126.82,0.233,4
-120.412795,37.373911,127.82,0.228,4
-120.412493,37.373911,128.83,0.226,4
-120.41219,37.373911,129.72,0.226,4
-120.411888,37.373911,130.46,0.227,4
-120.411586,37.373911,131.05,0.228,4
-120.411284,37.373911,131.48,0.229,4
-120.410981,37.373911,131.76,0.229,4
-120.410679,37.373911,131.91,0.229,4
-120.410377,37.373911,131.78,0.228,4
-120.410074,37.373911,131.69,0.234,4
-120.409772,37.373911,131.51,0.229,4
-120.40947,37.373911,131.43,0.229,4
-120.409168,37.373911,131.34,0.232,4
-120.408865,37.373911,130.94,0.236,4
-120.408563,37.373911,130.62,0.237,4
-120.408261,37.373911,130.63,0.232,4
-120.443324,37.373609,128.27,0.237,4
-120.443022,37.373609,128.71,0.238,4
-120.44272,37.373609,128.82,0.236,4
-120.442418,37.373609,128.75,0.233,4
-120.442115,37.373609,128.68,0.23,4
-120.441813,37.373609,128.56,0.227,4
-120.441511,37.373609,128.38,0.225,4
-120.441209,37.373609,128.11,0.223,4
-120.440906,37.373609,127.54,0.218,3
-120.440604,37.373609,126.04,0.217,3
-120.440302,37.373609,123.21,0.21,3
-120.439999,37.373609,118.43,0.2,3
-120.439697,37.373609,112.32,0.191,2
-120.439395,37.373609,105.41,0.145,2
-120.439093,37.373609,97.81,0.034,2
-120.43879,37.373609,90.6,-0.086,2
-120.438488,37.373609,86.41,-0.095,2
-120.438186,37.373609,82.51,-0.097,2
-120.437884,37.373609,77.32,-0.096,2
-120.437581,37.373609,75.86,-0.09,2
-120.437279,37.373609,75.11,-0.085,2
-120.436977,37.373609,74.6,-0.081,2
-120.436674,37.373609,74.3,-0.083,2
-120.436372,37.373609,74.11,-0.087,2
-120.43607,37.373609,73.96,-0.086,2
-120.435768,37.373609,73.86,-0.087,2
-120.435465,37.373609,73.87,-0.081,2
-120.435163,37.373609,73.99,-0.074,2
-120.434861,37.373609,74.15,-0.075,2
-120.434559,37.373609,73.98,-0.058,3
-120.434256,37.373609,74.01,-0.049,3
-120.433954,37.373609,74.16,-0.046,3
-120.433652,37.373609,74.31,-0.047,3
-120.433349,37.373609,74.44,-0.05,3
-120.433047,37.373609,74.57,-0.05,3
-120.432745,37.373609,74.69,-0.051,3
-120.432443,37.373609,74.76,-0.046,3
-120.43214,37.373609,74.83,-0.047,3
-120.431838,37.373609,74.9,-0.047,3
-120.431536,37.373609,74.98,-0.051,3
-120.431234,37.373609,75.06,-0.054,3
-120.430931,37.373609,76.46,-0.052,3
-120.430629,37.373609,78.43,-0.049,4
-120.430327,37.373609,78.7,-0.051,4
-120.430024,37.373609,79.02,-0.044,4
-120.429722,37.373609,79.34,-0.045,4
-120.42942,37.373609,79.67,-0.044,4
-120.429118,37.373609,80.06,-0.047,4
-120.428815,37.373609,79.96,-0.055,4
-120.428513,37.373609,80.04,-0.055,4
-120.428211,37.373609,80.43,-0.051,4
-120.427909,37.373609,81.29,-0.052,4
-120.427606,37.373609,83.15,-0.004,4
-120.427304,37.373609,86.44,0.209,4
-120.427002,37.373609,91.5,0.49,4
-120.426699,37.373609,97.33,0.454,4
-120.426397,37.373609,102.79,0.37,4
-120.426095,37.373609,107.27,0.289,4
-120.425793,37.373609,111.66,0.229,4
-120.42549,37.373609,115.85,0.198,4
-120.425188,37.373609,119.02,0.195,4
-120.424886,37.373609,120.84,0.197,4
-120.424584,37.373609,121.81,0.194,4
-120.424281,37.373609,122.23,0.217,4
-120.423979,37.373609,122.33,0.237,4
-120.423677,37.373609,122.73,0.243,4
-120.423374,37.373609,123.28,0.243,4
-120.423072,37.373609,124.06,0.24,4
-120.42277,37.373609,124.65,0.238,4
-120.422468,37.373609,124.97,0.24,4
-120.422165,37.373609,125.21,0.242,4
-120.421863,37.373609,125.37,0.237,4
-120.421561,37.373609,125.53,0.241,4
-120.421259,37.373609,125.73,0.245,4
-120.420956,37.373609,125.68,0.239,4
-120.420654,37.373609,125.83,0.235,4
-120.420352,37.373609,125.94,0.234,4
-120.420049,37.373609,126.08,0.231,4
-120.419747,37.373609,126.19,0.23,4
-120.419445,37.373609,126.26,0.232,4
-120.419143,37.373609,126.37,0.233,4
-120.41884,37.373609,126.53,0.231,4
-120.418538,37.373609,126.72,0.232,4
-120.418236,37.373609,126.91,0.228,4
-120.417934,37.373609,127.13,0.228,4
-120.417631,37.373609,127.06,0.233,4
-120.417329,37.373609,126.87,0.236,4
-120.417027,37.373609,126.77,0.234,4
-120.416724,37.373609,126.78,0.223,4
-120.416422,37.373609,126.85,0.205,4
-120.41612,37.373609,126.9,0.202,4
-120.415818,37.373609,127.02,0.24,4
-120.415515,37.373609,127.02,0.254,4
-120.415213,37.373609,127,0.249,4
-120.414911,37.373609,126.86,0.246,4
-120.414609,37.373609,126.77,0.248,4
-120.414306,37.373609,126.77,0.248,4
-120.414004,37.373609,126.72,0.247,4
-120.413702,37.373609,126.61,0.247,4
-120.413399,37.373609,126.66,0.246,4
-120.413097,37.373609,126.85,0.239,4
-120.412795,37.373609,127.36,0.23,4
-120.412493,37.373609,128.04,0.233,4
-120.41219,37.373609,128.67,0.235,4
-120.411888,37.373609,129.22,0.234,4
-120.411586,37.373609,129.68,0.234,4
-120.411284,37.373609,130.02,0.234,4
-120.410981,37.373609,130.26,0.233,4
-120.410679,37.373609,130.35,0.231,4
-120.410377,37.373609,130.04,0.23,4
-120.410074,37.373609,129.89,0.231,4
-120.409772,37.373609,130.12,0.229,4
-120.40947,37.373609,130.3,0.225,4
-120.409168,37.373609,130.42,0.23,4
-120.408865,37.373609,130.45,0.235,4
-120.408563,37.373609,130.46,0.234,4
-120.408261,37.373609,130.49,0.23,4
-120.407959,37.373609,130.5,0.23,4
-120.443324,37.373307,128.25,0.233,4
-120.443022,37.373307,128.6,0.232,4
-120.44272,37.373307,128.59,0.23,4
-120.442418,37.373307,128.47,0.228,4
-120.442115,37.373307,128.38,0.226,4
-120.441813,37.373307,128.3,0.224,4
-120.441511,37.373307,128.18,0.224,4
-120.441209,37.373307,127.99,0.226,4
-120.440906,37.373307,127.74,0.227,3
-120.440604,37.373307,126.64,0.224,3
-120.440302,37.373307,124.36,0.219,3
-120.439999,37.373307,120.26,0.203,3
-120.439697,37.373307,115.22,0.201,2
-120.439395,37.373307,109.39,0.187,2
-120.439093,37.373307,102.86,0.121,2
-120.43879,37.373307,95.78,0.009,2
-120.438488,37.373307,88.77,-0.083,2
-120.438186,37.373307,85.22,-0.085,2
-120.437884,37.373307,78.91,-0.083,2
-120.437581,37.373307,76.81,-0.079,2
-120.437279,37.373307,75.62,-0.083,2
-120.436977,37.373307,74.94,-0.077,2
-120.436674,37.373307,74.58,-0.07,2
-120.436372,37.373307,74.35,-0.069,2
-120.43607,37.373307,74.17,-0.069,2
-120.435768,37.373307,74.05,-0.068,2
-120.435465,37.373307,74.03,-0.071,2
-120.435163,37.373307,74.1,-0.069,2
-120.434861,37.373307,74.23,-0.068,2
-120.434559,37.373307,74.3,-0.061,2
-120.434256,37.373307,74.18,-0.054,3
-120.433954,37.373307,74.22,-0.047,3
-120.433652,37.373307,74.39,-0.047,3
-120.433349,37.373307,74.54,-0.05,3
-120.433047,37.373307,74.68,-0.048,3
-120.432745,37.373307,74.8,-0.05,3
-120.432443,37.373307,74.86,-0.047,3
-120.43214,37.373307,74.92,-0.048,3
-120.431838,37.373307,75.01,-0.045,3
-120.431536,37.373307,75.15,-0.047,3
-120.431234,37.373307,75.3,-0.049,3
-120.430931,37.373307,76.86,-0.048,3
-120.430629,37.373307,78.49,-0.047,4
-120.430327,37.373307,78.56,-0.05,4
-120.430024,37.373307,79.93,-0.043,4
-120.429722,37.373307,80.72,-0.046,4
-120.42942,37.373307,81.42,-0.038,4
-120.429118,37.373307,82.1,-0.046,4
-120.428815,37.373307,81.76,-0.074,4
-120.428513,37.373307,81.44,-0.078,4
-120.428211,37.373307,82.25,-0.06,4
-120.427909,37.373307,83.81,-0.057,4
-120.427606,37.373307,85.8,0.047,4
-120.427304,37.373307,89.17,0.422,4
-120.427002,37.373307,94.55,0.623,4
-120.426699,37.373307,100.84,0.387,4
-120.426397,37.373307,106.44,0.253,4
-120.426095,37.373307,111.26,0.217,4
-120.425793,37.373307,115.47,0.204,4
-120.42549,37.373307,119.23,0.189,4
-120.425188,37.373307,122.12,0.187,4
-120.424886,37.373307,123.76,0.208,4
-120.424584,37.373307,124.33,0.229,4
-120.424281,37.373307,124.35,0.238,4
-120.423979,37.373307,124.16,0.241,4
-120.423677,37.373307,124.29,0.237,4
-120.423374,37.373307,124.52,0.239,4
-120.423072,37.373307,124.98,0.236,4
-120.42277,37.373307,125.28,0.237,4
-120.422468,37.373307,125.43,0.24,4
-120.422165,37.373307,125.57,0.239,4
-120.421863,37.373307,125.7,0.234,4
-120.421561,37.373307,125.82,0.237,4
-120.421259,37.373307,125.97,0.24,4
-120.420956,37.373307,125.85,0.238,4
-120.420654,37.373307,125.97,0.236,4
-120.420352,37.373307,126.07,0.232,4
-120.420049,37.373307,126.2,0.229,4
-120.419747,37.373307,126.29,0.229,4
-120.419445,37.373307,126.34,0.233,4
-120.419143,37.373307,126.41,0.235,4
-120.41884,37.373307,126.51,0.234,4
-120.418538,37.373307,126.65,0.23,4
-120.418236,37.373307,126.79,0.23,4
-120.417934,37.373307,126.91,0.232,4
-120.417631,37.373307,126.75,0.237,4
-120.417329,37.373307,126.55,0.233,4
-120.417027,37.373307,126.53,0.22,4
-120.416724,37.373307,126.66,0.207,4
-120.416422,37.373307,126.84,0.209,4
-120.41612,37.373307,127.01,0.238,4
-120.415818,37.373307,127.21,0.256,4
-120.415515,37.373307,127.32,0.252,4
-120.415213,37.373307,127.39,0.247,4
-120.414911,37.373307,127.34,0.249,4
-120.414609,37.373307,127.32,0.255,4
-120.414306,37.373307,127.38,0.258,4
-120.414004,37.373307,127.37,0.257,4
-120.413702,37.373307,127.27,0.253,4
-120.413399,37.373307,127.25,0.251,4
-120.413097,37.373307,127.15,0.249,4
-120.412795,37.373307,127.12,0.241,4
-120.412493,37.373307,127.28,0.232,4
-120.41219,37.373307,127.51,0.225,4
-120.411888,37.373307,127.66,0.227,4
-120.411586,37.373307,127.77,0.231,4
-120.411284,37.373307,127.89,0.233,4
-120.410981,37.373307,127.98,0.233,4
-120.410679,37.373307,127.92,0.234,4
-120.410377,37.373307,127.56,0.23,4
-120.410074,37.373307,127.52,0.225,4
-120.409772,37.373307,128.05,0.232,4
-120.40947,37.373307,128.58,0.226,4
-120.409168,37.373307,129.06,0.229,4
-120.408865,37.373307,129.46,0.233,4
-120.408563,37.373307,129.85,0.231,4
-120.408261,37.373307,130.2,0.226,4
-120.407959,37.373307,130.4,0.224,4
-120.443022,37.373005,128.14,0.23,4
-120.44272,37.373005,128.02,0.226,4
-120.442418,37.373005,127.91,0.225,4
-120.442115,37.373005,127.84,0.228,4
-120.441813,37.373005,127.78,0.229,4
-120.441511,37.373005,127.69,0.229,4
-120.441209,37.373005,127.53,0.23,4
-120.440906,37.373005,127.25,0.231,4
-120.440604,37.373005,125.96,0.228,3
-120.440302,37.373005,124.74,0.224,3
-120.439999,37.373005,122.47,0.214,3
-120.439697,37.373005,119.04,0.207,2
-120.439395,37.373005,114.36,0.203,2
-120.439093,37.373005,108.48,0.178,2
-120.43879,37.373005,101.56,0.094,2
-120.438488,37.373005,94.39,-0.035,2
-120.438186,37.373005,89.2,-0.081,2
-120.437884,37.373005,82.17,-0.077,2
-120.437581,37.373005,78.9,-0.074,2
-120.437279,37.373005,76.95,-0.081,1
-120.436977,37.373005,75.6,-0.073,2
-120.436674,37.373005,74.97,-0.065,2
-120.436372,37.373005,74.7,-0.063,2
-120.43607,37.373005,74.46,-0.062,2
-120.435768,37.373005,74.33,-0.063,2
-120.435465,37.373005,74.3,-0.064,2
-120.435163,37.373005,74.31,-0.067,2
-120.434861,37.373005,74.38,-0.07,2
-120.434559,37.373005,74.08,-0.062,3
-120.434256,37.373005,74.13,-0.053,3
-120.433954,37.373005,74.33,-0.048,3
-120.433652,37.373005,74.54,-0.046,3
-120.433349,37.373005,74.71,-0.045,3
-120.433047,37.373005,74.85,-0.042,3
-120.432745,37.373005,74.94,-0.042,3
-120.432443,37.373005,75,-0.038,3
-120.43214,37.373005,75.06,-0.049,3
-120.431838,37.373005,77.2,-0.047,3
-120.431536,37.373005,77.84,-0.048,3
-120.431234,37.373005,77.98,-0.046,3
-120.430931,37.373005,78.58,-0.042,3
-120.430629,37.373005,78.89,-0.041,3
-120.430327,37.373005,79.11,-0.04,4
-120.430024,37.373005,81.43,-0.03,4
-120.429722,37.373005,82.56,0.004,4
-120.42942,37.373005,83.92,0.011,4
-120.429118,37.373005,85.12,0.011,4
-120.428815,37.373005,84.81,0.061,4
-120.428513,37.373005,84.58,0.03,4
-120.428211,37.373005,85.38,-0.031,4
-120.427909,37.373005,86.89,-0.058,4
-120.427606,37.373005,88.99,0.037,4
-120.427304,37.373005,92.74,0.337,4
-120.427002,37.373005,98.08,0.661,4
-120.426699,37.373005,104.21,0.396,4
-120.426397,37.373005,109.45,0.221,4
-120.426095,37.373005,114.24,0.19,4
-120.425793,37.373005,118.34,0.188,4
-120.42549,37.373005,121.7,0.2,4
-120.425188,37.373005,123.83,0.223,4
-120.424886,37.373005,124.76,0.241,4
-120.424584,37.373005,125.17,0.244,4
-120.424281,37.373005,125.24,0.242,4
-120.423979,37.373005,125.15,0.241,4
-120.423677,37.373005,125.18,0.239,4
-120.423374,37.373005,125.24,0.237,4
-120.423072,37.373005,125.5,0.236,4
-120.42277,37.373005,125.66,0.236,4
-120.422468,37.373005,125.73,0.236,4
-120.422165,37.373005,125.77,0.234,4
-120.421863,37.373005,125.77,0.236,4
-120.421561,37.373005,125.89,0.237,4
-120.421259,37.373005,126.01,0.234,4
-120.420956,37.373005,125.93,0.235,4
-120.420654,37.373005,126.03,0.234,4
-120.420352,37.373005,126.13,0.233,4
-120.420049,37.373005,126.43,0.233,4
-120.419747,37.373005,126.61,0.234,4
-120.419445,37.373005,126.63,0.236,4
-120.419143,37.373005,126.65,0.237,4
-120.41884,37.373005,126.68,0.235,4
-120.418538,37.373005,126.74,0.229,4
-120.418236,37.373005,126.82,0.232,4
-120.417934,37.373005,126.68,0.234,4
-120.417631,37.373005,126.43,0.227,4
-120.417329,37.373005,126.26,0.216,4
-120.417027,37.373005,126.33,0.213,4
-120.416724,37.373005,126.57,0.223,4
-120.416422,37.373005,126.85,0.239,4
-120.41612,37.373005,127.11,0.25,4
-120.415818,37.373005,127.34,0.251,4
-120.415515,37.373005,127.58,0.249,4
-120.415213,37.373005,127.79,0.245,4
-120.414911,37.373005,127.72,0.249,4
-120.414609,37.373005,127.75,0.257,4
-120.414306,37.373005,127.84,0.263,4
-120.414004,37.373005,127.82,0.263,4
-120.413702,37.373005,127.66,0.26,4
-120.413399,37.373005,127.39,0.259,4
-120.413097,37.373005,126.95,0.261,4
-120.412795,37.373005,126.59,0.253,4
-120.412493,37.373005,126.28,0.236,4
-120.41219,37.373005,126.01,0.226,4
-120.411888,37.373005,125.74,0.23,4
-120.411586,37.373005,125.43,0.232,4
-120.411284,37.373005,125.06,0.235,4
-120.410981,37.373005,124.63,0.237,4
-120.410679,37.373005,124.09,0.232,4
-120.410377,37.373005,123.47,0.226,4
-120.410074,37.373005,123.57,0.229,4
-120.409772,37.373005,124.54,0.269,4
-120.40947,37.373005,125.77,0.24,4
-120.409168,37.373005,126.92,0.227,4
-120.408865,37.373005,127.94,0.231,4
-120.408563,37.373005,128.93,0.232,4
-120.408261,37.373005,129.82,0.228,4
-120.407959,37.373005,130.28,0.224,4
-120.443022,37.372702,127.76,0.225,4
-120.44272,37.372702,127.62,0.223,4
-120.442418,37.372702,127.5,0.227,4
-120.442115,37.372702,127.43,0.232,4
-120.441813,37.372702,127.37,0.234,4
-120.441511,37.372702,127.29,0.231,4
-120.441209,37.372702,127.15,0.228,4
-120.440906,37.372702,126.76,0.229,4
-120.440604,37.372702,126.14,0.229,4
-120.440302,37.372702,125.23,0.228,3
-120.439999,37.372702,124.34,0.222,3
-120.439697,37.372702,122.17,0.215,2
-120.439395,37.372702,118.46,0.214,2
-120.439093,37.372702,113.2,0.205,2
-120.43879,37.372702,106.76,0.156,2
-120.438488,37.372702,99.98,0.055,2
-120.438186,37.372702,93.58,-0.054,2
-120.437884,37.372702,87.91,-0.08,2
-120.437581,37.372702,83.32,-0.078,1
-120.437279,37.372702,80.35,-0.078,1
-120.436977,37.372702,76.89,-0.071,1
-120.436674,37.372702,75.23,-0.065,2
-120.436372,37.372702,74.87,-0.063,2
-120.43607,37.372702,74.63,-0.063,2
-120.435768,37.372702,74.55,-0.064,2
-120.435465,37.372702,74.52,-0.063,2
-120.435163,37.372702,74.5,-0.061,2
-120.434861,37.372702,74.54,-0.058,2
-120.434559,37.372702,74.17,-0.055,3
-120.434256,37.372702,74.25,-0.057,3
-120.433954,37.372702,74.49,-0.05,3
-120.433652,37.372702,74.72,-0.046,3
-120.433349,37.372702,74.91,-0.046,3
-120.433047,37.372702,75.03,-0.042,3
-120.432745,37.372702,75.12,-0.038,3
-120.432443,37.372702,75.2,-0.037,3
-120.43214,37.372702,75.29,-0.047,3
-120.431838,37.372702,78.36,-0.046,3
-120.431536,37.372702,79.3,-0.044,3
-120.431234,37.372702,79.67,-0.043,3
-120.430931,37.372702,80.11,-0.044,3
-120.430629,37.372702,80.87,-0.042,3
-120.430327,37.372702,82.18,-0.025,4
-120.430024,37.372702,83.98,0.009,4
-120.429722,37.372702,85.44,0.029,4
-120.42942,37.372702,87.45,-0.052,4
-120.429118,37.372702,89.24,0.06,4
-120.428815,37.372702,89.39,0.276,4
-120.428513,37.372702,89.82,0.263,4
-120.428211,37.372702,90.3,0.143,4
-120.427909,37.372702,91.37,0.04,4
-120.427606,37.372702,93.61,0.039,4
-120.427304,37.372702,97.01,0.228,4
-120.427002,37.372702,101.68,0.579,4
-120.426699,37.372702,107.15,0.467,4
-120.426397,37.372702,111.78,0.21,4
-120.426095,37.372702,116.29,0.192,4
-120.425793,37.372702,120.03,0.214,4
-120.42549,37.372702,122.91,0.238,4
-120.425188,37.372702,124.63,0.247,4
-120.424886,37.372702,125.24,0.245,4
-120.424584,37.372702,125.3,0.245,4
-120.424281,37.372702,125.4,0.244,4
-120.423979,37.372702,125.69,0.241,4
-120.423677,37.372702,125.68,0.24,4
-120.423374,37.372702,125.68,0.238,4
-120.423072,37.372702,125.69,0.239,4
-120.42277,37.372702,125.7,0.238,4
-120.422468,37.372702,125.72,0.235,4
-120.422165,37.372702,125.77,0.233,4
-120.421863,37.372702,125.85,0.233,4
-120.421561,37.372702,126,0.234,4
-120.421259,37.372702,126.17,0.229,4
-120.420956,37.372702,126.1,0.231,4
-120.420654,37.372702,126.19,0.234,4
-120.420352,37.372702,126.25,0.237,4
-120.420049,37.372702,126.6,0.236,4
-120.419747,37.372702,126.8,0.237,4
-120.419445,37.372702,126.81,0.239,4
-120.419143,37.372702,126.8,0.237,4
-120.41884,37.372702,126.79,0.234,4
-120.418538,37.372702,126.78,0.232,4
-120.418236,37.372702,126.78,0.234,4
-120.417934,37.372702,126.47,0.218,4
-120.417631,37.372702,126.2,0.21,4
-120.417329,37.372702,126.11,0.221,4
-120.417027,37.372702,126.27,0.237,4
-120.416724,37.372702,126.58,0.246,4
-120.416422,37.372702,126.93,0.25,4
-120.41612,37.372702,127.24,0.25,4
-120.415818,37.372702,127.46,0.249,4
-120.415515,37.372702,127.81,0.245,4
-120.415213,37.372702,128.13,0.246,4
-120.414911,37.372702,128,0.256,4
-120.414609,37.372702,127.99,0.263,4
-120.414306,37.372702,127.91,0.265,4
-120.414004,37.372702,127.85,0.262,4
-120.413702,37.372702,127.63,0.259,4
-120.413399,37.372702,126.99,0.262,4
-120.413097,37.372702,126.09,0.263,4
-120.412795,37.372702,125.52,0.258,4
-120.412493,37.372702,125.04,0.241,4
-120.41219,37.372702,124.66,0.259,4
-120.411888,37.372702,124.23,0.269,4
-120.411586,37.372702,123.75,0.259,4
-120.411284,37.372702,123.1,0.25,4
-120.410981,37.372702,122.36,0.246,4
-120.410679,37.372702,121.46,0.244,4
-120.410377,37.372702,120.39,0.253,4
-120.410074,37.372702,120,0.289,4
-120.409772,37.372702,120.49,0.311,4
-120.40947,37.372702,121.74,0.277,4
-120.409168,37.372702,123.4,0.247,4
-120.408865,37.372702,125.22,0.233,4
-120.408563,37.372702,127.22,0.23,4
-120.408261,37.372702,128.95,0.23,4
-120.407959,37.372702,129.82,0.23,4
-120.443022,37.3724,127.72,0.225,4
-120.44272,37.3724,127.59,0.225,4
-120.442418,37.3724,127.47,0.231,4
-120.442115,37.3724,127.38,0.236,4
-120.441813,37.3724,127.32,0.236,4
-120.441511,37.3724,127.27,0.233,4
-120.441209,37.3724,127.2,0.23,4
-120.440906,37.3724,127,0.229,4
-120.440604,37.3724,126.9,0.227,4
-120.440302,37.3724,126.37,0.23,4
-120.439999,37.3724,126.02,0.228,4
-120.439697,37.3724,124.47,0.224,3
-120.439395,37.3724,121.27,0.216,2
-120.439093,37.3724,116.49,0.215,2
-120.43879,37.3724,110.64,0.202,2
-120.438488,37.3724,104.37,0.142,2
-120.438186,37.3724,98.09,0.034,2
-120.437884,37.3724,92.06,-0.09,2
-120.437581,37.3724,86.87,-0.081,2
-120.437279,37.3724,82.72,-0.078,1
-120.436977,37.3724,78.21,-0.071,2
-120.436674,37.3724,75.87,-0.07,1
-120.436372,37.3724,75.08,-0.067,1
-120.43607,37.3724,74.79,-0.063,1
-120.435768,37.3724,74.75,-0.063,2
-120.435465,37.3724,74.69,-0.061,2
-120.435163,37.3724,74.65,-0.058,2
-120.434861,37.3724,74.67,-0.053,2
-120.434559,37.3724,74.32,-0.053,3
-120.434256,37.3724,74.39,-0.056,3
-120.433954,37.3724,74.59,-0.053,3
-120.433652,37.3724,74.8,-0.048,3
-120.433349,37.3724,75.01,-0.044,3
-120.433047,37.3724,75.17,-0.041,3
-120.432745,37.3724,75.31,-0.038,3
-120.432443,37.3724,75.42,-0.037,3
-120.43214,37.3724,75.57,-0.041,3
-120.431838,37.3724,78.81,-0.041,3
-120.431536,37.3724,79.93,-0.038,3
-120.431234,37.3724,80.73,-0.039,3
-120.430931,37.3724,81.77,-0.048,3
-120.430629,37.3724,83.48,-0.059,3
-120.430327,37.3724,85.7,-0.06,4
-120.430024,37.3724,87.76,-0.059,4
-120.429722,37.3724,89.79,-0.073,4
-120.42942,37.3724,92.32,-0.03,4
-120.429118,37.3724,94.47,0.142,4
-120.428815,37.3724,94.51,0.321,4
-120.428513,37.3724,94.78,0.39,4
-120.428211,37.3724,95.31,0.366,4
-120.427909,37.3724,97.02,0.329,4
-120.427606,37.3724,99.61,0.361,4
-120.427304,37.3724,102.3,0.462,4
-120.427002,37.3724,105.79,0.505,4
-120.426699,37.3724,109.86,0.416,4
-120.426397,37.3724,113.75,0.258,4
-120.426095,37.3724,117.77,0.238,4
-120.425793,37.3724,121.14,0.253,4
-120.42549,37.3724,123.78,0.263,4
-120.425188,37.3724,125.33,0.258,4
-120.424886,37.3724,125.8,0.25,4
-120.424584,37.3724,125.73,0.248,4
-120.424281,37.3724,125.73,0.245,4
-120.423979,37.3724,125.85,0.242,4
-120.423677,37.3724,125.91,0.238,4
-120.423374,37.3724,125.87,0.234,4
-120.423072,37.3724,125.84,0.235,4
-120.42277,37.3724,125.81,0.232,4
-120.422468,37.3724,125.79,0.231,4
-120.422165,37.3724,125.79,0.229,4
-120.421863,37.3724,125.86,0.228,4
-120.421561,37.3724,126.04,0.231,4
-120.421259,37.3724,126.3,0.23,4
-120.420956,37.3724,126.3,0.233,4
-120.420654,37.3724,126.35,0.236,4
-120.420352,37.3724,126.33,0.235,4
-120.420049,37.3724,126.64,0.235,4
-120.419747,37.3724,126.81,0.238,4
-120.419445,37.3724,126.83,0.24,4
-120.419143,37.3724,126.84,0.235,4
-120.41884,37.3724,126.81,0.231,4
-120.418538,37.3724,126.77,0.237,4
-120.418236,37.3724,126.7,0.218,4
-120.417934,37.3724,126.33,0.202,4
-120.417631,37.3724,126.14,0.231,4
-120.417329,37.3724,126.1,0.246,4
-120.417027,37.3724,126.3,0.253,4
-120.416724,37.3724,126.66,0.254,4
-120.416422,37.3724,127.06,0.253,4
-120.41612,37.3724,127.41,0.253,4
-120.415818,37.3724,127.68,0.25,4
-120.415515,37.3724,128.08,0.241,4
-120.415213,37.3724,128.45,0.25,4
-120.414911,37.3724,128.36,0.26,4
-120.414609,37.3724,128.28,0.261,4
-120.414306,37.3724,128.04,0.261,4
-120.414004,37.3724,127.79,0.258,4
-120.413702,37.3724,127.29,0.259,4
-120.413399,37.3724,126.22,0.263,4
-120.413097,37.3724,124.9,0.263,4
-120.412795,37.3724,124.07,0.253,4
-120.412493,37.3724,123.62,0.231,4
-120.41219,37.3724,123.43,0.253,4
-120.411888,37.3724,123.19,0.274,4
-120.411586,37.3724,122.82,0.27,4
-120.411284,37.3724,122.2,0.262,4
-120.410981,37.3724,121.52,0.258,4
-120.410679,37.3724,120.63,0.267,4
-120.410377,37.3724,119.42,0.302,4
-120.410074,37.3724,118.65,0.353,4
-120.409772,37.3724,118.66,0.357,4
-120.40947,37.3724,119.58,0.283,4
-120.409168,37.3724,121.06,0.251,4
-120.408865,37.3724,123.1,0.236,4
-120.408563,37.3724,125.63,0.228,4
-120.408261,37.3724,127.93,0.225,4
-120.407959,37.3724,129.1,0.223,4
-120.443022,37.372098,127.82,0.228,4
-120.44272,37.372098,127.75,0.228,4
-120.442418,37.372098,127.68,0.231,4
-120.442115,37.372098,127.61,0.233,4
-120.441813,37.372098,127.53,0.232,4
-120.441511,37.372098,127.47,0.23,4
-120.441209,37.372098,127.43,0.23,4
-120.440906,37.372098,127.29,0.227,4
-120.440604,37.372098,127.25,0.226,4
-120.440302,37.372098,126.91,0.229,4
-120.439999,37.372098,126.73,0.225,4
-120.439697,37.372098,125.58,0.224,4
-120.439395,37.372098,123.48,0.221,3
-120.439093,37.372098,119.94,0.218,3
-120.43879,37.372098,115.12,0.216,3
-120.438488,37.372098,109.59,0.196,3
-120.438186,37.372098,103.46,0.123,2
-120.437884,37.372098,97.15,-0.012,2
-120.437581,37.372098,91.29,-0.087,2
-120.437279,37.372098,86.21,-0.077,2
-120.436977,37.372098,81.4,-0.071,2
-120.436674,37.372098,78.72,-0.07,2
-120.436372,37.372098,77.51,-0.069,2
-120.43607,37.372098,76.26,-0.067,2
-120.435768,37.372098,75.06,-0.065,2
-120.435465,37.372098,74.9,-0.062,2
-120.435163,37.372098,74.8,-0.054,2
-120.434861,37.372098,74.77,-0.052,2
-120.434559,37.372098,74.55,-0.052,3
-120.434256,37.372098,74.49,-0.053,3
-120.433954,37.372098,74.6,-0.051,3
-120.433652,37.372098,74.78,-0.048,3
-120.433349,37.372098,75.01,-0.045,3
-120.433047,37.372098,75.54,-0.043,3
-120.432745,37.372098,76.29,-0.04,3
-120.432443,37.372098,76.42,-0.036,3
-120.43214,37.372098,76.57,-0.037,3
-120.431838,37.372098,79.4,-0.04,3
-120.431536,37.372098,80.94,-0.04,3
-120.431234,37.372098,82.64,-0.042,3
-120.430931,37.372098,84.6,-0.012,3
-120.430629,37.372098,87.25,0.165,3
-120.430327,37.372098,90.22,0.318,4
-120.430024,37.372098,92.79,0.237,4
-120.429722,37.372098,95.31,0.137,4
-120.42942,37.372098,98.04,0.13,4
-120.429118,37.372098,100.21,0.276,4
-120.428815,37.372098,99.86,0.434,4
-120.428513,37.372098,100.24,0.502,4
-120.428211,37.372098,100.85,0.526,4
-120.427909,37.372098,102.76,0.523,4
-120.427606,37.372098,105.26,0.498,4
-120.427304,37.372098,107.36,0.438,4
-120.427002,37.372098,109.85,0.341,4
-120.426699,37.372098,112.6,0.322,4
-120.426397,37.372098,115.59,0.322,4
-120.426095,37.372098,118.85,0.266,4
-120.425793,37.372098,121.73,0.267,4
-120.42549,37.372098,124.3,0.271,4
-120.425188,37.372098,125.84,0.267,4
-120.424886,37.372098,126.2,0.257,4
-120.424584,37.372098,126,0.246,4
-120.424281,37.372098,125.89,0.24,4
-120.423979,37.372098,125.82,0.238,4
-120.423677,37.372098,126.06,0.236,4
-120.423374,37.372098,125.99,0.232,4
-120.423072,37.372098,125.95,0.233,4
-120.42277,37.372098,125.9,0.228,4
-120.422468,37.372098,125.86,0.228,4
-120.422165,37.372098,125.84,0.229,4
-120.421863,37.372098,125.9,0.23,4
-120.421561,37.372098,126.11,0.232,4
-120.421259,37.372098,126.39,0.231,4
-120.420956,37.372098,126.42,0.234,4
-120.420654,37.372098,126.4,0.235,4
-120.420352,37.372098,126.28,0.238,4
-120.420049,37.372098,126.51,0.236,4
-120.419747,37.372098,126.67,0.239,4
-120.419445,37.372098,126.73,0.239,4
-120.419143,37.372098,126.8,0.234,4
-120.41884,37.372098,126.84,0.229,4
-120.418538,37.372098,126.85,0.22,4
-120.418236,37.372098,126.77,0.205,4
-120.417934,37.372098,126.45,0.239,4
-120.417631,37.372098,126.26,0.253,4
-120.417329,37.372098,126.23,0.257,4
-120.417027,37.372098,126.43,0.255,4
-120.416724,37.372098,126.78,0.254,4
-120.416422,37.372098,127.19,0.256,4
-120.41612,37.372098,127.54,0.253,4
-120.415818,37.372098,127.83,0.241,4
-120.415515,37.372098,128.25,0.239,4
-120.415213,37.372098,128.71,0.253,4
-120.414911,37.372098,128.37,0.257,4
-120.414609,37.372098,128.04,0.254,4
-120.414306,37.372098,127.55,0.255,4
-120.414004,37.372098,127.13,0.258,4
-120.413702,37.372098,126.4,0.263,4
-120.413399,37.372098,125.1,0.266,4
-120.413097,37.372098,123.7,0.258,4
-120.412795,37.372098,122.95,0.238,4
-120.412493,37.372098,122.75,0.222,4
-120.41219,37.372098,122.85,0.242,4
-120.411888,37.372098,122.92,0.256,4
-120.411586,37.372098,122.87,0.258,4
-120.411284,37.372098,122.6,0.258,4
-120.410981,37.372098,122.38,0.269,4
-120.410679,37.372098,121.95,0.29,4
-120.410377,37.372098,121.01,0.309,4
-120.410074,37.372098,120.11,0.327,4
-120.409772,37.372098,119.6,0.364,4
-120.40947,37.372098,119.87,0.339,4
-120.409168,37.372098,120.84,0.257,4
-120.408865,37.372098,122.49,0.23,4
-120.408563,37.372098,124.72,0.227,4
-120.408261,37.372098,126.9,0.224,4
-120.407959,37.372098,128.38,0.22,4
-120.443022,37.371796,128.05,0.224,4
-120.44272,37.371796,128.04,0.227,4
-120.442418,37.371796,128.11,0.229,4
-120.442115,37.371796,128.15,0.23,4
-120.441813,37.371796,128.1,0.231,4
-120.441511,37.371796,127.99,0.233,4
-120.441209,37.371796,127.83,0.234,4
-120.440906,37.371796,127.59,0.231,4
-120.440604,37.371796,127.49,0.226,4
-120.440302,37.371796,127.1,0.226,4
-120.439999,37.371796,127.03,0.224,4
-120.439697,37.371796,126.23,0.222,4
-120.439395,37.371796,124.93,0.224,4
-120.439093,37.371796,122.71,0.22,3
-120.43879,37.371796,119.3,0.213,3
-120.438488,37.371796,114.72,0.211,3
-120.438186,37.371796,108.99,0.187,2
-120.437884,37.371796,102.28,0.1,2
-120.437581,37.371796,95.85,-0.028,2
-120.437279,37.371796,90.06,-0.074,2
-120.436977,37.371796,85.32,-0.075,2
-120.436674,37.371796,81.88,-0.068,1
-120.436372,37.371796,79.97,-0.065,2
-120.43607,37.371796,77.68,-0.063,2
-120.435768,37.371796,75.38,-0.061,2
-120.435465,37.371796,75.1,-0.059,2
-120.435163,37.371796,74.93,-0.052,2
-120.434861,37.371796,74.87,-0.056,2
-120.434559,37.371796,74.88,-0.051,2
-120.434256,37.371796,74.75,-0.051,3
-120.433954,37.371796,74.69,-0.051,3
-120.433652,37.371796,74.79,-0.048,3
-120.433349,37.371796,74.43,-0.044,3
-120.433047,37.371796,75.78,-0.044,3
-120.432745,37.371796,79.09,-0.044,3
-120.432443,37.371796,79.26,-0.038,3
-120.43214,37.371796,78.75,-0.036,3
-120.431838,37.371796,78.74,-0.032,3
-120.431536,37.371796,82.52,-0.027,3
-120.431234,37.371796,85.42,-0.032,3
-120.430931,37.371796,88.16,0.178,3
-120.430629,37.371796,91.64,0.395,3
-120.430327,37.371796,95.25,0.455,4
-120.430024,37.371796,98.24,0.399,4
-120.429722,37.371796,101,0.35,4
-120.42942,37.371796,103.96,0.331,4
-120.429118,37.371796,106.25,0.316,4
-120.428815,37.371796,105.85,0.48,4
-120.428513,37.371796,106.43,0.519,4
-120.428211,37.371796,107,0.565,4
-120.427909,37.371796,108.74,0.549,4
-120.427606,37.371796,110.75,0.423,4
-120.427304,37.371796,112.14,0.275,4
-120.427002,37.371796,113.77,0.232,4
-120.426699,37.371796,115.58,0.278,4
-120.426397,37.371796,117.72,0.303,4
-120.426095,37.371796,120.15,0.263,4
-120.425793,37.371796,122.32,0.259,4
-120.42549,37.371796,124.57,0.267,4
-120.425188,37.371796,126.01,0.265,4
-120.424886,37.371796,126.33,0.25,4
-120.424584,37.371796,126.1,0.236,4
-120.424281,37.371796,125.97,0.233,4
-120.423979,37.371796,125.88,0.23,4
-120.423677,37.371796,126.09,0.231,4
-120.423374,37.371796,126.02,0.232,4
-120.423072,37.371796,126,0.232,4
-120.42277,37.371796,125.99,0.233,4
-120.422468,37.371796,125.97,0.232,4
-120.422165,37.371796,125.96,0.232,4
-120.421863,37.371796,126.02,0.233,4
-120.421561,37.371796,126.22,0.234,4
-120.421259,37.371796,126.45,0.231,4
-120.420956,37.371796,126.43,0.235,4
-120.420654,37.371796,126.32,0.232,4
-120.420352,37.371796,126.1,0.232,4
-120.420049,37.371796,126.3,0.231,4
-120.419747,37.371796,126.48,0.234,4
-120.419445,37.371796,126.64,0.233,4
-120.419143,37.371796,126.81,0.225,4
-120.41884,37.371796,126.95,0.217,4
-120.418538,37.371796,127.03,0.222,4
-120.418236,37.371796,127.02,0.252,4
-120.417934,37.371796,126.79,0.254,4
-120.417631,37.371796,126.64,0.251,4
-120.417329,37.371796,126.6,0.252,4
-120.417027,37.371796,126.72,0.255,4
-120.416724,37.371796,126.95,0.256,4
-120.416422,37.371796,127.24,0.255,4
-120.41612,37.371796,127.51,0.249,4
-120.415818,37.371796,127.74,0.241,4
-120.415515,37.371796,128.06,0.248,4
-120.415213,37.371796,128.35,0.258,4
-120.414911,37.371796,127.9,0.259,4
-120.414609,37.371796,127.28,0.255,4
-120.414306,37.371796,126.52,0.255,4
-120.414004,37.371796,125.96,0.265,4
-120.413702,37.371796,125.21,0.269,4
-120.413399,37.371796,124.08,0.258,4
-120.413097,37.371796,123.01,0.239,4
-120.412795,37.371796,122.68,0.23,4
-120.412493,37.371796,122.84,0.251,4
-120.41219,37.371796,123.23,0.271,4
-120.411888,37.371796,123.59,0.271,4
-120.411586,37.371796,123.81,0.268,4
-120.411284,37.371796,123.94,0.265,4
-120.410981,37.371796,124.21,0.275,4
-120.410679,37.371796,124.22,0.286,4
-120.410377,37.371796,123.6,0.288,4
-120.410074,37.371796,122.76,0.3,4
-120.409772,37.371796,121.94,0.328,4
-120.40947,37.371796,121.52,0.295,4
-120.409168,37.371796,121.69,0.259,4
-120.408865,37.371796,122.46,0.231,4
-120.408563,37.371796,123.86,0.227,4
-120.443022,37.371493,128.41,0.226,4
-120.44272,37.371493,128.44,0.23,4
-120.442418,37.371493,128.6,0.234,4
-120.442115,37.371493,128.71,0.234,4
-120.441813,37.371493,128.67,0.231,4
-120.441511,37.371493,128.55,0.233,4
-120.441209,37.371493,128.32,0.237,4
-120.440906,37.371493,127.84,0.235,4
-120.440604,37.371493,127.34,0.23,4
-120.440302,37.371493,126.77,0.228,4
-120.439999,37.371493,126.69,0.223,4
-120.439697,37.371493,126.07,0.225,4
-120.439395,37.371493,125.36,0.227,4
-120.439093,37.371493,124.07,0.225,4
-120.43879,37.371493,121.73,0.213,4
-120.438488,37.371493,118.14,0.217,3
-120.438186,37.371493,113.15,0.24,3
-120.437884,37.371493,106.77,0.179,2
-120.437581,37.371493,100.34,0.086,2
-120.437279,37.371493,94.41,-0.044,2
-120.436977,37.371493,88.93,-0.076,2
-120.436674,37.371493,84.32,-0.068,2
-120.436372,37.371493,81.3,-0.063,2
-120.43607,37.371493,78.21,-0.061,2
-120.435768,37.371493,75.68,-0.06,2
-120.435465,37.371493,75.26,-0.059,2
-120.435163,37.371493,75.04,-0.056,2
-120.434861,37.371493,74.98,-0.056,2
-120.434559,37.371493,74.98,-0.052,2
-120.434256,37.371493,75.02,-0.046,2
-120.433954,37.371493,74.86,-0.048,3
-120.433652,37.371493,74.92,-0.045,3
-120.433349,37.371493,74.33,-0.038,3
-120.433047,37.371493,75.8,-0.036,2
-120.432745,37.371493,79.47,-0.037,3
-120.432443,37.371493,79.35,-0.035,3
-120.43214,37.371493,76.62,-0.033,2
-120.431838,37.371493,73.81,0.006,1
-120.431536,37.371493,84.28,0.029,3
-120.431234,37.371493,89.09,0.088,3
-120.430931,37.371493,92.43,0.387,3
-120.430629,37.371493,96.22,0.523,4
-120.430327,37.371493,99.97,0.476,4
-120.430024,37.371493,103.14,0.42,4
-120.429722,37.371493,106.09,0.349,4
-120.42942,37.371493,109.13,0.324,4
-120.429118,37.371493,111.63,0.352,4
-120.428815,37.371493,111.71,0.41,4
-120.428513,37.371493,112.53,0.462,4
-120.428211,37.371493,113.22,0.472,4
-120.427909,37.371493,114.72,0.365,4
-120.427606,37.371493,116.02,0.258,4
-120.427304,37.371493,116.68,0.223,4
-120.427002,37.371493,117.54,0.22,4
-120.426699,37.371493,118.55,0.235,4
-120.426397,37.371493,119.7,0.234,4
-120.426095,37.371493,121.26,0.257,4
-120.425793,37.371493,122.65,0.256,4
-120.42549,37.371493,124.34,0.259,4
-120.425188,37.371493,125.67,0.252,4
-120.424886,37.371493,126.16,0.241,4
-120.424584,37.371493,126.13,0.234,4
-120.424281,37.371493,126.04,0.233,4
-120.423979,37.371493,125.96,0.227,4
-120.423677,37.371493,126.14,0.227,4
-120.423374,37.371493,126.08,0.232,4
-120.423072,37.371493,126.07,0.235,4
-120.42277,37.371493,126.08,0.239,4
-120.422468,37.371493,126.09,0.237,4
-120.422165,37.371493,126.1,0.235,4
-120.421863,37.371493,126.17,0.236,4
-120.421561,37.371493,126.32,0.237,4
-120.421259,37.371493,126.44,0.234,4
-120.420956,37.371493,126.33,0.235,4
-120.420654,37.371493,126.12,0.232,4
-120.420352,37.371493,125.81,0.232,4
-120.420049,37.371493,126.03,0.228,4
-120.419747,37.371493,126.27,0.223,4
-120.419445,37.371493,126.54,0.219,4
-120.419143,37.371493,126.82,0.217,4
-120.41884,37.371493,127.03,0.225,4
-120.418538,37.371493,127.12,0.242,4
-120.418236,37.371493,127.15,0.249,4
-120.417934,37.371493,127.03,0.25,4
-120.417631,37.371493,127,0.253,4
-120.417329,37.371493,126.97,0.255,4
-120.417027,37.371493,127.03,0.259,4
-120.416724,37.371493,127.08,0.258,4
-120.416422,37.371493,127.11,0.252,4
-120.41612,37.371493,127.06,0.252,4
-120.415818,37.371493,127,0.258,4
-120.415515,37.371493,127.1,0.258,4
-120.415213,37.371493,127.19,0.26,4
-120.414911,37.371493,126.58,0.262,4
-120.414609,37.371493,125.99,0.26,4
-120.414306,37.371493,125.29,0.267,4
-120.414004,37.371493,124.84,0.273,4
-120.413702,37.371493,124.29,0.258,4
-120.413399,37.371493,123.55,0.23,4
-120.413097,37.371493,123.01,0.222,4
-120.412795,37.371493,123.08,0.249,4
-120.412493,37.371493,123.55,0.268,4
-120.41219,37.371493,124.29,0.271,4
-120.411888,37.371493,124.99,0.277,4
-120.411586,37.371493,125.39,0.274,4
-120.411284,37.371493,125.64,0.277,4
-120.410981,37.371493,126.12,0.28,4
-120.410679,37.371493,126.27,0.287,4
-120.410377,37.371493,125.68,0.297,4
-120.410074,37.371493,124.73,0.3,4
-120.409772,37.371493,123.74,0.294,4
-120.40947,37.371493,122.95,0.27,4
-120.409168,37.371493,122.51,0.268,4
-120.408865,37.371493,122.39,0.233,4
-120.408563,37.371493,122.9,0.236,4
-120.443022,37.371191,128.92,0.231,4
-120.44272,37.371191,128.84,0.238,4
-120.442418,37.371191,128.93,0.24,4
-120.442115,37.371191,128.89,0.237,4
-120.441813,37.371191,128.74,0.232,4
-120.441511,37.371191,128.5,0.231,4
-120.441209,37.371191,128.1,0.235,4
-120.440906,37.371191,127.53,0.241,4
-120.440604,37.371191,126.9,0.244,4
-120.440302,37.371191,126.05,0.238,4
-120.439999,37.371191,125.75,0.224,4
-120.439697,37.371191,125.1,0.219,4
-120.439395,37.371191,124.46,0.214,4
-120.439093,37.371191,123.62,0.211,4
-120.43879,37.371191,122.36,0.211,4
-120.438488,37.371191,120.17,0.249,4
-120.438186,37.371191,116.38,0.305,3
-120.437884,37.371191,111.03,0.252,3
-120.437581,37.371191,105.29,0.165,3
-120.437279,37.371191,99.39,0.074,3
-120.436977,37.371191,93.46,-0.045,2
-120.436674,37.371191,87.99,-0.07,2
-120.436372,37.371191,83.76,-0.068,2
-120.43607,37.371191,79.45,-0.065,2
-120.435768,37.371191,76.34,-0.062,2
-120.435465,37.371191,75.62,-0.06,2
-120.435163,37.371191,75.28,-0.057,2
-120.434861,37.371191,75.16,-0.052,2
-120.434559,37.371191,75.13,-0.053,2
-120.434256,37.371191,75.16,-0.047,2
-120.433954,37.371191,75.04,-0.046,3
-120.433652,37.371191,75.17,-0.042,3
-120.433349,37.371191,75.53,-0.037,3
-120.433047,37.371191,77.44,-0.034,3
-120.432745,37.371191,80.09,-0.032,3
-120.432443,37.371191,80.76,-0.028,3
-120.43214,37.371191,80.53,-0.014,2
-120.431838,37.371191,80.39,0.047,1
-120.431536,37.371191,88.49,0.166,2
-120.431234,37.371191,93.38,0.36,3
-120.430931,37.371191,97.27,0.498,3
-120.430629,37.371191,101.15,0.514,4
-120.430327,37.371191,104.79,0.426,4
-120.430024,37.371191,107.92,0.302,4
-120.429722,37.371191,110.69,0.205,4
-120.42942,37.371191,113.33,0.192,4
-120.429118,37.371191,115.86,0.2,4
-120.428815,37.371191,116.42,0.249,4
-120.428513,37.371191,117.28,0.301,4
-120.428211,37.371191,118.05,0.268,4
-120.427909,37.371191,119.18,0.265,4
-120.427606,37.371191,119.96,0.304,4
-120.427304,37.371191,120.29,0.295,4
-120.427002,37.371191,120.6,0.226,4
-120.426699,37.371191,120.84,0.228,4
-120.426397,37.371191,121.11,0.249,4
-120.426095,37.371191,121.7,0.252,4
-120.425793,37.371191,122.43,0.247,4
-120.42549,37.371191,123.82,0.243,4
-120.425188,37.371191,125.16,0.24,4
-120.424886,37.371191,125.95,0.238,4
-120.424584,37.371191,126.19,0.238,4
-120.424281,37.371191,126.17,0.238,4
-120.423979,37.371191,126.14,0.233,4
-120.423677,37.371191,126.34,0.232,4
-120.423374,37.371191,126.25,0.239,4
-120.423072,37.371191,126.22,0.234,4
-120.42277,37.371191,126.2,0.236,4
-120.422468,37.371191,126.2,0.237,4
-120.422165,37.371191,126.22,0.238,4
-120.421863,37.371191,126.29,0.241,4
-120.421561,37.371191,126.38,0.243,4
-120.421259,37.371191,126.41,0.238,4
-120.420956,37.371191,126.2,0.237,4
-120.420654,37.371191,125.91,0.234,4
-120.420352,37.371191,125.54,0.233,4
-120.420049,37.371191,125.74,0.218,4
-120.419747,37.371191,125.99,0.205,4
-120.419445,37.371191,126.32,0.217,4
-120.419143,37.371191,126.66,0.242,4
-120.41884,37.371191,126.86,0.253,4
-120.418538,37.371191,126.93,0.241,4
-120.418236,37.371191,126.95,0.236,4
-120.417934,37.371191,126.89,0.25,4
-120.417631,37.371191,126.87,0.251,4
-120.417329,37.371191,126.81,0.249,4
-120.417027,37.371191,126.59,0.248,4
-120.416724,37.371191,126.46,0.25,4
-120.416422,37.371191,126.32,0.252,4
-120.41612,37.371191,126.01,0.258,4
-120.415818,37.371191,125.6,0.266,4
-120.415515,37.371191,125.37,0.265,4
-120.415213,37.371191,125.34,0.262,4
-120.414911,37.371191,125,0.267,4
-120.414609,37.371191,124.78,0.268,4
-120.414306,37.371191,124.44,0.263,4
-120.414004,37.371191,124.27,0.246,4
-120.413702,37.371191,124.08,0.224,4
-120.413399,37.371191,123.8,0.222,4
-120.413097,37.371191,123.68,0.243,4
-120.412795,37.371191,124,0.261,4
-120.412493,37.371191,124.74,0.271,4
-120.41219,37.371191,125.81,0.275,4
-120.411888,37.371191,126.61,0.275,4
-120.411586,37.371191,127.12,0.279,4
-120.411284,37.371191,127.45,0.284,4
-120.410981,37.371191,127.9,0.284,4
-120.410679,37.371191,127.92,0.289,4
-120.410377,37.371191,127.17,0.299,4
-120.410074,37.371191,126.02,0.298,4
-120.409772,37.371191,124.76,0.29,4
-120.40947,37.371191,123.72,0.277,4
-120.409168,37.371191,122.99,0.272,4
-120.408865,37.371191,122.36,0.244,4
-120.443022,37.370889,129,0.248,4
-120.44272,37.370889,128.89,0.26,4
-120.442418,37.370889,128.87,0.243,4
-120.442115,37.370889,128.65,0.236,4
-120.441813,37.370889,128.32,0.234,4
-120.441511,37.370889,127.93,0.233,4
-120.441209,37.370889,127.44,0.236,4
-120.440906,37.370889,126.86,0.246,4
-120.440604,37.370889,126.3,0.254,4
-120.440302,37.370889,125.54,0.229,4
-120.439999,37.370889,124.86,0.237,4
-120.439697,37.370889,124.21,0.216,4
-120.439395,37.370889,123.81,0.219,4
-120.439093,37.370889,123.93,0.224,4
-120.43879,37.370889,123.64,0.226,4
-120.438488,37.370889,122.42,0.231,4
-120.438186,37.370889,120.09,0.241,4
-120.437884,37.370889,116.3,0.247,3
-120.437581,37.370889,111.62,0.217,3
-120.437279,37.370889,105.86,0.159,3
-120.436977,37.370889,99.24,0.056,3
-120.436674,37.370889,93.07,-0.048,3
-120.436372,37.370889,87.52,-0.074,3
-120.43607,37.370889,83.12,-0.069,3
-120.435768,37.370889,80.2,-0.063,3
-120.435465,37.370889,78.99,-0.059,3
-120.435163,37.370889,78.34,-0.053,3
-120.434861,37.370889,75.75,-0.05,3
-120.434559,37.370889,75.58,-0.049,3
-120.434256,37.370889,75.54,-0.048,3
-120.433954,37.370889,76.62,-0.046,4
-120.433652,37.370889,77.14,-0.042,4
-120.433349,37.370889,77.54,-0.038,4
-120.433047,37.370889,78.69,-0.036,4
-120.432745,37.370889,80.79,-0.03,4
-120.432443,37.370889,83.3,-0.008,4
-120.43214,37.370889,86.19,0.054,3
-120.431838,37.370889,89.22,0.279,4
-120.431536,37.370889,93.24,0.459,4
-120.431234,37.370889,98.01,0.541,4
-120.430931,37.370889,101.4,0.546,4
-120.430629,37.370889,105.06,0.473,4
-120.430327,37.370889,108.77,0.337,4
-120.430024,37.370889,111.92,0.217,4
-120.429722,37.370889,114.45,0.18,4
-120.42942,37.370889,116.56,0.186,4
-120.429118,37.370889,118.85,0.186,4
-120.428815,37.370889,120.2,0.198,4
-120.428513,37.370889,121.09,0.211,4
-120.428211,37.370889,121.57,0.269,4
-120.427909,37.370889,122.1,0.342,4
-120.427606,37.370889,122.32,0.383,4
-120.427304,37.370889,122.22,0.336,4
-120.427002,37.370889,121.94,0.251,4
-120.426699,37.370889,121.42,0.244,4
-120.426397,37.370889,120.82,0.256,4
-120.426095,37.370889,120.68,0.23,4
-120.425793,37.370889,121.74,0.233,4
-120.42549,37.370889,123.29,0.241,4
-120.425188,37.370889,124.9,0.256,4
-120.424886,37.370889,125.95,0.26,4
-120.424584,37.370889,126.45,0.257,4
-120.424281,37.370889,126.6,0.252,4
-120.423979,37.370889,126.54,0.246,4
-120.423677,37.370889,126.45,0.248,4
-120.423374,37.370889,126.33,0.245,4
-120.423072,37.370889,126.23,0.234,4
-120.42277,37.370889,126.05,0.231,4
-120.422468,37.370889,125.97,0.237,4
-120.422165,37.370889,125.99,0.242,4
-120.421863,37.370889,126.07,0.245,4
-120.421561,37.370889,126.16,0.245,4
-120.421259,37.370889,126.17,0.242,4
-120.420956,37.370889,126.06,0.236,4
-120.420654,37.370889,126.08,0.233,4
-120.420352,37.370889,125.7,0.217,4
-120.420049,37.370889,125.92,0.201,4
-120.419747,37.370889,126.11,0.216,4
-120.419445,37.370889,126.39,0.242,4
-120.419143,37.370889,126.43,0.26,4
-120.41884,37.370889,126.31,0.262,4
-120.418538,37.370889,126.27,0.258,4
-120.418236,37.370889,126.18,0.256,4
-120.417934,37.370889,125.95,0.253,4
-120.417631,37.370889,125.83,0.244,4
-120.417329,37.370889,125.62,0.241,4
-120.417027,37.370889,125.16,0.242,4
-120.416724,37.370889,124.91,0.248,4
-120.416422,37.370889,124.74,0.256,4
-120.41612,37.370889,124.5,0.262,4
-120.415818,37.370889,124.14,0.264,4
-120.415515,37.370889,123.76,0.262,4
-120.415213,37.370889,123.77,0.257,4
-120.414911,37.370889,124.05,0.258,4
-120.414609,37.370889,124.36,0.242,4
-120.414306,37.370889,124.54,0.234,4
-120.414004,37.370889,124.66,0.23,4
-120.413702,37.370889,124.72,0.231,4
-120.413399,37.370889,124.79,0.244,4
-120.413097,37.370889,125.06,0.26,4
-120.412795,37.370889,125.61,0.266,4
-120.412493,37.370889,126.26,0.272,4
-120.41219,37.370889,127.13,0.274,4
-120.411888,37.370889,127.84,0.28,4
-120.411586,37.370889,128.43,0.287,4
-120.411284,37.370889,128.8,0.282,4
-120.410981,37.370889,128.82,0.28,4
-120.410679,37.370889,128.39,0.28,4
-120.410377,37.370889,127.44,0.282,4
-120.410074,37.370889,126.02,0.288,4
-120.409772,37.370889,124.35,0.288,4
-120.40947,37.370889,123.24,0.281,4
-120.409168,37.370889,122.32,0.274,4
-120.408865,37.370889,121.66,0.254,4
-120.443022,37.370586,128.89,0.27,4
-120.44272,37.370586,128.79,0.268,4
-120.442418,37.370586,128.64,0.243,4
-120.442115,37.370586,128.38,0.236,4
-120.441813,37.370586,127.92,0.238,4
-120.441511,37.370586,127.36,0.237,4
-120.441209,37.370586,126.85,0.233,4
-120.440906,37.370586,126.42,0.229,4
-120.440604,37.370586,126.02,0.22,4
-120.440302,37.370586,125.57,0.201,4
-120.439999,37.370586,125.18,0.239,4
-120.439697,37.370586,124.71,0.235,4
-120.439395,37.370586,124.47,0.233,4
-120.439093,37.370586,124.84,0.234,4
-120.43879,37.370586,124.79,0.233,4
-120.438488,37.370586,124.04,0.233,4
-120.438186,37.370586,122.51,0.234,4
-120.437884,37.370586,119.79,0.236,4
-120.437581,37.370586,116.11,0.227,3
-120.437279,37.370586,110.9,0.202,3
-120.436977,37.370586,104.47,0.154,3
-120.436674,37.370586,98.04,0.019,3
-120.436372,37.370586,92.3,-0.055,3
-120.43607,37.370586,87.39,-0.065,3
-120.435768,37.370586,83.29,-0.066,3
-120.435465,37.370586,80.82,-0.069,3
-120.435163,37.370586,79.47,-0.062,3
-120.434861,37.370586,76.23,-0.053,3
-120.434559,37.370586,75.96,-0.048,3
-120.434256,37.370586,75.86,-0.048,3
-120.433954,37.370586,77.38,-0.043,4
-120.433652,37.370586,78.06,-0.04,4
-120.433349,37.370586,78.6,-0.04,4
-120.433047,37.370586,79.55,-0.038,4
-120.432745,37.370586,81.78,-0.031,4
-120.432443,37.370586,85.42,-0.007,4
-120.43214,37.370586,89.18,0.113,4
-120.431838,37.370586,93.18,0.556,4
-120.431536,37.370586,97.8,0.593,4
-120.431234,37.370586,103.03,0.584,4
-120.430931,37.370586,105.68,0.522,4
-120.430629,37.370586,109.05,0.385,4
-120.430327,37.370586,112.63,0.241,4
-120.430024,37.370586,115.53,0.181,4
-120.429722,37.370586,117.9,0.209,4
-120.42942,37.370586,120.09,0.25,4
-120.429118,37.370586,121.91,0.278,4
-120.428815,37.370586,123.12,0.275,4
-120.428513,37.370586,123.91,0.268,4
-120.428211,37.370586,124.34,0.301,4
-120.427909,37.370586,124.79,0.309,4
-120.427606,37.370586,124.8,0.314,4
-120.427304,37.370586,124.39,0.295,4
-120.427002,37.370586,123.56,0.25,4
-120.426699,37.370586,122.18,0.227,4
-120.426397,37.370586,120.71,0.234,4
-120.426095,37.370586,120.01,0.234,4
-120.425793,37.370586,121.17,0.241,4
-120.42549,37.370586,123.01,0.248,4
-120.425188,37.370586,124.89,0.256,4
-120.424886,37.370586,126,0.261,4
-120.424584,37.370586,126.48,0.262,4
-120.424281,37.370586,126.68,0.258,4
-120.423979,37.370586,126.73,0.253,4
-120.423677,37.370586,126.65,0.257,4
-120.423374,37.370586,126.48,0.248,4
-120.423072,37.370586,126.3,0.235,4
-120.42277,37.370586,126.02,0.235,4
-120.422468,37.370586,125.92,0.24,4
-120.422165,37.370586,125.91,0.243,4
-120.421863,37.370586,125.97,0.244,4
-120.421561,37.370586,126.05,0.244,4
-120.421259,37.370586,126.1,0.241,4
-120.420956,37.370586,126.15,0.23,4
-120.420654,37.370586,126.46,0.215,4
-120.420352,37.370586,126.19,0.203,4
-120.420049,37.370586,126.09,0.223,4
-120.419747,37.370586,126.38,0.243,4
-120.419445,37.370586,126.6,0.258,4
-120.419143,37.370586,126.2,0.266,4
-120.41884,37.370586,125.67,0.266,4
-120.418538,37.370586,125.39,0.26,4
-120.418236,37.370586,125.01,0.254,4
-120.417934,37.370586,124.47,0.248,4
-120.417631,37.370586,124.19,0.242,4
-120.417329,37.370586,123.75,0.244,4
-120.417027,37.370586,123.36,0.249,4
-120.416724,37.370586,123.14,0.258,4
-120.416422,37.370586,123.08,0.266,4
-120.41612,37.370586,123.14,0.263,4
-120.415818,37.370586,123.16,0.25,4
-120.415515,37.370586,123.1,0.238,4
-120.415213,37.370586,123.33,0.24,4
-120.414911,37.370586,123.93,0.246,4
-120.414609,37.370586,124.68,0.247,4
-120.414306,37.370586,125.15,0.25,4
-120.414004,37.370586,125.56,0.239,4
-120.413702,37.370586,125.89,0.24,4
-120.413399,37.370586,126.12,0.256,4
-120.413097,37.370586,126.46,0.267,4
-120.412795,37.370586,126.96,0.264,4
-120.412493,37.370586,127.39,0.267,4
-120.41219,37.370586,127.94,0.272,4
-120.411888,37.370586,128.46,0.281,4
-120.411586,37.370586,128.87,0.282,4
-120.411284,37.370586,129.11,0.274,4
-120.410981,37.370586,129.01,0.275,4
-120.410679,37.370586,128.36,0.279,4
-120.410377,37.370586,127.18,0.276,4
-120.410074,37.370586,125.57,0.273,4
-120.409772,37.370586,123.83,0.282,4
-120.40947,37.370586,122.8,0.282,4
-120.409168,37.370586,121.89,0.277,4
-120.408865,37.370586,121.28,0.243,4
-120.443022,37.370284,128.88,0.249,4
-120.44272,37.370284,128.79,0.249,4
-120.442418,37.370284,128.61,0.245,4
-120.442115,37.370284,128.25,0.244,4
-120.441813,37.370284,127.68,0.24,4
-120.441511,37.370284,127.07,0.235,4
-120.441209,37.370284,126.63,0.23,4
-120.440906,37.370284,126.34,0.226,4
-120.440604,37.370284,126.08,0.224,4
-120.440302,37.370284,125.92,0.227,4
-120.439999,37.370284,125.83,0.236,4
-120.439697,37.370284,125.52,0.233,4
-120.439395,37.370284,125.3,0.23,4
-120.439093,37.370284,125.68,0.233,4
-120.43879,37.370284,125.68,0.235,4
-120.438488,37.370284,125.23,0.235,4
-120.438186,37.370284,124.24,0.233,4
-120.437884,37.370284,122.19,0.228,4
-120.437581,37.370284,118.99,0.222,4
-120.437279,37.370284,114.58,0.223,3
-120.436977,37.370284,108.75,0.196,3
-120.436674,37.370284,102.71,0.13,3
-120.436372,37.370284,96.99,-0.002,3
-120.43607,37.370284,91.51,-0.061,3
-120.435768,37.370284,86.7,-0.065,3
-120.435465,37.370284,83.16,-0.064,3
-120.435163,37.370284,80.19,-0.06,3
-120.434861,37.370284,76.64,-0.053,3
-120.434559,37.370284,76.22,-0.052,3
-120.434256,37.370284,76.09,-0.048,3
-120.433954,37.370284,77.64,-0.045,4
-120.433652,37.370284,79.32,-0.042,4
-120.433349,37.370284,80.29,-0.044,4
-120.433047,37.370284,81.35,-0.043,4
-120.432745,37.370284,83.55,-0.039,4
-120.432443,37.370284,87.11,0.004,4
-120.43214,37.370284,91.47,0.186,4
-120.431838,37.370284,96.26,0.563,4
-120.431536,37.370284,101.78,0.471,4
-120.431234,37.370284,107.68,0.5,4
-120.430931,37.370284,110.76,0.354,4
-120.430629,37.370284,113.95,0.281,4
-120.430327,37.370284,116.97,0.245,4
-120.430024,37.370284,119.34,0.245,4
-120.429722,37.370284,121.25,0.29,4
-120.42942,37.370284,122.98,0.337,4
-120.429118,37.370284,124.45,0.352,4
-120.428815,37.370284,125.6,0.312,4
-120.428513,37.370284,126.32,0.308,4
-120.428211,37.370284,126.71,0.296,4
-120.427909,37.370284,126.98,0.264,4
-120.427606,37.370284,126.72,0.242,4
-120.427304,37.370284,125.99,0.232,4
-120.427002,37.370284,124.6,0.23,4
-120.426699,37.370284,122.4,0.232,4
-120.426397,37.370284,120.26,0.227,4
-120.426095,37.370284,119.34,0.232,4
-120.425793,37.370284,120.73,0.245,4
-120.42549,37.370284,122.84,0.25,4
-120.425188,37.370284,124.84,0.254,4
-120.424886,37.370284,125.91,0.259,4
-120.424584,37.370284,126.41,0.263,4
-120.424281,37.370284,126.7,0.263,4
-120.423979,37.370284,126.83,0.26,4
-120.423677,37.370284,126.78,0.257,4
-120.423374,37.370284,126.61,0.251,4
-120.423072,37.370284,126.39,0.244,4
-120.42277,37.370284,126.05,0.25,4
-120.422468,37.370284,125.95,0.252,4
-120.422165,37.370284,125.96,0.247,4
-120.421863,37.370284,126,0.244,4
-120.421561,37.370284,126.07,0.238,4
-120.421259,37.370284,126.18,0.223,4
-120.420956,37.370284,126.45,0.205,4
-120.420654,37.370284,126.98,0.207,4
-120.420352,37.370284,126.93,0.236,4
-120.420049,37.370284,126.71,0.248,4
-120.419747,37.370284,126.88,0.258,4
-120.419445,37.370284,126.74,0.265,4
-120.419143,37.370284,126.02,0.268,4
-120.41884,37.370284,125.16,0.268,4
-120.418538,37.370284,124.42,0.263,4
-120.418236,37.370284,123.62,0.255,4
-120.417934,37.370284,122.83,0.249,4
-120.417631,37.370284,122.44,0.257,4
-120.417329,37.370284,121.9,0.254,4
-120.417027,37.370284,121.53,0.245,4
-120.416724,37.370284,121.46,0.249,4
-120.416422,37.370284,121.64,0.25,4
-120.41612,37.370284,122.13,0.241,4
-120.415818,37.370284,122.72,0.235,4
-120.415515,37.370284,123.27,0.251,4
-120.415213,37.370284,123.97,0.286,4
-120.414911,37.370284,124.79,0.268,4
-120.414609,37.370284,125.67,0.25,4
-120.414306,37.370284,126.12,0.244,4
-120.414004,37.370284,126.5,0.242,4
-120.413702,37.370284,126.82,0.256,4
-120.413399,37.370284,127.09,0.271,4
-120.413097,37.370284,127.44,0.269,4
-120.412795,37.370284,127.83,0.262,4
-120.412493,37.370284,128.02,0.272,4
-120.41219,37.370284,128.29,0.274,4
-120.411888,37.370284,128.58,0.288,4
-120.411586,37.370284,128.72,0.275,4
-120.411284,37.370284,128.73,0.265,4
-120.410981,37.370284,128.54,0.275,4
-120.410679,37.370284,127.69,0.284,4
-120.410377,37.370284,126.23,0.274,4
-120.410074,37.370284,124.43,0.264,4
-120.409772,37.370284,122.8,0.272,4
-120.40947,37.370284,122.06,0.273,4
-120.409168,37.370284,121.47,0.269,4
-120.443022,37.369982,128.39,0.245,4
-120.44272,37.369982,128.31,0.243,4
-120.442418,37.369982,128.18,0.242,4
-120.442115,37.369982,127.87,0.242,4
-120.441813,37.369982,127.4,0.239,4
-120.441511,37.369982,126.91,0.236,4
-120.441209,37.369982,126.55,0.234,4
-120.440906,37.369982,126.37,0.233,4
-120.440604,37.369982,126.29,0.235,4
-120.440302,37.369982,126.24,0.239,4
-120.439999,37.369982,126.15,0.239,4
-120.439697,37.369982,125.9,0.234,4
-120.439395,37.369982,125.66,0.231,4
-120.439093,37.369982,125.78,0.234,4
-120.43879,37.369982,125.62,0.234,4
-120.438488,37.369982,125.09,0.233,4
-120.438186,37.369982,124.27,0.232,4
-120.437884,37.369982,123.02,0.23,4
-120.437581,37.369982,120.98,0.225,4
-120.437279,37.369982,117.61,0.229,4
-120.436977,37.369982,112.98,0.221,4
-120.436674,37.369982,107.72,0.184,4
-120.436372,37.369982,102.03,0.102,3
-120.43607,37.369982,96.02,-0.01,3
-120.435768,37.369982,90.31,-0.061,3
-120.435465,37.369982,85.62,-0.06,3
-120.435163,37.369982,81.73,-0.06,3
-120.434861,37.369982,78.17,-0.057,3
-120.434559,37.369982,77.12,-0.052,3
-120.434256,37.369982,76.78,-0.049,3
-120.433954,37.369982,77.94,-0.046,4
-120.433652,37.369982,79.61,-0.046,4
-120.433349,37.369982,80.63,-0.042,4
-120.433047,37.369982,81.2,-0.041,4
-120.432745,37.369982,83.08,-0.041,4
-120.432443,37.369982,86.86,0.041,4
-120.43214,37.369982,91.56,0.273,4
-120.431838,37.369982,96.89,0.483,4
-120.431536,37.369982,103.43,0.303,4
-120.431234,37.369982,110.05,0.263,4
-120.430931,37.369982,114.42,0.166,4
-120.430629,37.369982,117.7,0.188,4
-120.430327,37.369982,120.23,0.246,4
-120.430024,37.369982,122.47,0.28,4
-120.429722,37.369982,124.43,0.294,4
-120.42942,37.369982,125.89,0.3,4
-120.429118,37.369982,127.24,0.292,4
-120.428815,37.369982,128.73,0.272,4
-120.428513,37.369982,129.3,0.312,4
-120.428211,37.369982,129.44,0.339,4
-120.427909,37.369982,129.01,0.287,4
-120.427606,37.369982,128.3,0.246,4
-120.427304,37.369982,127.16,0.231,4
-120.427002,37.369982,125.12,0.234,4
-120.426699,37.369982,122.3,0.247,4
-120.426397,37.369982,119.92,0.251,4
-120.426095,37.369982,119.2,0.246,4
-120.425793,37.369982,120.41,0.242,4
-120.42549,37.369982,122.39,0.256,4
-120.425188,37.369982,124.23,0.264,4
-120.424886,37.369982,125.31,0.268,4
-120.424584,37.369982,125.99,0.268,4
-120.424281,37.369982,126.47,0.264,4
-120.423979,37.369982,126.73,0.261,4
-120.423677,37.369982,126.79,0.258,4
-120.423374,37.369982,126.69,0.253,4
-120.423072,37.369982,126.54,0.254,4
-120.42277,37.369982,126.35,0.26,4
-120.422468,37.369982,126.22,0.256,4
-120.422165,37.369982,126.13,0.249,4
-120.421863,37.369982,126.1,0.238,4
-120.421561,37.369982,126.14,0.214,4
-120.421259,37.369982,126.33,0.197,4
-120.420956,37.369982,126.85,0.216,4
-120.420654,37.369982,127.78,0.246,4
-120.420352,37.369982,127.95,0.26,4
-120.420049,37.369982,127.76,0.254,4
-120.419747,37.369982,127.17,0.255,4
-120.419445,37.369982,126.54,0.26,4
-120.419143,37.369982,125.75,0.264,4
-120.41884,37.369982,124.51,0.265,4
-120.418538,37.369982,123.04,0.266,4
-120.418236,37.369982,121.78,0.264,4
-120.417934,37.369982,120.94,0.258,4
-120.417631,37.369982,120.71,0.248,4
-120.417329,37.369982,120.49,0.233,4
-120.417027,37.369982,120.5,0.225,4
-120.416724,37.369982,120.86,0.224,4
-120.416422,37.369982,121.44,0.19,4
-120.41612,37.369982,122.31,0.187,4
-120.415818,37.369982,123.24,0.218,4
-120.415515,37.369982,124.09,0.252,4
-120.415213,37.369982,125.09,0.275,4
-120.414911,37.369982,126.19,0.251,4
-120.414609,37.369982,127.04,0.232,4
-120.414306,37.369982,127.41,0.237,4
-120.414004,37.369982,127.61,0.254,4
-120.413702,37.369982,127.76,0.264,4
-120.413399,37.369982,127.9,0.265,4
-120.413097,37.369982,128.05,0.263,4
-120.412795,37.369982,128.16,0.266,4
-120.412493,37.369982,128.17,0.276,4
-120.41219,37.369982,128.14,0.282,4
-120.411888,37.369982,128.12,0.284,4
-120.411586,37.369982,127.96,0.273,4
-120.411284,37.369982,127.74,0.267,4
-120.410981,37.369982,127.36,0.282,4
-120.410679,37.369982,126.24,0.287,4
-120.410377,37.369982,124.56,0.275,4
-120.410074,37.369982,122.84,0.264,4
-120.409772,37.369982,121.64,0.266,4
-120.40947,37.369982,121.34,0.263,4
-120.409168,37.369982,121.2,0.251,4
-120.443022,37.36968,128.22,0.245,4
-120.44272,37.36968,128.13,0.242,4
-120.442418,37.36968,128.05,0.24,4
-120.442115,37.36968,127.82,0.242,4
-120.441813,37.36968,127.51,0.243,4
-120.441511,37.36968,127.18,0.242,4
-120.441209,37.36968,126.93,0.238,4
-120.440906,37.36968,126.8,0.236,4
-120.440604,37.36968,126.74,0.239,4
-120.440302,37.36968,126.64,0.241,4
-120.439999,37.36968,126.43,0.241,4
-120.439697,37.36968,126.14,0.236,4
-120.439395,37.36968,125.86,0.234,4
-120.439093,37.36968,125.63,0.233,4
-120.43879,37.36968,125.37,0.23,4
-120.438488,37.36968,124.9,0.231,4
-120.438186,37.36968,124.43,0.234,4
-120.437884,37.36968,123.86,0.234,4
-120.437581,37.36968,122.57,0.231,4
-120.437279,37.36968,120.41,0.232,4
-120.436977,37.36968,117.1,0.229,4
-120.436674,37.36968,112.66,0.213,4
-120.436372,37.36968,107.06,0.169,4
-120.43607,37.36968,100.5,0.072,4
-120.435768,37.36968,93.9,-0.016,4
-120.435465,37.36968,88.56,-0.054,4
-120.435163,37.36968,84.84,-0.06,4
-120.434861,37.36968,82,-0.06,4
-120.434559,37.36968,79.12,-0.06,4
-120.434256,37.36968,78.28,-0.057,4
-120.433954,37.36968,78.3,-0.054,4
-120.433652,37.36968,78.86,-0.051,4
-120.433349,37.36968,80.79,-0.047,4
-120.433047,37.36968,82.16,-0.042,4
-120.432745,37.36968,84.23,-0.04,4
-120.432443,37.36968,88.07,0.026,4
-120.43214,37.36968,92.98,0.234,4
-120.431838,37.36968,98.76,0.452,4
-120.431536,37.36968,106.16,0.282,4
-120.431234,37.36968,113.35,0.158,4
-120.430931,37.36968,117.71,0.151,4
-120.430629,37.36968,120.8,0.218,4
-120.430327,37.36968,123.13,0.269,4
-120.430024,37.36968,125.22,0.282,4
-120.429722,37.36968,126.97,0.284,4
-120.42942,37.36968,128.15,0.284,4
-120.429118,37.36968,129.32,0.262,4
-120.428815,37.36968,130.8,0.25,4
-120.428513,37.36968,131.2,0.274,4
-120.428211,37.36968,131.13,0.303,4
-120.427909,37.36968,130.2,0.29,4
-120.427606,37.36968,129.16,0.248,4
-120.427304,37.36968,127.65,0.225,4
-120.427002,37.36968,125.22,0.232,4
-120.426699,37.36968,122.21,0.245,4
-120.426397,37.36968,119.9,0.244,4
-120.426095,37.36968,119.39,0.246,4
-120.425793,37.36968,119.97,0.236,4
-120.42549,37.36968,121.24,0.256,4
-120.425188,37.36968,122.58,0.263,4
-120.424886,37.36968,123.73,0.269,4
-120.424584,37.36968,124.7,0.273,4
-120.424281,37.36968,125.45,0.27,4
-120.423979,37.36968,125.95,0.263,4
-120.423677,37.36968,126.22,0.259,4
-120.423374,37.36968,126.3,0.26,4
-120.423072,37.36968,126.33,0.263,4
-120.42277,37.36968,126.65,0.257,4
-120.422468,37.36968,126.62,0.252,4
-120.422165,37.36968,126.54,0.236,4
-120.421863,37.36968,126.48,0.209,4
-120.421561,37.36968,126.55,0.204,4
-120.421259,37.36968,126.86,0.225,4
-120.420956,37.36968,127.43,0.245,4
-120.420654,37.36968,128.04,0.255,4
-120.420352,37.36968,128.25,0.257,4
-120.420049,37.36968,127.99,0.25,4
-120.419747,37.36968,127.17,0.26,4
-120.419445,37.36968,126.28,0.265,4
-120.419143,37.36968,125.06,0.273,4
-120.41884,37.36968,123.17,0.272,4
-120.418538,37.36968,121.09,0.254,4
-120.418236,37.36968,119.64,0.231,4
-120.417934,37.36968,119.08,0.212,4
-120.417631,37.36968,119.3,0.177,4
-120.417329,37.36968,119.68,0.191,4
-120.417027,37.36968,120.29,0.161,4
-120.416724,37.36968,121.12,0.145,4
-120.416422,37.36968,122.01,0.11,4
-120.41612,37.36968,123.03,0.113,4
-120.415818,37.36968,124.03,0.162,4
-120.415515,37.36968,124.95,0.215,4
-120.415213,37.36968,125.98,0.245,4
-120.414911,37.36968,127.11,0.244,4
-120.414609,37.36968,127.97,0.243,4
-120.414306,37.36968,128.45,0.251,4
-120.414004,37.36968,128.51,0.259,4
-120.413702,37.36968,128.45,0.263,4
-120.413399,37.36968,128.39,0.262,4
-120.413097,37.36968,128.21,0.263,4
-120.412795,37.36968,127.98,0.27,4
-120.412493,37.36968,127.79,0.275,4
-120.41219,37.36968,127.42,0.273,4
-120.411888,37.36968,126.95,0.268,4
-120.411586,37.36968,126.4,0.27,4
-120.411284,37.36968,125.9,0.275,4
-120.410981,37.36968,125.32,0.282,4
-120.410679,37.36968,124.16,0.282,4
-120.410377,37.36968,122.67,0.276,4
-120.410074,37.36968,121.46,0.28,4
-120.409772,37.36968,121,0.283,4
-120.40947,37.36968,121.23,0.261,4
-120.409168,37.36968,121.4,0.235,4
-120.443022,37.369377,128.03,0.246,4
-120.44272,37.369377,127.89,0.247,4
-120.442418,37.369377,127.79,0.246,4
-120.442115,37.369377,127.62,0.249,4
-120.441813,37.369377,127.43,0.249,4
-120.441511,37.369377,127.28,0.245,4
-120.441209,37.369377,127.19,0.238,4
-120.440906,37.369377,127.15,0.236,4
-120.440604,37.369377,127.09,0.239,4
-120.440302,37.369377,126.97,0.238,4
-120.439999,37.369377,126.75,0.239,4
-120.439697,37.369377,126.46,0.238,4
-120.439395,37.369377,126.15,0.237,4
-120.439093,37.369377,125.8,0.236,4
-120.43879,37.369377,125.55,0.234,4
-120.438488,37.369377,125.17,0.234,4
-120.438186,37.369377,124.87,0.235,4
-120.437884,37.369377,124.6,0.235,4
-120.437581,37.369377,123.84,0.234,4
-120.437279,37.369377,122.5,0.233,4
-120.436977,37.369377,120.15,0.23,4
-120.436674,37.369377,116.43,0.223,4
-120.436372,37.369377,111.3,0.207,4
-120.43607,37.369377,104.95,0.165,4
-120.435768,37.369377,98.31,0.094,4
-120.435465,37.369377,92.88,0.004,4
-120.435163,37.369377,88.61,-0.054,4
-120.434861,37.369377,84.45,-0.061,4
-120.434559,37.369377,80.85,-0.061,4
-120.434256,37.369377,79.35,-0.058,4
-120.433954,37.369377,79.14,-0.054,4
-120.433652,37.369377,79.73,-0.055,4
-120.433349,37.369377,81.88,-0.053,4
-120.433047,37.369377,83.63,-0.048,4
-120.432745,37.369377,85.66,-0.039,4
-120.432443,37.369377,89.52,-0.003,4
-120.43214,37.369377,95.21,0.177,4
-120.431838,37.369377,101.43,0.495,4
-120.431536,37.369377,109.19,0.312,4
-120.431234,37.369377,116.44,0.36,4
-120.430931,37.369377,120.17,0.278,4
-120.430629,37.369377,123.19,0.289,4
-120.430327,37.369377,125.51,0.276,4
-120.430024,37.369377,127.42,0.291,4
-120.429722,37.369377,128.81,0.293,4
-120.42942,37.369377,129.69,0.257,4
-120.429118,37.369377,130.58,0.244,4
-120.428815,37.369377,131.68,0.243,4
-120.428513,37.369377,131.67,0.247,4
-120.428211,37.369377,131.33,0.251,4
-120.427909,37.369377,130.21,0.251,4
-120.427606,37.369377,129.06,0.228,4
-120.427304,37.369377,127.37,0.224,4
-120.427002,37.369377,124.91,0.237,4
-120.426699,37.369377,122.16,0.241,4
-120.426397,37.369377,120.06,0.234,4
-120.426095,37.369377,119.28,0.236,4
-120.425793,37.369377,119.12,0.228,4
-120.42549,37.369377,119.6,0.248,4
-120.425188,37.369377,120.42,0.265,4
-120.424886,37.369377,121.46,0.265,4
-120.424584,37.369377,122.49,0.269,4
-120.424281,37.369377,123.41,0.269,4
-120.423979,37.369377,124.15,0.26,4
-120.423677,37.369377,124.64,0.249,4
-120.423374,37.369377,124.91,0.253,4
-120.423072,37.369377,125.19,0.27,4
-120.42277,37.369377,125.76,0.259,4
-120.422468,37.369377,125.95,0.238,4
-120.422165,37.369377,126.02,0.209,4
-120.421863,37.369377,126.05,0.207,4
-120.421561,37.369377,126.21,0.225,4
-120.421259,37.369377,126.66,0.24,4
-120.420956,37.369377,127.36,0.243,4
-120.420654,37.369377,127.99,0.25,4
-120.420352,37.369377,128.08,0.245,4
-120.420049,37.369377,127.66,0.25,4
-120.419747,37.369377,126.7,0.261,4
-120.419445,37.369377,125.7,0.268,4
-120.419143,37.369377,124.15,0.272,4
-120.41884,37.369377,121.88,0.274,4
-120.418538,37.369377,119.62,0.211,4
-120.418236,37.369377,118.36,0.109,4
-120.417934,37.369377,118.29,0.068,4
-120.417631,37.369377,118.6,0.079,4
-120.417329,37.369377,119.43,0.082,4
-120.417027,37.369377,120.44,0.073,4
-120.416724,37.369377,121.52,0.078,4
-120.416422,37.369377,122.6,0.085,4
-120.41612,37.369377,123.72,0.082,4
-120.415818,37.369377,124.74,0.11,4
-120.415515,37.369377,125.61,0.178,4
-120.415213,37.369377,126.54,0.243,4
-120.414911,37.369377,127.56,0.261,4
-120.414609,37.369377,128.38,0.26,4
-120.414306,37.369377,128.91,0.259,4
-120.414004,37.369377,128.89,0.262,4
-120.413702,37.369377,128.61,0.271,4
-120.413399,37.369377,128.25,0.277,4
-120.413097,37.369377,127.78,0.275,4
-120.412795,37.369377,127.3,0.271,4
-120.412493,37.369377,126.91,0.268,4
-120.41219,37.369377,126.34,0.267,4
-120.411888,37.369377,125.51,0.271,4
-120.411586,37.369377,124.56,0.268,4
-120.411284,37.369377,123.79,0.279,4
-120.410981,37.369377,123.17,0.278,4
-120.410679,37.369377,122.34,0.296,4
-120.410377,37.369377,121.44,0.287,4
-120.410074,37.369377,120.84,0.274,4
-120.409772,37.369377,120.92,0.271,4
-120.40947,37.369377,121.52,0.252,4
-120.443022,37.369075,127.58,0.246,4
-120.44272,37.369075,127.27,0.248,4
-120.442418,37.369075,127.09,0.247,4
-120.442115,37.369075,126.89,0.248,4
-120.441813,37.369075,126.73,0.248,4
-120.441511,37.369075,126.68,0.244,4
-120.441209,37.369075,126.76,0.237,4
-120.440906,37.369075,126.91,0.235,4
-120.440604,37.369075,126.99,0.237,4
-120.440302,37.369075,126.94,0.238,4
-120.439999,37.369075,126.77,0.239,4
-120.439697,37.369075,126.52,0.238,4
-120.439395,37.369075,126.23,0.238,4
-120.439093,37.369075,125.87,0.238,4
-120.43879,37.369075,125.62,0.237,4
-120.438488,37.369075,125.24,0.236,4
-120.438186,37.369075,124.82,0.236,4
-120.437884,37.369075,124.55,0.236,4
-120.437581,37.369075,124.21,0.237,4
-120.437279,37.369075,123.19,0.236,4
-120.436977,37.369075,120.82,0.232,4
-120.436674,37.369075,117.98,0.229,4
-120.436372,37.369075,113.75,0.232,4
-120.43607,37.369075,108.53,0.216,4
-120.435768,37.369075,103.07,0.195,4
-120.435465,37.369075,97.76,0.09,4
-120.435163,37.369075,92.46,-0.032,4
-120.434861,37.369075,87.38,-0.066,4
-120.434559,37.369075,83.48,-0.063,4
-120.434256,37.369075,81.26,-0.063,4
-120.433954,37.369075,80.71,-0.055,4
-120.433652,37.369075,81.39,-0.056,4
-120.433349,37.369075,83.42,-0.054,4
-120.433047,37.369075,85.81,-0.052,4
-120.432745,37.369075,88.62,-0.024,4
-120.432443,37.369075,92.65,0.131,4
-120.43214,37.369075,98.13,0.392,4
-120.431838,37.369075,104.55,0.534,4
-120.431536,37.369075,112.03,0.35,4
-120.431234,37.369075,118.65,0.44,4
-120.430931,37.369075,121.92,0.304,4
-120.430629,37.369075,124.7,0.274,4
-120.430327,37.369075,126.75,0.27,4
-120.430024,37.369075,128.32,0.27,4
-120.429722,37.369075,129.43,0.252,4
-120.42942,37.369075,130.13,0.22,4
-120.429118,37.369075,130.75,0.206,4
-120.428815,37.369075,131.35,0.223,4
-120.428513,37.369075,130.9,0.236,4
-120.428211,37.369075,130.34,0.23,4
-120.427909,37.369075,129.16,0.211,4
-120.427606,37.369075,128.07,0.211,4
-120.427304,37.369075,126.52,0.224,4
-120.427002,37.369075,124.42,0.234,4
-120.426699,37.369075,122.21,0.233,4
-120.426397,37.369075,120.48,0.233,4
-120.426095,37.369075,119.47,0.24,4
-120.425793,37.369075,118.74,0.235,4
-120.42549,37.369075,118.6,0.249,4
-120.425188,37.369075,118.94,0.261,4
-120.424886,37.369075,119.68,0.249,4
-120.424584,37.369075,120.75,0.256,4
-120.424281,37.369075,121.67,0.266,4
-120.423979,37.369075,122.43,0.261,4
-120.423677,37.369075,123.06,0.248,4
-120.423374,37.369075,123.37,0.243,4
-120.423072,37.369075,123.76,0.252,4
-120.42277,37.369075,124.31,0.233,4
-120.422468,37.369075,124.82,0.214,4
-120.422165,37.369075,125.21,0.22,4
-120.421863,37.369075,125.48,0.24,4
-120.421561,37.369075,125.85,0.248,4
-120.421259,37.369075,126.43,0.248,4
-120.420956,37.369075,127.12,0.25,4
-120.420654,37.369075,127.6,0.253,4
-120.420352,37.369075,127.49,0.253,4
-120.420049,37.369075,126.93,0.25,4
-120.419747,37.369075,125.89,0.257,4
-120.419445,37.369075,124.84,0.264,4
-120.419143,37.369075,123.2,0.267,4
-120.41884,37.369075,121.2,0.259,4
-120.418538,37.369075,119.31,0.173,4
-120.418236,37.369075,118.23,0.076,4
-120.417934,37.369075,118.1,0.069,4
-120.417631,37.369075,118.33,0.067,4
-120.417329,37.369075,119.27,0.061,4
-120.417027,37.369075,120.42,0.049,4
-120.416724,37.369075,121.67,0.051,4
-120.416422,37.369075,122.9,0.068,4
-120.41612,37.369075,124.12,0.104,4
-120.415818,37.369075,125.16,0.158,4
-120.415515,37.369075,126.01,0.221,4
-120.415213,37.369075,126.84,0.268,4
-120.414911,37.369075,127.7,0.276,4
-120.414609,37.369075,128.39,0.272,4
-120.414306,37.369075,128.76,0.27,4
-120.414004,37.369075,128.67,0.266,4
-120.413702,37.369075,128.28,0.276,4
-120.413399,37.369075,127.59,0.283,4
-120.413097,37.369075,126.67,0.278,4
-120.412795,37.369075,125.86,0.269,4
-120.412493,37.369075,125.4,0.269,4
-120.41219,37.369075,125.01,0.277,4
-120.411888,37.369075,124.14,0.281,4
-120.411586,37.369075,123.09,0.276,4
-120.411284,37.369075,122.28,0.296,4
-120.410981,37.369075,121.58,0.28,4
-120.410679,37.369075,121.13,0.274,4
-120.410377,37.369075,120.83,0.261,4
-120.410074,37.369075,120.82,0.252,4
-120.409772,37.369075,121.45,0.252,4
-120.40947,37.369075,122.37,0.248,4
-120.443022,37.368773,126.8,0.244,4
-120.44272,37.368773,126.12,0.24,4
-120.442418,37.368773,125.88,0.24,4
-120.442115,37.368773,125.65,0.24,4
-120.441813,37.368773,125.47,0.239,4
-120.441511,37.368773,125.42,0.235,4
-120.441209,37.368773,125.55,0.232,4
-120.440906,37.368773,125.84,0.234,4
-120.440604,37.368773,126.07,0.237,4
-120.440302,37.368773,126.06,0.238,4
-120.439999,37.368773,125.94,0.239,4
-120.439697,37.368773,125.66,0.241,4
-120.439395,37.368773,125.43,0.241,4
-120.439093,37.368773,125.14,0.237,4
-120.43879,37.368773,124.78,0.237,4
-120.438488,37.368773,124.39,0.236,4
-120.438186,37.368773,123.99,0.235,4
-120.437884,37.368773,123.61,0.235,4
-120.437581,37.368773,123.22,0.237,4
-120.437279,37.368773,122.59,0.237,4
-120.436977,37.368773,121.45,0.234,4
-120.436674,37.368773,119.72,0.234,4
-120.436372,37.368773,116.77,0.235,4
-120.43607,37.368773,112.78,0.237,4
-120.435768,37.368773,108.35,0.219,4
-120.435465,37.368773,103.51,0.152,4
-120.435163,37.368773,97.94,0.032,4
-120.434861,37.368773,92.22,-0.064,4
-120.434559,37.368773,87.75,-0.07,4
-120.434256,37.368773,84.88,-0.064,4
-120.433954,37.368773,83.92,-0.059,4
-120.433652,37.368773,84.86,-0.059,4
-120.433349,37.368773,86.86,-0.053,4
-120.433047,37.368773,89.85,-0.047,4
-120.432745,37.368773,93.28,0.077,4
-120.432443,37.368773,97.09,0.352,4
-120.43214,37.368773,101.84,0.537,4
-120.431838,37.368773,107.86,0.422,4
-120.431536,37.368773,114.37,0.29,4
-120.431234,37.368773,119.79,0.288,4
-120.430931,37.368773,123.29,0.269,4
-120.430629,37.368773,125.59,0.272,4
-120.430327,37.368773,127.15,0.272,4
-120.430024,37.368773,128.09,0.264,4
-120.429722,37.368773,128.75,0.256,4
-120.42942,37.368773,129.33,0.242,4
-120.429118,37.368773,129.6,0.215,4
-120.428815,37.368773,129.25,0.197,4
-120.428513,37.368773,128.74,0.201,4
-120.428211,37.368773,128.15,0.199,4
-120.427909,37.368773,127.08,0.204,4
-120.427606,37.368773,126.23,0.227,4
-120.427304,37.368773,125.12,0.234,4
-120.427002,37.368773,123.69,0.233,4
-120.426699,37.368773,122.29,0.234,4
-120.426397,37.368773,121.21,0.238,4
-120.426095,37.368773,120.45,0.246,4
-120.425793,37.368773,119.98,0.249,4
-120.42549,37.368773,119.47,0.254,4
-120.425188,37.368773,119.33,0.242,4
-120.424886,37.368773,119.76,0.229,4
-120.424584,37.368773,120.25,0.225,4
-120.424281,37.368773,120.64,0.229,4
-120.423979,37.368773,121.08,0.235,4
-120.423677,37.368773,121.51,0.235,4
-120.423374,37.368773,121.73,0.22,4
-120.423072,37.368773,122.13,0.198,4
-120.42277,37.368773,122.59,0.205,4
-120.422468,37.368773,123.39,0.23,4
-120.422165,37.368773,124.11,0.246,4
-120.421863,37.368773,124.7,0.253,4
-120.421561,37.368773,125.29,0.253,4
-120.421259,37.368773,125.9,0.25,4
-120.420956,37.368773,126.44,0.251,4
-120.420654,37.368773,126.69,0.256,4
-120.420352,37.368773,126.39,0.255,4
-120.420049,37.368773,125.65,0.245,4
-120.419747,37.368773,124.58,0.252,4
-120.419445,37.368773,123.59,0.263,4
-120.419143,37.368773,122.11,0.252,4
-120.41884,37.368773,120.97,0.23,4
-120.418538,37.368773,119.88,0.165,4
-120.418236,37.368773,119.07,0.101,4
-120.417934,37.368773,118.8,0.082,4
-120.417631,37.368773,118.67,0.067,4
-120.417329,37.368773,119.56,0.066,4
-120.417027,37.368773,120.73,0.061,4
-120.416724,37.368773,122.07,0.059,4
-120.416422,37.368773,123.39,0.121,4
-120.41612,37.368773,124.58,0.194,4
-120.415818,37.368773,125.59,0.24,4
-120.415515,37.368773,126.43,0.265,4
-120.415213,37.368773,126.99,0.281,4
-120.414911,37.368773,127.28,0.286,4
-120.414609,37.368773,127.78,0.285,4
-120.414306,37.368773,127.97,0.277,4
-120.414004,37.368773,127.94,0.272,4
-120.413702,37.368773,127.56,0.271,4
-120.413399,37.368773,126.62,0.277,4
-120.413097,37.368773,125.41,0.278,4
-120.412795,37.368773,124.3,0.278,4
-120.412493,37.368773,123.54,0.28,4
-120.41219,37.368773,122.99,0.283,4
-120.411888,37.368773,122.43,0.296,4
-120.411586,37.368773,121.97,0.307,4
-120.411284,37.368773,121.55,0.283,4
-120.410981,37.368773,121.05,0.245,4
-120.410679,37.368773,121.14,0.242,4
-120.410377,37.368773,121.42,0.248,4
-120.410074,37.368773,121.91,0.254,4
-120.409772,37.368773,122.4,0.256,4
-120.443022,37.368471,126.16,0.235,4
-120.44272,37.368471,125.55,0.231,4
-120.442418,37.368471,125.37,0.234,4
-120.442115,37.368471,125.22,0.234,4
-120.441813,37.368471,125.11,0.232,4
-120.441511,37.368471,125.1,0.226,4
-120.441209,37.368471,125.25,0.226,4
-120.440906,37.368471,125.54,0.233,4
-120.440604,37.368471,125.75,0.239,4
-120.440302,37.368471,125.74,0.24,4
-120.439999,37.368471,125.64,0.241,4
-120.439697,37.368471,125.4,0.24,4
-120.439395,37.368471,125.21,0.241,4
-120.439093,37.368471,124.95,0.239,4
-120.43879,37.368471,124.61,0.238,4
-120.438488,37.368471,124.27,0.235,4
-120.438186,37.368471,123.95,0.234,4
-120.437884,37.368471,123.68,0.235,4
-120.437581,37.368471,123.43,0.236,4
-120.437279,37.368471,123.1,0.237,4
-120.436977,37.368471,122.55,0.238,4
-120.436674,37.368471,121.44,0.238,4
-120.436372,37.368471,119.56,0.235,4
-120.43607,37.368471,116.81,0.239,4
-120.435768,37.368471,113.51,0.23,4
-120.435465,37.368471,109.3,0.194,4
-120.435163,37.368471,104.34,0.121,4
-120.434861,37.368471,99.05,0.026,4
-120.434559,37.368471,94.18,-0.047,4
-120.434256,37.368471,91.02,-0.064,4
-120.433954,37.368471,90.12,-0.066,4
-120.433652,37.368471,91.26,-0.065,4
-120.433349,37.368471,93.87,-0.058,4
-120.433047,37.368471,96.65,0.013,4
-120.432745,37.368471,99.45,0.145,4
-120.432443,37.368471,102.54,0.321,4
-120.43214,37.368471,106.41,0.416,4
-120.431838,37.368471,111.23,0.363,4
-120.431536,37.368471,116.25,0.3,4
-120.431234,37.368471,120.28,0.269,4
-120.430931,37.368471,122.92,0.285,4
-120.430629,37.368471,124.37,0.287,4
-120.430327,37.368471,125.17,0.279,4
-120.430024,37.368471,125.59,0.276,4
-120.429722,37.368471,125.88,0.269,4
-120.42942,37.368471,126.18,0.269,4
-120.429118,37.368471,126.31,0.274,4
-120.428815,37.368471,126.05,0.258,4
-120.428513,37.368471,125.76,0.242,4
-120.428211,37.368471,125.37,0.246,4
-120.427909,37.368471,124.54,0.251,4
-120.427606,37.368471,124.13,0.261,4
-120.427304,37.368471,123.68,0.244,4
-120.427002,37.368471,123.06,0.239,4
-120.426699,37.368471,122.36,0.243,4
-120.426397,37.368471,121.85,0.245,4
-120.426095,37.368471,121.71,0.247,4
-120.425793,37.368471,121.64,0.247,4
-120.42549,37.368471,121.19,0.253,4
-120.425188,37.368471,120.73,0.243,4
-120.424886,37.368471,120.76,0.243,4
-120.424584,37.368471,120.68,0.242,4
-120.424281,37.368471,120.52,0.236,4
-120.423979,37.368471,120.49,0.23,4
-120.423677,37.368471,120.47,0.211,4
-120.423374,37.368471,120.36,0.188,4
-120.423072,37.368471,120.59,0.205,4
-120.42277,37.368471,120.97,0.238,4
-120.422468,37.368471,121.78,0.246,4
-120.422165,37.368471,122.64,0.253,4
-120.421863,37.368471,123.42,0.255,4
-120.421561,37.368471,124.12,0.255,4
-120.421259,37.368471,124.7,0.25,4
-120.420956,37.368471,125.1,0.25,4
-120.420654,37.368471,125.16,0.257,4
-120.420352,37.368471,124.67,0.254,4
-120.420049,37.368471,123.8,0.243,4
-120.419747,37.368471,122.72,0.246,4
-120.419445,37.368471,121.88,0.251,4
-120.419143,37.368471,120.69,0.235,4
-120.41884,37.368471,120.18,0.196,4
-120.418538,37.368471,119.61,0.124,4
-120.418236,37.368471,119.18,0.071,4
-120.417934,37.368471,119.04,0.064,4
-120.417631,37.368471,118.95,0.067,4
-120.417329,37.368471,119.72,0.064,4
-120.417027,37.368471,120.74,0.077,4
-120.416724,37.368471,122.03,0.126,4
-120.416422,37.368471,123.26,0.214,4
-120.41612,37.368471,124.28,0.269,4
-120.415818,37.368471,125.15,0.28,4
-120.415515,37.368471,125.87,0.264,4
-120.415213,37.368471,126.24,0.259,4
-120.414911,37.368471,126.32,0.279,4
-120.414609,37.368471,126.52,0.278,4
-120.414306,37.368471,126.5,0.274,4
-120.414004,37.368471,126.43,0.277,4
-120.413702,37.368471,125.97,0.279,4
-120.413399,37.368471,124.69,0.281,4
-120.413097,37.368471,123.21,0.278,4
-120.412795,37.368471,122.14,0.276,4
-120.412493,37.368471,121.67,0.26,4
-120.41219,37.368471,121.57,0.231,4
-120.411888,37.368471,121.51,0.232,4
-120.411586,37.368471,121.64,0.248,4
-120.411284,37.368471,122.14,0.225,4
-120.410981,37.368471,122.37,0.238,4
-120.410679,37.368471,122.85,0.248,4
-120.410377,37.368471,123.34,0.25,4
-120.410074,37.368471,123.88,0.247,4
-120.409772,37.368471,124.2,0.246,4
-120.443022,37.368168,125.62,0.234,4
-120.44272,37.368168,125.18,0.234,4
-120.442418,37.368168,125.17,0.235,4
-120.442115,37.368168,125.13,0.234,4
-120.441813,37.368168,125.08,0.233,4
-120.441511,37.368168,125.08,0.228,4
-120.441209,37.368168,125.16,0.229,4
-120.440906,37.368168,125.31,0.234,4
-120.440604,37.368168,125.44,0.238,4
-120.440302,37.368168,125.46,0.24,4
-120.439999,37.368168,125.39,0.241,4
-120.439697,37.368168,125.16,0.239,4
-120.439395,37.368168,125.01,0.242,4
-120.439093,37.368168,124.78,0.244,4
-120.43879,37.368168,124.51,0.243,4
-120.438488,37.368168,124.24,0.239,4
-120.438186,37.368168,124.03,0.237,4
-120.437884,37.368168,123.89,0.236,4
-120.437581,37.368168,123.77,0.236,4
-120.437279,37.368168,123.62,0.238,4
-120.436977,37.368168,123.26,0.238,4
-120.436674,37.368168,122.55,0.236,4
-120.436372,37.368168,121.41,0.236,4
-120.43607,37.368168,119.89,0.237,4
-120.435768,37.368168,117.31,0.233,4
-120.435465,37.368168,113.84,0.224,4
-120.435163,37.368168,109.98,0.197,4
-120.434861,37.368168,106.31,0.153,4
-120.434559,37.368168,103.1,0.107,4
-120.434256,37.368168,100.55,0.074,4
-120.433954,37.368168,99.43,0.035,4
-120.433652,37.368168,100.21,0.121,4
-120.433349,37.368168,102.22,0.136,4
-120.433047,37.368168,104.58,0.17,4
-120.432745,37.368168,106.81,0.19,4
-120.432443,37.368168,109,0.197,4
-120.43214,37.368168,111.51,0.247,4
-120.431838,37.368168,114.53,0.312,4
-120.431536,37.368168,117.75,0.308,4
-120.431234,37.368168,120.56,0.299,4
-120.430931,37.368168,122.56,0.337,4
-120.430629,37.368168,123.14,0.315,4
-120.430327,37.368168,123.29,0.296,4
-120.430024,37.368168,123.31,0.317,4
-120.429722,37.368168,123.28,0.311,4
-120.42942,37.368168,123.23,0.296,4
-120.429118,37.368168,123.05,0.291,4
-120.428815,37.368168,122.68,0.275,4
-120.428513,37.368168,122.45,0.27,4
-120.428211,37.368168,122.25,0.274,4
-120.427909,37.368168,121.72,0.267,4
-120.427606,37.368168,121.67,0.289,4
-120.427304,37.368168,121.7,0.256,4
-120.427002,37.368168,121.7,0.241,4
-120.426699,37.368168,121.69,0.246,4
-120.426397,37.368168,121.81,0.246,4
-120.426095,37.368168,122.15,0.245,4
-120.425793,37.368168,122.5,0.247,4
-120.42549,37.368168,122.27,0.25,4
-120.425188,37.368168,121.81,0.241,4
-120.424886,37.368168,121.59,0.248,4
-120.424584,37.368168,121.19,0.249,4
-120.424281,37.368168,120.72,0.241,4
-120.423979,37.368168,120.4,0.214,4
-120.423677,37.368168,120.05,0.181,4
-120.423374,37.368168,119.59,0.187,4
-120.423072,37.368168,119.38,0.257,4
-120.42277,37.368168,119.37,0.287,4
-120.422468,37.368168,119.93,0.228,4
-120.422165,37.368168,120.66,0.254,4
-120.421863,37.368168,121.52,0.265,4
-120.421561,37.368168,122.37,0.262,4
-120.421259,37.368168,123.06,0.255,4
-120.420956,37.368168,123.54,0.256,4
-120.420654,37.368168,123.58,0.258,4
-120.420352,37.368168,122.96,0.252,4
-120.420049,37.368168,122.02,0.238,4
-120.419747,37.368168,120.93,0.222,4
-120.419445,37.368168,120.29,0.22,4
-120.419143,37.368168,119.5,0.19,4
-120.41884,37.368168,119.6,0.133,4
-120.418538,37.368168,119.71,0.076,4
-120.418236,37.368168,119.79,0.056,4
-120.417934,37.368168,119.91,0.062,4
-120.417631,37.368168,120,0.066,4
-120.417329,37.368168,120.66,0.092,4
-120.417027,37.368168,121.5,0.154,4
-120.416724,37.368168,122.59,0.226,4
-120.416422,37.368168,123.49,0.261,4
-120.41612,37.368168,124.11,0.281,4
-120.415818,37.368168,124.53,0.278,4
-120.415515,37.368168,124.88,0.259,4
-120.415213,37.368168,125.02,0.256,4
-120.414911,37.368168,124.89,0.276,4
-120.414609,37.368168,124.75,0.278,4
-120.414306,37.368168,124.55,0.279,4
-120.414004,37.368168,124.31,0.283,4
-120.413702,37.368168,123.66,0.292,4
-120.413399,37.368168,122.26,0.273,4
-120.413097,37.368168,120.89,0.241,4
-120.412795,37.368168,120.39,0.224,4
-120.412493,37.368168,120.79,0.228,4
-120.41219,37.368168,121.52,0.238,4
-120.411888,37.368168,122.13,0.239,4
-120.411586,37.368168,122.73,0.239,4
-120.411284,37.368168,123.56,0.24,4
-120.410981,37.368168,124.17,0.243,4
-120.410679,37.368168,124.95,0.243,4
-120.410377,37.368168,125.47,0.245,4
-120.443022,37.367866,125.12,0.23,4
-120.44272,37.367866,125.06,0.233,4
-120.442418,37.367866,125.23,0.236,4
-120.442115,37.367866,125.32,0.235,4
-120.441813,37.367866,125.26,0.235,4
-120.441511,37.367866,125.17,0.231,4
-120.441209,37.367866,125.12,0.235,4
-120.440906,37.367866,125.11,0.239,4
-120.440604,37.367866,125.14,0.239,4
-120.440302,37.367866,125.19,0.239,4
-120.439999,37.367866,125.17,0.239,4
-120.439697,37.367866,124.95,0.241,4
-120.439395,37.367866,124.84,0.243,4
-120.439093,37.367866,124.64,0.242,4
-120.43879,37.367866,124.46,0.242,4
-120.438488,37.367866,124.25,0.24,4
-120.438186,37.367866,124.1,0.237,4
-120.437884,37.367866,123.91,0.235,4
-120.437581,37.367866,123.72,0.236,4
-120.437279,37.367866,123.56,0.24,4
-120.436977,37.367866,123.25,0.241,4
-120.436674,37.367866,122.79,0.237,4
-120.436372,37.367866,122.12,0.239,4
-120.43607,37.367866,121.26,0.237,4
-120.435768,37.367866,119.69,0.232,4
-120.435465,37.367866,117.38,0.233,4
-120.435163,37.367866,114.77,0.229,4
-120.434861,37.367866,112.38,0.225,4
-120.434559,37.367866,110.48,0.221,4
-120.434256,37.367866,109.02,0.206,4
-120.433954,37.367866,108.05,0.184,4
-120.433652,37.367866,108.14,0.218,4
-120.433349,37.367866,109.61,0.231,4
-120.433047,37.367866,111.56,0.244,4
-120.432745,37.367866,113.16,0.239,4
-120.432443,37.367866,114.4,0.22,4
-120.43214,37.367866,115.67,0.215,4
-120.431838,37.367866,117.17,0.229,4
-120.431536,37.367866,118.68,0.241,4
-120.431234,37.367866,119.97,0.279,4
-120.430931,37.367866,121.43,0.319,4
-120.430629,37.367866,121.84,0.288,4
-120.430327,37.367866,121.97,0.281,4
-120.430024,37.367866,122.24,0.306,4
-120.429722,37.367866,122.27,0.308,4
-120.42942,37.367866,122.07,0.293,4
-120.429118,37.367866,121.64,0.28,4
-120.428815,37.367866,121.05,0.265,4
-120.428513,37.367866,120.68,0.261,4
-120.428211,37.367866,120.37,0.268,4
-120.427909,37.367866,119.94,0.269,4
-120.427606,37.367866,119.94,0.298,4
-120.427304,37.367866,120.16,0.272,4
-120.427002,37.367866,120.47,0.249,4
-120.426699,37.367866,120.9,0.244,4
-120.426397,37.367866,121.55,0.249,4
-120.426095,37.367866,122.32,0.253,4
-120.425793,37.367866,122.79,0.25,4
-120.42549,37.367866,122.53,0.25,4
-120.425188,37.367866,122.03,0.249,4
-120.424886,37.367866,121.23,0.249,4
-120.424584,37.367866,120.66,0.236,4
-120.424281,37.367866,120.07,0.207,4
-120.423979,37.367866,119.71,0.169,4
-120.423677,37.367866,119.28,0.149,4
-120.423374,37.367866,118.6,0.163,4
-120.423072,37.367866,118.04,0.194,4
-120.42277,37.367866,117.6,0.222,4
-120.422468,37.367866,117.59,0.246,4
-120.422165,37.367866,118.07,0.23,4
-120.421863,37.367866,119.04,0.233,4
-120.421561,37.367866,120.26,0.252,4
-120.421259,37.367866,121.26,0.267,4
-120.420956,37.367866,121.63,0.267,4
-120.420654,37.367866,121.52,0.248,4
-120.420352,37.367866,121.19,0.217,4
-120.420049,37.367866,120.54,0.2,4
-120.419747,37.367866,120.22,0.218,4
-120.419445,37.367866,119.7,0.162,4
-120.419143,37.367866,119.24,0.112,4
-120.41884,37.367866,118.98,0.081,4
-120.418538,37.367866,119.18,0.083,4
-120.418236,37.367866,119.77,0.082,4
-120.417934,37.367866,120.48,0.082,4
-120.417631,37.367866,121.1,0.117,4
-120.417329,37.367866,121.71,0.19,4
-120.417027,37.367866,122.32,0.246,4
-120.416724,37.367866,123.03,0.268,4
-120.416422,37.367866,123.57,0.267,4
-120.41612,37.367866,123.68,0.271,4
-120.415818,37.367866,123.51,0.261,4
-120.415515,37.367866,123.36,0.259,4
-120.415213,37.367866,123.29,0.27,4
-120.414911,37.367866,123.13,0.279,4
-120.414609,37.367866,122.79,0.275,4
-120.414306,37.367866,122.51,0.277,4
-120.414004,37.367866,122.08,0.292,4
-120.413702,37.367866,121.38,0.292,4
-120.413399,37.367866,120.4,0.251,4
-120.413097,37.367866,119.24,0.235,4
-120.412795,37.367866,118.97,0.241,4
-120.412493,37.367866,119.98,0.249,4
-120.41219,37.367866,121.63,0.25,4
-120.411888,37.367866,123.06,0.245,4
-120.411586,37.367866,123.92,0.242,4
-120.411284,37.367866,124.7,0.24,4
-120.410981,37.367866,125.98,0.24,4
-120.410679,37.367866,126.74,0.239,4
-120.410377,37.367866,127.15,0.245,4
-120.443022,37.367564,125.03,0.23,4
-120.44272,37.367564,125.26,0.232,4
-120.442418,37.367564,125.57,0.231,4
-120.442115,37.367564,125.75,0.233,4
-120.441813,37.367564,125.64,0.232,4
-120.441511,37.367564,125.45,0.23,4
-120.441209,37.367564,125.28,0.233,4
-120.440906,37.367564,125.18,0.238,4
-120.440604,37.367564,125.16,0.239,4
-120.440302,37.367564,125.22,0.237,4
-120.439999,37.367564,125.22,0.236,4
-120.439697,37.367564,125.06,0.238,4
-120.439395,37.367564,125,0.236,4
-120.439093,37.367564,124.85,0.236,4
-120.43879,37.367564,124.72,0.237,4
-120.438488,37.367564,124.53,0.236,4
-120.438186,37.367564,124.37,0.235,4
-120.437884,37.367564,124.12,0.233,4
-120.437581,37.367564,123.9,0.233,4
-120.437279,37.367564,123.74,0.235,4
-120.436977,37.367564,123.48,0.238,4
-120.436674,37.367564,123.17,0.238,4
-120.436372,37.367564,122.78,0.238,4
-120.43607,37.367564,122.26,0.236,4
-120.435768,37.367564,121.39,0.233,4
-120.435465,37.367564,120.16,0.23,4
-120.435163,37.367564,118.85,0.23,4
-120.434861,37.367564,117.7,0.231,4
-120.434559,37.367564,116.77,0.234,4
-120.434256,37.367564,115.97,0.236,4
-120.433954,37.367564,115.26,0.225,4
-120.433652,37.367564,115.16,0.227,4
-120.433349,37.367564,116.05,0.233,4
-120.433047,37.367564,117.22,0.24,4
-120.432745,37.367564,117.9,0.235,4
-120.432443,37.367564,118.15,0.225,4
-120.43214,37.367564,118.4,0.207,4
-120.431838,37.367564,118.86,0.194,4
-120.431536,37.367564,119.4,0.207,4
-120.431234,37.367564,119.92,0.234,4
-120.430931,37.367564,120.86,0.24,4
-120.430629,37.367564,121.28,0.24,4
-120.430327,37.367564,121.62,0.248,4
-120.430024,37.367564,122.26,0.253,4
-120.429722,37.367564,122.55,0.255,4
-120.42942,37.367564,122.52,0.251,4
-120.429118,37.367564,122.14,0.244,4
-120.428815,37.367564,121.49,0.241,4
-120.428513,37.367564,121,0.244,4
-120.428211,37.367564,120.46,0.245,4
-120.427909,37.367564,119.79,0.248,4
-120.427606,37.367564,119.41,0.267,4
-120.427304,37.367564,119.29,0.279,4
-120.427002,37.367564,119.41,0.258,4
-120.426699,37.367564,119.89,0.245,4
-120.426397,37.367564,120.73,0.247,4
-120.426095,37.367564,121.66,0.25,4
-120.425793,37.367564,122.21,0.246,4
-120.42549,37.367564,121.93,0.245,4
-120.425188,37.367564,121.26,0.242,4
-120.424886,37.367564,120.31,0.227,4
-120.424584,37.367564,119.77,0.206,4
-120.424281,37.367564,119.32,0.174,4
-120.423979,37.367564,119.12,0.178,4
-120.423677,37.367564,118.79,0.204,4
-120.423374,37.367564,118.15,0.212,4
-120.423072,37.367564,117.46,0.177,4
-120.42277,37.367564,116.76,0.121,4
-120.422468,37.367564,116.36,0.171,4
-120.422165,37.367564,116.4,0.135,4
-120.421863,37.367564,117.19,0.114,4
-120.421561,37.367564,118.45,0.169,4
-120.421259,37.367564,119.65,0.203,4
-120.420956,37.367564,120.24,0.21,4
-120.420654,37.367564,120.42,0.212,4
-120.420352,37.367564,120.56,0.211,4
-120.420049,37.367564,120.49,0.199,4
-120.419747,37.367564,120.67,0.155,4
-120.419445,37.367564,120.28,0.113,4
-120.419143,37.367564,119.9,0.083,4
-120.41884,37.367564,119.34,0.088,4
-120.418538,37.367564,119.45,0.102,4
-120.418236,37.367564,120.2,0.107,4
-120.417934,37.367564,121.17,0.153,4
-120.417631,37.367564,122.01,0.236,4
-120.417329,37.367564,122.55,0.277,4
-120.417027,37.367564,122.96,0.286,4
-120.416724,37.367564,123.28,0.293,4
-120.416422,37.367564,123.48,0.278,4
-120.41612,37.367564,123.06,0.258,4
-120.415818,37.367564,122.38,0.259,4
-120.415515,37.367564,121.78,0.269,4
-120.415213,37.367564,121.49,0.283,4
-120.414911,37.367564,121.37,0.277,4
-120.414609,37.367564,121.14,0.243,4
-120.414306,37.367564,120.96,0.245,4
-120.414004,37.367564,120.68,0.264,4
-120.413702,37.367564,119.99,0.287,4
-120.413399,37.367564,119.34,0.271,4
-120.413097,37.367564,118.52,0.244,4
-120.412795,37.367564,118.66,0.235,4
-120.412493,37.367564,120.27,0.239,4
-120.41219,37.367564,122.69,0.245,4
-120.411888,37.367564,124.71,0.245,4
-120.411586,37.367564,125.71,0.24,4
-120.411284,37.367564,126.38,0.239,4
-120.410981,37.367564,127.46,0.24,4
-120.410679,37.367564,127.8,0.24,4
-120.410377,37.367564,127.82,0.242,4
-120.44272,37.367261,125.64,0.227,4
-120.442418,37.367261,126.12,0.227,4
-120.442115,37.367261,126.36,0.23,4
-120.441813,37.367261,126.22,0.23,4
-120.441511,37.367261,126.02,0.229,4
-120.441209,37.367261,125.81,0.231,4
-120.440906,37.367261,125.64,0.235,4
-120.440604,37.367261,125.58,0.236,4
-120.440302,37.367261,125.61,0.235,4
-120.439999,37.367261,125.57,0.235,4
-120.439697,37.367261,125.37,0.236,4
-120.439395,37.367261,125.28,0.231,4
-120.439093,37.367261,125.16,0.231,4
-120.43879,37.367261,125.04,0.23,4
-120.438488,37.367261,124.85,0.23,4
-120.438186,37.367261,124.62,0.232,4
-120.437884,37.367261,124.28,0.232,4
-120.437581,37.367261,123.99,0.23,4
-120.437279,37.367261,123.82,0.228,4
-120.436977,37.367261,123.61,0.231,4
-120.436674,37.367261,123.37,0.234,4
-120.436372,37.367261,123.18,0.236,4
-120.43607,37.367261,122.97,0.234,4
-120.435768,37.367261,122.65,0.233,4
-120.435465,37.367261,122.15,0.231,4
-120.435163,37.367261,121.65,0.229,4
-120.434861,37.367261,121.28,0.227,4
-120.434559,37.367261,121.06,0.225,4
-120.434256,37.367261,120.81,0.222,4
-120.433954,37.367261,120.44,0.224,4
-120.433652,37.367261,120.24,0.224,4
-120.433349,37.367261,120.54,0.227,4
-120.433047,37.367261,121,0.233,4
-120.432745,37.367261,121.15,0.236,4
-120.432443,37.367261,120.89,0.225,4
-120.43214,37.367261,120.55,0.202,4
-120.431838,37.367261,120.4,0.198,4
-120.431536,37.367261,120.5,0.218,4
-120.431234,37.367261,120.84,0.224,4
-120.430931,37.367261,121.58,0.222,4
-120.430629,37.367261,121.85,0.228,4
-120.430327,37.367261,122.18,0.236,4
-120.430024,37.367261,122.94,0.241,4
-120.429722,37.367261,123.4,0.243,4
-120.42942,37.367261,123.62,0.243,4
-120.429118,37.367261,123.49,0.243,4
-120.428815,37.367261,123.02,0.242,4
-120.428513,37.367261,122.58,0.242,4
-120.428211,37.367261,121.96,0.24,4
-120.427909,37.367261,121,0.242,4
-120.427606,37.367261,119.96,0.252,4
-120.427304,37.367261,119.16,0.294,4
-120.427002,37.367261,118.81,0.265,4
-120.426699,37.367261,119.14,0.243,4
-120.426397,37.367261,119.97,0.242,4
-120.426095,37.367261,120.84,0.243,4
-120.425793,37.367261,121.23,0.241,4
-120.42549,37.367261,120.84,0.236,4
-120.425188,37.367261,120.05,0.216,4
-120.424886,37.367261,118.97,0.194,4
-120.424584,37.367261,118.52,0.198,4
-120.424281,37.367261,118.22,0.156,4
-120.423979,37.367261,118.25,0.181,4
-120.423677,37.367261,118.13,0.252,4
-120.423374,37.367261,117.7,0.289,4
-120.423072,37.367261,117.15,0.247,4
-120.42277,37.367261,116.52,0.162,4
-120.422468,37.367261,116.07,0.182,4
-120.422165,37.367261,115.96,0.086,4
-120.421863,37.367261,116.72,0.092,4
-120.421561,37.367261,117.87,0.131,4
-120.421259,37.367261,118.96,0.177,4
-120.420956,37.367261,119.57,0.224,4
-120.420654,37.367261,120.03,0.285,4
-120.420352,37.367261,120.58,0.335,4
-120.420049,37.367261,120.99,0.293,4
-120.419747,37.367261,121.43,0.156,4
-120.419445,37.367261,121,0.156,4
-120.419143,37.367261,120.61,0.136,4
-120.41884,37.367261,120.12,0.108,4
-120.418538,37.367261,120.27,0.08,4
-120.418236,37.367261,120.95,0.157,4
-120.417934,37.367261,121.82,0.289,4
-120.417631,37.367261,122.52,0.351,4
-120.417329,37.367261,122.92,0.321,4
-120.417027,37.367261,123.14,0.297,4
-120.416724,37.367261,123.26,0.284,4
-120.416422,37.367261,123.12,0.261,4
-120.41612,37.367261,122.22,0.26,4
-120.415818,37.367261,121.07,0.271,4
-120.415515,37.367261,120.24,0.276,4
-120.415213,37.367261,119.98,0.276,4
-120.414911,37.367261,120.03,0.255,4
-120.414609,37.367261,120.05,0.22,4
-120.414306,37.367261,120.05,0.225,4
-120.414004,37.367261,119.86,0.217,4
-120.413702,37.367261,119.27,0.243,4
-120.413399,37.367261,118.77,0.302,4
-120.413097,37.367261,118.25,0.32,4
-120.412795,37.367261,118.78,0.275,4
-120.412493,37.367261,120.77,0.239,4
-120.41219,37.367261,123.44,0.233,4
-120.411888,37.367261,125.55,0.234,4
-120.411586,37.367261,126.6,0.235,4
-120.411284,37.367261,127.33,0.234,4
-120.410981,37.367261,128.25,0.234,4
-120.410679,37.367261,128.33,0.236,4
-120.44272,37.366959,125.76,0.223,4
-120.442418,37.366959,126.39,0.226,4
-120.442115,37.366959,126.74,0.232,4
-120.441813,37.366959,126.75,0.232,4
-120.441511,37.366959,126.66,0.231,4
-120.441209,37.366959,126.54,0.234,4
-120.440906,37.366959,126.41,0.235,4
-120.440604,37.366959,126.32,0.235,4
-120.440302,37.366959,126.29,0.233,4
-120.439999,37.366959,126.15,0.233,4
-120.439697,37.366959,125.86,0.234,4
-120.439395,37.366959,125.67,0.231,4
-120.439093,37.366959,125.47,0.23,4
-120.43879,37.366959,125.31,0.226,4
-120.438488,37.366959,125.06,0.225,4
-120.438186,37.366959,124.77,0.229,4
-120.437884,37.366959,124.35,0.233,4
-120.437581,37.366959,124.01,0.235,4
-120.437279,37.366959,123.82,0.237,4
-120.436977,37.366959,123.62,0.238,4
-120.436674,37.366959,123.43,0.233,4
-120.436372,37.366959,123.33,0.233,4
-120.43607,37.366959,123.34,0.232,4
-120.435768,37.366959,123.41,0.231,4
-120.435465,37.366959,123.41,0.232,4
-120.435163,37.366959,123.32,0.234,4
-120.434861,37.366959,123.28,0.234,4
-120.434559,37.366959,123.34,0.231,4
-120.434256,37.366959,123.44,0.23,4
-120.433954,37.366959,123.41,0.231,4
-120.433652,37.366959,123.14,0.225,4
-120.433349,37.366959,123.1,0.226,4
-120.433047,37.366959,123.13,0.235,4
-120.432745,37.366959,123.03,0.237,4
-120.432443,37.366959,122.59,0.222,4
-120.43214,37.366959,122.06,0.197,4
-120.431838,37.366959,121.76,0.2,4
-120.431536,37.366959,121.82,0.226,4
-120.431234,37.366959,122.2,0.226,4
-120.430931,37.366959,122.91,0.228,4
-120.430629,37.366959,123.13,0.239,4
-120.430327,37.366959,123.34,0.242,4
-120.430024,37.366959,124.01,0.245,4
-120.429722,37.366959,124.43,0.245,4
-120.42942,37.366959,124.7,0.246,4
-120.429118,37.366959,124.65,0.247,4
-120.428815,37.366959,124.34,0.245,4
-120.428513,37.366959,124,0.241,4
-120.428211,37.366959,123.38,0.241,4
-120.427909,37.366959,122.09,0.243,4
-120.427606,37.366959,120.42,0.245,4
-120.427304,37.366959,119.02,0.272,4
-120.427002,37.366959,118.38,0.28,4
-120.426699,37.366959,118.56,0.254,4
-120.426397,37.366959,119.21,0.234,4
-120.426095,37.366959,119.75,0.23,4
-120.425793,37.366959,119.75,0.223,4
-120.42549,37.366959,119.17,0.218,4
-120.425188,37.366959,118.4,0.26,4
-120.424886,37.366959,117.33,0.213,4
-120.424584,37.366959,116.91,0.168,4
-120.424281,37.366959,116.65,0.198,4
-120.423979,37.366959,116.8,0.176,4
-120.423677,37.366959,116.84,0.205,4
-120.423374,37.366959,116.65,0.24,4
-120.423072,37.366959,116.37,0.224,4
-120.42277,37.366959,116,0.219,4
-120.422468,37.366959,115.77,0.204,4
-120.422165,37.366959,115.88,0.147,4
-120.421863,37.366959,116.74,0.166,4
-120.421561,37.366959,117.83,0.165,4
-120.421259,37.366959,118.75,0.195,4
-120.420956,37.366959,119.23,0.276,4
-120.420654,37.366959,119.67,0.359,4
-120.420352,37.366959,120.26,0.373,4
-120.420049,37.366959,120.8,0.285,4
-120.419747,37.366959,121.25,0.158,4
-120.419445,37.366959,120.73,0.142,4
-120.419143,37.366959,120.33,0.164,4
-120.41884,37.366959,120.12,0.133,4
-120.418538,37.366959,120.49,0.161,4
-120.418236,37.366959,121.01,0.355,4
-120.417934,37.366959,121.65,0.51,4
-120.417631,37.366959,122.22,0.487,4
-120.417329,37.366959,122.49,0.376,4
-120.417027,37.366959,122.59,0.307,4
-120.416724,37.366959,122.58,0.268,4
-120.416422,37.366959,122.25,0.254,4
-120.41612,37.366959,121.09,0.267,4
-120.415818,37.366959,119.85,0.269,4
-120.415515,37.366959,119.19,0.263,4
-120.415213,37.366959,119.26,0.243,4
-120.414911,37.366959,119.68,0.229,4
-120.414609,37.366959,120.02,0.234,4
-120.414306,37.366959,120.21,0.237,4
-120.414004,37.366959,120.03,0.226,4
-120.413702,37.366959,119.4,0.224,4
-120.413399,37.366959,118.92,0.279,4
-120.413097,37.366959,118.77,0.371,4
-120.412795,37.366959,119.51,0.333,4
-120.412493,37.366959,121.41,0.267,4
-120.41219,37.366959,123.76,0.236,4
-120.411888,37.366959,125.63,0.229,4
-120.411586,37.366959,126.8,0.231,4
-120.411284,37.366959,127.73,0.233,4
-120.410981,37.366959,128.72,0.234,4
-120.410679,37.366959,128.68,0.235,4
-120.442418,37.366657,126.08,0.225,4
-120.442115,37.366657,126.53,0.228,4
-120.441813,37.366657,126.88,0.229,4
-120.441511,37.366657,127.07,0.229,4
-120.441209,37.366657,127.12,0.233,4
-120.440906,37.366657,127.09,0.233,4
-120.440604,37.366657,127.04,0.233,4
-120.440302,37.366657,126.93,0.232,4
-120.439999,37.366657,126.7,0.232,4
-120.439697,37.366657,126.36,0.233,4
-120.439395,37.366657,126.04,0.232,4
-120.439093,37.366657,125.71,0.231,4
-120.43879,37.366657,125.46,0.228,4
-120.438488,37.366657,125.09,0.226,4
-120.438186,37.366657,124.69,0.229,4
-120.437884,37.366657,124.22,0.232,4
-120.437581,37.366657,123.91,0.239,4
-120.437279,37.366657,123.79,0.246,4
-120.436977,37.366657,123.7,0.244,4
-120.436674,37.366657,123.64,0.234,4
-120.436372,37.366657,123.65,0.232,4
-120.43607,37.366657,123.79,0.233,4
-120.435768,37.366657,124.06,0.23,4
-120.435465,37.366657,124.23,0.23,4
-120.435163,37.366657,124.29,0.233,4
-120.434861,37.366657,124.34,0.234,4
-120.434559,37.366657,124.43,0.232,4
-120.434256,37.366657,124.53,0.229,4
-120.433954,37.366657,124.56,0.229,4
-120.433652,37.366657,124.37,0.225,4
-120.433349,37.366657,124.32,0.229,4
-120.433047,37.366657,124.24,0.233,4
-120.432745,37.366657,123.97,0.232,4
-120.432443,37.366657,123.43,0.222,4
-120.43214,37.366657,122.87,0.206,4
-120.431838,37.366657,122.61,0.208,4
-120.431536,37.366657,122.73,0.227,4
-120.431234,37.366657,123.21,0.234,4
-120.430931,37.366657,124.02,0.237,4
-120.430629,37.366657,124.3,0.239,4
-120.430327,37.366657,124.49,0.245,4
-120.430024,37.366657,125.1,0.247,4
-120.429722,37.366657,125.39,0.25,4
-120.42942,37.366657,125.58,0.248,4
-120.429118,37.366657,125.45,0.244,4
-120.428815,37.366657,125.09,0.244,4
-120.428513,37.366657,124.68,0.245,4
-120.428211,37.366657,123.93,0.242,4
-120.427909,37.366657,122.42,0.242,4
-120.427606,37.366657,120.53,0.239,4
-120.427304,37.366657,118.93,0.252,4
-120.427002,37.366657,118.19,0.267,4
-120.426699,37.366657,118.13,0.224,4
-120.426397,37.366657,118.36,0.177,4
-120.426095,37.366657,118.42,0.159,4
-120.425793,37.366657,118.06,0.179,4
-120.42549,37.366657,117.37,0.236,4
-120.425188,37.366657,116.6,0.267,4
-120.424886,37.366657,115.56,0.231,4
-120.424584,37.366657,115,0.222,4
-120.424281,37.366657,114.56,0.182,4
-120.423979,37.366657,114.6,0.12,4
-120.423677,37.366657,114.6,0.186,4
-120.423374,37.366657,114.53,0.343,4
-120.423072,37.366657,114.5,0.463,4
-120.42277,37.366657,114.48,0.457,4
-120.422468,37.366657,114.65,0.259,4
-120.422165,37.366657,115.23,0.232,4
-120.421863,37.366657,116.37,0.274,4
-120.421561,37.366657,117.47,0.224,4
-120.421259,37.366657,118.28,0.258,4
-120.420956,37.366657,118.64,0.305,4
-120.420654,37.366657,118.98,0.276,4
-120.420352,37.366657,119.44,0.229,4
-120.420049,37.366657,119.78,0.212,4
-120.419747,37.366657,119.86,0.126,4
-120.419445,37.366657,119.06,0.148,4
-120.419143,37.366657,118.65,0.185,4
-120.41884,37.366657,118.6,0.161,4
-120.418538,37.366657,119.03,0.234,4
-120.418236,37.366657,119.31,0.446,4
-120.417934,37.366657,119.91,0.578,4
-120.417631,37.366657,120.82,0.514,4
-120.417329,37.366657,121.46,0.357,4
-120.417027,37.366657,121.68,0.268,4
-120.416724,37.366657,121.71,0.253,4
-120.416422,37.366657,121.26,0.251,4
-120.41612,37.366657,120.08,0.253,4
-120.415818,37.366657,119.05,0.235,4
-120.415515,37.366657,118.76,0.232,4
-120.415213,37.366657,119.4,0.23,4
-120.414911,37.366657,120.43,0.23,4
-120.414609,37.366657,121.27,0.237,4
-120.414306,37.366657,121.65,0.239,4
-120.414004,37.366657,121.43,0.24,4
-120.413702,37.366657,120.77,0.237,4
-120.413399,37.366657,120.36,0.246,4
-120.413097,37.366657,120.39,0.279,4
-120.412795,37.366657,121.07,0.285,4
-120.412493,37.366657,122.55,0.27,4
-120.41219,37.366657,124.26,0.249,4
-120.411888,37.366657,125.7,0.234,4
-120.411586,37.366657,126.86,0.233,4
-120.411284,37.366657,127.89,0.235,4
-120.410981,37.366657,128.95,0.235,4
-120.442115,37.366355,125.91,0.228,4
-120.441813,37.366355,126.57,0.224,4
-120.441511,37.366355,127.1,0.226,4
-120.441209,37.366355,127.43,0.231,4
-120.440906,37.366355,127.52,0.228,4
-120.440604,37.366355,127.45,0.226,4
-120.440302,37.366355,127.3,0.228,4
-120.439999,37.366355,126.94,0.232,4
-120.439697,37.366355,126.43,0.234,4
-120.439395,37.366355,126.05,0.23,4
-120.439093,37.366355,125.66,0.229,4
-120.43879,37.366355,125.36,0.227,4
-120.438488,37.366355,124.88,0.227,4
-120.438186,37.366355,124.39,0.231,4
-120.437884,37.366355,123.93,0.232,4
-120.437581,37.366355,123.77,0.233,4
-120.437279,37.366355,123.85,0.234,4
-120.436977,37.366355,123.94,0.231,4
-120.436674,37.366355,124.06,0.229,4
-120.436372,37.366355,124.2,0.23,4
-120.43607,37.366355,124.43,0.232,4
-120.435768,37.366355,124.75,0.234,4
-120.435465,37.366355,124.94,0.233,4
-120.435163,37.366355,125.02,0.231,4
-120.434861,37.366355,125.04,0.233,4
-120.434559,37.366355,125.06,0.233,4
-120.434256,37.366355,125.06,0.229,4
-120.433954,37.366355,125.01,0.227,4
-120.433652,37.366355,124.79,0.225,4
-120.433349,37.366355,124.72,0.228,4
-120.433047,37.366355,124.61,0.231,4
-120.432745,37.366355,124.25,0.23,4
-120.432443,37.366355,123.7,0.225,4
-120.43214,37.366355,123.21,0.233,4
-120.431838,37.366355,123.06,0.236,4
-120.431536,37.366355,123.24,0.236,4
-120.431234,37.366355,123.76,0.245,4
-120.430931,37.366355,124.58,0.243,4
-120.430629,37.366355,124.84,0.243,4
-120.430327,37.366355,125.02,0.245,4
-120.430024,37.366355,125.63,0.246,4
-120.429722,37.366355,125.86,0.247,4
-120.42942,37.366355,125.96,0.244,4
-120.429118,37.366355,125.75,0.241,4
-120.428815,37.366355,125.33,0.243,4
-120.428513,37.366355,124.79,0.244,4
-120.428211,37.366355,123.84,0.243,4
-120.427909,37.366355,122.38,0.246,4
-120.427606,37.366355,120.71,0.243,4
-120.427304,37.366355,119.25,0.222,4
-120.427002,37.366355,118.35,0.18,4
-120.426699,37.366355,117.85,0.15,4
-120.426397,37.366355,117.54,0.134,4
-120.426095,37.366355,117.17,0.154,4
-120.425793,37.366355,116.58,0.211,4
-120.42549,37.366355,115.81,0.235,4
-120.425188,37.366355,114.99,0.156,4
-120.424886,37.366355,113.89,0.121,4
-120.424584,37.366355,113.06,0.114,4
-120.424281,37.366355,112.26,0.062,4
-120.423979,37.366355,111.99,0.161,4
-120.423677,37.366355,111.77,0.409,4
-120.423374,37.366355,111.67,0.597,4
-120.423072,37.366355,111.78,0.675,4
-120.42277,37.366355,112.06,0.66,4
-120.422468,37.366355,112.65,0.433,4
-120.422165,37.366355,113.79,0.22,4
-120.421863,37.366355,115.21,0.287,4
-120.421561,37.366355,116.33,0.327,4
-120.421259,37.366355,117.1,0.248,4
-120.420956,37.366355,117.41,0.175,4
-120.420654,37.366355,117.71,0.128,4
-120.420352,37.366355,118.03,0.128,4
-120.420049,37.366355,118.14,0.186,4
-120.419747,37.366355,117.87,0.241,4
-120.419445,37.366355,116.85,0.264,4
-120.419143,37.366355,116.26,0.261,4
-120.41884,37.366355,116.12,0.25,4
-120.418538,37.366355,116.62,0.252,4
-120.418236,37.366355,117.17,0.4,4
-120.417934,37.366355,118.14,0.496,4
-120.417631,37.366355,119.31,0.417,4
-120.417329,37.366355,120.26,0.281,4
-120.417027,37.366355,120.95,0.246,4
-120.416724,37.366355,121.21,0.251,4
-120.416422,37.366355,120.54,0.236,4
-120.41612,37.366355,119.28,0.225,4
-120.415818,37.366355,118.55,0.234,4
-120.415515,37.366355,118.81,0.239,4
-120.415213,37.366355,120.12,0.234,4
-120.414911,37.366355,121.81,0.233,4
-120.414609,37.366355,123.12,0.236,4
-120.414306,37.366355,123.73,0.236,4
-120.414004,37.366355,123.71,0.24,4
-120.413702,37.366355,123.31,0.243,4
-120.413399,37.366355,123.08,0.24,4
-120.413097,37.366355,123.26,0.242,4
-120.412795,37.366355,123.63,0.24,4
-120.412493,37.366355,124.46,0.242,4
-120.41219,37.366355,125.44,0.241,4
-120.411888,37.366355,126.35,0.237,4
-120.411586,37.366355,127.23,0.235,4
-120.411284,37.366355,128.06,0.235,4
-120.410981,37.366355,128.74,0.232,4
-120.442115,37.366052,125.54,0.23,4
-120.441813,37.366052,126.27,0.234,4
-120.441511,37.366052,127.05,0.229,4
-120.441209,37.366052,127.49,0.229,4
-120.440906,37.366052,127.64,0.225,4
-120.440604,37.366052,127.53,0.223,4
-120.440302,37.366052,127.25,0.224,4
-120.439999,37.366052,126.78,0.227,4
-120.439697,37.366052,126.17,0.226,4
-120.439395,37.366052,125.64,0.226,4
-120.439093,37.366052,125.21,0.229,4
-120.43879,37.366052,124.92,0.231,4
-120.438488,37.366052,124.55,0.233,4
-120.438186,37.366052,124.19,0.24,4
-120.437884,37.366052,123.77,0.235,4
-120.437581,37.366052,123.69,0.231,4
-120.437279,37.366052,123.93,0.23,4
-120.436977,37.366052,124.26,0.23,4
-120.436674,37.366052,124.52,0.231,4
-120.436372,37.366052,124.71,0.232,4
-120.43607,37.366052,124.93,0.234,4
-120.435768,37.366052,125.21,0.241,4
-120.435465,37.366052,125.41,0.237,4
-120.435163,37.366052,125.51,0.233,4
-120.434861,37.366052,125.59,0.234,4
-120.434559,37.366052,125.62,0.234,4
-120.434256,37.366052,125.57,0.232,4
-120.433954,37.366052,125.42,0.231,4
-120.433652,37.366052,125.1,0.231,4
-120.433349,37.366052,124.97,0.228,4
-120.433047,37.366052,124.8,0.226,4
-120.432745,37.366052,124.59,0.224,4
-120.432443,37.366052,124.09,0.22,4
-120.43214,37.366052,123.67,0.213,4
-120.431838,37.366052,123.57,0.221,4
-120.431536,37.366052,123.75,0.238,4
-120.431234,37.366052,124.16,0.245,4
-120.430931,37.366052,124.72,0.242,4
-120.430629,37.366052,124.93,0.241,4
-120.430327,37.366052,125.08,0.242,4
-120.430024,37.366052,125.49,0.237,4
-120.429722,37.366052,125.64,0.238,4
-120.42942,37.366052,125.67,0.24,4
-120.429118,37.366052,125.43,0.24,4
-120.428815,37.366052,124.98,0.24,4
-120.428513,37.366052,124.37,0.244,4
-120.428211,37.366052,123.45,0.245,4
-120.427909,37.366052,122.26,0.239,4
-120.427606,37.366052,120.95,0.235,4
-120.427304,37.366052,119.69,0.191,4
-120.427002,37.366052,118.63,0.182,4
-120.426699,37.366052,117.72,0.195,4
-120.426397,37.366052,116.91,0.29,4
-120.426095,37.366052,116.15,0.384,4
-120.425793,37.366052,115.36,0.387,4
-120.42549,37.366052,114.5,0.3,4
-120.425188,37.366052,113.59,0.168,4
-120.424886,37.366052,112.42,0.115,4
-120.424584,37.366052,111.38,0.057,4
-120.424281,37.366052,110.32,0.139,4
-120.423979,37.366052,109.78,0.443,4
-120.423677,37.366052,109.36,0.654,4
-120.423374,37.366052,108.92,0.706,4
-120.423072,37.366052,108.89,0.7,4
-120.42277,37.366052,109.49,0.614,4
-120.422468,37.366052,110.38,0.332,4
-120.422165,37.366052,111.86,0.21,4
-120.421863,37.366052,113.45,0.197,4
-120.421561,37.366052,114.42,0.178,4
-120.421259,37.366052,114.98,0.182,4
-120.420956,37.366052,115.68,0.17,4
-120.420654,37.366052,116.21,0.199,4
-120.420352,37.366052,116.49,0.27,4
-120.420049,37.366052,116.5,0.354,4
-120.419747,37.366052,116.11,0.414,4
-120.419445,37.366052,115.24,0.382,4
-120.419143,37.366052,114.68,0.348,4
-120.41884,37.366052,114.48,0.283,4
-120.418538,37.366052,114.89,0.258,4
-120.418236,37.366052,115.6,0.273,4
-120.417934,37.366052,116.57,0.3,4
-120.417631,37.366052,117.94,0.278,4
-120.417329,37.366052,119.48,0.234,4
-120.417027,37.366052,120.62,0.241,4
-120.416724,37.366052,120.97,0.247,4
-120.416422,37.366052,120.04,0.245,4
-120.41612,37.366052,118.67,0.23,4
-120.415818,37.366052,118.25,0.234,4
-120.415515,37.366052,119.04,0.235,4
-120.415213,37.366052,120.64,0.237,4
-120.414911,37.366052,122.48,0.236,4
-120.414609,37.366052,124.05,0.233,4
-120.414306,37.366052,125.08,0.233,4
-120.414004,37.366052,125.68,0.237,4
-120.413702,37.366052,125.91,0.244,4
-120.413399,37.366052,126.05,0.247,4
-120.413097,37.366052,126.22,0.248,4
-120.412795,37.366052,126.22,0.239,4
-120.412493,37.366052,126.52,0.24,4
-120.41219,37.366052,126.96,0.242,4
-120.411888,37.366052,127.42,0.239,4
-120.411586,37.366052,127.92,0.237,4
-120.411284,37.366052,128.48,0.238,4
-120.410981,37.366052,129.19,0.232,4
-120.441813,37.36575,125.88,0.242,4
-120.441511,37.36575,126.66,0.233,4
-120.441209,37.36575,127.05,0.226,4
-120.440906,37.36575,127.29,0.223,4
-120.440604,37.36575,127.21,0.222,4
-120.440302,37.36575,126.93,0.222,4
-120.439999,37.36575,126.46,0.222,4
-120.439697,37.36575,125.82,0.223,4
-120.439395,37.36575,125.19,0.225,4
-120.439093,37.36575,124.79,0.228,4
-120.43879,37.36575,124.63,0.232,4
-120.438488,37.36575,124.44,0.236,4
-120.438186,37.36575,124.29,0.237,4
-120.437884,37.36575,123.94,0.236,4
-120.437581,37.36575,123.94,0.236,4
-120.437279,37.36575,124.19,0.237,4
-120.436977,37.36575,124.49,0.24,4
-120.436674,37.36575,124.79,0.243,4
-120.436372,37.36575,125.02,0.242,4
-120.43607,37.36575,125.24,0.242,4
-120.435768,37.36575,125.51,0.243,4
-120.435465,37.36575,125.68,0.239,4
-120.435163,37.36575,125.79,0.233,4
-120.434861,37.36575,125.89,0.233,4
-120.434559,37.36575,125.93,0.234,4
-120.434256,37.36575,125.89,0.234,4
-120.433954,37.36575,125.7,0.234,4
-120.433652,37.36575,125.33,0.234,4
-120.433349,37.36575,125.16,0.23,4
-120.433047,37.36575,124.92,0.222,4
-120.432745,37.36575,124.89,0.22,4
-120.432443,37.36575,124.46,0.214,4
-120.43214,37.36575,124.1,0.202,4
-120.431838,37.36575,124.03,0.218,4
-120.431536,37.36575,124.17,0.24,4
-120.431234,37.36575,124.41,0.242,4
-120.430931,37.36575,124.62,0.238,4
-120.430629,37.36575,124.74,0.234,4
-120.430327,37.36575,124.83,0.234,4
-120.430024,37.36575,124.84,0.232,4
-120.429722,37.36575,124.87,0.232,4
-120.42942,37.36575,124.77,0.237,4
-120.429118,37.36575,124.6,0.239,4
-120.428815,37.36575,124.25,0.241,4
-120.428513,37.36575,123.59,0.245,4
-120.428211,37.36575,122.74,0.241,4
-120.427909,37.36575,121.94,0.228,4
-120.427606,37.36575,120.84,0.266,4
-120.427304,37.36575,119.83,0.249,4
-120.427002,37.36575,118.85,0.246,4
-120.426699,37.36575,117.86,0.289,4
-120.426397,37.36575,116.86,0.272,4
-120.426095,37.36575,115.72,0.282,4
-120.425793,37.36575,114.55,0.341,4
-120.42549,37.36575,113.52,0.365,4
-120.425188,37.36575,112.48,0.327,4
-120.424886,37.36575,111.07,0.251,4
-120.424584,37.36575,109.95,0.18,4
-120.424281,37.36575,108.8,0.369,4
-120.423979,37.36575,107.7,0.543,4
-120.423677,37.36575,107.18,0.638,4
-120.423374,37.36575,107.14,0.684,4
-120.423072,37.36575,107.53,0.637,4
-120.42277,37.36575,108.29,0.47,4
-120.422468,37.36575,109.28,0.269,4
-120.422165,37.36575,110.73,0.18,4
-120.421863,37.36575,112.17,0.141,4
-120.421561,37.36575,112.9,0.15,4
-120.421259,37.36575,113.14,0.263,4
-120.420956,37.36575,113.87,0.366,4
-120.420654,37.36575,114.41,0.459,4
-120.420352,37.36575,114.74,0.463,4
-120.420049,37.36575,114.97,0.401,4
-120.419747,37.36575,114.93,0.38,4
-120.419445,37.36575,114.62,0.38,4
-120.419143,37.36575,114.33,0.35,4
-120.41884,37.36575,114.17,0.26,4
-120.418538,37.36575,114.53,0.264,4
-120.418236,37.36575,115.14,0.254,4
-120.417934,37.36575,116.04,0.243,4
-120.417631,37.36575,117.58,0.243,4
-120.417329,37.36575,119.39,0.248,4
-120.417027,37.36575,120.62,0.25,4
-120.416724,37.36575,120.78,0.25,4
-120.416422,37.36575,119.76,0.259,4
-120.41612,37.36575,118.48,0.26,4
-120.415818,37.36575,118.21,0.246,4
-120.415515,37.36575,119.1,0.225,4
-120.415213,37.36575,120.52,0.228,4
-120.414911,37.36575,122.05,0.234,4
-120.414609,37.36575,123.56,0.233,4
-120.414306,37.36575,124.98,0.233,4
-120.414004,37.36575,126.23,0.236,4
-120.413702,37.36575,127.34,0.237,4
-120.413399,37.36575,127.84,0.237,4
-120.413097,37.36575,128.12,0.234,4
-120.412795,37.36575,128.33,0.232,4
-120.412493,37.36575,128.5,0.232,4
-120.41219,37.36575,128.63,0.238,4
-120.411888,37.36575,128.78,0.243,4
-120.411586,37.36575,128.96,0.244,4
-120.411284,37.36575,129.13,0.243,4
-120.441511,37.365448,125.84,0.235,4
-120.441209,37.365448,126.2,0.226,4
-120.440906,37.365448,126.52,0.225,4
-120.440604,37.365448,126.56,0.225,4
-120.440302,37.365448,126.38,0.228,4
-120.439999,37.365448,125.94,0.229,4
-120.439697,37.365448,125.29,0.229,4
-120.439395,37.365448,124.69,0.231,4
-120.439093,37.365448,124.43,0.229,4
-120.43879,37.365448,124.47,0.232,4
-120.438488,37.365448,124.52,0.239,4
-120.438186,37.365448,124.57,0.239,4
-120.437884,37.365448,124.24,0.238,4
-120.437581,37.365448,124.2,0.239,4
-120.437279,37.365448,124.38,0.241,4
-120.436977,37.365448,124.61,0.24,4
-120.436674,37.365448,124.89,0.241,4
-120.436372,37.365448,125.17,0.245,4
-120.43607,37.365448,125.45,0.25,4
-120.435768,37.365448,125.76,0.248,4
-120.435465,37.365448,125.93,0.24,4
-120.435163,37.365448,126.01,0.234,4
-120.434861,37.365448,126.1,0.231,4
-120.434559,37.365448,126.13,0.233,4
-120.434256,37.365448,126.06,0.236,4
-120.433954,37.365448,125.85,0.233,4
-120.433652,37.365448,125.45,0.232,4
-120.433349,37.365448,125.23,0.232,4
-120.433047,37.365448,124.93,0.22,4
-120.432745,37.365448,124.93,0.222,4
-120.432443,37.365448,124.55,0.216,4
-120.43214,37.365448,124.24,0.195,4
-120.431838,37.365448,124.16,0.215,4
-120.431536,37.365448,124.25,0.237,4
-120.431234,37.365448,124.35,0.238,4
-120.430931,37.365448,124.39,0.238,4
-120.430629,37.365448,124.39,0.24,4
-120.430327,37.365448,124.35,0.238,4
-120.430024,37.365448,124.28,0.236,4
-120.429722,37.365448,124.18,0.235,4
-120.42942,37.365448,123.98,0.239,4
-120.429118,37.365448,123.72,0.24,4
-120.428815,37.365448,123.31,0.239,4
-120.428513,37.365448,122.6,0.239,4
-120.428211,37.365448,121.71,0.236,4
-120.427909,37.365448,120.85,0.235,4
-120.427606,37.365448,119.8,0.272,4
-120.427304,37.365448,119.1,0.229,4
-120.427002,37.365448,118.48,0.264,4
-120.426699,37.365448,117.71,0.33,4
-120.426397,37.365448,116.74,0.306,4
-120.426095,37.365448,115.5,0.248,4
-120.425793,37.365448,114.16,0.288,4
-120.42549,37.365448,112.91,0.371,4
-120.425188,37.365448,111.63,0.338,4
-120.424886,37.365448,110.11,0.336,4
-120.424584,37.365448,109.02,0.411,4
-120.424281,37.365448,107.99,0.466,4
-120.423979,37.365448,106.89,0.411,4
-120.423677,37.365448,106.53,0.48,4
-120.423374,37.365448,106.81,0.496,4
-120.423072,37.365448,107.54,0.408,4
-120.42277,37.365448,108.47,0.322,4
-120.422468,37.365448,109.51,0.314,4
-120.422165,37.365448,110.76,0.309,4
-120.421863,37.365448,111.9,0.333,4
-120.421561,37.365448,112.41,0.308,4
-120.421259,37.365448,112.48,0.331,4
-120.420956,37.365448,112.98,0.447,4
-120.420654,37.365448,113.31,0.471,4
-120.420352,37.365448,113.63,0.389,4
-120.420049,37.365448,114.07,0.299,4
-120.419747,37.365448,114.44,0.279,4
-120.419445,37.365448,114.66,0.295,4
-120.419143,37.365448,114.76,0.283,4
-120.41884,37.365448,114.68,0.271,4
-120.418538,37.365448,114.97,0.269,4
-120.418236,37.365448,115.47,0.239,4
-120.417934,37.365448,116.37,0.23,4
-120.417631,37.365448,117.93,0.254,4
-120.417329,37.365448,119.62,0.268,4
-120.417027,37.365448,120.6,0.253,4
-120.416724,37.365448,120.53,0.244,4
-120.416422,37.365448,119.61,0.253,4
-120.41612,37.365448,118.6,0.253,4
-120.415818,37.365448,118.46,0.245,4
-120.415515,37.365448,119.12,0.218,4
-120.415213,37.365448,120.17,0.221,4
-120.414911,37.365448,121.37,0.231,4
-120.414609,37.365448,122.81,0.231,4
-120.414306,37.365448,124.46,0.228,4
-120.414004,37.365448,126.07,0.23,4
-120.413702,37.365448,127.49,0.233,4
-120.413399,37.365448,128.29,0.236,4
-120.413097,37.365448,128.54,0.232,4
-120.412795,37.365448,128.65,0.233,4
-120.412493,37.365448,128.71,0.231,4
-120.41219,37.365448,128.74,0.238,4
-120.411888,37.365448,128.76,0.245,4
-120.411586,37.365448,128.83,0.243,4
-120.411284,37.365448,128.93,0.242,4
-120.441209,37.365146,125.18,0.236,4
-120.440906,37.365146,125.59,0.233,4
-120.440604,37.365146,125.79,0.232,4
-120.440302,37.365146,125.79,0.237,4
-120.439999,37.365146,125.56,0.24,4
-120.439697,37.365146,125.08,0.238,4
-120.439395,37.365146,124.59,0.234,4
-120.439093,37.365146,124.47,0.229,4
-120.43879,37.365146,124.61,0.231,4
-120.438488,37.365146,124.74,0.237,4
-120.438186,37.365146,124.86,0.237,4
-120.437884,37.365146,124.61,0.235,4
-120.437581,37.365146,124.55,0.232,4
-120.437279,37.365146,124.63,0.233,4
-120.436977,37.365146,124.77,0.236,4
-120.436674,37.365146,125.01,0.238,4
-120.436372,37.365146,125.33,0.241,4
-120.43607,37.365146,125.66,0.246,4
-120.435768,37.365146,125.97,0.245,4
-120.435465,37.365146,126.13,0.235,4
-120.435163,37.365146,126.21,0.23,4
-120.434861,37.365146,126.27,0.23,4
-120.434559,37.365146,126.28,0.233,4
-120.434256,37.365146,126.21,0.233,4
-120.433954,37.365146,125.99,0.229,4
-120.433652,37.365146,125.59,0.227,4
-120.433349,37.365146,125.28,0.226,4
-120.433047,37.365146,124.92,0.22,4
-120.432745,37.365146,124.94,0.226,4
-120.432443,37.365146,124.58,0.219,4
-120.43214,37.365146,124.28,0.2,4
-120.431838,37.365146,124.15,0.215,4
-120.431536,37.365146,124.13,0.235,4
-120.431234,37.365146,124.08,0.241,4
-120.430931,37.365146,123.92,0.243,4
-120.430629,37.365146,123.7,0.243,4
-120.430327,37.365146,123.5,0.242,4
-120.430024,37.365146,123.29,0.239,4
-120.429722,37.365146,123.02,0.24,4
-120.42942,37.365146,122.76,0.235,4
-120.429118,37.365146,122.5,0.231,4
-120.428815,37.365146,122.08,0.221,4
-120.428513,37.365146,121.37,0.203,4
-120.428211,37.365146,120.52,0.203,4
-120.427909,37.365146,119.7,0.271,4
-120.427606,37.365146,118.74,0.402,4
-120.427304,37.365146,118.25,0.433,4
-120.427002,37.365146,117.95,0.319,4
-120.426699,37.365146,117.56,0.316,4
-120.426397,37.365146,116.78,0.287,4
-120.426095,37.365146,115.52,0.274,4
-120.425793,37.365146,114.05,0.359,4
-120.42549,37.365146,112.66,0.463,4
-120.425188,37.365146,111.34,0.492,4
-120.424886,37.365146,109.97,0.592,4
-120.424584,37.365146,108.96,0.687,4
-120.424281,37.365146,108.16,0.575,4
-120.423979,37.365146,107.51,0.307,4
-120.423677,37.365146,107.47,0.267,4
-120.423374,37.365146,107.93,0.244,4
-120.423072,37.365146,108.83,0.2,4
-120.42277,37.365146,109.86,0.211,4
-120.422468,37.365146,110.8,0.291,4
-120.422165,37.365146,111.81,0.357,4
-120.421863,37.365146,112.7,0.339,4
-120.421561,37.365146,113.13,0.211,4
-120.421259,37.365146,113.3,0.249,4
-120.420956,37.365146,113.79,0.26,4
-120.420654,37.365146,113.97,0.304,4
-120.420352,37.365146,114.09,0.312,4
-120.420049,37.365146,114.4,0.28,4
-120.419747,37.365146,114.78,0.26,4
-120.419445,37.365146,115.16,0.265,4
-120.419143,37.365146,115.51,0.308,4
-120.41884,37.365146,115.57,0.358,4
-120.418538,37.365146,115.87,0.275,4
-120.418236,37.365146,116.34,0.225,4
-120.417934,37.365146,117.18,0.225,4
-120.417631,37.365146,118.57,0.25,4
-120.417329,37.365146,119.88,0.258,4
-120.417027,37.365146,120.47,0.245,4
-120.416724,37.365146,120.27,0.242,4
-120.416422,37.365146,119.58,0.25,4
-120.41612,37.365146,118.89,0.246,4
-120.415818,37.365146,118.74,0.232,4
-120.415515,37.365146,119.1,0.219,4
-120.415213,37.365146,119.81,0.204,4
-120.414911,37.365146,120.73,0.222,4
-120.414609,37.365146,122.1,0.236,4
-120.414306,37.365146,123.86,0.233,4
-120.414004,37.365146,125.65,0.234,4
-120.413702,37.365146,127.12,0.237,4
-120.413399,37.365146,127.9,0.237,4
-120.413097,37.365146,128.15,0.236,4
-120.412795,37.365146,128.32,0.241,4
-120.412493,37.365146,128.3,0.239,4
-120.41219,37.365146,128.21,0.236,4
-120.411888,37.365146,128.11,0.235,4
-120.411586,37.365146,128.15,0.235,4
-120.411284,37.365146,128.33,0.236,4
-120.441209,37.364843,124.72,0.244,4
-120.440906,37.364843,125.06,0.236,4
-120.440604,37.364843,125.31,0.235,4
-120.440302,37.364843,125.46,0.239,4
-120.439999,37.364843,125.34,0.24,4
-120.439697,37.364843,125.05,0.235,4
-120.439395,37.364843,124.81,0.229,4
-120.439093,37.364843,124.77,0.228,4
-120.43879,37.364843,124.95,0.228,4
-120.438488,37.364843,125,0.23,4
-120.438186,37.364843,125.07,0.23,4
-120.437884,37.364843,124.98,0.23,4
-120.437581,37.364843,124.96,0.23,4
-120.437279,37.364843,125,0.23,4
-120.436977,37.364843,125.11,0.233,4
-120.436674,37.364843,125.32,0.235,4
-120.436372,37.364843,125.64,0.234,4
-120.43607,37.364843,125.97,0.239,4
-120.435768,37.364843,126.19,0.239,4
-120.435465,37.364843,126.32,0.234,4
-120.435163,37.364843,126.39,0.23,4
-120.434861,37.364843,126.37,0.229,4
-120.434559,37.364843,126.35,0.229,4
-120.434256,37.364843,126.31,0.226,4
-120.433954,37.364843,126.23,0.222,4
-120.433652,37.364843,126.1,0.22,4
-120.433349,37.364843,125.83,0.222,4
-120.433047,37.364843,125.47,0.225,4
-120.432745,37.364843,125.53,0.227,4
-120.432443,37.364843,125.1,0.222,4
-120.43214,37.364843,124.69,0.212,4
-120.431838,37.364843,124.36,0.225,4
-120.431536,37.364843,124.13,0.242,4
-120.431234,37.364843,123.9,0.248,4
-120.430931,37.364843,123.52,0.248,4
-120.430629,37.364843,123.01,0.247,4
-120.430327,37.364843,122.51,0.242,4
-120.430024,37.364843,122.16,0.235,4
-120.429722,37.364843,121.55,0.231,4
-120.42942,37.364843,121.2,0.226,4
-120.429118,37.364843,120.9,0.217,4
-120.428815,37.364843,120.59,0.176,4
-120.428513,37.364843,120.11,0.138,4
-120.428211,37.364843,119.5,0.174,4
-120.427909,37.364843,118.81,0.333,4
-120.427606,37.364843,117.96,0.533,4
-120.427304,37.364843,117.39,0.389,4
-120.427002,37.364843,117.09,0.301,4
-120.426699,37.364843,116.86,0.286,4
-120.426397,37.364843,116.19,0.328,4
-120.426095,37.364843,115,0.362,4
-120.425793,37.364843,113.61,0.405,4
-120.42549,37.364843,112.4,0.471,4
-120.425188,37.364843,111.5,0.552,4
-120.424886,37.364843,110.78,0.633,4
-120.424584,37.364843,110.14,0.542,4
-120.424281,37.364843,109.85,0.228,4
-120.423979,37.364843,109.92,0.1,4
-120.423677,37.364843,110.16,0.145,4
-120.423374,37.364843,110.61,0.195,4
-120.423072,37.364843,111.8,0.224,4
-120.42277,37.364843,113.1,0.227,4
-120.422468,37.364843,113.94,0.196,4
-120.422165,37.364843,114.81,0.162,4
-120.421863,37.364843,115.6,0.166,4
-120.421561,37.364843,116.2,0.161,4
-120.421259,37.364843,116.62,0.189,4
-120.420956,37.364843,116.1,0.223,4
-120.420654,37.364843,115.86,0.276,4
-120.420352,37.364843,115.65,0.293,4
-120.420049,37.364843,115.52,0.286,4
-120.419747,37.364843,115.68,0.307,4
-120.419445,37.364843,116.08,0.37,4
-120.419143,37.364843,116.57,0.426,4
-120.41884,37.364843,116.86,0.329,4
-120.418538,37.364843,117.27,0.239,4
-120.418236,37.364843,117.79,0.226,4
-120.417934,37.364843,118.51,0.232,4
-120.417631,37.364843,119.56,0.238,4
-120.417329,37.364843,120.39,0.236,4
-120.417027,37.364843,120.63,0.237,4
-120.416724,37.364843,120.39,0.246,4
-120.416422,37.364843,119.93,0.243,4
-120.41612,37.364843,119.51,0.245,4
-120.415818,37.364843,119.37,0.233,4
-120.415515,37.364843,119.46,0.224,4
-120.415213,37.364843,119.81,0.205,4
-120.414911,37.364843,120.2,0.204,4
-120.414609,37.364843,121.27,0.228,4
-120.414306,37.364843,122.98,0.245,4
-120.414004,37.364843,124.7,0.241,4
-120.413702,37.364843,126.03,0.239,4
-120.413399,37.364843,126.61,0.239,4
-120.413097,37.364843,126.92,0.242,4
-120.412795,37.364843,127.41,0.245,4
-120.412493,37.364843,127.44,0.241,4
-120.41219,37.364843,127.28,0.238,4
-120.411888,37.364843,127.14,0.234,4
-120.411586,37.364843,127.09,0.231,4
-120.440906,37.364541,125.04,0.235,4
-120.440604,37.364541,125.27,0.24,4
-120.440302,37.364541,125.5,0.236,4
-120.439999,37.364541,125.44,0.232,4
-120.439697,37.364541,125.34,0.228,4
-120.439395,37.364541,125.33,0.226,4
-120.439093,37.364541,125.32,0.228,4
-120.43879,37.364541,125.4,0.228,4
-120.438488,37.364541,125.34,0.228,4
-120.438186,37.364541,125.33,0.226,4
-120.437884,37.364541,125.21,0.227,4
-120.437581,37.364541,125.19,0.232,4
-120.437279,37.364541,125.21,0.235,4
-120.436977,37.364541,125.29,0.234,4
-120.436674,37.364541,125.47,0.232,4
-120.436372,37.364541,125.72,0.232,4
-120.43607,37.364541,125.98,0.234,4
-120.435768,37.364541,126.14,0.235,4
-120.435465,37.364541,126.25,0.232,4
-120.435163,37.364541,126.33,0.229,4
-120.434861,37.364541,126.33,0.227,4
-120.434559,37.364541,126.34,0.227,4
-120.434256,37.364541,126.32,0.228,4
-120.433954,37.364541,126.29,0.225,4
-120.433652,37.364541,126.21,0.222,4
-120.433349,37.364541,125.98,0.226,4
-120.433047,37.364541,125.65,0.232,4
-120.432745,37.364541,125.67,0.23,4
-120.432443,37.364541,125.09,0.218,4
-120.43214,37.364541,124.45,0.199,4
-120.431838,37.364541,123.82,0.217,4
-120.431536,37.364541,123.27,0.235,4
-120.431234,37.364541,122.76,0.24,4
-120.430931,37.364541,122.14,0.239,4
-120.430629,37.364541,121.37,0.234,4
-120.430327,37.364541,120.68,0.228,4
-120.430024,37.364541,120.28,0.213,4
-120.429722,37.364541,119.67,0.227,4
-120.42942,37.364541,119.41,0.203,4
-120.429118,37.364541,119.15,0.259,4
-120.428815,37.364541,119.01,0.238,4
-120.428513,37.364541,118.9,0.19,4
-120.428211,37.364541,118.71,0.19,4
-120.427909,37.364541,118.29,0.239,4
-120.427606,37.364541,117.46,0.297,4
-120.427304,37.364541,116.43,0.233,4
-120.427002,37.364541,115.66,0.17,4
-120.426699,37.364541,115.14,0.33,4
-120.426397,37.364541,114.44,0.486,4
-120.426095,37.364541,113.35,0.5,4
-120.425793,37.364541,112.23,0.454,4
-120.42549,37.364541,111.58,0.493,4
-120.425188,37.364541,111.5,0.536,4
-120.424886,37.364541,111.57,0.365,4
-120.424584,37.364541,111.55,0.16,4
-120.424281,37.364541,111.74,0.098,4
-120.423979,37.364541,112.16,0.16,4
-120.423677,37.364541,112.62,0.166,4
-120.423374,37.364541,113.12,0.121,4
-120.423072,37.364541,114.29,0.123,4
-120.42277,37.364541,115.48,0.145,4
-120.422468,37.364541,116.21,0.147,4
-120.422165,37.364541,116.89,0.148,4
-120.421863,37.364541,117.43,0.146,4
-120.421561,37.364541,117.73,0.145,4
-120.421259,37.364541,117.94,0.213,4
-120.420956,37.364541,117.37,0.216,4
-120.420654,37.364541,117.14,0.213,4
-120.420352,37.364541,116.73,0.25,4
-120.420049,37.364541,116.32,0.284,4
-120.419747,37.364541,116.3,0.319,4
-120.419445,37.364541,116.78,0.361,4
-120.419143,37.364541,117.66,0.322,4
-120.41884,37.364541,118.4,0.232,4
-120.418538,37.364541,118.98,0.21,4
-120.418236,37.364541,119.4,0.22,4
-120.417934,37.364541,119.64,0.224,4
-120.417631,37.364541,120.14,0.226,4
-120.417329,37.364541,120.66,0.227,4
-120.417027,37.364541,120.81,0.232,4
-120.416724,37.364541,120.55,0.238,4
-120.416422,37.364541,120.19,0.231,4
-120.41612,37.364541,119.95,0.235,4
-120.415818,37.364541,119.83,0.232,4
-120.415515,37.364541,119.78,0.226,4
-120.415213,37.364541,119.84,0.223,4
-120.414911,37.364541,119.75,0.208,4
-120.414609,37.364541,120.41,0.219,4
-120.414306,37.364541,121.74,0.243,4
-120.414004,37.364541,123.08,0.247,4
-120.413702,37.364541,124.1,0.243,4
-120.413399,37.364541,124.6,0.245,4
-120.413097,37.364541,124.92,0.247,4
-120.412795,37.364541,125.47,0.248,4
-120.412493,37.364541,125.54,0.248,4
-120.41219,37.364541,125.45,0.248,4
-120.411888,37.364541,125.36,0.242,4
-120.411586,37.364541,125.34,0.237,4
-120.440604,37.364239,125.58,0.236,4
-120.440302,37.364239,125.84,0.232,4
-120.439999,37.364239,125.86,0.231,4
-120.439697,37.364239,125.88,0.23,4
-120.439395,37.364239,125.93,0.229,4
-120.439093,37.364239,125.88,0.232,4
-120.43879,37.364239,125.85,0.23,4
-120.438488,37.364239,125.69,0.229,4
-120.438186,37.364239,125.63,0.226,4
-120.437884,37.364239,125.48,0.226,4
-120.437581,37.364239,125.44,0.231,4
-120.437279,37.364239,125.44,0.235,4
-120.436977,37.364239,125.49,0.235,4
-120.436674,37.364239,125.59,0.232,4
-120.436372,37.364239,125.74,0.231,4
-120.43607,37.364239,125.9,0.23,4
-120.435768,37.364239,126,0.23,4
-120.435465,37.364239,126.09,0.231,4
-120.435163,37.364239,126.16,0.228,4
-120.434861,37.364239,126.16,0.233,4
-120.434559,37.364239,126.18,0.236,4
-120.434256,37.364239,126.18,0.234,4
-120.433954,37.364239,126.18,0.23,4
-120.433652,37.364239,126.14,0.227,4
-120.433349,37.364239,125.95,0.228,4
-120.433047,37.364239,125.63,0.23,4
-120.432745,37.364239,125.58,0.228,4
-120.432443,37.364239,124.81,0.218,4
-120.43214,37.364239,123.89,0.201,4
-120.431838,37.364239,122.91,0.205,4
-120.431536,37.364239,121.96,0.215,4
-120.431234,37.364239,120.98,0.228,4
-120.430931,37.364239,119.86,0.245,4
-120.430629,37.364239,118.73,0.253,4
-120.430327,37.364239,117.97,0.253,4
-120.430024,37.364239,117.65,0.279,4
-120.429722,37.364239,117.29,0.171,4
-120.42942,37.364239,117.33,0.157,4
-120.429118,37.364239,117.34,0.281,4
-120.428815,37.364239,117.54,0.282,4
-120.428513,37.364239,117.87,0.254,4
-120.428211,37.364239,118.05,0.271,4
-120.427909,37.364239,117.8,0.253,4
-120.427606,37.364239,116.9,0.199,4
-120.427304,37.364239,115.26,0.365,4
-120.427002,37.364239,113.64,0.289,4
-120.426699,37.364239,112.51,0.517,4
-120.426397,37.364239,111.68,0.657,4
-120.426095,37.364239,110.91,0.62,4
-120.425793,37.364239,110.2,0.506,4
-120.42549,37.364239,109.98,0.467,4
-120.425188,37.364239,110.63,0.402,4
-120.424886,37.364239,111.88,0.171,4
-120.424584,37.364239,112.78,0.115,4
-120.424281,37.364239,113.21,0.175,4
-120.423979,37.364239,113.64,0.23,4
-120.423677,37.364239,114.08,0.195,4
-120.423374,37.364239,114.68,0.131,4
-120.423072,37.364239,116.13,0.168,4
-120.42277,37.364239,117.52,0.21,4
-120.422468,37.364239,118.35,0.2,4
-120.422165,37.364239,119.03,0.201,4
-120.421863,37.364239,119.38,0.217,4
-120.421561,37.364239,119.2,0.229,4
-120.421259,37.364239,118.89,0.25,4
-120.420956,37.364239,117.88,0.205,4
-120.420654,37.364239,117.29,0.219,4
-120.420352,37.364239,116.6,0.27,4
-120.420049,37.364239,116.06,0.264,4
-120.419747,37.364239,116.14,0.22,4
-120.419445,37.364239,117.06,0.204,4
-120.419143,37.364239,118.61,0.206,4
-120.41884,37.364239,119.91,0.209,4
-120.418538,37.364239,120.54,0.21,4
-120.418236,37.364239,120.68,0.222,4
-120.417934,37.364239,120.66,0.224,4
-120.417631,37.364239,120.77,0.222,4
-120.417329,37.364239,120.89,0.222,4
-120.417027,37.364239,120.82,0.227,4
-120.416724,37.364239,120.56,0.233,4
-120.416422,37.364239,120.34,0.234,4
-120.41612,37.364239,120.3,0.231,4
-120.415818,37.364239,120.32,0.23,4
-120.415515,37.364239,120.3,0.233,4
-120.415213,37.364239,120.31,0.238,4
-120.414911,37.364239,120.01,0.228,4
-120.414609,37.364239,120.31,0.22,4
-120.414306,37.364239,121.1,0.224,4
-120.414004,37.364239,121.9,0.234,4
-120.413702,37.364239,122.5,0.236,4
-120.413399,37.364239,122.76,0.231,4
-120.413097,37.364239,122.93,0.231,4
-120.412795,37.364239,123.38,0.231,4
-120.412493,37.364239,123.38,0.235,4
-120.41219,37.364239,123.32,0.235,4
-120.440604,37.363936,125.98,0.233,4
-120.440302,37.363936,126.34,0.234,4
-120.439999,37.363936,126.65,0.234,4
-120.439697,37.363936,126.83,0.232,4
-120.439395,37.363936,126.84,0.231,4
-120.439093,37.363936,126.63,0.232,4
-120.43879,37.363936,126.3,0.233,4
-120.438488,37.363936,126.1,0.232,4
-120.438186,37.363936,126.01,0.23,4
-120.437884,37.363936,125.65,0.227,4
-120.437581,37.363936,125.57,0.229,4
-120.437279,37.363936,125.55,0.23,4
-120.436977,37.363936,125.56,0.23,4
-120.436674,37.363936,125.59,0.231,4
-120.436372,37.363936,125.65,0.23,4
-120.43607,37.363936,125.72,0.228,4
-120.435768,37.363936,125.77,0.228,4
-120.435465,37.363936,125.8,0.231,4
-120.435163,37.363936,125.82,0.233,4
-120.434861,37.363936,125.87,0.239,4
-120.434559,37.363936,125.87,0.239,4
-120.434256,37.363936,125.84,0.234,4
-120.433954,37.363936,125.78,0.23,4
-120.433652,37.363936,125.68,0.23,4
-120.433349,37.363936,125.47,0.23,4
-120.433047,37.363936,125.19,0.23,4
-120.432745,37.363936,125.21,0.226,4
-120.432443,37.363936,124.3,0.221,4
-120.43214,37.363936,123.17,0.243,4
-120.431838,37.363936,121.93,0.22,4
-120.431536,37.363936,120.7,0.219,4
-120.431234,37.363936,119.34,0.248,4
-120.430931,37.363936,117.76,0.304,4
-120.430629,37.363936,116.26,0.324,4
-120.430327,37.363936,115.32,0.253,4
-120.430024,37.363936,115.05,0.306,4
-120.429722,37.363936,114.86,0.238,4
-120.42942,37.363936,115.26,0.177,4
-120.429118,37.363936,115.61,0.268,4
-120.428815,37.363936,116.02,0.248,4
-120.428513,37.363936,116.59,0.224,4
-120.428211,37.363936,117.01,0.27,4
-120.427909,37.363936,116.89,0.302,4
-120.427606,37.363936,115.94,0.264,4
-120.427304,37.363936,113.81,0.303,4
-120.427002,37.363936,111.61,0.476,4
-120.426699,37.363936,110.11,0.638,4
-120.426397,37.363936,109.04,0.62,4
-120.426095,37.363936,108.18,0.547,4
-120.425793,37.363936,107.66,0.43,4
-120.42549,37.363936,108.01,0.386,4
-120.425188,37.363936,109.53,0.348,4
-120.424886,37.363936,111.7,0.208,4
-120.424584,37.363936,113.27,0.139,4
-120.424281,37.363936,113.6,0.127,4
-120.423979,37.363936,113.62,0.1,4
-120.423677,37.363936,113.75,0.095,4
-120.423374,37.363936,114.32,0.086,4
-120.423072,37.363936,116.04,0.11,4
-120.42277,37.363936,117.64,0.143,4
-120.422468,37.363936,118.7,0.159,4
-120.422165,37.363936,119.58,0.167,4
-120.421863,37.363936,119.98,0.182,4
-120.421561,37.363936,119.56,0.211,4
-120.421259,37.363936,118.95,0.228,4
-120.420956,37.363936,117.71,0.255,4
-120.420654,37.363936,116.77,0.398,4
-120.420352,37.363936,115.84,0.467,4
-120.420049,37.363936,115.27,0.367,4
-120.419747,37.363936,115.58,0.229,4
-120.419445,37.363936,117.01,0.184,4
-120.419143,37.363936,119.11,0.203,4
-120.41884,37.363936,120.61,0.21,4
-120.418538,37.363936,121.13,0.222,4
-120.418236,37.363936,120.9,0.227,4
-120.417934,37.363936,121.01,0.228,4
-120.417631,37.363936,121.07,0.224,4
-120.417329,37.363936,121.02,0.219,4
-120.417027,37.363936,120.87,0.223,4
-120.416724,37.363936,120.71,0.235,4
-120.416422,37.363936,120.7,0.241,4
-120.41612,37.363936,120.91,0.235,4
-120.415818,37.363936,121,0.235,4
-120.415515,37.363936,121.32,0.232,4
-120.415213,37.363936,121.53,0.239,4
-120.414911,37.363936,121.65,0.243,4
-120.414609,37.363936,121.87,0.239,4
-120.414306,37.363936,122.22,0.224,4
-120.414004,37.363936,122.7,0.213,4
-120.413702,37.363936,123.13,0.218,4
-120.413399,37.363936,123.11,0.226,4
-120.413097,37.363936,122.96,0.233,4
-120.412795,37.363936,122.69,0.249,4
-120.412493,37.363936,122.35,0.249,4
-120.41219,37.363936,122.01,0.247,4
-120.440302,37.363634,126.96,0.239,4
-120.439999,37.363634,127.21,0.236,4
-120.439697,37.363634,127.38,0.233,4
-120.439395,37.363634,127.33,0.233,4
-120.439093,37.363634,127.07,0.233,4
-120.43879,37.363634,126.72,0.235,4
-120.438488,37.363634,126.54,0.237,4
-120.438186,37.363634,126.45,0.235,4
-120.437884,37.363634,126.01,0.228,4
-120.437581,37.363634,125.89,0.226,4
-120.437279,37.363634,125.83,0.227,4
-120.436977,37.363634,125.78,0.229,4
-120.436674,37.363634,125.76,0.228,4
-120.436372,37.363634,125.75,0.227,4
-120.43607,37.363634,125.74,0.228,4
-120.435768,37.363634,125.71,0.228,4
-120.435465,37.363634,125.68,0.231,4
-120.435163,37.363634,125.65,0.235,4
-120.434861,37.363634,125.7,0.233,4
-120.434559,37.363634,125.64,0.234,4
-120.434256,37.363634,125.52,0.232,4
-120.433954,37.363634,125.33,0.232,4
-120.433652,37.363634,125.09,0.233,4
-120.433349,37.363634,124.8,0.235,4
-120.433047,37.363634,124.51,0.231,4
-120.432745,37.363634,124.65,0.225,4
-120.432443,37.363634,123.65,0.221,4
-120.43214,37.363634,122.43,0.304,4
-120.431838,37.363634,121.09,0.3,4
-120.431536,37.363634,119.69,0.313,4
-120.431234,37.363634,118.11,0.36,4
-120.430931,37.363634,116.27,0.385,4
-120.430629,37.363634,114.55,0.32,4
-120.430327,37.363634,113.54,0.203,4
-120.430024,37.363634,113.28,0.214,4
-120.429722,37.363634,113.2,0.202,4
-120.42942,37.363634,113.78,0.224,4
-120.429118,37.363634,114.4,0.347,4
-120.428815,37.363634,115.08,0.355,4
-120.428513,37.363634,115.86,0.286,4
-120.428211,37.363634,116.37,0.285,4
-120.427909,37.363634,116.22,0.379,4
-120.427606,37.363634,115.11,0.435,4
-120.427304,37.363634,112.82,0.362,4
-120.427002,37.363634,110.36,0.404,4
-120.426699,37.363634,108.97,0.472,4
-120.426397,37.363634,107.91,0.318,4
-120.426095,37.363634,105.47,0.065,4
-120.425793,37.363634,104.52,-0.031,4
-120.42549,37.363634,106.47,0.028,4
-120.425188,37.363634,109.72,0.148,4
-120.424886,37.363634,112.2,0.216,4
-120.424584,37.363634,113.71,0.164,4
-120.424281,37.363634,113.54,0.059,4
-120.423979,37.363634,112.74,0.061,4
-120.423677,37.363634,112.25,0.05,4
-120.423374,37.363634,112.74,0.037,4
-120.423072,37.363634,114.65,0.061,4
-120.42277,37.363634,116.58,0.105,4
-120.422468,37.363634,117.92,0.144,4
-120.422165,37.363634,118.83,0.164,4
-120.421863,37.363634,119.25,0.169,4
-120.421561,37.363634,118.99,0.172,4
-120.421259,37.363634,118.49,0.175,4
-120.420956,37.363634,117.3,0.225,4
-120.420654,37.363634,116.17,0.482,4
-120.420352,37.363634,115.09,0.549,4
-120.420049,37.363634,114.54,0.395,4
-120.419747,37.363634,115.13,0.249,4
-120.419445,37.363634,117.06,0.223,4
-120.419143,37.363634,119.48,0.224,4
-120.41884,37.363634,120.78,0.22,4
-120.418538,37.363634,121.1,0.226,4
-120.418236,37.363634,121.12,0.23,4
-120.417934,37.363634,121.23,0.228,4
-120.417631,37.363634,121.23,0.226,4
-120.417329,37.363634,121.16,0.222,4
-120.417027,37.363634,121.05,0.225,4
-120.416724,37.363634,121.01,0.232,4
-120.416422,37.363634,121.19,0.235,4
-120.41612,37.363634,121.61,0.238,4
-120.415818,37.363634,122.05,0.253,4
-120.415515,37.363634,122.83,0.236,4
-120.415213,37.363634,123.34,0.237,4
-120.414911,37.363634,123.64,0.245,4
-120.414609,37.363634,123.9,0.254,4
-120.414306,37.363634,124.15,0.25,4
-120.414004,37.363634,124.56,0.242,4
-120.413702,37.363634,124.98,0.249,4
-120.413399,37.363634,124.9,0.262,4
-120.413097,37.363634,124.62,0.263,4
-120.412795,37.363634,124.03,0.268,4
-120.412493,37.363634,123.27,0.266,4
-120.41219,37.363634,122.41,0.269,4
-120.440302,37.363332,127.31,0.241,4
-120.439999,37.363332,127.66,0.24,4
-120.439697,37.363332,127.78,0.236,4
-120.439395,37.363332,127.69,0.234,4
-120.439093,37.363332,127.43,0.234,4
-120.43879,37.363332,127.12,0.232,4
-120.438488,37.363332,126.99,0.232,4
-120.438186,37.363332,126.9,0.233,4
-120.437884,37.363332,126.45,0.229,4
-120.437581,37.363332,126.32,0.229,4
-120.437279,37.363332,126.21,0.228,4
-120.436977,37.363332,126.13,0.226,4
-120.436674,37.363332,126.07,0.225,4
-120.436372,37.363332,126.01,0.228,4
-120.43607,37.363332,125.95,0.231,4
-120.435768,37.363332,125.87,0.23,4
-120.435465,37.363332,125.79,0.23,4
-120.435163,37.363332,125.7,0.23,4
-120.434861,37.363332,125.7,0.23,4
-120.434559,37.363332,125.58,0.233,4
-120.434256,37.363332,125.41,0.236,4
-120.433954,37.363332,125.12,0.238,4
-120.433652,37.363332,124.77,0.239,4
-120.433349,37.363332,124.34,0.238,4
-120.433047,37.363332,123.99,0.232,4
-120.432745,37.363332,124.04,0.222,4
-120.432443,37.363332,123.03,0.211,4
-120.43214,37.363332,121.77,0.344,4
-120.431838,37.363332,120.39,0.424,4
-120.431536,37.363332,118.91,0.427,4
-120.431234,37.363332,117.21,0.43,4
-120.430931,37.363332,115.29,0.461,4
-120.430629,37.363332,113.52,0.442,4
-120.430327,37.363332,112.39,0.357,4
-120.430024,37.363332,111.93,0.354,4
-120.429722,37.363332,111.78,0.325,4
-120.42942,37.363332,112.39,0.358,4
-120.429118,37.363332,113.2,0.408,4
-120.428815,37.363332,114.09,0.449,4
-120.428513,37.363332,114.99,0.465,4
-120.428211,37.363332,115.53,0.428,4
-120.427909,37.363332,115.44,0.359,4
-120.427606,37.363332,114.48,0.304,4
-120.427304,37.363332,112.26,0.234,4
-120.427002,37.363332,108.66,-0.058,4
-120.426699,37.363332,107.5,-0.045,4
-120.426397,37.363332,106.56,-0.245,4
-120.426095,37.363332,105.87,-0.246,4
-120.425793,37.363332,107.14,-0.061,4
-120.42549,37.363332,109.03,0.038,4
-120.425188,37.363332,111.09,0.059,4
-120.424886,37.363332,113.15,0.108,4
-120.424584,37.363332,114.14,0.133,4
-120.424281,37.363332,113.54,0.104,4
-120.423979,37.363332,112.22,0.085,4
-120.423677,37.363332,111.24,0.003,4
-120.423374,37.363332,111.67,0.014,4
-120.423072,37.363332,113.57,0.034,4
-120.42277,37.363332,115.5,0.062,4
-120.422468,37.363332,116.91,0.098,4
-120.422165,37.363332,117.83,0.131,4
-120.421863,37.363332,118.3,0.15,4
-120.421561,37.363332,118.41,0.159,4
-120.421259,37.363332,118.24,0.149,4
-120.420956,37.363332,117.04,0.215,4
-120.420654,37.363332,115.77,0.478,4
-120.420352,37.363332,114.63,0.429,4
-120.420049,37.363332,114.24,0.301,4
-120.419747,37.363332,115.24,0.236,4
-120.419445,37.363332,117.56,0.227,4
-120.419143,37.363332,120.01,0.226,4
-120.41884,37.363332,121.06,0.225,4
-120.418538,37.363332,121.23,0.231,4
-120.418236,37.363332,121.24,0.233,4
-120.417934,37.363332,121.38,0.227,4
-120.417631,37.363332,121.41,0.228,4
-120.417329,37.363332,121.39,0.229,4
-120.417027,37.363332,121.36,0.23,4
-120.416724,37.363332,121.41,0.232,4
-120.416422,37.363332,121.7,0.234,4
-120.41612,37.363332,122.32,0.241,4
-120.415818,37.363332,123.04,0.249,4
-120.415515,37.363332,123.96,0.241,4
-120.415213,37.363332,124.52,0.224,4
-120.414911,37.363332,124.93,0.221,4
-120.414609,37.363332,125.34,0.233,4
-120.414306,37.363332,125.74,0.238,4
-120.414004,37.363332,126.36,0.239,4
-120.413702,37.363332,127.01,0.249,4
-120.413399,37.363332,127.2,0.262,4
-120.413097,37.363332,127.19,0.26,4
-120.412795,37.363332,126.66,0.249,4
-120.412493,37.363332,125.57,0.256,4
-120.439999,37.36303,128,0.241,4
-120.439697,37.36303,127.98,0.236,4
-120.439395,37.36303,127.9,0.234,4
-120.439093,37.36303,127.68,0.234,4
-120.43879,37.36303,127.43,0.232,4
-120.438488,37.36303,127.37,0.23,4
-120.438186,37.36303,127.31,0.233,4
-120.437884,37.36303,127,0.231,4
-120.437581,37.36303,126.87,0.23,4
-120.437279,37.36303,126.71,0.229,4
-120.436977,37.36303,126.56,0.228,4
-120.436674,37.36303,126.43,0.23,4
-120.436372,37.36303,126.32,0.232,4
-120.43607,37.36303,126.21,0.233,4
-120.435768,37.36303,126.07,0.233,4
-120.435465,37.36303,125.93,0.23,4
-120.435163,37.36303,125.78,0.231,4
-120.434861,37.36303,125.76,0.236,4
-120.434559,37.36303,125.66,0.238,4
-120.434256,37.36303,125.45,0.242,4
-120.433954,37.36303,125.03,0.243,4
-120.433652,37.36303,124.52,0.243,4
-120.433349,37.36303,123.99,0.241,4
-120.433047,37.36303,123.55,0.234,4
-120.432745,37.36303,123.42,0.224,4
-120.432443,37.36303,122.48,0.227,4
-120.43214,37.36303,121.3,0.371,4
-120.431838,37.36303,119.95,0.352,4
-120.431536,37.36303,118.4,0.27,4
-120.431234,37.36303,116.61,0.253,4
-120.430931,37.36303,114.66,0.41,4
-120.430629,37.36303,112.9,0.598,4
-120.430327,37.36303,111.66,0.655,4
-120.430024,37.36303,110.98,0.653,4
-120.429722,37.36303,110.86,0.625,4
-120.42942,37.36303,111.31,0.613,4
-120.429118,37.36303,112.15,0.576,4
-120.428815,37.36303,112.36,0.602,4
-120.428513,37.36303,113.09,0.631,4
-120.428211,37.36303,113.87,0.525,4
-120.427909,37.36303,114.38,0.337,4
-120.427606,37.36303,114.25,0.227,4
-120.427304,37.36303,113.12,0.235,4
-120.427002,37.36303,112.08,0.238,4
-120.426699,37.36303,111.28,0.233,4
-120.426397,37.36303,110.62,0.157,4
-120.426095,37.36303,110.31,0.078,4
-120.425793,37.36303,110.54,0.056,4
-120.42549,37.36303,111.47,0.076,4
-120.425188,37.36303,112.9,0.091,4
-120.424886,37.36303,114.18,0.092,4
-120.424584,37.36303,114.64,0.104,4
-120.424281,37.36303,114.16,0.122,4
-120.423979,37.36303,113.18,0.118,4
-120.423677,37.36303,112.39,0.053,4
-120.423374,37.36303,112.71,0.005,4
-120.423072,37.36303,114.23,0.006,4
-120.42277,37.36303,115.43,0.021,4
-120.422468,37.36303,116.47,0.056,4
-120.422165,37.36303,117.26,0.099,4
-120.421863,37.36303,117.53,0.128,4
-120.421561,37.36303,117.85,0.152,4
-120.421259,37.36303,117.89,0.152,4
-120.420956,37.36303,116.68,0.271,4
-120.420654,37.36303,115.26,0.511,4
-120.420352,37.36303,114.15,0.36,4
-120.420049,37.36303,113.95,0.256,4
-120.419747,37.36303,115.32,0.233,4
-120.419445,37.36303,117.83,0.227,4
-120.419143,37.36303,119.89,0.225,4
-120.41884,37.36303,120.36,0.229,4
-120.418538,37.36303,120.49,0.237,4
-120.418236,37.36303,120.56,0.234,4
-120.417934,37.36303,120.65,0.235,4
-120.417631,37.36303,120.71,0.243,4
-120.417329,37.36303,120.77,0.244,4
-120.417027,37.36303,120.86,0.239,4
-120.416724,37.36303,121,0.239,4
-120.416422,37.36303,121.42,0.245,4
-120.41612,37.36303,122.32,0.25,4
-120.415818,37.36303,123.54,0.247,4
-120.415515,37.36303,124.46,0.233,4
-120.415213,37.36303,124.96,0.205,4
-120.414911,37.36303,125.44,0.21,4
-120.414609,37.36303,125.91,0.213,4
-120.414306,37.36303,126.39,0.215,4
-120.414004,37.36303,127.02,0.222,4
-120.413702,37.36303,127.69,0.237,4
-120.413399,37.36303,128.19,0.251,4
-120.413097,37.36303,128.52,0.25,4
-120.412795,37.36303,128.33,0.244,4
-120.412493,37.36303,127.28,0.258,4
-120.439697,37.362727,127.82,0.23,4
-120.439395,37.362727,127.8,0.233,4
-120.439093,37.362727,127.67,0.235,4
-120.43879,37.362727,127.52,0.234,4
-120.438488,37.362727,127.54,0.232,4
-120.438186,37.362727,127.58,0.235,4
-120.437884,37.362727,127.76,0.231,4
-120.437581,37.362727,127.68,0.227,4
-120.437279,37.362727,127.5,0.228,4
-120.436977,37.362727,127.29,0.231,4
-120.436674,37.362727,127.1,0.231,4
-120.436372,37.362727,126.97,0.228,4
-120.43607,37.362727,126.81,0.225,4
-120.435768,37.362727,126.59,0.225,4
-120.435465,37.362727,126.4,0.228,4
-120.435163,37.362727,126.2,0.236,4
-120.434861,37.362727,125.9,0.245,4
-120.434559,37.362727,125.7,0.242,4
-120.434256,37.362727,125.43,0.243,4
-120.433954,37.362727,124.91,0.244,4
-120.433652,37.362727,124.31,0.244,4
-120.433349,37.362727,123.71,0.239,4
-120.433047,37.362727,123.28,0.23,4
-120.432745,37.362727,123.15,0.227,4
-120.432443,37.362727,122.38,0.231,4
-120.43214,37.362727,121.4,0.308,4
-120.431838,37.362727,120.2,0.241,4
-120.431536,37.362727,118.62,0.124,4
-120.431234,37.362727,116.73,0.154,4
-120.430931,37.362727,114.73,0.404,4
-120.430629,37.362727,112.97,0.651,4
-120.430327,37.362727,111.63,0.721,4
-120.430024,37.362727,110.79,0.704,4
-120.429722,37.362727,110.68,0.668,4
-120.42942,37.362727,110.82,0.659,4
-120.429118,37.362727,111.47,0.658,4
-120.428815,37.362727,110.49,0.665,4
-120.428513,37.362727,110.88,0.651,4
-120.428211,37.362727,112.01,0.537,4
-120.427909,37.362727,113.55,0.352,4
-120.427606,37.362727,114.64,0.215,4
-120.427304,37.362727,114.36,0.188,4
-120.427002,37.362727,113.88,0.198,4
-120.426699,37.362727,113.24,0.203,4
-120.426397,37.362727,112.69,0.146,4
-120.426095,37.362727,112.54,0.089,4
-120.425793,37.362727,113.22,0.075,4
-120.42549,37.362727,114.13,0.096,4
-120.425188,37.362727,115.08,0.174,4
-120.424886,37.362727,115.76,0.268,4
-120.424584,37.362727,115.94,0.3,4
-120.424281,37.362727,115.98,0.255,4
-120.423979,37.362727,115.49,0.218,4
-120.423677,37.362727,115.26,0.151,4
-120.423374,37.362727,115.57,0.055,4
-120.423072,37.362727,115.93,0.008,4
-120.42277,37.362727,116.17,0.048,4
-120.422468,37.362727,117.02,0.101,4
-120.422165,37.362727,117.92,0.135,4
-120.421863,37.362727,118.2,0.149,4
-120.421561,37.362727,118.35,0.142,4
-120.421259,37.362727,118.22,0.165,4
-120.420956,37.362727,116.68,0.294,4
-120.420654,37.362727,115.05,0.471,4
-120.420352,37.362727,114.06,0.332,4
-120.420049,37.362727,114.24,0.251,4
-120.419747,37.362727,115.94,0.232,4
-120.419445,37.362727,118.36,0.225,4
-120.419143,37.362727,119.86,0.222,4
-120.41884,37.362727,119.81,0.228,4
-120.418538,37.362727,119.92,0.234,4
-120.418236,37.362727,119.99,0.236,4
-120.417934,37.362727,119.99,0.248,4
-120.417631,37.362727,119.98,0.26,4
-120.417329,37.362727,120.02,0.252,4
-120.417027,37.362727,120.11,0.245,4
-120.416724,37.362727,120.28,0.253,4
-120.416422,37.362727,120.75,0.262,4
-120.41612,37.362727,121.86,0.258,4
-120.415818,37.362727,123.57,0.256,4
-120.415515,37.362727,124.37,0.244,4
-120.415213,37.362727,124.81,0.212,4
-120.414911,37.362727,125.42,0.212,4
-120.414609,37.362727,125.9,0.211,4
-120.414306,37.362727,126.39,0.206,4
-120.414004,37.362727,126.6,0.209,4
-120.413702,37.362727,126.78,0.232,4
-120.413399,37.362727,127.26,0.262,4
-120.413097,37.362727,127.76,0.269,4
-120.412795,37.362727,128.39,0.263,4
-120.412493,37.362727,127.43,0.265,4
-120.439395,37.362425,127.68,0.236,4
-120.439093,37.362425,127.61,0.237,4
-120.43879,37.362425,127.58,0.234,4
-120.438488,37.362425,127.66,0.233,4
-120.438186,37.362425,127.77,0.236,4
-120.437884,37.362425,127.99,0.23,4
-120.437581,37.362425,127.93,0.228,4
-120.437279,37.362425,127.77,0.226,4
-120.436977,37.362425,127.55,0.228,4
-120.436674,37.362425,127.35,0.224,4
-120.436372,37.362425,127.19,0.217,4
-120.43607,37.362425,127.03,0.214,4
-120.435768,37.362425,126.82,0.215,4
-120.435465,37.362425,126.64,0.218,4
-120.435163,37.362425,126.41,0.226,4
-120.434861,37.362425,125.99,0.235,4
-120.434559,37.362425,125.69,0.239,4
-120.434256,37.362425,125.36,0.245,4
-120.433954,37.362425,124.76,0.247,4
-120.433652,37.362425,124.07,0.243,4
-120.433349,37.362425,123.43,0.234,4
-120.433047,37.362425,123.07,0.226,4
-120.432745,37.362425,123.06,0.222,4
-120.432443,37.362425,122.54,0.233,4
-120.43214,37.362425,121.87,0.316,4
-120.431838,37.362425,120.92,0.259,4
-120.431536,37.362425,119.42,0.109,4
-120.431234,37.362425,117.55,0.145,4
-120.430931,37.362425,115.6,0.391,4
-120.430629,37.362425,113.9,0.635,4
-120.430327,37.362425,112.53,0.725,4
-120.430024,37.362425,111.53,0.702,4
-120.429722,37.362425,111.21,0.661,4
-120.42942,37.362425,111.11,0.648,4
-120.429118,37.362425,111.46,0.66,4
-120.428815,37.362425,110.17,0.66,4
-120.428513,37.362425,110.44,0.65,4
-120.428211,37.362425,111.63,0.551,4
-120.427909,37.362425,113.6,0.336,4
-120.427606,37.362425,115.24,0.168,4
-120.427304,37.362425,115.53,0.149,4
-120.427002,37.362425,115.38,0.114,4
-120.426699,37.362425,114.82,0.092,4
-120.426397,37.362425,114.28,0.072,4
-120.426095,37.362425,114.16,0.066,4
-120.425793,37.362425,114.67,0.091,4
-120.42549,37.362425,115.3,0.103,4
-120.425188,37.362425,115.97,0.248,4
-120.424886,37.362425,116.48,0.439,4
-120.424584,37.362425,116.83,0.5,4
-120.424281,37.362425,117.35,0.422,4
-120.423979,37.362425,117.71,0.266,4
-120.423677,37.362425,117.68,0.178,4
-120.423374,37.362425,118.04,0.132,4
-120.423072,37.362425,118.35,0.116,4
-120.42277,37.362425,118.56,0.12,4
-120.422468,37.362425,119.2,0.134,4
-120.422165,37.362425,119.68,0.154,4
-120.421863,37.362425,119.64,0.168,4
-120.421561,37.362425,119.48,0.165,4
-120.421259,37.362425,118.89,0.185,4
-120.420956,37.362425,116.84,0.246,4
-120.420654,37.362425,115.01,0.401,4
-120.420352,37.362425,114.22,0.298,4
-120.420049,37.362425,114.85,0.244,4
-120.419747,37.362425,116.8,0.231,4
-120.419445,37.362425,119.03,0.225,4
-120.419143,37.362425,120.07,0.223,4
-120.41884,37.362425,119.77,0.228,4
-120.418538,37.362425,119.9,0.235,4
-120.418236,37.362425,119.97,0.245,4
-120.417934,37.362425,119.99,0.254,4
-120.417631,37.362425,119.95,0.267,4
-120.417329,37.362425,119.96,0.252,4
-120.417027,37.362425,120.06,0.249,4
-120.416724,37.362425,120.3,0.264,4
-120.416422,37.362425,120.82,0.268,4
-120.41612,37.362425,121.91,0.255,4
-120.415818,37.362425,123.44,0.254,4
-120.415515,37.362425,124.13,0.257,4
-120.415213,37.362425,124.6,0.232,4
-120.414911,37.362425,125.24,0.223,4
-120.414609,37.362425,125.72,0.212,4
-120.414306,37.362425,126.21,0.206,4
-120.414004,37.362425,126.36,0.213,4
-120.413702,37.362425,126.53,0.242,4
-120.413399,37.362425,126.95,0.276,4
-120.413097,37.362425,127.39,0.282,4
-120.412795,37.362425,127.99,0.274,4
-120.43879,37.362123,127.49,0.233,4
-120.438488,37.362123,127.58,0.233,4
-120.438186,37.362123,127.67,0.232,4
-120.437884,37.362123,127.87,0.23,4
-120.437581,37.362123,127.84,0.227,4
-120.437279,37.362123,127.73,0.225,4
-120.436977,37.362123,127.55,0.225,4
-120.436674,37.362123,127.33,0.222,4
-120.436372,37.362123,127.14,0.218,4
-120.43607,37.362123,126.95,0.216,4
-120.435768,37.362123,126.75,0.215,4
-120.435465,37.362123,126.57,0.214,4
-120.435163,37.362123,126.32,0.22,4
-120.434861,37.362123,125.89,0.232,4
-120.434559,37.362123,125.57,0.236,4
-120.434256,37.362123,125.17,0.241,4
-120.433954,37.362123,124.5,0.241,4
-120.433652,37.362123,123.79,0.233,4
-120.433349,37.362123,123.16,0.231,4
-120.433047,37.362123,122.87,0.234,4
-120.432745,37.362123,122.96,0.229,4
-120.432443,37.362123,122.62,0.232,4
-120.43214,37.362123,122.19,0.286,4
-120.431838,37.362123,121.45,0.203,4
-120.431536,37.362123,120.13,0.09,4
-120.431234,37.362123,118.45,0.132,4
-120.430931,37.362123,116.78,0.377,4
-120.430629,37.362123,115.28,0.596,4
-120.430327,37.362123,114,0.654,4
-120.430024,37.362123,113.06,0.602,4
-120.429722,37.362123,112.71,0.508,4
-120.42942,37.362123,112.52,0.529,4
-120.429118,37.362123,112.61,0.566,4
-120.428815,37.362123,111.26,0.524,4
-120.428513,37.362123,111.44,0.485,4
-120.428211,37.362123,112.44,0.359,4
-120.427909,37.362123,114.21,0.211,4
-120.427606,37.362123,115.76,0.142,4
-120.427304,37.362123,116.25,0.137,4
-120.427002,37.362123,116.26,0.086,4
-120.426699,37.362123,115.89,0.072,4
-120.426397,37.362123,115.49,0.044,4
-120.426095,37.362123,115.43,0.124,4
-120.425793,37.362123,115.95,0.348,4
-120.42549,37.362123,116.37,0.286,4
-120.425188,37.362123,116.86,0.291,4
-120.424886,37.362123,117.34,0.371,4
-120.424584,37.362123,117.82,0.386,4
-120.424281,37.362123,118.52,0.362,4
-120.423979,37.362123,119.14,0.27,4
-120.423677,37.362123,119.38,0.181,4
-120.423374,37.362123,119.89,0.14,4
-120.423072,37.362123,120.52,0.158,4
-120.42277,37.362123,121.05,0.155,4
-120.422468,37.362123,121.28,0.16,4
-120.422165,37.362123,121.18,0.159,4
-120.421863,37.362123,120.88,0.153,4
-120.421561,37.362123,120.39,0.157,4
-120.421259,37.362123,119.3,0.156,4
-120.420956,37.362123,116.88,0.173,4
-120.420654,37.362123,114.97,0.428,4
-120.420352,37.362123,114.47,0.294,4
-120.420049,37.362123,115.45,0.237,4
-120.419747,37.362123,117.5,0.229,4
-120.419445,37.362123,119.45,0.226,4
-120.419143,37.362123,120.07,0.224,4
-120.41884,37.362123,119.64,0.23,4
-120.418538,37.362123,119.78,0.236,4
-120.418236,37.362123,119.86,0.246,4
-120.417934,37.362123,119.86,0.258,4
-120.417631,37.362123,119.84,0.265,4
-120.417329,37.362123,119.85,0.253,4
-120.417027,37.362123,119.94,0.252,4
-120.416724,37.362123,120.18,0.26,4
-120.416422,37.362123,120.66,0.258,4
-120.41612,37.362123,121.62,0.245,4
-120.415818,37.362123,122.95,0.242,4
-120.415515,37.362123,123.59,0.245,4
-120.415213,37.362123,124.13,0.228,4
-120.414911,37.362123,124.84,0.218,4
-120.414609,37.362123,125.36,0.209,4
-120.414306,37.362123,125.85,0.202,4
-120.414004,37.362123,125.96,0.21,4
-120.413702,37.362123,126.1,0.239,4
-120.413399,37.362123,126.44,0.269,4
-120.413097,37.362123,126.73,0.278,4
-120.412795,37.362123,127.17,0.275,4
-120.439093,37.361821,127.15,0.231,4
-120.43879,37.361821,127.19,0.232,4
-120.438488,37.361821,127.26,0.233,4
-120.438186,37.361821,127.32,0.23,4
-120.437884,37.361821,127.49,0.223,4
-120.437581,37.361821,127.52,0.222,4
-120.437279,37.361821,127.47,0.225,4
-120.436977,37.361821,127.28,0.224,4
-120.436674,37.361821,126.94,0.225,4
-120.436372,37.361821,126.58,0.226,4
-120.43607,37.361821,126.24,0.225,4
-120.435768,37.361821,125.95,0.222,4
-120.435465,37.361821,125.71,0.219,4
-120.435163,37.361821,125.44,0.224,4
-120.434861,37.361821,125.04,0.227,4
-120.434559,37.361821,124.79,0.234,4
-120.434256,37.361821,124.48,0.239,4
-120.433954,37.361821,123.9,0.237,4
-120.433652,37.361821,123.31,0.225,4
-120.433349,37.361821,122.81,0.231,4
-120.433047,37.361821,122.66,0.244,4
-120.432745,37.361821,122.79,0.235,4
-120.432443,37.361821,122.51,0.235,4
-120.43214,37.361821,122.16,0.256,4
-120.431838,37.361821,121.52,0.154,4
-120.431536,37.361821,120.49,0.08,4
-120.431234,37.361821,119.28,0.18,4
-120.430931,37.361821,118.05,0.307,4
-120.430629,37.361821,116.91,0.403,4
-120.430327,37.361821,115.84,0.394,4
-120.430024,37.361821,115.03,0.324,4
-120.429722,37.361821,114.73,0.285,4
-120.42942,37.361821,114.45,0.142,4
-120.429118,37.361821,114.34,0.287,4
-120.428815,37.361821,113.24,0.205,4
-120.428513,37.361821,113.17,0.194,4
-120.428211,37.361821,113.53,0.171,4
-120.427909,37.361821,114.74,0.248,4
-120.427606,37.361821,115.89,0.433,4
-120.427304,37.361821,116.32,0.457,4
-120.427002,37.361821,116.47,0.192,4
-120.426699,37.361821,116.37,0.119,4
-120.426397,37.361821,116.27,0.049,4
-120.426095,37.361821,116.42,0.256,4
-120.425793,37.361821,117.05,0.518,4
-120.42549,37.361821,117.44,0.434,4
-120.425188,37.361821,117.89,0.365,4
-120.424886,37.361821,118.32,0.376,4
-120.424584,37.361821,118.82,0.382,4
-120.424281,37.361821,119.56,0.368,4
-120.423979,37.361821,120.23,0.318,4
-120.423677,37.361821,120.59,0.225,4
-120.423374,37.361821,121.23,0.17,4
-120.423072,37.361821,121.81,0.199,4
-120.42277,37.361821,122.46,0.189,4
-120.422468,37.361821,122.6,0.171,4
-120.422165,37.361821,122.26,0.148,4
-120.421863,37.361821,121.7,0.133,4
-120.421561,37.361821,120.89,0.144,4
-120.421259,37.361821,119.38,0.166,4
-120.420956,37.361821,116.86,0.203,4
-120.420654,37.361821,115.09,0.399,4
-120.420352,37.361821,114.92,0.27,4
-120.420049,37.361821,116.1,0.237,4
-120.419747,37.361821,118.08,0.232,4
-120.419445,37.361821,119.68,0.23,4
-120.419143,37.361821,119.92,0.231,4
-120.41884,37.361821,119.43,0.236,4
-120.418538,37.361821,119.53,0.242,4
-120.418236,37.361821,119.57,0.246,4
-120.417934,37.361821,119.55,0.247,4
-120.417631,37.361821,119.56,0.242,4
-120.417329,37.361821,119.58,0.242,4
-120.417027,37.361821,119.64,0.253,4
-120.416724,37.361821,119.86,0.256,4
-120.416422,37.361821,120.26,0.247,4
-120.41612,37.361821,121.11,0.242,4
-120.415818,37.361821,122.3,0.247,4
-120.415515,37.361821,122.91,0.243,4
-120.415213,37.361821,123.51,0.22,4
-120.414911,37.361821,124.27,0.216,4
-120.414609,37.361821,124.84,0.215,4
-120.414306,37.361821,125.37,0.205,4
-120.414004,37.361821,125.45,0.208,4
-120.413702,37.361821,125.56,0.235,4
-120.413399,37.361821,125.73,0.268,4
-120.413097,37.361821,125.85,0.284,4
-120.438488,37.361518,126.74,0.23,4
-120.438186,37.361518,126.83,0.224,4
-120.437884,37.361518,127.02,0.219,4
-120.437581,37.361518,127.07,0.221,4
-120.437279,37.361518,127.07,0.219,4
-120.436977,37.361518,126.84,0.221,4
-120.436674,37.361518,126.32,0.226,4
-120.436372,37.361518,125.68,0.228,4
-120.43607,37.361518,125.03,0.229,4
-120.435768,37.361518,124.47,0.228,4
-120.435465,37.361518,124.03,0.227,4
-120.435163,37.361518,123.59,0.229,4
-120.434861,37.361518,123.19,0.221,4
-120.434559,37.361518,123.01,0.223,4
-120.434256,37.361518,122.95,0.23,4
-120.433954,37.361518,122.71,0.23,4
-120.433652,37.361518,122.47,0.216,4
-120.433349,37.361518,122.26,0.221,4
-120.433047,37.361518,122.33,0.231,4
-120.432745,37.361518,122.54,0.226,4
-120.432443,37.361518,122.3,0.238,4
-120.43214,37.361518,122.01,0.273,4
-120.431838,37.361518,121.53,0.281,4
-120.431536,37.361518,120.88,0.19,4
-120.431234,37.361518,120.1,0.223,4
-120.430931,37.361518,119.31,0.283,4
-120.430629,37.361518,118.58,0.369,4
-120.430327,37.361518,117.89,0.305,4
-120.430024,37.361518,117.37,0.19,4
-120.429722,37.361518,117.13,0.252,4
-120.42942,37.361518,116.72,0.046,4
-120.429118,37.361518,116.4,0.185,4
-120.428815,37.361518,115.09,0.175,4
-120.428513,37.361518,114.76,0.184,4
-120.428211,37.361518,114.6,0.202,4
-120.427909,37.361518,115.38,0.288,4
-120.427606,37.361518,116.13,0.54,4
-120.427304,37.361518,116.33,0.713,4
-120.427002,37.361518,116.52,0.522,4
-120.426699,37.361518,116.71,0.219,4
-120.426397,37.361518,116.97,0.086,4
-120.426095,37.361518,117.37,0.161,4
-120.425793,37.361518,118.23,0.247,4
-120.42549,37.361518,118.73,0.304,4
-120.425188,37.361518,119.17,0.329,4
-120.424886,37.361518,119.53,0.353,4
-120.424584,37.361518,119.97,0.397,4
-120.424281,37.361518,120.63,0.407,4
-120.423979,37.361518,121.22,0.313,4
-120.423677,37.361518,121.53,0.219,4
-120.423374,37.361518,122.14,0.223,4
-120.423072,37.361518,122.75,0.257,4
-120.42277,37.361518,123.41,0.218,4
-120.422468,37.361518,123.42,0.172,4
-120.422165,37.361518,122.89,0.141,4
-120.421863,37.361518,122.14,0.131,4
-120.421561,37.361518,121.1,0.151,4
-120.421259,37.361518,119.38,0.199,4
-120.420956,37.361518,117.05,0.252,4
-120.420654,37.361518,115.61,0.283,4
-120.420352,37.361518,115.74,0.253,4
-120.420049,37.361518,116.91,0.246,4
-120.419747,37.361518,118.64,0.243,4
-120.419445,37.361518,119.83,0.239,4
-120.419143,37.361518,119.79,0.239,4
-120.41884,37.361518,119.28,0.247,4
-120.418538,37.361518,119.31,0.255,4
-120.418236,37.361518,119.29,0.249,4
-120.417934,37.361518,119.19,0.246,4
-120.417631,37.361518,119.14,0.238,4
-120.417329,37.361518,119.12,0.244,4
-120.417027,37.361518,119.13,0.258,4
-120.416724,37.361518,119.3,0.253,4
-120.416422,37.361518,119.63,0.244,4
-120.41612,37.361518,120.38,0.248,4
-120.415818,37.361518,121.44,0.256,4
-120.415515,37.361518,122.05,0.247,4
-120.415213,37.361518,122.69,0.232,4
-120.414911,37.361518,123.5,0.228,4
-120.414609,37.361518,124.11,0.217,4
-120.414306,37.361518,124.71,0.209,4
-120.414004,37.361518,124.79,0.208,4
-120.413702,37.361518,124.79,0.232,4
-120.413399,37.361518,124.73,0.26,4
-120.413097,37.361518,124.54,0.269,4
-120.438488,37.361216,126.16,0.211,4
-120.438186,37.361216,126.31,0.208,4
-120.437884,37.361216,126.56,0.207,4
-120.437581,37.361216,126.66,0.214,4
-120.437279,37.361216,126.67,0.209,4
-120.436977,37.361216,126.56,0.204,4
-120.436674,37.361216,125.94,0.218,4
-120.436372,37.361216,124.95,0.246,4
-120.43607,37.361216,123.86,0.243,4
-120.435768,37.361216,122.94,0.237,4
-120.435465,37.361216,122.21,0.27,4
-120.435163,37.361216,121.51,0.312,4
-120.434861,37.361216,120.87,0.314,4
-120.434559,37.361216,120.78,0.309,4
-120.434256,37.361216,121.03,0.281,4
-120.433954,37.361216,121.2,0.27,4
-120.433652,37.361216,121.39,0.218,4
-120.433349,37.361216,121.52,0.193,4
-120.433047,37.361216,121.85,0.192,4
-120.432745,37.361216,122.23,0.19,4
-120.432443,37.361216,122.14,0.203,4
-120.43214,37.361216,122,0.25,4
-120.431838,37.361216,121.75,0.385,4
-120.431536,37.361216,121.44,0.345,4
-120.431234,37.361216,121.03,0.3,4
-120.430931,37.361216,120.58,0.32,4
-120.430629,37.361216,120.19,0.317,4
-120.430327,37.361216,119.81,0.286,4
-120.430024,37.361216,119.55,0.274,4
-120.429722,37.361216,119.32,0.278,4
-120.42942,37.361216,118.66,0.246,4
-120.429118,37.361216,118.34,0.299,4
-120.428815,37.361216,116.78,0.362,4
-120.428513,37.361216,116.33,0.395,4
-120.428211,37.361216,116.1,0.361,4
-120.427909,37.361216,116.74,0.32,4
-120.427606,37.361216,117.17,0.378,4
-120.427304,37.361216,117.1,0.47,4
-120.427002,37.361216,117.17,0.429,4
-120.426699,37.361216,117.4,0.256,4
-120.426397,37.361216,117.85,0.186,4
-120.426095,37.361216,118.42,0.206,4
-120.425793,37.361216,119.47,0.224,4
-120.42549,37.361216,120.09,0.282,4
-120.425188,37.361216,120.59,0.254,4
-120.424886,37.361216,120.9,0.222,4
-120.424584,37.361216,121.27,0.239,4
-120.424281,37.361216,121.82,0.248,4
-120.423979,37.361216,122.24,0.188,4
-120.423677,37.361216,122.33,0.166,4
-120.423374,37.361216,122.73,0.168,4
-120.423072,37.361216,123.16,0.172,4
-120.42277,37.361216,123.66,0.155,4
-120.422468,37.361216,123.58,0.138,4
-120.422165,37.361216,123.04,0.124,4
-120.421863,37.361216,122.26,0.142,4
-120.421561,37.361216,121.15,0.193,4
-120.421259,37.361216,119.51,0.24,4
-120.420956,37.361216,117.66,0.261,4
-120.420654,37.361216,116.48,0.26,4
-120.420352,37.361216,116.83,0.265,4
-120.420049,37.361216,117.85,0.277,4
-120.419747,37.361216,119.2,0.279,4
-120.419445,37.361216,120.01,0.275,4
-120.419143,37.361216,119.74,0.275,4
-120.41884,37.361216,119.2,0.28,4
-120.418538,37.361216,119.18,0.285,4
-120.418236,37.361216,119.05,0.288,4
-120.417934,37.361216,118.78,0.302,4
-120.417631,37.361216,118.6,0.298,4
-120.417329,37.361216,118.5,0.305,4
-120.417027,37.361216,118.51,0.307,4
-120.416724,37.361216,118.7,0.286,4
-120.416422,37.361216,118.98,0.265,4
-120.41612,37.361216,119.57,0.272,4
-120.415818,37.361216,120.36,0.289,4
-120.415515,37.361216,120.84,0.276,4
-120.415213,37.361216,121.42,0.269,4
-120.414911,37.361216,122.21,0.263,4
-120.414609,37.361216,122.86,0.245,4
-120.414306,37.361216,123.53,0.235,4
-120.414004,37.361216,123.62,0.235,4
-120.413702,37.361216,123.58,0.242,4
-120.413399,37.361216,123.36,0.255,4
-120.413097,37.361216,123.07,0.265,4
-120.438186,37.360914,125.87,0.217,4
-120.437884,37.360914,126.31,0.233,4
-120.437581,37.360914,126.65,0.239,4
-120.437279,37.360914,126.85,0.231,4
-120.436977,37.360914,126.76,0.232,4
-120.436674,37.360914,125.93,0.27,4
-120.436372,37.360914,124.62,0.305,4
-120.43607,37.360914,123.1,0.299,4
-120.435768,37.360914,121.83,0.302,4
-120.435465,37.360914,120.91,0.384,4
-120.435163,37.360914,120.1,0.495,4
-120.434861,37.360914,119.59,0.462,4
-120.434559,37.360914,119.52,0.396,4
-120.434256,37.360914,119.99,0.414,4
-120.433954,37.360914,120.49,0.369,4
-120.433652,37.360914,120.94,0.258,4
-120.433349,37.360914,121.23,0.202,4
-120.433047,37.360914,121.6,0.194,4
-120.432745,37.360914,121.95,0.19,4
-120.432443,37.360914,122.04,0.21,4
-120.43214,37.360914,122.09,0.283,4
-120.431838,37.360914,122.09,0.297,4
-120.431536,37.360914,122.02,0.23,4
-120.431234,37.360914,121.87,0.186,4
-120.430931,37.360914,121.55,0.182,4
-120.430629,37.360914,121.34,0.193,4
-120.430327,37.360914,121.17,0.188,4
-120.430024,37.360914,120.99,0.168,4
-120.429722,37.360914,120.51,0.161,4
-120.42942,37.360914,119.4,0.187,4
-120.429118,37.360914,119.11,0.213,4
-120.428815,37.360914,118.65,0.204,4
-120.428513,37.360914,118.37,0.186,4
-120.428211,37.360914,118.09,0.186,4
-120.427909,37.360914,117.83,0.158,4
-120.427606,37.360914,117.49,0.138,4
-120.427304,37.360914,117.11,0.129,4
-120.427002,37.360914,116.84,0.118,4
-120.426699,37.360914,116.86,0.132,4
-120.426397,37.360914,117.19,0.167,4
-120.426095,37.360914,117.75,0.141,4
-120.425793,37.360914,118.76,0.114,4
-120.42549,37.360914,119.42,0.13,4
-120.425188,37.360914,120.04,0.139,4
-120.424886,37.360914,121.51,0.109,4
-120.424584,37.360914,122.72,0.092,4
-120.424281,37.360914,123.11,0.089,4
-120.423979,37.360914,123.32,0.082,4
-120.423677,37.360914,123.32,0.128,4
-120.423374,37.360914,123.32,0.112,4
-120.423072,37.360914,123.42,0.122,4
-120.42277,37.360914,123.48,0.145,4
-120.422468,37.360914,123.33,0.122,4
-120.422165,37.360914,122.95,0.115,4
-120.421863,37.360914,122.3,0.167,4
-120.421561,37.360914,121.2,0.231,4
-120.421259,37.360914,119.73,0.249,4
-120.420956,37.360914,118.33,0.248,4
-120.420654,37.360914,117.28,0.242,4
-120.420352,37.360914,117.84,0.255,4
-120.420049,37.360914,118.23,0.287,4
-120.419747,37.360914,119.15,0.298,4
-120.419445,37.360914,119.7,0.298,4
-120.419143,37.360914,119.59,0.293,4
-120.41884,37.360914,119.31,0.293,4
-120.418538,37.360914,119.21,0.305,4
-120.418236,37.360914,118.91,0.325,4
-120.417934,37.360914,118.39,0.348,4
-120.417631,37.360914,118.04,0.334,4
-120.417329,37.360914,117.91,0.337,4
-120.417027,37.360914,117.96,0.356,4
-120.416724,37.360914,118.21,0.346,4
-120.416422,37.360914,118.54,0.307,4
-120.41612,37.360914,118.76,0.283,4
-120.415818,37.360914,118.89,0.287,4
-120.415515,37.360914,119.13,0.289,4
-120.415213,37.360914,119.46,0.286,4
-120.414911,37.360914,119.83,0.278,4
-120.414609,37.360914,120.27,0.272,4
-120.414306,37.360914,120.78,0.263,4
-120.414004,37.360914,121.26,0.266,4
-120.413702,37.360914,121.47,0.27,4
-120.413399,37.360914,121.62,0.271,4
-120.437884,37.360611,126,0.231,4
-120.437581,37.360611,126.52,0.242,4
-120.437279,37.360611,126.92,0.239,4
-120.436977,37.360611,126.79,0.243,4
-120.436674,37.360611,125.75,0.27,4
-120.436372,37.360611,124.26,0.319,4
-120.43607,37.360611,122.69,0.309,4
-120.435768,37.360611,121.44,0.3,4
-120.435465,37.360611,120.55,0.381,4
-120.435163,37.360611,119.85,0.475,4
-120.434861,37.360611,119.57,0.396,4
-120.434559,37.360611,119.65,0.32,4
-120.434256,37.360611,120.31,0.399,4
-120.433954,37.360611,120.97,0.335,4
-120.433652,37.360611,121.39,0.254,4
-120.433349,37.360611,121.63,0.228,4
-120.433047,37.360611,121.87,0.222,4
-120.432745,37.360611,122.13,0.206,4
-120.432443,37.360611,122.29,0.21,4
-120.43214,37.360611,122.44,0.239,4
-120.431838,37.360611,122.57,0.142,4
-120.431536,37.360611,122.67,0.081,4
-120.431234,37.360611,122.67,0.067,4
-120.430931,37.360611,122.32,0.058,4
-120.430629,37.360611,122.09,0.058,4
-120.430327,37.360611,121.96,0.057,4
-120.430024,37.360611,121.61,0.056,4
-120.429722,37.360611,121.17,0.062,4
-120.42942,37.360611,121.11,0.069,4
-120.429118,37.360611,120.99,0.056,4
-120.428815,37.360611,120.56,0.059,4
-120.428513,37.360611,120.33,0.061,4
-120.428211,37.360611,120.13,0.057,4
-120.427909,37.360611,119.87,0.062,4
-120.427606,37.360611,119.43,0.051,4
-120.427304,37.360611,118.87,0.044,4
-120.427002,37.360611,118.37,0.057,4
-120.426699,37.360611,118.17,0.08,4
-120.426397,37.360611,118.35,0.093,4
-120.426095,37.360611,118.76,0.074,4
-120.425793,37.360611,119.65,0.052,4
-120.42549,37.360611,120.21,0.076,4
-120.425188,37.360611,120.72,0.104,4
-120.424886,37.360611,122.41,0.085,4
-120.424584,37.360611,123.65,0.077,4
-120.424281,37.360611,123.82,0.08,4
-120.423979,37.360611,123.77,0.069,4
-120.423677,37.360611,123.55,0.082,4
-120.423374,37.360611,123.29,0.079,4
-120.423072,37.360611,123.18,0.119,4
-120.42277,37.360611,123.02,0.17,4
-120.422468,37.360611,122.91,0.132,4
-120.422165,37.360611,122.71,0.116,4
-120.421863,37.360611,122.17,0.155,4
-120.421561,37.360611,121.11,0.21,4
-120.421259,37.360611,119.75,0.24,4
-120.420956,37.360611,118.57,0.238,4
-120.420654,37.360611,117.83,0.209,4
-120.420352,37.360611,118.64,0.238,4
-120.420049,37.360611,119.35,0.269,4
-120.419747,37.360611,119.34,0.283,4
-120.419445,37.360611,119.46,0.278,4
-120.419143,37.360611,119.56,0.273,4
-120.41884,37.360611,119.54,0.278,4
-120.418538,37.360611,119.37,0.289,4
-120.418236,37.360611,118.93,0.302,4
-120.417934,37.360611,118.18,0.318,4
-120.417631,37.360611,117.62,0.321,4
-120.417329,37.360611,117.55,0.332,4
-120.417027,37.360611,117.77,0.348,4
-120.416724,37.360611,118.14,0.348,4
-120.416422,37.360611,118.55,0.303,4
-120.41612,37.360611,118.76,0.269,4
-120.415818,37.360611,118.79,0.27,4
-120.415515,37.360611,118.87,0.272,4
-120.415213,37.360611,118.98,0.267,4
-120.414911,37.360611,119.12,0.269,4
-120.414609,37.360611,119.36,0.274,4
-120.414306,37.360611,119.63,0.271,4
-120.414004,37.360611,119.82,0.267,4
-120.413702,37.360611,119.79,0.267,4
-120.413399,37.360611,119.75,0.268,4
-120.437884,37.360309,125.69,0.237,4
-120.437581,37.360309,126.08,0.246,4
-120.437279,37.360309,126.51,0.242,4
-120.436977,37.360309,126.32,0.229,4
-120.436674,37.360309,125.21,0.222,4
-120.436372,37.360309,123.81,0.236,4
-120.43607,37.360309,122.49,0.256,4
-120.435768,37.360309,121.53,0.272,4
-120.435465,37.360309,120.9,0.324,4
-120.435163,37.360309,120.48,0.378,4
-120.434861,37.360309,120.48,0.317,4
-120.434559,37.360309,120.87,0.263,4
-120.434256,37.360309,121.74,0.263,4
-120.433954,37.360309,122.42,0.241,4
-120.433652,37.360309,122.69,0.233,4
-120.433349,37.360309,122.76,0.237,4
-120.433047,37.360309,122.88,0.23,4
-120.432745,37.360309,123.02,0.212,4
-120.432443,37.360309,123.1,0.198,4
-120.43214,37.360309,123.2,0.174,4
-120.431838,37.360309,123.33,0.091,4
-120.431536,37.360309,123.46,0.06,4
-120.431234,37.360309,123.5,0.052,4
-120.430931,37.360309,123.11,0.053,4
-120.430629,37.360309,122.85,0.056,4
-120.430327,37.360309,122.73,0.054,4
-120.430024,37.360309,122.44,0.052,4
-120.429722,37.360309,122.16,0.055,4
-120.42942,37.360309,122.23,0.061,4
-120.429118,37.360309,122.19,0.059,4
-120.428815,37.360309,121.84,0.061,4
-120.428513,37.360309,121.65,0.059,4
-120.428211,37.360309,121.44,0.059,4
-120.427909,37.360309,121.18,0.06,4
-120.427606,37.360309,120.7,0.054,4
-120.427304,37.360309,120.05,0.051,4
-120.427002,37.360309,119.5,0.06,4
-120.426699,37.360309,119.25,0.08,4
-120.426397,37.360309,119.31,0.095,4
-120.426095,37.360309,119.6,0.082,4
-120.425793,37.360309,120.36,0.067,4
-120.42549,37.360309,120.77,0.08,4
-120.425188,37.360309,121.25,0.102,4
-120.424886,37.360309,122.89,0.09,4
-120.424584,37.360309,123.99,0.079,4
-120.424281,37.360309,124.11,0.082,4
-120.423979,37.360309,123.95,0.083,4
-120.423677,37.360309,123.59,0.082,4
-120.423374,37.360309,123.21,0.083,4
-120.423072,37.360309,122.99,0.13,4
-120.42277,37.360309,122.78,0.166,4
-120.422468,37.360309,122.68,0.13,4
-120.422165,37.360309,122.55,0.118,4
-120.421863,37.360309,121.99,0.137,4
-120.421561,37.360309,120.89,0.187,4
-120.421259,37.360309,119.61,0.235,4
-120.420956,37.360309,118.64,0.233,4
-120.420654,37.360309,118.26,0.209,4
-120.420352,37.360309,119.33,0.239,4
-120.420049,37.360309,120.54,0.287,4
-120.419747,37.360309,119.92,0.282,4
-120.419445,37.360309,119.81,0.263,4
-120.419143,37.360309,119.77,0.26,4
-120.41884,37.360309,119.59,0.275,4
-120.418538,37.360309,119.28,0.289,4
-120.418236,37.360309,118.69,0.299,4
-120.417934,37.360309,117.86,0.325,4
-120.417631,37.360309,117.27,0.319,4
-120.417329,37.360309,117.22,0.343,4
-120.417027,37.360309,117.59,0.354,4
-120.416724,37.360309,118.11,0.343,4
-120.416422,37.360309,118.6,0.29,4
-120.41612,37.360309,118.78,0.259,4
-120.415818,37.360309,118.74,0.264,4
-120.415515,37.360309,118.72,0.27,4
-120.415213,37.360309,118.72,0.271,4
-120.414911,37.360309,118.72,0.275,4
-120.414609,37.360309,118.74,0.274,4
-120.414306,37.360309,118.73,0.267,4
-120.414004,37.360309,118.62,0.27,4
-120.413702,37.360309,118.56,0.272,4
-120.437581,37.360007,125.52,0.261,4
-120.437279,37.360007,125.55,0.257,4
-120.436977,37.360007,125.29,0.23,4
-120.436674,37.360007,124.29,0.232,4
-120.436372,37.360007,123.23,0.222,4
-120.43607,37.360007,122.4,0.249,4
-120.435768,37.360007,121.88,0.271,4
-120.435465,37.360007,121.58,0.307,4
-120.435163,37.360007,121.48,0.328,4
-120.434861,37.360007,121.77,0.248,4
-120.434559,37.360007,122.45,0.238,4
-120.434256,37.360007,123.46,0.253,4
-120.433954,37.360007,124.12,0.259,4
-120.433652,37.360007,124.27,0.258,4
-120.433349,37.360007,124.29,0.24,4
-120.433047,37.360007,123.97,0.224,4
-120.432745,37.360007,123.66,0.212,4
-120.432443,37.360007,123.61,0.192,4
-120.43214,37.360007,123.62,0.159,4
-120.431838,37.360007,123.65,0.121,4
-120.431536,37.360007,123.68,0.057,4
-120.431234,37.360007,123.65,0.061,4
-120.430931,37.360007,123.07,0.068,4
-120.430629,37.360007,122.77,0.071,4
-120.430327,37.360007,122.67,0.07,4
-120.430024,37.360007,122.63,0.071,4
-120.429722,37.360007,122.67,0.074,4
-120.42942,37.360007,122.83,0.075,4
-120.429118,37.360007,122.87,0.075,4
-120.428815,37.360007,122.75,0.074,4
-120.428513,37.360007,122.54,0.076,4
-120.428211,37.360007,122.3,0.084,4
-120.427909,37.360007,122.02,0.084,4
-120.427606,37.360007,121.56,0.086,4
-120.427304,37.360007,120.98,0.086,4
-120.427002,37.360007,120.49,0.089,4
-120.426699,37.360007,120.27,0.096,4
-120.426397,37.360007,120.28,0.097,4
-120.426095,37.360007,120.41,0.091,4
-120.425793,37.360007,120.79,0.089,4
-120.42549,37.360007,121.04,0.102,4
-120.425188,37.360007,121.41,0.104,4
-120.424886,37.360007,122.74,0.083,4
-120.424584,37.360007,123.58,0.079,4
-120.424281,37.360007,123.66,0.089,4
-120.423979,37.360007,123.65,0.093,4
-120.423677,37.360007,123.61,0.094,4
-120.423374,37.360007,123.26,0.101,4
-120.423072,37.360007,123.05,0.129,4
-120.42277,37.360007,122.83,0.129,4
-120.422468,37.360007,122.71,0.114,4
-120.422165,37.360007,122.51,0.141,4
-120.421863,37.360007,121.82,0.158,4
-120.421561,37.360007,120.69,0.196,4
-120.421259,37.360007,119.58,0.232,4
-120.420956,37.360007,118.88,0.223,4
-120.420654,37.360007,118.71,0.217,4
-120.420352,37.360007,119.91,0.229,4
-120.420049,37.360007,121.04,0.306,4
-120.419747,37.360007,120.02,0.288,4
-120.419445,37.360007,119.82,0.255,4
-120.419143,37.360007,119.69,0.25,4
-120.41884,37.360007,119.39,0.276,4
-120.418538,37.360007,118.93,0.291,4
-120.418236,37.360007,118.23,0.3,4
-120.417934,37.360007,117.35,0.346,4
-120.417631,37.360007,116.84,0.333,4
-120.417329,37.360007,116.85,0.353,4
-120.417027,37.360007,117.27,0.357,4
-120.416724,37.360007,117.8,0.34,4
-120.416422,37.360007,118.26,0.28,4
-120.41612,37.360007,118.41,0.245,4
-120.415818,37.360007,118.39,0.246,4
-120.415515,37.360007,118.37,0.251,4
-120.415213,37.360007,118.34,0.248,4
-120.414911,37.360007,118.26,0.25,4
-120.414609,37.360007,118.1,0.262,4
-120.414306,37.360007,117.86,0.261,4
-120.414004,37.360007,117.58,0.265,4
-120.437279,37.359705,124.25,0.247,4
-120.436977,37.359705,123.95,0.228,4
-120.436674,37.359705,123.21,0.232,4
-120.436372,37.359705,122.63,0.235,4
-120.43607,37.359705,122.46,0.246,4
-120.435768,37.359705,122.49,0.251,4
-120.435465,37.359705,122.55,0.245,4
-120.435163,37.359705,122.61,0.235,4
-120.434861,37.359705,122.81,0.234,4
-120.434559,37.359705,123.47,0.242,4
-120.434256,37.359705,124.31,0.256,4
-120.433954,37.359705,125.18,0.254,4
-120.433652,37.359705,125.36,0.25,4
-120.433349,37.359705,125.38,0.243,4
-120.433047,37.359705,124.95,0.232,4
-120.432745,37.359705,124.56,0.21,4
-120.432443,37.359705,124.43,0.18,4
-120.43214,37.359705,124.32,0.168,4
-120.431838,37.359705,124.21,0.197,4
-120.431536,37.359705,124.09,0.182,4
-120.431234,37.359705,123.89,0.176,4
-120.430931,37.359705,123.03,0.176,4
-120.430629,37.359705,122.62,0.18,4
-120.430327,37.359705,122.46,0.194,4
-120.430024,37.359705,122.47,0.208,4
-120.429722,37.359705,122.62,0.203,4
-120.42942,37.359705,122.82,0.183,4
-120.429118,37.359705,122.87,0.175,4
-120.428815,37.359705,122.86,0.178,4
-120.428513,37.359705,122.68,0.181,4
-120.428211,37.359705,122.47,0.194,4
-120.427909,37.359705,122.23,0.182,4
-120.427606,37.359705,121.84,0.212,4
-120.427304,37.359705,121.41,0.235,4
-120.427002,37.359705,121.11,0.214,4
-120.426699,37.359705,120.99,0.177,4
-120.426397,37.359705,120.98,0.168,4
-120.426095,37.359705,121.01,0.182,4
-120.425793,37.359705,121.01,0.159,4
-120.42549,37.359705,121.02,0.18,4
-120.425188,37.359705,121.19,0.148,4
-120.424886,37.359705,121.85,0.098,4
-120.424584,37.359705,122.25,0.079,4
-120.424281,37.359705,122.32,0.08,4
-120.423979,37.359705,122.79,0.082,4
-120.423677,37.359705,123.63,0.088,4
-120.423374,37.359705,123.39,0.108,4
-120.423072,37.359705,123.22,0.11,4
-120.42277,37.359705,123.08,0.112,4
-120.422468,37.359705,122.94,0.111,4
-120.422165,37.359705,122.63,0.156,4
-120.421863,37.359705,121.83,0.164,4
-120.421561,37.359705,120.72,0.197,4
-120.421259,37.359705,119.79,0.232,4
-120.420956,37.359705,119.32,0.22,4
-120.420654,37.359705,119.38,0.227,4
-120.420352,37.359705,120.54,0.225,4
-120.420049,37.359705,121.46,0.276,4
-120.419747,37.359705,120.17,0.273,4
-120.419445,37.359705,119.86,0.247,4
-120.419143,37.359705,119.63,0.241,4
-120.41884,37.359705,119.15,0.273,4
-120.418538,37.359705,118.51,0.297,4
-120.418236,37.359705,117.73,0.311,4
-120.417934,37.359705,116.84,0.356,4
-120.417631,37.359705,116.38,0.358,4
-120.417329,37.359705,116.43,0.357,4
-120.417027,37.359705,116.75,0.356,4
-120.416724,37.359705,117.11,0.341,4
-120.416422,37.359705,117.4,0.301,4
-120.41612,37.359705,117.47,0.276,4
-120.415818,37.359705,117.45,0.273,4
-120.415515,37.359705,117.47,0.273,4
-120.415213,37.359705,117.44,0.271,4
-120.414911,37.359705,117.34,0.277,4
-120.414609,37.359705,117.14,0.294,4
-120.414306,37.359705,116.86,0.3,4
-120.414004,37.359705,116.55,0.301,4
-120.436977,37.359402,122.98,0.218,4
-120.436674,37.359402,122.67,0.231,4
-120.436372,37.359402,122.54,0.233,4
-120.43607,37.359402,122.73,0.229,4
-120.435768,37.359402,123.11,0.225,4
-120.435465,37.359402,123.51,0.227,4
-120.435163,37.359402,123.79,0.231,4
-120.434861,37.359402,124.02,0.231,4
-120.434559,37.359402,124.47,0.227,4
-120.434256,37.359402,125.01,0.248,4
-120.433954,37.359402,125.67,0.244,4
-120.433652,37.359402,125.82,0.236,4
-120.433349,37.359402,125.83,0.245,4
-120.433047,37.359402,125.36,0.254,4
-120.432745,37.359402,124.95,0.23,4
-120.432443,37.359402,124.77,0.191,4
-120.43214,37.359402,124.61,0.188,4
-120.431838,37.359402,124.47,0.23,4
-120.431536,37.359402,124.29,0.235,4
-120.431234,37.359402,124.04,0.232,4
-120.430931,37.359402,123.05,0.23,4
-120.430629,37.359402,122.63,0.229,4
-120.430327,37.359402,122.43,0.239,4
-120.430024,37.359402,122.34,0.252,4
-120.429722,37.359402,122.37,0.248,4
-120.42942,37.359402,122.43,0.229,4
-120.429118,37.359402,122.4,0.224,4
-120.428815,37.359402,122.31,0.234,4
-120.428513,37.359402,122.1,0.235,4
-120.428211,37.359402,121.98,0.225,4
-120.427909,37.359402,121.86,0.208,4
-120.427606,37.359402,121.65,0.221,4
-120.427304,37.359402,121.42,0.243,4
-120.427002,37.359402,121.28,0.234,4
-120.426699,37.359402,121.25,0.205,4
-120.426397,37.359402,121.27,0.199,4
-120.426095,37.359402,121.31,0.214,4
-120.425793,37.359402,121.24,0.21,4
-120.42549,37.359402,121.05,0.235,4
-120.425188,37.359402,120.99,0.188,4
-120.424886,37.359402,121.51,0.118,4
-120.424584,37.359402,121.86,0.081,4
-120.424281,37.359402,122.03,0.071,4
-120.423979,37.359402,122.71,0.071,4
-120.423677,37.359402,123.69,0.083,4
-120.423374,37.359402,123.61,0.108,4
-120.423072,37.359402,123.52,0.115,4
-120.42277,37.359402,123.41,0.111,4
-120.422468,37.359402,123.26,0.115,4
-120.422165,37.359402,122.85,0.142,4
-120.421863,37.359402,121.96,0.159,4
-120.421561,37.359402,120.89,0.193,4
-120.421259,37.359402,120.15,0.225,4
-120.420956,37.359402,119.86,0.225,4
-120.420654,37.359402,119.98,0.216,4
-120.420352,37.359402,120.97,0.222,4
-120.420049,37.359402,121.66,0.25,4
-120.419747,37.359402,120.32,0.274,4
-120.419445,37.359402,120.08,0.249,4
-120.419143,37.359402,119.79,0.253,4
-120.41884,37.359402,119.19,0.289,4
-120.418538,37.359402,118.41,0.307,4
-120.418236,37.359402,117.55,0.306,4
-120.417934,37.359402,116.74,0.323,4
-120.417631,37.359402,116.27,0.334,4
-120.417329,37.359402,116.14,0.343,4
-120.417027,37.359402,116.24,0.347,4
-120.416724,37.359402,116.37,0.336,4
-120.416422,37.359402,116.47,0.32,4
-120.41612,37.359402,116.42,0.306,4
-120.415818,37.359402,116.37,0.3,4
-120.415515,37.359402,116.36,0.302,4
-120.415213,37.359402,116.33,0.307,4
-120.414911,37.359402,116.28,0.309,4
-120.414609,37.359402,116.16,0.315,4
-120.414306,37.359402,115.95,0.325,4
-120.436674,37.3591,122.14,0.228,4
-120.436372,37.3591,122.3,0.22,4
-120.43607,37.3591,122.73,0.222,4
-120.435768,37.3591,123.33,0.23,4
-120.435465,37.3591,123.93,0.234,4
-120.435163,37.3591,124.38,0.236,4
-120.434861,37.3591,124.7,0.233,4
-120.434559,37.3591,125.02,0.227,4
-120.434256,37.3591,125.32,0.244,4
-120.433954,37.3591,125.69,0.252,4
-120.433652,37.3591,125.74,0.24,4
-120.433349,37.3591,125.71,0.242,4
-120.433047,37.3591,125.17,0.251,4
-120.432745,37.3591,124.75,0.239,4
-120.432443,37.3591,124.56,0.186,4
-120.43214,37.3591,124.37,0.151,4
-120.431838,37.3591,124.18,0.19,4
-120.431536,37.3591,124.05,0.187,4
-120.431234,37.3591,123.9,0.193,4
-120.430931,37.3591,123.07,0.196,4
-120.430629,37.3591,122.74,0.191,4
-120.430327,37.3591,122.51,0.186,4
-120.430024,37.3591,122.3,0.187,4
-120.429722,37.3591,122.13,0.191,4
-120.42942,37.3591,121.96,0.192,4
-120.429118,37.3591,121.75,0.186,4
-120.428815,37.3591,121.51,0.181,4
-120.428513,37.3591,121.2,0.183,4
-120.428211,37.3591,121.09,0.18,4
-120.427909,37.3591,121,0.179,4
-120.427606,37.3591,120.93,0.183,4
-120.427304,37.3591,120.89,0.184,4
-120.427002,37.3591,120.9,0.182,4
-120.426699,37.3591,120.96,0.179,4
-120.426397,37.3591,121.05,0.176,4
-120.426095,37.3591,121.14,0.176,4
-120.425793,37.3591,121.06,0.187,4
-120.42549,37.3591,120.83,0.199,4
-120.425188,37.3591,120.59,0.183,4
-120.424886,37.3591,120.96,0.154,4
-120.424584,37.3591,121.25,0.139,4
-120.424281,37.3591,121.51,0.137,4
-120.423979,37.3591,122.36,0.136,4
-120.423677,37.3591,123.41,0.139,4
-120.423374,37.3591,123.52,0.151,4
-120.423072,37.3591,123.59,0.157,4
-120.42277,37.3591,123.78,0.162,4
-120.422468,37.3591,123.68,0.168,4
-120.422165,37.3591,123.17,0.175,4
-120.421863,37.3591,122.26,0.185,4
-120.421561,37.3591,121.28,0.202,4
-120.421259,37.3591,120.67,0.221,4
-120.420956,37.3591,120.57,0.223,4
-120.420654,37.3591,120.83,0.206,4
-120.420352,37.3591,121.45,0.216,4
-120.420049,37.3591,121.86,0.251,4
-120.419747,37.3591,120.96,0.276,4
-120.419445,37.3591,120.89,0.243,4
-120.419143,37.3591,120.61,0.263,4
-120.41884,37.3591,119.62,0.308,4
-120.418538,37.3591,118.61,0.314,4
-120.418236,37.3591,117.77,0.302,4
-120.417934,37.3591,117.01,0.315,4
-120.417631,37.3591,116.55,0.311,4
-120.417329,37.3591,116.21,0.334,4
-120.417027,37.3591,116.02,0.344,4
-120.416724,37.3591,115.99,0.327,4
-120.416422,37.3591,115.96,0.322,4
-120.41612,37.3591,115.83,0.313,4
-120.415818,37.3591,115.73,0.302,4
-120.415515,37.3591,115.69,0.304,4
-120.415213,37.3591,115.66,0.312,4
-120.414911,37.3591,115.64,0.307,4
-120.414609,37.3591,115.58,0.311,4
-120.414306,37.3591,115.45,0.32,4
-120.436372,37.358798,122.21,0.24,4
-120.43607,37.358798,122.7,0.246,4
-120.435768,37.358798,123.35,0.245,4
-120.435465,37.358798,123.96,0.242,4
-120.435163,37.358798,124.49,0.239,4
-120.434861,37.358798,124.9,0.235,4
-120.434559,37.358798,125.11,0.229,4
-120.434256,37.358798,125.22,0.233,4
-120.433954,37.358798,125.23,0.24,4
-120.433652,37.358798,125.01,0.231,4
-120.433349,37.358798,124.85,0.237,4
-120.433047,37.358798,124.2,0.243,4
-120.432745,37.358798,123.85,0.236,4
-120.432443,37.358798,123.78,0.192,4
-120.43214,37.358798,123.63,0.168,4
-120.431838,37.358798,123.4,0.21,4
-120.431536,37.358798,123.4,0.214,4
-120.431234,37.358798,123.43,0.215,4
-120.430931,37.358798,122.97,0.211,4
-120.430629,37.358798,122.72,0.212,4
-120.430327,37.358798,122.45,0.215,4
-120.430024,37.358798,122.25,0.216,4
-120.429722,37.358798,122.02,0.214,4
-120.42942,37.358798,121.69,0.212,4
-120.429118,37.358798,121.27,0.209,4
-120.428815,37.358798,120.82,0.207,4
-120.428513,37.358798,120.37,0.21,4
-120.428211,37.358798,120.19,0.206,4
-120.427909,37.358798,120.05,0.21,4
-120.427606,37.358798,120,0.213,4
-120.427304,37.358798,119.99,0.209,4
-120.427002,37.358798,120.03,0.205,4
-120.426699,37.358798,120.14,0.203,4
-120.426397,37.358798,120.29,0.201,4
-120.426095,37.358798,120.44,0.198,4
-120.425793,37.358798,120.53,0.201,4
-120.42549,37.358798,120.41,0.205,4
-120.425188,37.358798,120.2,0.207,4
-120.424886,37.358798,120.39,0.208,4
-120.424584,37.358798,120.68,0.209,4
-120.424281,37.358798,121.05,0.211,4
-120.423979,37.358798,122.03,0.214,4
-120.423677,37.358798,123.11,0.213,4
-120.423374,37.358798,123.35,0.211,4
-120.423072,37.358798,123.59,0.213,4
-120.42277,37.358798,124.13,0.233,4
-120.422468,37.358798,124.09,0.234,4
-120.422165,37.358798,123.58,0.234,4
-120.421863,37.358798,122.78,0.23,4
-120.421561,37.358798,121.9,0.226,4
-120.421259,37.358798,121.22,0.224,4
-120.420956,37.358798,121.2,0.216,4
-120.420654,37.358798,121.71,0.207,4
-120.420352,37.358798,121.86,0.22,4
-120.420049,37.358798,122.08,0.26,4
-120.419747,37.358798,122.4,0.267,4
-120.419445,37.358798,122.57,0.236,4
-120.419143,37.358798,122.6,0.255,4
-120.41884,37.358798,120.44,0.309,4
-120.418538,37.358798,118.8,0.314,4
-120.418236,37.358798,118.21,0.302,4
-120.417934,37.358798,117.58,0.315,4
-120.417631,37.358798,117.13,0.309,4
-120.417329,37.358798,116.69,0.333,4
-120.417027,37.358798,116.34,0.346,4
-120.416724,37.358798,116.14,0.336,4
-120.416422,37.358798,116.09,0.343,4
-120.41612,37.358798,116.54,0.329,4
-120.415818,37.358798,116.79,0.314,4
-120.415515,37.358798,116.77,0.31,4
-120.415213,37.358798,116.43,0.309,4
-120.414911,37.358798,115.76,0.301,4
-120.414609,37.358798,115.72,0.305,4
-120.414306,37.358798,115.54,0.326,4
-120.436372,37.358496,122.15,0.263,4
-120.43607,37.358496,122.65,0.257,4
-120.435768,37.358496,123.25,0.249,4
-120.435465,37.358496,123.83,0.243,4
-120.435163,37.358496,124.36,0.239,4
-120.434861,37.358496,124.73,0.235,4
-120.434559,37.358496,124.85,0.231,4
-120.434256,37.358496,124.82,0.231,4
-120.433954,37.358496,124.54,0.234,4
-120.433652,37.358496,123.89,0.235,4
-120.433349,37.358496,123.45,0.259,4
-120.433047,37.358496,122.74,0.273,4
-120.432745,37.358496,122.55,0.268,4
-120.432443,37.358496,122.7,0.226,4
-120.43214,37.358496,122.78,0.198,4
-120.431838,37.358496,122.8,0.219,4
-120.431536,37.358496,123,0.229,4
-120.431234,37.358496,123.27,0.23,4
-120.430931,37.358496,123.01,0.231,4
-120.430629,37.358496,122.81,0.229,4
-120.430327,37.358496,122.54,0.227,4
-120.430024,37.358496,122.29,0.227,4
-120.429722,37.358496,121.97,0.228,4
-120.42942,37.358496,121.53,0.229,4
-120.429118,37.358496,121.06,0.227,4
-120.428815,37.358496,120.58,0.222,4
-120.428513,37.358496,120.1,0.221,4
-120.428211,37.358496,119.81,0.22,4
-120.427909,37.358496,119.55,0.224,4
-120.427606,37.358496,119.41,0.226,4
-120.427304,37.358496,119.34,0.226,4
-120.427002,37.358496,119.34,0.223,4
-120.426699,37.358496,119.4,0.22,4
-120.426397,37.358496,119.51,0.218,4
-120.426095,37.358496,119.63,0.218,4
-120.425793,37.358496,119.78,0.219,4
-120.42549,37.358496,119.77,0.219,4
-120.425188,37.358496,119.76,0.224,4
-120.424886,37.358496,120.03,0.227,4
-120.424584,37.358496,120.36,0.227,4
-120.424281,37.358496,120.77,0.229,4
-120.423979,37.358496,121.86,0.23,4
-120.423677,37.358496,122.97,0.23,4
-120.423374,37.358496,123.28,0.23,4
-120.423072,37.358496,123.63,0.227,4
-120.42277,37.358496,124.26,0.245,4
-120.422468,37.358496,124.32,0.235,4
-120.422165,37.358496,123.98,0.25,4
-120.421863,37.358496,123.36,0.254,4
-120.421561,37.358496,122.59,0.241,4
-120.421259,37.358496,121.73,0.23,4
-120.420956,37.358496,121.28,0.223,4
-120.420654,37.358496,121.19,0.216,4
-120.420352,37.358496,120.8,0.222,4
-120.420049,37.358496,120.71,0.251,4
-120.419747,37.358496,120.92,0.253,4
-120.419445,37.358496,121.13,0.234,4
-120.419143,37.358496,121.34,0.248,4
-120.41884,37.358496,119.56,0.299,4
-120.418538,37.358496,118.57,0.308,4
-120.418236,37.358496,118.43,0.295,4
-120.417934,37.358496,118.06,0.3,4
-120.417631,37.358496,117.6,0.311,4
-120.417329,37.358496,117.1,0.329,4
-120.417027,37.358496,116.64,0.348,4
-120.416724,37.358496,116.34,0.326,4
-120.416422,37.358496,116.31,0.321,4
-120.41612,37.358496,116.35,0.313,4
-120.415818,37.358496,116.8,0.289,4
-120.415515,37.358496,117.15,0.275,4
-120.415213,37.358496,116.89,0.279,4
-120.414911,37.358496,116.3,0.282,4
-120.414609,37.358496,116.16,0.279,4
-120.43607,37.358193,122.26,0.259,4
-120.435768,37.358193,122.71,0.255,4
-120.435465,37.358193,123.26,0.243,4
-120.435163,37.358193,123.81,0.235,4
-120.434861,37.358193,124.22,0.234,4
-120.434559,37.358193,124.35,0.236,4
-120.434256,37.358193,124.23,0.244,4
-120.433954,37.358193,123.6,0.26,4
-120.433652,37.358193,122.45,0.314,4
-120.433349,37.358193,121.71,0.434,4
-120.433047,37.358193,120.86,0.375,4
-120.432745,37.358193,120.75,0.373,4
-120.432443,37.358193,121.21,0.307,4
-120.43214,37.358193,121.73,0.225,4
-120.431838,37.358193,122.16,0.223,4
-120.431536,37.358193,122.69,0.234,4
-120.431234,37.358193,123.21,0.229,4
-120.430931,37.358193,123.09,0.232,4
-120.430629,37.358193,122.95,0.23,4
-120.430327,37.358193,122.68,0.229,4
-120.430024,37.358193,122.43,0.228,4
-120.429722,37.358193,122.06,0.229,4
-120.42942,37.358193,121.58,0.232,4
-120.429118,37.358193,121.1,0.233,4
-120.428815,37.358193,120.65,0.228,4
-120.428513,37.358193,120.17,0.223,4
-120.428211,37.358193,119.76,0.225,4
-120.427909,37.358193,119.38,0.228,4
-120.427606,37.358193,119.15,0.23,4
-120.427304,37.358193,119.01,0.23,4
-120.427002,37.358193,118.94,0.231,4
-120.426699,37.358193,118.95,0.229,4
-120.426397,37.358193,118.99,0.227,4
-120.426095,37.358193,119.06,0.231,4
-120.425793,37.358193,119.18,0.236,4
-120.42549,37.358193,119.25,0.236,4
-120.425188,37.358193,119.38,0.236,4
-120.424886,37.358193,119.79,0.235,4
-120.424584,37.358193,120.15,0.234,4
-120.424281,37.358193,120.54,0.235,4
-120.423979,37.358193,121.63,0.234,4
-120.423677,37.358193,122.69,0.234,4
-120.423374,37.358193,123.03,0.237,4
-120.423072,37.358193,123.42,0.237,4
-120.42277,37.358193,124.09,0.237,4
-120.422468,37.358193,124.21,0.235,4
-120.422165,37.358193,124.02,0.242,4
-120.421863,37.358193,123.57,0.248,4
-120.421561,37.358193,122.91,0.239,4
-120.421259,37.358193,122.04,0.233,4
-120.420956,37.358193,121.41,0.233,4
-120.420654,37.358193,120.92,0.232,4
-120.420352,37.358193,120.11,0.229,4
-120.420049,37.358193,119.63,0.23,4
-120.419747,37.358193,119.57,0.236,4
-120.419445,37.358193,119.69,0.239,4
-120.419143,37.358193,120.01,0.255,4
-120.41884,37.358193,118.67,0.291,4
-120.418538,37.358193,118.43,0.294,4
-120.418236,37.358193,118.82,0.285,4
-120.417934,37.358193,118.72,0.289,4
-120.417631,37.358193,118.29,0.301,4
-120.417329,37.358193,117.71,0.319,4
-120.417027,37.358193,117.15,0.338,4
-120.416724,37.358193,116.85,0.321,4
-120.416422,37.358193,116.83,0.333,4
-120.41612,37.358193,117.27,0.33,4
-120.415818,37.358193,117.69,0.291,4
-120.415515,37.358193,117.84,0.27,4
-120.415213,37.358193,117.79,0.277,4
-120.414911,37.358193,117.37,0.28,4
-120.414609,37.358193,116.32,0.276,4
-120.435768,37.357891,121.95,0.264,4
-120.435465,37.357891,122.29,0.252,4
-120.435163,37.357891,122.88,0.245,4
-120.434861,37.357891,123.41,0.24,4
-120.434559,37.357891,123.68,0.238,4
-120.434256,37.357891,123.59,0.248,4
-120.433954,37.357891,122.73,0.263,4
-120.433652,37.357891,121.38,0.328,4
-120.433349,37.357891,120.5,0.417,4
-120.433047,37.357891,120.1,0.376,4
-120.432745,37.357891,120.21,0.409,4
-120.432443,37.357891,120.68,0.348,4
-120.43214,37.357891,121.32,0.251,4
-120.431838,37.357891,122.06,0.227,4
-120.431536,37.357891,122.93,0.234,4
-120.431234,37.357891,123.59,0.23,4
-120.430931,37.357891,123.35,0.23,4
-120.430629,37.357891,123.29,0.23,4
-120.430327,37.357891,123.07,0.232,4
-120.430024,37.357891,122.69,0.231,4
-120.429722,37.357891,122.23,0.231,4
-120.42942,37.357891,121.75,0.235,4
-120.429118,37.357891,121.3,0.236,4
-120.428815,37.357891,120.87,0.231,4
-120.428513,37.357891,120.37,0.225,4
-120.428211,37.357891,119.84,0.226,4
-120.427909,37.357891,119.35,0.229,4
-120.427606,37.357891,119,0.229,4
-120.427304,37.357891,118.78,0.228,4
-120.427002,37.357891,118.65,0.23,4
-120.426699,37.357891,118.6,0.231,4
-120.426397,37.357891,118.6,0.23,4
-120.426095,37.357891,118.65,0.234,4
-120.425793,37.357891,118.81,0.241,4
-120.42549,37.357891,118.9,0.238,4
-120.425188,37.357891,119.08,0.234,4
-120.424886,37.357891,119.56,0.235,4
-120.424584,37.357891,119.92,0.236,4
-120.424281,37.357891,120.27,0.238,4
-120.423979,37.357891,121.6,0.238,4
-120.423677,37.357891,122.81,0.237,4
-120.423374,37.357891,123.14,0.24,4
-120.423072,37.357891,123.55,0.242,4
-120.42277,37.357891,124.23,0.241,4
-120.422468,37.357891,124.36,0.241,4
-120.422165,37.357891,124.27,0.237,4
-120.421863,37.357891,123.94,0.235,4
-120.421561,37.357891,123.41,0.231,4
-120.421259,37.357891,122.68,0.231,4
-120.420956,37.357891,121.95,0.235,4
-120.420654,37.357891,121.17,0.238,4
-120.420352,37.357891,120.24,0.237,4
-120.420049,37.357891,119.51,0.235,4
-120.419747,37.357891,119.13,0.234,4
-120.419445,37.357891,118.97,0.23,4
-120.419143,37.357891,119.34,0.251,4
-120.41884,37.357891,118.58,0.283,4
-120.418538,37.357891,119.04,0.276,4
-120.418236,37.357891,119.68,0.274,4
-120.417934,37.357891,119.96,0.279,4
-120.417631,37.357891,120.02,0.28,4
-120.417329,37.357891,119.41,0.31,4
-120.417027,37.357891,118.89,0.33,4
-120.416724,37.357891,118.65,0.308,4
-120.416422,37.357891,118.59,0.325,4
-120.41612,37.357891,119.32,0.297,4
-120.415818,37.357891,119.34,0.262,4
-120.415515,37.357891,118.96,0.264,4
-120.415213,37.357891,118.6,0.281,4
-120.414911,37.357891,117.93,0.283,4
-120.414609,37.357891,116.42,0.27,4
-120.435465,37.357589,121.52,0.282,4
-120.435163,37.357589,121.95,0.275,4
-120.434861,37.357589,122.57,0.255,4
-120.434559,37.357589,123.02,0.241,4
-120.434256,37.357589,122.97,0.25,4
-120.433954,37.357589,122.23,0.241,4
-120.433652,37.357589,121.07,0.244,4
-120.433349,37.357589,120.28,0.264,4
-120.433047,37.357589,119.97,0.274,4
-120.432745,37.357589,120.04,0.318,4
-120.432443,37.357589,120.4,0.34,4
-120.43214,37.357589,121.07,0.289,4
-120.431838,37.357589,122.02,0.233,4
-120.431536,37.357589,123.12,0.234,4
-120.431234,37.357589,123.86,0.233,4
-120.430931,37.357589,123.52,0.231,4
-120.430629,37.357589,123.54,0.23,4
-120.430327,37.357589,123.4,0.234,4
-120.430024,37.357589,122.92,0.235,4
-120.429722,37.357589,122.46,0.234,4
-120.42942,37.357589,122.03,0.235,4
-120.429118,37.357589,121.62,0.235,4
-120.428815,37.357589,121.2,0.231,4
-120.428513,37.357589,120.68,0.226,4
-120.428211,37.357589,120.12,0.225,4
-120.427909,37.357589,119.54,0.227,4
-120.427606,37.357589,119.07,0.229,4
-120.427304,37.357589,118.73,0.227,4
-120.427002,37.357589,118.51,0.227,4
-120.426699,37.357589,118.4,0.226,4
-120.426397,37.357589,118.35,0.228,4
-120.426095,37.357589,118.4,0.234,4
-120.425793,37.357589,118.55,0.238,4
-120.42549,37.357589,118.66,0.235,4
-120.425188,37.357589,118.85,0.233,4
-120.424886,37.357589,119.31,0.232,4
-120.424584,37.357589,119.64,0.234,4
-120.424281,37.357589,119.96,0.237,4
-120.423979,37.357589,121.34,0.242,4
-120.423677,37.357589,122.5,0.244,4
-120.423374,37.357589,122.85,0.242,4
-120.423072,37.357589,123.29,0.237,4
-120.42277,37.357589,123.96,0.237,4
-120.422468,37.357589,124.07,0.236,4
-120.422165,37.357589,124.01,0.234,4
-120.421863,37.357589,123.84,0.236,4
-120.421561,37.357589,123.54,0.233,4
-120.421259,37.357589,123.09,0.238,4
-120.420956,37.357589,122.59,0.243,4
-120.420654,37.357589,121.98,0.241,4
-120.420352,37.357589,121.19,0.239,4
-120.420049,37.357589,120.42,0.24,4
-120.419747,37.357589,119.81,0.244,4
-120.419445,37.357589,119.34,0.233,4
-120.419143,37.357589,119.77,0.235,4
-120.41884,37.357589,119.41,0.257,4
-120.418538,37.357589,120.19,0.258,4
-120.418236,37.357589,120.71,0.265,4
-120.417934,37.357589,121.15,0.271,4
-120.417631,37.357589,121.64,0.271,4
-120.417329,37.357589,121.15,0.293,4
-120.417027,37.357589,120.79,0.323,4
-120.416724,37.357589,120.67,0.305,4
-120.416422,37.357589,120.63,0.26,4
-120.41612,37.357589,120.5,0.251,4
-120.415818,37.357589,120.04,0.243,4
-120.415515,37.357589,119.33,0.272,4
-120.415213,37.357589,118.55,0.312,4
-120.414911,37.357589,118.09,0.328,4
-120.435163,37.357286,121.89,0.251,4
-120.434861,37.357286,122.17,0.257,4
-120.434559,37.357286,122.44,0.27,4
-120.434256,37.357286,122.22,0.281,4
-120.433954,37.357286,121.75,0.272,4
-120.433652,37.357286,121.12,0.252,4
-120.433349,37.357286,120.57,0.255,4
-120.433047,37.357286,120.16,0.249,4
-120.432745,37.357286,120.02,0.285,4
-120.432443,37.357286,120.16,0.293,4
-120.43214,37.357286,120.8,0.262,4
-120.431838,37.357286,121.93,0.232,4
-120.431536,37.357286,123.17,0.232,4
-120.431234,37.357286,123.84,0.235,4
-120.430931,37.357286,123.36,0.231,4
-120.430629,37.357286,123.36,0.233,4
-120.430327,37.357286,123.25,0.236,4
-120.430024,37.357286,122.83,0.238,4
-120.429722,37.357286,122.47,0.236,4
-120.42942,37.357286,122.15,0.232,4
-120.429118,37.357286,121.83,0.231,4
-120.428815,37.357286,121.47,0.231,4
-120.428513,37.357286,120.96,0.229,4
-120.428211,37.357286,120.39,0.227,4
-120.427909,37.357286,119.75,0.227,4
-120.427606,37.357286,119.24,0.23,4
-120.427304,37.357286,118.82,0.23,4
-120.427002,37.357286,118.52,0.227,4
-120.426699,37.357286,118.34,0.225,4
-120.426397,37.357286,118.26,0.228,4
-120.426095,37.357286,118.29,0.236,4
-120.425793,37.357286,118.44,0.239,4
-120.42549,37.357286,118.56,0.236,4
-120.425188,37.357286,118.76,0.235,4
-120.424886,37.357286,119.18,0.235,4
-120.424584,37.357286,119.47,0.235,4
-120.424281,37.357286,119.75,0.239,4
-120.423979,37.357286,121.16,0.242,4
-120.423677,37.357286,122.27,0.242,4
-120.423374,37.357286,122.61,0.24,4
-120.423072,37.357286,123.03,0.238,4
-120.42277,37.357286,123.61,0.231,4
-120.422468,37.357286,123.68,0.234,4
-120.422165,37.357286,123.64,0.236,4
-120.421863,37.357286,123.57,0.24,4
-120.421561,37.357286,123.46,0.243,4
-120.421259,37.357286,123.25,0.243,4
-120.420956,37.357286,123.05,0.242,4
-120.420654,37.357286,122.72,0.24,4
-120.420352,37.357286,122.13,0.237,4
-120.420049,37.357286,121.41,0.239,4
-120.419747,37.357286,120.76,0.241,4
-120.419445,37.357286,120.19,0.24,4
-120.419143,37.357286,120.78,0.219,4
-120.41884,37.357286,120.55,0.249,4
-120.418538,37.357286,121.33,0.256,4
-120.418236,37.357286,121.65,0.255,4
-120.417934,37.357286,122,0.259,4
-120.417631,37.357286,122.38,0.265,4
-120.417329,37.357286,121.94,0.278,4
-120.417027,37.357286,121.68,0.314,4
-120.416724,37.357286,121.62,0.305,4
-120.416422,37.357286,121.57,0.243,4
-120.41612,37.357286,121.33,0.234,4
-120.415818,37.357286,120.72,0.233,4
-120.415515,37.357286,119.75,0.251,4
-120.415213,37.357286,118.69,0.297,4
-120.414911,37.357286,118.08,0.333,4
-120.435163,37.356984,121.69,0.259,4
-120.434861,37.356984,121.91,0.264,4
-120.434559,37.356984,121.99,0.262,4
-120.434256,37.356984,121.74,0.256,4
-120.433954,37.356984,121.42,0.267,4
-120.433652,37.356984,121.09,0.269,4
-120.433349,37.356984,120.72,0.287,4
-120.433047,37.356984,120.32,0.279,4
-120.432745,37.356984,120.04,0.293,4
-120.432443,37.356984,119.96,0.267,4
-120.43214,37.356984,120.59,0.238,4
-120.431838,37.356984,121.85,0.232,4
-120.431536,37.356984,123.13,0.237,4
-120.431234,37.356984,123.63,0.234,4
-120.430931,37.356984,122.94,0.228,4
-120.430629,37.356984,122.78,0.234,4
-120.430327,37.356984,122.63,0.236,4
-120.430024,37.356984,122.21,0.238,4
-120.429722,37.356984,121.92,0.234,4
-120.42942,37.356984,121.69,0.229,4
-120.429118,37.356984,121.5,0.228,4
-120.428815,37.356984,121.26,0.232,4
-120.428513,37.356984,120.87,0.233,4
-120.428211,37.356984,120.4,0.227,4
-120.427909,37.356984,119.82,0.228,4
-120.427606,37.356984,119.34,0.232,4
-120.427304,37.356984,118.91,0.231,4
-120.427002,37.356984,118.59,0.229,4
-120.426699,37.356984,118.39,0.226,4
-120.426397,37.356984,118.3,0.228,4
-120.426095,37.356984,118.36,0.235,4
-120.425793,37.356984,118.52,0.24,4
-120.42549,37.356984,118.65,0.238,4
-120.425188,37.356984,118.85,0.236,4
-120.424886,37.356984,119.25,0.239,4
-120.424584,37.356984,119.5,0.236,4
-120.424281,37.356984,119.72,0.237,4
-120.423979,37.356984,121.1,0.239,4
-120.423677,37.356984,122.09,0.241,4
-120.423374,37.356984,122.37,0.244,4
-120.423072,37.356984,122.74,0.242,4
-120.42277,37.356984,123.22,0.231,4
-120.422468,37.356984,123.24,0.236,4
-120.422165,37.356984,123.25,0.238,4
-120.421863,37.356984,123.25,0.241,4
-120.421561,37.356984,123.23,0.238,4
-120.421259,37.356984,123.17,0.236,4
-120.420956,37.356984,123.16,0.239,4
-120.420654,37.356984,123.01,0.245,4
-120.420352,37.356984,122.54,0.247,4
-120.420049,37.356984,121.91,0.242,4
-120.419747,37.356984,121.39,0.239,4
-120.419445,37.356984,121.1,0.246,4
-120.419143,37.356984,122.04,0.221,4
-120.41884,37.356984,121.7,0.246,4
-120.418538,37.356984,122.27,0.246,4
-120.418236,37.356984,122.38,0.248,4
-120.417934,37.356984,122.73,0.255,4
-120.417631,37.356984,123.11,0.263,4
-120.417329,37.356984,122.76,0.278,4
-120.417027,37.356984,122.61,0.302,4
-120.416724,37.356984,122.62,0.283,4
-120.416422,37.356984,122.57,0.238,4
-120.41612,37.356984,122.19,0.229,4
-120.415818,37.356984,121.47,0.226,4
-120.415515,37.356984,120.44,0.227,4
-120.434861,37.356682,121.84,0.262,4
-120.434559,37.356682,121.66,0.255,4
-120.434256,37.356682,121.43,0.252,4
-120.433954,37.356682,121.18,0.26,4
-120.433652,37.356682,120.94,0.273,4
-120.433349,37.356682,120.62,0.277,4
-120.433047,37.356682,120.29,0.276,4
-120.432745,37.356682,119.92,0.286,4
-120.432443,37.356682,119.8,0.28,4
-120.43214,37.356682,120.5,0.249,4
-120.431838,37.356682,121.82,0.234,4
-120.431536,37.356682,122.98,0.239,4
-120.431234,37.356682,123.21,0.233,4
-120.430931,37.356682,122.37,0.228,4
-120.430629,37.356682,122.06,0.234,4
-120.430327,37.356682,121.78,0.232,4
-120.430024,37.356682,121.29,0.234,4
-120.429722,37.356682,120.99,0.232,4
-120.42942,37.356682,120.77,0.229,4
-120.429118,37.356682,120.66,0.229,4
-120.428815,37.356682,120.54,0.234,4
-120.428513,37.356682,120.31,0.235,4
-120.428211,37.356682,120.01,0.225,4
-120.427909,37.356682,119.6,0.227,4
-120.427606,37.356682,119.21,0.227,4
-120.427304,37.356682,118.83,0.228,4
-120.427002,37.356682,118.55,0.229,4
-120.426699,37.356682,118.43,0.227,4
-120.426397,37.356682,118.42,0.229,4
-120.426095,37.356682,118.55,0.234,4
-120.425793,37.356682,118.76,0.238,4
-120.42549,37.356682,118.9,0.238,4
-120.425188,37.356682,119.11,0.235,4
-120.424886,37.356682,119.54,0.234,4
-120.424584,37.356682,119.73,0.235,4
-120.424281,37.356682,119.84,0.234,4
-120.423979,37.356682,121.13,0.239,4
-120.423677,37.356682,121.9,0.243,4
-120.423374,37.356682,122.06,0.245,4
-120.423072,37.356682,122.38,0.242,4
-120.42277,37.356682,122.8,0.235,4
-120.422468,37.356682,122.82,0.237,4
-120.422165,37.356682,122.84,0.238,4
-120.421863,37.356682,122.91,0.236,4
-120.421561,37.356682,122.98,0.233,4
-120.421259,37.356682,123.01,0.232,4
-120.420956,37.356682,123.12,0.237,4
-120.420654,37.356682,123.04,0.247,4
-120.420352,37.356682,122.66,0.25,4
-120.420049,37.356682,122.19,0.243,4
-120.419747,37.356682,121.9,0.239,4
-120.419445,37.356682,121.97,0.242,4
-120.419143,37.356682,122.91,0.219,4
-120.41884,37.356682,122.31,0.234,4
-120.418538,37.356682,122.69,0.233,4
-120.418236,37.356682,122.73,0.247,4
-120.417934,37.356682,123.29,0.257,4
-120.417631,37.356682,123.8,0.265,4
-120.417329,37.356682,123.55,0.281,4
-120.417027,37.356682,123.44,0.284,4
-120.416724,37.356682,123.43,0.26,4
-120.416422,37.356682,123.36,0.235,4
-120.41612,37.356682,122.99,0.226,4
-120.415818,37.356682,122.3,0.221,4
-120.434256,37.35638,121.12,0.257,4
-120.433954,37.35638,120.86,0.262,4
-120.433652,37.35638,120.68,0.275,4
-120.433349,37.35638,120.38,0.271,4
-120.433047,37.35638,120.06,0.266,4
-120.432745,37.35638,119.72,0.274,4
-120.432443,37.35638,119.76,0.288,4
-120.43214,37.35638,120.58,0.258,4
-120.431838,37.35638,121.84,0.233,4
-120.431536,37.35638,122.78,0.235,4
-120.431234,37.35638,122.79,0.233,4
-120.430931,37.35638,121.97,0.23,4
-120.430629,37.35638,121.63,0.232,4
-120.430327,37.35638,121.24,0.23,4
-120.430024,37.35638,120.62,0.231,4
-120.429722,37.35638,120.19,0.233,4
-120.42942,37.35638,119.88,0.231,4
-120.429118,37.35638,119.75,0.228,4
-120.428815,37.35638,119.69,0.23,4
-120.428513,37.35638,119.58,0.233,4
-120.428211,37.35638,119.44,0.228,4
-120.427909,37.35638,119.21,0.225,4
-120.427606,37.35638,118.95,0.225,4
-120.427304,37.35638,118.68,0.226,4
-120.427002,37.35638,118.49,0.23,4
-120.426699,37.35638,118.48,0.232,4
-120.426397,37.35638,118.63,0.234,4
-120.426095,37.35638,118.91,0.237,4
-120.425793,37.35638,119.19,0.239,4
-120.42549,37.35638,119.36,0.238,4
-120.425188,37.35638,119.59,0.237,4
-120.424886,37.35638,120.01,0.233,4
-120.424584,37.35638,120.13,0.234,4
-120.424281,37.35638,120.08,0.234,4
-120.423979,37.35638,121.22,0.238,4
-120.423677,37.35638,121.71,0.242,4
-120.423374,37.35638,121.7,0.24,4
-120.423072,37.35638,121.93,0.235,4
-120.42277,37.35638,122.31,0.231,4
-120.422468,37.35638,122.35,0.231,4
-120.422165,37.35638,122.4,0.232,4
-120.421863,37.35638,122.53,0.232,4
-120.421561,37.35638,122.69,0.231,4
-120.421259,37.35638,122.81,0.226,4
-120.420956,37.35638,123,0.233,4
-120.420654,37.35638,122.95,0.243,4
-120.420352,37.35638,122.64,0.245,4
-120.420049,37.35638,122.34,0.242,4
-120.419747,37.35638,122.32,0.239,4
-120.419445,37.35638,122.59,0.234,4
-120.419143,37.35638,123.31,0.226,4
-120.41884,37.35638,122.33,0.229,4
-120.418538,37.35638,122.66,0.227,4
-120.418236,37.35638,122.9,0.244,4
-120.417934,37.35638,123.84,0.255,4
-120.417631,37.35638,124.55,0.259,4
-120.417329,37.35638,124.42,0.273,4
-120.417027,37.35638,124.26,0.282,4
-120.416724,37.35638,124.09,0.25,4
-120.416422,37.35638,123.92,0.262,4
-120.433652,37.356077,120.22,0.233,4
-120.433349,37.356077,120,0.243,4
-120.433047,37.356077,119.75,0.235,4
-120.432745,37.356077,119.83,0.271,4
-120.432443,37.356077,120.13,0.284,4
-120.43214,37.356077,120.99,0.251,4
-120.431838,37.356077,122.08,0.231,4
-120.431536,37.356077,122.8,0.235,4
-120.431234,37.356077,122.81,0.236,4
-120.430931,37.356077,122.29,0.233,4
-120.430629,37.356077,121.97,0.231,4
-120.430327,37.356077,121.56,0.231,4
-120.430024,37.356077,120.57,0.23,4
-120.429722,37.356077,120.02,0.231,4
-120.42942,37.356077,119.62,0.232,4
-120.429118,37.356077,119.4,0.231,4
-120.428815,37.356077,119.29,0.229,4
-120.428513,37.356077,119.18,0.23,4
-120.428211,37.356077,119.07,0.23,4
-120.427909,37.356077,118.88,0.23,4
-120.427606,37.356077,118.67,0.231,4
-120.427304,37.356077,118.48,0.232,4
-120.427002,37.356077,118.44,0.231,4
-120.426699,37.356077,118.57,0.236,4
-120.426397,37.356077,118.9,0.239,4
-120.426095,37.356077,119.41,0.238,4
-120.425793,37.356077,119.88,0.238,4
-120.42549,37.356077,120.16,0.244,4
-120.425188,37.356077,120.42,0.249,4
-120.424886,37.356077,120.8,0.244,4
-120.424584,37.356077,120.86,0.244,4
-120.424281,37.356077,120.64,0.242,4
-120.423979,37.356077,121.5,0.242,4
-120.423677,37.356077,120.85,0.238,4
-120.423374,37.356077,120.18,0.233,4
-120.423072,37.356077,120.19,0.23,4
-120.42277,37.356077,120.28,0.229,4
-120.422468,37.356077,120.36,0.229,4
-120.422165,37.356077,120.47,0.232,4
-120.421863,37.356077,120.69,0.231,4
-120.421561,37.356077,120.97,0.228,4
-120.421259,37.356077,121.22,0.226,4
-120.420956,37.356077,121.5,0.231,4
-120.420654,37.356077,121.58,0.235,4
-120.420352,37.356077,121.46,0.237,4
-120.420049,37.356077,121.39,0.238,4
-120.419747,37.356077,121.58,0.235,4
-120.419445,37.356077,121.85,0.228,4
-120.419143,37.356077,122.33,0.219,4
-120.41884,37.356077,122.06,0.225,4
-120.418538,37.356077,122.55,0.227,4
-120.418236,37.356077,123.08,0.238,4
-120.417934,37.356077,124.21,0.258,4
-120.417631,37.356077,124.99,0.265,4
-120.417329,37.356077,124.99,0.269,4
-120.417027,37.356077,124.9,0.289,4
-120.433652,37.355775,119.65,0.204,4
-120.433349,37.355775,119.54,0.234,4
-120.433047,37.355775,119.43,0.226,4
-120.432745,37.355775,120.05,0.237,4
-120.432443,37.355775,120.59,0.259,4
-120.43214,37.355775,121.46,0.241,4
-120.431838,37.355775,122.39,0.23,4
-120.431536,37.355775,123.01,0.233,4
-120.431234,37.355775,123.26,0.236,4
-120.430931,37.355775,123.28,0.239,4
-120.430629,37.355775,123.03,0.236,4
-120.430327,37.355775,122.68,0.236,4
-120.430024,37.355775,120.98,0.232,4
-120.429722,37.355775,120.33,0.232,4
-120.42942,37.355775,119.9,0.235,4
-120.429118,37.355775,119.62,0.237,4
-120.428815,37.355775,119.44,0.234,4
-120.428513,37.355775,119.31,0.229,4
-120.428211,37.355775,119.15,0.228,4
-120.427909,37.355775,118.86,0.232,4
-120.427606,37.355775,118.64,0.232,4
-120.427304,37.355775,118.48,0.234,4
-120.427002,37.355775,118.57,0.234,4
-120.426699,37.355775,118.9,0.239,4
-120.426397,37.355775,119.45,0.239,4
-120.426095,37.355775,120.07,0.236,4
-120.425793,37.355775,120.62,0.243,4
-120.42549,37.355775,121.06,0.257,4
-120.425188,37.355775,121.42,0.256,4
-120.424886,37.355775,121.65,0.253,4
-120.424584,37.355775,121.74,0.255,4
-120.424281,37.355775,121.19,0.252,4
-120.423979,37.355775,120.74,0.246,4
-120.423677,37.355775,119.93,0.235,4
-120.423374,37.355775,119.39,0.229,4
-120.423072,37.355775,119.16,0.23,4
-120.42277,37.355775,119,0.23,4
-120.422468,37.355775,119.01,0.233,4
-120.422165,37.355775,119.1,0.234,4
-120.421863,37.355775,119.28,0.229,4
-120.421561,37.355775,119.51,0.228,4
-120.421259,37.355775,119.71,0.228,4
-120.420956,37.355775,119.95,0.234,4
-120.420654,37.355775,120.06,0.234,4
-120.420352,37.355775,120.02,0.233,4
-120.420049,37.355775,120.06,0.234,4
-120.419747,37.355775,120.2,0.234,4
-120.419445,37.355775,120.1,0.235,4
-120.419143,37.355775,120.21,0.215,4
-120.41884,37.355775,121.43,0.226,4
-120.418538,37.355775,122.08,0.228,4
-120.418236,37.355775,123.04,0.239,4
-120.417934,37.355775,124.33,0.262,4
-120.417631,37.355775,124.8,0.273,4
-120.433349,37.355473,119.23,0.341,4
-120.433047,37.355473,119.25,0.274,4
-120.432745,37.355473,120.07,0.224,4
-120.432443,37.355473,120.64,0.247,4
-120.43214,37.355473,121.37,0.235,4
-120.431838,37.355473,122.11,0.23,4
-120.431536,37.355473,122.68,0.232,4
-120.431234,37.355473,123.06,0.233,4
-120.430931,37.355473,123.23,0.237,4
-120.430629,37.355473,123.09,0.237,4
-120.430327,37.355473,122.77,0.237,4
-120.430024,37.355473,121.68,0.234,4
-120.429722,37.355473,120.61,0.233,4
-120.42942,37.355473,120.08,0.232,4
-120.429118,37.355473,119.8,0.235,4
-120.428815,37.355473,119.57,0.234,4
-120.428513,37.355473,119.36,0.229,4
-120.428211,37.355473,119.1,0.227,4
-120.427909,37.355473,118.75,0.229,4
-120.427606,37.355473,118.48,0.23,4
-120.427304,37.355473,118.32,0.231,4
-120.427002,37.355473,118.45,0.233,4
-120.426699,37.355473,118.85,0.235,4
-120.426397,37.355473,119.46,0.238,4
-120.426095,37.355473,120.13,0.239,4
-120.425793,37.355473,120.78,0.242,4
-120.42549,37.355473,121.38,0.248,4
-120.425188,37.355473,121.91,0.254,4
-120.424886,37.355473,122.28,0.253,4
-120.424584,37.355473,122.44,0.247,4
-120.424281,37.355473,121.64,0.242,4
-120.423979,37.355473,120.67,0.235,4
-120.423677,37.355473,119.79,0.23,4
-120.423374,37.355473,119.28,0.231,4
-120.423072,37.355473,118.96,0.233,4
-120.42277,37.355473,118.74,0.233,4
-120.422468,37.355473,118.75,0.232,4
-120.422165,37.355473,118.88,0.228,4
-120.421863,37.355473,119.06,0.224,4
-120.421561,37.355473,119.25,0.226,4
-120.421259,37.355473,119.42,0.232,4
-120.420956,37.355473,119.69,0.233,4
-120.420654,37.355473,119.83,0.231,4
-120.420352,37.355473,119.88,0.23,4
-120.433047,37.355171,119.38,0.25,4
-120.432745,37.355171,120.28,0.23,4
-120.432443,37.355171,120.75,0.249,4
-120.43214,37.355171,121.28,0.237,4
-120.431838,37.355171,121.83,0.227,4
-120.431536,37.355171,122.36,0.225,4
-120.431234,37.355171,122.83,0.226,4
-120.430931,37.355171,123.12,0.231,4
-120.430629,37.355171,123.1,0.237,4
-120.430327,37.355171,122.89,0.237,4
-120.430024,37.355171,122.55,0.234,4
-120.429722,37.355171,121,0.232,4
-120.42942,37.355171,120.42,0.231,4
-120.429118,37.355171,120.14,0.234,4
-120.428815,37.355171,119.87,0.233,4
-120.428513,37.355171,119.59,0.231,4
-120.428211,37.355171,119.25,0.23,4
-120.427909,37.355171,118.84,0.23,4
-120.427606,37.355171,118.57,0.232,4
-120.427304,37.355171,118.71,0.23,4
-120.427002,37.355171,119.1,0.234,4
-120.426699,37.355171,119.41,0.234,4
-120.426397,37.355171,119.83,0.236,4
-120.426095,37.355171,120,0.235,4
-120.425793,37.355171,120.31,0.234,4
-120.42549,37.355171,120.92,0.237,4
-120.425188,37.355171,121.66,0.244,4
-120.424886,37.355171,122.09,0.249,4
-120.424584,37.355171,122.25,0.245,4
-120.424281,37.355171,121.45,0.239,4
-120.423979,37.355171,120.53,0.23,4
-120.423677,37.355171,119.75,0.226,4
-120.423374,37.355171,119.27,0.229,4
-120.423072,37.355171,118.91,0.233,4
-120.42277,37.355171,118.69,0.234,4
-120.432745,37.354868,120.66,0.238,4
-120.432443,37.354868,121.02,0.229,4
-120.43214,37.354868,121.4,0.233,4
-120.431838,37.354868,121.8,0.228,4
-120.431536,37.354868,122.26,0.221,4
-120.431234,37.354868,122.76,0.221,4
-120.430931,37.354868,123.25,0.228,4
-120.430629,37.354868,123.63,0.234,4
-120.430327,37.354868,123.53,0.237,4
-120.430024,37.354868,123.3,0.236,4
-120.429722,37.354868,122.14,0.232,4
-120.42942,37.354868,121.68,0.233,4
-120.429118,37.354868,121.34,0.232,4
-120.428815,37.354868,121.19,0.231,4
-120.428513,37.354868,120.98,0.231,4
-120.428211,37.354868,120.63,0.232,4
-120.427909,37.354868,120.13,0.232,4
-120.427304,37.354868,119.45,0.231,4
-120.427002,37.354868,120.37,0.235,4
-120.426699,37.354868,120.69,0.234,4
-120.426397,37.354868,121.01,0.236,4
-120.426095,37.354868,120.25,0.235,4
-120.425793,37.354868,119.91,0.234,4
-120.42549,37.354868,120.2,0.233,4
-120.432745,37.354566,121.1,0.255,4
-120.432443,37.354566,121.4,0.24,4
-120.43214,37.354566,121.76,0.233,4
-120.431838,37.354566,122.14,0.227,4
-120.431536,37.354566,122.59,0.219,4
-120.431234,37.354566,123.06,0.217,4
-120.430931,37.354566,123.63,0.224,4
-120.430629,37.354566,124.19,0.228,4
-120.430327,37.354566,124.21,0.232,4
