"longitude","latitude","temperature","ndvi","valid_observations"
-117.317451,33.991713,125.9,0.307,3
-117.317147,33.991713,125.18,0.306,3
-117.316842,33.991713,124.76,0.342,3
-117.316538,33.991713,124.57,0.334,3
-117.316234,33.991713,124.7,0.355,3
-117.31593,33.991713,125.19,0.232,3
-117.318972,33.991409,130.32,0.19,3
-117.318668,33.991409,129.83,0.187,3
-117.318364,33.991409,129.03,0.199,3
-117.318059,33.991409,128.29,0.276,3
-117.317755,33.991409,127.47,0.36,3
-117.317451,33.991409,126.57,0.358,3
-117.317147,33.991409,125.86,0.29,3
-117.316842,33.991409,125.41,0.229,3
-117.316538,33.991409,125.14,0.259,3
-117.316234,33.991409,125.23,0.323,3
-117.31593,33.991409,125.65,0.203,3
-117.320189,33.991105,127.58,0.173,3
-117.319885,33.991105,128.93,0.182,3
-117.319581,33.991105,129.84,0.186,3
-117.319276,33.991105,130.26,0.188,3
-117.318972,33.991105,130.32,0.189,3
-117.318668,33.991105,130.12,0.187,3
-117.318364,33.991105,129.73,0.192,3
-117.318059,33.991105,129.31,0.213,3
-117.317755,33.991105,128.82,0.257,3
-117.317451,33.991105,128.16,0.279,3
-117.317147,33.991105,127.48,0.246,3
-117.316842,33.991105,126.89,0.236,3
-117.316538,33.991105,126.41,0.261,3
-117.316234,33.991105,126.13,0.203,3
-117.31593,33.991105,125.99,0.178,3
-117.315625,33.991105,123.71,0.249,4
-117.321406,33.990801,120.15,0.168,3
-117.321102,33.990801,121.36,0.173,3
-117.320798,33.990801,122.87,0.167,3
-117.320494,33.990801,124.64,0.167,3
-117.320189,33.990801,126.11,0.169,3
-117.319885,33.990801,126.97,0.17,3
-117.319581,33.990801,127.85,0.174,3
-117.319276,33.990801,128.59,0.179,3
-117.318972,33.990801,129.56,0.179,3
-117.318668,33.990801,130.08,0.176,3
-117.318364,33.990801,130.22,0.183,3
-117.318059,33.990801,130.2,0.213,3
-117.317755,33.990801,130,0.253,3
-117.317451,33.990801,129.7,0.255,3
-117.317147,33.990801,129.29,0.235,3
-117.316842,33.990801,128.64,0.28,3
-117.316538,33.990801,127.94,0.285,3
-117.316234,33.990801,127.1,0.214,3
-117.31593,33.990801,126,0.211,3
-117.315625,33.990801,122.94,0.354,4
-117.323232,33.990496,121.69,0.177,3
-117.322928,33.990496,120.61,0.176,3
-117.322623,33.990496,119.51,0.175,3
-117.322319,33.990496,118.77,0.17,3
-117.322015,33.990496,118.6,0.168,3
-117.321711,33.990496,118.98,0.166,3
-117.321406,33.990496,119.76,0.169,3
-117.321102,33.990496,120.75,0.18,3
-117.320798,33.990496,121.96,0.178,3
-117.320494,33.990496,123.38,0.175,3
-117.320189,33.990496,124.59,0.171,3
-117.319885,33.990496,125.2,0.172,3
-117.319581,33.990496,125.81,0.172,3
-117.319276,33.990496,126.57,0.169,3
-117.318972,33.990496,127.82,0.172,3
-117.318668,33.990496,128.78,0.177,3
-117.318364,33.990496,129.43,0.187,3
-117.318059,33.990496,129.92,0.221,3
-117.317755,33.990496,130.24,0.257,3
-117.317451,33.990496,130.39,0.239,3
-117.317147,33.990496,130.32,0.212,3
-117.316842,33.990496,129.99,0.265,3
-117.316538,33.990496,129.21,0.273,3
-117.316234,33.990496,127.94,0.259,3
-117.31593,33.990496,126.24,0.272,3
-117.315625,33.990496,123.82,0.456,4
-117.315321,33.990496,122.86,0.413,4
-117.324449,33.990192,126.94,0.189,3
-117.324145,33.990192,126.08,0.188,3
-117.32384,33.990192,124.93,0.189,3
-117.323536,33.990192,123.86,0.186,3
-117.323232,33.990192,122.82,0.18,3
-117.322928,33.990192,121.73,0.179,3
-117.322623,33.990192,120.65,0.175,3
-117.322319,33.990192,119.76,0.165,3
-117.322015,33.990192,119.24,0.161,3
-117.321711,33.990192,119.19,0.162,3
-117.321406,33.990192,119.57,0.165,3
-117.321102,33.990192,120.29,0.181,3
-117.320798,33.990192,121.27,0.189,3
-117.320494,33.990192,122.33,0.18,3
-117.320189,33.990192,123.25,0.172,3
-117.319885,33.990192,123.63,0.171,3
-117.319581,33.990192,124.02,0.171,3
-117.319276,33.990192,124.61,0.164,3
-117.318972,33.990192,125.92,0.165,3
-117.318668,33.990192,127.15,0.175,3
-117.318364,33.990192,128.15,0.19,3
-117.318059,33.990192,129.1,0.214,3
-117.317755,33.990192,130.07,0.244,3
-117.317451,33.990192,130.94,0.247,3
-117.317147,33.990192,131.35,0.231,3
-117.316842,33.990192,131.16,0.242,3
-117.316538,33.990192,130.32,0.223,3
-117.316234,33.990192,128.91,0.228,3
-117.31593,33.990192,127.03,0.304,3
-117.315625,33.990192,125.8,0.398,3
-117.315321,33.990192,124.58,0.338,3
-117.315017,33.990192,124.05,0.274,3
-117.326883,33.989888,120.22,0.247,3
-117.326579,33.989888,119.96,0.182,3
-117.326275,33.989888,119.9,0.167,3
-117.32597,33.989888,120.58,0.167,3
-117.325666,33.989888,122.68,0.174,3
-117.325362,33.989888,124.81,0.173,3
-117.325058,33.989888,126.35,0.179,3
-117.324753,33.989888,126.28,0.187,3
-117.324449,33.989888,125.86,0.193,3
-117.324145,33.989888,125.24,0.193,3
-117.32384,33.989888,124.74,0.186,3
-117.323536,33.989888,124.08,0.178,3
-117.323232,33.989888,123.28,0.174,3
-117.322928,33.989888,122.4,0.178,3
-117.322623,33.989888,121.48,0.182,3
-117.322319,33.989888,120.61,0.184,3
-117.322015,33.989888,119.88,0.194,3
-117.321711,33.989888,119.47,0.191,3
-117.321406,33.989888,119.48,0.177,3
-117.321102,33.989888,119.92,0.175,3
-117.320798,33.989888,120.47,0.176,3
-117.320494,33.989888,121.25,0.176,3
-117.320189,33.989888,121.82,0.166,3
-117.319885,33.989888,122.37,0.164,3
-117.319581,33.989888,122.73,0.164,3
-117.319276,33.989888,123.25,0.17,3
-117.318972,33.989888,124.32,0.176,3
-117.318668,33.989888,125.54,0.181,3
-117.318364,33.989888,126.72,0.187,3
-117.318059,33.989888,127.95,0.203,3
-117.317755,33.989888,129.41,0.225,3
-117.317451,33.989888,130.94,0.233,3
-117.317147,33.989888,131.85,0.229,3
-117.316842,33.989888,131.8,0.231,3
-117.316538,33.989888,131.07,0.239,3
-117.316234,33.989888,129.91,0.275,3
-117.31593,33.989888,128.69,0.307,3
-117.315625,33.989888,127.46,0.271,3
-117.315321,33.989888,126.23,0.27,3
-117.315017,33.989888,125.18,0.264,3
-117.328404,33.989584,122.15,0.277,3
-117.3281,33.989584,121.97,0.259,3
-117.327796,33.989584,121.78,0.237,3
-117.327492,33.989584,121.55,0.224,3
-117.327187,33.989584,121.02,0.228,3
-117.326883,33.989584,120.5,0.225,3
-117.326579,33.989584,120.06,0.184,3
-117.326275,33.989584,119.78,0.169,3
-117.32597,33.989584,119.85,0.159,3
-117.325666,33.989584,121.12,0.159,3
-117.325362,33.989584,123.28,0.173,3
-117.325058,33.989584,124.77,0.175,3
-117.324753,33.989584,124.84,0.187,3
-117.324449,33.989584,124.55,0.2,3
-117.324145,33.989584,124.1,0.229,3
-117.32384,33.989584,124.07,0.234,3
-117.323536,33.989584,123.73,0.208,3
-117.323232,33.989584,123.1,0.206,3
-117.322928,33.989584,122.4,0.237,3
-117.322623,33.989584,121.64,0.238,3
-117.322319,33.989584,120.91,0.257,3
-117.322015,33.989584,120.22,0.328,3
-117.321711,33.989584,119.69,0.281,3
-117.321406,33.989584,119.49,0.215,3
-117.321102,33.989584,119.73,0.189,3
-117.320798,33.989584,119.94,0.17,3
-117.320494,33.989584,120.44,0.167,3
-117.320189,33.989584,120.74,0.169,3
-117.319885,33.989584,121.34,0.175,3
-117.319581,33.989584,121.69,0.175,3
-117.319276,33.989584,122.15,0.182,3
-117.318972,33.989584,122.96,0.188,3
-117.318668,33.989584,124,0.189,3
-117.318364,33.989584,125.2,0.184,3
-117.318059,33.989584,126.63,0.183,3
-117.317755,33.989584,128.43,0.188,3
-117.317451,33.989584,130.34,0.194,3
-117.317147,33.989584,131.63,0.201,3
-117.316842,33.989584,131.92,0.211,3
-117.316538,33.989584,131.62,0.231,3
-117.316234,33.989584,130.95,0.265,3
-117.31593,33.989584,130.31,0.287,3
-117.315625,33.989584,129.35,0.238,3
-117.315321,33.989584,128.27,0.252,3
-117.315017,33.989584,127.15,0.248,3
-117.329622,33.989279,119.44,0.356,3
-117.329317,33.989279,119.55,0.455,3
-117.329013,33.989279,120.57,0.556,3
-117.328709,33.989279,121.42,0.453,3
-117.328404,33.989279,122,0.335,3
-117.3281,33.989279,122.04,0.32,3
-117.327796,33.989279,121.97,0.323,3
-117.327492,33.989279,121.91,0.281,3
-117.327187,33.989279,121.61,0.233,3
-117.326883,33.989279,121.01,0.222,3
-117.326579,33.989279,120.28,0.201,3
-117.326275,33.989279,119.76,0.178,3
-117.32597,33.989279,119.74,0.181,3
-117.325666,33.989279,120.84,0.18,3
-117.325362,33.989279,122.6,0.18,3
-117.325058,33.989279,123.76,0.182,3
-117.324753,33.989279,123.87,0.234,3
-117.324449,33.989279,123.72,0.257,3
-117.324145,33.989279,123.39,0.336,3
-117.32384,33.989279,123.45,0.303,3
-117.323536,33.989279,123.19,0.216,3
-117.323232,33.989279,122.66,0.255,3
-117.322928,33.989279,122.07,0.336,3
-117.322623,33.989279,121.46,0.343,3
-117.322319,33.989279,120.92,0.363,3
-117.322015,33.989279,120.42,0.397,3
-117.321711,33.989279,120.01,0.324,3
-117.321406,33.989279,119.82,0.295,3
-117.321102,33.989279,119.96,0.306,3
-117.320798,33.989279,119.95,0.222,3
-117.320494,33.989279,120.16,0.175,3
-117.320189,33.989279,120.24,0.176,3
-117.319885,33.989279,120.68,0.178,3
-117.319581,33.989279,120.9,0.18,3
-117.319276,33.989279,121.2,0.187,3
-117.318972,33.989279,121.8,0.187,3
-117.318668,33.989279,122.59,0.185,3
-117.318364,33.989279,123.61,0.179,3
-117.318059,33.989279,125.04,0.167,3
-117.317755,33.989279,127,0.164,3
-117.317451,33.989279,129.05,0.178,3
-117.317147,33.989279,130.4,0.187,3
-117.316842,33.989279,130.95,0.183,3
-117.316538,33.989279,131.08,0.184,3
-117.316234,33.989279,130.96,0.2,3
-117.31593,33.989279,130.83,0.221,3
-117.315625,33.989279,130.26,0.233,3
-117.315321,33.989279,129.51,0.249,3
-117.315017,33.989279,128.65,0.236,3
-117.314712,33.989279,127.87,0.303,3
-117.330839,33.988975,122.87,0.217,3
-117.330534,33.988975,122.23,0.231,3
-117.33023,33.988975,121.68,0.315,3
-117.329926,33.988975,120.69,0.468,3
-117.329622,33.988975,120.41,0.316,3
-117.329317,33.988975,120.54,0.332,3
-117.329013,33.988975,120.86,0.486,3
-117.328709,33.988975,121.45,0.44,3
-117.328404,33.988975,121.92,0.358,3
-117.3281,33.988975,122.38,0.364,3
-117.327796,33.988975,122.72,0.385,3
-117.327492,33.988975,122.8,0.333,3
-117.327187,33.988975,122.61,0.271,3
-117.326883,33.988975,122,0.257,3
-117.326579,33.988975,121.22,0.203,3
-117.326275,33.988975,120.72,0.219,3
-117.32597,33.988975,120.79,0.326,3
-117.325666,33.988975,121.26,0.363,3
-117.325362,33.988975,122.29,0.257,3
-117.325058,33.988975,122.95,0.198,3
-117.324753,33.988975,123.42,0.288,3
-117.324449,33.988975,123.51,0.302,3
-117.324145,33.988975,123.38,0.317,3
-117.32384,33.988975,122.89,0.239,3
-117.323536,33.988975,122.37,0.205,3
-117.323232,33.988975,121.91,0.283,3
-117.322928,33.988975,121.62,0.389,3
-117.322623,33.988975,121.4,0.425,3
-117.322319,33.988975,121.06,0.446,3
-117.322015,33.988975,120.78,0.464,3
-117.321711,33.988975,120.57,0.336,3
-117.321406,33.988975,120.52,0.319,3
-117.321102,33.988975,120.62,0.344,3
-117.320798,33.988975,120.55,0.275,3
-117.320494,33.988975,120.52,0.29,3
-117.320189,33.988975,120.4,0.257,3
-117.319885,33.988975,120.35,0.255,3
-117.319581,33.988975,120.34,0.23,3
-117.319276,33.988975,120.45,0.199,3
-117.318972,33.988975,120.77,0.185,3
-117.318668,33.988975,121.29,0.18,3
-117.318364,33.988975,122.06,0.176,3
-117.318059,33.988975,123.49,0.171,3
-117.317755,33.988975,125.49,0.167,3
-117.317451,33.988975,127.37,0.171,3
-117.317147,33.988975,128.57,0.175,3
-117.316842,33.988975,129.22,0.174,3
-117.316538,33.988975,129.7,0.173,3
-117.316234,33.988975,129.96,0.185,3
-117.31593,33.988975,130.08,0.21,3
-117.315625,33.988975,129.98,0.251,3
-117.315321,33.988975,129.69,0.236,3
-117.315017,33.988975,129.43,0.27,3
-117.314712,33.988975,127.75,0.344,3
-117.332664,33.988671,127.42,0.269,3
-117.33236,33.988671,127.35,0.234,3
-117.332056,33.988671,126.96,0.176,3
-117.331751,33.988671,126.32,0.135,3
-117.331447,33.988671,125.59,0.131,3
-117.331143,33.988671,124.68,0.18,3
-117.330839,33.988671,123.29,0.241,3
-117.330534,33.988671,122.61,0.268,3
-117.33023,33.988671,122,0.262,3
-117.329926,33.988671,120.95,0.425,3
-117.329622,33.988671,120.61,0.457,3
-117.329317,33.988671,121,0.366,3
-117.329013,33.988671,121.42,0.342,3
-117.328709,33.988671,121.76,0.281,3
-117.328404,33.988671,121.99,0.292,3
-117.3281,33.988671,122.36,0.404,3
-117.327796,33.988671,122.62,0.433,3
-117.327492,33.988671,122.67,0.357,3
-117.327187,33.988671,122.59,0.315,3
-117.326883,33.988671,122.23,0.307,3
-117.326579,33.988671,121.74,0.277,3
-117.326275,33.988671,121.44,0.289,3
-117.32597,33.988671,121.49,0.413,3
-117.325666,33.988671,121.46,0.443,3
-117.325362,33.988671,121.84,0.332,3
-117.325058,33.988671,122.17,0.288,3
-117.324753,33.988671,122.71,0.306,3
-117.324449,33.988671,122.96,0.325,3
-117.324145,33.988671,123.01,0.31,3
-117.32384,33.988671,122.57,0.323,3
-117.323536,33.988671,122.1,0.35,3
-117.323232,33.988671,121.74,0.369,3
-117.322928,33.988671,121.65,0.404,3
-117.322623,33.988671,121.65,0.459,3
-117.322319,33.988671,121.48,0.512,3
-117.322015,33.988671,121.34,0.495,3
-117.321711,33.988671,121.26,0.34,3
-117.321406,33.988671,121.29,0.241,3
-117.321102,33.988671,121.38,0.234,3
-117.320798,33.988671,121.22,0.279,3
-117.320494,33.988671,121.02,0.368,3
-117.320189,33.988671,120.75,0.392,3
-117.319885,33.988671,120.52,0.432,3
-117.319581,33.988671,120.35,0.315,3
-117.319276,33.988671,120.26,0.218,3
-117.318972,33.988671,120.38,0.189,3
-117.318668,33.988671,120.75,0.184,3
-117.318364,33.988671,121.53,0.18,3
-117.318059,33.988671,122.97,0.173,3
-117.317755,33.988671,124.86,0.171,3
-117.317451,33.988671,126.55,0.175,3
-117.317147,33.988671,127.69,0.172,3
-117.316842,33.988671,128.43,0.172,3
-117.316538,33.988671,128.99,0.187,3
-117.316234,33.988671,129.42,0.21,3
-117.31593,33.988671,129.71,0.252,3
-117.315625,33.988671,129.84,0.257,3
-117.315321,33.988671,129.85,0.245,3
-117.315017,33.988671,129.66,0.299,3
-117.314712,33.988671,128.02,0.307,3
-117.314408,33.988671,127.12,0.366,3
-117.333881,33.988366,123.56,0.296,3
-117.333577,33.988366,124.14,0.287,3
-117.333273,33.988366,125.02,0.311,3
-117.332968,33.988366,126.28,0.324,3
-117.332664,33.988366,127.21,0.35,3
-117.33236,33.988366,127.44,0.3,3
-117.332056,33.988366,127.29,0.184,3
-117.331751,33.988366,126.81,0.168,3
-117.331447,33.988366,126.11,0.167,3
-117.331143,33.988366,125.12,0.132,3
-117.330839,33.988366,123.58,0.241,3
-117.330534,33.988366,122.56,0.315,3
-117.33023,33.988366,121.66,0.29,3
-117.329926,33.988366,120.53,0.368,3
-117.329622,33.988366,120.25,0.45,3
-117.329317,33.988366,120.54,0.365,3
-117.329013,33.988366,121.19,0.305,3
-117.328709,33.988366,121.45,0.301,3
-117.328404,33.988366,121.29,0.381,3
-117.3281,33.988366,121.64,0.45,3
-117.327796,33.988366,122.01,0.444,3
-117.327492,33.988366,122.11,0.399,3
-117.327187,33.988366,122.37,0.365,3
-117.326883,33.988366,122.52,0.359,3
-117.326579,33.988366,122.5,0.365,3
-117.326275,33.988366,122.4,0.324,3
-117.32597,33.988366,122.27,0.343,3
-117.325666,33.988366,122,0.442,3
-117.325362,33.988366,122.03,0.412,3
-117.325058,33.988366,122.12,0.33,3
-117.324753,33.988366,122.51,0.318,3
-117.324449,33.988366,122.74,0.309,3
-117.324145,33.988366,122.87,0.292,3
-117.32384,33.988366,122.51,0.29,3
-117.323536,33.988366,122.1,0.331,3
-117.323232,33.988366,121.84,0.347,3
-117.322928,33.988366,121.89,0.339,3
-117.322623,33.988366,122.05,0.35,3
-117.322319,33.988366,122.02,0.361,3
-117.322015,33.988366,122.01,0.35,3
-117.321711,33.988366,122.02,0.328,3
-117.321406,33.988366,122.11,0.267,3
-117.321102,33.988366,122.19,0.254,3
-117.320798,33.988366,121.91,0.244,3
-117.320494,33.988366,121.62,0.298,3
-117.320189,33.988366,121.23,0.389,3
-117.319885,33.988366,120.89,0.417,3
-117.319581,33.988366,120.59,0.31,3
-117.319276,33.988366,120.31,0.227,3
-117.318972,33.988366,120.28,0.198,3
-117.318668,33.988366,120.65,0.183,3
-117.318364,33.988366,121.57,0.174,3
-117.318059,33.988366,123.06,0.171,3
-117.317755,33.988366,124.85,0.172,3
-117.317451,33.988366,126.48,0.176,3
-117.317147,33.988366,127.74,0.186,3
-117.316842,33.988366,128.73,0.202,3
-117.316538,33.988366,129.45,0.233,3
-117.316234,33.988366,129.93,0.217,3
-117.31593,33.988366,130.12,0.218,3
-117.315625,33.988366,130.19,0.243,3
-117.315321,33.988366,130.19,0.255,3
-117.315017,33.988366,129.89,0.294,3
-117.314712,33.988366,128.56,0.261,3
-117.314408,33.988366,127.15,0.292,3
-117.335098,33.988062,123.08,0.29,3
-117.334794,33.988062,123.23,0.261,3
-117.33449,33.988062,123.58,0.252,3
-117.334186,33.988062,123.85,0.283,3
-117.333881,33.988062,124.21,0.328,3
-117.333577,33.988062,124.65,0.35,3
-117.333273,33.988062,125.21,0.324,3
-117.332968,33.988062,126.14,0.297,3
-117.332664,33.988062,126.95,0.284,3
-117.33236,33.988062,127.33,0.226,3
-117.332056,33.988062,127.42,0.175,3
-117.331751,33.988062,127.11,0.212,3
-117.331447,33.988062,126.38,0.22,3
-117.331143,33.988062,125.27,0.139,3
-117.330839,33.988062,123.61,0.156,3
-117.330534,33.988062,122.23,0.271,3
-117.33023,33.988062,120.83,0.315,3
-117.329926,33.988062,119.91,0.306,3
-117.329622,33.988062,119.49,0.31,3
-117.329317,33.988062,119.38,0.294,3
-117.329013,33.988062,119.75,0.266,3
-117.328709,33.988062,120.22,0.268,3
-117.328404,33.988062,120.4,0.326,3
-117.3281,33.988062,120.75,0.364,3
-117.327796,33.988062,121.13,0.384,3
-117.327492,33.988062,121.47,0.413,3
-117.327187,33.988062,122.1,0.407,3
-117.326883,33.988062,122.78,0.355,3
-117.326579,33.988062,123.19,0.318,3
-117.326275,33.988062,123.28,0.262,3
-117.32597,33.988062,123.22,0.257,3
-117.325666,33.988062,123,0.353,3
-117.325362,33.988062,122.89,0.349,3
-117.325058,33.988062,122.8,0.321,3
-117.324753,33.988062,122.78,0.296,3
-117.324449,33.988062,122.81,0.319,3
-117.324145,33.988062,122.85,0.346,3
-117.32384,33.988062,122.65,0.357,3
-117.323536,33.988062,122.38,0.386,3
-117.323232,33.988062,122.19,0.363,3
-117.322928,33.988062,122.23,0.32,3
-117.322623,33.988062,122.38,0.314,3
-117.322319,33.988062,122.45,0.322,3
-117.322015,33.988062,122.54,0.347,3
-117.321711,33.988062,122.67,0.367,3
-117.321406,33.988062,122.85,0.3,3
-117.321102,33.988062,122.96,0.265,3
-117.320798,33.988062,122.78,0.235,3
-117.320494,33.988062,122.45,0.264,3
-117.320189,33.988062,121.94,0.312,3
-117.319885,33.988062,121.44,0.303,3
-117.319581,33.988062,120.99,0.296,3
-117.319276,33.988062,120.56,0.25,3
-117.318972,33.988062,120.6,0.21,3
-117.318668,33.988062,121.15,0.191,3
-117.318364,33.988062,122.19,0.182,3
-117.318059,33.988062,123.72,0.179,3
-117.317755,33.988062,125.45,0.174,3
-117.317451,33.988062,127.01,0.171,3
-117.317147,33.988062,128.41,0.188,3
-117.316842,33.988062,129.66,0.224,3
-117.316538,33.988062,130.64,0.268,3
-117.316234,33.988062,131.25,0.22,3
-117.31593,33.988062,131.39,0.202,3
-117.315625,33.988062,131.19,0.201,3
-117.315321,33.988062,130.97,0.254,3
-117.315017,33.988062,130.16,0.256,3
-117.314712,33.988062,128.63,0.237,3
-117.314408,33.988062,127.2,0.23,3
-117.314104,33.988062,125.58,0.223,4
-117.336315,33.987758,123.74,0.25,3
-117.336011,33.987758,123.31,0.325,3
-117.335707,33.987758,122.91,0.316,3
-117.335403,33.987758,123.31,0.384,3
-117.335098,33.987758,123.63,0.342,3
-117.334794,33.987758,124.02,0.295,3
-117.33449,33.987758,124.32,0.256,3
-117.334186,33.987758,124.38,0.246,3
-117.333881,33.987758,124.82,0.261,3
-117.333577,33.987758,125.18,0.36,3
-117.333273,33.987758,125.52,0.338,3
-117.332968,33.987758,125.99,0.311,3
-117.332664,33.987758,126.57,0.287,3
-117.33236,33.987758,127.08,0.196,3
-117.332056,33.987758,127.32,0.14,3
-117.331751,33.987758,127.09,0.19,3
-117.331447,33.987758,126.34,0.236,3
-117.331143,33.987758,125.2,0.21,3
-117.330839,33.987758,123.66,0.137,3
-117.330534,33.987758,121.97,0.189,3
-117.33023,33.987758,120.24,0.306,3
-117.329926,33.987758,119.66,0.488,3
-117.329622,33.987758,118.69,0.556,3
-117.329317,33.987758,118.14,0.471,3
-117.329013,33.987758,118,0.382,3
-117.328709,33.987758,118.41,0.399,3
-117.328404,33.987758,119.1,0.486,3
-117.3281,33.987758,119.5,0.475,3
-117.327796,33.987758,119.91,0.419,3
-117.327492,33.987758,120.67,0.421,3
-117.327187,33.987758,121.63,0.379,3
-117.326883,33.987758,122.65,0.273,3
-117.326579,33.987758,123.37,0.289,3
-117.326275,33.987758,123.72,0.256,3
-117.32597,33.987758,123.89,0.283,3
-117.325666,33.987758,123.89,0.321,3
-117.325362,33.987758,123.78,0.39,3
-117.325058,33.987758,123.62,0.351,3
-117.324753,33.987758,123.07,0.284,3
-117.324449,33.987758,122.9,0.319,3
-117.324145,33.987758,122.84,0.338,3
-117.32384,33.987758,122.9,0.342,3
-117.323536,33.987758,122.84,0.339,3
-117.323232,33.987758,122.7,0.337,3
-117.322928,33.987758,122.6,0.378,3
-117.322623,33.987758,122.58,0.391,3
-117.322319,33.987758,122.64,0.337,3
-117.322015,33.987758,122.78,0.345,3
-117.321711,33.987758,123.01,0.363,3
-117.321406,33.987758,123.3,0.284,3
-117.321102,33.987758,123.47,0.267,3
-117.320798,33.987758,123.48,0.288,3
-117.320494,33.987758,123.13,0.273,3
-117.320189,33.987758,122.64,0.261,3
-117.319885,33.987758,122.03,0.263,3
-117.319581,33.987758,121.56,0.287,3
-117.319276,33.987758,121.16,0.266,3
-117.318972,33.987758,121.47,0.226,3
-117.318668,33.987758,122.19,0.194,3
-117.318364,33.987758,123.23,0.18,3
-117.318059,33.987758,124.76,0.174,3
-117.317755,33.987758,126.41,0.171,3
-117.317451,33.987758,127.84,0.177,3
-117.317147,33.987758,129.25,0.19,3
-117.316842,33.987758,130.6,0.203,3
-117.316538,33.987758,131.76,0.211,3
-117.316234,33.987758,132.43,0.224,3
-117.31593,33.987758,132.52,0.237,3
-117.315625,33.987758,132.03,0.23,3
-117.315321,33.987758,131.55,0.274,3
-117.315017,33.987758,130.16,0.239,3
-117.314712,33.987758,127.21,0.2,4
-117.314408,33.987758,125.92,0.186,4
-117.314104,33.987758,125.44,0.18,4
-117.3138,33.987758,127.33,0.171,3
-117.337837,33.987454,122.52,0.222,3
-117.337532,33.987454,122.62,0.186,3
-117.337228,33.987454,122.95,0.283,3
-117.336924,33.987454,123.36,0.36,3
-117.33662,33.987454,123.78,0.235,3
-117.336315,33.987454,124.07,0.185,3
-117.336011,33.987454,124.12,0.234,3
-117.335707,33.987454,123.86,0.197,3
-117.335403,33.987454,124,0.39,3
-117.335098,33.987454,124.32,0.302,3
-117.334794,33.987454,124.73,0.339,3
-117.33449,33.987454,124.87,0.394,3
-117.334186,33.987454,124.75,0.379,3
-117.333881,33.987454,125.14,0.378,3
-117.333577,33.987454,125.54,0.402,3
-117.333273,33.987454,125.84,0.312,3
-117.332968,33.987454,126.32,0.302,3
-117.332664,33.987454,126.94,0.348,3
-117.33236,33.987454,127.44,0.268,3
-117.332056,33.987454,127.61,0.159,3
-117.331751,33.987454,127.36,0.19,3
-117.331447,33.987454,126.69,0.255,3
-117.331143,33.987454,125.65,0.264,3
-117.330839,33.987454,124.12,0.215,3
-117.330534,33.987454,122.44,0.139,3
-117.33023,33.987454,120.67,0.215,3
-117.329926,33.987454,119.99,0.584,3
-117.329622,33.987454,118.66,0.731,3
-117.329317,33.987454,117.57,0.714,3
-117.329013,33.987454,117.05,0.661,3
-117.328709,33.987454,117.32,0.654,3
-117.328404,33.987454,117.96,0.711,3
-117.3281,33.987454,118.43,0.727,3
-117.327796,33.987454,119.04,0.617,3
-117.327492,33.987454,120,0.46,3
-117.327187,33.987454,121.07,0.352,3
-117.326883,33.987454,122.14,0.292,3
-117.326579,33.987454,123.01,0.28,3
-117.326275,33.987454,123.64,0.262,3
-117.32597,33.987454,124.05,0.268,3
-117.325666,33.987454,124.22,0.273,3
-117.325362,33.987454,124.2,0.32,3
-117.325058,33.987454,124.04,0.338,3
-117.324753,33.987454,123.45,0.299,3
-117.324449,33.987454,123.24,0.349,3
-117.324145,33.987454,123.18,0.329,3
-117.32384,33.987454,123.3,0.286,3
-117.323536,33.987454,123.32,0.306,3
-117.323232,33.987454,123.2,0.333,3
-117.322928,33.987454,123.04,0.349,3
-117.322623,33.987454,122.9,0.333,3
-117.322319,33.987454,122.86,0.281,3
-117.322015,33.987454,122.95,0.285,3
-117.321711,33.987454,123.24,0.3,3
-117.321406,33.987454,123.57,0.265,3
-117.321102,33.987454,123.73,0.269,3
-117.320798,33.987454,123.7,0.347,3
-117.320494,33.987454,123.36,0.315,3
-117.320189,33.987454,122.95,0.245,3
-117.319885,33.987454,122.43,0.245,3
-117.319581,33.987454,122.06,0.332,3
-117.319276,33.987454,121.82,0.304,3
-117.318972,33.987454,122.26,0.237,3
-117.318668,33.987454,123.05,0.193,3
-117.318364,33.987454,124.12,0.175,3
-117.318059,33.987454,125.63,0.171,3
-117.317755,33.987454,127.18,0.175,3
-117.317451,33.987454,128.49,0.191,3
-117.317147,33.987454,129.81,0.213,3
-117.316842,33.987454,131.07,0.205,3
-117.316538,33.987454,132.13,0.196,3
-117.316234,33.987454,132.59,0.208,3
-117.31593,33.987454,132.48,0.224,3
-117.315625,33.987454,131.83,0.232,3
-117.315321,33.987454,131.23,0.241,3
-117.315017,33.987454,129.83,0.226,3
-117.314712,33.987454,126.16,0.19,4
-117.314408,33.987454,125.05,0.175,4
-117.314104,33.987454,126.47,0.165,3
-117.3138,33.987454,129.03,0.156,3
-117.340271,33.987149,125.68,0.097,3
-117.339967,33.987149,125.38,0.294,3
-117.339662,33.987149,122.93,0.254,4
-117.339358,33.987149,122.74,0.282,4
-117.339054,33.987149,124.51,0.155,3
-117.33875,33.987149,123.84,0.158,3
-117.338445,33.987149,123.23,0.232,3
-117.338141,33.987149,122.88,0.268,3
-117.337837,33.987149,122.62,0.211,3
-117.337532,33.987149,122.56,0.178,3
-117.337228,33.987149,122.74,0.32,3
-117.336924,33.987149,123.06,0.433,3
-117.33662,33.987149,123.46,0.288,3
-117.336315,33.987149,123.88,0.201,3
-117.336011,33.987149,124.18,0.281,3
-117.335707,33.987149,124.19,0.225,3
-117.335403,33.987149,124.48,0.33,3
-117.335098,33.987149,124.81,0.263,3
-117.334794,33.987149,125.17,0.324,3
-117.33449,33.987149,125.28,0.407,3
-117.334186,33.987149,125.14,0.445,3
-117.333881,33.987149,125.51,0.437,3
-117.333577,33.987149,125.97,0.383,3
-117.333273,33.987149,126.37,0.336,3
-117.332968,33.987149,126.86,0.325,3
-117.332664,33.987149,127.41,0.308,3
-117.33236,33.987149,127.73,0.24,3
-117.332056,33.987149,127.71,0.18,3
-117.331751,33.987149,127.38,0.199,3
-117.331447,33.987149,126.82,0.253,3
-117.331143,33.987149,125.99,0.309,3
-117.330839,33.987149,124.67,0.307,3
-117.330534,33.987149,123.28,0.176,3
-117.33023,33.987149,121.8,0.122,3
-117.329926,33.987149,121.45,0.391,3
-117.329622,33.987149,119.99,0.659,3
-117.329317,33.987149,118.85,0.722,3
-117.329013,33.987149,118.25,0.716,3
-117.328709,33.987149,118.36,0.679,3
-117.328404,33.987149,118.88,0.65,3
-117.3281,33.987149,119.13,0.656,3
-117.327796,33.987149,119.44,0.652,3
-117.327492,33.987149,120.15,0.588,3
-117.327187,33.987149,120.97,0.503,3
-117.326883,33.987149,121.87,0.412,3
-117.326579,33.987149,122.73,0.272,3
-117.326275,33.987149,123.48,0.268,3
-117.32597,33.987149,124.06,0.265,3
-117.325666,33.987149,124.42,0.283,3
-117.325362,33.987149,124.51,0.319,3
-117.325058,33.987149,124.38,0.321,3
-117.324753,33.987149,123.81,0.334,3
-117.324449,33.987149,123.65,0.339,3
-117.324145,33.987149,123.69,0.323,3
-117.32384,33.987149,123.92,0.339,3
-117.323536,33.987149,123.98,0.337,3
-117.323232,33.987149,123.81,0.277,3
-117.322928,33.987149,123.49,0.25,3
-117.322623,33.987149,123.17,0.299,3
-117.322319,33.987149,123,0.343,3
-117.322015,33.987149,123.06,0.327,3
-117.321711,33.987149,123.37,0.279,3
-117.321406,33.987149,123.66,0.316,3
-117.321102,33.987149,123.69,0.259,3
-117.320798,33.987149,123.54,0.326,3
-117.320494,33.987149,123.22,0.337,3
-117.320189,33.987149,122.88,0.296,3
-117.319885,33.987149,122.41,0.299,3
-117.319581,33.987149,122.12,0.379,3
-117.319276,33.987149,121.97,0.328,3
-117.318972,33.987149,122.48,0.239,3
-117.318668,33.987149,123.34,0.189,3
-117.318364,33.987149,124.51,0.184,3
-117.318059,33.987149,126.07,0.19,3
-117.317755,33.987149,127.61,0.19,3
-117.317451,33.987149,128.9,0.197,3
-117.317147,33.987149,130.19,0.212,3
-117.316842,33.987149,131.25,0.202,3
-117.316538,33.987149,131.95,0.194,3
-117.316234,33.987149,132.05,0.193,3
-117.31593,33.987149,131.84,0.185,3
-117.315625,33.987149,131.2,0.204,3
-117.315321,33.987149,130.6,0.215,3
-117.315017,33.987149,127.65,0.207,4
-117.314712,33.987149,127.22,0.187,3
-117.314408,33.987149,127.12,0.172,3
-117.314104,33.987149,127.93,0.16,3
-117.3138,33.987149,129.58,0.153,3
-117.313495,33.987149,131.08,0.162,3
-117.313191,33.987149,131.9,0.175,3
-117.341792,33.986845,127.81,0.204,3
-117.341488,33.986845,128.29,0.201,3
-117.341184,33.986845,128.07,0.174,3
-117.340879,33.986845,127.41,0.144,3
-117.340575,33.986845,126.53,0.151,3
-117.340271,33.986845,125.88,0.168,3
-117.339967,33.986845,125.61,0.266,3
-117.339662,33.986845,124.8,0.249,3
-117.339358,33.986845,124.79,0.276,3
-117.339054,33.986845,125,0.175,3
-117.33875,33.986845,124.32,0.18,3
-117.338445,33.986845,123.71,0.27,3
-117.338141,33.986845,123.28,0.289,3
-117.337837,33.986845,123.05,0.227,3
-117.337532,33.986845,123.07,0.23,3
-117.337228,33.986845,123.22,0.341,3
-117.336924,33.986845,123.44,0.396,3
-117.33662,33.986845,123.74,0.31,3
-117.336315,33.986845,124.09,0.275,3
-117.336011,33.986845,124.42,0.367,3
-117.335707,33.986845,124.52,0.349,3
-117.335403,33.986845,124.9,0.338,3
-117.335098,33.986845,125.26,0.289,3
-117.334794,33.986845,125.57,0.282,3
-117.33449,33.986845,125.82,0.338,3
-117.334186,33.986845,125.77,0.378,3
-117.333881,33.986845,126.15,0.36,3
-117.333577,33.986845,126.6,0.334,3
-117.333273,33.986845,126.98,0.357,3
-117.332968,33.986845,127.4,0.353,3
-117.332664,33.986845,127.8,0.29,3
-117.33236,33.986845,127.85,0.213,3
-117.332056,33.986845,127.51,0.173,3
-117.331751,33.986845,127.1,0.184,3
-117.331447,33.986845,126.57,0.208,3
-117.331143,33.986845,125.92,0.254,3
-117.330839,33.986845,124.85,0.261,3
-117.330534,33.986845,123.83,0.211,3
-117.33023,33.986845,122.85,0.136,3
-117.329926,33.986845,123.02,0.164,3
-117.329622,33.986845,121.84,0.403,3
-117.329317,33.986845,120.86,0.456,3
-117.329013,33.986845,120.32,0.433,3
-117.328709,33.986845,120.26,0.426,3
-117.328404,33.986845,120.64,0.389,3
-117.3281,33.986845,120.94,0.36,3
-117.327796,33.986845,121.08,0.366,3
-117.327492,33.986845,121.29,0.364,3
-117.327187,33.986845,121.67,0.346,3
-117.326883,33.986845,122.22,0.356,3
-117.326579,33.986845,122.87,0.377,3
-117.326275,33.986845,123.54,0.352,3
-117.32597,33.986845,124.11,0.277,3
-117.325666,33.986845,124.59,0.292,3
-117.325362,33.986845,124.72,0.318,3
-117.325058,33.986845,124.63,0.228,3
-117.324753,33.986845,124.11,0.311,3
-117.324449,33.986845,124.09,0.33,3
-117.324145,33.986845,124.33,0.311,3
-117.32384,33.986845,124.72,0.317,3
-117.323536,33.986845,124.84,0.321,3
-117.323232,33.986845,124.57,0.287,3
-117.322928,33.986845,124.01,0.286,3
-117.322623,33.986845,123.45,0.324,3
-117.322319,33.986845,123.18,0.331,3
-117.322015,33.986845,123.25,0.31,3
-117.321711,33.986845,123.54,0.279,3
-117.321406,33.986845,123.73,0.326,3
-117.321102,33.986845,123.59,0.294,3
-117.320798,33.986845,123.32,0.275,3
-117.320494,33.986845,122.97,0.292,3
-117.320189,33.986845,122.64,0.297,3
-117.319885,33.986845,122.16,0.306,3
-117.319581,33.986845,121.87,0.317,3
-117.319276,33.986845,121.71,0.301,3
-117.318972,33.986845,122.16,0.228,3
-117.318668,33.986845,123.03,0.232,3
-117.318364,33.986845,124.24,0.252,3
-117.318059,33.986845,125.73,0.214,3
-117.317755,33.986845,127.13,0.183,3
-117.317451,33.986845,128.31,0.189,3
-117.317147,33.986845,129.52,0.188,3
-117.316842,33.986845,130.45,0.19,3
-117.316538,33.986845,130.69,0.199,3
-117.316234,33.986845,130.72,0.198,3
-117.31593,33.986845,130.68,0.186,3
-117.315625,33.986845,130.16,0.21,3
-117.315321,33.986845,127.86,0.21,4
-117.315017,33.986845,128.06,0.208,3
-117.314712,33.986845,127.92,0.2,3
-117.314408,33.986845,127.71,0.172,3
-117.314104,33.986845,128.19,0.158,3
-117.3138,33.986845,129.38,0.163,3
-117.313495,33.986845,130.44,0.174,3
-117.313191,33.986845,130.83,0.179,3
-117.343314,33.986541,124.78,0.102,3
-117.343009,33.986541,124.83,0.121,3
-117.342705,33.986541,125.08,0.137,3
-117.342401,33.986541,125.76,0.151,3
-117.342096,33.986541,127.09,0.181,3
-117.341792,33.986541,128.25,0.208,3
-117.341488,33.986541,128.9,0.206,3
-117.341184,33.986541,128.63,0.156,3
-117.340879,33.986541,127.86,0.125,3
-117.340575,33.986541,126.92,0.195,3
-117.340271,33.986541,126.35,0.309,3
-117.339967,33.986541,126.1,0.256,3
-117.339662,33.986541,126.09,0.17,3
-117.339358,33.986541,126.08,0.16,3
-117.339054,33.986541,125.72,0.154,3
-117.33875,33.986541,125.01,0.218,3
-117.338445,33.986541,124.25,0.283,3
-117.338141,33.986541,123.79,0.328,3
-117.337837,33.986541,123.63,0.321,3
-117.337532,33.986541,123.71,0.327,3
-117.337228,33.986541,123.89,0.372,3
-117.336924,33.986541,124.05,0.388,3
-117.33662,33.986541,124.24,0.338,3
-117.336315,33.986541,124.46,0.273,3
-117.336011,33.986541,124.7,0.317,3
-117.335707,33.986541,124.79,0.293,3
-117.335403,33.986541,125.29,0.292,3
-117.335098,33.986541,125.77,0.265,3
-117.334794,33.986541,126.13,0.238,3
-117.33449,33.986541,126.42,0.3,3
-117.334186,33.986541,126.48,0.297,3
-117.333881,33.986541,126.94,0.307,3
-117.333577,33.986541,127.31,0.276,3
-117.333273,33.986541,127.55,0.278,3
-117.332968,33.986541,127.74,0.297,3
-117.332664,33.986541,127.89,0.27,3
-117.33236,33.986541,127.85,0.209,3
-117.332056,33.986541,127.38,0.176,3
-117.331751,33.986541,126.63,0.184,3
-117.331447,33.986541,125.94,0.202,3
-117.331143,33.986541,125.4,0.258,3
-117.330839,33.986541,124.62,0.306,3
-117.330534,33.986541,123.95,0.264,3
-117.33023,33.986541,123.34,0.198,3
-117.329926,33.986541,123.85,0.125,3
-117.329622,33.986541,123.65,0.147,3
-117.329317,33.986541,123.31,0.211,3
-117.329013,33.986541,123,0.234,3
-117.328709,33.986541,122.87,0.294,3
-117.328404,33.986541,123.02,0.357,3
-117.3281,33.986541,123.1,0.402,3
-117.327796,33.986541,122.95,0.325,3
-117.327492,33.986541,122.79,0.184,3
-117.327187,33.986541,122.77,0.154,3
-117.326883,33.986541,122.92,0.227,3
-117.326579,33.986541,123.26,0.35,3
-117.326275,33.986541,123.71,0.312,3
-117.32597,33.986541,124.16,0.271,3
-117.325666,33.986541,124.63,0.221,3
-117.325362,33.986541,124.72,0.216,3
-117.325058,33.986541,124.63,0.175,3
-117.324753,33.986541,124.2,0.251,3
-117.324449,33.986541,124.36,0.326,3
-117.324145,33.986541,124.79,0.282,3
-117.32384,33.986541,125.34,0.242,3
-117.323536,33.986541,125.55,0.249,3
-117.323232,33.986541,125.18,0.309,3
-117.322928,33.986541,124.41,0.343,3
-117.322623,33.986541,123.69,0.319,3
-117.322319,33.986541,123.38,0.292,3
-117.322015,33.986541,123.51,0.253,3
-117.321711,33.986541,123.79,0.248,3
-117.321406,33.986541,123.89,0.286,3
-117.321102,33.986541,123.58,0.302,3
-117.320798,33.986541,123.17,0.287,3
-117.320494,33.986541,122.72,0.327,3
-117.320189,33.986541,122.35,0.293,3
-117.319885,33.986541,121.84,0.311,3
-117.319581,33.986541,121.51,0.356,3
-117.319276,33.986541,121.27,0.346,3
-117.318972,33.986541,121.65,0.318,3
-117.318668,33.986541,122.51,0.334,3
-117.318364,33.986541,123.64,0.311,3
-117.318059,33.986541,124.8,0.23,3
-117.317755,33.986541,125.65,0.188,3
-117.317451,33.986541,126.3,0.198,3
-117.317147,33.986541,127.11,0.197,3
-117.316842,33.986541,127.88,0.215,3
-117.316538,33.986541,128.33,0.221,3
-117.316234,33.986541,128.61,0.243,3
-117.31593,33.986541,128.88,0.289,3
-117.315625,33.986541,126.34,0.248,4
-117.315321,33.986541,126.04,0.195,4
-117.315017,33.986541,127.74,0.187,3
-117.314712,33.986541,127.79,0.189,3
-117.314408,33.986541,127.68,0.186,3
-117.314104,33.986541,128.12,0.189,3
-117.3138,33.986541,128.81,0.186,3
-117.313495,33.986541,129.04,0.178,3
-117.313191,33.986541,128.66,0.173,3
-117.344531,33.986237,123.02,0.074,3
-117.344226,33.986237,123.24,0.081,3
-117.343922,33.986237,123.57,0.091,3
-117.343618,33.986237,123.81,0.095,3
-117.343314,33.986237,124.13,0.083,3
-117.343009,33.986237,124.29,0.09,3
-117.342705,33.986237,124.57,0.096,3
-117.342401,33.986237,125.43,0.103,3
-117.342096,33.986237,126.94,0.153,3
-117.341792,33.986237,128.44,0.2,3
-117.341488,33.986237,129.13,0.154,3
-117.341184,33.986237,128.83,0.095,3
-117.340879,33.986237,128.11,0.11,3
-117.340575,33.986237,127.25,0.173,3
-117.340271,33.986237,126.81,0.216,3
-117.339967,33.986237,126.51,0.23,3
-117.339662,33.986237,126.4,0.165,3
-117.339358,33.986237,126.22,0.141,3
-117.339054,33.986237,125.97,0.18,3
-117.33875,33.986237,125.45,0.236,3
-117.338445,33.986237,124.83,0.27,3
-117.338141,33.986237,124.46,0.29,3
-117.337837,33.986237,124.31,0.343,3
-117.337532,33.986237,124.36,0.391,3
-117.337228,33.986237,124.53,0.377,3
-117.336924,33.986237,124.63,0.347,3
-117.33662,33.986237,124.69,0.338,3
-117.336315,33.986237,124.79,0.293,3
-117.336011,33.986237,124.92,0.302,3
-117.335707,33.986237,125.01,0.328,3
-117.335403,33.986237,125.67,0.319,3
-117.335098,33.986237,126.37,0.234,3
-117.334794,33.986237,126.81,0.213,3
-117.33449,33.986237,127.01,0.245,3
-117.334186,33.986237,127.14,0.294,3
-117.333881,33.986237,127.62,0.304,3
-117.333577,33.986237,127.85,0.311,3
-117.333273,33.986237,127.92,0.276,3
-117.332968,33.986237,127.94,0.215,3
-117.332664,33.986237,127.89,0.207,3
-117.33236,33.986237,127.59,0.212,3
-117.332056,33.986237,126.91,0.232,3
-117.331751,33.986237,126.05,0.325,3
-117.331447,33.986237,125.38,0.32,3
-117.331143,33.986237,124.91,0.289,3
-117.330839,33.986237,124.22,0.327,3
-117.330534,33.986237,123.85,0.255,3
-117.33023,33.986237,123.59,0.161,3
-117.329926,33.986237,124.16,0.172,3
-117.329622,33.986237,124.24,0.136,3
-117.329317,33.986237,124.33,0.132,3
-117.329013,33.986237,124.28,0.202,3
-117.328709,33.986237,124.42,0.309,3
-117.328404,33.986237,124.64,0.352,3
-117.3281,33.986237,124.5,0.34,3
-117.327796,33.986237,124.12,0.247,3
-117.327492,33.986237,123.8,0.14,3
-117.327187,33.986237,123.57,0.125,3
-117.326883,33.986237,123.56,0.182,3
-117.326579,33.986237,123.77,0.318,3
-117.326275,33.986237,124.05,0.318,3
-117.32597,33.986237,124.22,0.295,3
-117.325666,33.986237,124.41,0.223,3
-117.325362,33.986237,124.39,0.205,3
-117.325058,33.986237,124.29,0.233,3
-117.324753,33.986237,123.95,0.278,3
-117.324449,33.986237,124.22,0.341,3
-117.324145,33.986237,124.74,0.329,3
-117.32384,33.986237,125.31,0.278,3
-117.323536,33.986237,125.5,0.25,3
-117.323232,33.986237,125.1,0.276,3
-117.322928,33.986237,124.32,0.28,3
-117.322623,33.986237,123.63,0.288,3
-117.322319,33.986237,123.43,0.35,3
-117.322015,33.986237,123.62,0.342,3
-117.321711,33.986237,123.87,0.311,3
-117.321406,33.986237,123.85,0.331,3
-117.321102,33.986237,123.41,0.294,3
-117.320798,33.986237,122.93,0.307,3
-117.320494,33.986237,122.39,0.397,3
-117.320189,33.986237,122,0.327,3
-117.319885,33.986237,121.48,0.342,3
-117.319581,33.986237,121.18,0.436,3
-117.319276,33.986237,120.98,0.433,3
-117.318972,33.986237,121.44,0.39,3
-117.318668,33.986237,122.2,0.329,3
-117.318364,33.986237,123.01,0.268,3
-117.318059,33.986237,123.79,0.269,3
-117.317755,33.986237,124.2,0.304,3
-117.317451,33.986237,124.25,0.287,3
-117.317147,33.986237,124.51,0.271,3
-117.316842,33.986237,125.03,0.289,3
-117.316538,33.986237,125.7,0.252,3
-117.316234,33.986237,126.27,0.258,3
-117.31593,33.986237,126.88,0.271,3
-117.315625,33.986237,124.61,0.206,4
-117.315321,33.986237,124.92,0.197,4
-117.315017,33.986237,127.32,0.204,3
-117.314712,33.986237,127.79,0.223,3
-117.314408,33.986237,127.69,0.211,3
-117.314104,33.986237,127.6,0.207,3
-117.3138,33.986237,127.66,0.226,3
-117.313495,33.986237,127.44,0.212,3
-117.313191,33.986237,126.64,0.177,3
-117.312887,33.986237,126,0.169,3
-117.345748,33.985932,122.02,0.054,3
-117.345443,33.985932,122.14,0.166,3
-117.345139,33.985932,122.6,0.158,3
-117.344835,33.985932,122.03,0.101,3
-117.344531,33.985932,122.37,0.094,3
-117.344226,33.985932,122.65,0.091,3
-117.343922,33.985932,123.08,0.102,3
-117.343618,33.985932,123.36,0.115,3
-117.343314,33.985932,123.6,0.116,3
-117.343009,33.985932,123.93,0.1,3
-117.342705,33.985932,124.35,0.081,3
-117.342401,33.985932,125.26,0.08,3
-117.342096,33.985932,126.77,0.097,3
-117.341792,33.985932,128.15,0.095,3
-117.341488,33.985932,128.74,0.064,3
-117.341184,33.985932,128.59,0.074,3
-117.340879,33.985932,128.28,0.13,3
-117.340575,33.985932,127.73,0.12,3
-117.340271,33.985932,127.29,0.171,3
-117.339967,33.985932,126.25,0.228,3
-117.339662,33.985932,126.16,0.223,3
-117.339358,33.985932,126.17,0.206,3
-117.339054,33.985932,126.16,0.168,3
-117.33875,33.985932,125.99,0.219,3
-117.338445,33.985932,125.69,0.238,3
-117.338141,33.985932,125.46,0.225,3
-117.337837,33.985932,125.25,0.236,3
-117.337532,33.985932,125.21,0.272,3
-117.337228,33.985932,125.29,0.305,3
-117.336924,33.985932,125.23,0.338,3
-117.33662,33.985932,125.09,0.372,3
-117.336315,33.985932,125.02,0.382,3
-117.336011,33.985932,125.12,0.412,3
-117.335707,33.985932,125.46,0.395,3
-117.335403,33.985932,126.23,0.29,3
-117.335098,33.985932,126.93,0.272,3
-117.334794,33.985932,127.53,0.25,3
-117.33449,33.985932,127.88,0.233,3
-117.334186,33.985932,128.1,0.252,3
-117.333881,33.985932,128.73,0.331,3
-117.333577,33.985932,128.86,0.375,3
-117.333273,33.985932,128.74,0.319,3
-117.332968,33.985932,128.7,0.232,3
-117.332664,33.985932,128.6,0.202,3
-117.33236,33.985932,128.24,0.233,3
-117.332056,33.985932,127.62,0.31,3
-117.331751,33.985932,126.95,0.39,3
-117.331447,33.985932,126.44,0.385,3
-117.331143,33.985932,125.98,0.393,3
-117.330839,33.985932,125,0.31,3
-117.330534,33.985932,124.75,0.185,3
-117.33023,33.985932,124.66,0.156,3
-117.329926,33.985932,124.52,0.202,3
-117.329622,33.985932,124.5,0.224,3
-117.329317,33.985932,124.54,0.176,3
-117.329013,33.985932,124.52,0.163,3
-117.328709,33.985932,124.67,0.262,3
-117.328404,33.985932,124.88,0.267,3
-117.3281,33.985932,125.08,0.156,3
-117.327796,33.985932,124.96,0.092,3
-117.327492,33.985932,124.53,0.123,3
-117.327187,33.985932,124.25,0.153,3
-117.326883,33.985932,124.26,0.159,3
-117.326579,33.985932,124.51,0.217,3
-117.326275,33.985932,124.64,0.241,3
-117.32597,33.985932,124.05,0.242,3
-117.325666,33.985932,124.02,0.239,3
-117.325362,33.985932,123.89,0.301,3
-117.325058,33.985932,123.77,0.368,3
-117.324753,33.985932,123.62,0.353,3
-117.324449,33.985932,123.89,0.33,3
-117.324145,33.985932,124.35,0.322,3
-117.32384,33.985932,124.68,0.282,3
-117.323536,33.985932,124.71,0.254,3
-117.323232,33.985932,124.39,0.263,3
-117.322928,33.985932,123.67,0.256,3
-117.322623,33.985932,123.03,0.291,3
-117.322319,33.985932,122.97,0.352,3
-117.322015,33.985932,123.17,0.256,3
-117.321711,33.985932,123.35,0.205,3
-117.321406,33.985932,123.22,0.245,3
-117.321102,33.985932,122.75,0.268,3
-117.320798,33.985932,122.52,0.321,3
-117.320494,33.985932,122.06,0.359,3
-117.320189,33.985932,121.69,0.394,3
-117.319885,33.985932,121.22,0.435,3
-117.319581,33.985932,120.97,0.458,3
-117.319276,33.985932,120.88,0.38,3
-117.318972,33.985932,121.51,0.303,3
-117.318668,33.985932,122.22,0.238,3
-117.318364,33.985932,122.78,0.194,3
-117.318059,33.985932,123.24,0.279,3
-117.317755,33.985932,123.31,0.37,3
-117.317451,33.985932,123.05,0.303,3
-117.317147,33.985932,123.03,0.291,3
-117.316842,33.985932,123.56,0.3,3
-117.316538,33.985932,124.35,0.259,3
-117.316234,33.985932,125.02,0.22,3
-117.31593,33.985932,124.94,0.246,3
-117.315625,33.985932,123.97,0.21,4
-117.315321,33.985932,124.65,0.192,4
-117.315017,33.985932,127.33,0.189,3
-117.314712,33.985932,127.9,0.245,3
-117.314408,33.985932,127.58,0.238,3
-117.314104,33.985932,126.92,0.24,3
-117.3138,33.985932,126.4,0.285,3
-117.313495,33.985932,126,0.247,3
-117.313191,33.985932,125.27,0.205,3
-117.312887,33.985932,124.33,0.283,3
-117.346965,33.985628,124.92,0.305,3
-117.34666,33.985628,124.11,0.347,3
-117.346356,33.985628,123.21,0.412,3
-117.346052,33.985628,122.5,0.304,3
-117.345748,33.985628,122.3,0.065,3
-117.345443,33.985628,121.95,0.034,3
-117.345139,33.985628,121.91,0.065,3
-117.344835,33.985628,121.21,0.093,3
-117.344531,33.985628,121.58,0.12,3
-117.344226,33.985628,121.91,0.123,3
-117.343922,33.985628,122.42,0.145,3
-117.343618,33.985628,122.75,0.137,3
-117.343314,33.985628,123.02,0.129,3
-117.343009,33.985628,123.37,0.108,3
-117.342705,33.985628,123.79,0.092,3
-117.342401,33.985628,124.56,0.112,3
-117.342096,33.985628,125.73,0.124,3
-117.341792,33.985628,126.84,0.087,3
-117.341488,33.985628,127.48,0.052,3
-117.341184,33.985628,127.67,0.073,3
-117.340879,33.985628,127.68,0.125,3
-117.340575,33.985628,127.33,0.115,3
-117.340271,33.985628,126.63,0.154,3
-117.339967,33.985628,125.61,0.191,3
-117.339662,33.985628,125.65,0.16,3
-117.339358,33.985628,125.71,0.097,3
-117.339054,33.985628,125.83,0.083,3
-117.33875,33.985628,125.93,0.187,3
-117.338445,33.985628,125.96,0.247,3
-117.338141,33.985628,125.97,0.271,3
-117.337837,33.985628,125.89,0.278,3
-117.337532,33.985628,125.87,0.281,3
-117.337228,33.985628,125.87,0.293,3
-117.336924,33.985628,125.63,0.32,3
-117.33662,33.985628,125.22,0.379,3
-117.336315,33.985628,124.96,0.433,3
-117.336011,33.985628,125.02,0.384,3
-117.335707,33.985628,125.38,0.325,3
-117.335403,33.985628,126.09,0.26,3
-117.335098,33.985628,126.77,0.287,3
-117.334794,33.985628,127.49,0.275,3
-117.33449,33.985628,127.88,0.214,3
-117.334186,33.985628,128.05,0.189,3
-117.333881,33.985628,128.6,0.273,3
-117.333577,33.985628,128.59,0.354,3
-117.333273,33.985628,128.3,0.323,3
-117.332968,33.985628,128.12,0.25,3
-117.332664,33.985628,127.93,0.203,3
-117.33236,33.985628,127.58,0.245,3
-117.332056,33.985628,127.19,0.338,3
-117.331751,33.985628,126.92,0.313,3
-117.331447,33.985628,126.82,0.289,3
-117.331143,33.985628,126.66,0.428,3
-117.330839,33.985628,125.88,0.275,3
-117.330534,33.985628,125.73,0.161,3
-117.33023,33.985628,125.58,0.334,3
-117.329926,33.985628,125.35,0.316,3
-117.329622,33.985628,125.3,0.347,3
-117.329317,33.985628,125.27,0.328,3
-117.329013,33.985628,125.18,0.225,3
-117.328709,33.985628,125.23,0.177,3
-117.328404,33.985628,125.34,0.173,3
-117.3281,33.985628,125.39,0.146,3
-117.327796,33.985628,125.11,0.165,3
-117.327492,33.985628,124.57,0.206,3
-117.327187,33.985628,124.26,0.175,3
-117.326883,33.985628,124.34,0.183,3
-117.326579,33.985628,124.64,0.276,3
-117.326275,33.985628,124.78,0.296,3
-117.32597,33.985628,124.09,0.235,3
-117.325666,33.985628,123.97,0.251,3
-117.325362,33.985628,123.8,0.369,3
-117.325058,33.985628,123.66,0.476,3
-117.324753,33.985628,123.46,0.303,3
-117.324449,33.985628,123.59,0.295,3
-117.324145,33.985628,123.86,0.333,3
-117.32384,33.985628,124.04,0.272,3
-117.323536,33.985628,124.04,0.239,3
-117.323232,33.985628,123.86,0.268,3
-117.322928,33.985628,123.39,0.276,3
-117.322623,33.985628,122.96,0.307,3
-117.322319,33.985628,122.95,0.358,3
-117.322015,33.985628,123.07,0.284,3
-117.321711,33.985628,123.13,0.236,3
-117.321406,33.985628,122.95,0.262,3
-117.321102,33.985628,122.56,0.248,3
-117.320798,33.985628,122.46,0.214,3
-117.320494,33.985628,121.94,0.269,3
-117.320189,33.985628,121.58,0.355,3
-117.319885,33.985628,121.22,0.388,3
-117.319581,33.985628,121,0.334,3
-117.319276,33.985628,120.95,0.243,3
-117.318972,33.985628,121.76,0.223,3
-117.318668,33.985628,122.44,0.201,3
-117.318364,33.985628,122.78,0.202,3
-117.318059,33.985628,122.94,0.261,3
-117.317755,33.985628,122.82,0.291,3
-117.317451,33.985628,122.67,0.271,3
-117.317147,33.985628,122.7,0.291,3
-117.316842,33.985628,123.42,0.29,3
-117.316538,33.985628,124.82,0.247,3
-117.316234,33.985628,125.85,0.233,3
-117.31593,33.985628,123.85,0.24,4
-117.315625,33.985628,124.42,0.247,4
-117.315321,33.985628,125,0.205,4
-117.315017,33.985628,127.37,0.2,3
-117.314712,33.985628,127.85,0.244,3
-117.314408,33.985628,127.12,0.282,3
-117.314104,33.985628,125.82,0.314,3
-117.3138,33.985628,124.97,0.316,3
-117.313495,33.985628,124.59,0.274,3
-117.313191,33.985628,124.14,0.277,3
-117.312887,33.985628,123.5,0.36,3
-117.312583,33.985628,122.97,0.416,3
-117.348486,33.985324,125.36,0.174,3
-117.348182,33.985324,125.48,0.148,3
-117.347878,33.985324,125.89,0.174,3
-117.347573,33.985324,126.08,0.227,3
-117.347269,33.985324,125.9,0.292,3
-117.346965,33.985324,125.53,0.346,3
-117.34666,33.985324,124.94,0.352,3
-117.346356,33.985324,124.17,0.325,3
-117.346052,33.985324,123.37,0.266,3
-117.345748,33.985324,122.65,0.137,3
-117.345443,33.985324,121.76,0.053,3
-117.345139,33.985324,121.2,0.033,3
-117.344835,33.985324,120.49,0.074,3
-117.344531,33.985324,120.9,0.118,3
-117.344226,33.985324,121.29,0.124,3
-117.343922,33.985324,121.9,0.124,3
-117.343618,33.985324,122.31,0.117,3
-117.343314,33.985324,122.65,0.102,3
-117.343009,33.985324,123.05,0.103,3
-117.342705,33.985324,123.47,0.102,3
-117.342401,33.985324,124.05,0.105,3
-117.342096,33.985324,124.86,0.112,3
-117.341792,33.985324,125.7,0.097,3
-117.341488,33.985324,126.33,0.073,3
-117.341184,33.985324,126.7,0.096,3
-117.340879,33.985324,126.93,0.133,3
-117.340575,33.985324,126.63,0.135,3
-117.340271,33.985324,125.85,0.137,3
-117.339967,33.985324,125.09,0.152,3
-117.339662,33.985324,124.78,0.189,3
-117.339358,33.985324,124.87,0.103,3
-117.339054,33.985324,125.19,0.057,3
-117.33875,33.985324,125.62,0.153,3
-117.338445,33.985324,126,0.205,3
-117.338141,33.985324,126.42,0.231,3
-117.337837,33.985324,126.61,0.259,3
-117.337532,33.985324,126.64,0.247,3
-117.337228,33.985324,126.53,0.221,3
-117.336924,33.985324,126.07,0.233,3
-117.33662,33.985324,125.44,0.277,3
-117.336315,33.985324,125,0.326,3
-117.336011,33.985324,124.99,0.302,3
-117.335707,33.985324,125.22,0.296,3
-117.335403,33.985324,125.63,0.259,3
-117.335098,33.985324,126.32,0.229,3
-117.334794,33.985324,126.99,0.252,3
-117.33449,33.985324,127.37,0.236,3
-117.334186,33.985324,127.58,0.255,3
-117.333881,33.985324,128.14,0.283,3
-117.333577,33.985324,128.04,0.321,3
-117.333273,33.985324,127.54,0.288,3
-117.332968,33.985324,127.1,0.228,3
-117.332664,33.985324,126.6,0.203,3
-117.33236,33.985324,125.94,0.259,3
-117.332056,33.985324,125.53,0.324,3
-117.331751,33.985324,125.68,0.259,3
-117.331447,33.985324,126.19,0.238,3
-117.331143,33.985324,126.69,0.354,3
-117.330839,33.985324,126.41,0.331,3
-117.330534,33.985324,126.56,0.227,3
-117.33023,33.985324,126.57,0.47,3
-117.329926,33.985324,126.33,0.491,3
-117.329622,33.985324,126.31,0.478,3
-117.329317,33.985324,126.3,0.403,3
-117.329013,33.985324,126.16,0.317,3
-117.328709,33.985324,126.15,0.208,3
-117.328404,33.985324,126.13,0.14,3
-117.3281,33.985324,126,0.134,3
-117.327796,33.985324,125.53,0.159,3
-117.327492,33.985324,124.88,0.168,3
-117.327187,33.985324,124.53,0.161,3
-117.326883,33.985324,124.59,0.205,3
-117.326579,33.985324,124.83,0.283,3
-117.326275,33.985324,124.92,0.305,3
-117.32597,33.985324,124.17,0.282,3
-117.325666,33.985324,124.03,0.282,3
-117.325362,33.985324,123.86,0.28,3
-117.325058,33.985324,123.69,0.296,3
-117.324753,33.985324,123.35,0.232,3
-117.324449,33.985324,123.26,0.256,3
-117.324145,33.985324,123.32,0.326,3
-117.32384,33.985324,123.39,0.291,3
-117.323536,33.985324,123.44,0.252,3
-117.323232,33.985324,123.42,0.298,3
-117.322928,33.985324,123.15,0.349,3
-117.322623,33.985324,122.86,0.331,3
-117.322319,33.985324,122.87,0.286,3
-117.322015,33.985324,122.9,0.281,3
-117.321711,33.985324,122.87,0.325,3
-117.321406,33.985324,122.72,0.336,3
-117.321102,33.985324,122.48,0.286,3
-117.320798,33.985324,122.6,0.253,3
-117.320494,33.985324,122.24,0.278,3
-117.320189,33.985324,121.93,0.268,3
-117.319885,33.985324,121.59,0.244,3
-117.319581,33.985324,121.32,0.259,3
-117.319276,33.985324,121.17,0.277,3
-117.318972,33.985324,121.84,0.303,3
-117.318668,33.985324,122.36,0.271,3
-117.318364,33.985324,122.55,0.234,3
-117.318059,33.985324,122.67,0.249,3
-117.317755,33.985324,122.71,0.274,3
-117.317451,33.985324,122.79,0.309,3
-117.317147,33.985324,123.09,0.345,3
-117.316842,33.985324,124.45,0.257,3
-117.316538,33.985324,126.75,0.198,3
-117.316234,33.985324,127.76,0.213,3
-117.31593,33.985324,125.69,0.209,4
-117.315625,33.985324,125.9,0.215,4
-117.315321,33.985324,126.06,0.213,4
-117.315017,33.985324,127.56,0.215,3
-117.314712,33.985324,127.45,0.227,3
-117.314408,33.985324,126.36,0.238,3
-117.314104,33.985324,124.83,0.261,3
-117.3138,33.985324,124,0.264,3
-117.313495,33.985324,123.88,0.3,3
-117.313191,33.985324,123.79,0.334,3
-117.312887,33.985324,123.53,0.315,3
-117.312583,33.985324,123.15,0.326,3
-117.312278,33.985324,122.77,0.348,3
-117.350007,33.98502,126.06,0.22,3
-117.349703,33.98502,125.55,0.144,3
-117.349399,33.98502,125.21,0.103,3
-117.349095,33.98502,124.9,0.104,3
-117.34879,33.98502,124.7,0.151,3
-117.348486,33.98502,124.78,0.236,3
-117.348182,33.98502,125.01,0.196,3
-117.347878,33.98502,125.72,0.116,3
-117.347573,33.98502,126.22,0.192,3
-117.347269,33.98502,126.32,0.381,3
-117.346965,33.98502,126.26,0.452,3
-117.34666,33.98502,126.02,0.371,3
-117.346356,33.98502,125.46,0.309,3
-117.346052,33.98502,124.3,0.289,3
-117.345748,33.98502,122.45,0.241,3
-117.345443,33.98502,120.65,0.119,3
-117.345139,33.98502,120.28,0.045,3
-117.344835,33.98502,120.13,0.026,3
-117.344531,33.98502,120.58,0.074,3
-117.344226,33.98502,121.06,0.1,3
-117.343922,33.98502,121.48,0.113,3
-117.343618,33.98502,121.9,0.109,3
-117.343314,33.98502,122.33,0.097,3
-117.343009,33.98502,122.73,0.101,3
-117.342705,33.98502,123.06,0.098,3
-117.342401,33.98502,123.35,0.1,3
-117.342096,33.98502,123.76,0.11,3
-117.341792,33.98502,124.31,0.093,3
-117.341488,33.98502,124.87,0.073,3
-117.341184,33.98502,125.39,0.098,3
-117.340879,33.98502,125.8,0.124,3
-117.340575,33.98502,125.63,0.123,3
-117.340271,33.98502,125.12,0.124,3
-117.339967,33.98502,124.24,0.124,3
-117.339662,33.98502,124,0.235,3
-117.339358,33.98502,124.34,0.114,3
-117.339054,33.98502,124.88,0.071,3
-117.33875,33.98502,125.47,0.199,3
-117.338445,33.98502,126.07,0.247,3
-117.338141,33.98502,126.81,0.224,3
-117.337837,33.98502,127.19,0.217,3
-117.337532,33.98502,127.25,0.204,3
-117.337228,33.98502,127.09,0.203,3
-117.336924,33.98502,126.48,0.226,3
-117.33662,33.98502,125.72,0.218,3
-117.336315,33.98502,125.11,0.244,3
-117.336011,33.98502,124.86,0.275,3
-117.335707,33.98502,125,0.307,3
-117.335403,33.98502,125.14,0.299,3
-117.335098,33.98502,125.64,0.23,3
-117.334794,33.98502,126.15,0.289,3
-117.33449,33.98502,126.56,0.296,3
-117.334186,33.98502,126.88,0.311,3
-117.333881,33.98502,127.64,0.282,3
-117.333577,33.98502,127.43,0.269,3
-117.333273,33.98502,126.6,0.242,3
-117.332968,33.98502,125.62,0.206,3
-117.332664,33.98502,124.23,0.203,3
-117.33236,33.98502,122.55,0.271,3
-117.332056,33.98502,121.66,0.33,3
-117.331751,33.98502,122.26,0.272,3
-117.331447,33.98502,123.69,0.238,3
-117.331143,33.98502,125.14,0.303,3
-117.330839,33.98502,125.81,0.289,3
-117.330534,33.98502,126.58,0.172,3
-117.33023,33.98502,127.04,0.27,3
-117.329926,33.98502,127.21,0.353,3
-117.329622,33.98502,127.3,0.349,3
-117.329317,33.98502,127.36,0.298,3
-117.329013,33.98502,127.41,0.296,3
-117.328709,33.98502,127.47,0.257,3
-117.328404,33.98502,127.37,0.168,3
-117.3281,33.98502,127.03,0.114,3
-117.327796,33.98502,126.41,0.11,3
-117.327492,33.98502,125.72,0.127,3
-117.327187,33.98502,125.34,0.165,3
-117.326883,33.98502,125.27,0.205,3
-117.326579,33.98502,125.32,0.231,3
-117.326275,33.98502,125.29,0.276,3
-117.32597,33.98502,124.64,0.303,3
-117.325666,33.98502,124.5,0.299,3
-117.325362,33.98502,124.32,0.275,3
-117.325058,33.98502,124.1,0.259,3
-117.324753,33.98502,123.58,0.23,3
-117.324449,33.98502,123.23,0.265,3
-117.324145,33.98502,123.1,0.303,3
-117.32384,33.98502,122.91,0.301,3
-117.323536,33.98502,122.89,0.327,3
-117.323232,33.98502,123.01,0.369,3
-117.322928,33.98502,123.08,0.358,3
-117.322623,33.98502,123.11,0.278,3
-117.322319,33.98502,123.17,0.216,3
-117.322015,33.98502,123.21,0.263,3
-117.321711,33.98502,123.16,0.293,3
-117.321406,33.98502,123,0.296,3
-117.321102,33.98502,122.85,0.355,3
-117.320798,33.98502,122.98,0.363,3
-117.320494,33.98502,122.76,0.281,3
-117.320189,33.98502,122.51,0.199,3
-117.319885,33.98502,122.33,0.215,3
-117.319581,33.98502,122.08,0.292,3
-117.319276,33.98502,121.84,0.307,3
-117.318972,33.98502,121.91,0.341,3
-117.318668,33.98502,121.99,0.339,3
-117.318364,33.98502,122.06,0.266,3
-117.318059,33.98502,122.3,0.223,3
-117.317755,33.98502,122.68,0.257,3
-117.317451,33.98502,123.11,0.316,3
-117.317147,33.98502,123.85,0.343,3
-117.316842,33.98502,125.93,0.225,3
-117.316538,33.98502,128.47,0.184,3
-117.316234,33.98502,129.08,0.193,3
-117.31593,33.98502,126.85,0.197,4
-117.315625,33.98502,126.68,0.198,4
-117.315321,33.98502,126.36,0.202,4
-117.315017,33.98502,127.19,0.208,3
-117.314712,33.98502,126.47,0.212,3
-117.314408,33.98502,125.14,0.218,3
-117.314104,33.98502,123.76,0.247,3
-117.3138,33.98502,123.17,0.302,3
-117.313495,33.98502,123.26,0.409,3
-117.313191,33.98502,123.46,0.417,3
-117.312887,33.98502,123.51,0.291,3
-117.312583,33.98502,123.23,0.264,3
-117.312278,33.98502,122.91,0.284,3
-117.351224,33.984715,127.7,0.033,3
-117.35092,33.984715,128.02,0.039,3
-117.350616,33.984715,127.75,0.062,3
-117.350312,33.984715,126.92,0.067,3
-117.350007,33.984715,125.93,0.183,3
-117.349703,33.984715,125.7,0.147,3
-117.349399,33.984715,125.36,0.093,3
-117.349095,33.984715,125.05,0.064,3
-117.34879,33.984715,124.72,0.143,3
-117.348486,33.984715,124.75,0.257,3
-117.348182,33.984715,124.97,0.314,3
-117.347878,33.984715,125.9,0.193,3
-117.347573,33.984715,126.58,0.208,3
-117.347269,33.984715,126.81,0.306,3
-117.346965,33.984715,126.96,0.294,3
-117.34666,33.984715,127.03,0.224,3
-117.346356,33.984715,126.57,0.178,3
-117.346052,33.984715,124.76,0.18,3
-117.345748,33.984715,122.03,0.156,3
-117.345443,33.984715,119.65,0.084,3
-117.345139,33.984715,119.33,0.078,3
-117.344835,33.984715,119.87,0.053,3
-117.344531,33.984715,120.44,0.028,3
-117.344226,33.984715,120.95,0.073,3
-117.343922,33.984715,120.98,0.156,3
-117.343618,33.984715,121.33,0.14,3
-117.343314,33.984715,121.8,0.103,3
-117.343009,33.984715,122.17,0.106,3
-117.342705,33.984715,122.42,0.106,3
-117.342401,33.984715,122.57,0.113,3
-117.342096,33.984715,122.73,0.123,3
-117.341792,33.984715,123.05,0.097,3
-117.341488,33.984715,123.53,0.075,3
-117.341184,33.984715,124.1,0.096,3
-117.340879,33.984715,124.62,0.114,3
-117.340575,33.984715,124.73,0.105,3
-117.340271,33.984715,124.28,0.112,3
-117.339967,33.984715,123.65,0.152,3
-117.339662,33.984715,123.69,0.235,3
-117.339358,33.984715,124.18,0.108,3
-117.339054,33.984715,124.8,0.087,3
-117.33875,33.984715,125.45,0.173,3
-117.338445,33.984715,126.15,0.26,3
-117.338141,33.984715,126.96,0.294,3
-117.337837,33.984715,127.25,0.236,3
-117.337532,33.984715,127.29,0.185,3
-117.337228,33.984715,127.32,0.203,3
-117.336924,33.984715,126.88,0.211,3
-117.33662,33.984715,126.01,0.19,3
-117.336315,33.984715,125.18,0.18,3
-117.336011,33.984715,124.56,0.213,3
-117.335707,33.984715,124.53,0.305,3
-117.335403,33.984715,124.32,0.401,3
-117.335098,33.984715,124.42,0.311,3
-117.334794,33.984715,124.97,0.256,3
-117.33449,33.984715,125.64,0.238,3
-117.334186,33.984715,126.11,0.219,3
-117.333881,33.984715,126.95,0.191,3
-117.333577,33.984715,126.61,0.169,3
-117.333273,33.984715,125.46,0.152,3
-117.332968,33.984715,123.8,0.159,3
-117.332664,33.984715,121.15,0.211,3
-117.33236,33.984715,118.15,0.266,3
-117.332056,33.984715,116.72,0.275,3
-117.331751,33.984715,117.82,0.251,3
-117.331447,33.984715,120.2,0.239,3
-117.331143,33.984715,122.5,0.343,3
-117.330839,33.984715,124.08,0.345,3
-117.330534,33.984715,125.64,0.273,3
-117.33023,33.984715,126.79,0.218,3
-117.329926,33.984715,127.51,0.227,3
-117.329622,33.984715,128.04,0.24,3
-117.329317,33.984715,128.34,0.174,3
-117.329013,33.984715,128.64,0.181,3
-117.328709,33.984715,128.67,0.175,3
-117.328404,33.984715,128.42,0.174,3
-117.3281,33.984715,127.99,0.171,3
-117.327796,33.984715,127.34,0.142,3
-117.327492,33.984715,126.68,0.112,3
-117.327187,33.984715,126.26,0.131,3
-117.326883,33.984715,126,0.192,3
-117.326579,33.984715,125.84,0.216,3
-117.326275,33.984715,125.63,0.231,3
-117.32597,33.984715,125.01,0.264,3
-117.325666,33.984715,124.82,0.292,3
-117.325362,33.984715,124.61,0.258,3
-117.325058,33.984715,124.36,0.276,3
-117.324753,33.984715,123.77,0.308,3
-117.324449,33.984715,123.28,0.32,3
-117.324145,33.984715,123.07,0.321,3
-117.32384,33.984715,122.69,0.367,3
-117.323536,33.984715,122.59,0.41,3
-117.323232,33.984715,122.76,0.373,3
-117.322928,33.984715,123.01,0.295,3
-117.322623,33.984715,123.27,0.239,3
-117.322319,33.984715,123.4,0.24,3
-117.322015,33.984715,123.5,0.282,3
-117.321711,33.984715,123.48,0.213,3
-117.321406,33.984715,123.25,0.27,3
-117.321102,33.984715,122.98,0.345,3
-117.320798,33.984715,123,0.333,3
-117.320494,33.984715,122.87,0.284,3
-117.320189,33.984715,122.73,0.226,3
-117.319885,33.984715,122.7,0.225,3
-117.319581,33.984715,122.54,0.309,3
-117.319276,33.984715,122.31,0.356,3
-117.318972,33.984715,122.04,0.389,3
-117.318668,33.984715,121.83,0.419,3
-117.318364,33.984715,121.87,0.392,3
-117.318059,33.984715,122.38,0.288,3
-117.317755,33.984715,123.24,0.236,3
-117.317451,33.984715,124.12,0.306,3
-117.317147,33.984715,125.25,0.311,3
-117.316842,33.984715,127.44,0.274,3
-117.316538,33.984715,129.69,0.225,3
-117.316234,33.984715,129.97,0.2,3
-117.31593,33.984715,126.95,0.203,4
-117.315625,33.984715,126.2,0.221,4
-117.315321,33.984715,125.47,0.297,4
-117.315017,33.984715,126.29,0.337,3
-117.314712,33.984715,125.61,0.32,3
-117.314408,33.984715,124.34,0.325,3
-117.314104,33.984715,123.09,0.341,3
-117.3138,33.984715,122.62,0.401,3
-117.313495,33.984715,122.81,0.507,3
-117.313191,33.984715,123.17,0.47,3
-117.312887,33.984715,123.41,0.3,3
-117.312583,33.984715,123.3,0.26,3
-117.312278,33.984715,123.1,0.273,3
-117.311974,33.984715,122.91,0.339,3
-117.353963,33.984411,126.28,0.059,3
-117.353659,33.984411,124.75,0.047,3
-117.353354,33.984411,123.48,0.025,3
-117.35305,33.984411,123.31,0.018,3
-117.352746,33.984411,123.58,0.084,3
-117.352442,33.984411,124.28,0.081,3
-117.352137,33.984411,125.28,0.047,3
-117.351833,33.984411,126.25,0.034,3
-117.351529,33.984411,127.21,0.033,3
-117.351224,33.984411,127.9,0.032,3
-117.35092,33.984411,128,0.045,3
-117.350616,33.984411,127.76,0.078,3
-117.350312,33.984411,126.84,0.065,3
-117.350007,33.984411,125.89,0.155,3
-117.349703,33.984411,125.83,0.138,3
-117.349399,33.984411,125.58,0.051,3
-117.349095,33.984411,125.35,0.046,3
-117.34879,33.984411,125.07,0.12,3
-117.348486,33.984411,125.08,0.222,3
-117.348182,33.984411,125.25,0.303,3
-117.347878,33.984411,126.14,0.18,3
-117.347573,33.984411,126.77,0.145,3
-117.347269,33.984411,126.96,0.144,3
-117.346965,33.984411,127.13,0.069,3
-117.34666,33.984411,127.27,0.038,3
-117.346356,33.984411,126.75,0.05,3
-117.346052,33.984411,124.6,0.059,3
-117.345748,33.984411,121.81,0.006,3
-117.345443,33.984411,119.38,-0.002,3
-117.345139,33.984411,119.18,0.046,3
-117.344835,33.984411,119.61,0.09,3
-117.344531,33.984411,120.14,0.04,3
-117.344226,33.984411,120.53,0.031,3
-117.343922,33.984411,120.39,0.114,3
-117.343618,33.984411,120.6,0.135,3
-117.343314,33.984411,121.02,0.113,3
-117.343009,33.984411,121.47,0.102,3
-117.342705,33.984411,121.91,0.102,3
-117.342401,33.984411,122.24,0.121,3
-117.342096,33.984411,122.45,0.131,3
-117.341792,33.984411,122.71,0.102,3
-117.341488,33.984411,123.12,0.082,3
-117.341184,33.984411,123.61,0.089,3
-117.340879,33.984411,124.06,0.102,3
-117.340575,33.984411,124.09,0.103,3
-117.340271,33.984411,123.76,0.103,3
-117.339967,33.984411,123.41,0.161,3
-117.339662,33.984411,123.7,0.207,3
-117.339358,33.984411,124.24,0.104,3
-117.339054,33.984411,124.84,0.073,3
-117.33875,33.984411,125.47,0.124,3
-117.338445,33.984411,126.14,0.237,3
-117.338141,33.984411,126.88,0.294,3
-117.337837,33.984411,127.08,0.225,3
-117.337532,33.984411,127.12,0.167,3
-117.337228,33.984411,127.35,0.234,3
-117.336924,33.984411,127.11,0.28,3
-117.33662,33.984411,126.2,0.184,3
-117.336315,33.984411,125.17,0.138,3
-117.336011,33.984411,124.06,0.186,3
-117.335707,33.984411,123.65,0.265,3
-117.335403,33.984411,122.89,0.435,3
-117.335098,33.984411,122.87,0.343,3
-117.334794,33.984411,123.66,0.317,3
-117.33449,33.984411,124.71,0.29,3
-117.334186,33.984411,125.19,0.198,3
-117.333881,33.984411,125.84,0.139,3
-117.333577,33.984411,125.35,0.141,3
-117.333273,33.984411,124,0.115,3
-117.332968,33.984411,121.88,0.12,3
-117.332664,33.984411,118.49,0.183,3
-117.33236,33.984411,114.77,0.193,3
-117.332056,33.984411,113.19,0.166,3
-117.331751,33.984411,114.72,0.198,3
-117.331447,33.984411,117.42,0.186,3
-117.331143,33.984411,119.94,0.297,3
-117.330839,33.984411,122.07,0.464,3
-117.330534,33.984411,124.29,0.542,3
-117.33023,33.984411,126.15,0.346,3
-117.329926,33.984411,127.58,0.302,3
-117.329622,33.984411,128.64,0.302,3
-117.329317,33.984411,129.17,0.139,3
-117.329013,33.984411,129.47,0.085,3
-117.328709,33.984411,129.4,0.112,3
-117.328404,33.984411,129.07,0.212,3
-117.3281,33.984411,128.6,0.318,3
-117.327796,33.984411,128.01,0.278,3
-117.327492,33.984411,127.4,0.145,3
-117.327187,33.984411,126.87,0.101,3
-117.326883,33.984411,126.44,0.141,3
-117.326579,33.984411,126.1,0.243,3
-117.326275,33.984411,125.75,0.236,3
-117.32597,33.984411,125.08,0.226,3
-117.325666,33.984411,124.83,0.35,3
-117.325362,33.984411,124.6,0.305,3
-117.325058,33.984411,124.36,0.343,3
-117.324753,33.984411,123.9,0.267,3
-117.324449,33.984411,123.5,0.247,3
-117.324145,33.984411,123.26,0.278,3
-117.32384,33.984411,122.81,0.359,3
-117.323536,33.984411,122.66,0.414,3
-117.323232,33.984411,122.8,0.39,3
-117.322928,33.984411,123.04,0.341,3
-117.322623,33.984411,123.3,0.321,3
-117.322319,33.984411,123.44,0.297,3
-117.322015,33.984411,123.57,0.251,3
-117.321711,33.984411,123.56,0.25,3
-117.321406,33.984411,123.19,0.32,3
-117.321102,33.984411,122.71,0.31,3
-117.320798,33.984411,122.63,0.369,3
-117.320494,33.984411,122.56,0.292,3
-117.320189,33.984411,122.5,0.287,3
-117.319885,33.984411,122.57,0.224,3
-117.319581,33.984411,122.51,0.259,3
-117.319276,33.984411,122.37,0.3,3
-117.318972,33.984411,122.17,0.382,3
-117.318668,33.984411,121.97,0.462,3
-117.318364,33.984411,122.17,0.437,3
-117.318059,33.984411,123.07,0.309,3
-117.317755,33.984411,124.39,0.203,3
-117.317451,33.984411,125.63,0.214,3
-117.317147,33.984411,126.81,0.291,3
-117.316842,33.984411,128.37,0.339,3
-117.316538,33.984411,129.65,0.274,3
-117.316234,33.984411,127.35,0.207,4
-117.31593,33.984411,126.25,0.206,4
-117.315625,33.984411,125.04,0.326,4
-117.315321,33.984411,123.98,0.549,4
-117.315017,33.984411,124.71,0.624,3
-117.314712,33.984411,124.18,0.585,3
-117.314408,33.984411,123.55,0.477,3
-117.314104,33.984411,122.67,0.362,3
-117.3138,33.984411,122.13,0.322,3
-117.313495,33.984411,122.38,0.346,3
-117.313191,33.984411,122.96,0.341,3
-117.312887,33.984411,123.31,0.296,3
-117.312583,33.984411,123.32,0.287,3
-117.312278,33.984411,123.26,0.311,3
-117.311974,33.984411,123.15,0.362,3
-117.353963,33.984107,126.34,0.04,3
-117.353659,33.984107,125.08,0.065,3
-117.353354,33.984107,124.1,0.058,3
-117.35305,33.984107,124.01,0.047,3
-117.352746,33.984107,124.5,0.068,3
-117.352442,33.984107,125.23,0.064,3
-117.352137,33.984107,125.96,0.045,3
-117.351833,33.984107,126.69,0.04,3
-117.351529,33.984107,127.46,0.04,3
-117.351224,33.984107,127.93,0.044,3
-117.35092,33.984107,127.79,0.049,3
-117.350616,33.984107,127.35,0.064,3
-117.350312,33.984107,126.44,0.062,3
-117.350007,33.984107,125.61,0.113,3
-117.349703,33.984107,125.7,0.111,3
-117.349399,33.984107,125.5,0.049,3
-117.349095,33.984107,125.35,0.035,3
-117.34879,33.984107,125.15,0.077,3
-117.348486,33.984107,125.2,0.227,3
-117.348182,33.984107,125.38,0.275,3
-117.347878,33.984107,126.19,0.151,3
-117.347573,33.984107,126.72,0.081,3
-117.347269,33.984107,126.8,0.078,3
-117.346965,33.984107,126.85,0.051,3
-117.34666,33.984107,126.86,0.053,3
-117.346356,33.984107,126.33,0.127,3
-117.346052,33.984107,124.59,0.183,3
-117.345748,33.984107,122.38,0.054,3
-117.345443,33.984107,120.5,0,3
-117.345139,33.984107,120.24,0.017,3
-117.344835,33.984107,120.36,0.076,3
-117.344531,33.984107,120.62,0.124,3
-117.344226,33.984107,120.63,0.046,3
-117.343922,33.984107,120.16,0.04,3
-117.343618,33.984107,120.08,0.074,3
-117.343314,33.984107,120.34,0.097,3
-117.343009,33.984107,120.88,0.089,3
-117.342705,33.984107,121.62,0.07,3
-117.342401,33.984107,122.34,0.075,3
-117.342096,33.984107,122.85,0.096,3
-117.341792,33.984107,123.2,0.104,3
-117.341488,33.984107,123.51,0.103,3
-117.341184,33.984107,123.82,0.108,3
-117.340879,33.984107,124.14,0.113,3
-117.340575,33.984107,124.08,0.115,3
-117.340271,33.984107,123.8,0.105,3
-117.339967,33.984107,123.58,0.159,3
-117.339662,33.984107,123.86,0.17,3
-117.339358,33.984107,124.34,0.098,3
-117.339054,33.984107,124.89,0.072,3
-117.33875,33.984107,125.44,0.1,3
-117.338445,33.984107,126.01,0.197,3
-117.338141,33.984107,126.53,0.247,3
-117.337837,33.984107,126.63,0.213,3
-117.337532,33.984107,126.75,0.18,3
-117.337228,33.984107,127.05,0.282,3
-117.336924,33.984107,126.83,0.365,3
-117.33662,33.984107,126,0.19,3
-117.336315,33.984107,124.86,0.124,3
-117.336011,33.984107,123.42,0.183,3
-117.335707,33.984107,122.73,0.278,3
-117.335403,33.984107,121.72,0.484,3
-117.335098,33.984107,121.88,0.351,3
-117.334794,33.984107,122.85,0.451,3
-117.33449,33.984107,123.94,0.358,3
-117.334186,33.984107,124.09,0.22,3
-117.333881,33.984107,124.55,0.17,3
-117.333577,33.984107,123.96,0.173,3
-117.333273,33.984107,122.58,0.144,3
-117.332968,33.984107,120.18,0.113,3
-117.332664,33.984107,116.56,0.147,3
-117.33236,33.984107,112.96,0.176,3
-117.332056,33.984107,111.46,0.152,3
-117.331751,33.984107,112.79,0.169,3
-117.331447,33.984107,115.05,0.181,3
-117.331143,33.984107,117.35,0.218,3
-117.330839,33.984107,120.45,0.433,3
-117.330534,33.984107,123.08,0.577,3
-117.33023,33.984107,125.49,0.329,3
-117.329926,33.984107,127.52,0.272,3
-117.329622,33.984107,129.07,0.258,3
-117.329317,33.984107,129.72,0.101,3
-117.329013,33.984107,129.95,0.057,3
-117.328709,33.984107,129.86,0.116,3
-117.328404,33.984107,129.58,0.199,3
-117.3281,33.984107,129.21,0.255,3
-117.327796,33.984107,128.69,0.199,3
-117.327492,33.984107,128.04,0.107,3
-117.327187,33.984107,127.32,0.111,3
-117.326883,33.984107,126.66,0.128,3
-117.326579,33.984107,126.12,0.188,3
-117.326275,33.984107,125.65,0.247,3
-117.32597,33.984107,124.97,0.189,3
-117.325666,33.984107,124.74,0.285,3
-117.325362,33.984107,124.57,0.326,3
-117.325058,33.984107,124.4,0.306,3
-117.324753,33.984107,124.13,0.197,3
-117.324449,33.984107,123.95,0.228,3
-117.324145,33.984107,123.83,0.279,3
-117.32384,33.984107,123.34,0.312,3
-117.323536,33.984107,123.08,0.385,3
-117.323232,33.984107,123.15,0.403,3
-117.322928,33.984107,123.28,0.356,3
-117.322623,33.984107,123.44,0.324,3
-117.322319,33.984107,123.54,0.286,3
-117.322015,33.984107,123.56,0.269,3
-117.321711,33.984107,123.34,0.342,3
-117.321406,33.984107,123.1,0.358,3
-117.321102,33.984107,122.56,0.285,3
-117.320798,33.984107,122.49,0.351,3
-117.320494,33.984107,122.4,0.346,3
-117.320189,33.984107,122.36,0.323,3
-117.319885,33.984107,122.45,0.319,3
-117.319581,33.984107,122.45,0.281,3
-117.319276,33.984107,122.44,0.247,3
-117.318972,33.984107,122.41,0.273,3
-117.318668,33.984107,122.45,0.315,3
-117.318364,33.984107,123.08,0.31,3
-117.318059,33.984107,124.49,0.256,3
-117.317755,33.984107,126.09,0.2,3
-117.317451,33.984107,127.23,0.186,3
-117.317147,33.984107,127.92,0.218,3
-117.316842,33.984107,128.41,0.267,3
-117.316538,33.984107,127.29,0.24,4
-117.316234,33.984107,126.8,0.21,4
-117.31593,33.984107,125.42,0.201,4
-117.315625,33.984107,123.78,0.352,4
-117.315321,33.984107,122.63,0.56,4
-117.315017,33.984107,123.89,0.475,3
-117.314712,33.984107,123.7,0.469,3
-117.314408,33.984107,123.21,0.482,3
-117.314104,33.984107,122.68,0.371,3
-117.3138,33.984107,122.49,0.247,3
-117.313495,33.984107,122.72,0.186,3
-117.313191,33.984107,123,0.178,3
-117.312887,33.984107,123.16,0.244,3
-117.312583,33.984107,123.14,0.318,3
-117.312278,33.984107,123.12,0.277,3
-117.311974,33.984107,123.06,0.241,3
-117.31167,33.984107,122.82,0.358,3
-117.353963,33.983802,126,0.037,3
-117.353659,33.983802,125.38,0.064,3
-117.353354,33.983802,124.93,0.097,3
-117.35305,33.983802,124.72,0.086,3
-117.352746,33.983802,124.99,0.066,3
-117.352442,33.983802,125.49,0.056,3
-117.352137,33.983802,125.98,0.05,3
-117.351833,33.983802,126.48,0.054,3
-117.351529,33.983802,127.02,0.065,3
-117.351224,33.983802,127.43,0.07,3
-117.35092,33.983802,127.52,0.055,3
-117.350616,33.983802,126.96,0.048,3
-117.350312,33.983802,126.11,0.056,3
-117.350007,33.983802,125.43,0.108,3
-117.349703,33.983802,125.52,0.118,3
-117.349399,33.983802,125.27,0.08,3
-117.349095,33.983802,125.09,0.043,3
-117.34879,33.983802,124.51,0.079,3
-117.348486,33.983802,124.34,0.284,3
-117.348182,33.983802,124.36,0.312,3
-117.347878,33.983802,124.77,0.152,3
-117.347573,33.983802,125.03,0.09,3
-117.347269,33.983802,125.03,0.074,3
-117.346965,33.983802,125.03,0.028,3
-117.34666,33.983802,124.95,0.053,3
-117.346356,33.983802,124.52,0.178,3
-117.346052,33.983802,123.68,0.322,3
-117.345748,33.983802,123.29,0.136,3
-117.345443,33.983802,122.24,0.037,3
-117.345139,33.983802,121.8,0.034,3
-117.344835,33.983802,121.93,0.042,3
-117.344531,33.983802,121.77,0.144,3
-117.344226,33.983802,121.31,0.107,3
-117.343922,33.983802,120.53,0.043,3
-117.343618,33.983802,120.12,0.029,3
-117.343314,33.983802,120.22,0.054,3
-117.343009,33.983802,120.85,0.086,3
-117.342705,33.983802,121.81,0.072,3
-117.342401,33.983802,122.76,0.049,3
-117.342096,33.983802,123.48,0.072,3
-117.341792,33.983802,123.98,0.106,3
-117.341488,33.983802,124.36,0.103,3
-117.341184,33.983802,124.49,0.096,3
-117.340879,33.983802,124.07,0.102,3
-117.340575,33.983802,123.99,0.09,3
-117.340271,33.983802,123.82,0.141,3
-117.339967,33.983802,123.93,0.173,3
-117.339662,33.983802,124.07,0.142,3
-117.339358,33.983802,124.37,0.074,3
-117.339054,33.983802,124.67,0.075,3
-117.33875,33.983802,125.02,0.082,3
-117.338445,33.983802,125.4,0.199,3
-117.338141,33.983802,125.69,0.307,3
-117.337837,33.983802,125.8,0.247,3
-117.337532,33.983802,126.09,0.164,3
-117.337228,33.983802,126.41,0.203,3
-117.336924,33.983802,126.24,0.23,3
-117.33662,33.983802,125.49,0.156,3
-117.336315,33.983802,124.12,0.126,3
-117.336011,33.983802,122.82,0.205,3
-117.335707,33.983802,121.64,0.324,3
-117.335403,33.983802,120.68,0.49,3
-117.335098,33.983802,121.13,0.36,3
-117.334794,33.983802,121.98,0.323,3
-117.33449,33.983802,122.31,0.269,3
-117.334186,33.983802,122.18,0.222,3
-117.333881,33.983802,121.49,0.226,3
-117.333577,33.983802,120.39,0.271,3
-117.333273,33.983802,119.13,0.216,3
-117.332968,33.983802,116.98,0.113,3
-117.332664,33.983802,113.75,0.095,3
-117.33236,33.983802,110.65,0.148,3
-117.332056,33.983802,109.28,0.189,3
-117.331751,33.983802,110.21,0.189,3
-117.331447,33.983802,112.29,0.165,3
-117.331143,33.983802,114.83,0.201,3
-117.330839,33.983802,117.53,0.391,3
-117.330534,33.983802,120.53,0.393,3
-117.33023,33.983802,123.48,0.381,3
-117.329926,33.983802,125.77,0.291,3
-117.329622,33.983802,127.38,0.25,3
-117.329317,33.983802,128.18,0.13,3
-117.329013,33.983802,128.7,0.072,3
-117.328709,33.983802,128.59,0.123,3
-117.328404,33.983802,128.31,0.191,3
-117.3281,33.983802,128.1,0.195,3
-117.327796,33.983802,127.75,0.12,3
-117.327492,33.983802,127.12,0.048,3
-117.327187,33.983802,126.27,0.07,3
-117.326883,33.983802,125.41,0.129,3
-117.326579,33.983802,124.73,0.131,3
-117.326275,33.983802,124.36,0.137,3
-117.32597,33.983802,124.57,0.144,3
-117.325666,33.983802,124.39,0.169,3
-117.325362,33.983802,124.37,0.283,3
-117.325058,33.983802,124.38,0.323,3
-117.324753,33.983802,124.78,0.258,3
-117.324449,33.983802,124.85,0.255,3
-117.324145,33.983802,124.81,0.257,3
-117.32384,33.983802,124.46,0.272,3
-117.323536,33.983802,124.24,0.287,3
-117.323232,33.983802,124.2,0.279,3
-117.322928,33.983802,123.89,0.257,3
-117.322623,33.983802,123.52,0.243,3
-117.322319,33.983802,123.35,0.234,3
-117.322015,33.983802,122.38,0.215,3
-117.321711,33.983802,120.77,0.256,4
-117.321406,33.983802,122.5,0.273,3
-117.321102,33.983802,122.21,0.229,3
-117.320798,33.983802,123.12,0.27,3
-117.320494,33.983802,123.03,0.325,3
-117.320189,33.983802,122.95,0.376,3
-117.319885,33.983802,122.69,0.372,3
-117.319581,33.983802,122.62,0.326,3
-117.319276,33.983802,122.68,0.282,3
-117.318972,33.983802,122.9,0.284,3
-117.318668,33.983802,123.32,0.321,3
-117.318364,33.983802,124.44,0.311,3
-117.318059,33.983802,126.42,0.251,3
-117.317755,33.983802,128.27,0.213,3
-117.317451,33.983802,128.5,0.203,3
-117.317147,33.983802,127.18,0.207,4
-117.316842,33.983802,127.36,0.237,4
-117.316538,33.983802,127.13,0.237,4
-117.316234,33.983802,126.17,0.223,4
-117.31593,33.983802,123.91,0.214,4
-117.315625,33.983802,122.44,0.204,4
-117.315321,33.983802,121.62,0.308,4
-117.315017,33.983802,123.2,0.241,3
-117.314712,33.983802,123.4,0.251,3
-117.314408,33.983802,123.06,0.355,3
-117.314104,33.983802,122.98,0.322,3
-117.3138,33.983802,123.07,0.253,3
-117.313495,33.983802,123.18,0.247,3
-117.313191,33.983802,123.12,0.252,3
-117.312887,33.983802,122.84,0.301,3
-117.312583,33.983802,122.62,0.363,3
-117.312278,33.983802,122.49,0.257,3
-117.311974,33.983802,122.42,0.212,3
-117.31167,33.983802,122.28,0.269,3
-117.353963,33.983498,125.85,0.035,3
-117.353659,33.983498,125.89,0.037,3
-117.353354,33.983498,125.88,0.05,3
-117.35305,33.983498,125.64,0.057,3
-117.352746,33.983498,125.72,0.053,3
-117.352442,33.983498,126,0.059,3
-117.352137,33.983498,126.22,0.067,3
-117.351833,33.983498,126.46,0.086,3
-117.351529,33.983498,126.71,0.129,3
-117.351224,33.983498,126.95,0.126,3
-117.35092,33.983498,127.05,0.048,3
-117.350616,33.983498,126.46,0.03,3
-117.350312,33.983498,125.72,0.029,3
-117.350007,33.983498,125.14,0.063,3
-117.349703,33.983498,125.16,0.123,3
-117.349399,33.983498,124.81,0.062,3
-117.349095,33.983498,124.43,0.048,3
-117.34879,33.983498,123.55,0.122,3
-117.348486,33.983498,123,0.248,3
-117.348182,33.983498,122.75,0.258,3
-117.347878,33.983498,122.96,0.125,3
-117.347573,33.983498,123.1,0.082,3
-117.347269,33.983498,123.12,0.084,3
-117.346965,33.983498,123.19,0.047,3
-117.34666,33.983498,123.28,0.058,3
-117.346356,33.983498,123.36,0.19,3
-117.346052,33.983498,123.43,0.377,3
-117.345748,33.983498,124.22,0.161,3
-117.345443,33.983498,123.93,0.066,3
-117.345139,33.983498,123.63,0.06,3
-117.344835,33.983498,123.7,0.047,3
-117.344531,33.983498,123.35,0.204,3
-117.344226,33.983498,122.64,0.222,3
-117.343922,33.983498,121.57,0.122,3
-117.343618,33.983498,120.77,0.041,3
-117.343314,33.983498,120.5,0.023,3
-117.343009,33.983498,120.8,0.069,3
-117.342705,33.983498,121.45,0.091,3
-117.342401,33.983498,122.23,0.072,3
-117.342096,33.983498,123,0.095,3
-117.341792,33.983498,123.69,0.155,3
-117.341488,33.983498,124.28,0.15,3
-117.341184,33.983498,124.57,0.111,3
-117.340879,33.983498,124.26,0.116,3
-117.340575,33.983498,124.35,0.119,3
-117.340271,33.983498,124.32,0.153,3
-117.339967,33.983498,124.52,0.15,3
-117.339662,33.983498,124.47,0.16,3
-117.339358,33.983498,124.49,0.138,3
-117.339054,33.983498,124.52,0.132,3
-117.33875,33.983498,124.57,0.154,3
-117.338445,33.983498,124.65,0.219,3
-117.338141,33.983498,124.81,0.288,3
-117.337837,33.983498,124.9,0.243,3
-117.337532,33.983498,125.09,0.192,3
-117.337228,33.983498,125.38,0.242,3
-117.336924,33.983498,125.27,0.254,3
-117.33662,33.983498,124.55,0.159,3
-117.336315,33.983498,123.43,0.117,3
-117.336011,33.983498,122.41,0.227,3
-117.335707,33.983498,121.08,0.343,3
-117.335403,33.983498,120.38,0.372,3
-117.335098,33.983498,120.99,0.315,3
-117.334794,33.983498,121.58,0.254,3
-117.33449,33.983498,121.21,0.209,3
-117.334186,33.983498,120.74,0.198,3
-117.333881,33.983498,119.64,0.239,3
-117.333577,33.983498,118.31,0.304,3
-117.333273,33.983498,117.1,0.251,3
-117.332968,33.983498,115.3,0.159,3
-117.332664,33.983498,112.75,0.127,3
-117.33236,33.983498,110.41,0.129,3
-117.332056,33.983498,109.34,0.137,3
-117.331751,33.983498,110.02,0.129,3
-117.331447,33.983498,111.73,0.143,3
-117.331143,33.983498,113.86,0.261,3
-117.330839,33.983498,116.36,0.396,3
-117.330534,33.983498,119.53,0.482,3
-117.33023,33.983498,122.6,0.442,3
-117.329926,33.983498,124.7,0.208,3
-117.329622,33.983498,125.97,0.136,3
-117.329317,33.983498,126.65,0.115,3
-117.329013,33.983498,127.21,0.112,3
-117.328709,33.983498,127.43,0.116,3
-117.328404,33.983498,127.47,0.139,3
-117.3281,33.983498,127.36,0.163,3
-117.327796,33.983498,127.11,0.152,3
-117.327492,33.983498,126.68,0.099,3
-117.327187,33.983498,125.96,0.065,3
-117.326883,33.983498,125.16,0.135,3
-117.326579,33.983498,124.51,0.206,3
-117.326275,33.983498,124.18,0.14,3
-117.32597,33.983498,124.49,0.114,3
-117.325666,33.983498,124.41,0.167,3
-117.325362,33.983498,124.52,0.245,3
-117.325058,33.983498,124.66,0.23,3
-117.324753,33.983498,125.19,0.241,3
-117.324449,33.983498,125.36,0.268,3
-117.324145,33.983498,125.37,0.276,3
-117.32384,33.983498,125.03,0.287,3
-117.323536,33.983498,124.78,0.232,3
-117.323232,33.983498,124.7,0.202,3
-117.322928,33.983498,124.33,0.242,3
-117.322623,33.983498,123.84,0.277,3
-117.322319,33.983498,122.86,0.298,3
-117.322015,33.983498,120.67,0.29,4
-117.321711,33.983498,120.48,0.312,4
-117.321406,33.983498,120.34,0.295,4
-117.321102,33.983498,120.41,0.287,4
-117.320798,33.983498,123.69,0.273,3
-117.320494,33.983498,123.7,0.242,3
-117.320189,33.983498,123.62,0.276,3
-117.319885,33.983498,123.37,0.335,3
-117.319581,33.983498,123.3,0.303,3
-117.319276,33.983498,123.36,0.373,3
-117.318972,33.983498,123.58,0.374,3
-117.318668,33.983498,124.14,0.313,3
-117.318364,33.983498,125.46,0.271,3
-117.318059,33.983498,127.44,0.234,3
-117.317755,33.983498,129.05,0.208,3
-117.317451,33.983498,128.83,0.219,3
-117.317147,33.983498,126.99,0.224,4
-117.316842,33.983498,126.78,0.235,4
-117.316538,33.983498,126.12,0.25,4
-117.316234,33.983498,124.83,0.237,4
-117.31593,33.983498,122.74,0.252,4
-117.315625,33.983498,121.7,0.171,4
-117.315321,33.983498,121.28,0.184,4
-117.315017,33.983498,123.03,0.278,3
-117.314712,33.983498,123.46,0.279,3
-117.314408,33.983498,123.26,0.309,3
-117.314104,33.983498,123.18,0.307,3
-117.3138,33.983498,123.15,0.308,3
-117.313495,33.983498,123.1,0.351,3
-117.313191,33.983498,122.91,0.35,3
-117.312887,33.983498,122.46,0.305,3
-117.312583,33.983498,121.98,0.319,3
-117.312278,33.983498,121.67,0.344,3
-117.311974,33.983498,121.62,0.338,3
-117.31167,33.983498,121.66,0.269,3
-117.353963,33.983194,126.03,0.098,3
-117.353659,33.983194,126.36,0.085,3
-117.353354,33.983194,126.62,0.089,3
-117.35305,33.983194,126.49,0.097,3
-117.352746,33.983194,126.41,0.086,3
-117.352442,33.983194,126.45,0.095,3
-117.352137,33.983194,126.46,0.12,3
-117.351833,33.983194,126.42,0.134,3
-117.351529,33.983194,126.39,0.146,3
-117.351224,33.983194,126.44,0.146,3
-117.35092,33.983194,126.5,0.104,3
-117.350616,33.983194,126.03,0.077,3
-117.350312,33.983194,125.48,0.064,3
-117.350007,33.983194,125.05,0.067,3
-117.349703,33.983194,125.22,0.158,3
-117.349399,33.983194,124.85,0.1,3
-117.349095,33.983194,124.32,0.113,3
-117.34879,33.983194,123.03,0.117,3
-117.348486,33.983194,121.98,0.196,3
-117.348182,33.983194,121.23,0.287,3
-117.347878,33.983194,120.98,0.244,3
-117.347573,33.983194,120.91,0.236,3
-117.347269,33.983194,120.9,0.245,3
-117.346965,33.983194,121.07,0.195,3
-117.34666,33.983194,121.46,0.189,3
-117.346356,33.983194,122.08,0.268,3
-117.346052,33.983194,122.99,0.343,3
-117.345748,33.983194,124.18,0.232,3
-117.345443,33.983194,124.29,0.186,3
-117.345139,33.983194,124.28,0.173,3
-117.344835,33.983194,124.22,0.149,3
-117.344531,33.983194,123.96,0.309,3
-117.344226,33.983194,123.34,0.273,3
-117.343922,33.983194,122.32,0.197,3
-117.343618,33.983194,121.37,0.089,3
-117.343314,33.983194,120.73,0.028,3
-117.343009,33.983194,120.48,0.022,3
-117.342705,33.983194,120.58,0.052,3
-117.342401,33.983194,121.04,0.089,3
-117.342096,33.983194,121.8,0.108,3
-117.341792,33.983194,122.65,0.13,3
-117.341488,33.983194,123.46,0.157,3
-117.341184,33.983194,124.06,0.129,3
-117.340879,33.983194,124.22,0.115,3
-117.340575,33.983194,124.63,0.125,3
-117.340271,33.983194,124.85,0.087,3
-117.339967,33.983194,124.98,0.099,3
-117.339662,33.983194,124.83,0.235,3
-117.339358,33.983194,124.64,0.298,3
-117.339054,33.983194,124.4,0.299,3
-117.33875,33.983194,124.13,0.323,3
-117.338445,33.983194,123.83,0.359,3
-117.338141,33.983194,123.59,0.347,3
-117.337837,33.983194,123.44,0.298,3
-117.337532,33.983194,123.61,0.289,3
-117.337228,33.983194,124.05,0.318,3
-117.336924,33.983194,124.18,0.29,3
-117.33662,33.983194,123.75,0.188,3
-117.336315,33.983194,122.9,0.148,3
-117.336011,33.983194,121.86,0.256,3
-117.335707,33.983194,120.86,0.286,3
-117.335403,33.983194,120.42,0.371,3
-117.335098,33.983194,120.87,0.365,3
-117.334794,33.983194,121.17,0.312,3
-117.33449,33.983194,120.44,0.275,3
-117.334186,33.983194,119.63,0.267,3
-117.333881,33.983194,118.26,0.283,3
-117.333577,33.983194,116.93,0.28,3
-117.333273,33.983194,115.84,0.224,3
-117.332968,33.983194,114.55,0.185,3
-117.332664,33.983194,112.9,0.191,3
-117.33236,33.983194,111.32,0.194,3
-117.332056,33.983194,110.56,0.179,3
-117.331751,33.983194,111.16,0.165,3
-117.331447,33.983194,112.7,0.221,3
-117.331143,33.983194,114.48,0.349,3
-117.330839,33.983194,116.66,0.533,3
-117.330534,33.983194,119.79,0.583,3
-117.33023,33.983194,122.57,0.393,3
-117.329926,33.983194,124.17,0.184,3
-117.329622,33.983194,124.9,0.129,3
-117.329317,33.983194,125.26,0.134,3
-117.329013,33.983194,125.68,0.129,3
-117.328709,33.983194,125.88,0.111,3
-117.328404,33.983194,125.89,0.14,3
-117.3281,33.983194,125.84,0.19,3
-117.327796,33.983194,125.8,0.212,3
-117.327492,33.983194,125.73,0.177,3
-117.327187,33.983194,125.43,0.116,3
-117.326883,33.983194,124.99,0.146,3
-117.326579,33.983194,124.5,0.221,3
-117.326275,33.983194,124.16,0.193,3
-117.32597,33.983194,124.48,0.095,3
-117.325666,33.983194,124.46,0.125,3
-117.325362,33.983194,124.64,0.258,3
-117.325058,33.983194,124.86,0.233,3
-117.324753,33.983194,125.5,0.235,3
-117.324449,33.983194,125.77,0.211,3
-117.324145,33.983194,125.87,0.217,3
-117.32384,33.983194,125.62,0.24,3
-117.323536,33.983194,125.42,0.222,3
-117.323232,33.983194,125.34,0.213,3
-117.322928,33.983194,124.97,0.248,3
-117.322623,33.983194,124.43,0.285,3
-117.322319,33.983194,123.36,0.307,3
-117.322015,33.983194,121.01,0.327,4
-117.321711,33.983194,120.81,0.309,4
-117.321406,33.983194,120.71,0.246,4
-117.321102,33.983194,120.83,0.245,4
-117.320798,33.983194,124.31,0.238,3
-117.320494,33.983194,124.35,0.188,3
-117.320189,33.983194,124.32,0.221,3
-117.319885,33.983194,124.11,0.264,3
-117.319581,33.983194,124.07,0.292,3
-117.319276,33.983194,124.14,0.371,3
-117.318972,33.983194,124.34,0.357,3
-117.318668,33.983194,124.86,0.265,3
-117.318364,33.983194,125.9,0.191,3
-117.318059,33.983194,127.39,0.18,3
-117.317755,33.983194,128.6,0.212,3
-117.317451,33.983194,128.12,0.225,3
-117.317147,33.983194,126.02,0.216,4
-117.316842,33.983194,125.71,0.221,4
-117.316538,33.983194,125.01,0.225,4
-117.316234,33.983194,123.84,0.237,4
-117.31593,33.983194,122.06,0.388,4
-117.315625,33.983194,121.31,0.363,4
-117.315321,33.983194,121.09,0.352,4
-117.315017,33.983194,123,0.417,3
-117.314712,33.983194,123.68,0.373,3
-117.314408,33.983194,123.55,0.283,3
-117.314104,33.983194,123.37,0.241,3
-117.3138,33.983194,123.18,0.275,3
-117.313495,33.983194,122.96,0.33,3
-117.313191,33.983194,122.61,0.339,3
-117.312887,33.983194,122.01,0.295,3
-117.312583,33.983194,121.41,0.291,3
-117.312278,33.983194,121.1,0.425,3
-117.311974,33.983194,121.21,0.489,3
-117.31167,33.983194,121.46,0.358,3
-117.311366,33.983194,121.68,0.378,3
-117.353963,33.98289,125.85,0.182,3
-117.353659,33.98289,126.13,0.204,3
-117.353354,33.98289,126.36,0.206,3
-117.35305,33.98289,126.5,0.207,3
-117.352746,33.98289,126.54,0.22,3
-117.352442,33.98289,126.48,0.215,3
-117.352137,33.98289,126.35,0.214,3
-117.351833,33.98289,126.22,0.209,3
-117.351529,33.98289,126.11,0.198,3
-117.351224,33.98289,126.03,0.232,3
-117.35092,33.98289,126,0.265,3
-117.350616,33.98289,125.72,0.262,3
-117.350312,33.98289,125.4,0.233,3
-117.350007,33.98289,125.23,0.277,3
-117.349703,33.98289,125.97,0.33,3
-117.349399,33.98289,125.87,0.284,3
-117.349095,33.98289,125.19,0.194,3
-117.34879,33.98289,123.22,0.127,3
-117.348486,33.98289,121.49,0.195,3
-117.348182,33.98289,119.92,0.403,3
-117.347878,33.98289,119.51,0.541,3
-117.347573,33.98289,119.44,0.532,3
-117.347269,33.98289,119.41,0.449,3
-117.346965,33.98289,119.74,0.41,3
-117.34666,33.98289,120.42,0.409,3
-117.346356,33.98289,121.6,0.339,3
-117.346052,33.98289,122.85,0.288,3
-117.345748,33.98289,123.64,0.272,3
-117.345443,33.98289,123.81,0.255,3
-117.345139,33.98289,123.9,0.224,3
-117.344835,33.98289,123.41,0.212,3
-117.344531,33.98289,123.23,0.198,3
-117.344226,33.98289,122.85,0.216,3
-117.343922,33.98289,122.37,0.215,3
-117.343618,33.98289,121.72,0.168,3
-117.343314,33.98289,121.09,0.124,3
-117.343009,33.98289,120.63,0.062,3
-117.342705,33.98289,120.35,0.02,3
-117.342401,33.98289,120.37,0.04,3
-117.342096,33.98289,120.8,0.086,3
-117.341792,33.98289,121.54,0.102,3
-117.341488,33.98289,122.42,0.08,3
-117.341184,33.98289,123.34,0.069,3
-117.340879,33.98289,124.2,0.119,3
-117.340575,33.98289,124.98,0.17,3
-117.340271,33.98289,125.57,0.14,3
-117.339967,33.98289,125.28,0.116,3
-117.339662,33.98289,125.13,0.182,3
-117.339358,33.98289,124.74,0.212,3
-117.339054,33.98289,124.24,0.216,3
-117.33875,33.98289,123.65,0.253,3
-117.338445,33.98289,123.09,0.326,3
-117.338141,33.98289,122.59,0.34,3
-117.337837,33.98289,122.34,0.364,3
-117.337532,33.98289,122.58,0.359,3
-117.337228,33.98289,123.12,0.305,3
-117.336924,33.98289,123.37,0.277,3
-117.33662,33.98289,123.03,0.218,3
-117.336315,33.98289,122.29,0.225,3
-117.336011,33.98289,121.26,0.31,3
-117.335707,33.98289,121.08,0.302,3
-117.335403,33.98289,120.78,0.326,3
-117.335098,33.98289,121,0.356,3
-117.334794,33.98289,121.42,0.361,3
-117.33449,33.98289,120.4,0.41,3
-117.334186,33.98289,119.25,0.399,3
-117.333881,33.98289,117.48,0.439,3
-117.333577,33.98289,116.09,0.426,3
-117.333273,33.98289,115.18,0.387,3
-117.332968,33.98289,114.29,0.326,3
-117.332664,33.98289,113.44,0.291,3
-117.33236,33.98289,112.78,0.367,3
-117.332056,33.98289,112.56,0.436,3
-117.331751,33.98289,113.34,0.358,3
-117.331447,33.98289,114.81,0.344,3
-117.331143,33.98289,116.57,0.254,3
-117.330839,33.98289,118.72,0.217,3
-117.330534,33.98289,121.58,0.264,3
-117.33023,33.98289,123.74,0.199,3
-117.329926,33.98289,124.74,0.15,3
-117.329622,33.98289,124.92,0.14,3
-117.329317,33.98289,124.86,0.148,3
-117.329013,33.98289,124.77,0.144,3
-117.328709,33.98289,124.55,0.162,3
-117.328404,33.98289,124.37,0.182,3
-117.3281,33.98289,124.29,0.17,3
-117.327796,33.98289,124.39,0.153,3
-117.327492,33.98289,124.66,0.145,3
-117.327187,33.98289,124.85,0.119,3
-117.326883,33.98289,124.85,0.115,3
-117.326579,33.98289,124.6,0.123,3
-117.326275,33.98289,124.26,0.147,3
-117.32597,33.98289,124.28,0.115,3
-117.325666,33.98289,124.24,0.082,3
-117.325362,33.98289,124.38,0.133,3
-117.325058,33.98289,124.57,0.167,3
-117.324753,33.98289,125.19,0.174,3
-117.324449,33.98289,125.51,0.142,3
-117.324145,33.98289,125.69,0.15,3
-117.32384,33.98289,125.84,0.187,3
-117.323536,33.98289,125.95,0.22,3
-117.323232,33.98289,126,0.225,3
-117.322928,33.98289,125.88,0.232,3
-117.322623,33.98289,125.09,0.255,3
-117.322319,33.98289,123.37,0.262,3
-117.322015,33.98289,121.97,0.266,4
-117.321711,33.98289,121.77,0.251,4
-117.321406,33.98289,121.65,0.223,4
-117.321102,33.98289,121.68,0.223,4
-117.320798,33.98289,123.35,0.175,3
-117.320494,33.98289,124.77,0.198,3
-117.320189,33.98289,124.91,0.211,3
-117.319885,33.98289,124.74,0.24,3
-117.319581,33.98289,124.74,0.245,3
-117.319276,33.98289,124.81,0.246,3
-117.318972,33.98289,124.97,0.246,3
-117.318668,33.98289,125.27,0.239,3
-117.318364,33.98289,125.79,0.209,3
-117.318059,33.98289,126,0.207,3
-117.317755,33.98289,125.82,0.247,4
-117.317451,33.98289,125.67,0.23,4
-117.317147,33.98289,124.64,0.191,4
-117.316842,33.98289,124.4,0.18,4
-117.316538,33.98289,123.87,0.19,4
-117.316234,33.98289,123.05,0.218,4
-117.31593,33.98289,121.72,0.328,4
-117.315625,33.98289,121.13,0.371,4
-117.315321,33.98289,120.95,0.385,4
-117.315017,33.98289,123.16,0.331,3
-117.314712,33.98289,124,0.265,3
-117.314408,33.98289,123.85,0.194,3
-117.314104,33.98289,123.61,0.209,3
-117.3138,33.98289,123.32,0.279,3
-117.313495,33.98289,122.96,0.339,3
-117.313191,33.98289,122.36,0.359,3
-117.312887,33.98289,121.52,0.341,3
-117.312583,33.98289,120.96,0.329,3
-117.312278,33.98289,120.78,0.349,3
-117.311974,33.98289,121.08,0.425,3
-117.31167,33.98289,121.48,0.387,3
-117.311366,33.98289,121.88,0.36,3
-117.311061,33.98289,122.3,0.3,3
-117.353963,33.982585,125.83,0.158,3
-117.353659,33.982585,125.83,0.205,3
-117.353354,33.982585,125.83,0.243,3
-117.35305,33.982585,125.85,0.253,3
-117.352746,33.982585,125.85,0.312,3
-117.352442,33.982585,125.8,0.327,3
-117.352137,33.982585,125.7,0.305,3
-117.351833,33.982585,125.59,0.284,3
-117.351529,33.982585,125.5,0.264,3
-117.351224,33.982585,125.49,0.31,3
-117.35092,33.982585,125.57,0.376,3
-117.350616,33.982585,125.48,0.293,3
-117.350312,33.982585,125.35,0.189,3
-117.350007,33.982585,125.44,0.379,3
-117.349703,33.982585,126.49,0.403,3
-117.349399,33.982585,126.48,0.178,3
-117.349095,33.982585,125.58,0.134,3
-117.34879,33.982585,123.36,0.152,3
-117.348486,33.982585,121.04,0.305,3
-117.348182,33.982585,118.63,0.573,3
-117.347878,33.982585,117.54,0.713,3
-117.347573,33.982585,117.19,0.727,3
-117.347269,33.982585,117.35,0.634,3
-117.346965,33.982585,118.09,0.536,3
-117.34666,33.982585,119.14,0.446,3
-117.346356,33.982585,120.76,0.22,3
-117.346052,33.982585,122.24,0.142,3
-117.345748,33.982585,123.06,0.17,3
-117.345443,33.982585,123.27,0.139,3
-117.345139,33.982585,123.36,0.07,3
-117.344835,33.982585,123,0.078,3
-117.344531,33.982585,123.06,0.129,3
-117.344226,33.982585,123.04,0.226,3
-117.343922,33.982585,122.99,0.164,3
-117.343618,33.982585,122.68,0.133,3
-117.343314,33.982585,122.25,0.19,3
-117.343009,33.982585,121.8,0.166,3
-117.342705,33.982585,121.36,0.075,3
-117.342401,33.982585,121,0.041,3
-117.342096,33.982585,120.89,0.087,3
-117.341792,33.982585,121.2,0.132,3
-117.341488,33.982585,121.87,0.107,3
-117.341184,33.982585,122.87,0.087,3
-117.340879,33.982585,124.07,0.149,3
-117.340575,33.982585,125.22,0.217,3
-117.340271,33.982585,126.06,0.166,3
-117.339967,33.982585,125.94,0.178,3
-117.339662,33.982585,125.83,0.19,3
-117.339358,33.982585,125.3,0.122,3
-117.339054,33.982585,124.59,0.14,3
-117.33875,33.982585,123.88,0.173,3
-117.338445,33.982585,123.29,0.241,3
-117.338141,33.982585,122.67,0.272,3
-117.337837,33.982585,122.38,0.335,3
-117.337532,33.982585,122.62,0.334,3
-117.337228,33.982585,123,0.253,3
-117.336924,33.982585,123.09,0.234,3
-117.33662,33.982585,122.7,0.189,3
-117.336315,33.982585,121.9,0.226,3
-117.336011,33.982585,121.13,0.309,3
-117.335707,33.982585,121.23,0.309,3
-117.335403,33.982585,120.95,0.447,3
-117.335098,33.982585,120.91,0.376,3
-117.334794,33.982585,121.02,0.335,3
-117.33449,33.982585,119.82,0.47,3
-117.334186,33.982585,118.33,0.563,3
-117.333881,33.982585,116.27,0.619,3
-117.333577,33.982585,114.98,0.611,3
-117.333273,33.982585,114.42,0.584,3
-117.332968,33.982585,114,0.507,3
-117.332664,33.982585,113.76,0.437,3
-117.33236,33.982585,113.88,0.525,3
-117.332056,33.982585,114.35,0.646,3
-117.331751,33.982585,115.27,0.563,3
-117.331447,33.982585,116.57,0.506,3
-117.331143,33.982585,118.31,0.342,3
-117.330839,33.982585,120.56,0.126,3
-117.330534,33.982585,123.37,0.119,3
-117.33023,33.982585,125.03,0.123,3
-117.329926,33.982585,125.7,0.121,3
-117.329622,33.982585,125.71,0.124,3
-117.329317,33.982585,125.33,0.111,3
-117.329013,33.982585,124.65,0.132,3
-117.328709,33.982585,123.92,0.165,3
-117.328404,33.982585,123.39,0.153,3
-117.3281,33.982585,123.14,0.123,3
-117.327796,33.982585,123.19,0.111,3
-117.327492,33.982585,123.52,0.1,3
-117.327187,33.982585,123.96,0.083,3
-117.326883,33.982585,124.19,0.082,3
-117.326579,33.982585,124.06,0.08,3
-117.326275,33.982585,123.88,0.108,3
-117.32597,33.982585,123.69,0.159,3
-117.325666,33.982585,123.72,0.13,3
-117.325362,33.982585,123.85,0.115,3
-117.325058,33.982585,124.02,0.125,3
-117.324753,33.982585,124.57,0.159,3
-117.324449,33.982585,124.89,0.15,3
-117.324145,33.982585,125.11,0.18,3
-117.32384,33.982585,125.68,0.271,3
-117.323536,33.982585,126.12,0.312,3
-117.323232,33.982585,126.31,0.314,3
-117.322928,33.982585,126.54,0.326,3
-117.322623,33.982585,125.57,0.318,3
-117.322319,33.982585,123.26,0.309,4
-117.322015,33.982585,123,0.314,4
-117.321711,33.982585,122.77,0.268,4
-117.321406,33.982585,122.6,0.286,4
-117.321102,33.982585,122.52,0.294,4
-117.320798,33.982585,122.24,0.155,4
-117.320494,33.982585,123.35,0.262,4
-117.320189,33.982585,123.45,0.334,4
-117.319885,33.982585,123.29,0.326,4
-117.319581,33.982585,123.26,0.304,4
-117.319276,33.982585,123.31,0.233,4
-117.318972,33.982585,123.41,0.211,4
-117.318668,33.982585,123.56,0.265,4
-117.318364,33.982585,123.78,0.285,4
-117.318059,33.982585,123.67,0.266,4
-117.317755,33.982585,123.34,0.286,4
-117.317451,33.982585,123.51,0.29,4
-117.317147,33.982585,123.52,0.242,4
-117.316842,33.982585,123.37,0.186,4
-117.316538,33.982585,123.05,0.186,4
-117.316234,33.982585,122.56,0.26,4
-117.31593,33.982585,121.64,0.268,4
-117.315625,33.982585,121.21,0.274,4
-117.315321,33.982585,120.99,0.344,4
-117.315017,33.982585,123.32,0.292,3
-117.314712,33.982585,124.12,0.266,3
-117.314408,33.982585,123.96,0.243,3
-117.314104,33.982585,123.76,0.273,3
-117.3138,33.982585,123.47,0.327,3
-117.313495,33.982585,123.04,0.393,3
-117.313191,33.982585,122.32,0.433,3
-117.312887,33.982585,121.4,0.416,3
-117.312583,33.982585,120.91,0.39,3
-117.312278,33.982585,120.7,0.295,3
-117.311974,33.982585,121.01,0.322,3
-117.31167,33.982585,121.6,0.384,3
-117.311366,33.982585,122.19,0.352,3
-117.311061,33.982585,122.66,0.312,3
-117.353963,33.982281,125.66,0.202,3
-117.353659,33.982281,125.55,0.24,3
-117.353354,33.982281,125.37,0.294,3
-117.35305,33.982281,125.23,0.285,3
-117.352746,33.982281,125.15,0.315,3
-117.352442,33.982281,125.08,0.32,3
-117.352137,33.982281,124.99,0.305,3
-117.351833,33.982281,124.92,0.281,3
-117.351529,33.982281,124.87,0.253,3
-117.351224,33.982281,124.95,0.318,3
-117.35092,33.982281,125.15,0.354,3
-117.350616,33.982281,125.19,0.228,3
-117.350312,33.982281,125.2,0.128,3
-117.350007,33.982281,125.38,0.409,3
-117.349703,33.982281,126.46,0.424,3
-117.349399,33.982281,126.4,0.129,3
-117.349095,33.982281,125.55,0.1,3
-117.34879,33.982281,122.97,0.303,3
-117.348486,33.982281,120.44,0.376,3
-117.348182,33.982281,117.75,0.595,3
-117.347878,33.982281,116.42,0.743,3
-117.347573,33.982281,116.15,0.755,3
-117.347269,33.982281,116.15,0.719,3
-117.346965,33.982281,116.68,0.654,3
-117.34666,33.982281,118.06,0.473,3
-117.346356,33.982281,120.03,0.175,3
-117.346052,33.982281,121.69,0.107,3
-117.345748,33.982281,122.62,0.241,3
-117.345443,33.982281,123.05,0.143,3
-117.345139,33.982281,123.33,0.064,3
-117.344835,33.982281,123.09,0.062,3
-117.344531,33.982281,123.31,0.159,3
-117.344226,33.982281,123.51,0.19,3
-117.343922,33.982281,123.76,0.157,3
-117.343618,33.982281,123.75,0.088,3
-117.343314,33.982281,123.51,0.1,3
-117.343009,33.982281,123.16,0.166,3
-117.342705,33.982281,122.72,0.165,3
-117.342401,33.982281,122.12,0.087,3
-117.342096,33.982281,121.45,0.048,3
-117.341792,33.982281,121.1,0.091,3
-117.341488,33.982281,121.27,0.138,3
-117.341184,33.982281,122.17,0.17,3
-117.340879,33.982281,123.8,0.173,3
-117.340575,33.982281,125.3,0.175,3
-117.340271,33.982281,126.17,0.176,3
-117.339967,33.982281,126.11,0.226,3
-117.339662,33.982281,126.17,0.252,3
-117.339358,33.982281,125.84,0.131,3
-117.339054,33.982281,125.35,0.116,3
-117.33875,33.982281,124.66,0.155,3
-117.338445,33.982281,123.89,0.211,3
-117.338141,33.982281,123.17,0.274,3
-117.337837,33.982281,122.9,0.284,3
-117.337532,33.982281,123,0.221,3
-117.337228,33.982281,123.09,0.173,3
-117.336924,33.982281,123.09,0.168,3
-117.33662,33.982281,122.79,0.146,3
-117.336315,33.982281,122.01,0.212,3
-117.336011,33.982281,121.39,0.285,3
-117.335707,33.982281,121.67,0.349,3
-117.335403,33.982281,121.4,0.449,3
-117.335098,33.982281,121.17,0.324,3
-117.334794,33.982281,120.95,0.33,3
-117.33449,33.982281,119.55,0.498,3
-117.334186,33.982281,117.74,0.585,3
-117.333881,33.982281,115.57,0.621,3
-117.333577,33.982281,114.47,0.642,3
-117.333273,33.982281,114.19,0.635,3
-117.332968,33.982281,114.04,0.605,3
-117.332664,33.982281,114.14,0.571,3
-117.33236,33.982281,114.62,0.586,3
-117.332056,33.982281,115.3,0.647,3
-117.331751,33.982281,116.22,0.638,3
-117.331447,33.982281,117.43,0.601,3
-117.331143,33.982281,119.18,0.361,3
-117.330839,33.982281,121.38,0.125,3
-117.330534,33.982281,123.96,0.073,3
-117.33023,33.982281,125.29,0.074,3
-117.329926,33.982281,125.9,0.085,3
-117.329622,33.982281,125.88,0.089,3
-117.329317,33.982281,125.41,0.071,3
-117.329013,33.982281,124.54,0.087,3
-117.328709,33.982281,123.61,0.098,3
-117.328404,33.982281,122.81,0.091,3
-117.3281,33.982281,122.23,0.095,3
-117.327796,33.982281,121.93,0.115,3
-117.327492,33.982281,121.96,0.128,3
-117.327187,33.982281,122.22,0.121,3
-117.326883,33.982281,122.45,0.099,3
-117.326579,33.982281,122.51,0.101,3
-117.326275,33.982281,122.57,0.115,3
-117.32597,33.982281,122.62,0.146,3
-117.325666,33.982281,122.92,0.174,3
-117.325362,33.982281,123.29,0.155,3
-117.325058,33.982281,123.6,0.166,3
-117.324753,33.982281,124.19,0.154,3
-117.324449,33.982281,124.52,0.158,3
-117.324145,33.982281,124.75,0.207,3
-117.32384,33.982281,125.34,0.27,3
-117.323536,33.982281,125.87,0.296,3
-117.323232,33.982281,126.24,0.363,3
-117.322928,33.982281,126.7,0.379,3
-117.322623,33.982281,125.92,0.277,3
-117.322319,33.982281,123.69,0.261,4
-117.322015,33.982281,123.43,0.26,4
-117.321711,33.982281,123.14,0.251,4
-117.321406,33.982281,122.89,0.307,4
-117.321102,33.982281,122.74,0.305,4
-117.320798,33.982281,122.37,0.165,4
-117.320494,33.982281,122.33,0.241,4
-117.320189,33.982281,122.34,0.289,4
-117.319885,33.982281,122.2,0.256,4
-117.319581,33.982281,122.16,0.287,4
-117.319276,33.982281,122.16,0.237,4
-117.318972,33.982281,122.18,0.21,4
-117.318668,33.982281,122.25,0.264,4
-117.318364,33.982281,122.34,0.307,4
-117.318059,33.982281,122.5,0.293,4
-117.317755,33.982281,122.69,0.274,4
-117.317451,33.982281,122.83,0.276,4
-117.317147,33.982281,122.89,0.263,4
-117.316842,33.982281,122.86,0.214,4
-117.316538,33.982281,122.69,0.218,4
-117.316234,33.982281,122.44,0.309,4
-117.31593,33.982281,121.76,0.288,4
-117.315625,33.982281,121.43,0.242,4
-117.315321,33.982281,121.18,0.343,4
-117.315017,33.982281,123.38,0.349,3
-117.314712,33.982281,124.04,0.307,3
-117.314408,33.982281,123.91,0.325,3
-117.314104,33.982281,123.84,0.341,3
-117.3138,33.982281,123.66,0.317,3
-117.313495,33.982281,123.28,0.3,3
-117.313191,33.982281,122.56,0.297,3
-117.312887,33.982281,121.64,0.314,3
-117.312583,33.982281,121.16,0.379,3
-117.312278,33.982281,120.89,0.37,3
-117.311974,33.982281,121.15,0.343,3
-117.31167,33.982281,121.82,0.313,3
-117.311366,33.982281,122.56,0.314,3
-117.311061,33.982281,123.16,0.262,3
-117.310757,33.982281,124.4,0.199,3
-117.353963,33.981977,125.5,0.223,3
-117.353659,33.981977,125.37,0.241,3
-117.353354,33.981977,125.09,0.306,3
-117.35305,33.981977,124.83,0.347,3
-117.352746,33.981977,124.67,0.341,3
-117.352442,33.981977,124.59,0.315,3
-117.352137,33.981977,124.55,0.304,3
-117.351833,33.981977,124.52,0.273,3
-117.351529,33.981977,124.51,0.279,3
-117.351224,33.981977,124.62,0.419,3
-117.35092,33.981977,124.88,0.433,3
-117.350616,33.981977,125,0.196,3
-117.350312,33.981977,125.04,0.127,3
-117.350007,33.981977,125.12,0.445,3
-117.349703,33.981977,125.94,0.406,3
-117.349399,33.981977,126.04,0.117,3
-117.349095,33.981977,125.21,0.079,3
-117.34879,33.981977,122.43,0.297,3
-117.348486,33.981977,119.81,0.374,3
-117.348182,33.981977,117.22,0.577,3
-117.347878,33.981977,116.11,0.723,3
-117.347573,33.981977,116.02,0.761,3
-117.347269,33.981977,116.01,0.78,3
-117.346965,33.981977,116.51,0.751,3
-117.34666,33.981977,117.92,0.545,3
-117.346356,33.981977,119.78,0.199,3
-117.346052,33.981977,121.38,0.114,3
-117.345748,33.981977,122.44,0.284,3
-117.345443,33.981977,123.13,0.208,3
-117.345139,33.981977,123.66,0.116,3
-117.344835,33.981977,123.58,0.086,3
-117.344531,33.981977,123.9,0.173,3
-117.344226,33.981977,124.22,0.168,3
-117.343922,33.981977,124.6,0.175,3
-117.343618,33.981977,124.78,0.099,3
-117.343314,33.981977,124.69,0.049,3
-117.343009,33.981977,124.46,0.08,3
-117.342705,33.981977,124.03,0.174,3
-117.342401,33.981977,123.14,0.198,3
-117.342096,33.981977,121.91,0.109,3
-117.341792,33.981977,120.96,0.044,3
-117.341488,33.981977,120.8,0.072,3
-117.341184,33.981977,121.76,0.133,3
-117.340879,33.981977,123.56,0.12,3
-117.340575,33.981977,125.14,0.105,3
-117.340271,33.981977,125.82,0.188,3
-117.339967,33.981977,125.71,0.218,3
-117.339662,33.981977,126.01,0.236,3
-117.339358,33.981977,126.01,0.147,3
-117.339054,33.981977,125.76,0.112,3
-117.33875,33.981977,125.22,0.126,3
-117.338445,33.981977,124.55,0.187,3
-117.338141,33.981977,123.91,0.297,3
-117.337837,33.981977,123.55,0.35,3
-117.337532,33.981977,123.37,0.276,3
-117.337228,33.981977,123.29,0.189,3
-117.336924,33.981977,123.34,0.17,3
-117.33662,33.981977,123.09,0.14,3
-117.336315,33.981977,122.4,0.176,3
-117.336011,33.981977,121.92,0.243,3
-117.335707,33.981977,122.42,0.377,3
-117.335403,33.981977,122.23,0.435,3
-117.335098,33.981977,121.97,0.264,3
-117.334794,33.981977,121.21,0.363,3
-117.33449,33.981977,119.79,0.404,3
-117.334186,33.981977,118.17,0.49,3
-117.333881,33.981977,116.26,0.516,3
-117.333577,33.981977,115.39,0.596,3
-117.333273,33.981977,115.17,0.64,3
-117.332968,33.981977,115.02,0.631,3
-117.332664,33.981977,115.1,0.604,3
-117.33236,33.981977,115.5,0.578,3
-117.332056,33.981977,116.07,0.608,3
-117.331751,33.981977,116.79,0.642,3
-117.331447,33.981977,117.78,0.591,3
-117.331143,33.981977,119.36,0.305,3
-117.330839,33.981977,121.31,0.124,3
-117.330534,33.981977,123.2,0.061,3
-117.33023,33.981977,123.96,0.054,3
-117.329926,33.981977,124.4,0.075,3
-117.329622,33.981977,124.5,0.079,3
-117.329317,33.981977,124.21,0.064,3
-117.329013,33.981977,123.57,0.076,3
-117.328709,33.981977,122.81,0.071,3
-117.328404,33.981977,122.02,0.069,3
-117.3281,33.981977,121.12,0.095,3
-117.327796,33.981977,120.3,0.134,3
-117.327492,33.981977,119.78,0.172,3
-117.327187,33.981977,119.55,0.18,3
-117.326883,33.981977,119.66,0.141,3
-117.326579,33.981977,119.94,0.125,3
-117.326275,33.981977,120.31,0.15,3
-117.32597,33.981977,120.62,0.179,3
-117.325666,33.981977,121.11,0.212,3
-117.325362,33.981977,121.98,0.217,3
-117.325058,33.981977,122.64,0.285,3
-117.324753,33.981977,123.59,0.199,3
-117.324449,33.981977,124.02,0.157,3
-117.324145,33.981977,124.29,0.192,3
-117.32384,33.981977,124.9,0.273,3
-117.323536,33.981977,125.51,0.288,3
-117.323232,33.981977,126.09,0.311,3
-117.322928,33.981977,126.78,0.317,3
-117.322623,33.981977,126.12,0.228,3
-117.322319,33.981977,123.85,0.204,4
-117.322015,33.981977,123.57,0.223,4
-117.321711,33.981977,123.24,0.265,4
-117.321406,33.981977,122.94,0.295,4
-117.321102,33.981977,122.71,0.253,4
-117.320798,33.981977,122.26,0.225,4
-117.320494,33.981977,122.18,0.178,4
-117.320189,33.981977,122.25,0.177,4
-117.319885,33.981977,122.19,0.202,4
-117.319581,33.981977,122.19,0.303,4
-117.319276,33.981977,122.14,0.291,4
-117.318972,33.981977,122.07,0.276,4
-117.318668,33.981977,122.03,0.325,4
-117.318364,33.981977,122.05,0.357,4
-117.318059,33.981977,122.15,0.333,4
-117.317755,33.981977,122.33,0.283,4
-117.317451,33.981977,122.49,0.258,4
-117.317147,33.981977,122.61,0.302,4
-117.316842,33.981977,122.63,0.303,4
-117.316538,33.981977,122.57,0.294,4
-117.316234,33.981977,122.45,0.289,4
-117.31593,33.981977,121.88,0.309,4
-117.315625,33.981977,121.64,0.305,4
-117.315321,33.981977,121.39,0.341,4
-117.315017,33.981977,123.51,0.328,3
-117.314712,33.981977,124.08,0.307,3
-117.314408,33.981977,123.97,0.313,3
-117.314104,33.981977,124.01,0.32,3
-117.3138,33.981977,123.97,0.294,3
-117.313495,33.981977,123.71,0.241,3
-117.313191,33.981977,123.04,0.192,3
-117.312887,33.981977,122.1,0.215,3
-117.312583,33.981977,121.63,0.332,3
-117.312278,33.981977,121.37,0.381,3
-117.311974,33.981977,121.54,0.403,3
-117.31167,33.981977,122.07,0.318,3
-117.311366,33.981977,122.76,0.294,3
-117.311061,33.981977,123.51,0.237,3
-117.310757,33.981977,124.91,0.196,3
-117.353963,33.981673,125.61,0.249,3
-117.353659,33.981673,125.35,0.214,3
-117.353354,33.981673,124.89,0.259,3
-117.35305,33.981673,124.52,0.329,3
-117.352746,33.981673,124.38,0.384,3
-117.352442,33.981673,124.38,0.382,3
-117.352137,33.981673,124.43,0.341,3
-117.351833,33.981673,124.48,0.312,3
-117.351529,33.981673,124.54,0.356,3
-117.351224,33.981673,124.71,0.47,3
-117.35092,33.981673,124.99,0.451,3
-117.350616,33.981673,125.09,0.203,3
-117.350312,33.981673,125.1,0.154,3
-117.350007,33.981673,125,0.427,3
-117.349703,33.981673,125.56,0.255,3
-117.349399,33.981673,125.41,0.055,3
-117.349095,33.981673,124.31,0.048,3
-117.34879,33.981673,121.54,0.226,3
-117.348486,33.981673,119.5,0.36,3
-117.348182,33.981673,117.55,0.493,3
-117.347878,33.981673,116.7,0.56,3
-117.347573,33.981673,117.04,0.667,3
-117.347269,33.981673,117.59,0.78,3
-117.346965,33.981673,118.16,0.722,3
-117.34666,33.981673,119.13,0.466,3
-117.346356,33.981673,120.43,0.171,3
-117.346052,33.981673,121.68,0.105,3
-117.345748,33.981673,122.8,0.249,3
-117.345443,33.981673,123.67,0.435,3
-117.345139,33.981673,124.29,0.248,3
-117.344835,33.981673,124.25,0.114,3
-117.344531,33.981673,124.59,0.1,3
-117.344226,33.981673,124.97,0.123,3
-117.343922,33.981673,125.42,0.149,3
-117.343618,33.981673,125.74,0.111,3
-117.343314,33.981673,125.83,0.058,3
-117.343009,33.981673,125.77,0.045,3
-117.342705,33.981673,125.34,0.105,3
-117.342401,33.981673,124.22,0.185,3
-117.342096,33.981673,122.64,0.186,3
-117.341792,33.981673,121.4,0.106,3
-117.341488,33.981673,121.19,0.04,3
-117.341184,33.981673,122.01,0.046,3
-117.340879,33.981673,123.37,0.055,3
-117.340575,33.981673,124.14,0.056,3
-117.340271,33.981673,124.78,0.189,3
-117.339967,33.981673,124.8,0.208,3
-117.339662,33.981673,125.33,0.241,3
-117.339358,33.981673,125.66,0.299,3
-117.339054,33.981673,125.84,0.241,3
-117.33875,33.981673,125.81,0.146,3
-117.338445,33.981673,125.5,0.159,3
-117.338141,33.981673,124.82,0.268,3
-117.337837,33.981673,124.2,0.365,3
-117.337532,33.981673,123.87,0.35,3
-117.337228,33.981673,123.76,0.275,3
-117.336924,33.981673,123.67,0.241,3
-117.33662,33.981673,123.31,0.19,3
-117.336315,33.981673,122.76,0.18,3
-117.336011,33.981673,122.49,0.3,3
-117.335707,33.981673,123.25,0.46,3
-117.335403,33.981673,123.23,0.479,3
-117.335098,33.981673,123.04,0.225,3
-117.334794,33.981673,122.28,0.302,3
-117.33449,33.981673,121.17,0.309,3
-117.334186,33.981673,120.12,0.415,3
-117.333881,33.981673,118.75,0.469,3
-117.333577,33.981673,117.98,0.487,3
-117.333273,33.981673,117.69,0.475,3
-117.332968,33.981673,117.39,0.52,3
-117.332664,33.981673,117.15,0.612,3
-117.33236,33.981673,117.15,0.636,3
-117.332056,33.981673,117.34,0.584,3
-117.331751,33.981673,117.65,0.475,3
-117.331447,33.981673,118.21,0.313,3
-117.331143,33.981673,119.11,0.213,3
-117.330839,33.981673,120.1,0.11,3
-117.330534,33.981673,121.41,0.074,3
-117.33023,33.981673,121.89,0.071,3
-117.329926,33.981673,121.95,0.083,3
-117.329622,33.981673,121.98,0.081,3
-117.329317,33.981673,121.96,0.073,3
-117.329013,33.981673,121.77,0.085,3
-117.328709,33.981673,121.45,0.084,3
-117.328404,33.981673,120.77,0.09,3
-117.3281,33.981673,119.28,0.14,3
-117.327796,33.981673,117.45,0.215,3
-117.327492,33.981673,116.09,0.256,3
-117.327187,33.981673,115.37,0.25,3
-117.326883,33.981673,115.32,0.231,3
-117.326579,33.981673,115.92,0.207,3
-117.326275,33.981673,117.1,0.254,3
-117.32597,33.981673,118.29,0.276,3
-117.325666,33.981673,119.31,0.282,3
-117.325362,33.981673,120.7,0.284,3
-117.325058,33.981673,121.71,0.313,3
-117.324753,33.981673,122.81,0.298,3
-117.324449,33.981673,123.3,0.196,3
-117.324145,33.981673,123.6,0.151,3
-117.32384,33.981673,124.26,0.194,3
-117.323536,33.981673,125.02,0.227,3
-117.323232,33.981673,125.67,0.234,3
-117.322928,33.981673,125.25,0.224,3
-117.322623,33.981673,123.93,0.194,4
-117.322319,33.981673,123.57,0.208,4
-117.322015,33.981673,123.27,0.273,4
-117.321711,33.981673,122.96,0.338,4
-117.321406,33.981673,122.66,0.356,4
-117.321102,33.981673,122.37,0.315,4
-117.320798,33.981673,121.88,0.231,4
-117.320494,33.981673,121.85,0.172,4
-117.320189,33.981673,122.03,0.206,4
-117.319885,33.981673,122.14,0.229,4
-117.319581,33.981673,122.23,0.347,4
-117.319276,33.981673,122.17,0.36,4
-117.318972,33.981673,122.02,0.346,4
-117.318668,33.981673,121.89,0.35,4
-117.318364,33.981673,121.86,0.366,4
-117.318059,33.981673,121.98,0.367,4
-117.317755,33.981673,122.19,0.323,4
-117.317451,33.981673,122.4,0.285,4
-117.317147,33.981673,122.55,0.279,4
-117.316842,33.981673,122.58,0.246,4
-117.316538,33.981673,122.56,0.301,4
-117.316234,33.981673,122.53,0.363,4
-117.31593,33.981673,122.05,0.349,4
-117.315625,33.981673,121.87,0.349,4
-117.315321,33.981673,121.68,0.39,4
-117.315017,33.981673,123.54,0.321,3
-117.314712,33.981673,124.26,0.312,3
-117.314408,33.981673,124.25,0.293,3
-117.314104,33.981673,124.31,0.259,3
-117.3138,33.981673,124.31,0.249,3
-117.313495,33.981673,124.07,0.227,3
-117.313191,33.981673,123.41,0.215,3
-117.312887,33.981673,122.53,0.274,3
-117.312583,33.981673,122.1,0.326,3
-117.312278,33.981673,121.87,0.358,3
-117.311974,33.981673,121.9,0.378,3
-117.31167,33.981673,122.24,0.38,3
-117.311366,33.981673,122.85,0.368,3
-117.311061,33.981673,123.79,0.395,3
-117.310757,33.981673,125.5,0.263,3
-117.310453,33.981673,126.71,0.238,3
-117.353963,33.981368,126.35,0.251,3
-117.353659,33.981368,125.76,0.229,3
-117.353354,33.981368,125,0.275,3
-117.35305,33.981368,124.49,0.326,3
-117.352746,33.981368,124.35,0.355,3
-117.352442,33.981368,124.42,0.352,3
-117.352137,33.981368,124.56,0.31,3
-117.351833,33.981368,124.71,0.278,3
-117.351529,33.981368,124.88,0.303,3
-117.351224,33.981368,125.13,0.34,3
-117.35092,33.981368,125.44,0.321,3
-117.350616,33.981368,125.54,0.217,3
-117.350312,33.981368,125.47,0.184,3
-117.350007,33.981368,125.25,0.437,3
-117.349703,33.981368,125.63,0.118,3
-117.349399,33.981368,125.11,0.052,3
-117.349095,33.981368,123.67,0.03,3
-117.34879,33.981368,120.91,0.256,3
-117.348486,33.981368,119.71,0.346,3
-117.348182,33.981368,118.34,0.438,3
-117.347878,33.981368,117.73,0.509,3
-117.347573,33.981368,118.47,0.58,3
-117.347269,33.981368,119.69,0.622,3
-117.346965,33.981368,120.52,0.472,3
-117.34666,33.981368,120.95,0.198,3
-117.346356,33.981368,121.64,0.077,3
-117.346052,33.981368,122.5,0.075,3
-117.345748,33.981368,123.58,0.149,3
-117.345443,33.981368,124.52,0.229,3
-117.345139,33.981368,125.15,0.158,3
-117.344835,33.981368,124.94,0.099,3
-117.344531,33.981368,125.15,0.052,3
-117.344226,33.981368,125.49,0.123,3
-117.343922,33.981368,125.98,0.096,3
-117.343618,33.981368,126.47,0.126,3
-117.343314,33.981368,126.87,0.124,3
-117.343009,33.981368,126.99,0.079,3
-117.342705,33.981368,126.61,0.076,3
-117.342401,33.981368,125.58,0.114,3
-117.342096,33.981368,124.1,0.156,3
-117.341792,33.981368,122.82,0.184,3
-117.341488,33.981368,122.36,0.139,3
-117.341184,33.981368,122.4,0.04,3
-117.340879,33.981368,122.44,0.033,3
-117.340575,33.981368,122.62,0.052,3
-117.340271,33.981368,123.26,0.133,3
-117.339967,33.981368,123.49,0.244,3
-117.339662,33.981368,124.39,0.297,3
-117.339358,33.981368,125.03,0.335,3
-117.339054,33.981368,125.7,0.263,3
-117.33875,33.981368,126.19,0.188,3
-117.338445,33.981368,126.29,0.162,3
-117.338141,33.981368,125.79,0.19,3
-117.337837,33.981368,125.07,0.211,3
-117.337532,33.981368,124.48,0.213,3
-117.337228,33.981368,124.03,0.218,3
-117.336924,33.981368,123.74,0.232,3
-117.33662,33.981368,123.44,0.246,3
-117.336315,33.981368,123.07,0.192,3
-117.336011,33.981368,122.94,0.254,3
-117.335707,33.981368,123.92,0.387,3
-117.335403,33.981368,124.09,0.429,3
-117.335098,33.981368,124.12,0.279,3
-117.334794,33.981368,124,0.295,3
-117.33449,33.981368,123.48,0.336,3
-117.334186,33.981368,122.77,0.293,3
-117.333881,33.981368,121.74,0.248,3
-117.333577,33.981368,121.17,0.266,3
-117.333273,33.981368,121.03,0.313,3
-117.332968,33.981368,120.71,0.371,3
-117.332664,33.981368,120.23,0.439,3
-117.33236,33.981368,119.88,0.452,3
-117.332056,33.981368,119.53,0.388,3
-117.331751,33.981368,119.33,0.327,3
-117.331447,33.981368,119.3,0.239,3
-117.331143,33.981368,119.36,0.201,3
-117.330839,33.981368,119.38,0.063,3
-117.330534,33.981368,120,0.066,3
-117.33023,33.981368,120.03,0.145,3
-117.329926,33.981368,119.74,0.208,3
-117.329622,33.981368,119.53,0.211,3
-117.329317,33.981368,119.58,0.195,3
-117.329013,33.981368,119.87,0.158,3
-117.328709,33.981368,120.08,0.118,3
-117.328404,33.981368,119.72,0.112,3
-117.3281,33.981368,118.13,0.169,3
-117.327796,33.981368,115.87,0.248,3
-117.327492,33.981368,114.04,0.288,3
-117.327187,33.981368,112.67,0.298,3
-117.326883,33.981368,112.1,0.285,3
-117.326579,33.981368,112.77,0.256,3
-117.326275,33.981368,114.38,0.3,3
-117.32597,33.981368,116.87,0.312,3
-117.325666,33.981368,118.48,0.273,3
-117.325362,33.981368,120.08,0.258,3
-117.325058,33.981368,121.21,0.265,3
-117.324753,33.981368,122.17,0.294,3
-117.324449,33.981368,122.58,0.249,3
-117.324145,33.981368,122.85,0.165,3
-117.32384,33.981368,123.57,0.13,3
-117.323536,33.981368,124.4,0.136,3
-117.323232,33.981368,123.74,0.164,3
-117.322928,33.981368,122.7,0.186,4
-117.322623,33.981368,122.99,0.171,4
-117.322319,33.981368,122.89,0.178,4
-117.322015,33.981368,122.63,0.245,4
-117.321711,33.981368,122.38,0.303,4
-117.321406,33.981368,122.12,0.41,4
-117.321102,33.981368,121.87,0.341,4
-117.320798,33.981368,121.41,0.314,4
-117.320494,33.981368,121.51,0.316,4
-117.320189,33.981368,121.91,0.225,4
-117.319885,33.981368,122.2,0.205,4
-117.319581,33.981368,122.36,0.302,4
-117.319276,33.981368,122.27,0.329,4
-117.318972,33.981368,122.03,0.331,4
-117.318668,33.981368,121.82,0.36,4
-117.318364,33.981368,121.78,0.361,4
-117.318059,33.981368,121.95,0.33,4
-117.317755,33.981368,122.23,0.324,4
-117.317451,33.981368,122.48,0.315,4
-117.317147,33.981368,122.64,0.235,4
-117.316842,33.981368,122.69,0.211,4
-117.316538,33.981368,122.71,0.289,4
-117.316234,33.981368,122.71,0.386,4
-117.31593,33.981368,122.31,0.314,4
-117.315625,33.981368,122.22,0.298,4
-117.315321,33.981368,122.11,0.275,4
-117.315017,33.981368,122.12,0.254,4
-117.314712,33.981368,123.92,0.28,3
-117.314408,33.981368,124.64,0.292,3
-117.314104,33.981368,124.63,0.305,3
-117.3138,33.981368,124.57,0.294,3
-117.313495,33.981368,124.26,0.263,3
-117.313191,33.981368,123.55,0.264,3
-117.312887,33.981368,122.68,0.28,3
-117.312583,33.981368,122.32,0.276,3
-117.312278,33.981368,122.13,0.311,3
-117.311974,33.981368,122.16,0.301,3
-117.31167,33.981368,122.51,0.305,3
-117.311366,33.981368,123.21,0.231,3
-117.311061,33.981368,124.33,0.339,3
-117.310757,33.981368,126.27,0.271,3
-117.310453,33.981368,127.72,0.234,3
-117.353963,33.981064,127.77,0.323,3
-117.353659,33.981064,126.88,0.259,3
-117.353354,33.981064,125.73,0.257,3
-117.35305,33.981064,124.99,0.326,3
-117.352746,33.981064,124.71,0.35,3
-117.352442,33.981064,124.68,0.349,3
-117.352137,33.981064,124.79,0.295,3
-117.351833,33.981064,125,0.239,3
-117.351529,33.981064,125.27,0.261,3
-117.351224,33.981064,125.62,0.244,3
-117.35092,33.981064,126.01,0.202,3
-117.350616,33.981064,126.16,0.164,3
-117.350312,33.981064,126.07,0.147,3
-117.350007,33.981064,125.8,0.465,3
-117.349703,33.981064,126.05,0.162,3
-117.349399,33.981064,125.28,0.053,3
-117.349095,33.981064,123.76,0.049,3
-117.34879,33.981064,121.29,0.284,3
-117.348486,33.981064,120.26,0.392,3
-117.348182,33.981064,119.16,0.474,3
-117.347878,33.981064,119.01,0.556,3
-117.347573,33.981064,120.52,0.485,3
-117.347269,33.981064,122.02,0.296,3
-117.346965,33.981064,122.5,0.158,3
-117.34666,33.981064,122.73,0.07,3
-117.346356,33.981064,123.06,-0.008,3
-117.346052,33.981064,123.66,0.043,3
-117.345748,33.981064,124.75,0.082,3
-117.345443,33.981064,125.65,0.059,3
-117.345139,33.981064,126.22,0.051,3
-117.344835,33.981064,125.89,0.045,3
-117.344531,33.981064,125.75,0.048,3
-117.344226,33.981064,125.69,0.113,3
-117.343922,33.981064,126.06,0.09,3
-117.343618,33.981064,126.51,0.158,3
-117.343314,33.981064,126.93,0.225,3
-117.343009,33.981064,127.32,0.162,3
-117.342705,33.981064,127.3,0.157,3
-117.342401,33.981064,126.61,0.237,3
-117.342096,33.981064,125.5,0.244,3
-117.341792,33.981064,124.35,0.205,3
-117.341488,33.981064,123.38,0.183,3
-117.341184,33.981064,122.59,0.147,3
-117.340879,33.981064,122.13,0.055,3
-117.340575,33.981064,122.14,0.045,3
-117.340271,33.981064,122.36,0.137,3
-117.339967,33.981064,122.59,0.259,3
-117.339662,33.981064,123.12,0.274,3
-117.339358,33.981064,123.95,0.232,3
-117.339054,33.981064,125.1,0.191,3
-117.33875,33.981064,126.06,0.186,3
-117.338445,33.981064,126.47,0.149,3
-117.338141,33.981064,126.1,0.122,3
-117.337837,33.981064,125.32,0.119,3
-117.337532,33.981064,124.58,0.137,3
-117.337228,33.981064,124.04,0.188,3
-117.336924,33.981064,123.7,0.227,3
-117.33662,33.981064,123.41,0.209,3
-117.336315,33.981064,123.21,0.153,3
-117.336011,33.981064,123.25,0.181,3
-117.335707,33.981064,124.17,0.239,3
-117.335403,33.981064,124.42,0.269,3
-117.335098,33.981064,124.79,0.208,3
-117.334794,33.981064,124.89,0.125,3
-117.33449,33.981064,124.53,0.167,3
-117.334186,33.981064,124.12,0.155,3
-117.333881,33.981064,123.44,0.163,3
-117.333577,33.981064,123.21,0.232,3
-117.333273,33.981064,123.31,0.276,3
-117.332968,33.981064,123.14,0.25,3
-117.332664,33.981064,122.7,0.201,3
-117.33236,33.981064,122.21,0.178,3
-117.332056,33.981064,121.63,0.177,3
-117.331751,33.981064,121.04,0.193,3
-117.331447,33.981064,120.35,0.254,3
-117.331143,33.981064,119.72,0.202,3
-117.330839,33.981064,119.09,0.042,3
-117.330534,33.981064,118.92,0.097,3
-117.33023,33.981064,118.63,0.219,3
-117.329926,33.981064,118.41,0.282,3
-117.329622,33.981064,118.14,0.323,3
-117.329317,33.981064,118.31,0.287,3
-117.329013,33.981064,118.96,0.181,3
-117.328709,33.981064,119.52,0.12,3
-117.328404,33.981064,119.5,0.116,3
-117.3281,33.981064,118.35,0.169,3
-117.327796,33.981064,116.46,0.24,3
-117.327492,33.981064,114.72,0.27,3
-117.327187,33.981064,113.19,0.281,3
-117.326883,33.981064,112.32,0.27,3
-117.326579,33.981064,112.66,0.257,3
-117.326275,33.981064,114.22,0.312,3
-117.32597,33.981064,116.67,0.318,3
-117.325666,33.981064,118.75,0.263,3
-117.325362,33.981064,120.5,0.172,3
-117.325058,33.981064,121.45,0.187,3
-117.324753,33.981064,122.06,0.248,3
-117.324449,33.981064,122.23,0.201,3
-117.324145,33.981064,122.37,0.109,3
-117.32384,33.981064,123.06,0.101,3
-117.323536,33.981064,123.87,0.133,3
-117.323232,33.981064,123.16,0.149,3
-117.322928,33.981064,122.03,0.152,4
-117.322623,33.981064,122.21,0.156,4
-117.322319,33.981064,122.08,0.201,4
-117.322015,33.981064,121.88,0.296,4
-117.321711,33.981064,121.69,0.318,4
-117.321406,33.981064,121.52,0.355,4
-117.321102,33.981064,121.35,0.271,4
-117.320798,33.981064,121.07,0.333,4
-117.320494,33.981064,121.39,0.396,4
-117.320189,33.981064,122.05,0.29,4
-117.319885,33.981064,122.56,0.222,4
-117.319581,33.981064,122.74,0.275,4
-117.319276,33.981064,122.56,0.322,4
-117.318972,33.981064,122.22,0.324,4
-117.318668,33.981064,121.94,0.356,4
-117.318364,33.981064,121.89,0.382,4
-117.318059,33.981064,122.06,0.37,4
-117.317755,33.981064,122.32,0.357,4
-117.317451,33.981064,122.61,0.311,4
-117.317147,33.981064,122.79,0.281,4
-117.316842,33.981064,122.86,0.271,4
-117.316538,33.981064,122.91,0.307,4
-117.316234,33.981064,122.97,0.298,4
-117.31593,33.981064,122.71,0.283,4
-117.315625,33.981064,122.77,0.248,4
-117.315321,33.981064,122.76,0.221,4
-117.315017,33.981064,122.86,0.254,4
-117.314712,33.981064,123.96,0.29,3
-117.314408,33.981064,124.86,0.339,3
-117.314104,33.981064,125.08,0.329,3
-117.3138,33.981064,124.9,0.253,3
-117.313495,33.981064,124.52,0.204,3
-117.313191,33.981064,123.81,0.206,3
-117.312887,33.981064,123.01,0.205,3
-117.312583,33.981064,122.7,0.205,3
-117.312278,33.981064,122.58,0.233,3
-117.311974,33.981064,122.73,0.294,3
-117.31167,33.981064,123.33,0.246,3
-117.311366,33.981064,124.34,0.21,3
-117.311061,33.981064,125.57,0.247,3
-117.310757,33.981064,127.19,0.286,3
-117.310453,33.981064,128.68,0.244,3
-117.353963,33.98076,128.99,0.306,3
-117.353659,33.98076,127.99,0.217,3
-117.353354,33.98076,126.63,0.234,3
-117.35305,33.98076,125.68,0.31,3
-117.352746,33.98076,125.19,0.353,3
-117.352442,33.98076,125,0.37,3
-117.352137,33.98076,125.04,0.351,3
-117.351833,33.98076,125.26,0.303,3
-117.351529,33.98076,125.6,0.284,3
-117.351224,33.98076,126.03,0.295,3
-117.35092,33.98076,126.47,0.277,3
-117.350616,33.98076,126.65,0.183,3
-117.350312,33.98076,126.6,0.112,3
-117.350007,33.98076,126.35,0.368,3
-117.349703,33.98076,126.4,0.297,3
-117.349399,33.98076,125.39,0.127,3
-117.349095,33.98076,123.84,0.17,3
-117.34879,33.98076,122.39,0.324,3
-117.348486,33.98076,121.68,0.439,3
-117.348182,33.98076,120.94,0.587,3
-117.347878,33.98076,120.84,0.599,3
-117.347573,33.98076,122.01,0.444,3
-117.347269,33.98076,123.26,0.306,3
-117.346965,33.98076,123.82,0.253,3
-117.34666,33.98076,124.25,0.158,3
-117.346356,33.98076,124.59,0.021,3
-117.346052,33.98076,125.05,0.056,3
-117.345748,33.98076,125.81,0.13,3
-117.345443,33.98076,126.63,0.104,3
-117.345139,33.98076,126.93,0.076,3
-117.344835,33.98076,126.35,0.063,3
-117.344531,33.98076,125.83,0.115,3
-117.344226,33.98076,125.59,0.131,3
-117.343922,33.98076,126.08,0.119,3
-117.343618,33.98076,126.52,0.186,3
-117.343314,33.98076,126.9,0.24,3
-117.343009,33.98076,127.22,0.235,3
-117.342705,33.98076,127.37,0.282,3
-117.342401,33.98076,127.2,0.325,3
-117.342096,33.98076,126.58,0.254,3
-117.341792,33.98076,125.63,0.149,3
-117.341488,33.98076,124.45,0.088,3
-117.341184,33.98076,123.18,0.121,3
-117.340879,33.98076,121.88,0.165,3
-117.340575,33.98076,121.17,0.058,3
-117.340271,33.98076,121.05,0.073,3
-117.339967,33.98076,121.54,0.125,3
-117.339662,33.98076,122.16,0.329,3
-117.339358,33.98076,123.18,0.372,3
-117.339054,33.98076,124.39,0.374,3
-117.33875,33.98076,125.57,0.352,3
-117.338445,33.98076,126.13,0.329,3
-117.338141,33.98076,125.81,0.311,3
-117.337837,33.98076,125.26,0.222,3
-117.337532,33.98076,124.83,0.168,3
-117.337228,33.98076,124.39,0.226,3
-117.336924,33.98076,123.92,0.223,3
-117.33662,33.98076,123.42,0.161,3
-117.336315,33.98076,123.02,0.108,3
-117.336011,33.98076,122.85,0.209,3
-117.335707,33.98076,122.82,0.248,3
-117.335403,33.98076,123.31,0.235,3
-117.335098,33.98076,124.19,0.163,3
-117.334794,33.98076,124.82,0.121,3
-117.33449,33.98076,124.58,0.142,3
-117.334186,33.98076,124.28,0.104,3
-117.333881,33.98076,123.75,0.127,3
-117.333577,33.98076,123.65,0.225,3
-117.333273,33.98076,123.82,0.247,3
-117.332968,33.98076,123.82,0.194,3
-117.332664,33.98076,123.57,0.17,3
-117.33236,33.98076,123.06,0.22,3
-117.332056,33.98076,122.42,0.292,3
-117.331751,33.98076,121.67,0.255,3
-117.331447,33.98076,120.7,0.223,3
-117.331143,33.98076,119.63,0.218,3
-117.330839,33.98076,118.39,0.047,3
-117.330534,33.98076,118,0.107,3
-117.33023,33.98076,117.83,0.193,3
-117.329926,33.98076,117.83,0.239,3
-117.329622,33.98076,117.69,0.307,3
-117.329317,33.98076,118.08,0.246,3
-117.329013,33.98076,118.95,0.148,3
-117.328709,33.98076,119.6,0.112,3
-117.328404,33.98076,119.54,0.124,3
-117.3281,33.98076,118.78,0.167,3
-117.327796,33.98076,117.58,0.197,3
-117.327492,33.98076,116.29,0.186,3
-117.327187,33.98076,115.16,0.194,3
-117.326883,33.98076,114.46,0.201,3
-117.326579,33.98076,114.53,0.206,3
-117.326275,33.98076,115.8,0.22,3
-117.32597,33.98076,117.62,0.223,3
-117.325666,33.98076,119.55,0.182,3
-117.325362,33.98076,121.03,0.14,3
-117.325058,33.98076,120.77,0.148,3
-117.324753,33.98076,121.01,0.147,3
-117.324449,33.98076,121.05,0.093,3
-117.324145,33.98076,121.15,0.045,3
-117.32384,33.98076,121.8,0.058,3
-117.323536,33.98076,122.57,0.117,3
-117.323232,33.98076,122.3,0.159,3
-117.322928,33.98076,121.59,0.16,4
-117.322623,33.98076,121.55,0.154,4
-117.322319,33.98076,121.35,0.177,4
-117.322015,33.98076,121.16,0.224,4
-117.321711,33.98076,121.02,0.236,4
-117.321406,33.98076,120.93,0.239,4
-117.321102,33.98076,120.83,0.309,4
-117.320798,33.98076,120.89,0.334,4
-117.320494,33.98076,121.41,0.326,4
-117.320189,33.98076,122.25,0.267,4
-117.319885,33.98076,123.03,0.244,4
-117.319581,33.98076,123.25,0.281,4
-117.319276,33.98076,123.02,0.297,4
-117.318972,33.98076,122.64,0.3,4
-117.318668,33.98076,122.33,0.335,4
-117.318364,33.98076,122.26,0.356,4
-117.318059,33.98076,122.31,0.347,4
-117.317755,33.98076,122.4,0.346,4
-117.317451,33.98076,122.66,0.315,4
-117.317147,33.98076,122.83,0.273,4
-117.316842,33.98076,122.93,0.225,4
-117.316538,33.98076,123.01,0.195,4
-117.316234,33.98076,123.16,0.226,4
-117.31593,33.98076,123.11,0.221,4
-117.315625,33.98076,123.36,0.249,4
-117.315321,33.98076,123.43,0.232,4
-117.315017,33.98076,123.69,0.261,4
-117.314712,33.98076,123.49,0.3,4
-117.314408,33.98076,124.05,0.367,3
-117.314104,33.98076,124.3,0.328,3
-117.3138,33.98076,124.63,0.244,3
-117.313495,33.98076,124.92,0.216,3
-117.313191,33.98076,124.33,0.23,3
-117.312887,33.98076,123.71,0.261,3
-117.312583,33.98076,123.53,0.262,3
-117.312278,33.98076,123.62,0.259,3
-117.311974,33.98076,123.97,0.324,3
-117.31167,33.98076,124.7,0.244,3
-117.311366,33.98076,125.88,0.185,3
-117.311061,33.98076,127.14,0.24,3
-117.310757,33.98076,128.1,0.278,3
-117.310453,33.98076,129.38,0.256,3
-117.310148,33.98076,129.67,0.218,4
-117.353963,33.980456,129.48,0.283,3
-117.353659,33.980456,128.32,0.253,3
-117.353354,33.980456,126.95,0.205,3
-117.35305,33.980456,126.01,0.211,3
-117.352746,33.980456,125.42,0.268,3
-117.352442,33.980456,125.11,0.33,3
-117.352137,33.980456,125.16,0.319,3
-117.351833,33.980456,125.53,0.227,3
-117.351529,33.980456,126.03,0.195,3
-117.351224,33.980456,126.58,0.274,3
-117.35092,33.980456,127.13,0.246,3
-117.350616,33.980456,127.38,0.142,3
-117.350312,33.980456,127.44,0.09,3
-117.350007,33.980456,127.22,0.173,3
-117.349703,33.980456,127.2,0.134,3
-117.349399,33.980456,125.84,0.104,3
-117.349095,33.980456,124.09,0.159,3
-117.34879,33.980456,122.68,0.292,3
-117.348486,33.980456,121.96,0.501,3
-117.348182,33.980456,121.14,0.71,3
-117.347878,33.980456,121.46,0.579,3
-117.347573,33.980456,122.56,0.296,3
-117.347269,33.980456,123.6,0.256,3
-117.346965,33.980456,124.61,0.298,3
-117.34666,33.980456,125.42,0.154,3
-117.346356,33.980456,125.96,0.081,3
-117.346052,33.980456,126.39,0.119,3
-117.345748,33.980456,126.73,0.05,3
-117.345443,33.980456,127.17,0.073,3
-117.345139,33.980456,127.12,0.106,3
-117.344835,33.980456,126.4,0.103,3
-117.344531,33.980456,125.73,0.13,3
-117.344226,33.980456,125.31,0.128,3
-117.343922,33.980456,125.55,0.151,3
-117.343618,33.980456,125.77,0.194,3
-117.343314,33.980456,126.01,0.251,3
-117.343009,33.980456,126.32,0.235,3
-117.342705,33.980456,126.76,0.172,3
-117.342401,33.980456,127.13,0.161,3
-117.342096,33.980456,127.07,0.176,3
-117.341792,33.980456,126.54,0.132,3
-117.341488,33.980456,125.54,0.092,3
-117.341184,33.980456,124.18,0.152,3
-117.340879,33.980456,122.69,0.251,3
-117.340575,33.980456,121.74,0.188,3
-117.340271,33.980456,121.05,0.041,3
-117.339967,33.980456,121.01,0.051,3
-117.339662,33.980456,121.47,0.321,3
-117.339358,33.980456,122.34,0.364,3
-117.339054,33.980456,123.34,0.371,3
-117.33875,33.980456,124.41,0.417,3
-117.338445,33.980456,125.25,0.347,3
-117.338141,33.980456,125.4,0.323,3
-117.337837,33.980456,125.3,0.252,3
-117.337532,33.980456,125.21,0.168,3
-117.337228,33.980456,124.86,0.209,3
-117.336924,33.980456,124.26,0.221,3
-117.33662,33.980456,123.45,0.23,3
-117.336315,33.980456,122.78,0.17,3
-117.336011,33.980456,122.42,0.234,3
-117.335707,33.980456,122.38,0.262,3
-117.335403,33.980456,122.92,0.229,3
-117.335098,33.980456,123.7,0.171,3
-117.334794,33.980456,124.65,0.208,3
-117.33449,33.980456,124.61,0.144,3
-117.334186,33.980456,124.45,0.1,3
-117.333881,33.980456,124.04,0.124,3
-117.333577,33.980456,124,0.197,3
-117.333273,33.980456,124.16,0.223,3
-117.332968,33.980456,124.11,0.209,3
-117.332664,33.980456,123.79,0.229,3
-117.33236,33.980456,123.21,0.332,3
-117.332056,33.980456,122.52,0.437,3
-117.331751,33.980456,121.68,0.332,3
-117.331447,33.980456,120.55,0.22,3
-117.331143,33.980456,119.32,0.229,3
-117.330839,33.980456,117.99,0.049,3
-117.330534,33.980456,117.6,0.073,3
-117.33023,33.980456,117.49,0.157,3
-117.329926,33.980456,117.64,0.214,3
-117.329622,33.980456,117.87,0.23,3
-117.329317,33.980456,118.52,0.157,3
-117.329013,33.980456,119.38,0.123,3
-117.328709,33.980456,119.88,0.128,3
-117.328404,33.980456,119.59,0.162,3
-117.3281,33.980456,118.78,0.179,3
-117.327796,33.980456,117.81,0.156,3
-117.327492,33.980456,116.96,0.138,3
-117.327187,33.980456,116.48,0.124,3
-117.326883,33.980456,116.18,0.095,3
-117.326579,33.980456,116.12,0.097,3
-117.326275,33.980456,116.73,0.137,3
-117.32597,33.980456,118.1,0.11,3
-117.325666,33.980456,120.01,0.09,3
-117.325362,33.980456,121.53,0.104,3
-117.325058,33.980456,119.19,0.1,4
-117.324753,33.980456,118.89,0.125,4
-117.324449,33.980456,119.02,0.074,4
-117.324145,33.980456,119.26,0.048,4
-117.32384,33.980456,120,0.056,4
-117.323536,33.980456,120.81,0.09,4
-117.323232,33.980456,121.32,0.13,4
-117.322928,33.980456,121.48,0.137,4
-117.322623,33.980456,121.26,0.133,4
-117.322319,33.980456,120.9,0.166,4
-117.322015,33.980456,120.67,0.195,4
-117.321711,33.980456,120.6,0.188,4
-117.321406,33.980456,120.58,0.205,4
-117.321102,33.980456,120.55,0.279,4
-117.320798,33.980456,120.68,0.306,4
-117.320494,33.980456,121.2,0.281,4
-117.320189,33.980456,122.01,0.257,4
-117.319885,33.980456,122.74,0.237,4
-117.319581,33.980456,122.96,0.248,4
-117.319276,33.980456,122.8,0.245,4
-117.318972,33.980456,122.52,0.259,4
-117.318668,33.980456,122.31,0.322,4
-117.318364,33.980456,122.26,0.365,4
-117.318059,33.980456,122.24,0.343,4
-117.317755,33.980456,122.23,0.322,4
-117.317451,33.980456,122.42,0.32,4
-117.317147,33.980456,122.56,0.261,4
-117.316842,33.980456,122.66,0.204,4
-117.316538,33.980456,122.77,0.156,4
-117.316234,33.980456,123,0.272,4
-117.31593,33.980456,123.07,0.275,4
-117.315625,33.980456,123.42,0.265,4
-117.315321,33.980456,123.53,0.216,4
-117.315017,33.980456,123.81,0.232,4
-117.314712,33.980456,123.58,0.282,4
-117.314408,33.980456,124.1,0.37,3
-117.314104,33.980456,123.4,0.38,4
-117.3138,33.980456,123.82,0.356,4
-117.313495,33.980456,125.11,0.382,3
-117.313191,33.980456,124.66,0.424,3
-117.312887,33.980456,124.19,0.426,3
-117.312583,33.980456,124.19,0.359,3
-117.312278,33.980456,124.57,0.293,3
-117.311974,33.980456,125.16,0.354,3
-117.31167,33.980456,125.9,0.344,3
-117.311366,33.980456,127.08,0.164,3
-117.311061,33.980456,128.35,0.197,3
-117.310757,33.980456,129.2,0.201,3
-117.310453,33.980456,130.22,0.232,3
-117.310148,33.980456,130.17,0.208,4
-117.309844,33.980456,130.52,0.195,4
-117.353963,33.980151,128.99,0.281,3
-117.353659,33.980151,127.88,0.273,3
-117.353354,33.980151,126.62,0.231,3
-117.35305,33.980151,125.65,0.234,3
-117.352746,33.980151,124.96,0.312,3
-117.352442,33.980151,124.57,0.349,3
-117.352137,33.980151,124.64,0.287,3
-117.351833,33.980151,125.16,0.179,3
-117.351529,33.980151,125.86,0.163,3
-117.351224,33.980151,126.64,0.263,3
-117.35092,33.980151,127.47,0.16,3
-117.350616,33.980151,127.97,0.085,3
-117.350312,33.980151,128.28,0.036,3
-117.350007,33.980151,128.32,0.061,3
-117.349703,33.980151,127.97,0.042,3
-117.349399,33.980151,126.1,0.046,3
-117.349095,33.980151,123.99,0.08,3
-117.34879,33.980151,122.66,0.262,3
-117.348486,33.980151,122.01,0.468,3
-117.348182,33.980151,121.32,0.659,3
-117.347878,33.980151,121.6,0.604,3
-117.347573,33.980151,122.52,0.351,3
-117.347269,33.980151,123.6,0.249,3
-117.346965,33.980151,124.93,0.281,3
-117.34666,33.980151,126.02,0.184,3
-117.346356,33.980151,126.67,0.144,3
-117.346052,33.980151,127.11,0.218,3
-117.345748,33.980151,127.51,0.029,3
-117.345443,33.980151,127.44,0.049,3
-117.345139,33.980151,126.97,0.098,3
-117.344835,33.980151,126.69,0.157,3
-117.344531,33.980151,126.06,0.115,3
-117.344226,33.980151,125.51,0.198,3
-117.343922,33.980151,126.3,0.162,3
-117.343618,33.980151,126.52,0.128,3
-117.343314,33.980151,126.55,0.147,3
-117.343009,33.980151,126.22,0.191,3
-117.342705,33.980151,126.31,0.192,3
-117.342401,33.980151,127.04,0.158,3
-117.342096,33.980151,127.48,0.158,3
-117.341792,33.980151,127.47,0.175,3
-117.341488,33.980151,126.95,0.169,3
-117.341184,33.980151,125.8,0.235,3
-117.340879,33.980151,124,0.239,3
-117.340575,33.980151,122.84,0.26,3
-117.340271,33.980151,121.91,0.107,3
-117.339967,33.980151,121.36,0.042,3
-117.339662,33.980151,121.25,0.103,3
-117.339358,33.980151,121.69,0.166,3
-117.339054,33.980151,122.4,0.177,3
-117.33875,33.980151,123.29,0.312,3
-117.338445,33.980151,124.22,0.372,3
-117.338141,33.980151,124.7,0.366,3
-117.337837,33.980151,125.02,0.257,3
-117.337532,33.980151,125.32,0.123,3
-117.337228,33.980151,125.23,0.122,3
-117.336924,33.980151,124.8,0.184,3
-117.33662,33.980151,124.06,0.247,3
-117.336315,33.980151,123.23,0.236,3
-117.336011,33.980151,122.6,0.245,3
-117.335707,33.980151,122.16,0.312,3
-117.335403,33.980151,122.38,0.316,3
-117.335098,33.980151,122.83,0.28,3
-117.334794,33.980151,123.82,0.318,3
-117.33449,33.980151,124.11,0.24,3
-117.334186,33.980151,124.24,0.157,3
-117.333881,33.980151,123.99,0.128,3
-117.333577,33.980151,124.03,0.139,3
-117.333273,33.980151,124.2,0.197,3
-117.332968,33.980151,124.13,0.297,3
-117.332664,33.980151,123.74,0.347,3
-117.33236,33.980151,123.11,0.332,3
-117.332056,33.980151,122.36,0.345,3
-117.331751,33.980151,121.42,0.323,3
-117.331447,33.980151,120.2,0.29,3
-117.331143,33.980151,119,0.232,3
-117.330839,33.980151,117.83,0.048,3
-117.330534,33.980151,117.58,0.076,3
-117.33023,33.980151,117.59,0.091,3
-117.329926,33.980151,117.91,0.153,3
-117.329622,33.980151,118.32,0.159,3
-117.329317,33.980151,119.03,0.131,3
-117.329013,33.980151,119.83,0.129,3
-117.328709,33.980151,120.14,0.149,3
-117.328404,33.980151,119.69,0.202,3
-117.3281,33.980151,118.89,0.208,3
-117.327796,33.980151,118.05,0.19,3
-117.327492,33.980151,117.24,0.21,3
-117.327187,33.980151,116.7,0.157,3
-117.326883,33.980151,116.43,0.093,3
-117.326579,33.980151,116.44,0.08,3
-117.326275,33.980151,116.76,0.167,3
-117.32597,33.980151,118.16,0.107,3
-117.325666,33.980151,119.85,0.084,3
-117.325362,33.980151,121.15,0.105,3
-117.325058,33.980151,119.27,0.082,4
-117.324753,33.980151,118.97,0.126,4
-117.324449,33.980151,119.11,0.07,4
-117.324145,33.980151,119.43,0.046,4
-117.32384,33.980151,120.23,0.059,4
-117.323536,33.980151,121,0.079,4
-117.323232,33.980151,121.36,0.082,4
-117.322928,33.980151,121.35,0.072,4
-117.322623,33.980151,121.01,0.084,4
-117.322319,33.980151,120.54,0.113,4
-117.322015,33.980151,120.26,0.139,4
-117.321711,33.980151,120.23,0.151,4
-117.321406,33.980151,120.27,0.176,4
-117.321102,33.980151,120.27,0.178,4
-117.320798,33.980151,120.3,0.194,4
-117.320494,33.980151,120.56,0.182,4
-117.320189,33.980151,121.05,0.182,4
-117.319885,33.980151,121.61,0.175,4
-117.319581,33.980151,121.88,0.185,4
-117.319276,33.980151,121.87,0.183,4
-117.318972,33.980151,121.79,0.21,4
-117.318668,33.980151,121.76,0.282,4
-117.318364,33.980151,121.8,0.331,4
-117.318059,33.980151,121.8,0.304,4
-117.317755,33.980151,121.77,0.255,4
-117.317451,33.980151,121.92,0.256,4
-117.317147,33.980151,122.06,0.251,4
-117.316842,33.980151,122.18,0.224,4
-117.316538,33.980151,122.31,0.209,4
-117.316234,33.980151,122.56,0.28,4
-117.31593,33.980151,122.65,0.29,4
-117.315625,33.980151,123.04,0.234,4
-117.315321,33.980151,123.25,0.2,4
-117.315017,33.980151,125,0.213,3
-117.314712,33.980151,125.34,0.261,3
-117.314408,33.980151,124.47,0.322,4
-117.314104,33.980151,123.22,0.343,4
-117.3138,33.980151,123.93,0.35,4
-117.313495,33.980151,125.33,0.392,3
-117.313191,33.980151,125.13,0.411,3
-117.312887,33.980151,124.97,0.366,3
-117.312583,33.980151,125.3,0.337,3
-117.312278,33.980151,125.95,0.294,3
-117.311974,33.980151,126.69,0.273,3
-117.31167,33.980151,127.54,0.274,3
-117.311366,33.980151,128.84,0.15,3
-117.311061,33.980151,130.01,0.161,3
-117.310757,33.980151,130.59,0.166,3
-117.310453,33.980151,131.23,0.18,3
-117.310148,33.980151,130.61,0.167,4
-117.309844,33.980151,130.42,0.179,4
-117.353963,33.979847,128.18,0.268,3
-117.353659,33.979847,127.2,0.235,3
-117.353354,33.979847,126.04,0.275,3
-117.35305,33.979847,124.94,0.304,3
-117.352746,33.979847,124.05,0.347,3
-117.352442,33.979847,123.45,0.347,3
-117.352137,33.979847,123.28,0.294,3
-117.351833,33.979847,123.65,0.221,3
-117.351529,33.979847,124.5,0.197,3
-117.351224,33.979847,125.58,0.265,3
-117.35092,33.979847,126.94,0.13,3
-117.350616,33.979847,127.96,0.064,3
-117.350312,33.979847,128.76,0.058,3
-117.350007,33.979847,129.18,0.115,3
-117.349703,33.979847,128.25,0.062,3
-117.349399,33.979847,126.09,0.063,3
-117.349095,33.979847,123.72,0.097,3
-117.34879,33.979847,122.59,0.321,3
-117.348486,33.979847,121.97,0.403,3
-117.348182,33.979847,121.59,0.462,3
-117.347878,33.979847,121.54,0.561,3
-117.347573,33.979847,122.09,0.465,3
-117.347269,33.979847,123.24,0.259,3
-117.346965,33.979847,124.58,0.188,3
-117.34666,33.979847,125.73,0.192,3
-117.346356,33.979847,126.42,0.222,3
-117.346052,33.979847,126.94,0.232,3
-117.345748,33.979847,127.62,0.038,3
-117.345443,33.979847,127.35,0.054,3
-117.345139,33.979847,126.81,0.12,3
-117.344835,33.979847,127.05,0.223,3
-117.344531,33.979847,126.45,0.237,3
-117.344226,33.979847,125.75,0.266,3
-117.343922,33.979847,127.37,0.135,3
-117.343618,33.979847,127.66,0.081,3
-117.343314,33.979847,127.5,0.088,3
-117.343009,33.979847,126.2,0.167,3
-117.342705,33.979847,125.54,0.211,3
-117.342401,33.979847,126.37,0.149,3
-117.342096,33.979847,127.02,0.105,3
-117.341792,33.979847,127.36,0.142,3
-117.341488,33.979847,127.33,0.173,3
-117.341184,33.979847,126.67,0.239,3
-117.340879,33.979847,124.48,0.35,3
-117.340575,33.979847,123.08,0.303,3
-117.340271,33.979847,122.29,0.186,3
-117.339967,33.979847,121.5,0.084,3
-117.339662,33.979847,120.95,0.033,3
-117.339358,33.979847,120.9,0.069,3
-117.339054,33.979847,121.29,0.12,3
-117.33875,33.979847,121.99,0.328,3
-117.338445,33.979847,123.08,0.477,3
-117.338141,33.979847,124.01,0.42,3
-117.337837,33.979847,124.69,0.237,3
-117.337532,33.979847,125.15,0.098,3
-117.337228,33.979847,125.19,0.082,3
-117.336924,33.979847,124.94,0.123,3
-117.33662,33.979847,124.45,0.158,3
-117.336315,33.979847,123.74,0.139,3
-117.336011,33.979847,122.76,0.138,3
-117.335707,33.979847,121.59,0.259,3
-117.335403,33.979847,121.54,0.504,3
-117.335098,33.979847,121.89,0.518,3
-117.334794,33.979847,122.62,0.438,3
-117.33449,33.979847,123.06,0.279,3
-117.334186,33.979847,123.42,0.181,3
-117.333881,33.979847,123.55,0.135,3
-117.333577,33.979847,123.8,0.124,3
-117.333273,33.979847,124.07,0.181,3
-117.332968,33.979847,124.34,0.291,3
-117.332664,33.979847,124.33,0.329,3
-117.33236,33.979847,123.76,0.276,3
-117.332056,33.979847,123,0.279,3
-117.331751,33.979847,121.93,0.324,3
-117.331447,33.979847,120.65,0.326,3
-117.331143,33.979847,119.56,0.225,3
-117.330839,33.979847,118.78,0.054,3
-117.330534,33.979847,118.68,0.104,3
-117.33023,33.979847,118.81,0.075,3
-117.329926,33.979847,119.12,0.13,3
-117.329622,33.979847,119.51,0.159,3
-117.329317,33.979847,120.05,0.14,3
-117.329013,33.979847,120.68,0.142,3
-117.328709,33.979847,121.02,0.165,3
-117.328404,33.979847,120.82,0.195,3
-117.3281,33.979847,120.01,0.194,3
-117.327796,33.979847,118.99,0.174,3
-117.327492,33.979847,118.11,0.161,3
-117.327187,33.979847,117.24,0.123,3
-117.326883,33.979847,116.73,0.077,3
-117.326579,33.979847,116.44,0.062,3
-117.326275,33.979847,116.87,0.098,3
-117.32597,33.979847,118.41,0.093,3
-117.325666,33.979847,119.78,0.089,3
-117.325362,33.979847,120.75,0.15,3
-117.325058,33.979847,119.12,0.162,4
-117.324753,33.979847,119.08,0.178,4
-117.324449,33.979847,119.44,0.105,4
-117.324145,33.979847,119.88,0.095,4
-117.32384,33.979847,120.53,0.101,4
-117.323536,33.979847,121.13,0.111,4
-117.323232,33.979847,121.33,0.103,4
-117.322928,33.979847,121.19,0.067,4
-117.322623,33.979847,120.88,0.075,4
-117.322319,33.979847,120.4,0.101,4
-117.322015,33.979847,120.06,0.074,4
-117.321711,33.979847,119.94,0.077,4
-117.321406,33.979847,119.95,0.112,4
-117.321102,33.979847,119.91,0.126,4
-117.320798,33.979847,119.63,0.178,4
-117.320494,33.979847,119.45,0.19,4
-117.320189,33.979847,119.44,0.176,4
-117.319885,33.979847,119.83,0.158,4
-117.319581,33.979847,120.06,0.15,4
-117.319276,33.979847,120.18,0.148,4
-117.318972,33.979847,120.25,0.162,4
-117.318668,33.979847,120.42,0.187,4
-117.318364,33.979847,120.69,0.195,4
-117.318059,33.979847,120.77,0.177,4
-117.317755,33.979847,120.7,0.16,4
-117.317451,33.979847,120.94,0.162,4
-117.317147,33.979847,121.15,0.166,4
-117.316842,33.979847,121.36,0.17,4
-117.316538,33.979847,121.53,0.175,4
-117.316234,33.979847,121.79,0.182,4
-117.31593,33.979847,121.94,0.176,4
-117.315625,33.979847,122.35,0.158,4
-117.315321,33.979847,124.3,0.151,3
-117.315017,33.979847,125.53,0.157,3
-117.314712,33.979847,125.61,0.188,3
-117.314408,33.979847,123.74,0.237,4
-117.314104,33.979847,122.62,0.242,4
-117.3138,33.979847,122.95,0.217,4
-117.313495,33.979847,124.23,0.216,4
-117.313191,33.979847,125.63,0.217,3
-117.312887,33.979847,125.89,0.202,3
-117.312583,33.979847,126.56,0.216,3
-117.312278,33.979847,127.41,0.224,3
-117.311974,33.979847,128.26,0.192,3
-117.31167,33.979847,129.42,0.174,3
-117.311366,33.979847,130.79,0.155,3
-117.311061,33.979847,131.85,0.173,3
-117.310757,33.979847,130.52,0.177,4
-117.310453,33.979847,130.51,0.181,4
-117.310148,33.979847,130.44,0.171,4
-117.309844,33.979847,130.25,0.176,4
-117.30954,33.979847,129.81,0.189,4
-117.353963,33.979543,127.37,0.284,3
-117.353659,33.979543,126.51,0.258,3
-117.353354,33.979543,125.41,0.296,3
-117.35305,33.979543,124.23,0.291,3
-117.352746,33.979543,123.12,0.289,3
-117.352442,33.979543,122.19,0.299,3
-117.352137,33.979543,121.61,0.298,3
-117.351833,33.979543,121.7,0.278,3
-117.351529,33.979543,122.42,0.264,3
-117.351224,33.979543,123.57,0.291,3
-117.35092,33.979543,125.36,0.231,3
-117.350616,33.979543,127.22,0.167,3
-117.350312,33.979543,128.78,0.178,3
-117.350007,33.979543,129.09,0.25,3
-117.349703,33.979543,128.07,0.219,3
-117.349399,33.979543,126.19,0.183,3
-117.349095,33.979543,124.09,0.23,3
-117.34879,33.979543,122.99,0.358,3
-117.348486,33.979543,122.19,0.334,3
-117.348182,33.979543,121.76,0.32,3
-117.347878,33.979543,121.62,0.393,3
-117.347573,33.979543,122.08,0.391,3
-117.347269,33.979543,123.1,0.271,3
-117.346965,33.979543,124.26,0.185,3
-117.34666,33.979543,125.31,0.217,3
-117.346356,33.979543,126.07,0.285,3
-117.346052,33.979543,126.71,0.28,3
-117.345748,33.979543,127.46,0.167,3
-117.345443,33.979543,127.14,0.153,3
-117.345139,33.979543,126.47,0.234,3
-117.344835,33.979543,126.53,0.318,3
-117.344531,33.979543,125.76,0.344,3
-117.344226,33.979543,124.78,0.309,3
-117.343922,33.979543,126.04,0.229,3
-117.343618,33.979543,126.01,0.184,3
-117.343314,33.979543,125.65,0.196,3
-117.343009,33.979543,124.14,0.25,3
-117.342705,33.979543,123.29,0.285,3
-117.342401,33.979543,124.11,0.255,3
-117.342096,33.979543,124.89,0.192,3
-117.341792,33.979543,125.48,0.165,3
-117.341488,33.979543,125.85,0.196,3
-117.341184,33.979543,125.68,0.243,3
-117.340879,33.979543,123.81,0.32,3
-117.340575,33.979543,122.64,0.291,3
-117.340271,33.979543,121.67,0.208,3
-117.339967,33.979543,120.91,0.097,3
-117.339662,33.979543,120.39,0.046,3
-117.339358,33.979543,120.17,0.033,3
-117.339054,33.979543,120.28,0.083,3
-117.33875,33.979543,120.85,0.291,3
-117.338445,33.979543,122.07,0.397,3
-117.338141,33.979543,123.32,0.336,3
-117.337837,33.979543,124.09,0.214,3
-117.337532,33.979543,124.37,0.125,3
-117.337228,33.979543,124.38,0.106,3
-117.336924,33.979543,124.27,0.125,3
-117.33662,33.979543,123.95,0.135,3
-117.336315,33.979543,123.43,0.1,3
-117.336011,33.979543,122.53,0.091,3
-117.335707,33.979543,121.27,0.184,3
-117.335403,33.979543,121.2,0.55,3
-117.335098,33.979543,121.56,0.555,3
-117.334794,33.979543,122.08,0.347,3
-117.33449,33.979543,122.48,0.199,3
-117.334186,33.979543,122.85,0.175,3
-117.333881,33.979543,123.13,0.178,3
-117.333577,33.979543,123.47,0.178,3
-117.333273,33.979543,123.82,0.199,3
-117.332968,33.979543,124.42,0.237,3
-117.332664,33.979543,124.86,0.27,3
-117.33236,33.979543,124.52,0.268,3
-117.332056,33.979543,123.9,0.254,3
-117.331751,33.979543,122.9,0.322,3
-117.331447,33.979543,121.65,0.326,3
-117.331143,33.979543,120.69,0.192,3
-117.330839,33.979543,120.13,0.074,3
-117.330534,33.979543,120.06,0.112,3
-117.33023,33.979543,120.12,0.122,3
-117.329926,33.979543,120.28,0.127,3
-117.329622,33.979543,120.55,0.141,3
-117.329317,33.979543,120.91,0.136,3
-117.329013,33.979543,121.38,0.132,3
-117.328709,33.979543,121.76,0.142,3
-117.328404,33.979543,121.86,0.152,3
-117.3281,33.979543,121.3,0.158,3
-117.327796,33.979543,120.29,0.151,3
-117.327492,33.979543,119.14,0.13,3
-117.327187,33.979543,117.54,0.108,3
-117.326883,33.979543,116.28,0.07,3
-117.326579,33.979543,115.79,0.095,3
-117.326275,33.979543,116.49,0.112,3
-117.32597,33.979543,118.22,0.133,3
-117.325666,33.979543,119.41,0.162,3
-117.325362,33.979543,120.22,0.3,3
-117.325058,33.979543,120.33,0.378,3
-117.324753,33.979543,119.23,0.332,4
-117.324449,33.979543,119.27,0.229,4
-117.324145,33.979543,119.83,0.197,4
-117.32384,33.979543,120.37,0.202,4
-117.323536,33.979543,120.86,0.22,4
-117.323232,33.979543,121.13,0.197,4
-117.322928,33.979543,121.12,0.157,4
-117.322623,33.979543,120.91,0.217,4
-117.322319,33.979543,120.46,0.284,4
-117.322015,33.979543,120.02,0.202,4
-117.321711,33.979543,119.68,0.154,4
-117.321406,33.979543,119.46,0.124,4
-117.321102,33.979543,119.21,0.096,4
-117.320798,33.979543,118.6,0.138,4
-117.320494,33.979543,117.97,0.273,4
-117.320189,33.979543,117.51,0.329,4
-117.319885,33.979543,117.63,0.299,4
-117.319581,33.979543,117.7,0.273,4
-117.319276,33.979543,117.83,0.247,4
-117.318972,33.979543,118.04,0.212,4
-117.318668,33.979543,118.44,0.178,4
-117.318364,33.979543,118.98,0.148,4
-117.318059,33.979543,119.25,0.138,4
-117.317755,33.979543,119.38,0.158,4
-117.317451,33.979543,119.81,0.183,4
-117.317147,33.979543,120.19,0.2,4
-117.316842,33.979543,120.51,0.23,4
-117.316538,33.979543,120.79,0.246,4
-117.316234,33.979543,121.11,0.237,4
-117.31593,33.979543,123.35,0.177,3
-117.315625,33.979543,123.91,0.188,3
-117.315321,33.979543,124.59,0.206,3
-117.315017,33.979543,124.97,0.195,3
-117.314712,33.979543,125.01,0.183,3
-117.314408,33.979543,124.79,0.178,3
-117.314104,33.979543,123.89,0.154,4
-117.3138,33.979543,123.41,0.131,4
-117.313495,33.979543,124.88,0.139,4
-117.313191,33.979543,126.88,0.158,3
-117.312887,33.979543,127.52,0.163,3
-117.312583,33.979543,128.44,0.172,3
-117.312278,33.979543,128.98,0.18,3
-117.311974,33.979543,128.33,0.179,4
-117.31167,33.979543,129.45,0.177,4
-117.311366,33.979543,130.63,0.19,4
-117.311061,33.979543,131.38,0.204,4
-117.310757,33.979543,131.11,0.201,4
-117.310453,33.979543,130.8,0.196,4
-117.310148,33.979543,130.44,0.195,4
-117.309844,33.979543,129.87,0.197,4
-117.30954,33.979543,129.08,0.195,4
-117.353963,33.979238,126.71,0.214,3
-117.353659,33.979238,125.97,0.243,3
-117.353354,33.979238,125,0.298,3
-117.35305,33.979238,123.75,0.341,3
-117.352746,33.979238,122.47,0.38,3
-117.352442,33.979238,121.34,0.429,3
-117.352137,33.979238,120.63,0.456,3
-117.351833,33.979238,120.6,0.427,3
-117.351529,33.979238,121.09,0.387,3
-117.351224,33.979238,122.12,0.433,3
-117.35092,33.979238,124.04,0.498,3
-117.350616,33.979238,126.26,0.345,3
-117.350312,33.979238,128.21,0.186,3
-117.350007,33.979238,128.62,0.265,3
-117.349703,33.979238,127.76,0.257,3
-117.349399,33.979238,126.53,0.167,3
-117.349095,33.979238,125.05,0.184,3
-117.34879,33.979238,123.97,0.203,3
-117.348486,33.979238,122.76,0.152,3
-117.348182,33.979238,121.97,0.136,3
-117.347878,33.979238,121.72,0.168,3
-117.347573,33.979238,122.09,0.195,3
-117.347269,33.979238,122.93,0.203,3
-117.346965,33.979238,123.87,0.2,3
-117.34666,33.979238,124.76,0.206,3
-117.346356,33.979238,125.52,0.255,3
-117.346052,33.979238,126.26,0.298,3
-117.345748,33.979238,127.16,0.237,3
-117.345443,33.979238,126.9,0.191,3
-117.345139,33.979238,126,0.226,3
-117.344835,33.979238,125.69,0.235,3
-117.344531,33.979238,124.53,0.239,3
-117.344226,33.979238,123.09,0.268,3
-117.343922,33.979238,123.82,0.291,3
-117.343618,33.979238,123.49,0.276,3
-117.343314,33.979238,122.91,0.248,3
-117.343009,33.979238,120.82,0.212,3
-117.342705,33.979238,119.72,0.263,3
-117.342401,33.979238,121.14,0.376,3
-117.342096,33.979238,122.58,0.375,3
-117.341792,33.979238,123.53,0.278,3
-117.341488,33.979238,124.29,0.263,3
-117.341184,33.979238,124.34,0.308,3
-117.340879,33.979238,122.59,0.411,3
-117.340575,33.979238,121.53,0.418,3
-117.340271,33.979238,120.36,0.354,3
-117.339967,33.979238,119.82,0.202,3
-117.339662,33.979238,119.43,0.122,3
-117.339358,33.979238,119.3,0.102,3
-117.339054,33.979238,119.45,0.06,3
-117.33875,33.979238,120.09,0.099,3
-117.338445,33.979238,121.24,0.21,3
-117.338141,33.979238,122.4,0.312,3
-117.337837,33.979238,123.1,0.3,3
-117.337532,33.979238,123.33,0.206,3
-117.337228,33.979238,123.35,0.158,3
-117.336924,33.979238,123.32,0.178,3
-117.33662,33.979238,123.21,0.225,3
-117.336315,33.979238,123,0.219,3
-117.336011,33.979238,122.55,0.224,3
-117.335707,33.979238,121.61,0.193,3
-117.335403,33.979238,121.49,0.283,3
-117.335098,33.979238,121.77,0.334,3
-117.334794,33.979238,122.27,0.279,3
-117.33449,33.979238,122.59,0.276,3
-117.334186,33.979238,122.82,0.298,3
-117.333881,33.979238,122.97,0.258,3
-117.333577,33.979238,123.23,0.245,3
-117.333273,33.979238,123.58,0.246,3
-117.332968,33.979238,124.33,0.228,3
-117.332664,33.979238,125.06,0.236,3
-117.33236,33.979238,125.04,0.261,3
-117.332056,33.979238,124.67,0.255,3
-117.331751,33.979238,123.86,0.255,3
-117.331447,33.979238,122.84,0.239,3
-117.331143,33.979238,122.05,0.216,3
-117.330839,33.979238,121.4,0.254,3
-117.330534,33.979238,121.3,0.26,3
-117.33023,33.979238,121.22,0.264,3
-117.329926,33.979238,121.15,0.261,3
-117.329622,33.979238,121.13,0.274,3
-117.329317,33.979238,121.24,0.305,3
-117.329013,33.979238,121.54,0.273,3
-117.328709,33.979238,121.91,0.246,3
-117.328404,33.979238,122.22,0.212,3
-117.3281,33.979238,122.01,0.199,3
-117.327796,33.979238,121.19,0.252,3
-117.327492,33.979238,119.72,0.303,3
-117.327187,33.979238,117.15,0.309,3
-117.326883,33.979238,115.03,0.309,3
-117.326579,33.979238,114.31,0.441,3
-117.326275,33.979238,115.47,0.488,3
-117.32597,33.979238,117.9,0.45,3
-117.325666,33.979238,118.99,0.453,3
-117.325362,33.979238,119.64,0.417,3
-117.325058,33.979238,120.25,0.352,3
-117.324753,33.979238,120.58,0.28,3
-117.324449,33.979238,121.08,0.183,3
-117.324145,33.979238,120.08,0.152,4
-117.32384,33.979238,119.64,0.174,4
-117.323536,33.979238,120.14,0.176,4
-117.323232,33.979238,120.57,0.184,4
-117.322928,33.979238,120.8,0.233,4
-117.322623,33.979238,120.77,0.282,4
-117.322319,33.979238,120.39,0.329,4
-117.322015,33.979238,119.86,0.344,4
-117.321711,33.979238,119.28,0.332,4
-117.321406,33.979238,118.71,0.289,4
-117.321102,33.979238,117.98,0.247,4
-117.320798,33.979238,117.07,0.217,4
-117.320494,33.979238,116.04,0.384,4
-117.320189,33.979238,115.28,0.458,4
-117.319885,33.979238,115.08,0.485,4
-117.319581,33.979238,114.95,0.509,4
-117.319276,33.979238,114.97,0.506,4
-117.318972,33.979238,115.3,0.471,4
-117.318668,33.979238,115.95,0.452,4
-117.318364,33.979238,116.77,0.37,4
-117.318059,33.979238,117.38,0.26,4
-117.317755,33.979238,117.83,0.267,4
-117.317451,33.979238,118.55,0.261,4
-117.317147,33.979238,119.18,0.306,4
-117.316842,33.979238,119.67,0.361,4
-117.316538,33.979238,120.08,0.428,4
-117.316234,33.979238,120.39,0.37,4
-117.31593,33.979238,122.8,0.202,3
-117.315625,33.979238,121.37,0.264,4
-117.315321,33.979238,121.25,0.301,4
-117.315017,33.979238,123.19,0.303,3
-117.314712,33.979238,124.04,0.267,3
-117.314408,33.979238,124.57,0.238,3
-117.314104,33.979238,125.42,0.195,3
-117.3138,33.979238,126.19,0.201,3
-117.313495,33.979238,127.02,0.22,3
-117.313191,33.979238,128.06,0.193,3
-117.312887,33.979238,129.06,0.192,3
-117.312583,33.979238,129.92,0.171,3
-117.312278,33.979238,129.67,0.174,4
-117.311974,33.979238,130.6,0.173,4
-117.31167,33.979238,131.54,0.185,4
-117.311366,33.979238,132.34,0.202,4
-117.311061,33.979238,132.81,0.217,4
-117.310757,33.979238,132.56,0.203,4
-117.310453,33.979238,131.67,0.193,4
-117.310148,33.979238,130.74,0.2,4
-117.309844,33.979238,129.77,0.204,4
-117.30954,33.979238,128.78,0.199,4
-117.309236,33.979238,127.92,0.178,4
-117.308931,33.979238,127.53,0.161,4
-117.353963,33.978934,125.83,0.218,3
-117.353659,33.978934,125.26,0.245,3
-117.353354,33.978934,124.47,0.292,3
-117.35305,33.978934,123.47,0.384,3
-117.352746,33.978934,122.27,0.471,3
-117.352442,33.978934,121.06,0.522,3
-117.352137,33.978934,120.19,0.552,3
-117.351833,33.978934,120.16,0.532,3
-117.351529,33.978934,120.91,0.467,3
-117.351224,33.978934,121.92,0.522,3
-117.35092,33.978934,123.63,0.681,3
-117.350616,33.978934,125.65,0.435,3
-117.350312,33.978934,127.44,0.177,3
-117.350007,33.978934,128.11,0.257,3
-117.349703,33.978934,127.89,0.218,3
-117.349399,33.978934,127.23,0.104,3
-117.349095,33.978934,126.14,0.078,3
-117.34879,33.978934,124.74,0.111,3
-117.348486,33.978934,123.13,0.078,3
-117.348182,33.978934,121.98,0.034,3
-117.347878,33.978934,121.61,0.054,3
-117.347573,33.978934,122,0.074,3
-117.347269,33.978934,122.8,0.124,3
-117.346965,33.978934,123.63,0.174,3
-117.34666,33.978934,124.39,0.105,3
-117.346356,33.978934,125.17,0.09,3
-117.346052,33.978934,125.88,0.117,3
-117.345748,33.978934,126.41,0.094,3
-117.345443,33.978934,126.22,0.075,3
-117.345139,33.978934,125.09,0.071,3
-117.344835,33.978934,123.85,0.07,3
-117.344531,33.978934,122.19,0.117,3
-117.344226,33.978934,120.13,0.221,3
-117.343922,33.978934,118.44,0.191,3
-117.343618,33.978934,116.93,0.177,3
-117.343314,33.978934,116.02,0.143,3
-117.343009,33.978934,114.92,0.09,3
-117.342705,33.978934,115.06,0.161,3
-117.342401,33.978934,116.77,0.298,3
-117.342096,33.978934,118.51,0.351,3
-117.341792,33.978934,120.34,0.355,3
-117.341488,33.978934,121.7,0.323,3
-117.341184,33.978934,121.99,0.361,3
-117.340879,33.978934,120.98,0.469,3
-117.340575,33.978934,119.77,0.533,3
-117.340271,33.978934,118.8,0.458,3
-117.339967,33.978934,118.86,0.387,3
-117.339662,33.978934,118.75,0.164,3
-117.339358,33.978934,118.71,0.159,3
-117.339054,33.978934,118.98,0.139,3
-117.33875,33.978934,119.56,0.078,3
-117.338445,33.978934,120.33,0.127,3
-117.338141,33.978934,121.1,0.238,3
-117.337837,33.978934,121.75,0.253,3
-117.337532,33.978934,122.28,0.186,3
-117.337228,33.978934,122.61,0.151,3
-117.336924,33.978934,122.77,0.188,3
-117.33662,33.978934,122.83,0.265,3
-117.336315,33.978934,122.8,0.216,3
-117.336011,33.978934,122.69,0.218,3
-117.335707,33.978934,122.21,0.184,3
-117.335403,33.978934,122.2,0.142,3
-117.335098,33.978934,122.43,0.174,3
-117.334794,33.978934,122.35,0.171,3
-117.33449,33.978934,122.36,0.161,3
-117.334186,33.978934,122.32,0.227,3
-117.333881,33.978934,123.06,0.277,3
-117.333577,33.978934,123.62,0.23,3
-117.333273,33.978934,124.03,0.172,3
-117.332968,33.978934,124.86,0.193,3
-117.332664,33.978934,125.66,0.236,3
-117.33236,33.978934,125.86,0.214,3
-117.332056,33.978934,125.62,0.177,3
-117.331751,33.978934,124.93,0.211,3
-117.331447,33.978934,124.08,0.285,3
-117.331143,33.978934,123.48,0.331,3
-117.330839,33.978934,122.48,0.329,3
-117.330534,33.978934,122.3,0.314,3
-117.33023,33.978934,122.07,0.37,3
-117.329926,33.978934,121.17,0.365,3
-117.329622,33.978934,120.55,0.387,3
-117.329317,33.978934,120.27,0.404,3
-117.329013,33.978934,120.3,0.348,3
-117.328709,33.978934,120.8,0.229,3
-117.328404,33.978934,121.51,0.137,3
-117.3281,33.978934,122.06,0.109,3
-117.327796,33.978934,121.77,0.136,3
-117.327492,33.978934,119.73,0.268,3
-117.327187,33.978934,116.31,0.486,3
-117.326883,33.978934,113.79,0.61,3
-117.326579,33.978934,113.47,0.743,3
-117.326275,33.978934,114.93,0.59,3
-117.32597,33.978934,116.16,0.442,3
-117.325666,33.978934,117.26,0.463,3
-117.325362,33.978934,117.87,0.457,3
-117.325058,33.978934,118.75,0.364,3
-117.324753,33.978934,119.6,0.197,3
-117.324449,33.978934,120.05,0.141,3
-117.324145,33.978934,120.52,0.117,3
-117.32384,33.978934,119.91,0.14,4
-117.323536,33.978934,119.52,0.151,4
-117.323232,33.978934,120.11,0.137,4
-117.322928,33.978934,120.17,0.165,4
-117.322623,33.978934,119.57,0.207,4
-117.322319,33.978934,119.28,0.222,4
-117.322015,33.978934,118.54,0.253,4
-117.321711,33.978934,117.73,0.281,4
-117.321406,33.978934,116.9,0.298,4
-117.321102,33.978934,115.67,0.444,4
-117.320798,33.978934,115,0.305,4
-117.320494,33.978934,113.89,0.463,4
-117.320189,33.978934,112.97,0.658,4
-117.319885,33.978934,112.57,0.671,4
-117.319581,33.978934,112.27,0.673,4
-117.319276,33.978934,112.18,0.705,4
-117.318972,33.978934,112.38,0.717,4
-117.318668,33.978934,112.97,0.716,4
-117.318364,33.978934,113.98,0.581,4
-117.318059,33.978934,115.07,0.391,4
-117.317755,33.978934,116.03,0.379,4
-117.317451,33.978934,117.18,0.334,4
-117.317147,33.978934,118.15,0.34,4
-117.316842,33.978934,118.83,0.342,4
-117.316538,33.978934,119.33,0.369,4
-117.316234,33.978934,119.62,0.268,4
-117.31593,33.978934,119.85,0.283,4
-117.315625,33.978934,120.53,0.292,4
-117.315321,33.978934,120.73,0.251,4
-117.315017,33.978934,120.24,0.333,4
-117.314712,33.978934,120.39,0.365,4
-117.314408,33.978934,122.42,0.325,3
-117.314104,33.978934,124.34,0.276,3
-117.3138,33.978934,124.7,0.294,3
-117.313495,33.978934,125.12,0.297,4
-117.313191,33.978934,126.88,0.234,4
-117.312887,33.978934,128.86,0.212,4
-117.312583,33.978934,130.33,0.181,4
-117.312278,33.978934,131.57,0.176,4
-117.311974,33.978934,132.69,0.189,4
-117.31167,33.978934,133.62,0.203,4
-117.311366,33.978934,134.21,0.213,4
-117.311061,33.978934,134.11,0.209,4
-117.310757,33.978934,133.29,0.204,4
-117.310453,33.978934,132.19,0.204,4
-117.310148,33.978934,131.04,0.207,4
-117.309844,33.978934,129.88,0.204,4
-117.30954,33.978934,128.78,0.196,4
-117.309236,33.978934,128.24,0.186,4
-117.308931,33.978934,128.56,0.174,4
-117.353963,33.97863,125.4,0.317,3
-117.353659,33.97863,124.96,0.273,3
-117.353354,33.97863,124.33,0.282,3
-117.35305,33.97863,123.65,0.332,3
-117.352746,33.97863,122.87,0.379,3
-117.352442,33.97863,122.11,0.491,3
-117.352137,33.97863,121.63,0.595,3
-117.351833,33.97863,121.61,0.616,3
-117.351529,33.97863,122.08,0.658,3
-117.351224,33.97863,122.93,0.704,3
-117.35092,33.97863,124.33,0.707,3
-117.350616,33.97863,125.68,0.436,3
-117.350312,33.97863,127.08,0.128,3
-117.350007,33.97863,128.06,0.282,3
-117.349703,33.97863,128.22,0.289,3
-117.349399,33.97863,127.89,0.151,3
-117.349095,33.97863,127.03,0.103,3
-117.34879,33.97863,125.45,0.189,3
-117.348486,33.97863,123.6,0.134,3
-117.348182,33.97863,122.26,0.044,3
-117.347878,33.97863,121.88,0.042,3
-117.347573,33.97863,122.1,0.062,3
-117.347269,33.97863,122.53,0.125,3
-117.346965,33.97863,123.15,0.176,3
-117.34666,33.97863,123.86,0.077,3
-117.346356,33.97863,124.65,0.045,3
-117.346052,33.97863,125.35,0.073,3
-117.345748,33.97863,125.83,0.053,3
-117.345443,33.97863,125.68,0.055,3
-117.345139,33.97863,124.53,0.059,3
-117.344835,33.97863,123.12,0.048,3
-117.344531,33.97863,121.23,0.075,3
-117.344226,33.97863,118.71,0.18,3
-117.343922,33.97863,116.12,0.087,3
-117.343618,33.97863,113.92,0.075,3
-117.343314,33.97863,112.59,0.082,3
-117.343009,33.97863,111.89,0.057,3
-117.342705,33.97863,112.14,0.096,3
-117.342401,33.97863,113.62,0.169,3
-117.342096,33.97863,116.07,0.201,3
-117.341792,33.97863,118.96,0.216,3
-117.341488,33.97863,120.96,0.18,3
-117.341184,33.97863,121.28,0.178,3
-117.340879,33.97863,120.43,0.216,3
-117.340575,33.97863,119.38,0.228,3
-117.340271,33.97863,118.72,0.279,3
-117.339967,33.97863,119.06,0.37,3
-117.339662,33.97863,119.05,0.17,3
-117.339358,33.97863,119.02,0.106,3
-117.339054,33.97863,119.12,0.12,3
-117.33875,33.97863,119.29,0.096,3
-117.338445,33.97863,119.6,0.055,3
-117.338141,33.97863,119.99,0.08,3
-117.337837,33.97863,120.62,0.14,3
-117.337532,33.97863,121.49,0.163,3
-117.337228,33.97863,122.25,0.167,3
-117.336924,33.97863,122.79,0.179,3
-117.33662,33.97863,123.05,0.167,3
-117.336315,33.97863,123.15,0.15,3
-117.336011,33.97863,123.16,0.196,3
-117.335707,33.97863,122.87,0.29,3
-117.335403,33.97863,123.03,0.131,3
-117.335098,33.97863,123.3,0.148,3
-117.334794,33.97863,123.02,0.18,3
-117.33449,33.97863,122.96,0.115,3
-117.334186,33.97863,122.62,0.148,3
-117.333881,33.97863,123.04,0.217,3
-117.333577,33.97863,123.44,0.181,3
-117.333273,33.97863,123.98,0.164,3
-117.332968,33.97863,125.15,0.23,3
-117.332664,33.97863,126.21,0.258,3
-117.33236,33.97863,126.42,0.205,3
-117.332056,33.97863,126.01,0.184,3
-117.331751,33.97863,125.18,0.291,3
-117.331447,33.97863,124.48,0.35,3
-117.331143,33.97863,124.14,0.284,3
-117.330839,33.97863,123.34,0.271,3
-117.330534,33.97863,123.21,0.328,3
-117.33023,33.97863,122.92,0.224,3
-117.329926,33.97863,121.56,0.327,3
-117.329622,33.97863,120.39,0.527,3
-117.329317,33.97863,120.13,0.424,3
-117.329013,33.97863,120.13,0.271,3
-117.328709,33.97863,120.55,0.164,3
-117.328404,33.97863,121.35,0.1,3
-117.3281,33.97863,121.93,0.098,3
-117.327796,33.97863,121.38,0.134,3
-117.327492,33.97863,119,0.277,3
-117.327187,33.97863,115.69,0.549,3
-117.326883,33.97863,113.65,0.6,3
-117.326579,33.97863,113.73,0.712,3
-117.326275,33.97863,114.81,0.549,3
-117.32597,33.97863,115.42,0.413,3
-117.325666,33.97863,116.99,0.302,3
-117.325362,33.97863,117.21,0.385,3
-117.325058,33.97863,117.96,0.328,3
-117.324753,33.97863,118.65,0.156,3
-117.324449,33.97863,118.94,0.147,3
-117.324145,33.97863,119.28,0.133,3
-117.32384,33.97863,118.58,0.212,4
-117.323536,33.97863,118.13,0.324,4
-117.323232,33.97863,118.65,0.313,4
-117.322928,33.97863,118.63,0.271,4
-117.322623,33.97863,118.01,0.299,4
-117.322319,33.97863,117.8,0.306,4
-117.322015,33.97863,116.98,0.324,4
-117.321711,33.97863,115.87,0.4,4
-117.321406,33.97863,114.86,0.502,4
-117.321102,33.97863,114.36,0.487,4
-117.320798,33.97863,114.07,0.326,4
-117.320494,33.97863,113.18,0.425,4
-117.320189,33.97863,112.24,0.665,4
-117.319885,33.97863,111.71,0.707,4
-117.319581,33.97863,111.2,0.707,4
-117.319276,33.97863,110.94,0.707,4
-117.318972,33.97863,110.99,0.699,4
-117.318668,33.97863,111.53,0.714,4
-117.318364,33.97863,112.57,0.618,4
-117.318059,33.97863,113.79,0.413,4
-117.317755,33.97863,115.08,0.349,4
-117.317451,33.97863,116.58,0.363,4
-117.317147,33.97863,117.82,0.351,4
-117.316842,33.97863,118.69,0.318,4
-117.316538,33.97863,119.26,0.26,4
-117.316234,33.97863,119.51,0.271,4
-117.31593,33.97863,119.63,0.328,4
-117.315625,33.97863,121.15,0.274,3
-117.315321,33.97863,121.4,0.296,3
-117.315017,33.97863,120.01,0.391,4
-117.314712,33.97863,119.82,0.41,4
-117.314408,33.97863,121.29,0.386,4
-117.314104,33.97863,122.63,0.367,4
-117.3138,33.97863,123.94,0.346,4
-117.313495,33.97863,125.81,0.29,4
-117.313191,33.97863,127.86,0.218,4
-117.312887,33.97863,129.95,0.196,4
-117.312583,33.97863,131.43,0.187,4
-117.312278,33.97863,132.68,0.19,4
-117.311974,33.97863,133.74,0.203,4
-117.31167,33.97863,134.54,0.208,4
-117.311366,33.97863,134.83,0.214,4
-117.311061,33.97863,134.48,0.204,4
-117.310757,33.97863,133.55,0.203,4
-117.310453,33.97863,132.46,0.203,4
-117.310148,33.97863,131.33,0.203,4
-117.309844,33.97863,130.77,0.199,4
-117.30954,33.97863,130.05,0.198,4
-117.309236,33.97863,130.02,0.192,3
-117.308931,33.97863,130.32,0.167,3
-117.308627,33.97863,130.24,0.145,3
-117.353963,33.978326,125.35,0.335,3
-117.353659,33.978326,125.04,0.307,3
-117.353354,33.978326,124.58,0.282,3
-117.35305,33.978326,124.08,0.325,3
-117.352746,33.978326,123.52,0.359,3
-117.352442,33.978326,123.03,0.384,3
-117.352137,33.978326,122.82,0.422,3
-117.351833,33.978326,122.99,0.462,3
-117.351529,33.978326,123.41,0.455,3
-117.351224,33.978326,124.13,0.352,3
-117.35092,33.978326,125.29,0.36,3
-117.350616,33.978326,126.38,0.207,3
-117.350312,33.978326,127.38,0.127,3
-117.350007,33.978326,128.08,0.19,3
-117.349703,33.978326,128.47,0.248,3
-117.349399,33.978326,128.38,0.135,3
-117.349095,33.978326,127.63,0.094,3
-117.34879,33.978326,126.15,0.175,3
-117.348486,33.978326,124.42,0.128,3
-117.348182,33.978326,123.07,0.051,3
-117.347878,33.978326,122.53,0.04,3
-117.347573,33.978326,122.45,0.073,3
-117.347269,33.978326,122.56,0.148,3
-117.346965,33.978326,122.98,0.189,3
-117.34666,33.978326,123.65,0.127,3
-117.346356,33.978326,124.45,0.124,3
-117.346052,33.978326,125.08,0.14,3
-117.345748,33.978326,125.33,0.133,3
-117.345443,33.978326,125.09,0.141,3
-117.345139,33.978326,124.28,0.149,3
-117.344835,33.978326,123.26,0.138,3
-117.344531,33.978326,121.57,0.15,3
-117.344226,33.978326,119.3,0.141,3
-117.343922,33.978326,116.84,0.057,3
-117.343618,33.978326,114.65,0.061,3
-117.343314,33.978326,112.94,0.061,3
-117.343009,33.978326,111.7,0.038,3
-117.342705,33.978326,111.65,0.077,3
-117.342401,33.978326,113.2,0.17,3
-117.342096,33.978326,115.93,0.224,3
-117.341792,33.978326,119.12,0.218,3
-117.341488,33.978326,121.13,0.202,3
-117.341184,33.978326,121.27,0.154,3
-117.340879,33.978326,120.6,0.153,3
-117.340575,33.978326,119.92,0.181,3
-117.340271,33.978326,119.64,0.206,3
-117.339967,33.978326,120.15,0.321,3
-117.339662,33.978326,120.27,0.166,3
-117.339358,33.978326,120.25,0.104,3
-117.339054,33.978326,120.13,0.07,3
-117.33875,33.978326,119.98,0.077,3
-117.338445,33.978326,119.88,0.083,3
-117.338141,33.978326,119.85,0.062,3
-117.337837,33.978326,120.25,0.067,3
-117.337532,33.978326,121.19,0.098,3
-117.337228,33.978326,122.2,0.116,3
-117.336924,33.978326,122.93,0.144,3
-117.33662,33.978326,123.34,0.158,3
-117.336315,33.978326,123.58,0.158,3
-117.336011,33.978326,123.72,0.137,3
-117.335707,33.978326,123.62,0.253,3
-117.335403,33.978326,124.02,0.1,3
-117.335098,33.978326,124.45,0.141,3
-117.334794,33.978326,124.1,0.185,3
-117.33449,33.978326,123.74,0.161,3
-117.334186,33.978326,123.05,0.11,3
-117.333881,33.978326,123.11,0.203,3
-117.333577,33.978326,123.42,0.259,3
-117.333273,33.978326,124.09,0.209,3
-117.332968,33.978326,125.42,0.18,3
-117.332664,33.978326,126.42,0.192,3
-117.33236,33.978326,126.44,0.159,3
-117.332056,33.978326,126,0.151,3
-117.331751,33.978326,125.08,0.312,3
-117.331447,33.978326,124.49,0.362,3
-117.331143,33.978326,124.45,0.271,3
-117.330839,33.978326,123.91,0.284,3
-117.330534,33.978326,123.96,0.236,3
-117.33023,33.978326,123.67,0.099,3
-117.329926,33.978326,122.24,0.26,3
-117.329622,33.978326,120.88,0.587,3
-117.329317,33.978326,120.54,0.487,3
-117.329013,33.978326,120.48,0.294,3
-117.328709,33.978326,120.71,0.19,3
-117.328404,33.978326,121.21,0.113,3
-117.3281,33.978326,121.46,0.089,3
-117.327796,33.978326,120.54,0.159,3
-117.327492,33.978326,118.06,0.334,3
-117.327187,33.978326,115.35,0.569,3
-117.326883,33.978326,113.96,0.589,3
-117.326579,33.978326,113.96,0.632,3
-117.326275,33.978326,113.95,0.566,3
-117.32597,33.978326,114.53,0.501,3
-117.325666,33.978326,116.54,0.242,3
-117.325362,33.978326,116.78,0.233,3
-117.325058,33.978326,117.4,0.211,3
-117.324753,33.978326,117.88,0.089,3
-117.324449,33.978326,118.1,0.075,3
-117.324145,33.978326,118.22,0.138,3
-117.32384,33.978326,117.46,0.267,4
-117.323536,33.978326,117.04,0.416,4
-117.323232,33.978326,117.5,0.469,4
-117.322928,33.978326,117.31,0.431,4
-117.322623,33.978326,116.45,0.41,4
-117.322319,33.978326,116.1,0.414,4
-117.322015,33.978326,115.04,0.47,4
-117.321711,33.978326,113.96,0.536,4
-117.321406,33.978326,113.28,0.652,4
-117.321102,33.978326,113.4,0.549,4
-117.320798,33.978326,113.77,0.274,4
-117.320494,33.978326,113.31,0.328,4
-117.320189,33.978326,112.62,0.496,4
-117.319885,33.978326,112.16,0.536,4
-117.319581,33.978326,111.56,0.562,4
-117.319276,33.978326,111.07,0.594,4
-117.318972,33.978326,110.84,0.63,4
-117.318668,33.978326,111.18,0.669,4
-117.318364,33.978326,112.13,0.592,4
-117.318059,33.978326,113.34,0.413,4
-117.317755,33.978326,114.76,0.33,4
-117.317451,33.978326,116.44,0.314,4
-117.317147,33.978326,117.85,0.351,4
-117.316842,33.978326,118.84,0.281,4
-117.316538,33.978326,119.45,0.227,4
-117.316234,33.978326,119.71,0.28,4
-117.31593,33.978326,119.76,0.33,4
-117.315625,33.978326,119.49,0.321,4
-117.315321,33.978326,119.11,0.372,4
-117.315017,33.978326,119.01,0.388,4
-117.314712,33.978326,119.42,0.359,4
-117.314408,33.978326,121.38,0.372,3
-117.314104,33.978326,122.85,0.365,4
-117.3138,33.978326,124.13,0.299,4
-117.313495,33.978326,126.22,0.231,4
-117.313191,33.978326,128.38,0.198,4
-117.312887,33.978326,130.53,0.194,4
-117.312583,33.978326,131.97,0.189,4
-117.312278,33.978326,133.12,0.194,4
-117.311974,33.978326,134.01,0.206,4
-117.31167,33.978326,134.58,0.215,4
-117.311366,33.978326,134.73,0.211,4
-117.311061,33.978326,134.37,0.201,4
-117.310757,33.978326,133.55,0.201,4
-117.310453,33.978326,132.56,0.197,4
-117.310148,33.978326,131.45,0.198,4
-117.309844,33.978326,131.92,0.2,3
-117.30954,33.978326,131.86,0.201,3
-117.309236,33.978326,131.02,0.19,3
-117.308931,33.978326,130.49,0.168,3
-117.308627,33.978326,130.37,0.153,3
-117.353963,33.978021,125.43,0.287,3
-117.353659,33.978021,125.25,0.263,3
-117.353354,33.978021,124.97,0.218,3
-117.35305,33.978021,124.68,0.237,3
-117.352746,33.978021,124.33,0.292,3
-117.352442,33.978021,124.04,0.314,3
-117.352137,33.978021,123.95,0.305,3
-117.351833,33.978021,124.09,0.294,3
-117.351529,33.978021,124.37,0.274,3
-117.351224,33.978021,124.92,0.267,3
-117.35092,33.978021,125.8,0.318,3
-117.350616,33.978021,126.58,0.262,3
-117.350312,33.978021,127.33,0.226,3
-117.350007,33.978021,128,0.253,3
-117.349703,33.978021,128.48,0.185,3
-117.349399,33.978021,128.53,0.109,3
-117.349095,33.978021,127.95,0.075,3
-117.34879,33.978021,126.7,0.161,3
-117.348486,33.978021,125.27,0.125,3
-117.348182,33.978021,124.1,0.054,3
-117.347878,33.978021,123.39,0.03,3
-117.347573,33.978021,123,0.054,3
-117.347269,33.978021,122.88,0.153,3
-117.346965,33.978021,123.21,0.217,3
-117.34666,33.978021,123.92,0.141,3
-117.346356,33.978021,124.72,0.138,3
-117.346052,33.978021,125.25,0.144,3
-117.345748,33.978021,125.5,0.147,3
-117.345443,33.978021,125.26,0.16,3
-117.345139,33.978021,124.68,0.154,3
-117.344835,33.978021,123.84,0.167,3
-117.344531,33.978021,122.47,0.13,3
-117.344226,33.978021,120.75,0.108,3
-117.343922,33.978021,118.91,0.046,3
-117.343618,33.978021,117.33,0.076,3
-117.343314,33.978021,115.26,0.078,3
-117.343009,33.978021,113.77,0.048,3
-117.342705,33.978021,114.08,0.119,3
-117.342401,33.978021,115.74,0.197,3
-117.342096,33.978021,117.98,0.185,3
-117.341792,33.978021,120.43,0.213,3
-117.341488,33.978021,121.8,0.204,3
-117.341184,33.978021,121.73,0.174,3
-117.340879,33.978021,121.25,0.179,3
-117.340575,33.978021,120.86,0.137,3
-117.340271,33.978021,120.91,0.097,3
-117.339967,33.978021,121.48,0.226,3
-117.339662,33.978021,121.77,0.154,3
-117.339358,33.978021,121.77,0.139,3
-117.339054,33.978021,121.34,0.118,3
-117.33875,33.978021,120.85,0.085,3
-117.338445,33.978021,120.49,0.113,3
-117.338141,33.978021,120.35,0.128,3
-117.337837,33.978021,120.54,0.08,3
-117.337532,33.978021,121.1,0.057,3
-117.337228,33.978021,121.87,0.1,3
-117.336924,33.978021,122.58,0.135,3
-117.33662,33.978021,123.1,0.154,3
-117.336315,33.978021,123.52,0.153,3
-117.336011,33.978021,123.9,0.132,3
-117.335707,33.978021,124.36,0.132,3
-117.335403,33.978021,125.03,0.113,3
-117.335098,33.978021,125.65,0.105,3
-117.334794,33.978021,125.07,0.153,3
-117.33449,33.978021,124.47,0.172,3
-117.334186,33.978021,123.54,0.128,3
-117.333881,33.978021,122.48,0.199,3
-117.333577,33.978021,122.8,0.292,3
-117.333273,33.978021,124.01,0.259,3
-117.332968,33.978021,125.19,0.189,3
-117.332664,33.978021,125.9,0.165,3
-117.33236,33.978021,125.81,0.159,3
-117.332056,33.978021,125.32,0.246,3
-117.331751,33.978021,124.43,0.365,3
-117.331447,33.978021,124.03,0.308,3
-117.331143,33.978021,124.22,0.275,3
-117.330839,33.978021,124.25,0.318,3
-117.330534,33.978021,124.5,0.159,3
-117.33023,33.978021,124.4,0.067,3
-117.329926,33.978021,123.41,0.234,3
-117.329622,33.978021,122.32,0.472,3
-117.329317,33.978021,121.91,0.393,3
-117.329013,33.978021,121.52,0.351,3
-117.328709,33.978021,121.17,0.337,3
-117.328404,33.978021,121.15,0.185,3
-117.3281,33.978021,121.23,0.083,3
-117.327796,33.978021,120.35,0.202,3
-117.327492,33.978021,118.07,0.387,3
-117.327187,33.978021,115.93,0.525,3
-117.326883,33.978021,114.86,0.589,3
-117.326579,33.978021,114.26,0.56,3
-117.326275,33.978021,114.01,0.472,3
-117.32597,33.978021,114.58,0.334,3
-117.325666,33.978021,116.01,0.256,3
-117.325362,33.978021,116.38,0.346,3
-117.325058,33.978021,116.41,0.26,3
-117.324753,33.978021,116.88,0.091,3
-117.324449,33.978021,117.19,0.054,3
-117.324145,33.978021,117.23,0.179,3
-117.32384,33.978021,116.41,0.359,4
-117.323536,33.978021,115.97,0.443,4
-117.323232,33.978021,116.38,0.461,4
-117.322928,33.978021,116.18,0.467,4
-117.322623,33.978021,115.22,0.412,4
-117.322319,33.978021,114.56,0.421,4
-117.322015,33.978021,113.34,0.542,4
-117.321711,33.978021,112.46,0.63,4
-117.321406,33.978021,112.43,0.591,4
-117.321102,33.978021,112.91,0.514,4
-117.320798,33.978021,114.14,0.247,4
-117.320494,33.978021,114.22,0.213,4
-117.320189,33.978021,113.84,0.245,4
-117.319885,33.978021,113.54,0.235,4
-117.319581,33.978021,112.96,0.311,4
-117.319276,33.978021,112.37,0.423,4
-117.318972,33.978021,111.68,0.477,4
-117.318668,33.978021,111.55,0.494,4
-117.318364,33.978021,112.37,0.441,4
-117.318059,33.978021,113.72,0.378,4
-117.317755,33.978021,115.47,0.415,4
-117.317451,33.978021,117.13,0.349,4
-117.317147,33.978021,118.55,0.314,4
-117.316842,33.978021,119.62,0.214,4
-117.316538,33.978021,120.3,0.221,4
-117.316234,33.978021,120.62,0.283,4
-117.31593,33.978021,120.72,0.365,4
-117.315625,33.978021,120.32,0.318,4
-117.315321,33.978021,119.75,0.341,4
-117.315017,33.978021,119.38,0.331,4
-117.314712,33.978021,119.71,0.359,4
-117.314408,33.978021,120.81,0.405,4
-117.314104,33.978021,122.45,0.355,4
-117.3138,33.978021,124.43,0.253,4
-117.313495,33.978021,126.5,0.203,4
-117.313191,33.978021,128.45,0.197,4
-117.312887,33.978021,130.21,0.196,4
-117.312583,33.978021,131.67,0.191,4
-117.312278,33.978021,132.8,0.188,4
-117.311974,33.978021,133.57,0.2,4
-117.31167,33.978021,134,0.213,4
-117.311366,33.978021,134.14,0.217,4
-117.311061,33.978021,133.95,0.213,4
-117.310757,33.978021,133.31,0.199,4
-117.310453,33.978021,132.38,0.192,4
-117.310148,33.978021,132.24,0.196,3
-117.309844,33.978021,132.32,0.199,3
-117.30954,33.978021,131.77,0.193,3
-117.309236,33.978021,130.88,0.185,3
-117.308931,33.978021,130.22,0.176,3
-117.308627,33.978021,129.67,0.165,3
-117.308323,33.978021,128.87,0.16,3
-117.353963,33.977717,125.52,0.292,3
-117.353659,33.977717,125.39,0.275,3
-117.353354,33.977717,125.22,0.261,3
-117.35305,33.977717,125.12,0.257,3
-117.352746,33.977717,125,0.233,3
-117.352442,33.977717,124.9,0.213,3
-117.352137,33.977717,124.91,0.235,3
-117.351833,33.977717,125.02,0.285,3
-117.351529,33.977717,125.19,0.29,3
-117.351224,33.977717,125.55,0.217,3
-117.35092,33.977717,126.12,0.213,3
-117.350616,33.977717,126.59,0.203,3
-117.350312,33.977717,127.05,0.18,3
-117.350007,33.977717,127.62,0.364,3
-117.349703,33.977717,128.05,0.201,3
-117.349399,33.977717,128.14,0.151,3
-117.349095,33.977717,127.79,0.094,3
-117.34879,33.977717,126.83,0.184,3
-117.348486,33.977717,125.79,0.135,3
-117.348182,33.977717,124.91,0.06,3
-117.347878,33.977717,124.06,0.046,3
-117.347573,33.977717,123.41,0.079,3
-117.347269,33.977717,123.18,0.183,3
-117.346965,33.977717,123.48,0.234,3
-117.34666,33.977717,124.31,0.117,3
-117.346356,33.977717,125.19,0.088,3
-117.346052,33.977717,125.77,0.079,3
-117.345748,33.977717,126.58,0.077,3
-117.345443,33.977717,126.32,0.111,3
-117.345139,33.977717,125.86,0.076,3
-117.344835,33.977717,124.71,0.083,3
-117.344531,33.977717,123.54,0.069,3
-117.344226,33.977717,122.25,0.139,3
-117.343922,33.977717,121.04,0.099,3
-117.343618,33.977717,120.06,0.112,3
-117.343314,33.977717,118.92,0.145,3
-117.343009,33.977717,118.14,0.151,3
-117.342705,33.977717,118.31,0.193,3
-117.342401,33.977717,119.31,0.209,3
-117.342096,33.977717,120.77,0.172,3
-117.341792,33.977717,122.19,0.213,3
-117.341488,33.977717,122.79,0.207,3
-117.341184,33.977717,122.6,0.198,3
-117.340879,33.977717,122.29,0.188,3
-117.340575,33.977717,122.05,0.197,3
-117.340271,33.977717,122.23,0.165,3
-117.339967,33.977717,122.51,0.186,3
-117.339662,33.977717,122.85,0.187,3
-117.339358,33.977717,122.9,0.171,3
-117.339054,33.977717,122.17,0.157,3
-117.33875,33.977717,121.58,0.125,3
-117.338445,33.977717,121.16,0.113,3
-117.338141,33.977717,120.97,0.129,3
-117.337837,33.977717,120.95,0.113,3
-117.337532,33.977717,120.97,0.065,3
-117.337228,33.977717,121.27,0.057,3
-117.336924,33.977717,121.8,0.097,3
-117.33662,33.977717,122.38,0.135,3
-117.336315,33.977717,122.96,0.15,3
-117.336011,33.977717,123.53,0.117,3
-117.335707,33.977717,124.67,0.109,3
-117.335403,33.977717,125.43,0.149,3
-117.335098,33.977717,126.19,0.134,3
-117.334794,33.977717,125.33,0.168,3
-117.33449,33.977717,124.51,0.23,3
-117.334186,33.977717,123.49,0.209,3
-117.333881,33.977717,120.93,0.203,4
-117.333577,33.977717,120.59,0.276,3
-117.333273,33.977717,122.58,0.337,3
-117.332968,33.977717,124.2,0.313,3
-117.332664,33.977717,124.73,0.218,3
-117.33236,33.977717,124.75,0.162,3
-117.332056,33.977717,124.35,0.3,3
-117.331751,33.977717,123.6,0.485,3
-117.331447,33.977717,123.3,0.29,3
-117.331143,33.977717,123.48,0.275,3
-117.330839,33.977717,124.18,0.277,3
-117.330534,33.977717,124.55,0.183,3
-117.33023,33.977717,125.06,0.073,3
-117.329926,33.977717,124.97,0.164,3
-117.329622,33.977717,124.43,0.254,3
-117.329317,33.977717,123.92,0.249,3
-117.329013,33.977717,123.19,0.292,3
-117.328709,33.977717,122.36,0.328,3
-117.328404,33.977717,121.77,0.203,3
-117.3281,33.977717,121.39,0.116,3
-117.327796,33.977717,120.48,0.261,3
-117.327492,33.977717,118.61,0.426,3
-117.327187,33.977717,116.75,0.504,3
-117.326883,33.977717,115.52,0.61,3
-117.326579,33.977717,114.4,0.639,3
-117.326275,33.977717,114,0.518,3
-117.32597,33.977717,113.84,0.417,3
-117.325666,33.977717,114.53,0.318,3
-117.325362,33.977717,115.4,0.422,3
-117.325058,33.977717,115.31,0.281,3
-117.324753,33.977717,115.89,0.086,3
-117.324449,33.977717,116.32,0.063,3
-117.324145,33.977717,116.35,0.237,3
-117.32384,33.977717,115.52,0.432,4
-117.323536,33.977717,115.04,0.503,4
-117.323232,33.977717,115.41,0.493,4
-117.322928,33.977717,115.21,0.468,4
-117.322623,33.977717,114.16,0.432,4
-117.322319,33.977717,113.18,0.485,4
-117.322015,33.977717,112.12,0.607,4
-117.321711,33.977717,111.66,0.684,4
-117.321406,33.977717,112.06,0.512,4
-117.321102,33.977717,112.81,0.434,4
-117.320798,33.977717,114.58,0.293,4
-117.320494,33.977717,114.94,0.214,4
-117.320189,33.977717,114.78,0.183,4
-117.319885,33.977717,114.59,0.184,4
-117.319581,33.977717,114.19,0.282,4
-117.319276,33.977717,113.78,0.359,4
-117.318972,33.977717,112.87,0.35,4
-117.318668,33.977717,112.44,0.337,4
-117.318364,33.977717,113.19,0.347,4
-117.318059,33.977717,114.65,0.386,4
-117.317755,33.977717,116.67,0.484,4
-117.317451,33.977717,118.21,0.497,4
-117.317147,33.977717,119.54,0.398,4
-117.316842,33.977717,120.63,0.256,4
-117.316538,33.977717,121.44,0.225,4
-117.316234,33.977717,121.81,0.292,4
-117.31593,33.977717,121.97,0.363,4
-117.315625,33.977717,121.63,0.278,4
-117.315321,33.977717,121.08,0.303,4
-117.315017,33.977717,120.5,0.33,4
-117.314712,33.977717,120.45,0.37,4
-117.314408,33.977717,121.05,0.438,4
-117.314104,33.977717,122.34,0.402,4
-117.3138,33.977717,124.1,0.284,4
-117.313495,33.977717,126.01,0.214,4
-117.313191,33.977717,127.77,0.2,4
-117.312887,33.977717,129.21,0.198,4
-117.312583,33.977717,130.84,0.195,4
-117.312278,33.977717,132.19,0.192,4
-117.311974,33.977717,133.07,0.196,4
-117.31167,33.977717,133.53,0.207,4
-117.311366,33.977717,133.64,0.236,4
-117.311061,33.977717,133.49,0.223,4
-117.310757,33.977717,132.97,0.203,4
-117.310453,33.977717,132.11,0.198,4
-117.310148,33.977717,132.69,0.197,3
-117.309844,33.977717,132.42,0.187,3
-117.30954,33.977717,131.43,0.182,3
-117.309236,33.977717,130.46,0.19,3
-117.308931,33.977717,129.67,0.179,3
-117.308627,33.977717,128.97,0.163,3
-117.308323,33.977717,128.42,0.173,3
-117.353963,33.977413,125.39,0.305,3
-117.353659,33.977413,125.21,0.295,3
-117.353354,33.977413,124.99,0.216,3
-117.35305,33.977413,124.92,0.195,3
-117.352746,33.977413,124.94,0.215,3
-117.352442,33.977413,125.02,0.279,3
-117.352137,33.977413,125.15,0.309,3
-117.351833,33.977413,125.31,0.261,3
-117.351529,33.977413,125.49,0.258,3
-117.351224,33.977413,125.78,0.245,3
-117.35092,33.977413,126.2,0.299,3
-117.350616,33.977413,126.44,0.213,3
-117.350312,33.977413,126.53,0.095,3
-117.350007,33.977413,126.71,0.218,3
-117.349703,33.977413,126.9,0.107,3
-117.349399,33.977413,127,0.095,3
-117.349095,33.977413,126.94,0.076,3
-117.34879,33.977413,126.47,0.118,3
-117.348486,33.977413,125.94,0.122,3
-117.348182,33.977413,125.41,0.086,3
-117.347878,33.977413,124.74,0.087,3
-117.347573,33.977413,124.16,0.147,3
-117.347269,33.977413,123.91,0.225,3
-117.346965,33.977413,124.15,0.26,3
-117.34666,33.977413,124.95,0.224,3
-117.346356,33.977413,125.82,0.181,3
-117.346052,33.977413,126.41,0.172,3
-117.345748,33.977413,127.32,0.205,3
-117.345443,33.977413,127.21,0.214,3
-117.345139,33.977413,126.92,0.097,3
-117.344835,33.977413,125.9,0.065,3
-117.344531,33.977413,124.93,0.108,3
-117.344226,33.977413,123.88,0.186,3
-117.343922,33.977413,123.15,0.166,3
-117.343618,33.977413,122.58,0.162,3
-117.343314,33.977413,122.16,0.205,3
-117.343009,33.977413,121.85,0.217,3
-117.342705,33.977413,121.76,0.19,3
-117.342401,33.977413,122.15,0.168,3
-117.342096,33.977413,122.9,0.169,3
-117.341792,33.977413,123.53,0.207,3
-117.341488,33.977413,123.61,0.24,3
-117.341184,33.977413,123.4,0.21,3
-117.340879,33.977413,123.15,0.201,3
-117.340575,33.977413,123.01,0.256,3
-117.340271,33.977413,123.1,0.224,3
-117.339967,33.977413,123.23,0.197,3
-117.339662,33.977413,123.46,0.162,3
-117.339358,33.977413,123.59,0.144,3
-117.339054,33.977413,123.08,0.165,3
-117.33875,33.977413,122.63,0.174,3
-117.338445,33.977413,122.24,0.11,3
-117.338141,33.977413,121.85,0.051,3
-117.337837,33.977413,121.4,0.065,3
-117.337532,33.977413,120.95,0.081,3
-117.337228,33.977413,120.87,0.053,3
-117.336924,33.977413,121.17,0.056,3
-117.33662,33.977413,121.68,0.117,3
-117.336315,33.977413,122.28,0.187,3
-117.336011,33.977413,122.88,0.183,3
-117.335707,33.977413,123.98,0.15,3
-117.335403,33.977413,124.62,0.193,3
-117.335098,33.977413,125.34,0.146,3
-117.334794,33.977413,124.55,0.198,3
-117.33449,33.977413,123.42,0.299,3
-117.334186,33.977413,122.23,0.328,3
-117.333881,33.977413,119.72,0.314,4
-117.333577,33.977413,118.76,0.286,4
-117.333273,33.977413,120.87,0.325,4
-117.332968,33.977413,123.2,0.324,3
-117.332664,33.977413,123.91,0.189,3
-117.33236,33.977413,124.02,0.114,3
-117.332056,33.977413,123.6,0.221,3
-117.331751,33.977413,123.07,0.364,3
-117.331447,33.977413,122.83,0.25,3
-117.331143,33.977413,122.91,0.266,3
-117.330839,33.977413,123.59,0.301,3
-117.330534,33.977413,124.06,0.233,3
-117.33023,33.977413,125.45,0.166,3
-117.329926,33.977413,126.62,0.137,3
-117.329622,33.977413,126.74,0.134,3
-117.329317,33.977413,126.04,0.175,3
-117.329013,33.977413,124.66,0.216,3
-117.328709,33.977413,123.17,0.214,3
-117.328404,33.977413,121.89,0.145,3
-117.3281,33.977413,120.84,0.142,3
-117.327796,33.977413,119.68,0.289,3
-117.327492,33.977413,118.07,0.418,3
-117.327187,33.977413,116.38,0.468,3
-117.326883,33.977413,114.77,0.614,3
-117.326579,33.977413,113.26,0.689,3
-117.326275,33.977413,112.45,0.621,3
-117.32597,33.977413,112.2,0.549,3
-117.325666,33.977413,112.69,0.549,3
-117.325362,33.977413,113.67,0.579,3
-117.325058,33.977413,113.78,0.449,3
-117.324753,33.977413,114.68,0.261,3
-117.324449,33.977413,115.51,0.231,3
-117.324145,33.977413,115.8,0.369,3
-117.32384,33.977413,116.15,0.496,3
-117.323536,33.977413,115.65,0.526,3
-117.323232,33.977413,114.87,0.49,4
-117.322928,33.977413,114.55,0.446,4
-117.322623,33.977413,113.3,0.487,4
-117.322319,33.977413,112.14,0.638,4
-117.322015,33.977413,111.46,0.705,4
-117.321711,33.977413,111.47,0.665,4
-117.321406,33.977413,112.21,0.414,4
-117.321102,33.977413,113.11,0.25,4
-117.320798,33.977413,114.6,0.214,4
-117.320494,33.977413,114.94,0.223,4
-117.320189,33.977413,114.9,0.283,4
-117.319885,33.977413,114.9,0.347,4
-117.319581,33.977413,114.73,0.314,4
-117.319276,33.977413,114.55,0.267,4
-117.318972,33.977413,113.81,0.253,4
-117.318668,33.977413,113.44,0.279,4
-117.318364,33.977413,114.18,0.323,4
-117.318059,33.977413,115.67,0.358,4
-117.317755,33.977413,117.73,0.413,4
-117.317451,33.977413,119.19,0.473,4
-117.317147,33.977413,120.45,0.429,4
-117.316842,33.977413,121.46,0.338,4
-117.316538,33.977413,122.34,0.225,4
-117.316234,33.977413,122.9,0.228,4
-117.31593,33.977413,123.3,0.319,4
-117.315625,33.977413,123.08,0.267,4
-117.315321,33.977413,122.62,0.26,4
-117.315017,33.977413,121.96,0.27,4
-117.314712,33.977413,121.56,0.286,4
-117.314408,33.977413,121.5,0.319,4
-117.314104,33.977413,122.05,0.312,4
-117.3138,33.977413,123.26,0.253,4
-117.313495,33.977413,124.9,0.207,4
-117.313191,33.977413,126.53,0.2,4
-117.312887,33.977413,127.95,0.197,4
-117.312583,33.977413,129.79,0.198,4
-117.312278,33.977413,131.44,0.198,4
-117.311974,33.977413,132.64,0.201,4
-117.31167,33.977413,133.28,0.227,4
-117.311366,33.977413,133.38,0.251,4
-117.311061,33.977413,133.13,0.216,4
-117.310757,33.977413,132.59,0.204,4
-117.310453,33.977413,131.79,0.203,4
-117.310148,33.977413,132.31,0.198,3
-117.309844,33.977413,131.95,0.189,3
-117.30954,33.977413,130.88,0.187,3
-117.309236,33.977413,129.8,0.195,3
-117.308931,33.977413,128.9,0.173,3
-117.308627,33.977413,128.1,0.155,3
-117.308323,33.977413,127.23,0.186,3
-117.308019,33.977413,126.46,0.193,3
-117.353963,33.977109,125.22,0.287,3
-117.353659,33.977109,124.95,0.275,3
-117.353354,33.977109,124.61,0.181,3
-117.35305,33.977109,124.46,0.155,3
-117.352746,33.977109,124.48,0.229,3
-117.352442,33.977109,124.61,0.325,3
-117.352137,33.977109,124.83,0.322,3
-117.351833,33.977109,125.09,0.254,3
-117.351529,33.977109,125.38,0.266,3
-117.351224,33.977109,125.74,0.283,3
-117.35092,33.977109,126.12,0.342,3
-117.350616,33.977109,126.27,0.259,3
-117.350312,33.977109,126.16,0.129,3
-117.350007,33.977109,126.02,0.166,3
-117.349703,33.977109,125.95,0.097,3
-117.349399,33.977109,126.08,0.083,3
-117.349095,33.977109,126.23,0.089,3
-117.34879,33.977109,126.13,0.11,3
-117.348486,33.977109,126.01,0.124,3
-117.348182,33.977109,125.81,0.096,3
-117.347878,33.977109,125.41,0.082,3
-117.347573,33.977109,124.98,0.101,3
-117.347269,33.977109,124.7,0.128,3
-117.346965,33.977109,124.67,0.153,3
-117.34666,33.977109,125.07,0.161,3
-117.346356,33.977109,125.62,0.167,3
-117.346052,33.977109,126.16,0.215,3
-117.345748,33.977109,127.28,0.261,3
-117.345443,33.977109,127.45,0.232,3
-117.345139,33.977109,127.46,0.08,3
-117.344835,33.977109,126.77,0.051,3
-117.344531,33.977109,126.15,0.119,3
-117.344226,33.977109,125.46,0.213,3
-117.343922,33.977109,125.08,0.221,3
-117.343618,33.977109,124.84,0.201,3
-117.343314,33.977109,124.66,0.207,3
-117.343009,33.977109,124.43,0.215,3
-117.342705,33.977109,124.24,0.206,3
-117.342401,33.977109,124.29,0.216,3
-117.342096,33.977109,124.49,0.243,3
-117.341792,33.977109,124.59,0.239,3
-117.341488,33.977109,124.36,0.238,3
-117.341184,33.977109,124.13,0.242,3
-117.340879,33.977109,123.89,0.227,3
-117.340575,33.977109,123.76,0.168,3
-117.340271,33.977109,123.72,0.186,3
-117.339967,33.977109,123.67,0.295,3
-117.339662,33.977109,123.82,0.216,3
-117.339358,33.977109,124.04,0.131,3
-117.339054,33.977109,123.76,0.162,3
-117.33875,33.977109,123.56,0.196,3
-117.338445,33.977109,123.37,0.143,3
-117.338141,33.977109,122.93,0.067,3
-117.337837,33.977109,122.18,0.041,3
-117.337532,33.977109,121.4,0.053,3
-117.337228,33.977109,121.03,0.063,3
-117.336924,33.977109,121.07,0.053,3
-117.33662,33.977109,121.03,0.073,3
-117.336315,33.977109,120.27,0.209,4
-117.336011,33.977109,122.18,0.342,3
-117.335707,33.977109,123.13,0.235,3
-117.335403,33.977109,123.6,0.345,3
-117.335098,33.977109,124.1,0.249,3
-117.334794,33.977109,123.02,0.244,3
-117.33449,33.977109,121.47,0.403,3
-117.334186,33.977109,120.27,0.477,3
-117.333881,33.977109,118,0.429,4
-117.333577,33.977109,117.16,0.299,4
-117.333273,33.977109,118.13,0.283,4
-117.332968,33.977109,119.26,0.305,4
-117.332664,33.977109,120.83,0.211,4
-117.33236,33.977109,122.5,0.157,3
-117.332056,33.977109,122.17,0.196,3
-117.331751,33.977109,121.88,0.247,3
-117.331447,33.977109,121.58,0.268,3
-117.331143,33.977109,121.57,0.238,3
-117.330839,33.977109,122.67,0.338,3
-117.330534,33.977109,123.33,0.301,3
-117.33023,33.977109,125.9,0.239,3
-117.329926,33.977109,126.97,0.304,3
-117.329622,33.977109,127.59,0.255,3
-117.329317,33.977109,127.39,0.256,3
-117.329013,33.977109,125.79,0.249,3
-117.328709,33.977109,123.48,0.225,3
-117.328404,33.977109,121.53,0.2,3
-117.3281,33.977109,120.29,0.172,3
-117.327796,33.977109,119.16,0.174,3
-117.327492,33.977109,117.62,0.207,3
-117.327187,33.977109,115.93,0.286,3
-117.326883,33.977109,113.84,0.539,3
-117.326579,33.977109,111.76,0.652,3
-117.326275,33.977109,110.65,0.721,3
-117.32597,33.977109,110.05,0.71,3
-117.325666,33.977109,111.11,0.759,3
-117.325362,33.977109,112.52,0.772,3
-117.325058,33.977109,112.64,0.751,3
-117.324753,33.977109,113.56,0.698,3
-117.324449,33.977109,114.52,0.646,3
-117.324145,33.977109,115.34,0.562,3
-117.32384,33.977109,116.58,0.486,3
-117.323536,33.977109,116.96,0.439,3
-117.323232,33.977109,116.5,0.39,3
-117.322928,33.977109,116.06,0.367,3
-117.322623,33.977109,115.14,0.427,3
-117.322319,33.977109,114.71,0.502,3
-117.322015,33.977109,114.35,0.526,3
-117.321711,33.977109,114.33,0.422,3
-117.321406,33.977109,112.54,0.251,4
-117.321102,33.977109,113.18,0.177,4
-117.320798,33.977109,114.36,0.259,4
-117.320494,33.977109,114.65,0.401,4
-117.320189,33.977109,114.71,0.33,4
-117.319885,33.977109,114.91,0.249,4
-117.319581,33.977109,114.95,0.189,4
-117.319276,33.977109,114.94,0.186,4
-117.318972,33.977109,114.33,0.25,4
-117.318668,33.977109,114.02,0.364,4
-117.318364,33.977109,114.82,0.391,4
-117.318059,33.977109,116.49,0.31,4
-117.317755,33.977109,118.77,0.31,4
-117.317451,33.977109,120.28,0.291,4
-117.317147,33.977109,121.44,0.245,4
-117.316842,33.977109,122.37,0.275,4
-117.316538,33.977109,123.22,0.189,4
-117.316234,33.977109,123.92,0.206,4
-117.31593,33.977109,124.61,0.311,4
-117.315625,33.977109,124.68,0.264,4
-117.315321,33.977109,124.42,0.23,4
-117.315017,33.977109,123.65,0.26,4
-117.314712,33.977109,122.9,0.201,4
-117.314408,33.977109,122.32,0.17,4
-117.314104,33.977109,122.2,0.203,4
-117.3138,33.977109,122.6,0.192,4
-117.313495,33.977109,123.58,0.164,4
-117.313191,33.977109,124.96,0.209,4
-117.312887,33.977109,126.34,0.239,4
-117.312583,33.977109,128.46,0.202,4
-117.312278,33.977109,130.43,0.205,4
-117.311974,33.977109,132.03,0.213,4
-117.31167,33.977109,133.1,0.227,4
-117.311366,33.977109,133.14,0.222,4
-117.311061,33.977109,132.66,0.217,4
-117.310757,33.977109,131.98,0.205,4
-117.310453,33.977109,131.19,0.2,4
-117.310148,33.977109,131.72,0.198,3
-117.309844,33.977109,131.34,0.193,3
-117.30954,33.977109,130.15,0.195,3
-117.309236,33.977109,128.85,0.193,3
-117.308931,33.977109,127.71,0.175,3
-117.308627,33.977109,126.77,0.169,3
-117.308323,33.977109,125.87,0.188,3
-117.308019,33.977109,125.27,0.195,3
-117.353963,33.976804,125.13,0.269,3
-117.353659,33.976804,124.89,0.248,3
-117.353354,33.976804,124.54,0.218,3
-117.35305,33.976804,124.32,0.25,3
-117.352746,33.976804,124.24,0.309,3
-117.352442,33.976804,124.29,0.32,3
-117.352137,33.976804,124.47,0.291,3
-117.351833,33.976804,124.77,0.294,3
-117.351529,33.976804,125.2,0.341,3
-117.351224,33.976804,125.71,0.348,3
-117.35092,33.976804,126.12,0.311,3
-117.350616,33.976804,126.19,0.269,3
-117.350312,33.976804,126.04,0.254,3
-117.350007,33.976804,125.87,0.256,3
-117.349703,33.976804,125.72,0.234,3
-117.349399,33.976804,125.8,0.211,3
-117.349095,33.976804,125.99,0.267,3
-117.34879,33.976804,126.03,0.22,3
-117.348486,33.976804,126.1,0.161,3
-117.348182,33.976804,126.13,0.108,3
-117.347878,33.976804,125.96,0.089,3
-117.347573,33.976804,125.69,0.084,3
-117.347269,33.976804,125.34,0.086,3
-117.346965,33.976804,124.86,0.092,3
-117.34666,33.976804,124.57,0.06,3
-117.346356,33.976804,124.61,0.098,3
-117.346052,33.976804,124.98,0.203,3
-117.345748,33.976804,126.26,0.237,3
-117.345443,33.976804,126.62,0.233,3
-117.345139,33.976804,126.95,0.07,3
-117.344835,33.976804,126.69,0.056,3
-117.344531,33.976804,126.58,0.126,3
-117.344226,33.976804,126.4,0.196,3
-117.343922,33.976804,126.33,0.152,3
-117.343618,33.976804,126.42,0.138,3
-117.343314,33.976804,126.51,0.143,3
-117.343009,33.976804,126.4,0.147,3
-117.342705,33.976804,126.14,0.146,3
-117.342401,33.976804,125.9,0.164,3
-117.342096,33.976804,125.71,0.227,3
-117.341792,33.976804,125.48,0.258,3
-117.341488,33.976804,125.15,0.226,3
-117.341184,33.976804,124.83,0.194,3
-117.340879,33.976804,124.42,0.196,3
-117.340575,33.976804,124.17,0.108,3
-117.340271,33.976804,123.99,0.163,3
-117.339967,33.976804,123.82,0.349,3
-117.339662,33.976804,123.86,0.293,3
-117.339358,33.976804,124.22,0.146,3
-117.339054,33.976804,124.29,0.157,3
-117.33875,33.976804,124.4,0.165,3
-117.338445,33.976804,124.27,0.143,3
-117.338141,33.976804,123.81,0.119,3
-117.337837,33.976804,123.06,0.078,3
-117.337532,33.976804,122.14,0.049,3
-117.337228,33.976804,121.5,0.082,3
-117.336924,33.976804,121.18,0.116,3
-117.33662,33.976804,120.59,0.067,3
-117.336315,33.976804,118.59,0.085,4
-117.336011,33.976804,119.5,0.223,4
-117.335707,33.976804,120.42,0.32,4
-117.335403,33.976804,120.59,0.462,4
-117.335098,33.976804,120.69,0.298,4
-117.334794,33.976804,119.17,0.234,4
-117.33449,33.976804,117.42,0.487,4
-117.334186,33.976804,116.32,0.593,4
-117.333881,33.976804,115.62,0.519,4
-117.333577,33.976804,115.5,0.426,4
-117.333273,33.976804,115.68,0.435,4
-117.332968,33.976804,116.23,0.46,4
-117.332664,33.976804,118.08,0.401,4
-117.33236,33.976804,120.21,0.343,3
-117.332056,33.976804,119.98,0.336,3
-117.331751,33.976804,119.9,0.347,3
-117.331447,33.976804,119.93,0.245,3
-117.331143,33.976804,120.17,0.237,3
-117.330839,33.976804,121.18,0.446,3
-117.330534,33.976804,122.41,0.413,3
-117.33023,33.976804,125.56,0.253,3
-117.329926,33.976804,126.57,0.328,3
-117.329622,33.976804,127.33,0.364,3
-117.329317,33.976804,125.88,0.308,4
-117.329013,33.976804,123.69,0.252,4
-117.328709,33.976804,122.23,0.249,3
-117.328404,33.976804,120.94,0.254,3
-117.3281,33.976804,119.8,0.184,3
-117.327796,33.976804,118.86,0.082,3
-117.327492,33.976804,117.29,0.072,3
-117.327187,33.976804,115.47,0.171,3
-117.326883,33.976804,113.05,0.45,3
-117.326579,33.976804,110.75,0.689,3
-117.326275,33.976804,109.74,0.754,3
-117.32597,33.976804,109.82,0.72,3
-117.325666,33.976804,110.87,0.721,3
-117.325362,33.976804,112.23,0.669,3
-117.325058,33.976804,112.51,0.62,3
-117.324753,33.976804,113.54,0.585,3
-117.324449,33.976804,114.89,0.484,3
-117.324145,33.976804,115.71,0.317,3
-117.32384,33.976804,116.55,0.322,3
-117.323536,33.976804,116.95,0.412,3
-117.323232,33.976804,116.54,0.408,3
-117.322928,33.976804,115.8,0.394,3
-117.322623,33.976804,115.02,0.423,3
-117.322319,33.976804,114.99,0.438,3
-117.322015,33.976804,115.03,0.435,3
-117.321711,33.976804,115.02,0.424,3
-117.321406,33.976804,115.05,0.387,3
-117.321102,33.976804,115.52,0.296,3
-117.320798,33.976804,114.42,0.328,4
-117.320494,33.976804,114.26,0.244,4
-117.320189,33.976804,114.38,0.205,4
-117.319885,33.976804,114.73,0.182,4
-117.319581,33.976804,114.92,0.151,4
-117.319276,33.976804,115.18,0.147,4
-117.318972,33.976804,114.62,0.189,4
-117.318668,33.976804,114.21,0.355,4
-117.318364,33.976804,115.16,0.475,4
-117.318059,33.976804,117.16,0.375,4
-117.317755,33.976804,119.8,0.285,4
-117.317451,33.976804,121.4,0.266,4
-117.317147,33.976804,122.4,0.236,4
-117.316842,33.976804,123.19,0.242,4
-117.316538,33.976804,123.89,0.17,4
-117.316234,33.976804,124.51,0.181,4
-117.31593,33.976804,125.24,0.235,4
-117.315625,33.976804,125.47,0.194,4
-117.315321,33.976804,125.35,0.199,4
-117.315017,33.976804,124.59,0.252,4
-117.314712,33.976804,123.62,0.218,4
-117.314408,33.976804,122.65,0.194,4
-117.314104,33.976804,122.09,0.257,4
-117.3138,33.976804,122.05,0.288,4
-117.313495,33.976804,122.44,0.247,4
-117.313191,33.976804,123.2,0.274,4
-117.312887,33.976804,124.5,0.327,4
-117.312583,33.976804,127.05,0.22,4
-117.312278,33.976804,129.64,0.202,4
-117.311974,33.976804,131.43,0.215,4
-117.31167,33.976804,132.3,0.21,4
-117.311366,33.976804,132.42,0.207,4
-117.311061,33.976804,131.82,0.204,4
-117.310757,33.976804,130.93,0.202,4
-117.310453,33.976804,130.37,0.198,4
-117.310148,33.976804,130.83,0.201,3
-117.309844,33.976804,130.36,0.202,3
-117.30954,33.976804,129.09,0.2,3
-117.309236,33.976804,127.48,0.196,3
-117.308931,33.976804,125.77,0.189,3
-117.308627,33.976804,124.43,0.187,3
-117.308323,33.976804,123.66,0.194,3
-117.308019,33.976804,123.39,0.206,3
-117.307714,33.976804,123.44,0.202,3
-117.353963,33.9765,125.25,0.291,3
-117.353659,33.9765,125.18,0.277,3
-117.353354,33.9765,125.02,0.239,3
-117.35305,33.9765,124.86,0.331,3
-117.352746,33.9765,124.7,0.357,3
-117.352442,33.9765,124.59,0.303,3
-117.352137,33.9765,124.62,0.282,3
-117.351833,33.9765,124.85,0.291,3
-117.351529,33.9765,125.28,0.349,3
-117.351224,33.9765,125.8,0.333,3
-117.35092,33.9765,126.23,0.281,3
-117.350616,33.9765,126.29,0.249,3
-117.350312,33.9765,126.19,0.259,3
-117.350007,33.9765,126.1,0.269,3
-117.349703,33.9765,125.98,0.338,3
-117.349399,33.9765,125.93,0.329,3
-117.349095,33.9765,125.98,0.477,3
-117.34879,33.9765,125.93,0.349,3
-117.348486,33.9765,125.98,0.196,3
-117.348182,33.9765,126.06,0.172,3
-117.347878,33.9765,125.99,0.239,3
-117.347573,33.9765,125.83,0.268,3
-117.347269,33.9765,125.41,0.234,3
-117.346965,33.9765,124.56,0.179,3
-117.34666,33.9765,123.78,0.097,3
-117.346356,33.9765,123.45,0.111,3
-117.346052,33.9765,123.72,0.153,3
-117.345748,33.9765,124.89,0.102,3
-117.345443,33.9765,125.3,0.17,3
-117.345139,33.9765,125.81,0.126,3
-117.344835,33.9765,125.89,0.093,3
-117.344531,33.9765,126.22,0.108,3
-117.344226,33.9765,126.45,0.18,3
-117.343922,33.9765,126.61,0.121,3
-117.343618,33.9765,126.82,0.124,3
-117.343314,33.9765,127.04,0.142,3
-117.343009,33.9765,127.04,0.145,3
-117.342705,33.9765,126.8,0.153,3
-117.342401,33.9765,126.52,0.164,3
-117.342096,33.9765,126.24,0.191,3
-117.341792,33.9765,125.92,0.203,3
-117.341488,33.9765,125.54,0.166,3
-117.341184,33.9765,125.14,0.151,3
-117.340879,33.9765,124.72,0.178,3
-117.340575,33.9765,124.28,0.094,3
-117.340271,33.9765,123.88,0.122,3
-117.339967,33.9765,123.53,0.307,3
-117.339662,33.9765,123.4,0.265,3
-117.339358,33.9765,123.82,0.196,3
-117.339054,33.9765,124.11,0.208,3
-117.33875,33.9765,124.38,0.171,3
-117.338445,33.9765,124.27,0.166,3
-117.338141,33.9765,123.85,0.212,3
-117.337837,33.9765,123.25,0.173,3
-117.337532,33.9765,122.48,0.085,3
-117.337228,33.9765,121.81,0.135,3
-117.336924,33.9765,121.22,0.246,3
-117.33662,33.9765,120.31,0.204,3
-117.336315,33.9765,117.92,0.111,4
-117.336011,33.9765,118.1,0.086,4
-117.335707,33.9765,118.88,0.249,4
-117.335403,33.9765,119,0.294,4
-117.335098,33.9765,118.79,0.285,4
-117.334794,33.9765,117.41,0.267,4
-117.33449,33.9765,116.29,0.337,4
-117.334186,33.9765,115.29,0.479,4
-117.333881,33.9765,114.51,0.599,4
-117.333577,33.9765,114.09,0.648,4
-117.333273,33.9765,113.99,0.658,4
-117.332968,33.9765,114.54,0.647,4
-117.332664,33.9765,115.4,0.616,4
-117.33236,33.9765,116.19,0.567,4
-117.332056,33.9765,117.08,0.521,3
-117.331751,33.9765,115.37,0.59,4
-117.331447,33.9765,115.27,0.522,4
-117.331143,33.9765,115.44,0.38,4
-117.330839,33.9765,116.58,0.611,4
-117.330534,33.9765,119.12,0.587,4
-117.33023,33.9765,122.61,0.436,4
-117.329926,33.9765,123.69,0.334,4
-117.329622,33.9765,124.14,0.335,4
-117.329317,33.9765,123.66,0.3,4
-117.329013,33.9765,121.99,0.231,4
-117.328709,33.9765,119.85,0.223,4
-117.328404,33.9765,117.92,0.24,4
-117.3281,33.9765,117.59,0.204,4
-117.327796,33.9765,118.14,0.133,3
-117.327492,33.9765,116.94,0.109,3
-117.327187,33.9765,115.3,0.252,3
-117.326883,33.9765,113.27,0.569,3
-117.326579,33.9765,111.11,0.679,3
-117.326275,33.9765,110.36,0.774,3
-117.32597,33.9765,110.52,0.758,3
-117.325666,33.9765,111.42,0.665,3
-117.325362,33.9765,112.49,0.458,3
-117.325058,33.9765,112.58,0.51,3
-117.324753,33.9765,113.57,0.497,3
-117.324449,33.9765,115.06,0.355,3
-117.324145,33.9765,115.4,0.314,3
-117.32384,33.9765,115.55,0.429,3
-117.323536,33.9765,115.92,0.556,3
-117.323232,33.9765,115.69,0.559,3
-117.322928,33.9765,114.91,0.465,3
-117.322623,33.9765,114.37,0.424,3
-117.322319,33.9765,114.53,0.449,3
-117.322015,33.9765,114.61,0.434,3
-117.321711,33.9765,114.8,0.483,3
-117.321406,33.9765,115.26,0.392,3
-117.321102,33.9765,115.64,0.199,3
-117.320798,33.9765,116.74,0.172,3
-117.320494,33.9765,114.83,0.16,4
-117.320189,33.9765,114.11,0.112,4
-117.319885,33.9765,114.33,0.108,4
-117.319581,33.9765,114.78,0.095,4
-117.319276,33.9765,116.62,0.075,3
-117.318972,33.9765,115.92,0.088,4
-117.318668,33.9765,114.17,0.245,4
-117.318364,33.9765,115.07,0.466,4
-117.318059,33.9765,117.57,0.442,4
-117.317755,33.9765,120.42,0.223,4
-117.317451,33.9765,121.9,0.233,4
-117.317147,33.9765,122.9,0.287,4
-117.316842,33.9765,123.51,0.258,4
-117.316538,33.9765,124.02,0.192,4
-117.316234,33.9765,124.43,0.139,4
-117.31593,33.9765,125.02,0.119,4
-117.315625,33.9765,125.22,0.112,4
-117.315321,33.9765,125.14,0.12,4
-117.315017,33.9765,124.38,0.158,4
-117.314712,33.9765,123.34,0.223,4
-117.314408,33.9765,122.3,0.242,4
-117.314104,33.9765,121.65,0.286,4
-117.3138,33.9765,121.45,0.371,4
-117.313495,33.9765,121.55,0.433,4
-117.313191,33.9765,121.97,0.447,4
-117.312887,33.9765,123.11,0.372,4
-117.312583,33.9765,125.86,0.257,4
-117.312278,33.9765,128.8,0.215,4
-117.311974,33.9765,130.51,0.212,4
-117.31167,33.9765,131.15,0.204,4
-117.311366,33.9765,131,0.197,4
-117.311061,33.9765,130.32,0.201,4
-117.310757,33.9765,129.24,0.217,4
-117.310453,33.9765,130.24,0.218,3
-117.310148,33.9765,129.89,0.209,3
-117.309844,33.9765,128.84,0.198,3
-117.30954,33.9765,127.57,0.198,3
-117.309236,33.9765,125.85,0.219,3
-117.308931,33.9765,123.94,0.232,3
-117.308627,33.9765,122.4,0.24,3
-117.308323,33.9765,121.5,0.28,3
-117.308019,33.9765,121.28,0.32,3
-117.307714,33.9765,121.31,0.347,3
-117.353963,33.976196,125.51,0.217,3
-117.353659,33.976196,125.71,0.246,3
-117.353354,33.976196,125.83,0.232,3
-117.35305,33.976196,125.81,0.29,3
-117.352746,33.976196,125.63,0.3,3
-117.352442,33.976196,125.41,0.275,3
-117.352137,33.976196,125.28,0.283,3
-117.351833,33.976196,125.39,0.232,3
-117.351529,33.976196,125.78,0.154,3
-117.351224,33.976196,126.26,0.147,3
-117.35092,33.976196,126.62,0.183,3
-117.350616,33.976196,126.68,0.155,3
-117.350312,33.976196,126.63,0.152,3
-117.350007,33.976196,126.61,0.243,3
-117.349703,33.976196,126.42,0.255,3
-117.349399,33.976196,126.22,0.265,3
-117.349095,33.976196,126.08,0.33,3
-117.34879,33.976196,125.83,0.27,3
-117.348486,33.976196,125.72,0.143,3
-117.348182,33.976196,125.68,0.088,3
-117.347878,33.976196,125.56,0.192,3
-117.347573,33.976196,125.36,0.293,3
-117.347269,33.976196,124.84,0.286,3
-117.346965,33.976196,123.9,0.246,3
-117.34666,33.976196,123.12,0.169,3
-117.346356,33.976196,122.93,0.122,3
-117.346052,33.976196,123.17,0.109,3
-117.345748,33.976196,124.12,0.012,3
-117.345443,33.976196,124.43,0.078,3
-117.345139,33.976196,124.88,0.111,3
-117.344835,33.976196,125.1,0.099,3
-117.344531,33.976196,125.61,0.134,3
-117.344226,33.976196,125.97,0.228,3
-117.343922,33.976196,126.21,0.289,3
-117.343618,33.976196,126.33,0.219,3
-117.343314,33.976196,126.41,0.132,3
-117.343009,33.976196,126.37,0.113,3
-117.342705,33.976196,126.2,0.126,3
-117.342401,33.976196,125.96,0.141,3
-117.342096,33.976196,125.72,0.172,3
-117.341792,33.976196,125.58,0.202,3
-117.341488,33.976196,125.39,0.166,3
-117.341184,33.976196,125.12,0.153,3
-117.340879,33.976196,124.81,0.191,3
-117.340575,33.976196,124.3,0.173,3
-117.340271,33.976196,123.7,0.156,3
-117.339967,33.976196,123.09,0.26,3
-117.339662,33.976196,122.84,0.194,3
-117.339358,33.976196,123.19,0.173,3
-117.339054,33.976196,123.41,0.165,3
-117.33875,33.976196,123.58,0.16,3
-117.338445,33.976196,123.46,0.134,3
-117.338141,33.976196,123.19,0.155,3
-117.337837,33.976196,122.82,0.192,3
-117.337532,33.976196,122.31,0.152,3
-117.337228,33.976196,121.82,0.132,3
-117.336924,33.976196,121.28,0.219,3
-117.33662,33.976196,120.34,0.236,3
-117.336315,33.976196,117.88,0.236,4
-117.336011,33.976196,117.7,0.129,4
-117.335707,33.976196,118.12,0.113,4
-117.335403,33.976196,118.13,0.194,4
-117.335098,33.976196,117.96,0.42,4
-117.334794,33.976196,116.73,0.457,4
-117.33449,33.976196,116.29,0.262,4
-117.334186,33.976196,115.53,0.338,4
-117.333881,33.976196,114.64,0.508,4
-117.333577,33.976196,114.04,0.538,4
-117.333273,33.976196,113.81,0.474,4
-117.332968,33.976196,114.17,0.443,4
-117.332664,33.976196,114.81,0.484,4
-117.33236,33.976196,114.97,0.536,4
-117.332056,33.976196,114.91,0.56,4
-117.331751,33.976196,114.69,0.631,4
-117.331447,33.976196,114.49,0.677,4
-117.331143,33.976196,114.51,0.346,4
-117.330839,33.976196,115.6,0.641,4
-117.330534,33.976196,118.05,0.653,4
-117.33023,33.976196,121.05,0.532,4
-117.329926,33.976196,121.97,0.428,4
-117.329622,33.976196,122.41,0.311,4
-117.329317,33.976196,121.56,0.257,4
-117.329013,33.976196,120.12,0.167,4
-117.328709,33.976196,118.43,0.13,4
-117.328404,33.976196,116.61,0.158,4
-117.3281,33.976196,115.25,0.166,4
-117.327796,33.976196,115.24,0.138,4
-117.327492,33.976196,116.06,0.136,3
-117.327187,33.976196,115.35,0.309,3
-117.326883,33.976196,113.88,0.608,3
-117.326579,33.976196,112.5,0.719,3
-117.326275,33.976196,111.73,0.722,3
-117.32597,33.976196,111.23,0.772,3
-117.325666,33.976196,112.22,0.676,3
-117.325362,33.976196,113.2,0.533,3
-117.325058,33.976196,113.36,0.49,3
-117.324753,33.976196,114.13,0.406,3
-117.324449,33.976196,115.09,0.385,3
-117.324145,33.976196,114.84,0.461,3
-117.32384,33.976196,114.57,0.53,3
-117.323536,33.976196,114.83,0.545,3
-117.323232,33.976196,114.81,0.484,3
-117.322928,33.976196,114.52,0.383,3
-117.322623,33.976196,114.73,0.325,3
-117.322319,33.976196,115.44,0.249,3
-117.322015,33.976196,115.57,0.298,3
-117.321711,33.976196,115.38,0.48,3
-117.321406,33.976196,115.8,0.379,3
-117.321102,33.976196,115.88,0.24,3
-117.320798,33.976196,116.55,0.274,3
-117.320494,33.976196,116.58,0.225,3
-117.320189,33.976196,114.86,0.193,4
-117.319885,33.976196,113.91,0.205,4
-117.319581,33.976196,115.02,0.168,3
-117.319276,33.976196,115.84,0.135,3
-117.318972,33.976196,115.61,0.129,3
-117.318668,33.976196,114.73,0.286,3
-117.318364,33.976196,115.04,0.496,4
-117.318059,33.976196,117.71,0.432,4
-117.317755,33.976196,120.14,0.235,4
-117.317451,33.976196,121.45,0.226,4
-117.317147,33.976196,122.59,0.25,4
-117.316842,33.976196,123.14,0.262,4
-117.316538,33.976196,123.54,0.206,4
-117.316234,33.976196,123.99,0.177,4
-117.31593,33.976196,124.46,0.206,4
-117.315625,33.976196,124.55,0.184,4
-117.315321,33.976196,124.38,0.185,4
-117.315017,33.976196,123.56,0.242,4
-117.314712,33.976196,122.55,0.267,4
-117.314408,33.976196,121.65,0.236,4
-117.314104,33.976196,121.17,0.261,4
-117.3138,33.976196,121.04,0.334,4
-117.313495,33.976196,121.1,0.391,4
-117.313191,33.976196,121.44,0.413,4
-117.312887,33.976196,122.53,0.339,4
-117.312583,33.976196,125.15,0.266,4
-117.312278,33.976196,127.78,0.231,4
-117.311974,33.976196,129.13,0.225,4
-117.31167,33.976196,129.45,0.215,4
-117.311366,33.976196,129.11,0.216,4
-117.311061,33.976196,129.18,0.221,4
-117.310757,33.976196,128.16,0.293,4
-117.310453,33.976196,128.31,0.304,3
-117.310148,33.976196,127.62,0.28,3
-117.309844,33.976196,126.61,0.26,3
-117.30954,33.976196,125.5,0.27,3
-117.309236,33.976196,124.05,0.316,3
-117.308931,33.976196,122.43,0.342,3
-117.308627,33.976196,121.01,0.387,3
-117.308323,33.976196,120.04,0.503,3
-117.308019,33.976196,119.68,0.548,3
-117.307714,33.976196,119.73,0.522,3
-117.30741,33.976196,119.58,0.486,3
-117.353963,33.975892,125.69,0.193,3
-117.353659,33.975892,126.08,0.194,3
-117.353354,33.975892,126.4,0.189,3
-117.35305,33.975892,126.64,0.178,3
-117.352746,33.975892,126.57,0.139,3
-117.352442,33.975892,126.32,0.113,3
-117.352137,33.975892,126.25,0.157,3
-117.351833,33.975892,126.43,0.176,3
-117.351529,33.975892,126.79,0.096,3
-117.351224,33.975892,127.16,0.118,3
-117.35092,33.975892,127.44,0.102,3
-117.350616,33.975892,127.48,0.106,3
-117.350312,33.975892,127.43,0.111,3
-117.350007,33.975892,127.27,0.138,3
-117.349703,33.975892,127.04,0.116,3
-117.349399,33.975892,126.8,0.129,3
-117.349095,33.975892,126.52,0.178,3
-117.34879,33.975892,126.28,0.168,3
-117.348486,33.975892,126.02,0.113,3
-117.348182,33.975892,125.77,0.099,3
-117.347878,33.975892,125.6,0.162,3
-117.347573,33.975892,125.36,0.251,3
-117.347269,33.975892,124.84,0.297,3
-117.346965,33.975892,124.07,0.257,3
-117.34666,33.975892,123.46,0.166,3
-117.346356,33.975892,123.38,0.171,3
-117.346052,33.975892,123.64,0.176,3
-117.345748,33.975892,123.73,0.115,3
-117.345443,33.975892,123.94,0.189,3
-117.345139,33.975892,124.15,0.172,3
-117.344835,33.975892,124.32,0.144,3
-117.344531,33.975892,124.71,0.152,3
-117.344226,33.975892,125.1,0.209,3
-117.343922,33.975892,125.55,0.234,3
-117.343618,33.975892,125.7,0.226,3
-117.343314,33.975892,125.63,0.175,3
-117.343009,33.975892,125.3,0.148,3
-117.342705,33.975892,124.86,0.174,3
-117.342401,33.975892,124.61,0.198,3
-117.342096,33.975892,124.55,0.203,3
-117.341792,33.975892,124.68,0.212,3
-117.341488,33.975892,124.76,0.218,3
-117.341184,33.975892,124.78,0.195,3
-117.340879,33.975892,124.83,0.187,3
-117.340575,33.975892,124.48,0.153,3
-117.340271,33.975892,123.99,0.122,3
-117.339967,33.975892,123.02,0.135,3
-117.339662,33.975892,122.7,0.15,3
-117.339358,33.975892,122.86,0.175,3
-117.339054,33.975892,122.96,0.204,3
-117.33875,33.975892,122.96,0.232,3
-117.338445,33.975892,122.71,0.175,3
-117.338141,33.975892,122.6,0.154,3
-117.337837,33.975892,122.55,0.217,3
-117.337532,33.975892,122.27,0.205,3
-117.337228,33.975892,122.07,0.169,3
-117.336924,33.975892,121.61,0.258,3
-117.33662,33.975892,120.4,0.169,3
-117.336315,33.975892,118.39,0.221,4
-117.336011,33.975892,117.92,0.22,4
-117.335707,33.975892,117.88,0.081,4
-117.335403,33.975892,117.68,0.074,4
-117.335098,33.975892,117.49,0.245,4
-117.334794,33.975892,117.22,0.304,4
-117.33449,33.975892,116.88,0.204,4
-117.334186,33.975892,116.2,0.345,4
-117.333881,33.975892,115.76,0.547,4
-117.333577,33.975892,115.36,0.588,4
-117.333273,33.975892,115.06,0.568,4
-117.332968,33.975892,115.31,0.556,4
-117.332664,33.975892,115.93,0.522,4
-117.33236,33.975892,116.32,0.511,4
-117.332056,33.975892,116.37,0.506,4
-117.331751,33.975892,116.17,0.545,4
-117.331447,33.975892,115.92,0.555,4
-117.331143,33.975892,115.85,0.325,4
-117.330839,33.975892,116.38,0.444,4
-117.330534,33.975892,118.39,0.494,4
-117.33023,33.975892,120.61,0.351,4
-117.329926,33.975892,121.28,0.236,4
-117.329622,33.975892,121.13,0.164,4
-117.329317,33.975892,120.23,0.149,4
-117.329013,33.975892,118.9,0.167,4
-117.328709,33.975892,117.32,0.207,4
-117.328404,33.975892,115.64,0.23,4
-117.3281,33.975892,114.37,0.237,4
-117.327796,33.975892,113.77,0.254,4
-117.327492,33.975892,114.05,0.275,4
-117.327187,33.975892,115.41,0.329,3
-117.326883,33.975892,115.5,0.426,3
-117.326579,33.975892,114.67,0.576,3
-117.326275,33.975892,114.22,0.574,3
-117.32597,33.975892,114,0.616,3
-117.325666,33.975892,114.41,0.696,3
-117.325362,33.975892,114.71,0.724,3
-117.325058,33.975892,114.85,0.6,3
-117.324753,33.975892,115.22,0.463,3
-117.324449,33.975892,115.79,0.421,3
-117.324145,33.975892,115.32,0.475,3
-117.32384,33.975892,114.4,0.594,3
-117.323536,33.975892,114.03,0.544,3
-117.323232,33.975892,114.05,0.342,3
-117.322928,33.975892,114.62,0.262,3
-117.322623,33.975892,116.13,0.264,3
-117.322319,33.975892,117.31,0.284,3
-117.322015,33.975892,117.77,0.346,3
-117.321711,33.975892,117.57,0.384,3
-117.321406,33.975892,117.42,0.248,3
-117.321102,33.975892,117.18,0.16,3
-117.320798,33.975892,116.7,0.187,3
-117.320494,33.975892,116.35,0.206,3
-117.320189,33.975892,116.02,0.328,3
-117.319885,33.975892,114.59,0.476,4
-117.319581,33.975892,113.87,0.519,4
-117.319276,33.975892,113.01,0.495,4
-117.318972,33.975892,112.6,0.444,4
-117.318668,33.975892,113.44,0.495,4
-117.318364,33.975892,115.43,0.55,4
-117.318059,33.975892,117.86,0.42,4
-117.317755,33.975892,119.43,0.318,4
-117.317451,33.975892,120.66,0.314,4
-117.317147,33.975892,121.75,0.338,4
-117.316842,33.975892,122.3,0.352,4
-117.316538,33.975892,122.69,0.21,4
-117.316234,33.975892,123.29,0.168,4
-117.31593,33.975892,123.67,0.234,4
-117.315625,33.975892,123.71,0.165,4
-117.315321,33.975892,123.43,0.169,4
-117.315017,33.975892,122.56,0.279,4
-117.314712,33.975892,121.64,0.325,4
-117.314408,33.975892,120.96,0.298,4
-117.314104,33.975892,120.69,0.322,4
-117.3138,33.975892,120.68,0.325,4
-117.313495,33.975892,120.81,0.267,4
-117.313191,33.975892,121.23,0.283,4
-117.312887,33.975892,122.3,0.315,4
-117.312583,33.975892,124.38,0.247,4
-117.312278,33.975892,126.18,0.217,4
-117.311974,33.975892,126.97,0.22,4
-117.31167,33.975892,126.96,0.211,4
-117.311366,33.975892,126.6,0.213,4
-117.311061,33.975892,128.23,0.214,3
-117.310757,33.975892,127.75,0.292,3
-117.310453,33.975892,126.56,0.319,3
-117.310148,33.975892,125.25,0.323,3
-117.309844,33.975892,124.12,0.317,3
-117.30954,33.975892,123.16,0.32,3
-117.309236,33.975892,122.22,0.305,3
-117.308931,33.975892,121.21,0.266,3
-117.308627,33.975892,120.2,0.296,3
-117.308323,33.975892,119.43,0.393,3
-117.308019,33.975892,119.12,0.401,3
-117.307714,33.975892,119.32,0.364,3
-117.30741,33.975892,119.09,0.321,3
-117.353963,33.975587,125.85,0.171,3
-117.353659,33.975587,126.28,0.178,3
-117.353354,33.975587,126.65,0.186,3
-117.35305,33.975587,126.95,0.164,3
-117.352746,33.975587,126.97,0.133,3
-117.352442,33.975587,126.82,0.116,3
-117.352137,33.975587,126.88,0.126,3
-117.351833,33.975587,127.12,0.146,3
-117.351529,33.975587,127.44,0.131,3
-117.351224,33.975587,127.76,0.128,3
-117.35092,33.975587,128.06,0.12,3
-117.350616,33.975587,128.15,0.13,3
-117.350312,33.975587,128.18,0.152,3
-117.350007,33.975587,128.02,0.193,3
-117.349703,33.975587,127.84,0.236,3
-117.349399,33.975587,127.61,0.229,3
-117.349095,33.975587,127.27,0.202,3
-117.34879,33.975587,126.93,0.147,3
-117.348486,33.975587,126.52,0.129,3
-117.348182,33.975587,126.12,0.139,3
-117.347878,33.975587,125.78,0.168,3
-117.347573,33.975587,125.39,0.241,3
-117.347269,33.975587,124.82,0.31,3
-117.346965,33.975587,124.17,0.293,3
-117.34666,33.975587,123.68,0.246,3
-117.346356,33.975587,123.61,0.281,3
-117.346052,33.975587,123.91,0.315,3
-117.345748,33.975587,124.03,0.242,3
-117.345443,33.975587,124.21,0.295,3
-117.345139,33.975587,124.08,0.334,3
-117.344835,33.975587,123.86,0.336,3
-117.344531,33.975587,123.97,0.334,3
-117.344226,33.975587,124.36,0.25,3
-117.343922,33.975587,125.07,0.212,3
-117.343618,33.975587,125.5,0.267,3
-117.343314,33.975587,125.52,0.29,3
-117.343009,33.975587,125.02,0.252,3
-117.342705,33.975587,124.29,0.211,3
-117.342401,33.975587,123.86,0.198,3
-117.342096,33.975587,123.87,0.213,3
-117.341792,33.975587,124.13,0.229,3
-117.341488,33.975587,124.4,0.258,3
-117.341184,33.975587,124.62,0.231,3
-117.340879,33.975587,124.88,0.19,3
-117.340575,33.975587,124.8,0.151,3
-117.340271,33.975587,124.6,0.104,3
-117.339967,33.975587,123.86,0.081,3
-117.339662,33.975587,123.6,0.131,3
-117.339358,33.975587,123.59,0.219,3
-117.339054,33.975587,123.41,0.234,3
-117.33875,33.975587,123.13,0.238,3
-117.338445,33.975587,122.72,0.259,3
-117.338141,33.975587,122.53,0.214,3
-117.337837,33.975587,122.49,0.154,3
-117.337532,33.975587,122.33,0.164,3
-117.337228,33.975587,121.99,0.202,3
-117.336924,33.975587,120.79,0.242,3
-117.33662,33.975587,119.28,0.185,4
-117.336315,33.975587,118.79,0.182,4
-117.336011,33.975587,118.23,0.211,4
-117.335707,33.975587,118.06,0.17,4
-117.335403,33.975587,117.72,0.084,4
-117.335098,33.975587,117.4,0.067,4
-117.334794,33.975587,117.03,0.123,4
-117.33449,33.975587,116.59,0.147,4
-117.334186,33.975587,115.92,0.238,4
-117.333881,33.975587,115.6,0.406,4
-117.333577,33.975587,115.28,0.494,4
-117.333273,33.975587,115.1,0.512,4
-117.332968,33.975587,115.62,0.481,4
-117.332664,33.975587,116.5,0.416,4
-117.33236,33.975587,117.01,0.426,4
-117.332056,33.975587,117.05,0.409,4
-117.331751,33.975587,116.75,0.342,4
-117.331447,33.975587,116.41,0.337,4
-117.331143,33.975587,116.38,0.333,4
-117.330839,33.975587,116.84,0.313,4
-117.330534,33.975587,118.4,0.238,4
-117.33023,33.975587,119.81,0.166,4
-117.329926,33.975587,120.24,0.113,4
-117.329622,33.975587,120.08,0.081,4
-117.329317,33.975587,119.4,0.093,4
-117.329013,33.975587,118.37,0.105,4
-117.328709,33.975587,116.98,0.107,4
-117.328404,33.975587,115.4,0.118,4
-117.3281,33.975587,114.25,0.191,4
-117.327796,33.975587,113.9,0.284,4
-117.327492,33.975587,114.08,0.263,4
-117.327187,33.975587,114.88,0.19,4
-117.326883,33.975587,116.6,0.202,3
-117.326579,33.975587,117.67,0.32,3
-117.326275,33.975587,117.54,0.298,3
-117.32597,33.975587,117.2,0.299,3
-117.325666,33.975587,117.16,0.422,3
-117.325362,33.975587,116.79,0.558,3
-117.325058,33.975587,116.27,0.528,3
-117.324753,33.975587,116,0.446,3
-117.324449,33.975587,115.96,0.366,3
-117.324145,33.975587,115.06,0.456,3
-117.32384,33.975587,114.25,0.652,3
-117.323536,33.975587,113.97,0.639,3
-117.323232,33.975587,113.99,0.461,3
-117.322928,33.975587,115.1,0.337,3
-117.322623,33.975587,117.33,0.197,3
-117.322319,33.975587,119.08,0.221,3
-117.322015,33.975587,119.58,0.389,3
-117.321711,33.975587,119.31,0.309,3
-117.321406,33.975587,118.98,0.288,3
-117.321102,33.975587,118.52,0.213,3
-117.320798,33.975587,117.73,0.219,3
-117.320494,33.975587,117.08,0.39,3
-117.320189,33.975587,116.52,0.487,3
-117.319885,33.975587,116.08,0.501,3
-117.319581,33.975587,115.8,0.543,3
-117.319276,33.975587,114.76,0.574,4
-117.318972,33.975587,113.39,0.543,4
-117.318668,33.975587,113.55,0.501,4
-117.318364,33.975587,115.66,0.431,4
-117.318059,33.975587,117.91,0.32,4
-117.317755,33.975587,119.22,0.299,4
-117.317451,33.975587,120.39,0.358,4
-117.317147,33.975587,121.28,0.433,4
-117.316842,33.975587,121.73,0.433,4
-117.316538,33.975587,122.16,0.216,4
-117.316234,33.975587,122.59,0.243,4
-117.31593,33.975587,122.95,0.259,4
-117.315625,33.975587,123.02,0.174,4
-117.315321,33.975587,122.72,0.161,4
-117.315017,33.975587,121.87,0.197,4
-117.314712,33.975587,121.06,0.233,4
-117.314408,33.975587,120.57,0.238,4
-117.314104,33.975587,120.42,0.252,4
-117.3138,33.975587,120.47,0.259,4
-117.313495,33.975587,120.66,0.236,4
-117.313191,33.975587,121.12,0.234,4
-117.312887,33.975587,122.04,0.249,4
-117.312583,33.975587,123.37,0.238,4
-117.312278,33.975587,124.26,0.219,4
-117.311974,33.975587,124.44,0.233,4
-117.31167,33.975587,124.15,0.226,4
-117.311366,33.975587,123.83,0.218,4
-117.311061,33.975587,125.72,0.197,3
-117.310757,33.975587,125.66,0.218,3
-117.310453,33.975587,124.65,0.268,3
-117.310148,33.975587,123.42,0.297,3
-117.309844,33.975587,122.27,0.342,3
-117.30954,33.975587,121.44,0.353,3
-117.309236,33.975587,120.87,0.268,3
-117.308931,33.975587,120.33,0.178,3
-117.308627,33.975587,119.86,0.182,3
-117.308323,33.975587,119.53,0.223,3
-117.308019,33.975587,119.46,0.239,3
-117.307714,33.975587,119.94,0.238,3
-117.30741,33.975587,119.77,0.218,3
-117.307106,33.975587,120.08,0.216,3
-117.353963,33.975283,125.99,0.231,3
-117.353659,33.975283,126.38,0.198,3
-117.353354,33.975283,126.7,0.185,3
-117.35305,33.975283,127.08,0.178,3
-117.352746,33.975283,127.29,0.156,3
-117.352442,33.975283,127.31,0.142,3
-117.352137,33.975283,127.39,0.12,3
-117.351833,33.975283,127.57,0.088,3
-117.351529,33.975283,127.81,0.097,3
-117.351224,33.975283,128.12,0.101,3
-117.35092,33.975283,128.53,0.12,3
-117.350616,33.975283,128.79,0.094,3
-117.350312,33.975283,128.95,0.085,3
-117.350007,33.975283,128.89,0.151,3
-117.349703,33.975283,128.75,0.221,3
-117.349399,33.975283,128.46,0.163,3
-117.349095,33.975283,128.1,0.181,3
-117.34879,33.975283,127.67,0.182,3
-117.348486,33.975283,127.13,0.128,3
-117.348182,33.975283,126.62,0.073,3
-117.347878,33.975283,126.21,0.121,3
-117.347573,33.975283,125.82,0.226,3
-117.347269,33.975283,125.33,0.284,3
-117.346965,33.975283,124.79,0.291,3
-117.34666,33.975283,124.35,0.28,3
-117.346356,33.975283,124.21,0.297,3
-117.346052,33.975283,124.4,0.272,3
-117.345748,33.975283,124.48,0.199,3
-117.345443,33.975283,124.42,0.246,3
-117.345139,33.975283,124.02,0.339,3
-117.344835,33.975283,123.47,0.302,3
-117.344531,33.975283,123.32,0.365,3
-117.344226,33.975283,123.81,0.381,3
-117.343922,33.975283,124.85,0.236,3
-117.343618,33.975283,125.53,0.218,3
-117.343314,33.975283,125.67,0.246,3
-117.343009,33.975283,125.06,0.208,3
-117.342705,33.975283,124.05,0.154,3
-117.342401,33.975283,123.49,0.133,3
-117.342096,33.975283,123.54,0.131,3
-117.341792,33.975283,123.85,0.112,3
-117.341488,33.975283,124.14,0.148,3
-117.341184,33.975283,124.52,0.202,3
-117.340879,33.975283,124.92,0.202,3
-117.340575,33.975283,125.06,0.185,3
-117.340271,33.975283,125.12,0.132,3
-117.339967,33.975283,124.68,0.116,3
-117.339662,33.975283,124.53,0.159,3
-117.339358,33.975283,124.42,0.222,3
-117.339054,33.975283,124.06,0.23,3
-117.33875,33.975283,123.64,0.242,3
-117.338445,33.975283,123.1,0.287,3
-117.338141,33.975283,122.84,0.252,3
-117.337837,33.975283,122.83,0.183,3
-117.337532,33.975283,122.73,0.179,3
-117.337228,33.975283,121.84,0.178,3
-117.336924,33.975283,119.6,0.2,4
-117.33662,33.975283,119.56,0.194,4
-117.336315,33.975283,119.35,0.205,4
-117.336011,33.975283,118.97,0.275,4
-117.335707,33.975283,118.75,0.263,4
-117.335403,33.975283,118.33,0.187,4
-117.335098,33.975283,117.85,0.08,4
-117.334794,33.975283,117.3,0.083,4
-117.33449,33.975283,116.64,0.144,4
-117.334186,33.975283,115.94,0.291,4
-117.333881,33.975283,115.66,0.462,4
-117.333577,33.975283,115.5,0.559,4
-117.333273,33.975283,115.57,0.603,4
-117.332968,33.975283,116.33,0.524,4
-117.332664,33.975283,117.36,0.342,4
-117.33236,33.975283,117.83,0.35,4
-117.332056,33.975283,117.73,0.441,4
-117.331751,33.975283,117.23,0.159,4
-117.331447,33.975283,116.78,0.185,4
-117.331143,33.975283,116.75,0.354,4
-117.330839,33.975283,117.23,0.364,4
-117.330534,33.975283,118.3,0.168,4
-117.33023,33.975283,119.31,0.172,4
-117.329926,33.975283,119.68,0.134,4
-117.329622,33.975283,119.76,0.104,4
-117.329317,33.975283,119.47,0.124,4
-117.329013,33.975283,118.72,0.124,4
-117.328709,33.975283,117.43,0.148,4
-117.328404,33.975283,115.89,0.135,4
-117.3281,33.975283,114.76,0.127,4
-117.327796,33.975283,114.32,0.234,4
-117.327492,33.975283,114.38,0.258,4
-117.327187,33.975283,115.05,0.12,4
-117.326883,33.975283,116.07,0.129,4
-117.326579,33.975283,117.96,0.187,4
-117.326275,33.975283,118.44,0.19,4
-117.32597,33.975283,118.42,0.167,4
-117.325666,33.975283,119.36,0.248,3
-117.325362,33.975283,118.86,0.337,3
-117.325058,33.975283,117.79,0.382,3
-117.324753,33.975283,116.87,0.411,3
-117.324449,33.975283,116.19,0.425,3
-117.324145,33.975283,115.09,0.483,3
-117.32384,33.975283,114.51,0.613,3
-117.323536,33.975283,114.37,0.681,3
-117.323232,33.975283,114.42,0.607,3
-117.322928,33.975283,115.83,0.452,3
-117.322623,33.975283,118.34,0.264,3
-117.322319,33.975283,120.18,0.203,3
-117.322015,33.975283,120.68,0.366,3
-117.321711,33.975283,120.53,0.328,3
-117.321406,33.975283,120.2,0.3,3
-117.321102,33.975283,119.75,0.379,3
-117.320798,33.975283,118.88,0.437,3
-117.320494,33.975283,118.18,0.479,3
-117.320189,33.975283,117.53,0.462,3
-117.319885,33.975283,116.99,0.384,3
-117.319581,33.975283,116.58,0.33,3
-117.319276,33.975283,116.34,0.271,3
-117.318972,33.975283,114.75,0.231,4
-117.318668,33.975283,114.05,0.226,4
-117.318364,33.975283,116.05,0.237,4
-117.318059,33.975283,118,0.251,4
-117.317755,33.975283,119.16,0.257,4
-117.317451,33.975283,120.24,0.296,4
-117.317147,33.975283,120.85,0.338,4
-117.316842,33.975283,121.25,0.341,4
-117.316538,33.975283,121.72,0.287,4
-117.316234,33.975283,122.21,0.368,4
-117.31593,33.975283,122.65,0.254,4
-117.315625,33.975283,122.76,0.132,4
-117.315321,33.975283,122.47,0.11,4
-117.315017,33.975283,121.69,0.118,4
-117.314712,33.975283,121.01,0.13,4
-117.314408,33.975283,120.67,0.128,4
-117.314104,33.975283,120.6,0.164,4
-117.3138,33.975283,120.68,0.221,4
-117.313495,33.975283,120.85,0.22,4
-117.313191,33.975283,121.19,0.179,4
-117.312887,33.975283,121.71,0.18,4
-117.312583,33.975283,122.35,0.232,4
-117.312278,33.975283,122.62,0.211,4
-117.311974,33.975283,122.55,0.293,4
-117.31167,33.975283,122.15,0.292,4
-117.311366,33.975283,123.37,0.338,3
-117.311061,33.975283,123.83,0.352,3
-117.310757,33.975283,123.77,0.289,3
-117.310453,33.975283,123.13,0.295,3
-117.310148,33.975283,122.24,0.307,3
-117.309844,33.975283,121.29,0.387,3
-117.30954,33.975283,120.61,0.367,3
-117.309236,33.975283,120.25,0.244,3
-117.308931,33.975283,119.97,0.182,3
-117.308627,33.975283,119.77,0.2,3
-117.308323,33.975283,119.73,0.217,3
-117.308019,33.975283,119.9,0.226,3
-117.307714,33.975283,120.59,0.228,3
-117.30741,33.975283,120.59,0.223,3
-117.307106,33.975283,120.71,0.224,3
-117.353963,33.974979,126.14,0.371,3
-117.353659,33.974979,126.41,0.28,3
-117.353354,33.974979,126.67,0.225,3
-117.35305,33.974979,126.94,0.227,3
-117.352746,33.974979,127.17,0.194,3
-117.352442,33.974979,127.31,0.167,3
-117.352137,33.974979,127.45,0.172,3
-117.351833,33.974979,127.61,0.156,3
-117.351529,33.974979,127.81,0.182,3
-117.351224,33.974979,128.17,0.196,3
-117.35092,33.974979,129.04,0.191,3
-117.350616,33.974979,129.61,0.109,3
-117.350312,33.974979,130,0.055,3
-117.350007,33.974979,130.21,0.055,3
-117.349703,33.974979,130.02,0.052,3
-117.349399,33.974979,129.61,0.037,3
-117.349095,33.974979,129.13,0.101,3
-117.34879,33.974979,128.4,0.168,3
-117.348486,33.974979,127.61,0.127,3
-117.348182,33.974979,126.97,0.096,3
-117.347878,33.974979,126.68,0.174,3
-117.347573,33.974979,126.51,0.269,3
-117.347269,33.974979,126.2,0.263,3
-117.346965,33.974979,125.84,0.22,3
-117.34666,33.974979,125.49,0.258,3
-117.346356,33.974979,125.28,0.253,3
-117.346052,33.974979,125.24,0.164,3
-117.345748,33.974979,125.21,0.151,3
-117.345443,33.974979,125,0.18,3
-117.345139,33.974979,124.53,0.21,3
-117.344835,33.974979,123.9,0.14,3
-117.344531,33.974979,123.67,0.27,3
-117.344226,33.974979,124.16,0.367,3
-117.343922,33.974979,125.26,0.223,3
-117.343618,33.974979,125.85,0.111,3
-117.343314,33.974979,125.93,0.091,3
-117.343009,33.974979,125.34,0.114,3
-117.342705,33.974979,124.34,0.144,3
-117.342401,33.974979,123.83,0.124,3
-117.342096,33.974979,123.96,0.063,3
-117.341792,33.974979,124.23,0.068,3
-117.341488,33.974979,124.5,0.137,3
-117.341184,33.974979,125.01,0.177,3
-117.340879,33.974979,125.12,0.246,3
-117.340575,33.974979,125.32,0.256,3
-117.340271,33.974979,125.51,0.229,3
-117.339967,33.974979,124.21,0.19,4
-117.339662,33.974979,124.05,0.165,4
-117.339358,33.974979,124.02,0.133,4
-117.339054,33.974979,123.57,0.184,4
-117.33875,33.974979,123,0.302,4
-117.338445,33.974979,122.34,0.348,4
-117.338141,33.974979,121.88,0.274,4
-117.337837,33.974979,121.68,0.191,4
-117.337532,33.974979,121.49,0.164,4
-117.337228,33.974979,121.01,0.157,4
-117.336924,33.974979,120.01,0.178,4
-117.33662,33.974979,120.22,0.19,4
-117.336315,33.974979,120.35,0.162,4
-117.336011,33.974979,120.27,0.207,4
-117.335707,33.974979,120.28,0.232,4
-117.335403,33.974979,119.82,0.177,4
-117.335098,33.974979,119.28,0.136,4
-117.334794,33.974979,118.42,0.084,4
-117.33449,33.974979,117.43,0.1,4
-117.334186,33.974979,116.46,0.277,4
-117.333881,33.974979,115.71,0.475,4
-117.333577,33.974979,115.44,0.575,4
-117.333273,33.974979,115.8,0.615,4
-117.332968,33.974979,116.72,0.554,4
-117.332664,33.974979,117.65,0.371,4
-117.33236,33.974979,117.88,0.343,4
-117.332056,33.974979,117.53,0.486,4
-117.331751,33.974979,116.82,0.143,4
-117.331447,33.974979,116.24,0.14,4
-117.331143,33.974979,116.17,0.371,4
-117.330839,33.974979,115.86,0.524,4
-117.330534,33.974979,116.91,0.283,4
-117.33023,33.974979,118.02,0.192,4
-117.329926,33.974979,118.88,0.121,4
-117.329622,33.974979,119.36,0.12,4
-117.329317,33.974979,119.41,0.141,4
-117.329013,33.974979,118.85,0.161,4
-117.328709,33.974979,117.51,0.198,4
-117.328404,33.974979,116.76,0.152,4
-117.3281,33.974979,115.79,0.095,3
-117.327796,33.974979,113.88,0.189,4
-117.327492,33.974979,113.73,0.263,4
-117.327187,33.974979,114.05,0.215,4
-117.326883,33.974979,114.76,0.256,4
-117.326579,33.974979,115.75,0.257,4
-117.326275,33.974979,116.7,0.261,4
-117.32597,33.974979,117.14,0.27,4
-117.325666,33.974979,119.24,0.255,3
-117.325362,33.974979,118.89,0.184,3
-117.325058,33.974979,117.72,0.241,3
-117.324753,33.974979,116.55,0.319,3
-117.324449,33.974979,115.68,0.355,3
-117.324145,33.974979,114.93,0.403,3
-117.32384,33.974979,114.64,0.486,3
-117.323536,33.974979,114.62,0.558,3
-117.323232,33.974979,114.9,0.549,3
-117.322928,33.974979,116.29,0.472,3
-117.322623,33.974979,118.42,0.409,3
-117.322319,33.974979,119.95,0.307,3
-117.322015,33.974979,120.27,0.296,3
-117.321711,33.974979,120.27,0.281,3
-117.321406,33.974979,120.1,0.252,3
-117.321102,33.974979,119.74,0.355,3
-117.320798,33.974979,119.28,0.429,3
-117.320494,33.974979,118.75,0.369,3
-117.320189,33.974979,118.18,0.357,3
-117.319885,33.974979,117.89,0.347,3
-117.319581,33.974979,117.69,0.234,3
-117.319276,33.974979,117.52,0.087,3
-117.318972,33.974979,116.84,0.02,3
-117.318668,33.974979,116.01,0.03,3
-117.318364,33.974979,116.47,0.11,4
-117.318059,33.974979,118.1,0.235,4
-117.317755,33.974979,119.16,0.265,4
-117.317451,33.974979,119.95,0.258,4
-117.317147,33.974979,120.48,0.279,4
-117.316842,33.974979,120.9,0.227,4
-117.316538,33.974979,121.34,0.242,4
-117.316234,33.974979,121.77,0.35,4
-117.31593,33.974979,121.83,0.274,4
-117.315625,33.974979,121.86,0.197,4
-117.315321,33.974979,121.59,0.223,4
-117.315017,33.974979,121.3,0.286,4
-117.314712,33.974979,120.95,0.272,4
-117.314408,33.974979,120.76,0.224,4
-117.314104,33.974979,120.68,0.215,4
-117.3138,33.974979,120.68,0.223,4
-117.313495,33.974979,120.82,0.216,4
-117.313191,33.974979,121.01,0.215,4
-117.312887,33.974979,121.18,0.226,4
-117.312583,33.974979,121.46,0.243,4
-117.312278,33.974979,121.48,0.215,4
-117.311974,33.974979,121.3,0.243,4
-117.31167,33.974979,120.89,0.366,4
-117.311366,33.974979,122.76,0.401,3
-117.311061,33.974979,122.5,0.458,3
-117.310757,33.974979,122.43,0.374,3
-117.310453,33.974979,122.07,0.348,3
-117.310148,33.974979,121.52,0.286,3
-117.309844,33.974979,120.78,0.265,3
-117.30954,33.974979,120.15,0.243,3
-117.309236,33.974979,119.76,0.189,3
-117.308931,33.974979,119.5,0.174,3
-117.308627,33.974979,119.36,0.199,3
-117.308323,33.974979,119.34,0.201,3
-117.308019,33.974979,119.48,0.205,3
-117.307714,33.974979,119.9,0.211,3
-117.30741,33.974979,120.13,0.212,3
-117.307106,33.974979,120.48,0.221,3
-117.306802,33.974979,120.66,0.224,3
-117.353963,33.974674,126.15,0.425,3
-117.353659,33.974674,126.31,0.32,3
-117.353354,33.974674,126.5,0.247,3
-117.35305,33.974674,126.58,0.273,3
-117.352746,33.974674,126.69,0.256,3
-117.352442,33.974674,126.9,0.231,3
-117.352137,33.974674,127.12,0.265,3
-117.351833,33.974674,127.33,0.256,3
-117.351529,33.974674,127.54,0.231,3
-117.351224,33.974674,128.03,0.253,3
-117.35092,33.974674,129.48,0.241,3
-117.350616,33.974674,130.4,0.17,3
-117.350312,33.974674,131.06,0.106,3
-117.350007,33.974674,131.52,0.093,3
-117.349703,33.974674,131.31,0.059,3
-117.349399,33.974674,130.82,0.04,3
-117.349095,33.974674,130.13,0.105,3
-117.34879,33.974674,128.92,0.174,3
-117.348486,33.974674,127.72,0.173,3
-117.348182,33.974674,126.93,0.157,3
-117.347878,33.974674,126.77,0.217,3
-117.347573,33.974674,126.85,0.26,3
-117.347269,33.974674,126.73,0.175,3
-117.346965,33.974674,126.53,0.097,3
-117.34666,33.974674,126.29,0.166,3
-117.346356,33.974674,126.05,0.24,3
-117.346052,33.974674,125.87,0.166,3
-117.345748,33.974674,125.83,0.138,3
-117.345443,33.974674,125.59,0.171,3
-117.345139,33.974674,125.25,0.206,3
-117.344835,33.974674,124.74,0.187,3
-117.344531,33.974674,124.51,0.304,3
-117.344226,33.974674,124.77,0.31,3
-117.343922,33.974674,125.55,0.184,3
-117.343618,33.974674,126,0.102,3
-117.343314,33.974674,125.92,0.097,3
-117.343009,33.974674,125.37,0.132,3
-117.342705,33.974674,124.62,0.175,3
-117.342401,33.974674,124.28,0.165,3
-117.342096,33.974674,124.44,0.114,3
-117.341792,33.974674,124.66,0.162,3
-117.341488,33.974674,124.97,0.285,3
-117.341184,33.974674,125.4,0.226,3
-117.340879,33.974674,125.16,0.255,3
-117.340575,33.974674,125.32,0.324,3
-117.340271,33.974674,125.52,0.327,3
-117.339967,33.974674,123.51,0.242,4
-117.339662,33.974674,123.46,0.134,4
-117.339358,33.974674,123.67,0.081,4
-117.339054,33.974674,123.31,0.125,4
-117.33875,33.974674,122.73,0.232,4
-117.338445,33.974674,122.04,0.266,4
-117.338141,33.974674,121.37,0.225,4
-117.337837,33.974674,120.81,0.182,4
-117.337532,33.974674,120.34,0.156,4
-117.337228,33.974674,120.21,0.17,4
-117.336924,33.974674,120.39,0.205,4
-117.33662,33.974674,120.79,0.18,4
-117.336315,33.974674,121.28,0.141,4
-117.336011,33.974674,121.54,0.15,4
-117.335707,33.974674,121.86,0.176,4
-117.335403,33.974674,121.6,0.112,4
-117.335098,33.974674,121.18,0.099,4
-117.334794,33.974674,120.12,0.1,4
-117.33449,33.974674,118.87,0.063,4
-117.334186,33.974674,117.54,0.135,4
-117.333881,33.974674,116.31,0.313,4
-117.333577,33.974674,115.83,0.42,4
-117.333273,33.974674,116.3,0.408,4
-117.332968,33.974674,117.22,0.346,4
-117.332664,33.974674,117.87,0.291,4
-117.33236,33.974674,117.74,0.32,4
-117.332056,33.974674,117.09,0.39,4
-117.331751,33.974674,116.16,0.191,4
-117.331447,33.974674,115.47,0.096,4
-117.331143,33.974674,115.4,0.399,4
-117.330839,33.974674,114.53,0.557,4
-117.330534,33.974674,115.51,0.283,4
-117.33023,33.974674,116.46,0.194,4
-117.329926,33.974674,117.7,0.171,4
-117.329622,33.974674,118.56,0.163,4
-117.329317,33.974674,118.85,0.153,4
-117.329013,33.974674,118.44,0.111,4
-117.328709,33.974674,117.12,0.109,4
-117.328404,33.974674,116.82,0.116,4
-117.3281,33.974674,116,0.121,3
-117.327796,33.974674,113.39,0.179,4
-117.327492,33.974674,113.18,0.254,4
-117.327187,33.974674,113.02,0.412,4
-117.326883,33.974674,113.21,0.581,4
-117.326579,33.974674,114.25,0.458,4
-117.326275,33.974674,115.36,0.321,4
-117.32597,33.974674,115.76,0.359,4
-117.325666,33.974674,118.01,0.236,3
-117.325362,33.974674,117.81,0.102,3
-117.325058,33.974674,116.88,0.09,3
-117.324753,33.974674,115.92,0.104,3
-117.324449,33.974674,115.29,0.127,3
-117.324145,33.974674,114.89,0.234,3
-117.32384,33.974674,114.85,0.412,3
-117.323536,33.974674,115.06,0.519,3
-117.323232,33.974674,115.64,0.526,3
-117.322928,33.974674,116.93,0.51,3
-117.322623,33.974674,118.43,0.443,3
-117.322319,33.974674,119.38,0.364,3
-117.322015,33.974674,119.53,0.291,3
-117.321711,33.974674,119.58,0.235,3
-117.321406,33.974674,119.51,0.276,3
-117.321102,33.974674,119.31,0.317,3
-117.320798,33.974674,119.12,0.368,3
-117.320494,33.974674,118.75,0.338,3
-117.320189,33.974674,118.36,0.333,3
-117.319885,33.974674,118.47,0.337,3
-117.319581,33.974674,118.48,0.255,3
-117.319276,33.974674,118.4,0.142,3
-117.318972,33.974674,118.24,0.081,3
-117.318668,33.974674,118.42,0.074,3
-117.318364,33.974674,119.47,0.157,3
-117.318059,33.974674,120.01,0.295,3
-117.317755,33.974674,119.02,0.285,4
-117.317451,33.974674,119.63,0.243,4
-117.317147,33.974674,120.14,0.308,4
-117.316842,33.974674,120.52,0.275,4
-117.316538,33.974674,120.88,0.194,4
-117.316234,33.974674,121.14,0.286,4
-117.31593,33.974674,120.94,0.26,4
-117.315625,33.974674,120.88,0.222,4
-117.315321,33.974674,120.6,0.264,4
-117.315017,33.974674,120.49,0.372,4
-117.314712,33.974674,120.34,0.348,4
-117.314408,33.974674,120.26,0.271,4
-117.314104,33.974674,120.21,0.297,4
-117.3138,33.974674,120.22,0.317,4
-117.313495,33.974674,120.41,0.278,4
-117.313191,33.974674,120.57,0.303,4
-117.312887,33.974674,120.61,0.322,4
-117.312583,33.974674,120.76,0.354,4
-117.312278,33.974674,120.77,0.261,4
-117.311974,33.974674,120.6,0.246,4
-117.31167,33.974674,120.29,0.311,4
-117.311366,33.974674,122.3,0.255,3
-117.311061,33.974674,122.1,0.339,3
-117.310757,33.974674,122.05,0.358,3
-117.310453,33.974674,121.79,0.333,3
-117.310148,33.974674,121.36,0.258,3
-117.309844,33.974674,120.68,0.232,3
-117.30954,33.974674,120.01,0.235,3
-117.309236,33.974674,119.48,0.192,3
-117.308931,33.974674,119.05,0.166,3
-117.308627,33.974674,118.73,0.191,3
-117.308323,33.974674,118.57,0.186,3
-117.308019,33.974674,118.59,0.187,3
-117.307714,33.974674,118.91,0.186,3
-117.30741,33.974674,119.25,0.189,3
-117.307106,33.974674,119.72,0.2,3
-117.306802,33.974674,120.14,0.2,3
-117.353963,33.97437,126,0.445,3
-117.353659,33.97437,126.06,0.326,3
-117.353354,33.97437,126.18,0.219,3
-117.35305,33.97437,126.22,0.255,3
-117.352746,33.97437,126.32,0.302,3
-117.352442,33.97437,126.55,0.309,3
-117.352137,33.97437,126.8,0.308,3
-117.351833,33.97437,127.08,0.271,3
-117.351529,33.97437,127.37,0.262,3
-117.351224,33.97437,127.99,0.255,3
-117.35092,33.97437,129.64,0.239,3
-117.350616,33.97437,130.73,0.237,3
-117.350312,33.97437,131.53,0.138,3
-117.350007,33.97437,132.06,0.107,3
-117.349703,33.97437,131.92,0.061,3
-117.349399,33.97437,131.45,0.041,3
-117.349095,33.97437,130.53,0.13,3
-117.34879,33.97437,128.97,0.182,3
-117.348486,33.97437,127.43,0.185,3
-117.348182,33.97437,126.52,0.173,3
-117.347878,33.97437,126.4,0.223,3
-117.347573,33.97437,126.53,0.253,3
-117.347269,33.97437,126.46,0.147,3
-117.346965,33.97437,126.34,0.042,3
-117.34666,33.97437,126.16,0.106,3
-117.346356,33.97437,125.94,0.245,3
-117.346052,33.97437,125.77,0.192,3
-117.345748,33.97437,125.73,0.194,3
-117.345443,33.97437,125.58,0.181,3
-117.345139,33.97437,125.39,0.202,3
-117.344835,33.97437,125.04,0.182,3
-117.344531,33.97437,124.82,0.268,3
-117.344226,33.97437,124.78,0.307,3
-117.343922,33.97437,125.13,0.272,3
-117.343618,33.97437,125.37,0.238,3
-117.343314,33.97437,125.24,0.233,3
-117.343009,33.97437,124.87,0.238,3
-117.342705,33.97437,124.48,0.248,3
-117.342401,33.97437,124.33,0.236,3
-117.342096,33.97437,124.49,0.188,3
-117.341792,33.97437,124.73,0.214,3
-117.341488,33.97437,124.99,0.312,3
-117.341184,33.97437,125.17,0.207,3
-117.340879,33.97437,124.89,0.173,3
-117.340575,33.97437,125.01,0.311,3
-117.340271,33.97437,125.19,0.385,3
-117.339967,33.97437,125.04,0.267,3
-117.339662,33.97437,123.84,0.166,4
-117.339358,33.97437,123.75,0.135,4
-117.339054,33.97437,123.53,0.106,4
-117.33875,33.97437,123.06,0.112,4
-117.338445,33.97437,122.48,0.136,4
-117.338141,33.97437,121.81,0.136,4
-117.337837,33.97437,121,0.137,4
-117.337532,33.97437,120.26,0.161,4
-117.337228,33.97437,120.13,0.185,4
-117.336924,33.97437,120.61,0.214,4
-117.33662,33.97437,121.2,0.159,4
-117.336315,33.97437,121.82,0.14,4
-117.336011,33.97437,122.33,0.184,4
-117.335707,33.97437,122.95,0.152,4
-117.335403,33.97437,123.08,0.08,4
-117.335098,33.97437,122.9,0.063,4
-117.334794,33.97437,121.9,0.068,4
-117.33449,33.97437,120.49,0.065,4
-117.334186,33.97437,118.88,0.058,4
-117.333881,33.97437,117.44,0.113,4
-117.333577,33.97437,116.89,0.22,4
-117.333273,33.97437,117.28,0.249,4
-117.332968,33.97437,117.93,0.182,4
-117.332664,33.97437,118.12,0.152,4
-117.33236,33.97437,117.59,0.226,4
-117.332056,33.97437,116.67,0.361,4
-117.331751,33.97437,115.58,0.421,4
-117.331447,33.97437,114.73,0.379,4
-117.331143,33.97437,114.46,0.428,4
-117.330839,33.97437,113.65,0.307,4
-117.330534,33.97437,114.18,0.117,4
-117.33023,33.97437,114.88,0.179,4
-117.329926,33.97437,116.16,0.221,4
-117.329622,33.97437,117.07,0.277,4
-117.329317,33.97437,117.48,0.236,4
-117.329013,33.97437,117.22,0.113,4
-117.328709,33.97437,117.26,0.061,3
-117.328404,33.97437,116.07,0.135,3
-117.3281,33.97437,113.68,0.229,4
-117.327796,33.97437,112.81,0.223,4
-117.327492,33.97437,112.76,0.171,4
-117.327187,33.97437,112.69,0.263,4
-117.326883,33.97437,112.72,0.402,4
-117.326579,33.97437,113.16,0.457,4
-117.326275,33.97437,114,0.29,4
-117.32597,33.97437,114.25,0.274,4
-117.325666,33.97437,116.5,0.197,3
-117.325362,33.97437,116.57,0.115,3
-117.325058,33.97437,116.05,0.096,3
-117.324753,33.97437,115.52,0.093,3
-117.324449,33.97437,115.2,0.094,3
-117.324145,33.97437,115.09,0.215,3
-117.32384,33.97437,115.28,0.414,3
-117.323536,33.97437,115.72,0.41,3
-117.323232,33.97437,116.47,0.301,3
-117.322928,33.97437,117.65,0.334,3
-117.322623,33.97437,118.67,0.333,3
-117.322319,33.97437,119.05,0.467,3
-117.322015,33.97437,119.07,0.291,3
-117.321711,33.97437,119.06,0.242,3
-117.321406,33.97437,119,0.324,3
-117.321102,33.97437,118.86,0.36,3
-117.320798,33.97437,118.74,0.423,3
-117.320494,33.97437,118.51,0.449,3
-117.320189,33.97437,118.36,0.399,3
-117.319885,33.97437,118.81,0.382,3
-117.319581,33.97437,119.13,0.349,3
-117.319276,33.97437,119.3,0.325,3
-117.318972,33.97437,119.35,0.32,3
-117.318668,33.97437,119.76,0.327,3
-117.318364,33.97437,120.75,0.35,3
-117.318059,33.97437,121.47,0.397,3
-117.317755,33.97437,121.66,0.46,3
-117.317451,33.97437,121.95,0.397,3
-117.317147,33.97437,121.98,0.314,3
-117.316842,33.97437,120.27,0.252,4
-117.316538,33.97437,120.52,0.258,4
-117.316234,33.97437,120.42,0.347,4
-117.31593,33.97437,120.04,0.244,4
-117.315625,33.97437,119.86,0.177,4
-117.315321,33.97437,119.51,0.208,4
-117.315017,33.97437,119.4,0.301,4
-117.314712,33.97437,119.33,0.345,4
-117.314408,33.97437,119.32,0.338,4
-117.314104,33.97437,119.34,0.371,4
-117.3138,33.97437,119.44,0.351,4
-117.313495,33.97437,119.73,0.254,4
-117.313191,33.97437,119.98,0.252,4
-117.312887,33.97437,120.07,0.281,4
-117.312583,33.97437,120.23,0.303,4
-117.312278,33.97437,120.29,0.345,4
-117.311974,33.97437,120.25,0.302,4
-117.31167,33.97437,120.11,0.241,4
-117.311366,33.97437,122.55,0.248,3
-117.311061,33.97437,122.48,0.258,3
-117.310757,33.97437,122.43,0.25,3
-117.310453,33.97437,122.13,0.266,3
-117.310148,33.97437,121.68,0.262,3
-117.309844,33.97437,120.82,0.297,3
-117.30954,33.97437,119.87,0.29,3
-117.309236,33.97437,119.16,0.211,3
-117.308931,33.97437,118.68,0.166,3
-117.308627,33.97437,118.34,0.178,3
-117.308323,33.97437,118.07,0.172,3
-117.308019,33.97437,117.97,0.173,3
-117.307714,33.97437,118.2,0.176,3
-117.30741,33.97437,118.41,0.184,3
-117.307106,33.97437,118.74,0.188,3
-117.306802,33.97437,119.11,0.18,3
-117.306497,33.97437,119.43,0.184,3
-117.353963,33.974066,125.74,0.401,3
-117.353659,33.974066,125.75,0.293,3
-117.353354,33.974066,125.83,0.201,3
-117.35305,33.974066,125.82,0.289,3
-117.352746,33.974066,125.88,0.38,3
-117.352442,33.974066,126.08,0.349,3
-117.352137,33.974066,126.35,0.27,3
-117.351833,33.974066,126.67,0.249,3
-117.351529,33.974066,127.06,0.333,3
-117.351224,33.974066,127.82,0.284,3
-117.35092,33.974066,129.51,0.275,3
-117.350616,33.974066,130.61,0.264,3
-117.350312,33.974066,131.4,0.107,3
-117.350007,33.974066,131.99,0.064,3
-117.349703,33.974066,131.96,0.034,3
-117.349399,33.974066,131.57,0.026,3
-117.349095,33.974066,130.44,0.117,3
-117.34879,33.974066,128.7,0.193,3
-117.348486,33.974066,127.04,0.203,3
-117.348182,33.974066,126.11,0.196,3
-117.347878,33.974066,126.04,0.205,3
-117.347573,33.974066,126.2,0.194,3
-117.347269,33.974066,126.11,0.116,3
-117.346965,33.974066,125.92,0.031,3
-117.34666,33.974066,125.7,0.063,3
-117.346356,33.974066,125.5,0.145,3
-117.346052,33.974066,125.35,0.148,3
-117.345748,33.974066,125.35,0.191,3
-117.345443,33.974066,125.29,0.158,3
-117.345139,33.974066,125.2,0.162,3
-117.344835,33.974066,124.95,0.179,3
-117.344531,33.974066,124.67,0.238,3
-117.344226,33.974066,124.43,0.348,3
-117.343922,33.974066,124.53,0.3,3
-117.343618,33.974066,124.62,0.239,3
-117.343314,33.974066,124.59,0.235,3
-117.343009,33.974066,124.57,0.24,3
-117.342705,33.974066,124.51,0.239,3
-117.342401,33.974066,124.44,0.237,3
-117.342096,33.974066,124.5,0.242,3
-117.341792,33.974066,124.63,0.275,3
-117.341488,33.974066,124.78,0.279,3
-117.341184,33.974066,124.85,0.209,3
-117.340879,33.974066,124.56,0.156,3
-117.340575,33.974066,124.66,0.259,3
-117.340271,33.974066,124.8,0.373,3
-117.339967,33.974066,125.14,0.277,3
-117.339662,33.974066,123.03,0.166,4
-117.339358,33.974066,122.54,0.123,4
-117.339054,33.974066,122.44,0.082,4
-117.33875,33.974066,122.19,0.074,4
-117.338445,33.974066,121.82,0.096,4
-117.338141,33.974066,121.3,0.119,4
-117.337837,33.974066,120.58,0.143,4
-117.337532,33.974066,119.9,0.162,4
-117.337228,33.974066,119.84,0.16,4
-117.336924,33.974066,120.42,0.151,4
-117.33662,33.974066,121.22,0.113,4
-117.336315,33.974066,122.06,0.146,4
-117.336011,33.974066,122.82,0.188,4
-117.335707,33.974066,123.75,0.119,4
-117.335403,33.974066,124.31,0.064,4
-117.335098,33.974066,124.49,0.054,4
-117.334794,33.974066,123.75,0.099,4
-117.33449,33.974066,122.4,0.139,4
-117.334186,33.974066,120.78,0.099,4
-117.333881,33.974066,119.24,0.052,4
-117.333577,33.974066,118.51,0.081,4
-117.333273,33.974066,118.56,0.168,4
-117.332968,33.974066,118.62,0.223,4
-117.332664,33.974066,118.15,0.211,4
-117.33236,33.974066,117.17,0.213,4
-117.332056,33.974066,116.04,0.336,4
-117.331751,33.974066,114.86,0.551,4
-117.331447,33.974066,113.79,0.589,4
-117.331143,33.974066,112.99,0.512,4
-117.330839,33.974066,111.74,0.33,4
-117.330534,33.974066,111.67,0.233,4
-117.33023,33.974066,112.38,0.297,4
-117.329926,33.974066,113.61,0.278,4
-117.329622,33.974066,114.65,0.25,4
-117.329317,33.974066,115.18,0.224,4
-117.329013,33.974066,115.1,0.156,4
-117.328709,33.974066,115.43,0.129,3
-117.328404,33.974066,114.41,0.23,3
-117.3281,33.974066,112.45,0.31,4
-117.327796,33.974066,112.32,0.232,4
-117.327492,33.974066,112.36,0.143,4
-117.327187,33.974066,112.34,0.11,4
-117.326883,33.974066,112.24,0.173,4
-117.326579,33.974066,112.19,0.271,4
-117.326275,33.974066,112.46,0.182,4
-117.32597,33.974066,112.64,0.314,4
-117.325666,33.974066,114.87,0.492,3
-117.325362,33.974066,115.62,0.396,3
-117.325058,33.974066,115.64,0.28,3
-117.324753,33.974066,115.54,0.361,3
-117.324449,33.974066,115.52,0.379,3
-117.324145,33.974066,115.62,0.307,3
-117.32384,33.974066,115.93,0.358,3
-117.323536,33.974066,116.45,0.416,3
-117.323232,33.974066,117.22,0.44,3
-117.322928,33.974066,118.22,0.509,3
-117.322623,33.974066,118.96,0.423,3
-117.322319,33.974066,119.11,0.458,3
-117.322015,33.974066,118.97,0.342,3
-117.321711,33.974066,118.85,0.31,3
-117.321406,33.974066,118.82,0.396,3
-117.321102,33.974066,118.72,0.49,3
-117.320798,33.974066,118.58,0.507,3
-117.320494,33.974066,118.44,0.58,3
-117.320189,33.974066,118.49,0.482,3
-117.319885,33.974066,119.11,0.386,3
-117.319581,33.974066,119.65,0.351,3
-117.319276,33.974066,120.03,0.375,3
-117.318972,33.974066,120.28,0.358,3
-117.318668,33.974066,120.71,0.291,3
-117.318364,33.974066,121.41,0.273,3
-117.318059,33.974066,121.78,0.334,3
-117.317755,33.974066,121.67,0.422,3
-117.317451,33.974066,121.68,0.418,3
-117.317147,33.974066,121.76,0.287,3
-117.316842,33.974066,121.9,0.24,3
-117.316538,33.974066,122.03,0.297,3
-117.316234,33.974066,120.24,0.348,4
-117.31593,33.974066,119.25,0.321,4
-117.315625,33.974066,118.93,0.313,4
-117.315321,33.974066,118.53,0.348,4
-117.315017,33.974066,118.39,0.369,4
-117.314712,33.974066,118.36,0.406,4
-117.314408,33.974066,118.4,0.461,4
-117.314104,33.974066,118.61,0.472,4
-117.3138,33.974066,118.94,0.387,4
-117.313495,33.974066,119.31,0.31,4
-117.313191,33.974066,119.65,0.332,4
-117.312887,33.974066,119.74,0.307,4
-117.312583,33.974066,119.96,0.272,4
-117.312278,33.974066,120.09,0.313,4
-117.311974,33.974066,120.17,0.337,4
-117.31167,33.974066,120.21,0.353,4
-117.311366,33.974066,123.03,0.411,3
-117.311061,33.974066,123.17,0.349,3
-117.310757,33.974066,123.1,0.261,3
-117.310453,33.974066,122.74,0.249,3
-117.310148,33.974066,122.19,0.281,3
-117.309844,33.974066,121.12,0.374,3
-117.30954,33.974066,119.86,0.422,3
-117.309236,33.974066,118.95,0.323,3
-117.308931,33.974066,118.53,0.203,3
-117.308627,33.974066,118.38,0.185,3
-117.308323,33.974066,118.18,0.184,3
-117.308019,33.974066,118.01,0.182,3
-117.307714,33.974066,117.99,0.184,3
-117.30741,33.974066,117.96,0.19,3
-117.307106,33.974066,118.05,0.189,3
-117.306802,33.974066,118.25,0.175,3
-117.306497,33.974066,118.65,0.177,3
-117.353963,33.973762,125.83,0.461,3
-117.353659,33.973762,125.82,0.343,3
-117.353354,33.973762,125.86,0.228,3
-117.35305,33.973762,126.09,0.257,3
-117.352746,33.973762,126.35,0.33,3
-117.352442,33.973762,126.56,0.31,3
-117.352137,33.973762,126.84,0.235,3
-117.351833,33.973762,127.2,0.238,3
-117.351529,33.973762,127.66,0.317,3
-117.351224,33.973762,128.37,0.29,3
-117.35092,33.973762,129.31,0.282,3
-117.350616,33.973762,130.29,0.233,3
-117.350312,33.973762,130.97,0.083,3
-117.350007,33.973762,131.37,0.046,3
-117.349703,33.973762,131.42,0.033,3
-117.349399,33.973762,131.17,0.048,3
-117.349095,33.973762,130.03,0.138,3
-117.34879,33.973762,128.5,0.208,3
-117.348486,33.973762,127,0.204,3
-117.348182,33.973762,126.25,0.199,3
-117.347878,33.973762,126.12,0.217,3
-117.347573,33.973762,126.14,0.175,3
-117.347269,33.973762,126.03,0.073,3
-117.346965,33.973762,125.55,0.024,3
-117.34666,33.973762,125.05,0.065,3
-117.346356,33.973762,124.67,0.18,3
-117.346052,33.973762,124.41,0.269,3
-117.345748,33.973762,124.18,0.267,3
-117.345443,33.973762,124.1,0.23,3
-117.345139,33.973762,124.06,0.152,3
-117.344835,33.973762,124.86,0.136,3
-117.344531,33.973762,124.74,0.167,3
-117.344226,33.973762,124.41,0.219,3
-117.343922,33.973762,124.53,0.217,3
-117.343618,33.973762,124.75,0.198,3
-117.343314,33.973762,124.89,0.161,3
-117.343009,33.973762,124.78,0.123,3
-117.342705,33.973762,124.59,0.114,3
-117.342401,33.973762,124.61,0.12,3
-117.342096,33.973762,124.62,0.141,3
-117.341792,33.973762,124.64,0.192,3
-117.341488,33.973762,124.67,0.235,3
-117.341184,33.973762,124.76,0.216,3
-117.340879,33.973762,125.22,0.179,3
-117.340575,33.973762,125.16,0.24,3
-117.340271,33.973762,125.09,0.274,3
-117.339967,33.973762,124.86,0.178,3
-117.339662,33.973762,122.64,0.163,4
-117.339358,33.973762,121.67,0.168,4
-117.339054,33.973762,121.18,0.189,4
-117.33875,33.973762,120.87,0.178,4
-117.338445,33.973762,120.61,0.168,4
-117.338141,33.973762,120.5,0.195,4
-117.337837,33.973762,120.35,0.229,4
-117.337532,33.973762,120.05,0.247,4
-117.337228,33.973762,120.23,0.257,4
-117.336924,33.973762,120.9,0.253,4
-117.33662,33.973762,121.87,0.239,4
-117.336315,33.973762,122.93,0.273,4
-117.336011,33.973762,123.97,0.151,4
-117.335707,33.973762,125.07,0.098,4
-117.335403,33.973762,125.98,0.075,4
-117.335098,33.973762,126.58,0.081,4
-117.334794,33.973762,126.15,0.108,4
-117.33449,33.973762,125.15,0.114,4
-117.334186,33.973762,123.81,0.088,4
-117.333881,33.973762,122.34,0.069,4
-117.333577,33.973762,121.27,0.054,4
-117.333273,33.973762,120.67,0.076,4
-117.332968,33.973762,119.78,0.162,4
-117.332664,33.973762,118.38,0.24,4
-117.33236,33.973762,117.08,0.279,4
-117.332056,33.973762,115.77,0.383,4
-117.331751,33.973762,114.53,0.421,4
-117.331447,33.973762,113.29,0.55,4
-117.331143,33.973762,112.16,0.646,4
-117.330839,33.973762,110.76,0.614,4
-117.330534,33.973762,110.26,0.647,4
-117.33023,33.973762,110.66,0.643,4
-117.329926,33.973762,110.52,0.656,4
-117.329622,33.973762,111.18,0.568,4
-117.329317,33.973762,111.85,0.479,4
-117.329013,33.973762,112.14,0.431,4
-117.328709,33.973762,111.93,0.468,4
-117.328404,33.973762,111.64,0.497,4
-117.3281,33.973762,112.17,0.421,4
-117.327796,33.973762,113.14,0.344,4
-117.327492,33.973762,113.23,0.343,4
-117.327187,33.973762,113,0.341,4
-117.326883,33.973762,112.53,0.388,4
-117.326579,33.973762,111.96,0.381,4
-117.326275,33.973762,111.68,0.362,4
-117.32597,33.973762,111.94,0.422,4
-117.325666,33.973762,112.48,0.509,4
-117.325362,33.973762,115.29,0.387,3
-117.325058,33.973762,116.44,0.297,3
-117.324753,33.973762,116.79,0.297,3
-117.324449,33.973762,116.98,0.248,3
-117.324145,33.973762,117.09,0.156,3
-117.32384,33.973762,117.1,0.256,3
-117.323536,33.973762,117.33,0.462,3
-117.323232,33.973762,117.97,0.466,3
-117.322928,33.973762,118.74,0.348,3
-117.322623,33.973762,119.27,0.38,3
-117.322319,33.973762,119.35,0.372,3
-117.322015,33.973762,119.15,0.178,3
-117.321711,33.973762,118.93,0.082,3
-117.321406,33.973762,118.95,0.125,3
-117.321102,33.973762,119.06,0.31,3
-117.320798,33.973762,118.86,0.428,3
-117.320494,33.973762,118.77,0.478,3
-117.320189,33.973762,118.73,0.415,3
-117.319885,33.973762,118.95,0.343,3
-117.319581,33.973762,119.28,0.351,3
-117.319276,33.973762,119.65,0.341,3
-117.318972,33.973762,120.18,0.277,3
-117.318668,33.973762,120.81,0.237,3
-117.318364,33.973762,121.37,0.253,3
-117.318059,33.973762,121.48,0.31,3
-117.317755,33.973762,120.84,0.398,3
-117.317451,33.973762,120.68,0.377,3
-117.317147,33.973762,120.53,0.313,3
-117.316842,33.973762,120.65,0.325,3
-117.316538,33.973762,120.78,0.252,3
-117.316234,33.973762,120.93,0.273,3
-117.31593,33.973762,119.4,0.31,4
-117.315625,33.973762,118.97,0.393,4
-117.315321,33.973762,118.05,0.387,4
-117.315017,33.973762,117.56,0.374,4
-117.314712,33.973762,117.47,0.449,4
-117.314408,33.973762,117.53,0.522,4
-117.314104,33.973762,118.25,0.486,4
-117.3138,33.973762,119.15,0.358,4
-117.313495,33.973762,119.54,0.267,4
-117.313191,33.973762,119.8,0.273,4
-117.312887,33.973762,119.69,0.289,4
-117.312583,33.973762,119.95,0.34,4
-117.312278,33.973762,120.16,0.369,4
-117.311974,33.973762,120.38,0.324,4
-117.31167,33.973762,120.61,0.377,4
-117.311366,33.973762,123.79,0.43,3
-117.311061,33.973762,124.13,0.344,3
-117.310757,33.973762,123.93,0.273,3
-117.310453,33.973762,123.49,0.256,3
-117.310148,33.973762,122.73,0.299,3
-117.309844,33.973762,121.51,0.387,3
-117.30954,33.973762,120.13,0.483,3
-117.309236,33.973762,119.12,0.434,3
-117.308931,33.973762,118.69,0.27,3
-117.308627,33.973762,118.62,0.194,3
-117.308323,33.973762,118.51,0.202,3
-117.308019,33.973762,118.29,0.198,3
-117.307714,33.973762,117.97,0.186,3
-117.30741,33.973762,117.59,0.182,3
-117.307106,33.973762,117.45,0.188,3
-117.306802,33.973762,117.55,0.175,3
-117.306497,33.973762,118,0.178,3
-117.306193,33.973762,118.54,0.191,3
-117.353963,33.973457,125.51,0.443,3
-117.353659,33.973457,125.5,0.376,3
-117.353354,33.973457,125.5,0.267,3
-117.35305,33.973457,125.73,0.271,3
-117.352746,33.973457,126,0.329,3
-117.352442,33.973457,126.18,0.339,3
-117.352137,33.973457,126.46,0.306,3
-117.351833,33.973457,126.85,0.276,3
-117.351529,33.973457,127.36,0.314,3
-117.351224,33.973457,128.1,0.32,3
-117.35092,33.973457,128.87,0.296,3
-117.350616,33.973457,129.75,0.22,3
-117.350312,33.973457,130.37,0.125,3
-117.350007,33.973457,130.75,0.076,3
-117.349703,33.973457,130.88,0.067,3
-117.349399,33.973457,130.69,0.067,3
-117.349095,33.973457,129.52,0.098,3
-117.34879,33.973457,128.02,0.15,3
-117.348486,33.973457,126.68,0.226,3
-117.348182,33.973457,126.35,0.261,3
-117.347878,33.973457,126.79,0.23,3
-117.347573,33.973457,127.24,0.156,3
-117.347269,33.973457,127.14,0.08,3
-117.346965,33.973457,126.29,0.06,3
-117.34666,33.973457,125.36,0.133,3
-117.346356,33.973457,124.57,0.322,3
-117.346052,33.973457,124.03,0.435,3
-117.345748,33.973457,123.57,0.449,3
-117.345443,33.973457,123.35,0.359,3
-117.345139,33.973457,123.24,0.225,3
-117.344835,33.973457,124.13,0.216,3
-117.344531,33.973457,124.1,0.203,3
-117.344226,33.973457,123.87,0.187,3
-117.343922,33.973457,124.11,0.124,3
-117.343618,33.973457,124.45,0.06,3
-117.343314,33.973457,124.73,0.029,3
-117.343009,33.973457,124.74,0.024,3
-117.342705,33.973457,124.66,0.037,3
-117.342401,33.973457,124.77,0.061,3
-117.342096,33.973457,124.84,0.086,3
-117.341792,33.973457,124.87,0.118,3
-117.341488,33.973457,124.85,0.155,3
-117.341184,33.973457,124.82,0.129,3
-117.340879,33.973457,125.14,0.107,3
-117.340575,33.973457,124.98,0.209,3
-117.340271,33.973457,124.56,0.289,3
-117.339967,33.973457,123.71,0.226,3
-117.339662,33.973457,123.15,0.299,3
-117.339358,33.973457,120.69,0.399,4
-117.339054,33.973457,119.18,0.425,4
-117.33875,33.973457,118.68,0.386,4
-117.338445,33.973457,118.44,0.394,4
-117.338141,33.973457,118.6,0.415,4
-117.337837,33.973457,118.93,0.384,4
-117.337532,33.973457,119.1,0.371,4
-117.337228,33.973457,119.57,0.354,4
-117.336924,33.973457,120.45,0.234,4
-117.33662,33.973457,121.53,0.269,4
-117.336315,33.973457,122.64,0.363,4
-117.336011,33.973457,123.79,0.2,4
-117.335707,33.973457,125.04,0.164,4
-117.335403,33.973457,126.18,0.172,4
-117.335098,33.973457,127,0.185,4
-117.334794,33.973457,126.92,0.195,4
-117.33449,33.973457,126.39,0.179,4
-117.334186,33.973457,125.43,0.149,4
-117.333881,33.973457,124.09,0.145,4
-117.333577,33.973457,122.78,0.127,4
-117.333273,33.973457,121.66,0.076,4
-117.332968,33.973457,120.3,0.067,4
-117.332664,33.973457,118.64,0.153,4
-117.33236,33.973457,117.2,0.283,4
-117.332056,33.973457,115.75,0.378,4
-117.331751,33.973457,114.45,0.359,4
-117.331447,33.973457,113.22,0.394,4
-117.331143,33.973457,112.03,0.585,4
-117.330839,33.973457,110.73,0.641,4
-117.330534,33.973457,110.01,0.744,4
-117.33023,33.973457,110.1,0.722,4
-117.329926,33.973457,109.94,0.692,4
-117.329622,33.973457,110.18,0.68,4
-117.329317,33.973457,110.49,0.683,4
-117.329013,33.973457,110.64,0.735,4
-117.328709,33.973457,110.84,0.751,4
-117.328404,33.973457,111.44,0.612,4
-117.3281,33.973457,112.88,0.476,4
-117.327796,33.973457,114.6,0.542,4
-117.327492,33.973457,115.01,0.653,4
-117.327187,33.973457,114.58,0.706,4
-117.326883,33.973457,113.65,0.641,4
-117.326579,33.973457,112.47,0.612,4
-117.326275,33.973457,111.67,0.652,4
-117.32597,33.973457,111.62,0.658,4
-117.325666,33.973457,112.87,0.541,4
-117.325362,33.973457,115.36,0.293,3
-117.325058,33.973457,116.81,0.164,3
-117.324753,33.973457,117.42,0.127,3
-117.324449,33.973457,117.77,0.109,3
-117.324145,33.973457,117.75,0.122,3
-117.32384,33.973457,117.71,0.253,3
-117.323536,33.973457,117.91,0.419,3
-117.323232,33.973457,118.25,0.428,3
-117.322928,33.973457,118.69,0.339,3
-117.322623,33.973457,119.01,0.346,3
-117.322319,33.973457,119.09,0.332,3
-117.322015,33.973457,118.94,0.231,3
-117.321711,33.973457,118.77,0.097,3
-117.321406,33.973457,118.86,0.121,3
-117.321102,33.973457,119.16,0.198,3
-117.320798,33.973457,119.18,0.231,3
-117.320494,33.973457,119.2,0.238,3
-117.320189,33.973457,119.09,0.239,3
-117.319885,33.973457,119,0.319,3
-117.319581,33.973457,119.01,0.326,3
-117.319276,33.973457,119.19,0.304,3
-117.318972,33.973457,119.62,0.283,3
-117.318668,33.973457,120.16,0.261,3
-117.318364,33.973457,120.65,0.247,3
-117.318059,33.973457,120.64,0.255,3
-117.317755,33.973457,119.86,0.346,3
-117.317451,33.973457,119.81,0.399,3
-117.317147,33.973457,119.63,0.349,3
-117.316842,33.973457,119.82,0.355,3
-117.316538,33.973457,120.04,0.256,3
-117.316234,33.973457,120.27,0.255,3
-117.31593,33.973457,120.49,0.346,3
-117.315625,33.973457,120.61,0.413,3
-117.315321,33.973457,119.46,0.378,4
-117.315017,33.973457,118.12,0.336,4
-117.314712,33.973457,117.68,0.395,4
-117.314408,33.973457,117.73,0.471,4
-117.314104,33.973457,118.44,0.396,4
-117.3138,33.973457,119.35,0.249,4
-117.313495,33.973457,119.71,0.203,4
-117.313191,33.973457,119.92,0.223,4
-117.312887,33.973457,119.76,0.27,4
-117.312583,33.973457,120.03,0.32,4
-117.312278,33.973457,120.32,0.375,4
-117.311974,33.973457,120.66,0.36,4
-117.31167,33.973457,121.06,0.299,4
-117.311366,33.973457,123.22,0.368,3
-117.311061,33.973457,124.9,0.314,3
-117.310757,33.973457,125.13,0.271,3
-117.310453,33.973457,124.65,0.262,3
-117.310148,33.973457,123.72,0.282,3
-117.309844,33.973457,122.4,0.313,3
-117.30954,33.973457,121.01,0.324,3
-117.309236,33.973457,119.92,0.289,3
-117.308931,33.973457,119.3,0.213,3
-117.308627,33.973457,119,0.171,3
-117.308323,33.973457,118.72,0.202,3
-117.308019,33.973457,118.35,0.2,3
-117.307714,33.973457,117.79,0.185,3
-117.30741,33.973457,117.09,0.178,3
-117.307106,33.973457,116.75,0.19,3
-117.306802,33.973457,116.89,0.185,3
-117.306497,33.973457,117.33,0.192,3
-117.306193,33.973457,117.88,0.19,3
-117.353963,33.973153,124.96,0.391,3
-117.353659,33.973153,124.98,0.306,3
-117.353354,33.973153,125,0.274,3
-117.35305,33.973153,125.24,0.321,3
-117.352746,33.973153,125.47,0.318,3
-117.352442,33.973153,125.61,0.279,3
-117.352137,33.973153,125.85,0.325,3
-117.351833,33.973153,126.21,0.386,3
-117.351529,33.973153,126.74,0.333,3
-117.351224,33.973153,127.4,0.28,3
-117.35092,33.973153,128.03,0.23,3
-117.350616,33.973153,128.79,0.187,3
-117.350312,33.973153,129.41,0.122,3
-117.350007,33.973153,130.03,0.115,3
-117.349703,33.973153,130.25,0.064,3
-117.349399,33.973153,130.03,0.055,3
-117.349095,33.973153,128.9,0.094,3
-117.34879,33.973153,127.5,0.151,3
-117.348486,33.973153,126.44,0.236,3
-117.348182,33.973153,126.5,0.268,3
-117.347878,33.973153,127.34,0.196,3
-117.347573,33.973153,128.01,0.1,3
-117.347269,33.973153,127.86,0.083,3
-117.346965,33.973153,126.81,0.138,3
-117.34666,33.973153,125.57,0.203,3
-117.346356,33.973153,124.39,0.289,3
-117.346052,33.973153,123.47,0.319,3
-117.345748,33.973153,122.61,0.355,3
-117.345443,33.973153,122.15,0.306,3
-117.345139,33.973153,122,0.319,3
-117.344835,33.973153,123.22,0.371,3
-117.344531,33.973153,123.48,0.338,3
-117.344226,33.973153,123.51,0.213,3
-117.343922,33.973153,123.7,0.1,3
-117.343618,33.973153,124,0.038,3
-117.343314,33.973153,124.37,0.019,3
-117.343009,33.973153,124.5,0.027,3
-117.342705,33.973153,124.54,0.044,3
-117.342401,33.973153,124.81,0.064,3
-117.342096,33.973153,125.02,0.076,3
-117.341792,33.973153,125.16,0.076,3
-117.341488,33.973153,125.18,0.096,3
-117.341184,33.973153,125.07,0.151,3
-117.340879,33.973153,125.32,0.141,3
-117.340575,33.973153,124.95,0.203,3
-117.340271,33.973153,124.21,0.265,3
-117.339967,33.973153,123.13,0.282,3
-117.339662,33.973153,122.21,0.34,3
-117.339358,33.973153,119.58,0.449,4
-117.339054,33.973153,117.86,0.469,4
-117.33875,33.973153,117.25,0.428,4
-117.338445,33.973153,117.06,0.439,4
-117.338141,33.973153,117.4,0.451,4
-117.337837,33.973153,118.05,0.391,4
-117.337532,33.973153,118.61,0.328,4
-117.337228,33.973153,119.38,0.282,4
-117.336924,33.973153,120.29,0.201,4
-117.33662,33.973153,121.27,0.244,4
-117.336315,33.973153,122.3,0.311,4
-117.336011,33.973153,123.41,0.237,4
-117.335707,33.973153,124.53,0.191,4
-117.335403,33.973153,125.69,0.209,4
-117.335098,33.973153,126.58,0.237,4
-117.334794,33.973153,126.64,0.242,4
-117.33449,33.973153,126.42,0.206,4
-117.334186,33.973153,125.86,0.171,4
-117.333881,33.973153,124.78,0.184,4
-117.333577,33.973153,123.52,0.197,4
-117.333273,33.973153,122.28,0.16,4
-117.332968,33.973153,120.79,0.095,4
-117.332664,33.973153,119.08,0.069,4
-117.33236,33.973153,117.47,0.157,4
-117.332056,33.973153,115.93,0.321,4
-117.331751,33.973153,114.7,0.427,4
-117.331447,33.973153,113.76,0.374,4
-117.331143,33.973153,112.9,0.407,4
-117.330839,33.973153,112.04,0.433,4
-117.330534,33.973153,111.52,0.505,4
-117.33023,33.973153,111.58,0.637,4
-117.329926,33.973153,111.54,0.535,4
-117.329622,33.973153,111.86,0.497,4
-117.329317,33.973153,112.02,0.547,4
-117.329013,33.973153,111.95,0.599,4
-117.328709,33.973153,111.94,0.633,4
-117.328404,33.973153,112.64,0.567,4
-117.3281,33.973153,114.46,0.443,4
-117.327796,33.973153,116.43,0.411,4
-117.327492,33.973153,116.95,0.436,4
-117.327187,33.973153,116.37,0.552,4
-117.326883,33.973153,115.36,0.463,4
-117.326579,33.973153,113.89,0.378,4
-117.326275,33.973153,112.55,0.425,4
-117.32597,33.973153,112.14,0.483,4
-117.325666,33.973153,114.42,0.608,3
-117.325362,33.973153,115.84,0.405,3
-117.325058,33.973153,117.06,0.208,3
-117.324753,33.973153,117.84,0.138,3
-117.324449,33.973153,118.36,0.097,3
-117.324145,33.973153,118.44,0.094,3
-117.32384,33.973153,118.31,0.189,3
-117.323536,33.973153,118.23,0.288,3
-117.323232,33.973153,118.21,0.305,3
-117.322928,33.973153,118.28,0.32,3
-117.322623,33.973153,118.39,0.376,3
-117.322319,33.973153,118.52,0.382,3
-117.322015,33.973153,118.51,0.31,3
-117.321711,33.973153,118.45,0.24,3
-117.321406,33.973153,118.52,0.237,3
-117.321102,33.973153,118.78,0.19,3
-117.320798,33.973153,118.85,0.169,3
-117.320494,33.973153,118.95,0.111,3
-117.320189,33.973153,118.82,0.118,3
-117.319885,33.973153,118.57,0.273,3
-117.319581,33.973153,118.37,0.41,3
-117.319276,33.973153,118.36,0.413,3
-117.318972,33.973153,118.64,0.324,3
-117.318668,33.973153,119.04,0.231,3
-117.318364,33.973153,119.37,0.192,3
-117.318059,33.973153,119.24,0.266,3
-117.317755,33.973153,118.48,0.406,3
-117.317451,33.973153,118.32,0.421,3
-117.317147,33.973153,118.4,0.484,3
-117.316842,33.973153,118.74,0.478,3
-117.316538,33.973153,119.17,0.337,3
-117.316234,33.973153,119.57,0.323,3
-117.31593,33.973153,120,0.375,3
-117.315625,33.973153,120.49,0.317,3
-117.315321,33.973153,120.7,0.322,3
-117.315017,33.973153,119.93,0.34,3
-117.314712,33.973153,118.57,0.358,4
-117.314408,33.973153,117.97,0.388,4
-117.314104,33.973153,118.67,0.313,4
-117.3138,33.973153,119.54,0.209,4
-117.313495,33.973153,119.84,0.22,4
-117.313191,33.973153,119.98,0.245,4
-117.312887,33.973153,119.79,0.273,4
-117.312583,33.973153,120.1,0.275,4
-117.312278,33.973153,120.45,0.288,4
-117.311974,33.973153,120.88,0.321,4
-117.31167,33.973153,121.45,0.293,4
-117.311366,33.973153,122.17,0.315,4
-117.311061,33.973153,123.86,0.287,4
-117.310757,33.973153,125.47,0.248,3
-117.310453,33.973153,125.49,0.251,3
-117.310148,33.973153,124.68,0.256,3
-117.309844,33.973153,123.54,0.265,3
-117.30954,33.973153,122.26,0.261,3
-117.309236,33.973153,121.07,0.218,3
-117.308931,33.973153,120.12,0.172,3
-117.308627,33.973153,119.39,0.173,3
-117.308323,33.973153,118.75,0.198,3
-117.308019,33.973153,118.18,0.192,3
-117.307714,33.973153,117.63,0.189,3
-117.30741,33.973153,116.9,0.189,3
-117.307106,33.973153,116.35,0.196,3
-117.306802,33.973153,116.36,0.19,3
-117.306497,33.973153,116.74,0.198,3
-117.306193,33.973153,117.22,0.197,3
-117.305889,33.973153,117.71,0.198,3
-117.353963,33.972849,124.06,0.446,3
-117.353659,33.972849,124.18,0.28,3
-117.353354,33.972849,124.31,0.274,3
-117.35305,33.972849,124.63,0.332,3
-117.352746,33.972849,124.91,0.276,3
-117.352442,33.972849,125.02,0.224,3
-117.352137,33.972849,125.18,0.283,3
-117.351833,33.972849,125.46,0.342,3
-117.351529,33.972849,125.91,0.317,3
-117.351224,33.972849,126.44,0.296,3
-117.35092,33.972849,126.77,0.286,3
-117.350616,33.972849,127.38,0.223,3
-117.350312,33.972849,127.99,0.115,3
-117.350007,33.972849,129.19,0.153,3
-117.349703,33.972849,129.46,0.066,3
-117.349399,33.972849,129.18,0.058,3
-117.349095,33.972849,128.3,0.118,3
-117.34879,33.972849,127.07,0.167,3
-117.348486,33.972849,126.23,0.15,3
-117.348182,33.972849,126.32,0.193,3
-117.347878,33.972849,126.96,0.216,3
-117.347573,33.972849,127.49,0.124,3
-117.347269,33.972849,127.29,0.055,3
-117.346965,33.972849,126.17,0.076,3
-117.34666,33.972849,124.87,0.121,3
-117.346356,33.972849,123.27,0.264,3
-117.346052,33.972849,122.03,0.359,3
-117.345748,33.972849,120.78,0.38,3
-117.345443,33.972849,120.21,0.339,3
-117.345139,33.972849,120.19,0.326,3
-117.344835,33.972849,122.39,0.345,3
-117.344531,33.972849,123.09,0.319,3
-117.344226,33.972849,123.38,0.218,3
-117.343922,33.972849,123.36,0.119,3
-117.343618,33.972849,123.5,0.043,3
-117.343314,33.972849,123.84,0.016,3
-117.343009,33.972849,123.99,0.019,3
-117.342705,33.972849,124.13,0.031,3
-117.342401,33.972849,124.54,0.047,3
-117.342096,33.972849,124.91,0.044,3
-117.341792,33.972849,125.18,0.053,3
-117.341488,33.972849,125.26,0.107,3
-117.341184,33.972849,125.13,0.187,3
-117.340879,33.972849,125.47,0.153,3
-117.340575,33.972849,124.93,0.182,3
-117.340271,33.972849,123.99,0.26,3
-117.339967,33.972849,122.95,0.254,3
-117.339662,33.972849,122.01,0.305,3
-117.339358,33.972849,119.27,0.407,4
-117.339054,33.972849,117.32,0.436,4
-117.33875,33.972849,116.6,0.409,4
-117.338445,33.972849,116.52,0.405,4
-117.338141,33.972849,117.08,0.387,4
-117.337837,33.972849,117.91,0.321,4
-117.337532,33.972849,118.55,0.242,4
-117.337228,33.972849,119.32,0.176,4
-117.336924,33.972849,120.17,0.186,4
-117.33662,33.972849,121.09,0.25,4
-117.336315,33.972849,122.07,0.275,4
-117.336011,33.972849,123.13,0.224,4
-117.335707,33.972849,123.94,0.191,4
-117.335403,33.972849,124.96,0.189,4
-117.335098,33.972849,125.76,0.202,4
-117.334794,33.972849,125.74,0.212,4
-117.33449,33.972849,125.64,0.181,4
-117.334186,33.972849,125.4,0.163,4
-117.333881,33.972849,124.62,0.181,4
-117.333577,33.972849,123.59,0.208,4
-117.333273,33.972849,122.49,0.213,4
-117.332968,33.972849,121.23,0.172,4
-117.332664,33.972849,119.75,0.094,4
-117.33236,33.972849,117.95,0.07,4
-117.332056,33.972849,116.34,0.189,4
-117.331751,33.972849,115.25,0.352,4
-117.331447,33.972849,114.68,0.295,4
-117.331143,33.972849,114.34,0.244,4
-117.330839,33.972849,113.94,0.279,4
-117.330534,33.972849,113.76,0.338,4
-117.33023,33.972849,113.83,0.528,4
-117.329926,33.972849,113.69,0.369,4
-117.329622,33.972849,113.86,0.319,4
-117.329317,33.972849,113.96,0.395,4
-117.329013,33.972849,113.73,0.421,4
-117.328709,33.972849,113.61,0.512,4
-117.328404,33.972849,114.3,0.64,4
-117.3281,33.972849,116.02,0.568,4
-117.327796,33.972849,117.78,0.327,4
-117.327492,33.972849,118.21,0.193,4
-117.327187,33.972849,117.74,0.282,4
-117.326883,33.972849,116.9,0.322,4
-117.326579,33.972849,115.5,0.145,4
-117.326275,33.972849,115.34,0.253,3
-117.32597,33.972849,114.32,0.472,3
-117.325666,33.972849,114.8,0.528,3
-117.325362,33.972849,115.61,0.33,3
-117.325058,33.972849,116.76,0.179,3
-117.324753,33.972849,117.57,0.165,3
-117.324449,33.972849,118.19,0.108,3
-117.324145,33.972849,118.37,0.052,3
-117.32384,33.972849,118.25,0.088,3
-117.323536,33.972849,118.01,0.113,3
-117.323232,33.972849,117.68,0.097,3
-117.322928,33.972849,117.67,0.207,3
-117.322623,33.972849,118.1,0.412,3
-117.322319,33.972849,118.31,0.446,3
-117.322015,33.972849,118.45,0.341,3
-117.321711,33.972849,118.43,0.321,3
-117.321406,33.972849,118.28,0.296,3
-117.321102,33.972849,118.13,0.281,3
-117.320798,33.972849,118.62,0.296,3
-117.320494,33.972849,118.83,0.254,3
-117.320189,33.972849,118.92,0.207,3
-117.319885,33.972849,118.08,0.285,3
-117.319581,33.972849,117.44,0.438,3
-117.319276,33.972849,117.39,0.427,3
-117.318972,33.972849,117.43,0.316,3
-117.318668,33.972849,117.55,0.243,3
-117.318364,33.972849,117.66,0.232,3
-117.318059,33.972849,117.43,0.362,3
-117.317755,33.972849,117.31,0.532,3
-117.317451,33.972849,117.18,0.474,3
-117.317147,33.972849,117.53,0.487,3
-117.316842,33.972849,118.08,0.446,3
-117.316538,33.972849,118.72,0.362,3
-117.316234,33.972849,119.31,0.395,3
-117.31593,33.972849,119.57,0.432,3
-117.315625,33.972849,120.18,0.352,3
-117.315321,33.972849,120.65,0.341,3
-117.315017,33.972849,120.98,0.337,3
-117.314712,33.972849,120.4,0.313,3
-117.314408,33.972849,118.92,0.335,4
-117.314104,33.972849,118.42,0.306,4
-117.3138,33.972849,118.93,0.243,4
-117.313495,33.972849,119.09,0.274,4
-117.313191,33.972849,119.19,0.315,4
-117.312887,33.972849,119.21,0.307,4
-117.312583,33.972849,119.59,0.26,4
-117.312278,33.972849,120.03,0.224,4
-117.311974,33.972849,120.5,0.26,4
-117.31167,33.972849,121.2,0.287,4
-117.311366,33.972849,122.12,0.285,4
-117.311061,33.972849,122.74,0.27,4
-117.310757,33.972849,124.93,0.257,3
-117.310453,33.972849,125.51,0.239,3
-117.310148,33.972849,124.99,0.237,3
-117.309844,33.972849,124,0.235,3
-117.30954,33.972849,122.82,0.233,3
-117.309236,33.972849,121.57,0.218,3
-117.308931,33.972849,120.45,0.19,3
-117.308627,33.972849,119.52,0.189,3
-117.308323,33.972849,118.55,0.212,3
-117.308019,33.972849,117.77,0.195,3
-117.307714,33.972849,117.17,0.193,3
-117.30741,33.972849,116.58,0.193,3
-117.307106,33.972849,116,0.195,3
-117.306802,33.972849,115.77,0.189,3
-117.306497,33.972849,115.98,0.196,3
-117.306193,33.972849,116.4,0.203,3
-117.305889,33.972849,116.97,0.204,3
-117.353963,33.972545,123.8,0.432,3
-117.353659,33.972545,124,0.301,3
-117.353354,33.972545,124.25,0.239,3
-117.35305,33.972545,124.67,0.263,3
-117.352746,33.972545,125,0.254,3
-117.352442,33.972545,125.11,0.242,3
-117.352137,33.972545,125.23,0.273,3
-117.351833,33.972545,125.42,0.29,3
-117.351529,33.972545,125.77,0.309,3
-117.351224,33.972545,126.18,0.303,3
-117.35092,33.972545,126.35,0.24,3
-117.350616,33.972545,126.8,0.22,3
-117.350312,33.972545,127.28,0.132,3
-117.350007,33.972545,128.42,0.134,3
-117.349703,33.972545,128.67,0.07,3
-117.349399,33.972545,128.43,0.063,3
-117.349095,33.972545,127.85,0.105,3
-117.34879,33.972545,127.02,0.137,3
-117.348486,33.972545,126.33,0.12,3
-117.348182,33.972545,126.04,0.155,3
-117.347878,33.972545,125.99,0.196,3
-117.347573,33.972545,125.93,0.142,3
-117.347269,33.972545,125.5,0.069,3
-117.346965,33.972545,124.46,0.066,3
-117.34666,33.972545,123.23,0.1,3
-117.346356,33.972545,121.65,0.302,3
-117.346052,33.972545,120.26,0.456,3
-117.345748,33.972545,119,0.483,3
-117.345443,33.972545,118.59,0.407,3
-117.345139,33.972545,118.92,0.336,3
-117.344835,33.972545,121.42,0.35,3
-117.344531,33.972545,122.45,0.324,3
-117.344226,33.972545,122.96,0.251,3
-117.343922,33.972545,123.05,0.163,3
-117.343618,33.972545,123.2,0.068,3
-117.343314,33.972545,123.52,0.025,3
-117.343009,33.972545,123.66,0.019,3
-117.342705,33.972545,123.86,0.032,3
-117.342401,33.972545,124.4,0.056,3
-117.342096,33.972545,124.9,0.042,3
-117.341792,33.972545,125.26,0.059,3
-117.341488,33.972545,125.38,0.097,3
-117.341184,33.972545,125.3,0.113,3
-117.340879,33.972545,125.66,0.08,3
-117.340575,33.972545,125.02,0.075,3
-117.340271,33.972545,123.97,0.192,3
-117.339967,33.972545,122.94,0.209,3
-117.339662,33.972545,122.13,0.306,3
-117.339358,33.972545,119.5,0.403,4
-117.339054,33.972545,117.62,0.426,4
-117.33875,33.972545,117,0.398,4
-117.338445,33.972545,117.03,0.412,4
-117.338141,33.972545,117.6,0.42,4
-117.337837,33.972545,118.35,0.352,4
-117.337532,33.972545,118.85,0.279,4
-117.337228,33.972545,119.45,0.262,4
-117.336924,33.972545,120.17,0.283,4
-117.33662,33.972545,121,0.321,4
-117.336315,33.972545,121.99,0.285,4
-117.336011,33.972545,123.11,0.207,4
-117.335707,33.972545,123.92,0.18,4
-117.335403,33.972545,124.8,0.169,4
-117.335098,33.972545,125.41,0.167,4
-117.334794,33.972545,125.27,0.186,4
-117.33449,33.972545,125.17,0.166,4
-117.334186,33.972545,125.06,0.155,4
-117.333881,33.972545,124.54,0.169,4
-117.333577,33.972545,123.81,0.185,4
-117.333273,33.972545,122.96,0.19,4
-117.332968,33.972545,121.82,0.184,4
-117.332664,33.972545,120.36,0.151,4
-117.33236,33.972545,118.55,0.087,4
-117.332056,33.972545,116.99,0.076,4
-117.331751,33.972545,115.96,0.199,4
-117.331447,33.972545,115.43,0.331,4
-117.331143,33.972545,115.3,0.252,4
-117.330839,33.972545,114.93,0.342,4
-117.330534,33.972545,114.9,0.33,4
-117.33023,33.972545,114.97,0.402,4
-117.329926,33.972545,114.67,0.348,4
-117.329622,33.972545,114.62,0.367,4
-117.329317,33.972545,114.67,0.456,4
-117.329013,33.972545,114.52,0.491,4
-117.328709,33.972545,114.53,0.594,4
-117.328404,33.972545,115.36,0.731,4
-117.3281,33.972545,117.15,0.645,4
-117.327796,33.972545,118.93,0.351,4
-117.327492,33.972545,119.55,0.139,4
-117.327187,33.972545,119.25,0.149,4
-117.326883,33.972545,118.17,0.236,4
-117.326579,33.972545,116.77,0.133,4
-117.326275,33.972545,118.07,0.201,3
-117.32597,33.972545,116.13,0.373,3
-117.325666,33.972545,115.28,0.33,3
-117.325362,33.972545,115.31,0.174,3
-117.325058,33.972545,116.16,0.122,3
-117.324753,33.972545,116.97,0.152,3
-117.324449,33.972545,117.71,0.094,3
-117.324145,33.972545,117.94,0.043,3
-117.32384,33.972545,117.79,0.078,3
-117.323536,33.972545,117.46,0.1,3
-117.323232,33.972545,116.99,0.095,3
-117.322928,33.972545,117.09,0.173,3
-117.322623,33.972545,118.04,0.332,3
-117.322319,33.972545,118.53,0.436,3
-117.322015,33.972545,118.79,0.34,3
-117.321711,33.972545,118.62,0.327,3
-117.321406,33.972545,118.07,0.321,3
-117.321102,33.972545,117.42,0.338,3
-117.320798,33.972545,117.96,0.495,3
-117.320494,33.972545,118.21,0.567,3
-117.320189,33.972545,118.5,0.463,3
-117.319885,33.972545,117.42,0.332,3
-117.319581,33.972545,116.7,0.338,3
-117.319276,33.972545,116.61,0.37,3
-117.318972,33.972545,116.43,0.357,3
-117.318668,33.972545,116.38,0.291,3
-117.318364,33.972545,116.4,0.264,3
-117.318059,33.972545,116.12,0.416,3
-117.317755,33.972545,116.35,0.551,3
-117.317451,33.972545,116.3,0.52,3
-117.317147,33.972545,116.89,0.469,3
-117.316842,33.972545,117.64,0.325,3
-117.316538,33.972545,118.36,0.263,3
-117.316234,33.972545,119.04,0.424,3
-117.31593,33.972545,119.15,0.492,3
-117.315625,33.972545,119.8,0.496,3
-117.315321,33.972545,120.49,0.453,3
-117.315017,33.972545,120.81,0.395,3
-117.314712,33.972545,120.84,0.325,3
-117.314408,33.972545,120.32,0.332,3
-117.314104,33.972545,119.03,0.366,3
-117.3138,33.972545,118.08,0.335,4
-117.313495,33.972545,118.14,0.299,4
-117.313191,33.972545,118.1,0.326,4
-117.312887,33.972545,118.04,0.343,4
-117.312583,33.972545,118.27,0.307,4
-117.312278,33.972545,118.71,0.293,4
-117.311974,33.972545,119.23,0.299,4
-117.31167,33.972545,120.14,0.308,4
-117.311366,33.972545,121.32,0.333,4
-117.311061,33.972545,123.55,0.261,3
-117.310757,33.972545,124.76,0.271,3
-117.310453,33.972545,125.14,0.284,3
-117.310148,33.972545,124.9,0.258,3
-117.309844,33.972545,124.06,0.237,3
-117.30954,33.972545,122.94,0.251,3
-117.309236,33.972545,121.73,0.243,3
-117.308931,33.972545,120.62,0.188,3
-117.308627,33.972545,119.62,0.167,3
-117.308323,33.972545,118.5,0.204,3
-117.308019,33.972545,117.63,0.194,3
-117.307714,33.972545,116.95,0.189,3
-117.30741,33.972545,116.4,0.187,3
-117.307106,33.972545,115.88,0.195,3
-117.306802,33.972545,115.56,0.194,3
-117.306497,33.972545,115.54,0.19,3
-117.306193,33.972545,115.76,0.196,3
-117.305889,33.972545,116.47,0.199,3
-117.305584,33.972545,117.74,0.196,3
-117.353963,33.97224,123.55,0.444,3
-117.353659,33.97224,123.76,0.357,3
-117.353354,33.97224,124.05,0.286,3
-117.35305,33.97224,124.54,0.294,3
-117.352746,33.97224,124.94,0.263,3
-117.352442,33.97224,125.1,0.189,3
-117.352137,33.97224,125.25,0.167,3
-117.351833,33.97224,125.44,0.163,3
-117.351529,33.97224,125.71,0.177,3
-117.351224,33.97224,125.99,0.193,3
-117.35092,33.97224,126,0.199,3
-117.350616,33.97224,126.29,0.243,3
-117.350312,33.97224,126.54,0.163,3
-117.350007,33.97224,127.52,0.08,3
-117.349703,33.97224,127.79,0.053,3
-117.349399,33.97224,127.76,0.05,3
-117.349095,33.97224,127.42,0.055,3
-117.34879,33.97224,126.7,0.091,3
-117.348486,33.97224,125.89,0.112,3
-117.348182,33.97224,125.18,0.146,3
-117.347878,33.97224,124.5,0.183,3
-117.347573,33.97224,123.78,0.19,3
-117.347269,33.97224,123.03,0.178,3
-117.346965,33.97224,122.13,0.15,3
-117.34666,33.97224,120.94,0.164,3
-117.346356,33.97224,119.67,0.301,3
-117.346052,33.97224,118.4,0.413,3
-117.345748,33.97224,117.33,0.439,3
-117.345443,33.97224,117.06,0.361,3
-117.345139,33.97224,117.66,0.324,3
-117.344835,33.97224,120.25,0.336,3
-117.344531,33.97224,121.46,0.312,3
-117.344226,33.97224,122.15,0.238,3
-117.343922,33.97224,122.43,0.212,3
-117.343618,33.97224,122.72,0.168,3
-117.343314,33.97224,123.11,0.119,3
-117.343009,33.97224,123.32,0.086,3
-117.342705,33.97224,123.59,0.069,3
-117.342401,33.97224,124.22,0.068,3
-117.342096,33.97224,124.8,0.056,3
-117.341792,33.97224,125.19,0.087,3
-117.341488,33.97224,125.37,0.119,3
-117.341184,33.97224,125.41,0.083,3
-117.340879,33.97224,125.92,0.079,3
-117.340575,33.97224,125.2,0.103,3
-117.340271,33.97224,124,0.177,3
-117.339967,33.97224,123.09,0.176,3
-117.339662,33.97224,122.62,0.295,3
-117.339358,33.97224,120.53,0.407,4
-117.339054,33.97224,119.06,0.425,4
-117.33875,33.97224,118.65,0.396,4
-117.338445,33.97224,118.72,0.414,4
-117.338141,33.97224,119.19,0.437,4
-117.337837,33.97224,119.65,0.39,4
-117.337532,33.97224,119.78,0.378,4
-117.337228,33.97224,120.02,0.464,4
-117.336924,33.97224,120.44,0.46,4
-117.33662,33.97224,121.06,0.453,4
-117.336315,33.97224,122.01,0.331,4
-117.336011,33.97224,123.26,0.197,4
-117.335707,33.97224,124.15,0.188,4
-117.335403,33.97224,124.98,0.182,4
-117.335098,33.97224,125.48,0.188,4
-117.334794,33.97224,125.25,0.193,4
-117.33449,33.97224,125.06,0.176,4
-117.334186,33.97224,124.94,0.162,4
-117.333881,33.97224,124.5,0.169,4
-117.333577,33.97224,123.95,0.178,4
-117.333273,33.97224,123.28,0.173,4
-117.332968,33.97224,122.31,0.162,4
-117.332664,33.97224,121.07,0.144,4
-117.33236,33.97224,119.46,0.111,4
-117.332056,33.97224,118.01,0.073,4
-117.331751,33.97224,116.91,0.092,4
-117.331447,33.97224,116.14,0.256,4
-117.331143,33.97224,115.74,0.299,4
-117.330839,33.97224,115.19,0.248,4
-117.330534,33.97224,115.01,0.262,4
-117.33023,33.97224,115.01,0.383,4
-117.329926,33.97224,114.75,0.518,4
-117.329622,33.97224,114.73,0.562,4
-117.329317,33.97224,114.88,0.549,4
-117.329013,33.97224,114.9,0.531,4
-117.328709,33.97224,115.11,0.604,4
-117.328404,33.97224,116.03,0.705,4
-117.3281,33.97224,117.59,0.625,4
-117.327796,33.97224,119.1,0.358,4
-117.327492,33.97224,119.78,0.166,4
-117.327187,33.97224,119.39,0.151,4
-117.326883,33.97224,118.37,0.188,4
-117.326579,33.97224,117.18,0.144,4
-117.326275,33.97224,118.72,0.153,3
-117.32597,33.97224,116.52,0.275,3
-117.325666,33.97224,115.81,0.479,3
-117.325362,33.97224,115.18,0.354,3
-117.325058,33.97224,115.7,0.216,3
-117.324753,33.97224,116.55,0.175,3
-117.324449,33.97224,117.39,0.084,3
-117.324145,33.97224,117.56,0.048,3
-117.32384,33.97224,117.21,0.101,3
-117.323536,33.97224,116.75,0.149,3
-117.323232,33.97224,116.32,0.187,3
-117.322928,33.97224,116.66,0.223,3
-117.322623,33.97224,118.04,0.24,3
-117.322319,33.97224,119.01,0.335,3
-117.322015,33.97224,119.54,0.286,3
-117.321711,33.97224,119.17,0.326,3
-117.321406,33.97224,118.46,0.453,3
-117.321102,33.97224,117.6,0.403,3
-117.320798,33.97224,117.83,0.505,3
-117.320494,33.97224,117.75,0.613,3
-117.320189,33.97224,117.84,0.635,3
-117.319885,33.97224,116.55,0.464,3
-117.319581,33.97224,115.91,0.358,3
-117.319276,33.97224,115.84,0.382,3
-117.318972,33.97224,115.66,0.373,3
-117.318668,33.97224,115.58,0.3,3
-117.318364,33.97224,115.52,0.273,3
-117.318059,33.97224,115.45,0.328,3
-117.317755,33.97224,115.63,0.446,3
-117.317451,33.97224,115.6,0.569,3
-117.317147,33.97224,116.18,0.49,3
-117.316842,33.97224,117.18,0.407,3
-117.316538,33.97224,118.16,0.236,3
-117.316234,33.97224,118.91,0.388,3
-117.31593,33.97224,118.96,0.498,3
-117.315625,33.97224,119.5,0.548,3
-117.315321,33.97224,120.18,0.492,3
-117.315017,33.97224,120.5,0.432,3
-117.314712,33.97224,120.49,0.322,3
-117.314408,33.97224,120.29,0.275,3
-117.314104,33.97224,119.87,0.381,3
-117.3138,33.97224,118.62,0.429,3
-117.313495,33.97224,117.12,0.306,4
-117.313191,33.97224,116.9,0.261,4
-117.312887,33.97224,116.44,0.335,4
-117.312583,33.97224,116.29,0.366,4
-117.312278,33.97224,116.56,0.321,4
-117.311974,33.97224,117.02,0.343,4
-117.31167,33.97224,118.19,0.342,4
-117.311366,33.97224,119.64,0.314,4
-117.311061,33.97224,122.98,0.24,3
-117.310757,33.97224,124.08,0.254,3
-117.310453,33.97224,124.33,0.288,3
-117.310148,33.97224,124.25,0.289,3
-117.309844,33.97224,123.73,0.281,3
-117.30954,33.97224,122.86,0.275,3
-117.309236,33.97224,121.8,0.254,3
-117.308931,33.97224,120.82,0.205,3
-117.308627,33.97224,119.9,0.164,3
-117.308323,33.97224,118.7,0.183,3
-117.308019,33.97224,117.63,0.213,3
-117.307714,33.97224,116.75,0.205,3
-117.30741,33.97224,116.07,0.187,3
-117.307106,33.97224,115.55,0.192,3
-117.306802,33.97224,115.26,0.189,3
-117.306497,33.97224,115.11,0.183,3
-117.306193,33.97224,115.14,0.178,3
-117.305889,33.97224,116.1,0.188,3
-117.305584,33.97224,117.82,0.193,3
-117.353963,33.971936,123.18,0.346,3
-117.353659,33.971936,123.34,0.313,3
-117.353354,33.971936,123.63,0.285,3
-117.35305,33.971936,124.18,0.291,3
-117.352746,33.971936,124.68,0.287,3
-117.352442,33.971936,124.95,0.266,3
-117.352137,33.971936,125.17,0.268,3
-117.351833,33.971936,125.37,0.268,3
-117.351529,33.971936,125.58,0.245,3
-117.351224,33.971936,125.76,0.287,3
-117.35092,33.971936,125.65,0.281,3
-117.350616,33.971936,125.78,0.265,3
-117.350312,33.971936,125.82,0.259,3
-117.350007,33.971936,126.65,0.16,3
-117.349703,33.971936,126.81,0.115,3
-117.349399,33.971936,126.8,0.106,3
-117.349095,33.971936,126.52,0.094,3
-117.34879,33.971936,125.88,0.098,3
-117.348486,33.971936,124.86,0.139,3
-117.348182,33.971936,123.73,0.221,3
-117.347878,33.971936,122.49,0.286,3
-117.347573,33.971936,121.29,0.306,3
-117.347269,33.971936,120.39,0.325,3
-117.346965,33.971936,119.5,0.341,3
-117.34666,33.971936,118.49,0.353,3
-117.346356,33.971936,117.57,0.364,3
-117.346052,33.971936,116.63,0.387,3
-117.345748,33.971936,115.89,0.4,3
-117.345443,33.971936,115.69,0.362,3
-117.345139,33.971936,116.09,0.36,3
-117.344835,33.971936,118.74,0.361,3
-117.344531,33.971936,120.1,0.326,3
-117.344226,33.971936,121,0.209,3
-117.343922,33.971936,121.55,0.239,3
-117.343618,33.971936,122.1,0.259,3
-117.343314,33.971936,122.71,0.225,3
-117.343009,33.971936,123.08,0.208,3
-117.342705,33.971936,123.47,0.188,3
-117.342401,33.971936,124.17,0.15,3
-117.342096,33.971936,124.75,0.138,3
-117.341792,33.971936,125.13,0.148,3
-117.341488,33.971936,125.33,0.142,3
-117.341184,33.971936,125.46,0.129,3
-117.340879,33.971936,126.14,0.163,3
-117.340575,33.971936,125.45,0.326,3
-117.340271,33.971936,124.37,0.352,3
-117.339967,33.971936,123.68,0.213,3
-117.339662,33.971936,123.61,0.27,3
-117.339358,33.971936,122.25,0.362,4
-117.339054,33.971936,121.4,0.34,4
-117.33875,33.971936,121.33,0.288,4
-117.338445,33.971936,121.48,0.287,4
-117.338141,33.971936,121.84,0.296,4
-117.337837,33.971936,122.01,0.28,4
-117.337532,33.971936,121.56,0.3,4
-117.337228,33.971936,121.07,0.364,4
-117.336924,33.971936,120.98,0.351,4
-117.33662,33.971936,121.33,0.315,4
-117.336315,33.971936,122.08,0.263,4
-117.336011,33.971936,123.27,0.212,4
-117.335707,33.971936,124.19,0.186,4
-117.335403,33.971936,125.04,0.191,4
-117.335098,33.971936,125.59,0.193,4
-117.334794,33.971936,125.4,0.185,4
-117.33449,33.971936,125.16,0.153,4
-117.334186,33.971936,124.92,0.14,4
-117.333881,33.971936,124.41,0.168,4
-117.333577,33.971936,123.89,0.174,4
-117.333273,33.971936,123.4,0.14,4
-117.332968,33.971936,122.73,0.114,4
-117.332664,33.971936,121.85,0.101,4
-117.33236,33.971936,120.58,0.095,4
-117.332056,33.971936,119.31,0.117,4
-117.331751,33.971936,118.04,0.081,4
-117.331447,33.971936,116.91,0.086,4
-117.331143,33.971936,116.04,0.211,4
-117.330839,33.971936,115.27,0.19,4
-117.330534,33.971936,114.95,0.36,4
-117.33023,33.971936,114.84,0.444,4
-117.329926,33.971936,114.52,0.587,4
-117.329622,33.971936,114.56,0.648,4
-117.329317,33.971936,114.88,0.673,4
-117.329013,33.971936,115.11,0.652,4
-117.328709,33.971936,115.5,0.611,4
-117.328404,33.971936,116.43,0.571,4
-117.3281,33.971936,117.67,0.516,4
-117.327796,33.971936,118.7,0.474,4
-117.327492,33.971936,119.16,0.444,4
-117.327187,33.971936,118.86,0.355,4
-117.326883,33.971936,118.12,0.267,4
-117.326579,33.971936,117.2,0.292,4
-117.326275,33.971936,118.72,0.342,3
-117.32597,33.971936,116.94,0.491,3
-117.325666,33.971936,116,0.44,3
-117.325362,33.971936,114.95,0.401,3
-117.325058,33.971936,115.37,0.266,3
-117.324753,33.971936,116.4,0.329,3
-117.324449,33.971936,117.36,0.277,3
-117.324145,33.971936,117.42,0.25,3
-117.32384,33.971936,116.85,0.253,3
-117.323536,33.971936,116.27,0.176,3
-117.323232,33.971936,115.94,0.141,3
-117.322928,33.971936,116.57,0.171,3
-117.322623,33.971936,118.37,0.201,3
-117.322319,33.971936,119.74,0.33,3
-117.322015,33.971936,120.64,0.278,3
-117.321711,33.971936,120.65,0.304,3
-117.321406,33.971936,120.25,0.469,3
-117.321102,33.971936,119.4,0.529,3
-117.320798,33.971936,119.27,0.493,3
-117.320494,33.971936,118.47,0.479,3
-117.320189,33.971936,117.8,0.528,3
-117.319885,33.971936,115.88,0.481,3
-117.319581,33.971936,114.97,0.368,3
-117.319276,33.971936,114.82,0.353,3
-117.318972,33.971936,114.7,0.338,3
-117.318668,33.971936,114.66,0.311,3
-117.318364,33.971936,114.58,0.343,3
-117.318059,33.971936,114.76,0.305,3
-117.317755,33.971936,115.17,0.318,3
-117.317451,33.971936,115.2,0.477,3
-117.317147,33.971936,115.88,0.451,3
-117.316842,33.971936,117.2,0.416,3
-117.316538,33.971936,118.46,0.319,3
-117.316234,33.971936,119.31,0.453,3
-117.31593,33.971936,119.4,0.523,3
-117.315625,33.971936,119.9,0.445,3
-117.315321,33.971936,120.34,0.354,3
-117.315017,33.971936,120.43,0.339,3
-117.314712,33.971936,120.26,0.309,3
-117.314408,33.971936,119.89,0.323,3
-117.314104,33.971936,119.47,0.442,3
-117.3138,33.971936,118.18,0.502,3
-117.313495,33.971936,116.28,0.406,4
-117.313191,33.971936,115.56,0.342,4
-117.312887,33.971936,114.75,0.38,4
-117.312583,33.971936,114.15,0.459,4
-117.312278,33.971936,114.09,0.441,4
-117.311974,33.971936,114.48,0.468,4
-117.31167,33.971936,115.68,0.443,4
-117.311366,33.971936,117.34,0.316,4
-117.311061,33.971936,121.16,0.264,3
-117.310757,33.971936,122.58,0.26,3
-117.310453,33.971936,123.13,0.285,3
-117.310148,33.971936,123.43,0.276,3
-117.309844,33.971936,123.26,0.276,3
-117.30954,33.971936,122.7,0.288,3
-117.309236,33.971936,121.91,0.254,3
-117.308931,33.971936,121.11,0.187,3
-117.308627,33.971936,120.26,0.156,3
-117.308323,33.971936,118.98,0.191,3
-117.308019,33.971936,117.63,0.256,3
-117.307714,33.971936,116.41,0.243,3
-117.30741,33.971936,115.38,0.189,3
-117.307106,33.971936,114.74,0.181,3
-117.306802,33.971936,114.49,0.188,3
-117.306497,33.971936,114.42,0.186,3
-117.306193,33.971936,114.62,0.172,3
-117.305889,33.971936,115.76,0.179,3
-117.305584,33.971936,117.54,0.191,3
-117.30528,33.971936,118.8,0.199,3
-117.353963,33.971632,122.7,0.326,3
-117.353659,33.971632,122.83,0.371,3
-117.353354,33.971632,123.1,0.314,3
-117.35305,33.971632,123.72,0.271,3
-117.352746,33.971632,124.38,0.298,3
-117.352442,33.971632,124.76,0.295,3
-117.352137,33.971632,125.03,0.27,3
-117.351833,33.971632,125.22,0.266,3
-117.351529,33.971632,125.36,0.236,3
-117.351224,33.971632,125.43,0.244,3
-117.35092,33.971632,125.18,0.265,3
-117.350616,33.971632,125.2,0.305,3
-117.350312,33.971632,125.12,0.295,3
-117.350007,33.971632,125.82,0.268,3
-117.349703,33.971632,125.85,0.233,3
-117.349399,33.971632,125.74,0.22,3
-117.349095,33.971632,125.43,0.206,3
-117.34879,33.971632,124.8,0.153,3
-117.348486,33.971632,123.53,0.16,3
-117.348182,33.971632,121.92,0.313,3
-117.347878,33.971632,120.13,0.427,3
-117.347573,33.971632,118.66,0.409,3
-117.347269,33.971632,117.88,0.414,3
-117.346965,33.971632,117.12,0.451,3
-117.34666,33.971632,116.4,0.45,3
-117.346356,33.971632,115.64,0.446,3
-117.346052,33.971632,114.92,0.471,3
-117.345748,33.971632,114.49,0.46,3
-117.345443,33.971632,114.49,0.432,3
-117.345139,33.971632,114.79,0.445,3
-117.344835,33.971632,117.54,0.479,3
-117.344531,33.971632,118.94,0.389,3
-117.344226,33.971632,119.98,0.249,3
-117.343922,33.971632,120.75,0.287,3
-117.343618,33.971632,121.55,0.34,3
-117.343314,33.971632,122.41,0.305,3
-117.343009,33.971632,122.98,0.27,3
-117.342705,33.971632,123.49,0.254,3
-117.342401,33.971632,124.22,0.221,3
-117.342096,33.971632,124.76,0.208,3
-117.341792,33.971632,125.01,0.192,3
-117.341488,33.971632,125.07,0.156,3
-117.341184,33.971632,125.16,0.148,3
-117.340879,33.971632,125.84,0.228,3
-117.340575,33.971632,125.31,0.441,3
-117.340271,33.971632,124.56,0.434,3
-117.339967,33.971632,124.25,0.243,3
-117.339662,33.971632,124.5,0.302,3
-117.339358,33.971632,123.54,0.381,4
-117.339054,33.971632,123.44,0.305,4
-117.33875,33.971632,123.99,0.218,4
-117.338445,33.971632,124.41,0.211,4
-117.338141,33.971632,124.84,0.235,4
-117.337837,33.971632,124.88,0.244,4
-117.337532,33.971632,123.93,0.252,4
-117.337228,33.971632,122.69,0.27,4
-117.336924,33.971632,121.8,0.245,4
-117.33662,33.971632,121.63,0.248,4
-117.336315,33.971632,122,0.286,4
-117.336011,33.971632,122.8,0.205,4
-117.335707,33.971632,123.49,0.166,4
-117.335403,33.971632,124.4,0.129,4
-117.335098,33.971632,125.09,0.161,4
-117.334794,33.971632,125.1,0.183,4
-117.33449,33.971632,125.02,0.118,4
-117.334186,33.971632,124.82,0.109,4
-117.333881,33.971632,124.25,0.144,4
-117.333577,33.971632,123.74,0.189,4
-117.333273,33.971632,123.45,0.206,4
-117.332968,33.971632,123.18,0.207,4
-117.332664,33.971632,122.8,0.239,4
-117.33236,33.971632,121.97,0.225,4
-117.332056,33.971632,120.86,0.232,4
-117.331751,33.971632,119.56,0.193,4
-117.331447,33.971632,118.25,0.081,4
-117.331143,33.971632,116.98,0.061,4
-117.330839,33.971632,115.73,0.186,4
-117.330534,33.971632,115.13,0.517,4
-117.33023,33.971632,114.99,0.525,4
-117.329926,33.971632,114.77,0.359,4
-117.329622,33.971632,114.84,0.439,4
-117.329317,33.971632,115.17,0.589,4
-117.329013,33.971632,115.42,0.493,4
-117.328709,33.971632,115.83,0.319,4
-117.328404,33.971632,116.68,0.309,4
-117.3281,33.971632,117.65,0.394,4
-117.327796,33.971632,118.32,0.453,4
-117.327492,33.971632,118.54,0.476,4
-117.327187,33.971632,118.26,0.39,4
-117.326883,33.971632,117.93,0.172,4
-117.326579,33.971632,119.58,0.331,3
-117.326275,33.971632,118.6,0.288,3
-117.32597,33.971632,117.07,0.398,3
-117.325666,33.971632,115.72,0.356,3
-117.325362,33.971632,114.89,0.257,3
-117.325058,33.971632,115.61,0.233,3
-117.324753,33.971632,116.56,0.423,3
-117.324449,33.971632,117.35,0.432,3
-117.324145,33.971632,117.41,0.388,3
-117.32384,33.971632,116.88,0.401,3
-117.323536,33.971632,116.36,0.272,3
-117.323232,33.971632,116.2,0.083,3
-117.322928,33.971632,117.02,0.086,3
-117.322623,33.971632,118.94,0.14,3
-117.322319,33.971632,120.4,0.201,3
-117.322015,33.971632,121.48,0.176,3
-117.321711,33.971632,121.96,0.303,3
-117.321406,33.971632,121.92,0.433,3
-117.321102,33.971632,121.36,0.41,3
-117.320798,33.971632,120.96,0.424,3
-117.320494,33.971632,119.39,0.407,3
-117.320189,33.971632,117.8,0.441,3
-117.319885,33.971632,115.16,0.498,3
-117.319581,33.971632,113.71,0.468,3
-117.319276,33.971632,113.42,0.458,3
-117.318972,33.971632,113.34,0.47,3
-117.318668,33.971632,113.52,0.41,3
-117.318364,33.971632,113.88,0.337,3
-117.318059,33.971632,114.4,0.341,3
-117.317755,33.971632,115.16,0.401,3
-117.317451,33.971632,115.56,0.54,3
-117.317147,33.971632,116.46,0.537,3
-117.316842,33.971632,117.73,0.364,3
-117.316538,33.971632,118.95,0.277,3
-117.316234,33.971632,119.75,0.307,3
-117.31593,33.971632,119.73,0.369,3
-117.315625,33.971632,120.29,0.404,3
-117.315321,33.971632,120.6,0.351,3
-117.315017,33.971632,120.44,0.306,3
-117.314712,33.971632,120.09,0.305,3
-117.314408,33.971632,119.66,0.372,3
-117.314104,33.971632,119.25,0.435,3
-117.3138,33.971632,118.84,0.432,3
-117.313495,33.971632,117.58,0.429,3
-117.313191,33.971632,115.2,0.48,4
-117.312887,33.971632,113.66,0.576,4
-117.312583,33.971632,112.8,0.634,4
-117.312278,33.971632,112.52,0.606,4
-117.311974,33.971632,112.83,0.667,4
-117.31167,33.971632,113.83,0.606,4
-117.311366,33.971632,115.47,0.349,4
-117.311061,33.971632,119.15,0.357,3
-117.310757,33.971632,120.64,0.384,3
-117.310453,33.971632,121.67,0.323,3
-117.310148,33.971632,122.48,0.247,3
-117.309844,33.971632,122.74,0.242,3
-117.30954,33.971632,122.55,0.302,3
-117.309236,33.971632,122.02,0.304,3
-117.308931,33.971632,121.38,0.21,3
-117.308627,33.971632,120.63,0.152,3
-117.308323,33.971632,119.31,0.181,3
-117.308019,33.971632,117.75,0.185,3
-117.307714,33.971632,116.24,0.206,3
-117.30741,33.971632,115.06,0.256,3
-117.307106,33.971632,114.26,0.211,3
-117.306802,33.971632,113.92,0.189,3
-117.306497,33.971632,113.88,0.185,3
-117.306193,33.971632,114.2,0.179,3
-117.305889,33.971632,115.17,0.179,3
-117.305584,33.971632,116.55,0.185,3
-117.30528,33.971632,117.47,0.193,3
-117.353963,33.971328,122.18,0.352,3
-117.353659,33.971328,122.27,0.425,3
-117.353354,33.971328,122.56,0.378,3
-117.35305,33.971328,123.32,0.267,3
-117.352746,33.971328,124.17,0.223,3
-117.352442,33.971328,124.67,0.241,3
-117.352137,33.971328,124.96,0.271,3
-117.351833,33.971328,125.09,0.283,3
-117.351529,33.971328,125.15,0.296,3
-117.351224,33.971328,125.07,0.278,3
-117.35092,33.971328,124.66,0.224,3
-117.350616,33.971328,124.52,0.266,3
-117.350312,33.971328,124.36,0.296,3
-117.350007,33.971328,124.93,0.292,3
-117.349703,33.971328,124.86,0.258,3
-117.349399,33.971328,124.66,0.25,3
-117.349095,33.971328,124.3,0.26,3
-117.34879,33.971328,123.58,0.238,3
-117.348486,33.971328,122.09,0.219,3
-117.348182,33.971328,120.2,0.333,3
-117.347878,33.971328,118.19,0.445,3
-117.347573,33.971328,116.65,0.448,3
-117.347269,33.971328,115.96,0.454,3
-117.346965,33.971328,115.34,0.454,3
-117.34666,33.971328,114.76,0.454,3
-117.346356,33.971328,114.17,0.468,3
-117.346052,33.971328,113.74,0.466,3
-117.345748,33.971328,113.44,0.469,3
-117.345443,33.971328,113.58,0.454,3
-117.345139,33.971328,114.01,0.482,3
-117.344835,33.971328,116.86,0.484,3
-117.344531,33.971328,118.31,0.381,3
-117.344226,33.971328,119.42,0.249,3
-117.343922,33.971328,120.27,0.319,3
-117.343618,33.971328,121.2,0.392,3
-117.343314,33.971328,122.24,0.318,3
-117.343009,33.971328,123.04,0.233,3
-117.342705,33.971328,123.71,0.213,3
-117.342401,33.971328,124.4,0.194,3
-117.342096,33.971328,124.69,0.196,3
-117.341792,33.971328,124.69,0.222,3
-117.341488,33.971328,124.15,0.33,3
-117.341184,33.971328,123.95,0.387,3
-117.340879,33.971328,124.49,0.332,3
-117.340575,33.971328,124.15,0.347,3
-117.340271,33.971328,123.76,0.284,3
-117.339967,33.971328,123.88,0.218,3
-117.339662,33.971328,123.17,0.312,4
-117.339358,33.971328,123.55,0.396,4
-117.339054,33.971328,124.56,0.305,4
-117.33875,33.971328,125.52,0.217,4
-117.338445,33.971328,126.25,0.209,4
-117.338141,33.971328,126.9,0.238,4
-117.337837,33.971328,126.9,0.261,4
-117.337532,33.971328,125.57,0.273,4
-117.337228,33.971328,123.85,0.315,4
-117.336924,33.971328,122.44,0.278,4
-117.33662,33.971328,121.69,0.278,4
-117.336315,33.971328,121.45,0.283,4
-117.336011,33.971328,121.68,0.275,4
-117.335707,33.971328,122.05,0.159,4
-117.335403,33.971328,123,0.114,4
-117.335098,33.971328,123.94,0.16,4
-117.334794,33.971328,124.15,0.234,4
-117.33449,33.971328,124.39,0.18,4
-117.334186,33.971328,124.38,0.132,4
-117.333881,33.971328,123.9,0.161,4
-117.333577,33.971328,123.49,0.197,4
-117.333273,33.971328,123.39,0.223,4
-117.332968,33.971328,123.49,0.26,4
-117.332664,33.971328,123.59,0.278,4
-117.33236,33.971328,123.19,0.281,4
-117.332056,33.971328,122.41,0.257,4
-117.331751,33.971328,121.25,0.227,4
-117.331447,33.971328,119.87,0.177,4
-117.331143,33.971328,118.5,0.07,4
-117.330839,33.971328,117.11,0.081,4
-117.330534,33.971328,116.11,0.272,4
-117.33023,33.971328,115.57,0.375,4
-117.329926,33.971328,115.18,0.261,4
-117.329622,33.971328,115.29,0.194,4
-117.329317,33.971328,115.59,0.259,4
-117.329013,33.971328,115.75,0.307,4
-117.328709,33.971328,116.06,0.301,4
-117.328404,33.971328,116.73,0.294,4
-117.3281,33.971328,117.44,0.282,4
-117.327796,33.971328,117.9,0.296,4
-117.327492,33.971328,117.95,0.372,4
-117.327187,33.971328,117.6,0.314,4
-117.326883,33.971328,117.37,0.23,4
-117.326579,33.971328,119.43,0.33,3
-117.326275,33.971328,118.44,0.242,3
-117.32597,33.971328,117.13,0.304,3
-117.325666,33.971328,115.88,0.376,3
-117.325362,33.971328,115.3,0.419,3
-117.325058,33.971328,115.67,0.518,3
-117.324753,33.971328,116.1,0.579,3
-117.324449,33.971328,116.81,0.426,3
-117.324145,33.971328,117.24,0.275,3
-117.32384,33.971328,117.03,0.3,3
-117.323536,33.971328,116.68,0.321,3
-117.323232,33.971328,116.77,0.24,3
-117.322928,33.971328,117.7,0.241,3
-117.322623,33.971328,119.42,0.337,3
-117.322319,33.971328,120.73,0.373,3
-117.322015,33.971328,121.72,0.252,3
-117.321711,33.971328,122.37,0.293,3
-117.321406,33.971328,122.58,0.369,3
-117.321102,33.971328,122.2,0.267,3
-117.320798,33.971328,121.67,0.282,3
-117.320494,33.971328,119.67,0.351,3
-117.320189,33.971328,117.49,0.505,3
-117.319885,33.971328,114.2,0.636,3
-117.319581,33.971328,112.4,0.664,3
-117.319276,33.971328,111.99,0.663,3
-117.318972,33.971328,111.96,0.65,3
-117.318668,33.971328,112.59,0.568,3
-117.318364,33.971328,113.75,0.494,3
-117.318059,33.971328,114.95,0.506,3
-117.317755,33.971328,116.16,0.466,3
-117.317451,33.971328,116.67,0.477,3
-117.317147,33.971328,117.38,0.429,3
-117.316842,33.971328,118.23,0.324,3
-117.316538,33.971328,119.07,0.267,3
-117.316234,33.971328,119.65,0.251,3
-117.31593,33.971328,119.51,0.319,3
-117.315625,33.971328,120.02,0.407,3
-117.315321,33.971328,120.38,0.357,3
-117.315017,33.971328,120.24,0.284,3
-117.314712,33.971328,119.91,0.293,3
-117.314408,33.971328,119.52,0.413,3
-117.314104,33.971328,119.12,0.484,3
-117.3138,33.971328,118.75,0.422,3
-117.313495,33.971328,118.28,0.367,3
-117.313191,33.971328,116.81,0.424,3
-117.312887,33.971328,113.62,0.58,4
-117.312583,33.971328,112.89,0.61,4
-117.312278,33.971328,112.32,0.636,4
-117.311974,33.971328,112.29,0.623,4
-117.31167,33.971328,113.06,0.532,4
-117.311366,33.971328,114.3,0.381,4
-117.311061,33.971328,117.9,0.354,3
-117.310757,33.971328,119.41,0.426,3
-117.310453,33.971328,120.47,0.416,3
-117.310148,33.971328,121.48,0.365,3
-117.309844,33.971328,122.2,0.307,3
-117.30954,33.971328,122.44,0.308,3
-117.309236,33.971328,122.18,0.319,3
-117.308931,33.971328,121.73,0.245,3
-117.308627,33.971328,121.1,0.172,3
-117.308323,33.971328,119.9,0.2,3
-117.308019,33.971328,118.46,0.188,3
-117.307714,33.971328,116.97,0.218,3
-117.30741,33.971328,115.7,0.355,3
-117.307106,33.971328,114.67,0.341,3
-117.306802,33.971328,114.06,0.203,3
-117.306497,33.971328,113.85,0.183,3
-117.306193,33.971328,114.01,0.183,3
-117.305889,33.971328,114.52,0.177,3
-117.305584,33.971328,115.26,0.175,3
-117.30528,33.971328,115.78,0.177,3
-117.304976,33.971328,115.99,0.189,3
-117.304672,33.971328,116.04,0.199,3
-117.353963,33.971023,121.58,0.397,3
-117.353659,33.971023,121.59,0.442,3
-117.353354,33.971023,121.96,0.378,3
-117.35305,33.971023,123,0.269,3
-117.352746,33.971023,124.15,0.222,3
-117.352442,33.971023,124.85,0.223,3
-117.352137,33.971023,125.2,0.242,3
-117.351833,33.971023,125.34,0.27,3
-117.351529,33.971023,125.28,0.315,3
-117.351224,33.971023,125,0.303,3
-117.35092,33.971023,124.39,0.219,3
-117.350616,33.971023,124.08,0.229,3
-117.350312,33.971023,123.76,0.305,3
-117.350007,33.971023,124.1,0.322,3
-117.349703,33.971023,123.85,0.288,3
-117.349399,33.971023,123.45,0.27,3
-117.349095,33.971023,123.01,0.31,3
-117.34879,33.971023,122.17,0.242,3
-117.348486,33.971023,120.75,0.209,3
-117.348182,33.971023,119.1,0.317,3
-117.347878,33.971023,117.46,0.441,3
-117.347573,33.971023,116.2,0.471,3
-117.347269,33.971023,115.53,0.452,3
-117.346965,33.971023,114.93,0.451,3
-117.34666,33.971023,114.34,0.479,3
-117.346356,33.971023,113.85,0.476,3
-117.346052,33.971023,113.51,0.454,3
-117.345748,33.971023,113.32,0.45,3
-117.345443,33.971023,113.59,0.476,3
-117.345139,33.971023,114.22,0.459,3
-117.344835,33.971023,116.76,0.46,3
-117.344531,33.971023,118.13,0.395,3
-117.344226,33.971023,119.21,0.238,3
-117.343922,33.971023,120.14,0.301,3
-117.343618,33.971023,121.15,0.384,3
-117.343314,33.971023,122.26,0.303,3
-117.343009,33.971023,123.16,0.209,3
-117.342705,33.971023,123.92,0.189,3
-117.342401,33.971023,124.62,0.167,3
-117.342096,33.971023,124.67,0.163,3
-117.341792,33.971023,123.49,0.211,3
-117.341488,33.971023,121.18,0.399,4
-117.341184,33.971023,120.69,0.474,4
-117.340879,33.971023,120.71,0.363,4
-117.340575,33.971023,120.41,0.351,4
-117.340271,33.971023,120.44,0.32,4
-117.339967,33.971023,121.08,0.243,4
-117.339662,33.971023,122.32,0.305,4
-117.339358,33.971023,123.74,0.39,4
-117.339054,33.971023,124.89,0.306,4
-117.33875,33.971023,125.98,0.212,4
-117.338445,33.971023,126.89,0.194,4
-117.338141,33.971023,127.45,0.219,4
-117.337837,33.971023,127.21,0.253,4
-117.337532,33.971023,125.76,0.275,4
-117.337228,33.971023,123.94,0.31,4
-117.336924,33.971023,122.41,0.285,4
-117.33662,33.971023,121.28,0.269,4
-117.336315,33.971023,120.49,0.309,4
-117.336011,33.971023,120.26,0.394,4
-117.335707,33.971023,120.54,0.26,4
-117.335403,33.971023,121.44,0.152,4
-117.335098,33.971023,122.47,0.16,4
-117.334794,33.971023,122.63,0.208,4
-117.33449,33.971023,122.92,0.206,4
-117.334186,33.971023,123.19,0.173,4
-117.333881,33.971023,123.17,0.189,4
-117.333577,33.971023,123.09,0.217,4
-117.333273,33.971023,123.15,0.223,4
-117.332968,33.971023,123.48,0.23,4
-117.332664,33.971023,123.89,0.236,4
-117.33236,33.971023,123.76,0.24,4
-117.332056,33.971023,123.1,0.205,4
-117.331751,33.971023,122.19,0.178,4
-117.331447,33.971023,121.08,0.197,4
-117.331143,33.971023,119.75,0.173,4
-117.330839,33.971023,117.88,0.068,4
-117.330534,33.971023,116.7,0.103,4
-117.33023,33.971023,116.01,0.19,4
-117.329926,33.971023,115.65,0.222,4
-117.329622,33.971023,115.71,0.196,4
-117.329317,33.971023,115.93,0.235,4
-117.329013,33.971023,116.04,0.405,4
-117.328709,33.971023,116.17,0.545,4
-117.328404,33.971023,116.42,0.533,4
-117.3281,33.971023,116.78,0.402,4
-117.327796,33.971023,117.24,0.259,4
-117.327492,33.971023,117.45,0.254,4
-117.327187,33.971023,117.1,0.233,4
-117.326883,33.971023,116.95,0.245,4
-117.326579,33.971023,119.21,0.354,3
-117.326275,33.971023,118.5,0.29,3
-117.32597,33.971023,117.73,0.337,3
-117.325666,33.971023,116.79,0.271,3
-117.325362,33.971023,116.22,0.421,3
-117.325058,33.971023,115.97,0.598,3
-117.324753,33.971023,116,0.602,3
-117.324449,33.971023,116.62,0.469,3
-117.324145,33.971023,117.25,0.381,3
-117.32384,33.971023,117.22,0.434,3
-117.323536,33.971023,116.95,0.507,3
-117.323232,33.971023,117.07,0.459,3
-117.322928,33.971023,117.63,0.369,3
-117.322623,33.971023,118.77,0.354,3
-117.322319,33.971023,120.17,0.342,3
-117.322015,33.971023,121.44,0.178,3
-117.321711,33.971023,122.3,0.163,3
-117.321406,33.971023,122.68,0.244,3
-117.321102,33.971023,122.41,0.23,3
-117.320798,33.971023,121.76,0.223,3
-117.320494,33.971023,119.48,0.269,3
-117.320189,33.971023,117.08,0.409,3
-117.319885,33.971023,113.77,0.527,3
-117.319581,33.971023,111.73,0.615,3
-117.319276,33.971023,111.18,0.656,3
-117.318972,33.971023,111.31,0.617,3
-117.318668,33.971023,112.23,0.547,3
-117.318364,33.971023,113.87,0.532,3
-117.318059,33.971023,115.69,0.516,3
-117.317755,33.971023,117.22,0.367,3
-117.317451,33.971023,117.62,0.306,3
-117.317147,33.971023,117.98,0.258,3
-117.316842,33.971023,118.33,0.226,3
-117.316538,33.971023,118.73,0.351,3
-117.316234,33.971023,119.01,0.357,3
-117.31593,33.971023,119.06,0.333,3
-117.315625,33.971023,119.45,0.354,3
-117.315321,33.971023,119.81,0.362,3
-117.315017,33.971023,119.92,0.322,3
-117.314712,33.971023,119.86,0.37,3
-117.314408,33.971023,119.64,0.424,3
-117.314104,33.971023,119.29,0.391,3
-117.3138,33.971023,118.9,0.334,3
-117.313495,33.971023,118.49,0.323,3
-117.313191,33.971023,117.2,0.387,3
-117.312887,33.971023,114.27,0.463,4
-117.312583,33.971023,113.67,0.441,4
-117.312278,33.971023,113.05,0.424,4
-117.311974,33.971023,112.7,0.464,4
-117.31167,33.971023,114.35,0.492,4
-117.311366,33.971023,115.24,0.405,4
-117.311061,33.971023,117.62,0.325,3
-117.310757,33.971023,118.9,0.383,3
-117.310453,33.971023,119.91,0.411,3
-117.310148,33.971023,120.93,0.402,3
-117.309844,33.971023,121.98,0.349,3
-117.30954,33.971023,122.6,0.305,3
-117.309236,33.971023,122.59,0.272,3
-117.308931,33.971023,122.37,0.215,3
-117.308627,33.971023,121.98,0.187,3
-117.308323,33.971023,121.06,0.214,3
-117.308019,33.971023,119.91,0.19,3
-117.307714,33.971023,118.56,0.197,3
-117.30741,33.971023,117.26,0.271,3
-117.307106,33.971023,116,0.326,3
-117.306802,33.971023,115.04,0.207,3
-117.306497,33.971023,114.56,0.184,3
-117.306193,33.971023,114.41,0.179,3
-117.305889,33.971023,114.29,0.175,3
-117.305584,33.971023,114.42,0.172,3
-117.30528,33.971023,114.61,0.173,3
-117.304976,33.971023,114.86,0.18,3
-117.304672,33.971023,114.93,0.185,3
-117.304367,33.971023,114.78,0.187,3
-117.353963,33.970719,121.26,0.437,3
-117.353659,33.970719,121.23,0.421,3
-117.353354,33.970719,121.74,0.366,3
-117.35305,33.970719,122.9,0.33,3
-117.352746,33.970719,124.21,0.282,3
-117.352442,33.970719,125.16,0.228,3
-117.352137,33.970719,125.68,0.237,3
-117.351833,33.970719,125.97,0.266,3
-117.351529,33.970719,125.91,0.313,3
-117.351224,33.970719,125.41,0.284,3
-117.35092,33.970719,124.73,0.28,3
-117.350616,33.970719,124.15,0.299,3
-117.350312,33.970719,123.62,0.304,3
-117.350007,33.970719,123.47,0.387,3
-117.349703,33.970719,123,0.404,3
-117.349399,33.970719,122.46,0.309,3
-117.349095,33.970719,122.05,0.276,3
-117.34879,33.970719,121.29,0.229,3
-117.348486,33.970719,120.15,0.204,3
-117.348182,33.970719,118.94,0.339,3
-117.347878,33.970719,118.24,0.472,3
-117.347573,33.970719,117.89,0.463,3
-117.347269,33.970719,117.31,0.443,3
-117.346965,33.970719,116.78,0.453,3
-117.34666,33.970719,116.28,0.488,3
-117.346356,33.970719,115.75,0.481,3
-117.346052,33.970719,115.38,0.466,3
-117.345748,33.970719,115.21,0.482,3
-117.345443,33.970719,115.57,0.468,3
-117.345139,33.970719,116.08,0.443,3
-117.344835,33.970719,117.4,0.438,3
-117.344531,33.970719,118.34,0.384,3
-117.344226,33.970719,119.24,0.238,3
-117.343922,33.970719,120.45,0.306,3
-117.343618,33.970719,121.63,0.371,3
-117.343314,33.970719,122.75,0.286,3
-117.343009,33.970719,123.79,0.202,3
-117.342705,33.970719,124.71,0.183,3
-117.342401,33.970719,125.18,0.165,3
-117.342096,33.970719,124.3,0.154,3
-117.341792,33.970719,122.48,0.166,4
-117.341488,33.970719,121.83,0.21,4
-117.341184,33.970719,121.12,0.244,4
-117.340879,33.970719,120.29,0.267,4
-117.340575,33.970719,119.95,0.401,4
-117.340271,33.970719,120.07,0.388,4
-117.339967,33.970719,120.92,0.265,4
-117.339662,33.970719,122.23,0.316,4
-117.339358,33.970719,123.75,0.396,4
-117.339054,33.970719,125.01,0.315,4
-117.33875,33.970719,126.22,0.216,4
-117.338445,33.970719,127.09,0.184,4
-117.338141,33.970719,127.18,0.192,4
-117.337837,33.970719,126.45,0.226,4
-117.337532,33.970719,125,0.279,4
-117.337228,33.970719,123.31,0.32,4
-117.336924,33.970719,121.82,0.267,4
-117.33662,33.970719,120.52,0.253,4
-117.336315,33.970719,119.42,0.32,4
-117.336011,33.970719,118.93,0.4,4
-117.335707,33.970719,119.38,0.341,4
-117.335403,33.970719,120.15,0.259,4
-117.335098,33.970719,121.11,0.18,4
-117.334794,33.970719,120.75,0.194,4
-117.33449,33.970719,120.95,0.211,4
-117.334186,33.970719,121.43,0.17,4
-117.333881,33.970719,122.06,0.151,4
-117.333577,33.970719,122.53,0.19,4
-117.333273,33.970719,122.75,0.23,4
-117.332968,33.970719,123.18,0.247,4
-117.332664,33.970719,123.66,0.266,4
-117.33236,33.970719,123.65,0.256,4
-117.332056,33.970719,123.24,0.182,4
-117.331751,33.970719,122.59,0.138,4
-117.331447,33.970719,121.74,0.174,4
-117.331143,33.970719,120.57,0.221,4
-117.330839,33.970719,118.15,0.137,4
-117.330534,33.970719,116.91,0.088,4
-117.33023,33.970719,116.14,0.1,4
-117.329926,33.970719,116.11,0.181,4
-117.329622,33.970719,116.17,0.219,4
-117.329317,33.970719,116.22,0.24,4
-117.329013,33.970719,116.33,0.468,4
-117.328709,33.970719,116.33,0.688,4
-117.328404,33.970719,116.3,0.696,4
-117.3281,33.970719,116.48,0.54,4
-117.327796,33.970719,116.84,0.292,4
-117.327492,33.970719,117.38,0.252,4
-117.327187,33.970719,118.26,0.24,4
-117.326883,33.970719,117.99,0.249,4
-117.326579,33.970719,119.16,0.363,3
-117.326275,33.970719,118.6,0.256,3
-117.32597,33.970719,118.43,0.266,3
-117.325666,33.970719,117.86,0.134,3
-117.325362,33.970719,117.38,0.242,3
-117.325058,33.970719,117.05,0.389,3
-117.324753,33.970719,116.91,0.403,3
-117.324449,33.970719,117.19,0.304,3
-117.324145,33.970719,117.61,0.323,3
-117.32384,33.970719,117.43,0.482,3
-117.323536,33.970719,116.93,0.591,3
-117.323232,33.970719,116.7,0.588,3
-117.322928,33.970719,116.55,0.548,3
-117.322623,33.970719,117.19,0.497,3
-117.322319,33.970719,118.8,0.351,3
-117.322015,33.970719,120.55,0.16,3
-117.321711,33.970719,121.74,0.18,3
-117.321406,33.970719,122.26,0.219,3
-117.321102,33.970719,122.22,0.273,3
-117.320798,33.970719,121.74,0.238,3
-117.320494,33.970719,119.27,0.282,3
-117.320189,33.970719,116.79,0.412,3
-117.319885,33.970719,113.41,0.515,3
-117.319581,33.970719,111.23,0.589,3
-117.319276,33.970719,110.62,0.626,3
-117.318972,33.970719,110.94,0.529,3
-117.318668,33.970719,112.28,0.408,3
-117.318364,33.970719,114.27,0.413,3
-117.318059,33.970719,116.22,0.381,3
-117.317755,33.970719,117.57,0.309,3
-117.317451,33.970719,117.94,0.272,3
-117.317147,33.970719,118.19,0.238,3
-117.316842,33.970719,118.31,0.179,3
-117.316538,33.970719,118.3,0.344,3
-117.316234,33.970719,118.12,0.563,3
-117.31593,33.970719,118.21,0.496,3
-117.315625,33.970719,118.46,0.315,3
-117.315321,33.970719,118.99,0.266,3
-117.315017,33.970719,119.5,0.335,3
-117.314712,33.970719,119.82,0.44,3
-117.314408,33.970719,119.85,0.422,3
-117.314104,33.970719,119.53,0.318,3
-117.3138,33.970719,119.03,0.287,3
-117.313495,33.970719,118.65,0.352,3
-117.313191,33.970719,117.64,0.421,3
-117.312887,33.970719,115.13,0.376,4
-117.312583,33.970719,114.7,0.296,4
-117.312278,33.970719,114.2,0.277,4
-117.311974,33.970719,113.64,0.396,4
-117.31167,33.970719,116.51,0.559,3
-117.311366,33.970719,117.18,0.467,3
-117.311061,33.970719,117.79,0.432,3
-117.310757,33.970719,118.59,0.464,3
-117.310453,33.970719,119.6,0.409,3
-117.310148,33.970719,120.62,0.332,3
-117.309844,33.970719,121.77,0.278,3
-117.30954,33.970719,122.6,0.245,3
-117.309236,33.970719,122.88,0.212,3
-117.308931,33.970719,122.99,0.186,3
-117.308627,33.970719,122.89,0.193,3
-117.308323,33.970719,122.27,0.206,3
-117.308019,33.970719,121.36,0.195,3
-117.307714,33.970719,120.13,0.192,3
-117.30741,33.970719,118.85,0.202,3
-117.307106,33.970719,117.47,0.209,3
-117.306802,33.970719,116.3,0.193,3
-117.306497,33.970719,115.51,0.183,3
-117.306193,33.970719,114.99,0.181,3
-117.305889,33.970719,114.43,0.177,3
-117.305584,33.970719,114.21,0.176,3
-117.30528,33.970719,114.16,0.18,3
-117.304976,33.970719,114.34,0.182,3
-117.304672,33.970719,114.53,0.181,3
-117.304367,33.970719,114.56,0.181,3
-117.353963,33.970415,120.95,0.531,3
-117.353659,33.970415,120.98,0.472,3
-117.353354,33.970415,121.64,0.367,3
-117.35305,33.970415,122.98,0.329,3
-117.352746,33.970415,124.41,0.289,3
-117.352442,33.970415,125.47,0.186,3
-117.352137,33.970415,126.15,0.129,3
-117.351833,33.970415,126.59,0.158,3
-117.351529,33.970415,126.6,0.243,3
-117.351224,33.970415,126.07,0.273,3
-117.35092,33.970415,125.18,0.328,3
-117.350616,33.970415,124.3,0.356,3
-117.350312,33.970415,123.63,0.403,3
-117.350007,33.970415,123.42,0.402,3
-117.349703,33.970415,122.88,0.421,3
-117.349399,33.970415,122.3,0.334,3
-117.349095,33.970415,121.87,0.27,3
-117.34879,33.970415,121.24,0.246,3
-117.348486,33.970415,120.4,0.223,3
-117.348182,33.970415,119.51,0.333,3
-117.347878,33.970415,118.98,0.452,3
-117.347573,33.970415,118.73,0.436,3
-117.347269,33.970415,118.28,0.43,3
-117.346965,33.970415,117.88,0.444,3
-117.34666,33.970415,117.54,0.444,3
-117.346356,33.970415,117.16,0.429,3
-117.346052,33.970415,116.92,0.454,3
-117.345748,33.970415,116.66,0.477,3
-117.345443,33.970415,117.02,0.435,3
-117.345139,33.970415,117.45,0.409,3
-117.344835,33.970415,118.57,0.434,3
-117.344531,33.970415,119.14,0.375,3
-117.344226,33.970415,119.69,0.249,3
-117.343922,33.970415,120.62,0.32,3
-117.343618,33.970415,121.62,0.382,3
-117.343314,33.970415,122.77,0.297,3
-117.343009,33.970415,123.96,0.207,3
-117.342705,33.970415,124.86,0.19,3
-117.342401,33.970415,124.58,0.184,3
-117.342096,33.970415,122.65,0.183,4
-117.341792,33.970415,122.36,0.183,4
-117.341488,33.970415,121.78,0.191,4
-117.341184,33.970415,121.04,0.206,4
-117.340879,33.970415,120.14,0.274,4
-117.340575,33.970415,119.79,0.463,4
-117.340271,33.970415,119.99,0.404,4
-117.339967,33.970415,120.94,0.259,4
-117.339662,33.970415,122.23,0.331,4
-117.339358,33.970415,123.7,0.403,4
-117.339054,33.970415,125.01,0.29,4
-117.33875,33.970415,126.27,0.179,4
-117.338445,33.970415,127.01,0.154,4
-117.338141,33.970415,126.82,0.158,4
-117.337837,33.970415,125.86,0.194,4
-117.337532,33.970415,124.38,0.273,4
-117.337228,33.970415,122.78,0.321,4
-117.336924,33.970415,121.35,0.24,4
-117.33662,33.970415,120.21,0.24,4
-117.336315,33.970415,120.19,0.314,4
-117.336011,33.970415,119.49,0.397,4
-117.335707,33.970415,119.76,0.361,4
-117.335403,33.970415,120.32,0.367,4
-117.335098,33.970415,120.99,0.243,4
-117.334794,33.970415,120.53,0.181,4
-117.33449,33.970415,120.72,0.173,4
-117.334186,33.970415,121.3,0.151,4
-117.333881,33.970415,121.54,0.158,4
-117.333577,33.970415,121.72,0.191,4
-117.333273,33.970415,122.56,0.209,4
-117.332968,33.970415,123.77,0.285,4
-117.332664,33.970415,124.34,0.391,4
-117.33236,33.970415,124.35,0.288,4
-117.332056,33.970415,124.07,0.186,4
-117.331751,33.970415,123.66,0.16,4
-117.331447,33.970415,123.06,0.214,4
-117.331143,33.970415,122.27,0.225,4
-117.330839,33.970415,120.24,0.176,3
-117.330534,33.970415,119.17,0.14,3
-117.33023,33.970415,117.02,0.089,4
-117.329926,33.970415,116.41,0.091,4
-117.329622,33.970415,116.25,0.134,4
-117.329317,33.970415,117.1,0.215,3
-117.329013,33.970415,117.86,0.385,3
-117.328709,33.970415,117.93,0.517,3
-117.328404,33.970415,117.94,0.509,3
-117.3281,33.970415,118.17,0.403,3
-117.327796,33.970415,118.52,0.283,3
-117.327492,33.970415,118.87,0.315,3
-117.327187,33.970415,119.79,0.326,3
-117.326883,33.970415,119.29,0.396,3
-117.326579,33.970415,118.7,0.402,3
-117.326275,33.970415,118.18,0.315,3
-117.32597,33.970415,118.2,0.302,3
-117.325666,33.970415,117.9,0.152,3
-117.325362,33.970415,118.01,0.124,3
-117.325058,33.970415,118.21,0.185,3
-117.324753,33.970415,118.04,0.196,3
-117.324449,33.970415,117.84,0.22,3
-117.324145,33.970415,117.67,0.33,3
-117.32384,33.970415,117,0.417,3
-117.323536,33.970415,116.25,0.501,3
-117.323232,33.970415,116.04,0.599,3
-117.322928,33.970415,115.99,0.568,3
-117.322623,33.970415,116.79,0.602,3
-117.322319,33.970415,118.59,0.516,3
-117.322015,33.970415,120.34,0.232,3
-117.321711,33.970415,121.38,0.155,3
-117.321406,33.970415,121.79,0.154,3
-117.321102,33.970415,121.78,0.272,3
-117.320798,33.970415,121.65,0.266,3
-117.320494,33.970415,119.13,0.339,3
-117.320189,33.970415,116.66,0.496,3
-117.319885,33.970415,112.82,0.608,3
-117.319581,33.970415,110.65,0.608,3
-117.319276,33.970415,110.18,0.604,3
-117.318972,33.970415,110.6,0.534,3
-117.318668,33.970415,112.24,0.392,3
-117.318364,33.970415,114.38,0.33,3
-117.318059,33.970415,116.28,0.294,3
-117.317755,33.970415,117.43,0.279,3
-117.317451,33.970415,117.92,0.306,3
-117.317147,33.970415,118.28,0.284,3
-117.316842,33.970415,118.42,0.216,3
-117.316538,33.970415,118.31,0.276,3
-117.316234,33.970415,118.02,0.54,3
-117.31593,33.970415,117.89,0.632,3
-117.315625,33.970415,117.93,0.435,3
-117.315321,33.970415,118.45,0.355,3
-117.315017,33.970415,119.11,0.378,3
-117.314712,33.970415,119.58,0.386,3
-117.314408,33.970415,119.71,0.356,3
-117.314104,33.970415,119.49,0.351,3
-117.3138,33.970415,119.12,0.356,3
-117.313495,33.970415,118.9,0.343,3
-117.313191,33.970415,118.08,0.381,3
-117.312887,33.970415,115.8,0.376,4
-117.312583,33.970415,115.5,0.306,4
-117.312278,33.970415,115.06,0.323,4
-117.311974,33.970415,114.44,0.395,4
-117.31167,33.970415,117.26,0.492,3
-117.311366,33.970415,117.7,0.351,3
-117.311061,33.970415,117.95,0.437,3
-117.310757,33.970415,118.44,0.537,3
-117.310453,33.970415,119.25,0.471,3
-117.310148,33.970415,120.19,0.334,3
-117.309844,33.970415,121.3,0.267,3
-117.30954,33.970415,122.23,0.231,3
-117.309236,33.970415,122.79,0.191,3
-117.308931,33.970415,123.26,0.183,3
-117.308627,33.970415,123.46,0.193,3
-117.308323,33.970415,123.03,0.193,3
-117.308019,33.970415,122.27,0.193,3
-117.307714,33.970415,121.13,0.196,3
-117.30741,33.970415,119.8,0.197,3
-117.307106,33.970415,118.36,0.191,3
-117.306802,33.970415,117.19,0.184,3
-117.306497,33.970415,116.32,0.182,3
-117.306193,33.970415,115.62,0.182,3
-117.305889,33.970415,114.82,0.179,3
-117.305584,33.970415,114.35,0.178,3
-117.30528,33.970415,114.09,0.179,3
-117.304976,33.970415,114.09,0.179,3
-117.304672,33.970415,114.14,0.179,3
-117.304367,33.970415,114.11,0.177,3
-117.353963,33.97011,121.01,0.497,3
-117.353659,33.97011,121.14,0.433,3
-117.353354,33.97011,121.89,0.368,3
-117.35305,33.97011,123.12,0.363,3
-117.352746,33.97011,124.36,0.351,3
-117.352442,33.97011,125.36,0.271,3
-117.352137,33.97011,126.1,0.187,3
-117.351833,33.97011,126.63,0.169,3
-117.351529,33.97011,126.72,0.2,3
-117.351224,33.97011,126.27,0.245,3
-117.35092,33.97011,125.55,0.335,3
-117.350616,33.97011,124.61,0.312,3
-117.350312,33.97011,123.96,0.351,3
-117.350007,33.97011,123.43,0.37,3
-117.349703,33.97011,122.91,0.376,3
-117.349399,33.97011,122.42,0.353,3
-117.349095,33.97011,122.47,0.372,3
-117.34879,33.97011,122.25,0.312,3
-117.348486,33.97011,121.75,0.219,3
-117.348182,33.97011,121.08,0.249,3
-117.347878,33.97011,120.59,0.317,3
-117.347573,33.97011,120.29,0.324,3
-117.347269,33.97011,119.77,0.343,3
-117.346965,33.97011,119.38,0.352,3
-117.34666,33.97011,119.07,0.361,3
-117.346356,33.97011,118.81,0.357,3
-117.346052,33.97011,118.69,0.38,3
-117.345748,33.97011,118.8,0.401,3
-117.345443,33.97011,119.18,0.361,3
-117.345139,33.97011,119.58,0.314,3
-117.344835,33.97011,120.09,0.331,3
-117.344531,33.97011,120.19,0.294,3
-117.344226,33.97011,120.26,0.211,3
-117.343922,33.97011,120.59,0.283,3
-117.343618,33.97011,121.22,0.341,3
-117.343314,33.97011,122.26,0.276,3
-117.343009,33.97011,123.58,0.209,3
-117.342705,33.97011,124.63,0.202,3
-117.342401,33.97011,124.09,0.206,3
-117.342096,33.97011,121.89,0.225,4
-117.341792,33.97011,121.84,0.223,4
-117.341488,33.97011,121.54,0.202,4
-117.341184,33.97011,120.94,0.208,4
-117.340879,33.97011,120,0.243,4
-117.340575,33.97011,119.77,0.37,4
-117.340271,33.97011,120.06,0.312,4
-117.339967,33.97011,120.96,0.24,4
-117.339662,33.97011,122.15,0.327,4
-117.339358,33.97011,123.57,0.408,4
-117.339054,33.97011,125.1,0.284,4
-117.33875,33.97011,126.48,0.164,4
-117.338445,33.97011,127.12,0.144,4
-117.338141,33.97011,126.67,0.149,4
-117.337837,33.97011,125.41,0.177,4
-117.337532,33.97011,123.84,0.256,4
-117.337228,33.97011,122.26,0.315,4
-117.336924,33.97011,120.86,0.239,4
-117.33662,33.97011,119.86,0.257,4
-117.336315,33.97011,121.26,0.32,3
-117.336011,33.97011,120.54,0.413,3
-117.335707,33.97011,120.44,0.352,3
-117.335403,33.97011,120.69,0.391,3
-117.335098,33.97011,121.07,0.315,3
-117.334794,33.97011,120.88,0.23,3
-117.33449,33.97011,121.13,0.168,3
-117.334186,33.97011,121.45,0.17,3
-117.333881,33.97011,121.65,0.24,3
-117.333577,33.97011,122.04,0.267,3
-117.333273,33.97011,123.05,0.234,3
-117.332968,33.97011,124.37,0.265,3
-117.332664,33.97011,125.05,0.33,3
-117.33236,33.97011,125.11,0.25,3
-117.332056,33.97011,124.89,0.147,3
-117.331751,33.97011,124.53,0.141,3
-117.331447,33.97011,124.1,0.206,3
-117.331143,33.97011,123.66,0.174,3
-117.330839,33.97011,122.02,0.263,3
-117.330534,33.97011,121.23,0.215,3
-117.33023,33.97011,117.88,0.138,4
-117.329926,33.97011,116.7,0.102,4
-117.329622,33.97011,117.61,0.092,3
-117.329317,33.97011,118.68,0.171,3
-117.329013,33.97011,119.18,0.276,3
-117.328709,33.97011,119.49,0.334,3
-117.328404,33.97011,119.85,0.339,3
-117.3281,33.97011,120.09,0.307,3
-117.327796,33.97011,120.13,0.284,3
-117.327492,33.97011,119.9,0.307,3
-117.327187,33.97011,119.44,0.344,3
-117.326883,33.97011,118.89,0.48,3
-117.326579,33.97011,117.91,0.46,3
-117.326275,33.97011,117.59,0.422,3
-117.32597,33.97011,117.56,0.368,3
-117.325666,33.97011,117.44,0.261,3
-117.325362,33.97011,117.86,0.203,3
-117.325058,33.97011,118.72,0.233,3
-117.324753,33.97011,118.73,0.224,3
-117.324449,33.97011,118.3,0.237,3
-117.324145,33.97011,117.72,0.313,3
-117.32384,33.97011,116.8,0.371,3
-117.323536,33.97011,116.07,0.468,3
-117.323232,33.97011,115.97,0.608,3
-117.322928,33.97011,116.23,0.626,3
-117.322623,33.97011,117.14,0.707,3
-117.322319,33.97011,118.64,0.669,3
-117.322015,33.97011,120.8,0.302,3
-117.321711,33.97011,122.45,0.143,3
-117.321406,33.97011,122.6,0.17,3
-117.321102,33.97011,122.24,0.244,3
-117.320798,33.97011,121.48,0.263,3
-117.320494,33.97011,118.93,0.379,3
-117.320189,33.97011,116.52,0.565,3
-117.319885,33.97011,112.31,0.667,3
-117.319581,33.97011,110.1,0.707,3
-117.319276,33.97011,109.89,0.717,3
-117.318972,33.97011,110.45,0.672,3
-117.318668,33.97011,112.17,0.558,3
-117.318364,33.97011,114.36,0.411,3
-117.318059,33.97011,116.18,0.332,3
-117.317755,33.97011,117.25,0.371,3
-117.317451,33.97011,117.86,0.384,3
-117.317147,33.97011,118.38,0.348,3
-117.316842,33.97011,118.73,0.311,3
-117.316538,33.97011,118.91,0.288,3
-117.316234,33.97011,118.8,0.4,3
-117.31593,33.97011,118.81,0.512,3
-117.315625,33.97011,118.73,0.53,3
-117.315321,33.97011,118.92,0.547,3
-117.315017,33.97011,119.28,0.501,3
-117.314712,33.97011,119.57,0.395,3
-117.314408,33.97011,119.64,0.318,3
-117.314104,33.97011,119.45,0.339,3
-117.3138,33.97011,119.2,0.389,3
-117.313495,33.97011,119.14,0.368,3
-117.313191,33.97011,118.45,0.351,3
-117.312887,33.97011,116.29,0.393,4
-117.312583,33.97011,116.12,0.399,4
-117.312278,33.97011,115.68,0.309,4
-117.311974,33.97011,115.09,0.353,4
-117.31167,33.97011,118,0.4,3
-117.311366,33.97011,118.18,0.319,3
-117.311061,33.97011,118.26,0.333,3
-117.310757,33.97011,118.65,0.38,3
-117.310453,33.97011,119.3,0.359,3
-117.310148,33.97011,120,0.344,3
-117.309844,33.97011,121.13,0.33,3
-117.30954,33.97011,122.22,0.238,3
-117.309236,33.97011,122.95,0.174,3
-117.308931,33.97011,123.61,0.196,3
-117.308627,33.97011,124.01,0.186,3
-117.308323,33.97011,123.73,0.172,3
-117.308019,33.97011,123.02,0.179,3
-117.307714,33.97011,121.89,0.181,3
-117.30741,33.97011,120.54,0.191,3
-117.307106,33.97011,119.14,0.187,3
-117.306802,33.97011,118.06,0.184,3
-117.306497,33.97011,117.19,0.186,3
-117.306193,33.97011,116.41,0.187,3
-117.305889,33.97011,115.4,0.19,3
-117.305584,33.97011,114.72,0.184,3
-117.30528,33.97011,114.27,0.181,3
-117.304976,33.97011,114.08,0.185,3
-117.304672,33.97011,113.93,0.185,3
-117.304367,33.97011,113.7,0.18,3
-117.304063,33.97011,113.54,0.177,3
-117.353963,33.969806,121.35,0.444,3
-117.353659,33.969806,121.59,0.391,3
-117.353354,33.969806,122.34,0.338,3
-117.35305,33.969806,123.26,0.333,3
-117.352746,33.969806,124.12,0.321,3
-117.352442,33.969806,124.92,0.284,3
-117.352137,33.969806,125.6,0.256,3
-117.351833,33.969806,126.08,0.217,3
-117.351529,33.969806,126.19,0.21,3
-117.351224,33.969806,125.86,0.244,3
-117.35092,33.969806,125.57,0.32,3
-117.350616,33.969806,124.78,0.295,3
-117.350312,33.969806,124.28,0.336,3
-117.350007,33.969806,123.42,0.354,3
-117.349703,33.969806,122.96,0.39,3
-117.349399,33.969806,122.64,0.367,3
-117.349095,33.969806,123.33,0.372,3
-117.34879,33.969806,123.68,0.312,3
-117.348486,33.969806,123.53,0.195,3
-117.348182,33.969806,123.07,0.169,3
-117.347878,33.969806,122.62,0.21,3
-117.347573,33.969806,122.21,0.225,3
-117.347269,33.969806,121.52,0.254,3
-117.346965,33.969806,121,0.287,3
-117.34666,33.969806,120.55,0.316,3
-117.346356,33.969806,120.29,0.339,3
-117.346052,33.969806,120.21,0.324,3
-117.345748,33.969806,120.71,0.317,3
-117.345443,33.969806,121.09,0.256,3
-117.345139,33.969806,121.46,0.217,3
-117.344835,33.969806,121.34,0.242,3
-117.344531,33.969806,121.08,0.276,3
-117.344226,33.969806,120.79,0.215,3
-117.343922,33.969806,120.59,0.309,3
-117.343618,33.969806,120.85,0.363,3
-117.343314,33.969806,121.65,0.308,3
-117.343009,33.969806,122.86,0.279,3
-117.342705,33.969806,123.91,0.268,3
-117.342401,33.969806,123.25,0.222,3
-117.342096,33.969806,121,0.196,4
-117.341792,33.969806,121.18,0.214,4
-117.341488,33.969806,121.1,0.254,4
-117.341184,33.969806,120.72,0.293,4
-117.340879,33.969806,119.89,0.251,4
-117.340575,33.969806,119.87,0.251,4
-117.340271,33.969806,120.29,0.23,4
-117.339967,33.969806,121.14,0.228,4
-117.339662,33.969806,122.2,0.32,4
-117.339358,33.969806,123.54,0.403,4
-117.339054,33.969806,125.2,0.294,4
-117.33875,33.969806,126.59,0.174,4
-117.338445,33.969806,127.15,0.145,4
-117.338141,33.969806,126.54,0.146,4
-117.337837,33.969806,125.08,0.174,4
-117.337532,33.969806,123.46,0.254,4
-117.337228,33.969806,121.93,0.316,4
-117.336924,33.969806,120.61,0.252,4
-117.33662,33.969806,119.62,0.255,4
-117.336315,33.969806,121.1,0.301,3
-117.336011,33.969806,120.36,0.401,3
-117.335707,33.969806,119.97,0.352,3
-117.335403,33.969806,119.95,0.385,3
-117.335098,33.969806,120.12,0.345,3
-117.334794,33.969806,120.08,0.299,3
-117.33449,33.969806,120.33,0.239,3
-117.334186,33.969806,120.66,0.236,3
-117.333881,33.969806,121.06,0.33,3
-117.333577,33.969806,121.71,0.291,3
-117.333273,33.969806,122.56,0.139,3
-117.332968,33.969806,123.47,0.113,3
-117.332664,33.969806,124.11,0.134,3
-117.33236,33.969806,124.17,0.144,3
-117.332056,33.969806,124.05,0.114,3
-117.331751,33.969806,123.78,0.119,3
-117.331447,33.969806,123.51,0.237,3
-117.331143,33.969806,123.24,0.224,3
-117.330839,33.969806,122.46,0.288,3
-117.330534,33.969806,121.99,0.215,3
-117.33023,33.969806,120.59,0.224,3
-117.329926,33.969806,119.77,0.248,3
-117.329622,33.969806,119.63,0.172,3
-117.329317,33.969806,119.36,0.121,3
-117.329013,33.969806,119.09,0.181,3
-117.328709,33.969806,119.3,0.264,3
-117.328404,33.969806,119.83,0.283,3
-117.3281,33.969806,120.05,0.268,3
-117.327796,33.969806,119.82,0.265,3
-117.327492,33.969806,119.57,0.253,3
-117.327187,33.969806,119.12,0.26,3
-117.326883,33.969806,118.4,0.377,3
-117.326579,33.969806,117.21,0.448,3
-117.326275,33.969806,116.67,0.472,3
-117.32597,33.969806,116.81,0.318,3
-117.325666,33.969806,117.04,0.267,3
-117.325362,33.969806,117.5,0.224,3
-117.325058,33.969806,118.33,0.223,3
-117.324753,33.969806,118.69,0.169,3
-117.324449,33.969806,118.55,0.179,3
-117.324145,33.969806,117.73,0.311,3
-117.32384,33.969806,116.77,0.368,3
-117.323536,33.969806,116.38,0.437,3
-117.323232,33.969806,116.41,0.607,3
-117.322928,33.969806,116.84,0.574,3
-117.322623,33.969806,118.11,0.56,3
-117.322319,33.969806,119.45,0.457,3
-117.322015,33.969806,121.89,0.296,3
-117.321711,33.969806,124.15,0.227,3
-117.321406,33.969806,124.45,0.229,3
-117.321102,33.969806,123.04,0.243,3
-117.320798,33.969806,121.3,0.25,3
-117.320494,33.969806,118.75,0.405,3
-117.320189,33.969806,116.44,0.615,3
-117.319885,33.969806,113.48,0.711,3
-117.319581,33.969806,111.84,0.735,3
-117.319276,33.969806,111.68,0.726,3
-117.318972,33.969806,112.38,0.716,3
-117.318668,33.969806,113.82,0.644,3
-117.318364,33.969806,115.41,0.451,3
-117.318059,33.969806,116.82,0.353,3
-117.317755,33.969806,117.67,0.462,3
-117.317451,33.969806,118.37,0.5,3
-117.317147,33.969806,119.02,0.402,3
-117.316842,33.969806,119.61,0.363,3
-117.316538,33.969806,120.14,0.419,3
-117.316234,33.969806,120.28,0.322,3
-117.31593,33.969806,120.4,0.269,3
-117.315625,33.969806,120.21,0.365,3
-117.315321,33.969806,120,0.569,3
-117.315017,33.969806,119.93,0.551,3
-117.314712,33.969806,119.95,0.397,3
-117.314408,33.969806,119.89,0.313,3
-117.314104,33.969806,119.68,0.302,3
-117.3138,33.969806,119.51,0.308,3
-117.313495,33.969806,119.53,0.33,3
-117.313191,33.969806,118.99,0.351,3
-117.312887,33.969806,117.18,0.358,4
-117.312583,33.969806,117.12,0.356,4
-117.312278,33.969806,116.82,0.258,4
-117.311974,33.969806,116.38,0.295,4
-117.31167,33.969806,119.2,0.408,3
-117.311366,33.969806,119.36,0.453,3
-117.311061,33.969806,119.46,0.413,3
-117.310757,33.969806,119.86,0.364,3
-117.310453,33.969806,120.43,0.347,3
-117.310148,33.969806,121.09,0.319,3
-117.309844,33.969806,121.9,0.254,3
-117.30954,33.969806,122.76,0.182,3
-117.309236,33.969806,123.53,0.169,3
-117.308931,33.969806,124.16,0.197,3
-117.308627,33.969806,124.52,0.189,3
-117.308323,33.969806,124.38,0.172,3
-117.308019,33.969806,123.75,0.174,3
-117.307714,33.969806,122.62,0.183,3
-117.30741,33.969806,121.3,0.182,3
-117.307106,33.969806,120.01,0.188,3
-117.306802,33.969806,119.08,0.184,3
-117.306497,33.969806,118.25,0.18,3
-117.306193,33.969806,117.44,0.187,3
-117.305889,33.969806,116.45,0.187,3
-117.305584,33.969806,115.66,0.183,3
-117.30528,33.969806,115.05,0.181,3
-117.304976,33.969806,114.65,0.183,3
-117.304672,33.969806,114.29,0.182,3
-117.304367,33.969806,113.88,0.178,3
-117.304063,33.969806,113.64,0.175,3
-117.353963,33.969502,121.79,0.408,3
-117.353659,33.969502,122.08,0.401,3
-117.353354,33.969502,122.75,0.311,3
-117.35305,33.969502,123.41,0.276,3
-117.352746,33.969502,123.96,0.314,3
-117.352442,33.969502,124.55,0.307,3
-117.352137,33.969502,125.06,0.299,3
-117.351833,33.969502,125.39,0.323,3
-117.351529,33.969502,125.46,0.293,3
-117.351224,33.969502,125.22,0.255,3
-117.35092,33.969502,125.16,0.336,3
-117.350616,33.969502,124.65,0.291,3
-117.350312,33.969502,124.32,0.338,3
-117.350007,33.969502,123.6,0.371,3
-117.349703,33.969502,123.26,0.382,3
-117.349399,33.969502,123.11,0.341,3
-117.349095,33.969502,124.05,0.237,3
-117.34879,33.969502,124.7,0.229,3
-117.348486,33.969502,124.77,0.175,3
-117.348182,33.969502,124.42,0.16,3
-117.347878,33.969502,124.03,0.207,3
-117.347573,33.969502,123.64,0.212,3
-117.347269,33.969502,122.95,0.247,3
-117.346965,33.969502,122.4,0.295,3
-117.34666,33.969502,121.88,0.316,3
-117.346356,33.969502,121.52,0.309,3
-117.346052,33.969502,121.3,0.295,3
-117.345748,33.969502,121.77,0.33,3
-117.345443,33.969502,121.98,0.307,3
-117.345139,33.969502,122.23,0.218,3
-117.344835,33.969502,122.04,0.225,3
-117.344531,33.969502,121.85,0.289,3
-117.344226,33.969502,121.56,0.224,3
-117.343922,33.969502,121.29,0.35,3
-117.343618,33.969502,121.33,0.424,3
-117.343314,33.969502,121.72,0.363,3
-117.343009,33.969502,122.48,0.339,3
-117.342705,33.969502,123.22,0.33,3
-117.342401,33.969502,123.13,0.287,3
-117.342096,33.969502,122.1,0.268,3
-117.341792,33.969502,120.69,0.27,4
-117.341488,33.969502,120.67,0.299,4
-117.341184,33.969502,120.49,0.358,4
-117.340879,33.969502,119.98,0.275,4
-117.340575,33.969502,120.14,0.227,4
-117.340271,33.969502,120.64,0.216,4
-117.339967,33.969502,121.46,0.214,4
-117.339662,33.969502,122.43,0.315,4
-117.339358,33.969502,123.69,0.4,4
-117.339054,33.969502,125.21,0.3,4
-117.33875,33.969502,126.42,0.179,4
-117.338445,33.969502,126.84,0.146,4
-117.338141,33.969502,126.16,0.149,4
-117.337837,33.969502,124.69,0.176,4
-117.337532,33.969502,123.19,0.259,4
-117.337228,33.969502,121.79,0.33,4
-117.336924,33.969502,120.61,0.231,4
-117.33662,33.969502,119.71,0.222,4
-117.336315,33.969502,121.39,0.297,3
-117.336011,33.969502,120.61,0.38,3
-117.335707,33.969502,120.2,0.349,3
-117.335403,33.969502,120,0.373,3
-117.335098,33.969502,119.93,0.346,3
-117.334794,33.969502,119.64,0.36,3
-117.33449,33.969502,119.67,0.321,3
-117.334186,33.969502,119.95,0.372,3
-117.333881,33.969502,120.19,0.454,3
-117.333577,33.969502,120.74,0.306,3
-117.333273,33.969502,121.76,0.082,3
-117.332968,33.969502,122.78,0.044,3
-117.332664,33.969502,123.4,0.037,3
-117.33236,33.969502,123.49,0.045,3
-117.332056,33.969502,123.46,0.051,3
-117.331751,33.969502,123.34,0.072,3
-117.331447,33.969502,123.23,0.254,3
-117.331143,33.969502,123.12,0.185,3
-117.330839,33.969502,122.77,0.257,3
-117.330534,33.969502,122.51,0.156,3
-117.33023,33.969502,121.86,0.229,3
-117.329926,33.969502,121.11,0.299,3
-117.329622,33.969502,120.14,0.28,3
-117.329317,33.969502,119.49,0.151,3
-117.329013,33.969502,119.16,0.1,3
-117.328709,33.969502,119.19,0.171,3
-117.328404,33.969502,119.51,0.234,3
-117.3281,33.969502,119.59,0.273,3
-117.327796,33.969502,119.33,0.308,3
-117.327492,33.969502,119.11,0.265,3
-117.327187,33.969502,118.67,0.275,3
-117.326883,33.969502,117.6,0.351,3
-117.326579,33.969502,116.49,0.358,3
-117.326275,33.969502,115.43,0.456,3
-117.32597,33.969502,115.77,0.374,3
-117.325666,33.969502,116.31,0.231,3
-117.325362,33.969502,116.98,0.154,3
-117.325058,33.969502,117.76,0.147,3
-117.324753,33.969502,118.31,0.129,3
-117.324449,33.969502,118.59,0.221,3
-117.324145,33.969502,118.22,0.286,3
-117.32384,33.969502,117.75,0.262,3
-117.323536,33.969502,117.82,0.363,3
-117.323232,33.969502,118.18,0.511,3
-117.322928,33.969502,118.87,0.392,3
-117.322623,33.969502,120.23,0.267,3
-117.322319,33.969502,121.68,0.274,3
-117.322015,33.969502,124.11,0.26,3
-117.321711,33.969502,126.04,0.218,3
-117.321406,33.969502,125.76,0.218,3
-117.321102,33.969502,123.8,0.229,3
-117.320798,33.969502,121.81,0.226,3
-117.320494,33.969502,119.41,0.32,3
-117.320189,33.969502,117.2,0.558,3
-117.319885,33.969502,114.77,0.646,3
-117.319581,33.969502,113.14,0.578,3
-117.319276,33.969502,112.93,0.577,3
-117.318972,33.969502,113.77,0.639,3
-117.318668,33.969502,115.13,0.613,3
-117.318364,33.969502,116.55,0.496,3
-117.318059,33.969502,117.73,0.416,3
-117.317755,33.969502,118.2,0.49,3
-117.317451,33.969502,118.98,0.515,3
-117.317147,33.969502,119.76,0.538,3
-117.316842,33.969502,120.52,0.342,3
-117.316538,33.969502,121.28,0.334,3
-117.316234,33.969502,121.93,0.314,3
-117.31593,33.969502,122.19,0.215,3
-117.315625,33.969502,121.85,0.184,3
-117.315321,33.969502,121.19,0.27,3
-117.315017,33.969502,120.61,0.39,3
-117.314712,33.969502,120.2,0.433,3
-117.314408,33.969502,119.91,0.389,3
-117.314104,33.969502,119.61,0.355,3
-117.3138,33.969502,119.38,0.371,3
-117.313495,33.969502,118.63,0.379,3
-117.313191,33.969502,116.99,0.346,4
-117.312887,33.969502,117.24,0.281,4
-117.312583,33.969502,117.32,0.301,4
-117.312278,33.969502,117.23,0.287,4
-117.311974,33.969502,117.08,0.264,4
-117.31167,33.969502,119.9,0.332,3
-117.311366,33.969502,120.13,0.403,3
-117.311061,33.969502,120.25,0.411,3
-117.310757,33.969502,120.6,0.416,3
-117.310453,33.969502,121.1,0.372,3
-117.310148,33.969502,121.71,0.324,3
-117.309844,33.969502,122.41,0.235,3
-117.30954,33.969502,123.15,0.177,3
-117.309236,33.969502,123.88,0.187,3
-117.308931,33.969502,124.57,0.194,3
-117.308627,33.969502,125.07,0.195,3
-117.308323,33.969502,125.08,0.194,3
-117.308019,33.969502,124.51,0.189,3
-117.307714,33.969502,123.34,0.192,3
-117.30741,33.969502,122.07,0.19,3
-117.307106,33.969502,120.88,0.19,3
-117.306802,33.969502,120.02,0.185,3
-117.306497,33.969502,119.19,0.178,3
-117.306193,33.969502,118.41,0.179,3
-117.305889,33.969502,117.44,0.186,3
-117.305584,33.969502,116.6,0.188,3
-117.30528,33.969502,115.86,0.188,3
-117.304976,33.969502,115.33,0.187,3
-117.304672,33.969502,114.81,0.182,3
-117.304367,33.969502,114.24,0.177,3
-117.304063,33.969502,113.71,0.175,3
-117.303759,33.969502,113.3,0.175,3
-117.353963,33.969198,122.48,0.341,3
-117.353659,33.969198,122.75,0.388,3
-117.353354,33.969198,123.26,0.303,3
-117.35305,33.969198,123.65,0.269,3
-117.352746,33.969198,123.97,0.338,3
-117.352442,33.969198,124.4,0.307,3
-117.352137,33.969198,124.75,0.255,3
-117.351833,33.969198,124.96,0.309,3
-117.351529,33.969198,124.94,0.275,3
-117.351224,33.969198,124.73,0.293,3
-117.35092,33.969198,124.82,0.349,3
-117.350616,33.969198,124.55,0.27,3
-117.350312,33.969198,124.37,0.234,3
-117.350007,33.969198,123.79,0.313,3
-117.349703,33.969198,123.6,0.36,3
-117.349399,33.969198,123.62,0.342,3
-117.349095,33.969198,124.73,0.284,3
-117.34879,33.969198,125.52,0.229,3
-117.348486,33.969198,125.62,0.155,3
-117.348182,33.969198,125.32,0.155,3
-117.347878,33.969198,125.05,0.198,3
-117.347573,33.969198,124.79,0.21,3
-117.347269,33.969198,124.21,0.256,3
-117.346965,33.969198,123.67,0.291,3
-117.34666,33.969198,123.18,0.295,3
-117.346356,33.969198,122.72,0.3,3
-117.346052,33.969198,122.35,0.317,3
-117.345748,33.969198,122.67,0.351,3
-117.345443,33.969198,122.66,0.339,3
-117.345139,33.969198,122.79,0.24,3
-117.344835,33.969198,122.68,0.255,3
-117.344531,33.969198,122.81,0.253,3
-117.344226,33.969198,122.84,0.208,3
-117.343922,33.969198,122.68,0.276,3
-117.343618,33.969198,122.52,0.324,3
-117.343314,33.969198,122.52,0.313,3
-117.343009,33.969198,122.85,0.329,3
-117.342705,33.969198,123.27,0.346,3
-117.342401,33.969198,123.33,0.346,3
-117.342096,33.969198,123.22,0.379,3
-117.341792,33.969198,122.52,0.346,3
-117.341488,33.969198,120.8,0.318,4
-117.341184,33.969198,120.62,0.349,4
-117.340879,33.969198,120.36,0.262,4
-117.340575,33.969198,120.6,0.215,4
-117.340271,33.969198,121.12,0.204,4
-117.339967,33.969198,121.86,0.203,4
-117.339662,33.969198,122.74,0.331,4
-117.339358,33.969198,123.85,0.424,4
-117.339054,33.969198,125.14,0.296,4
-117.33875,33.969198,126.11,0.168,4
-117.338445,33.969198,126.28,0.149,4
-117.338141,33.969198,125.44,0.162,4
-117.337837,33.969198,124.01,0.189,4
-117.337532,33.969198,122.72,0.242,4
-117.337228,33.969198,121.61,0.29,4
-117.336924,33.969198,120.66,0.195,4
-117.33662,33.969198,119.93,0.192,4
-117.336315,33.969198,121.85,0.279,3
-117.336011,33.969198,121.22,0.376,3
-117.335707,33.969198,120.84,0.326,3
-117.335403,33.969198,120.51,0.37,3
-117.335098,33.969198,120.23,0.343,3
-117.334794,33.969198,119.74,0.365,3
-117.33449,33.969198,119.51,0.334,3
-117.334186,33.969198,119.55,0.385,3
-117.333881,33.969198,119.66,0.462,3
-117.333577,33.969198,120.26,0.317,3
-117.333273,33.969198,121.41,0.09,3
-117.332968,33.969198,122.44,0.046,3
-117.332664,33.969198,123.02,0.044,3
-117.33236,33.969198,123.14,0.032,3
-117.332056,33.969198,123.18,0.033,3
-117.331751,33.969198,123.21,0.057,3
-117.331447,33.969198,123.28,0.226,3
-117.331143,33.969198,123.34,0.199,3
-117.330839,33.969198,123.08,0.288,3
-117.330534,33.969198,122.89,0.202,3
-117.33023,33.969198,122.26,0.134,3
-117.329926,33.969198,121.56,0.233,3
-117.329622,33.969198,120.62,0.308,3
-117.329317,33.969198,119.96,0.283,3
-117.329013,33.969198,119.52,0.166,3
-117.328709,33.969198,119.27,0.102,3
-117.328404,33.969198,119.27,0.172,3
-117.3281,33.969198,119.15,0.273,3
-117.327796,33.969198,118.82,0.358,3
-117.327492,33.969198,118.58,0.424,3
-117.327187,33.969198,117.85,0.388,3
-117.326883,33.969198,116.53,0.461,3
-117.326579,33.969198,115.22,0.507,3
-117.326275,33.969198,113.89,0.543,3
-117.32597,33.969198,114.48,0.438,3
-117.325666,33.969198,115.4,0.254,3
-117.325362,33.969198,116.43,0.182,3
-117.325058,33.969198,117.53,0.223,3
-117.324753,33.969198,118.46,0.276,3
-117.324449,33.969198,119.15,0.288,3
-117.324145,33.969198,119.32,0.247,3
-117.32384,33.969198,119.36,0.211,3
-117.323536,33.969198,119.81,0.244,3
-117.323232,33.969198,120.51,0.282,3
-117.322928,33.969198,121.44,0.238,3
-117.322623,33.969198,122.68,0.202,3
-117.322319,33.969198,124.32,0.212,3
-117.322015,33.969198,126.46,0.216,3
-117.321711,33.969198,127.61,0.198,3
-117.321406,33.969198,126.98,0.197,3
-117.321102,33.969198,124.98,0.208,3
-117.320798,33.969198,123.15,0.231,3
-117.320494,33.969198,120.99,0.28,3
-117.320189,33.969198,118.63,0.501,3
-117.319885,33.969198,116.14,0.66,3
-117.319581,33.969198,114.55,0.669,3
-117.319276,33.969198,114.44,0.609,3
-117.318972,33.969198,115.48,0.557,3
-117.318668,33.969198,116.99,0.519,3
-117.318364,33.969198,118.31,0.452,3
-117.318059,33.969198,119.06,0.376,3
-117.317755,33.969198,119.39,0.394,3
-117.317451,33.969198,120.14,0.424,3
-117.317147,33.969198,120.94,0.455,3
-117.316842,33.969198,121.79,0.296,3
-117.316538,33.969198,122.73,0.244,3
-117.316234,33.969198,123.51,0.302,3
-117.31593,33.969198,123.95,0.255,3
-117.315625,33.969198,123.6,0.174,3
-117.315321,33.969198,122.74,0.189,3
-117.315017,33.969198,121.71,0.229,3
-117.314712,33.969198,120.85,0.325,3
-117.314408,33.969198,120.18,0.38,3
-117.314104,33.969198,119.63,0.355,3
-117.3138,33.969198,119.27,0.324,3
-117.313495,33.969198,118.38,0.335,3
-117.313191,33.969198,116.67,0.394,4
-117.312887,33.969198,117.06,0.255,4
-117.312583,33.969198,117.33,0.226,4
-117.312278,33.969198,117.55,0.22,4
-117.311974,33.969198,117.68,0.278,4
-117.31167,33.969198,120,0.333,3
-117.311366,33.969198,120.3,0.351,3
-117.311061,33.969198,120.98,0.3,3
-117.310757,33.969198,121.37,0.323,3
-117.310453,33.969198,121.72,0.329,3
-117.310148,33.969198,122.22,0.346,3
-117.309844,33.969198,122.84,0.254,3
-117.30954,33.969198,123.5,0.186,3
-117.309236,33.969198,124.16,0.206,3
-117.308931,33.969198,124.83,0.199,3
-117.308627,33.969198,125.36,0.195,3
-117.308323,33.969198,125.44,0.195,3
-117.308019,33.969198,124.9,0.196,3
-117.307714,33.969198,123.89,0.199,3
-117.30741,33.969198,122.75,0.208,3
-117.307106,33.969198,121.69,0.204,3
-117.306802,33.969198,120.74,0.2,3
-117.306497,33.969198,119.83,0.197,3
-117.306193,33.969198,119,0.186,3
-117.305889,33.969198,118.1,0.189,3
-117.305584,33.969198,117.32,0.194,3
-117.30528,33.969198,116.6,0.192,3
-117.304976,33.969198,116.03,0.184,3
-117.304672,33.969198,115.46,0.178,3
-117.304367,33.969198,114.8,0.177,3
-117.304063,33.969198,114.24,0.175,3
-117.303759,33.969198,113.93,0.173,3
-117.353963,33.968893,123.75,0.24,3
-117.353659,33.968893,123.96,0.311,3
-117.353354,33.968893,124.32,0.308,3
-117.35305,33.968893,124.71,0.305,3
-117.352746,33.968893,125.08,0.359,3
-117.352442,33.968893,125.39,0.323,3
-117.352137,33.968893,125.63,0.219,3
-117.351833,33.968893,125.76,0.216,3
-117.351529,33.968893,125.67,0.268,3
-117.351224,33.968893,125.31,0.375,3
-117.35092,33.968893,124.33,0.431,3
-117.350616,33.968893,124.19,0.399,3
-117.350312,33.968893,124.1,0.3,3
-117.350007,33.968893,124.62,0.288,3
-117.349703,33.968893,124.74,0.368,3
-117.349399,33.968893,124.93,0.371,3
-117.349095,33.968893,125.53,0.283,3
-117.34879,33.968893,126.06,0.166,3
-117.348486,33.968893,126.21,0.124,3
-117.348182,33.968893,126.05,0.156,3
-117.347878,33.968893,125.75,0.176,3
-117.347573,33.968893,125.35,0.21,3
-117.347269,33.968893,124.89,0.298,3
-117.346965,33.968893,124.38,0.304,3
-117.34666,33.968893,123.9,0.292,3
-117.346356,33.968893,123.43,0.309,3
-117.346052,33.968893,123.11,0.33,3
-117.345748,33.968893,123.15,0.338,3
-117.345443,33.968893,123.04,0.379,3
-117.345139,33.968893,123.03,0.331,3
-117.344835,33.968893,123.45,0.291,3
-117.344531,33.968893,123.97,0.24,3
-117.344226,33.968893,124.31,0.167,3
-117.343922,33.968893,124.29,0.185,3
-117.343618,33.968893,123.98,0.217,3
-117.343314,33.968893,123.65,0.248,3
-117.343009,33.968893,123.73,0.31,3
-117.342705,33.968893,124.06,0.326,3
-117.342401,33.968893,124.12,0.279,3
-117.342096,33.968893,124.15,0.268,3
-117.341792,33.968893,124.09,0.256,3
-117.341488,33.968893,123.74,0.319,3
-117.341184,33.968893,123.52,0.348,3
-117.340879,33.968893,124.05,0.259,3
-117.340575,33.968893,122.09,0.212,4
-117.340271,33.968893,122.36,0.196,4
-117.339967,33.968893,122.23,0.198,4
-117.339662,33.968893,122.74,0.317,4
-117.339358,33.968893,123.59,0.418,4
-117.339054,33.968893,124.52,0.318,4
-117.33875,33.968893,125.12,0.221,4
-117.338445,33.968893,124.97,0.239,4
-117.338141,33.968893,124.23,0.299,4
-117.337837,33.968893,123.24,0.341,4
-117.337532,33.968893,122.17,0.338,4
-117.337228,33.968893,121.44,0.344,4
-117.336924,33.968893,120.78,0.24,4
-117.33662,33.968893,120.31,0.235,4
-117.336315,33.968893,122.31,0.283,3
-117.336011,33.968893,121.78,0.375,3
-117.335707,33.968893,121.49,0.322,3
-117.335403,33.968893,121.19,0.351,3
-117.335098,33.968893,120.86,0.323,3
-117.334794,33.968893,120.58,0.354,3
-117.33449,33.968893,120.29,0.343,3
-117.334186,33.968893,120.07,0.442,3
-117.333881,33.968893,120.06,0.561,3
-117.333577,33.968893,120.72,0.372,3
-117.333273,33.968893,121.95,0.098,3
-117.332968,33.968893,122.98,0.105,3
-117.332664,33.968893,123.51,0.121,3
-117.33236,33.968893,123.69,0.078,3
-117.332056,33.968893,123.83,0.044,3
-117.331751,33.968893,123.95,0.105,3
-117.331447,33.968893,124.08,0.261,3
-117.331143,33.968893,124.24,0.253,3
-117.330839,33.968893,123.85,0.262,3
-117.330534,33.968893,123.61,0.185,3
-117.33023,33.968893,122.98,0.053,3
-117.329926,33.968893,122.18,0.179,3
-117.329622,33.968893,121.3,0.33,3
-117.329317,33.968893,120.51,0.34,3
-117.329013,33.968893,120.19,0.225,3
-117.328709,33.968893,120.01,0.096,3
-117.328404,33.968893,119.7,0.065,3
-117.3281,33.968893,119.24,0.154,3
-117.327796,33.968893,118.51,0.297,3
-117.327492,33.968893,118.24,0.393,3
-117.327187,33.968893,117.14,0.358,3
-117.326883,33.968893,115.92,0.394,3
-117.326579,33.968893,114.59,0.467,3
-117.326275,33.968893,113.24,0.622,3
-117.32597,33.968893,113.79,0.555,3
-117.325666,33.968893,114.92,0.346,3
-117.325362,33.968893,116.28,0.289,3
-117.325058,33.968893,117.49,0.274,3
-117.324753,33.968893,118.78,0.264,3
-117.324449,33.968893,119.98,0.246,3
-117.324145,33.968893,120.94,0.233,3
-117.32384,33.968893,121.63,0.228,3
-117.323536,33.968893,122.2,0.222,3
-117.323232,33.968893,122.82,0.215,3
-117.322928,33.968893,123.45,0.197,3
-117.322623,33.968893,124.24,0.178,3
-117.322319,33.968893,125.88,0.161,3
-117.322015,33.968893,127.55,0.175,3
-117.321711,33.968893,127.71,0.184,3
-117.321406,33.968893,127.4,0.186,3
-117.321102,33.968893,125.72,0.204,3
-117.320798,33.968893,124.18,0.226,3
-117.320494,33.968893,122.32,0.237,3
-117.320189,33.968893,119.95,0.376,3
-117.319885,33.968893,117.74,0.505,3
-117.319581,33.968893,116.35,0.523,3
-117.319276,33.968893,116.33,0.504,3
-117.318972,33.968893,117.85,0.464,3
-117.318668,33.968893,119.92,0.384,3
-117.318364,33.968893,121.21,0.345,3
-117.318059,33.968893,121.79,0.382,3
-117.317755,33.968893,121.97,0.379,3
-117.317451,33.968893,122.55,0.371,3
-117.317147,33.968893,123.24,0.394,3
-117.316842,33.968893,123.95,0.258,3
-117.316538,33.968893,124.8,0.217,3
-117.316234,33.968893,125.6,0.265,3
-117.31593,33.968893,125.97,0.247,3
-117.315625,33.968893,125.59,0.211,3
-117.315321,33.968893,124.71,0.201,3
-117.315017,33.968893,123.21,0.191,3
-117.314712,33.968893,121.7,0.263,3
-117.314408,33.968893,120.48,0.405,3
-117.314104,33.968893,119.65,0.443,3
-117.3138,33.968893,119.29,0.314,3
-117.313495,33.968893,118.38,0.262,3
-117.313191,33.968893,116.59,0.395,4
-117.312887,33.968893,116.81,0.266,4
-117.312583,33.968893,117.2,0.127,4
-117.312278,33.968893,117.61,0.15,4
-117.311974,33.968893,117.99,0.196,4
-117.31167,33.968893,118.4,0.29,4
-117.311366,33.968893,118.85,0.356,4
-117.311061,33.968893,120.57,0.249,3
-117.310757,33.968893,121.81,0.236,3
-117.310453,33.968893,122.31,0.281,3
-117.310148,33.968893,122.67,0.288,3
-117.309844,33.968893,123.2,0.228,3
-117.30954,33.968893,123.76,0.191,3
-117.309236,33.968893,124.27,0.198,3
-117.308931,33.968893,124.7,0.196,3
-117.308627,33.968893,124.96,0.195,3
-117.308323,33.968893,125.02,0.197,3
-117.308019,33.968893,124.59,0.199,3
-117.307714,33.968893,123.94,0.203,3
-117.30741,33.968893,123.01,0.206,3
-117.307106,33.968893,122.12,0.199,3
-117.306802,33.968893,121.23,0.196,3
-117.306497,33.968893,120.31,0.2,3
-117.306193,33.968893,119.46,0.197,3
-117.305889,33.968893,118.7,0.189,3
-117.305584,33.968893,118.04,0.193,3
-117.30528,33.968893,117.4,0.193,3
-117.304976,33.968893,116.87,0.185,3
-117.304672,33.968893,116.31,0.181,3
-117.304367,33.968893,115.61,0.178,3
-117.304063,33.968893,115.07,0.176,3
-117.303759,33.968893,114.8,0.179,3
-117.303455,33.968893,114.62,0.174,3
-117.353963,33.968589,124.51,0.316,3
-117.353659,33.968589,124.69,0.304,3
-117.353354,33.968589,124.91,0.302,3
-117.35305,33.968589,125.12,0.298,3
-117.352746,33.968589,125.34,0.319,3
-117.352442,33.968589,125.48,0.318,3
-117.352137,33.968589,125.6,0.245,3
-117.351833,33.968589,125.64,0.299,3
-117.351529,33.968589,125.5,0.401,3
-117.351224,33.968589,125.13,0.475,3
-117.35092,33.968589,123.99,0.494,3
-117.350616,33.968589,124,0.437,3
-117.350312,33.968589,124.05,0.386,3
-117.350007,33.968589,124.83,0.309,3
-117.349703,33.968589,125.08,0.359,3
-117.349399,33.968589,125.35,0.353,3
-117.349095,33.968589,125.8,0.27,3
-117.34879,33.968589,126.24,0.153,3
-117.348486,33.968589,126.54,0.104,3
-117.348182,33.968589,126.69,0.118,3
-117.347878,33.968589,126.63,0.132,3
-117.347573,33.968589,126.4,0.177,3
-117.347269,33.968589,126.05,0.267,3
-117.346965,33.968589,125.57,0.28,3
-117.34666,33.968589,125.11,0.279,3
-117.346356,33.968589,124.66,0.258,3
-117.346052,33.968589,124.42,0.272,3
-117.345748,33.968589,124.6,0.308,3
-117.345443,33.968589,124.6,0.365,3
-117.345139,33.968589,124.49,0.312,3
-117.344835,33.968589,124.83,0.243,3
-117.344531,33.968589,125.15,0.206,3
-117.344226,33.968589,125.41,0.14,3
-117.343922,33.968589,125.24,0.18,3
-117.343618,33.968589,124.64,0.245,3
-117.343314,33.968589,124.06,0.259,3
-117.343009,33.968589,124.1,0.281,3
-117.342705,33.968589,124.6,0.291,3
-117.342401,33.968589,124.85,0.209,3
-117.342096,33.968589,125,0.139,3
-117.341792,33.968589,124.81,0.161,3
-117.341488,33.968589,124.19,0.265,3
-117.341184,33.968589,124.21,0.323,3
-117.340879,33.968589,125.01,0.239,3
-117.340575,33.968589,123.27,0.184,4
-117.340271,33.968589,123.59,0.179,4
-117.339967,33.968589,123.38,0.159,4
-117.339662,33.968589,123.69,0.247,4
-117.339358,33.968589,124.22,0.342,4
-117.339054,33.968589,124.77,0.317,4
-117.33875,33.968589,124.97,0.28,4
-117.338445,33.968589,124.38,0.299,4
-117.338141,33.968589,123.3,0.363,4
-117.337837,33.968589,122.27,0.409,4
-117.337532,33.968589,121.41,0.372,4
-117.337228,33.968589,120.95,0.358,4
-117.336924,33.968589,120.56,0.261,4
-117.33662,33.968589,120.38,0.238,4
-117.336315,33.968589,122.47,0.258,3
-117.336011,33.968589,122.13,0.318,3
-117.335707,33.968589,121.98,0.289,3
-117.335403,33.968589,121.76,0.303,3
-117.335098,33.968589,121.43,0.299,3
-117.334794,33.968589,121.03,0.312,3
-117.33449,33.968589,120.6,0.324,3
-117.334186,33.968589,120.23,0.499,3
-117.333881,33.968589,120.15,0.637,3
-117.333577,33.968589,120.79,0.45,3
-117.333273,33.968589,121.95,0.233,3
-117.332968,33.968589,122.88,0.273,3
-117.332664,33.968589,123.36,0.264,3
-117.33236,33.968589,123.61,0.186,3
-117.332056,33.968589,123.83,0.122,3
-117.331751,33.968589,124.05,0.199,3
-117.331447,33.968589,124.25,0.228,3
-117.331143,33.968589,124.43,0.182,3
-117.330839,33.968589,124.09,0.236,3
-117.330534,33.968589,123.93,0.2,3
-117.33023,33.968589,123.46,0.18,3
-117.329926,33.968589,122.69,0.23,3
-117.329622,33.968589,121.86,0.328,3
-117.329317,33.968589,121.03,0.319,3
-117.329013,33.968589,120.51,0.197,3
-117.328709,33.968589,120.05,0.085,3
-117.328404,33.968589,119.45,0.048,3
-117.3281,33.968589,118.84,0.078,3
-117.327796,33.968589,118.1,0.201,3
-117.327492,33.968589,117.8,0.383,3
-117.327187,33.968589,116.74,0.383,3
-117.326883,33.968589,115.63,0.444,3
-117.326579,33.968589,114.4,0.49,3
-117.326275,33.968589,113.27,0.687,3
-117.32597,33.968589,113.69,0.632,3
-117.325666,33.968589,114.75,0.361,3
-117.325362,33.968589,116.23,0.247,3
-117.325058,33.968589,117.69,0.231,3
-117.324753,33.968589,119.34,0.227,3
-117.324449,33.968589,121.11,0.225,3
-117.324145,33.968589,122.49,0.236,3
-117.32384,33.968589,123.32,0.249,3
-117.323536,33.968589,123.86,0.238,3
-117.323232,33.968589,124.37,0.208,3
-117.322928,33.968589,124.84,0.192,3
-117.322623,33.968589,125.43,0.184,3
-117.322319,33.968589,126.62,0.153,3
-117.322015,33.968589,127.81,0.172,3
-117.321711,33.968589,127.71,0.177,3
-117.321406,33.968589,127.29,0.188,3
-117.321102,33.968589,125.88,0.209,3
-117.320798,33.968589,124.72,0.213,3
-117.320494,33.968589,123.22,0.203,3
-117.320189,33.968589,121.39,0.253,3
-117.319885,33.968589,119.46,0.352,3
-117.319581,33.968589,118.26,0.408,3
-117.319276,33.968589,118.55,0.374,3
-117.318972,33.968589,120.24,0.304,3
-117.318668,33.968589,122.4,0.26,3
-117.318364,33.968589,124.05,0.268,3
-117.318059,33.968589,124.8,0.315,3
-117.317755,33.968589,124.96,0.284,3
-117.317451,33.968589,125.37,0.338,3
-117.317147,33.968589,125.82,0.319,3
-117.316842,33.968589,126.16,0.315,3
-117.316538,33.968589,126.65,0.267,3
-117.316234,33.968589,127.19,0.308,3
-117.31593,33.968589,127.38,0.237,3
-117.315625,33.968589,127,0.226,3
-117.315321,33.968589,126.14,0.198,3
-117.315017,33.968589,124.58,0.179,3
-117.314712,33.968589,122.69,0.277,3
-117.314408,33.968589,120.92,0.411,3
-117.314104,33.968589,119.74,0.433,3
-117.3138,33.968589,119.32,0.332,3
-117.313495,33.968589,118.46,0.248,3
-117.313191,33.968589,116.59,0.302,4
-117.312887,33.968589,116.77,0.268,4
-117.312583,33.968589,117.15,0.163,4
-117.312278,33.968589,117.62,0.146,4
-117.311974,33.968589,118.14,0.154,4
-117.31167,33.968589,118.85,0.205,4
-117.311366,33.968589,119.59,0.292,4
-117.311061,33.968589,120.09,0.25,4
-117.310757,33.968589,122.15,0.276,3
-117.310453,33.968589,123.12,0.267,3
-117.310148,33.968589,123.41,0.21,3
-117.309844,33.968589,123.78,0.195,3
-117.30954,33.968589,124.15,0.211,3
-117.309236,33.968589,124.37,0.21,3
-117.308931,33.968589,124.41,0.206,3
-117.308627,33.968589,124.32,0.204,3
-117.308323,33.968589,124.25,0.193,3
-117.308019,33.968589,123.94,0.19,3
-117.307714,33.968589,123.48,0.196,3
-117.30741,33.968589,122.79,0.197,3
-117.307106,33.968589,122.16,0.185,3
-117.306802,33.968589,121.47,0.176,3
-117.306497,33.968589,120.72,0.187,3
-117.306193,33.968589,119.94,0.193,3
-117.305889,33.968589,119.27,0.186,3
-117.305584,33.968589,118.78,0.184,3
-117.30528,33.968589,118.3,0.187,3
-117.304976,33.968589,117.86,0.187,3
-117.304672,33.968589,117.28,0.183,3
-117.304367,33.968589,116.5,0.175,3
-117.304063,33.968589,115.86,0.172,3
-117.303759,33.968589,115.52,0.177,3
-117.303455,33.968589,115.46,0.173,3
-117.30315,33.968589,116.15,0.17,3
-117.353963,33.968285,125.09,0.287,3
-117.353659,33.968285,125.27,0.248,3
-117.353354,33.968285,125.41,0.274,3
-117.35305,33.968285,125.35,0.265,3
-117.352746,33.968285,125.19,0.231,3
-117.352442,33.968285,125.03,0.236,3
-117.352137,33.968285,124.96,0.214,3
-117.351833,33.968285,124.92,0.276,3
-117.351529,33.968285,124.82,0.277,3
-117.351224,33.968285,124.56,0.308,3
-117.35092,33.968285,123.54,0.261,3
-117.350616,33.968285,123.68,0.226,3
-117.350312,33.968285,123.84,0.256,3
-117.350007,33.968285,124.75,0.284,3
-117.349703,33.968285,125.05,0.226,3
-117.349399,33.968285,125.27,0.176,3
-117.349095,33.968285,125.67,0.192,3
-117.34879,33.968285,126.11,0.156,3
-117.348486,33.968285,126.64,0.107,3
-117.348182,33.968285,127.23,0.104,3
-117.347878,33.968285,127.63,0.116,3
-117.347573,33.968285,127.71,0.133,3
-117.347269,33.968285,127.47,0.169,3
-117.346965,33.968285,127.01,0.186,3
-117.34666,33.968285,126.54,0.182,3
-117.346356,33.968285,126.12,0.185,3
-117.346052,33.968285,125.99,0.189,3
-117.345748,33.968285,126.18,0.203,3
-117.345443,33.968285,126.24,0.22,3
-117.345139,33.968285,126.07,0.188,3
-117.344835,33.968285,126.12,0.158,3
-117.344531,33.968285,126.01,0.14,3
-117.344226,33.968285,125.91,0.119,3
-117.343922,33.968285,125.32,0.158,3
-117.343618,33.968285,124.27,0.213,3
-117.343314,33.968285,123.37,0.219,3
-117.343009,33.968285,123.3,0.207,3
-117.342705,33.968285,123.88,0.206,3
-117.342401,33.968285,124.32,0.182,3
-117.342096,33.968285,124.73,0.15,3
-117.341792,33.968285,124.83,0.153,3
-117.341488,33.968285,124.62,0.193,3
-117.341184,33.968285,124.77,0.206,3
-117.340879,33.968285,125.77,0.162,3
-117.340575,33.968285,124.07,0.139,4
-117.340271,33.968285,124.59,0.132,4
-117.339967,33.968285,124.49,0.107,4
-117.339662,33.968285,124.77,0.144,4
-117.339358,33.968285,125.12,0.19,4
-117.339054,33.968285,125.37,0.199,4
-117.33875,33.968285,125.15,0.194,4
-117.338445,33.968285,124.07,0.209,4
-117.338141,33.968285,122.6,0.24,4
-117.337837,33.968285,121.42,0.25,4
-117.337532,33.968285,120.6,0.238,4
-117.337228,33.968285,120.26,0.231,4
-117.336924,33.968285,120.07,0.208,4
-117.33662,33.968285,120.19,0.191,4
-117.336315,33.968285,122.59,0.196,3
-117.336011,33.968285,122.49,0.203,3
-117.335707,33.968285,122.53,0.238,3
-117.335403,33.968285,122.46,0.25,3
-117.335098,33.968285,122.16,0.228,3
-117.334794,33.968285,121.75,0.24,3
-117.33449,33.968285,121.26,0.245,3
-117.334186,33.968285,120.87,0.33,3
-117.333881,33.968285,120.77,0.401,3
-117.333577,33.968285,121.22,0.341,3
-117.333273,33.968285,122.05,0.265,3
-117.332968,33.968285,122.71,0.271,3
-117.332664,33.968285,123.11,0.253,3
-117.33236,33.968285,123.34,0.231,3
-117.332056,33.968285,123.64,0.203,3
-117.331751,33.968285,123.98,0.247,3
-117.331447,33.968285,124.36,0.176,3
-117.331143,33.968285,124.66,0.106,3
-117.330839,33.968285,124.31,0.168,3
-117.330534,33.968285,124.16,0.203,3
-117.33023,33.968285,123.76,0.239,3
-117.329926,33.968285,123.11,0.264,3
-117.329622,33.968285,122.42,0.284,3
-117.329317,33.968285,121.64,0.291,3
-117.329013,33.968285,121.1,0.254,3
-117.328709,33.968285,120.55,0.206,3
-117.328404,33.968285,119.81,0.153,3
-117.3281,33.968285,119.01,0.092,3
-117.327796,33.968285,118.07,0.137,3
-117.327492,33.968285,117.7,0.286,3
-117.327187,33.968285,116.85,0.396,3
-117.326883,33.968285,115.85,0.505,3
-117.326579,33.968285,114.62,0.516,3
-117.326275,33.968285,113.77,0.674,3
-117.32597,33.968285,113.94,0.625,3
-117.325666,33.968285,114.74,0.413,3
-117.325362,33.968285,116.11,0.262,3
-117.325058,33.968285,117.67,0.223,3
-117.324753,33.968285,119.45,0.219,3
-117.324449,33.968285,121.57,0.221,3
-117.324145,33.968285,123.38,0.237,3
-117.32384,33.968285,124.47,0.251,3
-117.323536,33.968285,125.14,0.245,3
-117.323232,33.968285,125.63,0.219,3
-117.322928,33.968285,125.99,0.193,3
-117.322623,33.968285,126.36,0.175,3
-117.322319,33.968285,127.02,0.108,3
-117.322015,33.968285,127.68,0.126,3
-117.321711,33.968285,127.49,0.186,3
-117.321406,33.968285,127.07,0.196,3
-117.321102,33.968285,125.45,0.207,3
-117.320798,33.968285,124.48,0.201,3
-117.320494,33.968285,123.26,0.192,3
-117.320189,33.968285,121.9,0.211,3
-117.319885,33.968285,120.31,0.322,3
-117.319581,33.968285,119.51,0.429,3
-117.319276,33.968285,120.33,0.372,3
-117.318972,33.968285,122.47,0.25,3
-117.318668,33.968285,124.92,0.221,3
-117.318364,33.968285,126.72,0.227,3
-117.318059,33.968285,127.65,0.237,3
-117.317755,33.968285,127.94,0.23,3
-117.317451,33.968285,128.22,0.252,3
-117.317147,33.968285,128.33,0.258,3
-117.316842,33.968285,128.43,0.282,3
-117.316538,33.968285,128.6,0.259,3
-117.316234,33.968285,128.7,0.258,3
-117.31593,33.968285,128.62,0.221,3
-117.315625,33.968285,128.27,0.218,3
-117.315321,33.968285,127.46,0.215,3
-117.315017,33.968285,125.82,0.199,3
-117.314712,33.968285,123.8,0.267,3
-117.314408,33.968285,121.86,0.355,3
-117.314104,33.968285,120.47,0.353,3
-117.3138,33.968285,119.85,0.318,3
-117.313495,33.968285,118.77,0.311,3
-117.313191,33.968285,116.67,0.263,4
-117.312887,33.968285,116.69,0.242,4
-117.312583,33.968285,116.97,0.23,4
-117.312278,33.968285,117.41,0.202,4
-117.311974,33.968285,118.01,0.186,4
-117.31167,33.968285,118.98,0.148,4
-117.311366,33.968285,120.08,0.153,4
-117.311061,33.968285,120.87,0.172,4
-117.310757,33.968285,122.96,0.209,3
-117.310453,33.968285,124.06,0.189,3
-117.310148,33.968285,124.45,0.177,3
-117.309844,33.968285,124.72,0.202,3
-117.30954,33.968285,124.74,0.23,3
-117.309236,33.968285,124.5,0.233,3
-117.308931,33.968285,124.12,0.23,3
-117.308627,33.968285,123.64,0.233,3
-117.308323,33.968285,123.34,0.208,3
-117.308019,33.968285,122.99,0.203,3
-117.307714,33.968285,122.63,0.21,3
-117.30741,33.968285,122.16,0.192,3
-117.307106,33.968285,121.81,0.179,3
-117.306802,33.968285,121.42,0.17,3
-117.306497,33.968285,120.96,0.174,3
-117.306193,33.968285,120.43,0.179,3
-117.305889,33.968285,120.03,0.181,3
-117.305584,33.968285,119.77,0.179,3
-117.30528,33.968285,119.43,0.179,3
-117.304976,33.968285,118.98,0.181,3
-117.304672,33.968285,118.28,0.182,3
-117.304367,33.968285,117.36,0.176,3
-117.304063,33.968285,116.67,0.167,3
-117.303759,33.968285,116.39,0.168,3
-117.303455,33.968285,116.35,0.171,3
-117.30315,33.968285,116.58,0.172,3
-117.353963,33.967981,125,0.238,3
-117.353659,33.967981,125.1,0.224,3
-117.353354,33.967981,125.05,0.309,3
-117.35305,33.967981,125.02,0.308,3
-117.352746,33.967981,124.83,0.239,3
-117.352442,33.967981,124.3,0.27,3
-117.352137,33.967981,123.98,0.262,3
-117.351833,33.967981,123.86,0.23,3
-117.351529,33.967981,123.82,0.247,3
-117.351224,33.967981,123.67,0.245,3
-117.35092,33.967981,122.87,0.203,3
-117.350616,33.967981,123.05,0.172,3
-117.350312,33.967981,123.32,0.206,3
-117.350007,33.967981,124.07,0.258,3
-117.349703,33.967981,124.43,0.225,3
-117.349399,33.967981,124.73,0.217,3
-117.349095,33.967981,125.32,0.268,3
-117.34879,33.967981,125.86,0.252,3
-117.348486,33.967981,126.68,0.164,3
-117.348182,33.967981,127.85,0.122,3
-117.347878,33.967981,128.92,0.125,3
-117.347573,33.967981,129.42,0.116,3
-117.347269,33.967981,129.29,0.129,3
-117.346965,33.967981,129.01,0.143,3
-117.34666,33.967981,128.63,0.15,3
-117.346356,33.967981,128.26,0.157,3
-117.346052,33.967981,128.06,0.164,3
-117.345748,33.967981,128.06,0.166,3
-117.345443,33.967981,127.97,0.162,3
-117.345139,33.967981,127.67,0.147,3
-117.344835,33.967981,127.37,0.133,3
-117.344531,33.967981,126.85,0.123,3
-117.344226,33.967981,126.16,0.147,3
-117.343922,33.967981,125.01,0.257,3
-117.343618,33.967981,123.49,0.365,3
-117.343314,33.967981,122.25,0.347,3
-117.343009,33.967981,121.8,0.277,3
-117.342705,33.967981,122,0.283,3
-117.342401,33.967981,122.42,0.297,3
-117.342096,33.967981,123.03,0.248,3
-117.341792,33.967981,123.79,0.214,3
-117.341488,33.967981,124.28,0.229,3
-117.341184,33.967981,124.79,0.203,3
-117.340879,33.967981,125.64,0.14,3
-117.340575,33.967981,123.89,0.125,4
-117.340271,33.967981,124.64,0.121,4
-117.339967,33.967981,125.03,0.118,4
-117.339662,33.967981,125.52,0.126,4
-117.339358,33.967981,125.86,0.139,4
-117.339054,33.967981,126.04,0.144,4
-117.33875,33.967981,125.38,0.151,4
-117.338445,33.967981,123.75,0.183,4
-117.338141,33.967981,122,0.234,4
-117.337837,33.967981,120.71,0.269,4
-117.337532,33.967981,119.9,0.279,4
-117.337228,33.967981,119.64,0.277,4
-117.336924,33.967981,119.58,0.268,4
-117.33662,33.967981,119.92,0.251,4
-117.336315,33.967981,122.71,0.261,3
-117.336011,33.967981,122.82,0.21,3
-117.335707,33.967981,123.01,0.318,3
-117.335403,33.967981,123.04,0.343,3
-117.335098,33.967981,122.82,0.225,3
-117.334794,33.967981,122.46,0.219,3
-117.33449,33.967981,122.04,0.217,3
-117.334186,33.967981,121.74,0.176,3
-117.333881,33.967981,121.57,0.161,3
-117.333577,33.967981,121.69,0.165,3
-117.333273,33.967981,122.08,0.186,3
-117.332968,33.967981,122.38,0.241,3
-117.332664,33.967981,122.53,0.267,3
-117.33236,33.967981,122.62,0.255,3
-117.332056,33.967981,122.9,0.244,3
-117.331751,33.967981,123.4,0.23,3
-117.331447,33.967981,124.07,0.158,3
-117.331143,33.967981,124.56,0.082,3
-117.330839,33.967981,124.05,0.124,3
-117.330534,33.967981,123.84,0.199,3
-117.33023,33.967981,123.56,0.218,3
-117.329926,33.967981,122.85,0.233,3
-117.329622,33.967981,122.26,0.262,3
-117.329317,33.967981,121.73,0.288,3
-117.329013,33.967981,121.47,0.29,3
-117.328709,33.967981,121.07,0.284,3
-117.328404,33.967981,120.2,0.241,3
-117.3281,33.967981,119.25,0.138,3
-117.327796,33.967981,118.23,0.083,3
-117.327492,33.967981,117.68,0.133,3
-117.327187,33.967981,116.97,0.28,3
-117.326883,33.967981,116.03,0.364,3
-117.326579,33.967981,114.95,0.462,3
-117.326275,33.967981,114.26,0.509,3
-117.32597,33.967981,114.14,0.518,3
-117.325666,33.967981,114.65,0.443,3
-117.325362,33.967981,115.8,0.276,3
-117.325058,33.967981,117.66,0.209,3
-117.324753,33.967981,119.68,0.196,3
-117.324449,33.967981,121.92,0.201,3
-117.324145,33.967981,123.87,0.219,3
-117.32384,33.967981,125.2,0.23,3
-117.323536,33.967981,126.13,0.227,3
-117.323232,33.967981,126.74,0.213,3
-117.322928,33.967981,127.13,0.196,3
-117.322623,33.967981,127.5,0.171,3
-117.322319,33.967981,127.74,0.124,3
-117.322015,33.967981,127.71,0.137,3
-117.321711,33.967981,127.43,0.196,3
-117.321406,33.967981,126.67,0.201,3
-117.321102,33.967981,125.04,0.195,3
-117.320798,33.967981,123.83,0.218,3
-117.320494,33.967981,122.67,0.257,3
-117.320189,33.967981,121.56,0.293,3
-117.319885,33.967981,120.53,0.368,3
-117.319581,33.967981,120.4,0.404,3
-117.319276,33.967981,121.72,0.323,3
-117.318972,33.967981,123.93,0.226,3
-117.318668,33.967981,126.05,0.212,3
-117.318364,33.967981,127.64,0.224,3
-117.318059,33.967981,128.64,0.224,3
-117.317755,33.967981,129.09,0.212,3
-117.317451,33.967981,129.34,0.215,3
-117.317147,33.967981,129.21,0.238,3
-117.316842,33.967981,129.15,0.239,3
-117.316538,33.967981,129.11,0.226,3
-117.316234,33.967981,128.99,0.249,3
-117.31593,33.967981,129.32,0.236,3
-117.315625,33.967981,129.2,0.224,3
-117.315321,33.967981,128.52,0.218,3
-117.315017,33.967981,127.3,0.213,3
-117.314712,33.967981,125.68,0.232,3
-117.314408,33.967981,123.92,0.257,3
-117.314104,33.967981,122.14,0.286,3
-117.3138,33.967981,120.69,0.343,3
-117.313495,33.967981,119.66,0.398,3
-117.313191,33.967981,118.03,0.367,3
-117.312887,33.967981,116.31,0.206,4
-117.312583,33.967981,116.45,0.187,4
-117.312278,33.967981,116.86,0.182,4
-117.311974,33.967981,117.54,0.241,4
-117.31167,33.967981,118.71,0.18,4
-117.311366,33.967981,120.13,0.132,4
-117.311061,33.967981,121.32,0.137,4
-117.310757,33.967981,122.67,0.136,4
-117.310453,33.967981,123.5,0.157,4
-117.310148,33.967981,123.81,0.195,4
-117.309844,33.967981,123.72,0.214,4
-117.30954,33.967981,124.29,0.225,4
-117.309236,33.967981,124.8,0.231,3
-117.308931,33.967981,124.1,0.23,3
-117.308627,33.967981,123.48,0.241,3
-117.308323,33.967981,122.98,0.234,3
-117.308019,33.967981,122.5,0.264,3
-117.307714,33.967981,121.96,0.278,3
-117.30741,33.967981,121.54,0.248,3
-117.307106,33.967981,121.32,0.195,3
-117.306802,33.967981,121.21,0.188,3
-117.306497,33.967981,121.08,0.187,3
-117.306193,33.967981,120.93,0.19,3
-117.305889,33.967981,120.87,0.196,3
-117.305584,33.967981,120.9,0.201,3
-117.30528,33.967981,120.7,0.204,3
-117.304976,33.967981,120.1,0.2,3
-117.304672,33.967981,119.09,0.189,3
-117.304367,33.967981,117.95,0.179,3
-117.304063,33.967981,117.18,0.175,3
-117.303759,33.967981,116.94,0.174,3
-117.303455,33.967981,116.85,0.178,3
-117.30315,33.967981,116.91,0.175,3
-117.302846,33.967981,116.83,0.175,3
-117.353963,33.967676,124.12,0.207,3
-117.353659,33.967676,124.12,0.169,3
-117.353354,33.967676,123.8,0.274,3
-117.35305,33.967676,123.95,0.35,3
-117.352746,33.967676,124.07,0.299,3
-117.352442,33.967676,123.38,0.294,3
-117.352137,33.967676,122.99,0.3,3
-117.351833,33.967676,122.86,0.27,3
-117.351529,33.967676,122.78,0.273,3
-117.351224,33.967676,122.67,0.254,3
-117.35092,33.967676,122.15,0.234,3
-117.350616,33.967676,122.25,0.233,3
-117.350312,33.967676,122.52,0.267,3
-117.350007,33.967676,122.76,0.253,3
-117.349703,33.967676,123.14,0.247,3
-117.349399,33.967676,123.58,0.246,3
-117.349095,33.967676,124.63,0.301,3
-117.34879,33.967676,125.55,0.277,3
-117.348486,33.967676,126.7,0.181,3
-117.348182,33.967676,128.29,0.132,3
-117.347878,33.967676,129.87,0.137,3
-117.347573,33.967676,130.89,0.138,3
-117.347269,33.967676,131.06,0.139,3
-117.346965,33.967676,131.03,0.139,3
-117.34666,33.967676,130.84,0.141,3
-117.346356,33.967676,130.64,0.141,3
-117.346052,33.967676,130.34,0.146,3
-117.345748,33.967676,130.07,0.151,3
-117.345443,33.967676,129.78,0.152,3
-117.345139,33.967676,129.27,0.149,3
-117.344835,33.967676,128.5,0.15,3
-117.344531,33.967676,127.56,0.139,3
-117.344226,33.967676,126.26,0.175,3
-117.343922,33.967676,124.53,0.375,3
-117.343618,33.967676,122.69,0.549,3
-117.343314,33.967676,121.28,0.513,3
-117.343009,33.967676,120.42,0.408,3
-117.342705,33.967676,120.04,0.408,3
-117.342401,33.967676,120.28,0.411,3
-117.342096,33.967676,120.85,0.321,3
-117.341792,33.967676,121.72,0.307,3
-117.341488,33.967676,122.67,0.312,3
-117.341184,33.967676,123.77,0.263,3
-117.340879,33.967676,124.3,0.154,3
-117.340575,33.967676,123.07,0.138,4
-117.340271,33.967676,124.07,0.136,4
-117.339967,33.967676,125.09,0.132,4
-117.339662,33.967676,125.87,0.141,4
-117.339358,33.967676,126.31,0.145,4
-117.339054,33.967676,126.57,0.145,4
-117.33875,33.967676,125.66,0.151,4
-117.338445,33.967676,123.68,0.193,4
-117.338141,33.967676,121.76,0.271,4
-117.337837,33.967676,120.38,0.329,4
-117.337532,33.967676,119.64,0.338,4
-117.337228,33.967676,119.42,0.331,4
-117.336924,33.967676,119.59,0.315,4
-117.33662,33.967676,121.27,0.318,3
-117.336315,33.967676,122.7,0.355,3
-117.336011,33.967676,122.93,0.247,3
-117.335707,33.967676,123.18,0.234,3
-117.335403,33.967676,123.24,0.214,3
-117.335098,33.967676,123.08,0.125,3
-117.334794,33.967676,122.74,0.126,3
-117.33449,33.967676,122.44,0.206,3
-117.334186,33.967676,122.25,0.23,3
-117.333881,33.967676,122.03,0.209,3
-117.333577,33.967676,121.91,0.202,3
-117.333273,33.967676,121.98,0.224,3
-117.332968,33.967676,121.94,0.283,3
-117.332664,33.967676,121.76,0.332,3
-117.33236,33.967676,121.61,0.342,3
-117.332056,33.967676,121.76,0.354,3
-117.331751,33.967676,122.42,0.358,3
-117.331447,33.967676,123.34,0.235,3
-117.331143,33.967676,123.98,0.102,3
-117.330839,33.967676,123.41,0.156,3
-117.330534,33.967676,123.2,0.241,3
-117.33023,33.967676,123.02,0.253,3
-117.329926,33.967676,122.23,0.243,3
-117.329622,33.967676,121.76,0.229,3
-117.329317,33.967676,121.57,0.211,3
-117.329013,33.967676,121.66,0.196,3
-117.328709,33.967676,121.5,0.213,3
-117.328404,33.967676,120.64,0.234,3
-117.3281,33.967676,119.61,0.18,3
-117.327796,33.967676,118.57,0.084,3
-117.327492,33.967676,117.86,0.091,3
-117.327187,33.967676,117.2,0.209,3
-117.326883,33.967676,116.5,0.327,3
-117.326579,33.967676,115.75,0.327,3
-117.326275,33.967676,115.1,0.352,3
-117.32597,33.967676,114.75,0.601,3
-117.325666,33.967676,114.93,0.537,3
-117.325362,33.967676,115.94,0.289,3
-117.325058,33.967676,117.92,0.181,3
-117.324753,33.967676,120.01,0.166,3
-117.324449,33.967676,122.23,0.167,3
-117.324145,33.967676,124.22,0.174,3
-117.32384,33.967676,125.73,0.184,3
-117.323536,33.967676,126.93,0.192,3
-117.323232,33.967676,127.71,0.196,3
-117.322928,33.967676,128.09,0.198,3
-117.322623,33.967676,128.24,0.182,3
-117.322319,33.967676,128.08,0.167,3
-117.322015,33.967676,127.76,0.181,3
-117.321711,33.967676,127.42,0.195,3
-117.321406,33.967676,126.31,0.196,3
-117.321102,33.967676,124.94,0.206,3
-117.320798,33.967676,123.19,0.347,3
-117.320494,33.967676,121.93,0.423,3
-117.320189,33.967676,121.48,0.417,3
-117.319885,33.967676,121.13,0.41,3
-117.319581,33.967676,121.49,0.354,3
-117.319276,33.967676,123.09,0.26,3
-117.318972,33.967676,125.12,0.207,3
-117.318668,33.967676,126.74,0.209,3
-117.318364,33.967676,128.03,0.222,3
-117.318059,33.967676,129.03,0.222,3
-117.317755,33.967676,129.47,0.214,3
-117.317451,33.967676,129.77,0.225,3
-117.317147,33.967676,129.66,0.244,3
-117.316842,33.967676,129.48,0.227,3
-117.316538,33.967676,129.35,0.223,3
-117.316234,33.967676,129.24,0.294,3
-117.31593,33.967676,129.9,0.255,3
-117.315625,33.967676,129.96,0.232,3
-117.315321,33.967676,129.56,0.221,3
-117.315017,33.967676,128.92,0.215,3
-117.314712,33.967676,127.72,0.214,3
-117.314408,33.967676,126.12,0.213,3
-117.314104,33.967676,124.1,0.252,3
-117.3138,33.967676,121.99,0.301,3
-117.313495,33.967676,120.65,0.313,3
-117.313191,33.967676,119.39,0.337,3
-117.312887,33.967676,117.75,0.194,3
-117.312583,33.967676,115.77,0.181,4
-117.312278,33.967676,116.13,0.204,4
-117.311974,33.967676,116.99,0.36,4
-117.31167,33.967676,118.37,0.46,4
-117.311366,33.967676,121.24,0.311,3
-117.311061,33.967676,121.68,0.178,4
-117.310757,33.967676,122.38,0.144,4
-117.310453,33.967676,123.16,0.182,4
-117.310148,33.967676,123.53,0.206,4
-117.309844,33.967676,123.34,0.208,4
-117.30954,33.967676,124.35,0.216,4
-117.309236,33.967676,125.37,0.226,3
-117.308931,33.967676,124.42,0.232,3
-117.308627,33.967676,123.66,0.241,3
-117.308323,33.967676,123.02,0.245,3
-117.308019,33.967676,122.42,0.286,3
-117.307714,33.967676,121.77,0.271,3
-117.30741,33.967676,121.29,0.248,3
-117.307106,33.967676,121.05,0.211,3
-117.306802,33.967676,121.06,0.216,3
-117.306497,33.967676,121.15,0.215,3
-117.306193,33.967676,121.33,0.213,3
-117.305889,33.967676,121.65,0.219,3
-117.305584,33.967676,122.01,0.252,3
-117.30528,33.967676,122.02,0.262,3
-117.304976,33.967676,121.33,0.235,3
-117.304672,33.967676,120.08,0.197,3
-117.304367,33.967676,118.79,0.178,3
-117.304063,33.967676,118,0.182,3
-117.303759,33.967676,117.75,0.182,3
-117.303455,33.967676,117.52,0.183,3
-117.30315,33.967676,117.34,0.179,3
-117.302846,33.967676,117.07,0.174,3
-117.353963,33.967372,123.64,0.201,3
-117.353659,33.967372,123.5,0.195,3
-117.353354,33.967372,123.15,0.234,3
-117.35305,33.967372,123.22,0.268,3
-117.352746,33.967372,123.23,0.27,3
-117.352442,33.967372,122.64,0.295,3
-117.352137,33.967372,122.39,0.31,3
-117.351833,33.967372,122.37,0.259,3
-117.351529,33.967372,122.32,0.254,3
-117.351224,33.967372,122.18,0.266,3
-117.35092,33.967372,121.59,0.287,3
-117.350616,33.967372,121.6,0.325,3
-117.350312,33.967372,121.7,0.34,3
-117.350007,33.967372,121.81,0.316,3
-117.349703,33.967372,122.17,0.272,3
-117.349399,33.967372,122.7,0.229,3
-117.349095,33.967372,123.93,0.291,3
-117.34879,33.967372,125.16,0.239,3
-117.348486,33.967372,126.62,0.136,3
-117.348182,33.967372,128.42,0.117,3
-117.347878,33.967372,130.13,0.134,3
-117.347573,33.967372,131.33,0.135,3
-117.347269,33.967372,131.79,0.135,3
-117.346965,33.967372,131.99,0.136,3
-117.34666,33.967372,131.98,0.136,3
-117.346356,33.967372,131.88,0.137,3
-117.346052,33.967372,131.66,0.135,3
-117.345748,33.967372,131.33,0.142,3
-117.345443,33.967372,130.93,0.177,3
-117.345139,33.967372,130.21,0.155,3
-117.344835,33.967372,129.21,0.157,3
-117.344531,33.967372,128,0.152,3
-117.344226,33.967372,126.11,0.186,3
-117.343922,33.967372,124.03,0.444,3
-117.343618,33.967372,122.04,0.66,3
-117.343314,33.967372,120.5,0.604,3
-117.343009,33.967372,119.52,0.428,3
-117.342705,33.967372,118.99,0.357,3
-117.342401,33.967372,119.15,0.389,3
-117.342096,33.967372,119.74,0.342,3
-117.341792,33.967372,120.58,0.4,3
-117.341488,33.967372,121.53,0.379,3
-117.341184,33.967372,122.64,0.364,3
-117.340879,33.967372,123.39,0.201,3
-117.340575,33.967372,122.72,0.178,4
-117.340271,33.967372,123.92,0.169,4
-117.339967,33.967372,125.06,0.149,4
-117.339662,33.967372,125.97,0.145,4
-117.339358,33.967372,126.55,0.146,4
-117.339054,33.967372,126.6,0.148,4
-117.33875,33.967372,125.43,0.153,4
-117.338445,33.967372,123.45,0.167,4
-117.338141,33.967372,121.73,0.193,4
-117.337837,33.967372,120.56,0.213,4
-117.337532,33.967372,119.96,0.214,4
-117.337228,33.967372,119.69,0.218,4
-117.336924,33.967372,119.96,0.208,4
-117.33662,33.967372,122.37,0.204,3
-117.336315,33.967372,122.56,0.225,3
-117.336011,33.967372,122.76,0.158,3
-117.335707,33.967372,122.98,0.099,3
-117.335403,33.967372,123.05,0.068,3
-117.335098,33.967372,122.91,0.06,3
-117.334794,33.967372,122.61,0.08,3
-117.33449,33.967372,122.37,0.155,3
-117.334186,33.967372,122.27,0.241,3
-117.333881,33.967372,122.08,0.279,3
-117.333577,33.967372,121.91,0.268,3
-117.333273,33.967372,121.82,0.268,3
-117.332968,33.967372,121.55,0.31,3
-117.332664,33.967372,121.12,0.336,3
-117.33236,33.967372,120.76,0.334,3
-117.332056,33.967372,120.8,0.4,3
-117.331751,33.967372,121.57,0.411,3
-117.331447,33.967372,122.63,0.244,3
-117.331143,33.967372,123.35,0.121,3
-117.330839,33.967372,122.75,0.184,3
-117.330534,33.967372,122.52,0.25,3
-117.33023,33.967372,122.39,0.271,3
-117.329926,33.967372,121.72,0.262,3
-117.329622,33.967372,121.48,0.241,3
-117.329317,33.967372,121.57,0.201,3
-117.329013,33.967372,121.89,0.167,3
-117.328709,33.967372,121.94,0.183,3
-117.328404,33.967372,121.22,0.244,3
-117.3281,33.967372,120.14,0.258,3
-117.327796,33.967372,118.96,0.154,3
-117.327492,33.967372,118.29,0.072,3
-117.327187,33.967372,117.75,0.113,3
-117.326883,33.967372,117.32,0.311,3
-117.326579,33.967372,116.97,0.455,3
-117.326275,33.967372,116.5,0.435,3
-117.32597,33.967372,116.06,0.69,3
-117.325666,33.967372,116.15,0.62,3
-117.325362,33.967372,117.04,0.327,3
-117.325058,33.967372,118.79,0.181,3
-117.324753,33.967372,120.73,0.16,3
-117.324449,33.967372,122.7,0.159,3
-117.324145,33.967372,124.51,0.16,3
-117.32384,33.967372,126.08,0.168,3
-117.323536,33.967372,127.42,0.176,3
-117.323232,33.967372,128.18,0.179,3
-117.322928,33.967372,128.23,0.177,3
-117.322623,33.967372,128.22,0.18,3
-117.322319,33.967372,128.04,0.174,3
-117.322015,33.967372,127.8,0.183,3
-117.321711,33.967372,127.28,0.192,3
-117.321406,33.967372,126.23,0.187,3
-117.321102,33.967372,125.19,0.215,3
-117.320798,33.967372,123.17,0.41,3
-117.320494,33.967372,121.95,0.492,3
-117.320189,33.967372,122.2,0.486,3
-117.319885,33.967372,122.53,0.449,3
-117.319581,33.967372,123.21,0.354,3
-117.319276,33.967372,124.67,0.25,3
-117.318972,33.967372,126.28,0.204,3
-117.318668,33.967372,127.53,0.2,3
-117.318364,33.967372,128.59,0.206,3
-117.318059,33.967372,129.41,0.212,3
-117.317755,33.967372,129.71,0.214,3
-117.317451,33.967372,129.96,0.222,3
-117.317147,33.967372,129.97,0.233,3
-117.316842,33.967372,129.82,0.216,3
-117.316538,33.967372,129.78,0.22,3
-117.316234,33.967372,129.84,0.248,3
-117.31593,33.967372,130.67,0.241,3
-117.315625,33.967372,130.9,0.235,3
-117.315321,33.967372,130.7,0.226,3
-117.315017,33.967372,130.33,0.216,3
-117.314712,33.967372,129.39,0.212,3
-117.314408,33.967372,127.95,0.205,3
-117.314104,33.967372,125.85,0.191,3
-117.3138,33.967372,123.33,0.235,3
-117.313495,33.967372,121.42,0.346,3
-117.313191,33.967372,119.79,0.332,3
-117.312887,33.967372,118.56,0.245,3
-117.312583,33.967372,117.42,0.242,3
-117.312278,33.967372,115.67,0.306,4
-117.311974,33.967372,116.66,0.505,4
-117.31167,33.967372,118.08,0.548,4
-117.311366,33.967372,121.48,0.355,3
-117.311061,33.967372,123.22,0.179,3
-117.310757,33.967372,124.54,0.174,3
-117.310453,33.967372,123.98,0.209,4
-117.310148,33.967372,123.7,0.216,4
-117.309844,33.967372,123.71,0.214,4
-117.30954,33.967372,124.75,0.216,4
-117.309236,33.967372,125.74,0.224,3
-117.308931,33.967372,124.75,0.243,3
-117.308627,33.967372,123.94,0.255,3
-117.308323,33.967372,123.22,0.254,3
-117.308019,33.967372,122.51,0.283,3
-117.307714,33.967372,121.78,0.262,3
-117.30741,33.967372,121.25,0.214,3
-117.307106,33.967372,120.92,0.195,3
-117.306802,33.967372,120.79,0.203,3
-117.306497,33.967372,120.82,0.21,3
-117.306193,33.967372,121.21,0.224,3
-117.305889,33.967372,121.84,0.237,3
-117.305584,33.967372,122.49,0.245,3
-117.30528,33.967372,122.63,0.246,3
-117.304976,33.967372,121.93,0.222,3
-117.304672,33.967372,120.66,0.194,3
-117.304367,33.967372,119.45,0.183,3
-117.304063,33.967372,118.8,0.179,3
-117.303759,33.967372,118.62,0.179,3
-117.303455,33.967372,118.3,0.184,3
-117.30315,33.967372,117.9,0.18,3
-117.302846,33.967372,117.42,0.182,3
-117.353963,33.967068,122.2,0.409,3
-117.353659,33.967068,121.99,0.437,3
-117.353354,33.967068,121.71,0.453,3
-117.35305,33.967068,122.13,0.377,3
-117.352746,33.967068,122.54,0.281,3
-117.352442,33.967068,122.14,0.325,3
-117.352137,33.967068,122.05,0.417,3
-117.351833,33.967068,122.22,0.341,3
-117.351529,33.967068,122.36,0.326,3
-117.351224,33.967068,122.28,0.356,3
-117.35092,33.967068,121.62,0.349,3
-117.350616,33.967068,121.52,0.385,3
-117.350312,33.967068,121.46,0.467,3
-117.350007,33.967068,121.4,0.411,3
-117.349703,33.967068,121.65,0.364,3
-117.349399,33.967068,122.17,0.314,3
-117.349095,33.967068,123.45,0.33,3
-117.34879,33.967068,124.87,0.241,3
-117.348486,33.967068,126.49,0.128,3
-117.348182,33.967068,128.29,0.119,3
-117.347878,33.967068,129.97,0.149,3
-117.347573,33.967068,131.26,0.147,3
-117.347269,33.967068,131.89,0.145,3
-117.346965,33.967068,132.19,0.145,3
-117.34666,33.967068,132.2,0.141,3
-117.346356,33.967068,132.07,0.142,3
-117.346052,33.967068,131.84,0.141,3
-117.345748,33.967068,131.47,0.152,3
-117.345443,33.967068,130.98,0.179,3
-117.345139,33.967068,130.21,0.161,3
-117.344835,33.967068,129.22,0.167,3
-117.344531,33.967068,127.96,0.159,3
-117.344226,33.967068,125.95,0.207,3
-117.343922,33.967068,123.69,0.466,3
-117.343618,33.967068,121.57,0.684,3
-117.343314,33.967068,120.02,0.642,3
-117.343009,33.967068,118.19,0.456,3
-117.342705,33.967068,116.26,0.346,4
-117.342401,33.967068,116.53,0.376,4
-117.342096,33.967068,117.22,0.386,4
-117.341792,33.967068,118.07,0.444,4
-117.341488,33.967068,118.93,0.428,4
-117.341184,33.967068,120.37,0.397,4
-117.340879,33.967068,121.36,0.256,4
-117.340575,33.967068,122.33,0.24,4
-117.340271,33.967068,123.63,0.228,4
-117.339967,33.967068,124.64,0.185,4
-117.339662,33.967068,125.39,0.153,4
-117.339358,33.967068,125.76,0.148,4
-117.339054,33.967068,125.5,0.16,4
-117.33875,33.967068,124.31,0.165,4
-117.338445,33.967068,122.76,0.153,4
-117.338141,33.967068,121.69,0.14,4
-117.337837,33.967068,121.1,0.141,4
-117.337532,33.967068,120.63,0.143,4
-117.337228,33.967068,120.62,0.146,4
-117.336924,33.967068,121.85,0.141,3
-117.33662,33.967068,122.37,0.131,3
-117.336315,33.967068,122.46,0.138,3
-117.336011,33.967068,122.54,0.128,3
-117.335707,33.967068,122.69,0.099,3
-117.335403,33.967068,122.74,0.092,3
-117.335098,33.967068,122.62,0.114,3
-117.334794,33.967068,122.35,0.128,3
-117.33449,33.967068,122.15,0.158,3
-117.334186,33.967068,122.12,0.217,3
-117.333881,33.967068,122,0.25,3
-117.333577,33.967068,121.84,0.244,3
-117.333273,33.967068,121.68,0.272,3
-117.332968,33.967068,121.23,0.318,3
-117.332664,33.967068,120.61,0.288,3
-117.33236,33.967068,120.15,0.284,3
-117.332056,33.967068,120.2,0.364,3
-117.331751,33.967068,121.03,0.374,3
-117.331447,33.967068,122.07,0.249,3
-117.331143,33.967068,122.66,0.116,3
-117.330839,33.967068,121.94,0.201,3
-117.330534,33.967068,121.67,0.283,3
-117.33023,33.967068,121.55,0.282,3
-117.329926,33.967068,120.99,0.268,3
-117.329622,33.967068,120.91,0.251,3
-117.329317,33.967068,121.17,0.222,3
-117.329013,33.967068,121.66,0.186,3
-117.328709,33.967068,121.86,0.173,3
-117.328404,33.967068,121.29,0.224,3
-117.3281,33.967068,120.41,0.284,3
-117.327796,33.967068,119.36,0.215,3
-117.327492,33.967068,118.79,0.072,3
-117.327187,33.967068,118.3,0.091,3
-117.326883,33.967068,118.06,0.231,3
-117.326579,33.967068,118.16,0.378,3
-117.326275,33.967068,117.93,0.449,3
-117.32597,33.967068,118.11,0.495,3
-117.325666,33.967068,118.47,0.46,3
-117.325362,33.967068,119.15,0.297,3
-117.325058,33.967068,120.45,0.191,3
-117.324753,33.967068,121.79,0.171,3
-117.324449,33.967068,123.11,0.169,3
-117.324145,33.967068,124.5,0.163,3
-117.32384,33.967068,125.92,0.165,3
-117.323536,33.967068,127.17,0.173,3
-117.323232,33.967068,127.88,0.173,3
-117.322928,33.967068,127.97,0.168,3
-117.322623,33.967068,128.08,0.181,3
-117.322319,33.967068,128.03,0.186,3
-117.322015,33.967068,127.81,0.182,3
-117.321711,33.967068,127.04,0.184,3
-117.321406,33.967068,126.18,0.175,3
-117.321102,33.967068,125.57,0.184,3
-117.320798,33.967068,124.47,0.304,3
-117.320494,33.967068,123.57,0.386,3
-117.320189,33.967068,123.76,0.395,3
-117.319885,33.967068,124.49,0.4,3
-117.319581,33.967068,125.4,0.349,3
-117.319276,33.967068,126.29,0.261,3
-117.318972,33.967068,127.02,0.214,3
-117.318668,33.967068,127.76,0.202,3
-117.318364,33.967068,128.6,0.196,3
-117.318059,33.967068,129.1,0.203,3
-117.317755,33.967068,129.2,0.21,3
-117.317451,33.967068,129.39,0.214,3
-117.317147,33.967068,129.61,0.213,3
-117.316842,33.967068,129.63,0.214,3
-117.316538,33.967068,129.82,0.223,3
-117.316234,33.967068,130.17,0.235,3
-117.31593,33.967068,131.2,0.235,3
-117.315625,33.967068,131.71,0.222,3
-117.315321,33.967068,131.77,0.217,3
-117.315017,33.967068,131.69,0.213,3
-117.314712,33.967068,131.08,0.207,3
-117.314408,33.967068,129.87,0.205,3
-117.314104,33.967068,127.73,0.192,3
-117.3138,33.967068,124.86,0.196,3
-117.313495,33.967068,122.58,0.283,3
-117.313191,33.967068,120.7,0.385,3
-117.312887,33.967068,119.24,0.37,3
-117.312583,33.967068,118.19,0.309,3
-117.312278,33.967068,116.15,0.275,4
-117.311974,33.967068,117.09,0.356,4
-117.31167,33.967068,118.05,0.346,4
-117.311366,33.967068,121,0.208,3
-117.311061,33.967068,123,0.143,3
-117.310757,33.967068,124.4,0.156,3
-117.310453,33.967068,123.59,0.186,4
-117.310148,33.967068,123.34,0.212,4
-117.309844,33.967068,123.69,0.228,4
-117.30954,33.967068,124.88,0.226,4
-117.309236,33.967068,125.9,0.218,3
-117.308931,33.967068,125.01,0.221,3
-117.308627,33.967068,124.19,0.234,3
-117.308323,33.967068,123.34,0.249,3
-117.308019,33.967068,122.53,0.266,3
-117.307714,33.967068,121.71,0.281,3
-117.30741,33.967068,121.12,0.212,3
-117.307106,33.967068,120.69,0.183,3
-117.306802,33.967068,120.39,0.18,3
-117.306497,33.967068,120.24,0.185,3
-117.306193,33.967068,120.68,0.197,3
-117.305889,33.967068,121.1,0.2,3
-117.305584,33.967068,121.92,0.203,3
-117.30528,33.967068,122.15,0.21,3
-117.304976,33.967068,121.41,0.196,3
-117.304672,33.967068,120.28,0.183,3
-117.304367,33.967068,119.42,0.185,3
-117.304063,33.967068,119.15,0.18,3
-117.303759,33.967068,119.17,0.184,3
-117.303455,33.967068,118.88,0.182,3
-117.30315,33.967068,118.45,0.194,3
-117.302846,33.967068,117.91,0.221,3
-117.302542,33.967068,117.16,0.193,3
-117.353963,33.966764,120.56,0.507,3
-117.353659,33.966764,120.54,0.496,3
-117.353354,33.966764,120.45,0.493,3
-117.35305,33.966764,121.14,0.438,3
-117.352746,33.966764,121.93,0.319,3
-117.352442,33.966764,121.73,0.281,3
-117.352137,33.966764,121.79,0.336,3
-117.351833,33.966764,122.26,0.272,3
-117.351529,33.966764,122.68,0.24,3
-117.351224,33.966764,122.7,0.278,3
-117.35092,33.966764,122,0.298,3
-117.350616,33.966764,121.83,0.298,3
-117.350312,33.966764,121.71,0.314,3
-117.350007,33.966764,121.57,0.263,3
-117.349703,33.966764,121.68,0.257,3
-117.349399,33.966764,122.05,0.257,3
-117.349095,33.966764,123.24,0.264,3
-117.34879,33.966764,124.72,0.198,3
-117.348486,33.966764,126.36,0.146,3
-117.348182,33.966764,128.07,0.185,3
-117.347878,33.966764,129.66,0.232,3
-117.347573,33.966764,130.97,0.224,3
-117.347269,33.966764,131.65,0.211,3
-117.346965,33.966764,131.92,0.203,3
-117.34666,33.966764,131.75,0.185,3
-117.346356,33.966764,131.45,0.174,3
-117.346052,33.966764,131.07,0.166,3
-117.345748,33.966764,130.57,0.181,3
-117.345443,33.966764,129.99,0.194,3
-117.345139,33.966764,129.27,0.174,3
-117.344835,33.966764,128.41,0.19,3
-117.344531,33.966764,127.21,0.183,3
-117.344226,33.966764,125.24,0.213,3
-117.343922,33.966764,123,0.397,3
-117.343618,33.966764,121.09,0.551,3
-117.343314,33.966764,119.85,0.515,3
-117.343009,33.966764,117.99,0.416,3
-117.342705,33.966764,115.8,0.392,4
-117.342401,33.966764,116.12,0.405,4
-117.342096,33.966764,116.72,0.411,4
-117.341792,33.966764,117.54,0.433,4
-117.341488,33.966764,118.45,0.403,4
-117.341184,33.966764,119.92,0.356,4
-117.340879,33.966764,120.99,0.243,4
-117.340575,33.966764,122.17,0.265,4
-117.340271,33.966764,122.96,0.257,4
-117.339967,33.966764,123.4,0.199,4
-117.339662,33.966764,123.71,0.16,4
-117.339358,33.966764,123.75,0.151,4
-117.339054,33.966764,123.44,0.167,4
-117.33875,33.966764,122.62,0.178,4
-117.338445,33.966764,121.72,0.182,4
-117.338141,33.966764,121.37,0.196,4
-117.337837,33.966764,121.35,0.192,4
-117.337532,33.966764,121.56,0.155,4
-117.337228,33.966764,122.62,0.179,3
-117.336924,33.966764,122.54,0.192,3
-117.33662,33.966764,122.35,0.196,3
-117.336315,33.966764,122.24,0.172,3
-117.336011,33.966764,122.18,0.137,3
-117.335707,33.966764,122.25,0.121,3
-117.335403,33.966764,122.32,0.107,3
-117.335098,33.966764,122.32,0.148,3
-117.334794,33.966764,122.18,0.205,3
-117.33449,33.966764,122.07,0.241,3
-117.334186,33.966764,122.08,0.274,3
-117.333881,33.966764,121.97,0.291,3
-117.333577,33.966764,121.82,0.273,3
-117.333273,33.966764,121.57,0.269,3
-117.332968,33.966764,120.95,0.31,3
-117.332664,33.966764,120.21,0.327,3
-117.33236,33.966764,119.71,0.315,3
-117.332056,33.966764,119.86,0.354,3
-117.331751,33.966764,120.61,0.389,3
-117.331447,33.966764,121.42,0.306,3
-117.331143,33.966764,121.68,0.138,3
-117.330839,33.966764,120.8,0.264,3
-117.330534,33.966764,120.47,0.372,3
-117.33023,33.966764,120.38,0.373,3
-117.329926,33.966764,119.79,0.386,3
-117.329622,33.966764,119.67,0.372,3
-117.329317,33.966764,119.92,0.315,3
-117.329013,33.966764,120.48,0.269,3
-117.328709,33.966764,120.86,0.251,3
-117.328404,33.966764,120.66,0.262,3
-117.3281,33.966764,120.31,0.275,3
-117.327796,33.966764,119.75,0.188,3
-117.327492,33.966764,119.42,0.068,3
-117.327187,33.966764,119.15,0.078,3
-117.326883,33.966764,119.07,0.109,3
-117.326579,33.966764,119.31,0.207,3
-117.326275,33.966764,119.78,0.373,3
-117.32597,33.966764,120.13,0.407,3
-117.325666,33.966764,120.56,0.357,3
-117.325362,33.966764,120.91,0.274,3
-117.325058,33.966764,121.73,0.207,3
-117.324753,33.966764,122.56,0.179,3
-117.324449,33.966764,123.39,0.172,3
-117.324145,33.966764,124.41,0.169,3
-117.32384,33.966764,125.55,0.169,3
-117.323536,33.966764,126.72,0.177,3
-117.323232,33.966764,127.61,0.188,3
-117.322928,33.966764,127.95,0.192,3
-117.322623,33.966764,128.03,0.187,3
-117.322319,33.966764,127.95,0.177,3
-117.322015,33.966764,127.48,0.168,3
-117.321711,33.966764,126.63,0.173,3
-117.321406,33.966764,125.84,0.168,3
-117.321102,33.966764,125.73,0.173,3
-117.320798,33.966764,125.82,0.195,3
-117.320494,33.966764,125.64,0.216,3
-117.320189,33.966764,125.93,0.228,3
-117.319885,33.966764,126.44,0.234,3
-117.319581,33.966764,127.02,0.22,3
-117.319276,33.966764,127.43,0.206,3
-117.318972,33.966764,127.53,0.204,3
-117.318668,33.966764,127.68,0.202,3
-117.318364,33.966764,127.98,0.2,3
-117.318059,33.966764,127.98,0.201,3
-117.317755,33.966764,127.9,0.201,3
-117.317451,33.966764,128.22,0.201,3
-117.317147,33.966764,128.5,0.211,3
-117.316842,33.966764,128.81,0.221,3
-117.316538,33.966764,129.28,0.221,3
-117.316234,33.966764,129.99,0.215,3
-117.31593,33.966764,131.41,0.21,3
-117.315625,33.966764,132.18,0.204,3
-117.315321,33.966764,132.52,0.205,3
-117.315017,33.966764,132.8,0.206,3
-117.314712,33.966764,132.56,0.204,3
-117.314408,33.966764,131.59,0.202,3
-117.314104,33.966764,129.47,0.198,3
-117.3138,33.966764,126.5,0.198,3
-117.313495,33.966764,124.15,0.264,3
-117.313191,33.966764,122.25,0.407,3
-117.312887,33.966764,120.61,0.383,3
-117.312583,33.966764,119.55,0.304,3
-117.312278,33.966764,119.27,0.272,3
-117.311974,33.966764,119.9,0.271,3
-117.31167,33.966764,118.51,0.257,4
-117.311366,33.966764,119.18,0.17,4
-117.311061,33.966764,121.72,0.14,3
-117.310757,33.966764,123.24,0.158,3
-117.310453,33.966764,122.82,0.175,4
-117.310148,33.966764,122.89,0.189,4
-117.309844,33.966764,123.46,0.216,4
-117.30954,33.966764,124.94,0.236,4
-117.309236,33.966764,126.19,0.231,3
-117.308931,33.966764,125.36,0.215,3
-117.308627,33.966764,124.43,0.217,3
-117.308323,33.966764,123.34,0.225,3
-117.308019,33.966764,122.35,0.23,3
-117.307714,33.966764,121.46,0.236,3
-117.30741,33.966764,120.88,0.22,3
-117.307106,33.966764,120.52,0.195,3
-117.306802,33.966764,120.22,0.183,3
-117.306497,33.966764,120.05,0.188,3
-117.306193,33.966764,120.43,0.179,3
-117.305889,33.966764,119.32,0.183,4
-117.305584,33.966764,120.61,0.194,3
-117.30528,33.966764,121.35,0.199,3
-117.304976,33.966764,120.5,0.192,3
-117.304672,33.966764,119.53,0.18,3
-117.304367,33.966764,119.06,0.177,3
-117.304063,33.966764,119.23,0.186,3
-117.303759,33.966764,119.56,0.193,3
-117.303455,33.966764,119.5,0.187,3
-117.30315,33.966764,119.21,0.193,3
-117.302846,33.966764,118.87,0.205,3
-117.302542,33.966764,118.13,0.189,3
-117.353963,33.966459,118.98,0.451,3
-117.353659,33.966459,119.18,0.413,3
-117.353354,33.966459,119.26,0.425,3
-117.35305,33.966459,120.15,0.468,3
-117.352746,33.966459,121.29,0.419,3
-117.352442,33.966459,121.44,0.33,3
-117.352137,33.966459,121.89,0.332,3
-117.351833,33.966459,122.65,0.332,3
-117.351529,33.966459,123.21,0.317,3
-117.351224,33.966459,123.16,0.318,3
-117.35092,33.966459,122.41,0.398,3
-117.350616,33.966459,122.22,0.404,3
-117.350312,33.966459,122.09,0.353,3
-117.350007,33.966459,121.94,0.368,3
-117.349703,33.966459,121.94,0.384,3
-117.349399,33.966459,122.12,0.387,3
-117.349095,33.966459,123.16,0.37,3
-117.34879,33.966459,124.58,0.268,3
-117.348486,33.966459,126.17,0.186,3
-117.348182,33.966459,127.71,0.214,3
-117.347878,33.966459,129.13,0.263,3
-117.347573,33.966459,130.39,0.248,3
-117.347269,33.966459,131.09,0.219,3
-117.346965,33.966459,131.3,0.21,3
-117.34666,33.966459,131.03,0.196,3
-117.346356,33.966459,130.58,0.177,3
-117.346052,33.966459,130.05,0.176,3
-117.345748,33.966459,129.39,0.194,3
-117.345443,33.966459,128.74,0.207,3
-117.345139,33.966459,128.03,0.188,3
-117.344835,33.966459,127.27,0.194,3
-117.344531,33.966459,126.09,0.181,3
-117.344226,33.966459,124.15,0.151,3
-117.343922,33.966459,122.09,0.217,3
-117.343618,33.966459,120.87,0.275,3
-117.343314,33.966459,120.42,0.253,3
-117.343009,33.966459,119.16,0.24,3
-117.342705,33.966459,117.44,0.263,4
-117.342401,33.966459,117.71,0.274,4
-117.342096,33.966459,118.15,0.286,4
-117.341792,33.966459,118.76,0.289,4
-117.341488,33.966459,119.51,0.256,4
-117.341184,33.966459,120.58,0.25,4
-117.340879,33.966459,121.16,0.167,4
-117.340575,33.966459,121.94,0.167,4
-117.340271,33.966459,122.07,0.168,4
-117.339967,33.966459,121.57,0.155,4
-117.339662,33.966459,121.31,0.192,4
-117.339358,33.966459,121.18,0.206,4
-117.339054,33.966459,121.15,0.2,4
-117.33875,33.966459,120.87,0.213,4
-117.338445,33.966459,120.5,0.224,4
-117.338141,33.966459,120.65,0.218,4
-117.337837,33.966459,121.68,0.196,4
-117.337532,33.966459,122.97,0.151,3
-117.337228,33.966459,122.68,0.186,3
-117.336924,33.966459,122.34,0.204,3
-117.33662,33.966459,122.02,0.218,3
-117.336315,33.966459,121.77,0.173,3
-117.336011,33.966459,121.57,0.121,3
-117.335707,33.966459,121.66,0.111,3
-117.335403,33.966459,121.87,0.136,3
-117.335098,33.966459,122.08,0.224,3
-117.334794,33.966459,122.14,0.301,3
-117.33449,33.966459,122.16,0.297,3
-117.334186,33.966459,122.18,0.278,3
-117.333881,33.966459,122.05,0.271,3
-117.333577,33.966459,121.84,0.244,3
-117.333273,33.966459,121.52,0.234,3
-117.332968,33.966459,120.78,0.293,3
-117.332664,33.966459,119.99,0.343,3
-117.33236,33.966459,119.55,0.306,3
-117.332056,33.966459,119.78,0.316,3
-117.331751,33.966459,120.38,0.384,3
-117.331447,33.966459,120.82,0.316,3
-117.331143,33.966459,120.67,0.189,3
-117.330839,33.966459,119.6,0.257,3
-117.330534,33.966459,119.16,0.352,3
-117.33023,33.966459,118.97,0.402,3
-117.329926,33.966459,118.25,0.41,3
-117.329622,33.966459,117.99,0.374,3
-117.329317,33.966459,118.22,0.319,3
-117.329013,33.966459,118.9,0.29,3
-117.328709,33.966459,119.57,0.307,3
-117.328404,33.966459,119.7,0.317,3
-117.3281,33.966459,119.67,0.27,3
-117.327796,33.966459,119.48,0.201,3
-117.327492,33.966459,119.63,0.12,3
-117.327187,33.966459,119.71,0.068,3
-117.326883,33.966459,119.8,0.081,3
-117.326579,33.966459,120.27,0.15,3
-117.326275,33.966459,121.06,0.316,3
-117.32597,33.966459,121.61,0.379,3
-117.325666,33.966459,122.41,0.315,3
-117.325362,33.966459,122.63,0.236,3
-117.325058,33.966459,122.99,0.196,3
-117.324753,33.966459,123.36,0.178,3
-117.324449,33.966459,123.88,0.165,3
-117.324145,33.966459,124.7,0.162,3
-117.32384,33.966459,125.67,0.17,3
-117.323536,33.966459,126.59,0.184,3
-117.323232,33.966459,127.36,0.193,3
-117.322928,33.966459,127.85,0.189,3
-117.322623,33.966459,127.88,0.181,3
-117.322319,33.966459,127.66,0.168,3
-117.322015,33.966459,127.15,0.164,3
-117.321711,33.966459,126.3,0.169,3
-117.321406,33.966459,125.63,0.168,3
-117.321102,33.966459,125.61,0.165,3
-117.320798,33.966459,126.01,0.167,3
-117.320494,33.966459,126.61,0.174,3
-117.320189,33.966459,127.06,0.186,3
-117.319885,33.966459,127.32,0.195,3
-117.319581,33.966459,127.62,0.198,3
-117.319276,33.966459,127.81,0.198,3
-117.318972,33.966459,127.55,0.2,3
-117.318668,33.966459,127.14,0.199,3
-117.318364,33.966459,127.05,0.196,3
-117.318059,33.966459,126.76,0.198,3
-117.317755,33.966459,126.38,0.191,3
-117.317451,33.966459,126.64,0.193,3
-117.317147,33.966459,127.11,0.211,3
-117.316842,33.966459,127.64,0.222,3
-117.316538,33.966459,128.32,0.21,3
-117.316234,33.966459,129.35,0.204,3
-117.31593,33.966459,131.11,0.207,3
-117.315625,33.966459,132.16,0.212,3
-117.315321,33.966459,132.8,0.206,3
-117.315017,33.966459,133.42,0.198,3
-117.314712,33.966459,133.45,0.195,3
-117.314408,33.966459,132.6,0.198,3
-117.314104,33.966459,130.62,0.206,3
-117.3138,33.966459,127.9,0.208,3
-117.313495,33.966459,125.75,0.226,3
-117.313191,33.966459,123.94,0.32,3
-117.312887,33.966459,122.24,0.336,3
-117.312583,33.966459,121.06,0.284,3
-117.312278,33.966459,120.65,0.23,3
-117.311974,33.966459,121,0.246,3
-117.31167,33.966459,118.89,0.244,4
-117.311366,33.966459,119.21,0.184,4
-117.311061,33.966459,119.94,0.14,4
-117.310757,33.966459,120.72,0.166,4
-117.310453,33.966459,121.55,0.176,4
-117.310148,33.966459,122.36,0.172,4
-117.309844,33.966459,122.98,0.191,4
-117.30954,33.966459,124.64,0.222,4
-117.309236,33.966459,126.15,0.228,3
-117.308931,33.966459,125.49,0.211,3
-117.308627,33.966459,124.5,0.205,3
-117.308323,33.966459,123.17,0.205,3
-117.308019,33.966459,122.02,0.212,3
-117.307714,33.966459,121.25,0.211,3
-117.30741,33.966459,120.86,0.205,3
-117.307106,33.966459,120.61,0.17,3
-117.306802,33.966459,120.41,0.181,3
-117.306497,33.966459,120.35,0.195,3
-117.306193,33.966459,120.66,0.185,3
-117.305889,33.966459,119.92,0.198,4
-117.305584,33.966459,120.62,0.202,3
-117.30528,33.966459,120.73,0.195,3
-117.304976,33.966459,119.73,0.187,3
-117.304672,33.966459,118.92,0.185,3
-117.304367,33.966459,118.78,0.192,3
-117.304063,33.966459,119.28,0.202,3
-117.303759,33.966459,119.91,0.206,3
-117.303455,33.966459,120.15,0.2,3
-117.30315,33.966459,120.12,0.199,3
-117.302846,33.966459,120,0.2,3
-117.302542,33.966459,119.6,0.196,3
-117.302238,33.966459,119.03,0.189,3
-117.353963,33.966155,117.27,0.448,3
-117.353659,33.966155,117.73,0.332,3
-117.353354,33.966155,118.18,0.311,3
-117.35305,33.966155,119.23,0.395,3
-117.352746,33.966155,120.56,0.342,3
-117.352442,33.966155,121.18,0.223,3
-117.352137,33.966155,122.15,0.26,3
-117.351833,33.966155,123.22,0.272,3
-117.351529,33.966155,123.84,0.211,3
-117.351224,33.966155,123.66,0.197,3
-117.35092,33.966155,122.71,0.378,3
-117.350616,33.966155,122.42,0.297,3
-117.350312,33.966155,122.26,0.189,3
-117.350007,33.966155,122.08,0.31,3
-117.349703,33.966155,122,0.441,3
-117.349399,33.966155,122.08,0.429,3
-117.349095,33.966155,123.04,0.403,3
-117.34879,33.966155,124.36,0.308,3
-117.348486,33.966155,125.74,0.203,3
-117.348182,33.966155,127.01,0.207,3
-117.347878,33.966155,128.21,0.266,3
-117.347573,33.966155,129.39,0.265,3
-117.347269,33.966155,130.05,0.215,3
-117.346965,33.966155,130.33,0.159,3
-117.34666,33.966155,130.27,0.158,3
-117.346356,33.966155,129.98,0.154,3
-117.346052,33.966155,129.56,0.188,3
-117.345748,33.966155,128.97,0.248,3
-117.345443,33.966155,128.28,0.262,3
-117.345139,33.966155,127.51,0.242,3
-117.344835,33.966155,126.72,0.231,3
-117.344531,33.966155,125.44,0.221,3
-117.344226,33.966155,123.66,0.171,3
-117.343922,33.966155,122.04,0.189,3
-117.343618,33.966155,121.15,0.215,3
-117.343314,33.966155,121.14,0.218,3
-117.343009,33.966155,120.58,0.24,3
-117.342705,33.966155,119.23,0.226,4
-117.342401,33.966155,119.51,0.193,4
-117.342096,33.966155,119.84,0.236,4
-117.341792,33.966155,120.18,0.232,4
-117.341488,33.966155,120.6,0.275,4
-117.341184,33.966155,121.17,0.178,4
-117.340879,33.966155,121.29,0.148,4
-117.340575,33.966155,121.7,0.154,4
-117.340271,33.966155,121.28,0.157,4
-117.339967,33.966155,120.14,0.191,4
-117.339662,33.966155,119.12,0.363,4
-117.339358,33.966155,118.64,0.422,4
-117.339054,33.966155,118.89,0.435,4
-117.33875,33.966155,119.19,0.471,4
-117.338445,33.966155,119.21,0.377,4
-117.338141,33.966155,120.31,0.187,4
-117.337837,33.966155,122.2,0.112,3
-117.337532,33.966155,122.16,0.106,3
-117.337228,33.966155,122.02,0.118,3
-117.336924,33.966155,121.8,0.122,3
-117.33662,33.966155,121.42,0.131,3
-117.336315,33.966155,121.09,0.152,3
-117.336011,33.966155,120.93,0.224,3
-117.335707,33.966155,121.07,0.234,3
-117.335403,33.966155,121.49,0.221,3
-117.335098,33.966155,121.99,0.274,3
-117.334794,33.966155,122.16,0.304,3
-117.33449,33.966155,122.25,0.287,3
-117.334186,33.966155,122.33,0.257,3
-117.333881,33.966155,122.19,0.241,3
-117.333577,33.966155,121.95,0.23,3
-117.333273,33.966155,121.56,0.242,3
-117.332968,33.966155,120.81,0.302,3
-117.332664,33.966155,120.04,0.334,3
-117.33236,33.966155,119.73,0.304,3
-117.332056,33.966155,120.07,0.299,3
-117.331751,33.966155,120.61,0.338,3
-117.331447,33.966155,120.67,0.289,3
-117.331143,33.966155,120.13,0.251,3
-117.330839,33.966155,118.97,0.259,3
-117.330534,33.966155,118.35,0.327,3
-117.33023,33.966155,117.94,0.45,3
-117.329926,33.966155,116.75,0.499,3
-117.329622,33.966155,116.26,0.432,3
-117.329317,33.966155,116.45,0.394,3
-117.329013,33.966155,117.11,0.399,3
-117.328709,33.966155,117.9,0.413,3
-117.328404,33.966155,118.32,0.402,3
-117.3281,33.966155,118.68,0.334,3
-117.327796,33.966155,119.1,0.317,3
-117.327492,33.966155,119.47,0.216,3
-117.327187,33.966155,119.79,0.075,3
-117.326883,33.966155,120.12,0.073,3
-117.326579,33.966155,120.99,0.118,3
-117.326275,33.966155,122.06,0.281,3
-117.32597,33.966155,122.89,0.27,3
-117.325666,33.966155,123.77,0.211,3
-117.325362,33.966155,123.89,0.19,3
-117.325058,33.966155,123.77,0.195,3
-117.324753,33.966155,123.83,0.191,3
-117.324449,33.966155,124.29,0.173,3
-117.324145,33.966155,124.99,0.172,3
-117.32384,33.966155,125.72,0.182,3
-117.323536,33.966155,126.45,0.186,3
-117.323232,33.966155,127.12,0.191,3
-117.322928,33.966155,127.48,0.185,3
-117.322623,33.966155,127.48,0.18,3
-117.322319,33.966155,127.29,0.173,3
-117.322015,33.966155,126.67,0.165,3
-117.321711,33.966155,125.8,0.174,3
-117.321406,33.966155,125.22,0.171,3
-117.321102,33.966155,125.34,0.16,3
-117.320798,33.966155,125.87,0.162,3
-117.320494,33.966155,126.61,0.175,3
-117.320189,33.966155,127.15,0.189,3
-117.319885,33.966155,127.43,0.19,3
-117.319581,33.966155,127.58,0.184,3
-117.319276,33.966155,127.65,0.181,3
-117.318972,33.966155,127.26,0.186,3
-117.318668,33.966155,126.48,0.192,3
-117.318364,33.966155,125.97,0.188,3
-117.318059,33.966155,125.53,0.183,3
-117.317755,33.966155,125.08,0.177,3
-117.317451,33.966155,125.22,0.198,3
-117.317147,33.966155,125.77,0.211,3
-117.316842,33.966155,126.5,0.213,3
-117.316538,33.966155,127.6,0.198,3
-117.316234,33.966155,128.82,0.201,3
-117.31593,33.966155,130.51,0.201,3
-117.315625,33.966155,131.64,0.201,3
-117.315321,33.966155,132.44,0.193,3
-117.315017,33.966155,133.19,0.188,3
-117.314712,33.966155,133.43,0.19,3
-117.314408,33.966155,132.84,0.195,3
-117.314104,33.966155,131.36,0.203,3
-117.3138,33.966155,129.32,0.207,3
-117.313495,33.966155,127.44,0.201,3
-117.313191,33.966155,125.7,0.224,3
-117.312887,33.966155,124.02,0.288,3
-117.312583,33.966155,122.67,0.266,3
-117.312278,33.966155,121.94,0.209,3
-117.311974,33.966155,121.8,0.228,3
-117.31167,33.966155,119.15,0.22,4
-117.311366,33.966155,119.19,0.181,4
-117.311061,33.966155,119.71,0.135,4
-117.310757,33.966155,120.32,0.15,4
-117.310453,33.966155,120.98,0.175,4
-117.310148,33.966155,121.67,0.18,4
-117.309844,33.966155,122.26,0.182,4
-117.30954,33.966155,124.04,0.192,4
-117.309236,33.966155,125.84,0.2,3
-117.308931,33.966155,125.38,0.195,3
-117.308627,33.966155,124.44,0.185,3
-117.308323,33.966155,123.07,0.184,3
-117.308019,33.966155,121.96,0.188,3
-117.307714,33.966155,121.39,0.189,3
-117.30741,33.966155,121.17,0.182,3
-117.307106,33.966155,120.99,0.134,3
-117.306802,33.966155,120.86,0.144,3
-117.306497,33.966155,120.84,0.174,3
-117.306193,33.966155,121.02,0.184,3
-117.305889,33.966155,120.1,0.198,3
-117.305584,33.966155,119.33,0.202,3
-117.30528,33.966155,118.42,0.2,3
-117.304976,33.966155,118.2,0.196,3
-117.304672,33.966155,118.48,0.198,3
-117.304367,33.966155,118.62,0.204,3
-117.304063,33.966155,119.26,0.21,3
-117.303759,33.966155,120.04,0.22,3
-117.303455,33.966155,120.49,0.221,3
-117.30315,33.966155,120.76,0.217,3
-117.302846,33.966155,120.91,0.212,3
-117.302542,33.966155,120.89,0.214,3
-117.302238,33.966155,120.66,0.206,3
-117.301933,33.966155,120.88,0.204,3
-117.353963,33.965851,114.94,0.444,3
-117.353659,33.965851,115.45,0.426,3
-117.353354,33.965851,116.42,0.377,3
-117.35305,33.965851,117.54,0.327,3
-117.352746,33.965851,118.66,0.274,3
-117.352442,33.965851,119.82,0.192,3
-117.352137,33.965851,121.2,0.145,3
-117.351833,33.965851,122.5,0.181,3
-117.351529,33.965851,123.2,0.224,3
-117.351224,33.965851,122.77,0.283,3
-117.35092,33.965851,121.69,0.592,3
-117.350616,33.965851,121.58,0.306,3
-117.350312,33.965851,121.65,0.214,3
-117.350007,33.965851,121.53,0.323,3
-117.349703,33.965851,121.39,0.405,3
-117.349399,33.965851,121.42,0.417,3
-117.349095,33.965851,122.4,0.384,3
-117.34879,33.965851,123.54,0.289,3
-117.348486,33.965851,124.56,0.18,3
-117.348182,33.965851,125.59,0.163,3
-117.347878,33.965851,126.77,0.203,3
-117.347573,33.965851,127.95,0.194,3
-117.347269,33.965851,128.54,0.17,3
-117.346965,33.965851,128.93,0.16,3
-117.34666,33.965851,129.15,0.224,3
-117.346356,33.965851,129.19,0.237,3
-117.346052,33.965851,129.09,0.251,3
-117.345748,33.965851,128.98,0.286,3
-117.345443,33.965851,128.51,0.298,3
-117.345139,33.965851,127.89,0.325,3
-117.344835,33.965851,126.96,0.381,3
-117.344531,33.965851,125.28,0.394,3
-117.344226,33.965851,123.18,0.297,3
-117.343922,33.965851,121.6,0.243,3
-117.343618,33.965851,121.02,0.241,3
-117.343314,33.965851,121.42,0.24,3
-117.343009,33.965851,121.1,0.244,3
-117.342705,33.965851,119.77,0.226,4
-117.342401,33.965851,120.2,0.192,4
-117.342096,33.965851,120.54,0.219,4
-117.341792,33.965851,120.79,0.258,4
-117.341488,33.965851,121,0.284,4
-117.341184,33.965851,121.21,0.186,4
-117.340879,33.965851,121.36,0.151,4
-117.340575,33.965851,121.4,0.159,4
-117.340271,33.965851,120.55,0.161,4
-117.339967,33.965851,119.24,0.219,4
-117.339662,33.965851,118.12,0.392,4
-117.339358,33.965851,117.64,0.463,4
-117.339054,33.965851,117.89,0.527,4
-117.33875,33.965851,118.31,0.557,4
-117.338445,33.965851,118.89,0.392,4
-117.338141,33.965851,120.14,0.169,4
-117.337837,33.965851,121.29,0.113,3
-117.337532,33.965851,121.34,0.145,3
-117.337228,33.965851,121.34,0.209,3
-117.336924,33.965851,121.21,0.156,3
-117.33662,33.965851,120.7,0.143,3
-117.336315,33.965851,120.18,0.318,3
-117.336011,33.965851,120.28,0.465,3
-117.335707,33.965851,120.56,0.385,3
-117.335403,33.965851,121.23,0.223,3
-117.335098,33.965851,122,0.196,3
-117.334794,33.965851,122.03,0.214,3
-117.33449,33.965851,122.13,0.243,3
-117.334186,33.965851,122.33,0.296,3
-117.333881,33.965851,122.31,0.334,3
-117.333577,33.965851,122.07,0.31,3
-117.333273,33.965851,121.63,0.292,3
-117.332968,33.965851,120.88,0.343,3
-117.332664,33.965851,120.13,0.362,3
-117.33236,33.965851,120.04,0.333,3
-117.332056,33.965851,120.54,0.263,3
-117.331751,33.965851,121.09,0.297,3
-117.331447,33.965851,120.92,0.265,3
-117.331143,33.965851,120.2,0.297,3
-117.330839,33.965851,119.1,0.357,3
-117.330534,33.965851,118.31,0.391,3
-117.33023,33.965851,117.65,0.507,3
-117.329926,33.965851,116.05,0.494,3
-117.329622,33.965851,115.09,0.422,3
-117.329317,33.965851,114.83,0.47,3
-117.329013,33.965851,114.96,0.489,3
-117.328709,33.965851,115.55,0.427,3
-117.328404,33.965851,116.22,0.43,3
-117.3281,33.965851,117.08,0.433,3
-117.327796,33.965851,118.49,0.337,3
-117.327492,33.965851,119.04,0.267,3
-117.327187,33.965851,119.59,0.137,3
-117.326883,33.965851,120.2,0.077,3
-117.326579,33.965851,121.29,0.085,3
-117.326275,33.965851,122.61,0.179,3
-117.32597,33.965851,123.75,0.213,3
-117.325666,33.965851,124.51,0.205,3
-117.325362,33.965851,124.58,0.198,3
-117.325058,33.965851,124.02,0.203,3
-117.324753,33.965851,123.91,0.207,3
-117.324449,33.965851,124.39,0.188,3
-117.324145,33.965851,125.01,0.176,3
-117.32384,33.965851,125.7,0.181,3
-117.323536,33.965851,126.45,0.183,3
-117.323232,33.965851,126.96,0.188,3
-117.322928,33.965851,127.11,0.182,3
-117.322623,33.965851,127.06,0.178,3
-117.322319,33.965851,126.79,0.163,3
-117.322015,33.965851,126.08,0.149,3
-117.321711,33.965851,125.28,0.169,3
-117.321406,33.965851,124.87,0.176,3
-117.321102,33.965851,125.11,0.164,3
-117.320798,33.965851,125.4,0.166,3
-117.320494,33.965851,126.15,0.183,3
-117.320189,33.965851,126.82,0.183,3
-117.319885,33.965851,127.16,0.177,3
-117.319581,33.965851,127.22,0.17,3
-117.319276,33.965851,127.07,0.168,3
-117.318972,33.965851,126.57,0.176,3
-117.318668,33.965851,125.7,0.182,3
-117.318364,33.965851,124.93,0.178,3
-117.318059,33.965851,124.32,0.168,3
-117.317755,33.965851,123.99,0.166,3
-117.317451,33.965851,124.02,0.188,3
-117.317147,33.965851,124.7,0.195,3
-117.316842,33.965851,125.58,0.187,3
-117.316538,33.965851,126.93,0.186,3
-117.316234,33.965851,128.36,0.188,3
-117.31593,33.965851,129.86,0.178,3
-117.315625,33.965851,130.98,0.181,3
-117.315321,33.965851,131.84,0.187,3
-117.315017,33.965851,132.56,0.192,3
-117.314712,33.965851,133,0.196,3
-117.314408,33.965851,132.94,0.199,3
-117.314104,33.965851,132.22,0.207,3
-117.3138,33.965851,130.91,0.208,3
-117.313495,33.965851,129.25,0.191,3
-117.313191,33.965851,127.45,0.169,3
-117.312887,33.965851,125.67,0.21,3
-117.312583,33.965851,124.04,0.221,3
-117.312278,33.965851,122.91,0.201,3
-117.311974,33.965851,122.3,0.228,3
-117.31167,33.965851,119.3,0.229,4
-117.311366,33.965851,119.09,0.212,4
-117.311061,33.965851,119.44,0.17,4
-117.310757,33.965851,119.89,0.148,4
-117.310453,33.965851,120.43,0.169,4
-117.310148,33.965851,121,0.184,4
-117.309844,33.965851,121.58,0.184,4
-117.30954,33.965851,123.51,0.18,4
-117.309236,33.965851,125.58,0.181,3
-117.308931,33.965851,125.33,0.19,3
-117.308627,33.965851,124.53,0.196,3
-117.308323,33.965851,123.37,0.195,3
-117.308019,33.965851,122.43,0.19,3
-117.307714,33.965851,121.84,0.178,3
-117.30741,33.965851,121.64,0.181,3
-117.307106,33.965851,121.47,0.158,3
-117.306802,33.965851,121.35,0.157,3
-117.306497,33.965851,121.33,0.2,3
-117.306193,33.965851,121.37,0.195,3
-117.305889,33.965851,119.31,0.177,4
-117.305584,33.965851,117.61,0.204,4
-117.30528,33.965851,116.34,0.219,4
-117.304976,33.965851,117,0.206,4
-117.304672,33.965851,118.4,0.202,3
-117.304367,33.965851,118.66,0.2,3
-117.304063,33.965851,119.21,0.191,3
-117.303759,33.965851,119.8,0.207,3
-117.303455,33.965851,120.35,0.216,3
-117.30315,33.965851,120.86,0.214,3
-117.302846,33.965851,121.38,0.213,3
-117.302542,33.965851,121.67,0.219,3
-117.302238,33.965851,121.79,0.222,3
-117.301933,33.965851,120.04,0.21,4
-117.353963,33.965546,113.06,0.504,3
-117.353659,33.965546,113.73,0.516,3
-117.353354,33.965546,114.99,0.476,3
-117.35305,33.965546,116.37,0.431,3
-117.352746,33.965546,117.77,0.359,3
-117.352442,33.965546,119.25,0.192,3
-117.352137,33.965546,120.79,0.1,3
-117.351833,33.965546,122.1,0.121,3
-117.351529,33.965546,122.71,0.202,3
-117.351224,33.965546,122.13,0.351,3
-117.35092,33.965546,121.32,0.558,3
-117.350616,33.965546,121.36,0.37,3
-117.350312,33.965546,121.51,0.349,3
-117.350007,33.965546,121.7,0.371,3
-117.349703,33.965546,121.75,0.375,3
-117.349399,33.965546,121.84,0.401,3
-117.349095,33.965546,122.73,0.378,3
-117.34879,33.965546,123.58,0.267,3
-117.348486,33.965546,124.16,0.166,3
-117.348182,33.965546,125.15,0.157,3
-117.347878,33.965546,126.24,0.177,3
-117.347573,33.965546,126.77,0.159,3
-117.347269,33.965546,127.25,0.155,3
-117.346965,33.965546,127.69,0.218,3
-117.34666,33.965546,128.03,0.428,3
-117.346356,33.965546,128.37,0.396,3
-117.346052,33.965546,128.59,0.301,3
-117.345748,33.965546,128.87,0.297,3
-117.345443,33.965546,128.79,0.308,3
-117.345139,33.965546,128.48,0.312,3
-117.344835,33.965546,126.66,0.376,3
-117.344531,33.965546,124.46,0.388,3
-117.344226,33.965546,122.2,0.332,3
-117.343922,33.965546,120.68,0.371,3
-117.343618,33.965546,120.18,0.411,3
-117.343314,33.965546,120.42,0.324,3
-117.343009,33.965546,120.21,0.204,3
-117.342705,33.965546,119.48,0.166,4
-117.342401,33.965546,120.07,0.181,4
-117.342096,33.965546,120.51,0.2,4
-117.341792,33.965546,120.69,0.253,4
-117.341488,33.965546,120.75,0.298,4
-117.341184,33.965546,120.76,0.181,4
-117.340879,33.965546,120.65,0.175,4
-117.340575,33.965546,120.28,0.171,4
-117.340271,33.965546,119.28,0.181,4
-117.339967,33.965546,118.12,0.243,4
-117.339662,33.965546,117.29,0.406,4
-117.339358,33.965546,116.93,0.455,4
-117.339054,33.965546,117.21,0.47,4
-117.33875,33.965546,117.6,0.414,4
-117.338445,33.965546,118.77,0.263,4
-117.338141,33.965546,120.26,0.207,3
-117.337837,33.965546,120.35,0.277,3
-117.337532,33.965546,120.41,0.336,3
-117.337228,33.965546,120.42,0.434,3
-117.336924,33.965546,120.31,0.305,3
-117.33662,33.965546,119.88,0.26,3
-117.336315,33.965546,119.28,0.495,3
-117.336011,33.965546,119.44,0.576,3
-117.335707,33.965546,119.97,0.414,3
-117.335403,33.965546,120.75,0.182,3
-117.335098,33.965546,121.53,0.113,3
-117.334794,33.965546,121.64,0.112,3
-117.33449,33.965546,121.92,0.156,3
-117.334186,33.965546,122.28,0.268,3
-117.333881,33.965546,122.31,0.351,3
-117.333577,33.965546,122.05,0.336,3
-117.333273,33.965546,121.59,0.309,3
-117.332968,33.965546,120.92,0.352,3
-117.332664,33.965546,120.32,0.387,3
-117.33236,33.965546,120.36,0.341,3
-117.332056,33.965546,120.84,0.246,3
-117.331751,33.965546,121.35,0.263,3
-117.331447,33.965546,121.2,0.238,3
-117.331143,33.965546,120.58,0.223,3
-117.330839,33.965546,119.46,0.289,3
-117.330534,33.965546,118.57,0.292,3
-117.33023,33.965546,117.71,0.381,3
-117.329926,33.965546,115.9,0.385,3
-117.329622,33.965546,114.62,0.439,3
-117.329317,33.965546,114.05,0.486,3
-117.329013,33.965546,114.01,0.445,3
-117.328709,33.965546,114.57,0.384,3
-117.328404,33.965546,115.37,0.392,3
-117.3281,33.965546,116.41,0.434,3
-117.327796,33.965546,117.99,0.365,3
-117.327492,33.965546,118.74,0.321,3
-117.327187,33.965546,119.43,0.224,3
-117.326883,33.965546,120.17,0.091,3
-117.326579,33.965546,121.15,0.065,3
-117.326275,33.965546,122.3,0.114,3
-117.32597,33.965546,123.42,0.178,3
-117.325666,33.965546,124.07,0.19,3
-117.325362,33.965546,124.41,0.194,3
-117.325058,33.965546,124.21,0.19,3
-117.324753,33.965546,124.29,0.188,3
-117.324449,33.965546,124.72,0.175,3
-117.324145,33.965546,125.34,0.161,3
-117.32384,33.965546,126.07,0.165,3
-117.323536,33.965546,126.66,0.176,3
-117.323232,33.965546,127.02,0.183,3
-117.322928,33.965546,127.18,0.183,3
-117.322623,33.965546,127.11,0.173,3
-117.322319,33.965546,126.75,0.145,3
-117.322015,33.965546,126.02,0.135,3
-117.321711,33.965546,125.29,0.165,3
-117.321406,33.965546,125.12,0.182,3
-117.321102,33.965546,125.34,0.164,3
-117.320798,33.965546,125.42,0.152,3
-117.320494,33.965546,126.1,0.163,3
-117.320189,33.965546,126.71,0.173,3
-117.319885,33.965546,127.06,0.177,3
-117.319581,33.965546,127.11,0.176,3
-117.319276,33.965546,126.83,0.176,3
-117.318972,33.965546,126.13,0.179,3
-117.318668,33.965546,125.1,0.18,3
-117.318364,33.965546,124.26,0.178,3
-117.318059,33.965546,123.54,0.17,3
-117.317755,33.965546,122.94,0.164,3
-117.317451,33.965546,123.14,0.169,3
-117.317147,33.965546,123.66,0.176,3
-117.316842,33.965546,124.65,0.176,3
-117.316538,33.965546,126.19,0.18,3
-117.316234,33.965546,127.81,0.18,3
-117.31593,33.965546,129.39,0.173,3
-117.315625,33.965546,130.58,0.182,3
-117.315321,33.965546,131.53,0.197,3
-117.315017,33.965546,132.36,0.202,3
-117.314712,33.965546,133.01,0.202,3
-117.314408,33.965546,133.3,0.204,3
-117.314104,33.965546,133.06,0.207,3
-117.3138,33.965546,132.18,0.206,3
-117.313495,33.965546,130.73,0.19,3
-117.313191,33.965546,128.84,0.154,3
-117.312887,33.965546,126.88,0.149,3
-117.312583,33.965546,125.06,0.213,3
-117.312278,33.965546,123.73,0.235,3
-117.311974,33.965546,122.8,0.226,3
-117.31167,33.965546,119.33,0.277,4
-117.311366,33.965546,118.84,0.308,4
-117.311061,33.965546,119.02,0.248,4
-117.310757,33.965546,119.37,0.168,4
-117.310453,33.965546,119.87,0.169,4
-117.310148,33.965546,120.49,0.187,4
-117.309844,33.965546,121.17,0.191,4
-117.30954,33.965546,123.21,0.192,4
-117.309236,33.965546,125.44,0.188,3
-117.308931,33.965546,125.38,0.188,3
-117.308627,33.965546,124.76,0.195,3
-117.308323,33.965546,123.84,0.201,3
-117.308019,33.965546,123.11,0.2,3
-117.307714,33.965546,122.46,0.186,3
-117.30741,33.965546,122.21,0.187,3
-117.307106,33.965546,122.02,0.168,3
-117.306802,33.965546,121.89,0.19,3
-117.306497,33.965546,121.9,0.241,3
-117.306193,33.965546,120.62,0.253,4
-117.305889,33.965546,119.23,0.214,4
-117.305584,33.965546,117.82,0.232,4
-117.30528,33.965546,116.34,0.233,4
-117.304976,33.965546,116.99,0.209,4
-117.304672,33.965546,117.48,0.196,3
-117.304367,33.965546,116.36,0.181,4
-117.304063,33.965546,116.72,0.172,4
-117.303759,33.965546,117.15,0.184,4
-117.303455,33.965546,117.77,0.194,4
-117.30315,33.965546,118.47,0.202,4
-117.302846,33.965546,119.26,0.196,4
-117.302542,33.965546,119.83,0.196,4
-117.302238,33.965546,120.3,0.209,4
-117.301933,33.965546,119.74,0.205,4
-117.301629,33.965546,119.53,0.19,4
-117.353963,33.965242,112.14,0.615,3
-117.353659,33.965242,112.88,0.58,3
-117.353354,33.965242,114.26,0.486,3
-117.35305,33.965242,115.72,0.401,3
-117.352746,33.965242,117.04,0.358,3
-117.352442,33.965242,118.36,0.26,3
-117.352137,33.965242,119.8,0.11,3
-117.351833,33.965242,121,0.104,3
-117.351529,33.965242,121.56,0.207,3
-117.351224,33.965242,121.04,0.339,3
-117.35092,33.965242,120.52,0.356,3
-117.350616,33.965242,120.7,0.307,3
-117.350312,33.965242,120.86,0.376,3
-117.350007,33.965242,121.35,0.321,3
-117.349703,33.965242,121.68,0.294,3
-117.349399,33.965242,121.97,0.295,3
-117.349095,33.965242,122.76,0.304,3
-117.34879,33.965242,123.34,0.255,3
-117.348486,33.965242,123.59,0.206,3
-117.348182,33.965242,124.28,0.248,3
-117.347878,33.965242,125.1,0.312,3
-117.347573,33.965242,125.37,0.314,3
-117.347269,33.965242,125.69,0.324,3
-117.346965,33.965242,126.04,0.377,3
-117.34666,33.965242,126.4,0.567,3
-117.346356,33.965242,126.78,0.416,3
-117.346052,33.965242,127.2,0.212,3
-117.345748,33.965242,127.82,0.221,3
-117.345443,33.965242,128.12,0.231,3
-117.345139,33.965242,127.05,0.218,3
-117.344835,33.965242,124.8,0.22,4
-117.344531,33.965242,122.83,0.238,4
-117.344226,33.965242,121.02,0.243,4
-117.343922,33.965242,119.81,0.397,4
-117.343618,33.965242,119.17,0.573,4
-117.343314,33.965242,118.81,0.546,4
-117.343009,33.965242,118.74,0.371,4
-117.342705,33.965242,119.01,0.224,4
-117.342401,33.965242,119.56,0.176,4
-117.342096,33.965242,119.97,0.191,4
-117.341792,33.965242,119.99,0.237,4
-117.341488,33.965242,119.99,0.352,4
-117.341184,33.965242,119.94,0.223,4
-117.340879,33.965242,119.72,0.32,4
-117.340575,33.965242,119.23,0.285,4
-117.340271,33.965242,118.4,0.342,4
-117.339967,33.965242,117.58,0.342,4
-117.339662,33.965242,117.02,0.444,4
-117.339358,33.965242,116.73,0.462,4
-117.339054,33.965242,116.96,0.395,4
-117.33875,33.965242,117.24,0.268,4
-117.338445,33.965242,118.18,0.213,4
-117.338141,33.965242,119.41,0.337,3
-117.337837,33.965242,119.34,0.463,3
-117.337532,33.965242,119.32,0.487,3
-117.337228,33.965242,119.31,0.519,3
-117.336924,33.965242,119.38,0.446,3
-117.33662,33.965242,119.38,0.361,3
-117.336315,33.965242,119.23,0.488,3
-117.336011,33.965242,119.48,0.549,3
-117.335707,33.965242,120.06,0.368,3
-117.335403,33.965242,120.92,0.169,3
-117.335098,33.965242,121.67,0.081,3
-117.334794,33.965242,121.73,0.054,3
-117.33449,33.965242,122,0.102,3
-117.334186,33.965242,122.38,0.211,3
-117.333881,33.965242,122.37,0.286,3
-117.333577,33.965242,122.03,0.296,3
-117.333273,33.965242,121.54,0.306,3
-117.332968,33.965242,120.93,0.347,3
-117.332664,33.965242,120.37,0.373,3
-117.33236,33.965242,120.27,0.321,3
-117.332056,33.965242,120.42,0.264,3
-117.331751,33.965242,120.72,0.266,3
-117.331447,33.965242,120.75,0.243,3
-117.331143,33.965242,120.47,0.221,3
-117.330839,33.965242,119.57,0.302,3
-117.330534,33.965242,118.76,0.304,3
-117.33023,33.965242,117.8,0.379,3
-117.329926,33.965242,115.78,0.415,3
-117.329622,33.965242,114.33,0.439,3
-117.329317,33.965242,113.67,0.422,3
-117.329013,33.965242,113.48,0.431,3
-117.328709,33.965242,113.86,0.495,3
-117.328404,33.965242,114.66,0.509,3
-117.3281,33.965242,116,0.438,3
-117.327796,33.965242,117.91,0.353,3
-117.327492,33.965242,118.92,0.35,3
-117.327187,33.965242,119.71,0.3,3
-117.326883,33.965242,120.31,0.142,3
-117.326579,33.965242,120.99,0.062,3
-117.326275,33.965242,121.85,0.074,3
-117.32597,33.965242,122.9,0.13,3
-117.325666,33.965242,123.64,0.169,3
-117.325362,33.965242,124.23,0.185,3
-117.325058,33.965242,124.32,0.171,3
-117.324753,33.965242,124.52,0.161,3
-117.324449,33.965242,124.91,0.161,3
-117.324145,33.965242,125.46,0.156,3
-117.32384,33.965242,126.08,0.155,3
-117.323536,33.965242,126.62,0.169,3
-117.323232,33.965242,127.09,0.181,3
-117.322928,33.965242,127.33,0.186,3
-117.322623,33.965242,127.3,0.175,3
-117.322319,33.965242,126.97,0.155,3
-117.322015,33.965242,126.33,0.157,3
-117.321711,33.965242,125.73,0.183,3
-117.321406,33.965242,125.51,0.184,3
-117.321102,33.965242,125.55,0.159,3
-117.320798,33.965242,125.7,0.15,3
-117.320494,33.965242,126.09,0.157,3
-117.320189,33.965242,126.49,0.169,3
-117.319885,33.965242,126.98,0.177,3
-117.319581,33.965242,127.21,0.183,3
-117.319276,33.965242,126.95,0.185,3
-117.318972,33.965242,126.17,0.182,3
-117.318668,33.965242,125.08,0.18,3
-117.318364,33.965242,124.2,0.181,3
-117.318059,33.965242,123.36,0.173,3
-117.317755,33.965242,122.47,0.168,3
-117.317451,33.965242,122.54,0.17,3
-117.317147,33.965242,122.88,0.175,3
-117.316842,33.965242,123.96,0.169,3
-117.316538,33.965242,125.57,0.177,3
-117.316234,33.965242,127.25,0.169,3
-117.31593,33.965242,128.82,0.178,3
-117.315625,33.965242,130.04,0.196,3
-117.315321,33.965242,131.06,0.206,3
-117.315017,33.965242,131.99,0.207,3
-117.314712,33.965242,132.84,0.206,3
-117.314408,33.965242,133.51,0.206,3
-117.314104,33.965242,133.64,0.205,3
-117.3138,33.965242,132.94,0.205,3
-117.313495,33.965242,131.58,0.199,3
-117.313191,33.965242,129.79,0.178,3
-117.312887,33.965242,127.91,0.152,3
-117.312583,33.965242,126.02,0.211,3
-117.312278,33.965242,124.45,0.31,3
-117.311974,33.965242,123.18,0.22,3
-117.31167,33.965242,119.24,0.298,4
-117.311366,33.965242,118.55,0.383,4
-117.311061,33.965242,118.68,0.297,4
-117.310757,33.965242,119.01,0.19,4
-117.310453,33.965242,119.49,0.168,4
-117.310148,33.965242,120.16,0.178,4
-117.309844,33.965242,120.93,0.186,4
-117.30954,33.965242,123.08,0.19,4
-117.309236,33.965242,125.33,0.186,3
-117.308931,33.965242,125.2,0.183,3
-117.308627,33.965242,124.82,0.188,3
-117.308323,33.965242,124.21,0.194,3
-117.308019,33.965242,123.69,0.199,3
-117.307714,33.965242,123.02,0.199,3
-117.30741,33.965242,122.75,0.19,3
-117.307106,33.965242,122.54,0.184,3
-117.306802,33.965242,122.46,0.228,3
-117.306497,33.965242,122.53,0.261,3
-117.306193,33.965242,120.62,0.249,4
-117.305889,33.965242,119.39,0.228,4
-117.305584,33.965242,118.02,0.241,4
-117.30528,33.965242,116.46,0.231,4
-117.304976,33.965242,115.87,0.206,4
-117.304672,33.965242,115.71,0.192,4
-117.304367,33.965242,115.41,0.179,4
-117.304063,33.965242,115.6,0.177,4
-117.303759,33.965242,115.89,0.183,4
-117.303455,33.965242,116.44,0.185,4
-117.30315,33.965242,117.13,0.191,4
-117.302846,33.965242,118.01,0.193,4
-117.302542,33.965242,118.84,0.192,4
-117.302238,33.965242,119.58,0.191,4
-117.301933,33.965242,120.09,0.189,4
-117.301629,33.965242,120.02,0.185,4
-117.353963,33.964938,113.54,0.6,3
-117.353659,33.964938,114.01,0.56,3
-117.353354,33.964938,115.01,0.499,3
-117.35305,33.964938,116.06,0.405,3
-117.352746,33.964938,116.93,0.359,3
-117.352442,33.964938,117.87,0.34,3
-117.352137,33.964938,118.95,0.161,3
-117.351833,33.964938,119.82,0.162,3
-117.351529,33.964938,120.26,0.313,3
-117.351224,33.964938,119.91,0.435,3
-117.35092,33.964938,120.05,0.264,3
-117.350616,33.964938,120.29,0.317,3
-117.350312,33.964938,120.57,0.465,3
-117.350007,33.964938,120.81,0.421,3
-117.349703,33.964938,121.22,0.362,3
-117.349399,33.964938,121.69,0.344,3
-117.349095,33.964938,122.7,0.347,3
-117.34879,33.964938,123.39,0.305,3
-117.348486,33.964938,123.54,0.252,3
-117.348182,33.964938,123.7,0.301,3
-117.347878,33.964938,123.89,0.384,3
-117.347573,33.964938,123.91,0.375,3
-117.347269,33.964938,124.02,0.387,3
-117.346965,33.964938,124.15,0.394,3
-117.34666,33.964938,124.37,0.422,3
-117.346356,33.964938,124.6,0.3,3
-117.346052,33.964938,125.07,0.216,3
-117.345748,33.964938,126.02,0.247,3
-117.345443,33.964938,126.66,0.232,3
-117.345139,33.964938,124.74,0.199,4
-117.344835,33.964938,123.69,0.191,4
-117.344531,33.964938,122.69,0.201,4
-117.344226,33.964938,121.45,0.2,4
-117.343922,33.964938,120.35,0.284,4
-117.343618,33.964938,119.61,0.424,4
-117.343314,33.964938,119.07,0.481,4
-117.343009,33.964938,118.58,0.39,4
-117.342705,33.964938,118.3,0.229,4
-117.342401,33.964938,118.32,0.144,4
-117.342096,33.964938,118.4,0.15,4
-117.341792,33.964938,118.28,0.183,4
-117.341488,33.964938,118.27,0.263,4
-117.341184,33.964938,118.29,0.228,4
-117.340879,33.964938,118.39,0.36,4
-117.340575,33.964938,118.1,0.36,4
-117.340271,33.964938,117.56,0.398,4
-117.339967,33.964938,117.16,0.338,4
-117.339662,33.964938,116.78,0.342,4
-117.339358,33.964938,116.5,0.335,4
-117.339054,33.964938,116.59,0.262,4
-117.33875,33.964938,116.72,0.19,4
-117.338445,33.964938,117.48,0.236,4
-117.338141,33.964938,118.31,0.351,3
-117.337837,33.964938,117.73,0.406,3
-117.337532,33.964938,117.58,0.467,3
-117.337228,33.964938,117.68,0.55,3
-117.336924,33.964938,118.17,0.547,3
-117.33662,33.964938,118.72,0.308,3
-117.336315,33.964938,119.19,0.309,3
-117.336011,33.964938,120.05,0.348,3
-117.335707,33.964938,120.77,0.319,3
-117.335403,33.964938,121.61,0.217,3
-117.335098,33.964938,122.31,0.096,3
-117.334794,33.964938,122.56,0.037,3
-117.33449,33.964938,122.78,0.092,3
-117.334186,33.964938,122.9,0.199,3
-117.333881,33.964938,122.54,0.258,3
-117.333577,33.964938,121.9,0.273,3
-117.333273,33.964938,121.3,0.297,3
-117.332968,33.964938,120.67,0.321,3
-117.332664,33.964938,120.11,0.309,3
-117.33236,33.964938,119.65,0.283,3
-117.332056,33.964938,119.34,0.288,3
-117.331751,33.964938,119.26,0.306,3
-117.331447,33.964938,119.4,0.255,3
-117.331143,33.964938,119.62,0.22,3
-117.330839,33.964938,119.01,0.277,3
-117.330534,33.964938,118.49,0.27,3
-117.33023,33.964938,117.55,0.383,3
-117.329926,33.964938,116.07,0.432,3
-117.329622,33.964938,114.86,0.449,3
-117.329317,33.964938,114.18,0.441,3
-117.329013,33.964938,113.59,0.494,3
-117.328709,33.964938,113.42,0.622,3
-117.328404,33.964938,114.18,0.641,3
-117.3281,33.964938,115.65,0.493,3
-117.327796,33.964938,117.69,0.387,3
-117.327492,33.964938,118.99,0.413,3
-117.327187,33.964938,119.88,0.406,3
-117.326883,33.964938,120.3,0.266,3
-117.326579,33.964938,120.66,0.086,3
-117.326275,33.964938,121.2,0.055,3
-117.32597,33.964938,122.13,0.078,3
-117.325666,33.964938,122.91,0.144,3
-117.325362,33.964938,123.64,0.177,3
-117.325058,33.964938,124.22,0.171,3
-117.324753,33.964938,124.69,0.162,3
-117.324449,33.964938,125.09,0.161,3
-117.324145,33.964938,125.4,0.159,3
-117.32384,33.964938,125.79,0.153,3
-117.323536,33.964938,126.38,0.157,3
-117.323232,33.964938,126.93,0.176,3
-117.322928,33.964938,127.2,0.191,3
-117.322623,33.964938,127.39,0.184,3
-117.322319,33.964938,127.23,0.175,3
-117.322015,33.964938,126.69,0.177,3
-117.321711,33.964938,126.27,0.183,3
-117.321406,33.964938,125.9,0.183,3
-117.321102,33.964938,125.7,0.163,3
-117.320798,33.964938,125.85,0.159,3
-117.320494,33.964938,126.04,0.161,3
-117.320189,33.964938,126.4,0.167,3
-117.319885,33.964938,126.74,0.178,3
-117.319581,33.964938,126.95,0.188,3
-117.319276,33.964938,126.86,0.183,3
-117.318972,33.964938,126.39,0.174,3
-117.318668,33.964938,125.61,0.177,3
-117.318364,33.964938,124.65,0.182,3
-117.318059,33.964938,123.8,0.174,3
-117.317755,33.964938,122.92,0.167,3
-117.317451,33.964938,122.28,0.17,3
-117.317147,33.964938,122.57,0.17,3
-117.316842,33.964938,123.66,0.164,3
-117.316538,33.964938,125.17,0.173,3
-117.316234,33.964938,126.76,0.185,3
-117.31593,33.964938,128.06,0.198,3
-117.315625,33.964938,129.26,0.208,3
-117.315321,33.964938,130.36,0.208,3
-117.315017,33.964938,131.46,0.207,3
-117.314712,33.964938,132.46,0.204,3
-117.314408,33.964938,133.23,0.196,3
-117.314104,33.964938,133.74,0.193,3
-117.3138,33.964938,133.62,0.198,3
-117.313495,33.964938,132.46,0.2,3
-117.313191,33.964938,130.78,0.193,3
-117.312887,33.964938,128.83,0.172,3
-117.312583,33.964938,127,0.184,3
-117.312278,33.964938,125.11,0.244,3
-117.311974,33.964938,123.47,0.215,3
-117.31167,33.964938,119.51,0.245,4
-117.311366,33.964938,118.79,0.318,4
-117.311061,33.964938,118.77,0.26,4
-117.310757,33.964938,119.02,0.194,4
-117.310453,33.964938,119.44,0.181,4
-117.310148,33.964938,119.99,0.182,4
-117.309844,33.964938,120.65,0.183,4
-117.30954,33.964938,121.41,0.185,4
-117.309236,33.964938,123.01,0.183,4
-117.308931,33.964938,124.9,0.183,3
-117.308627,33.964938,124.77,0.187,3
-117.308323,33.964938,124.39,0.192,3
-117.308019,33.964938,124,0.195,3
-117.307714,33.964938,123.55,0.197,3
-117.30741,33.964938,123.21,0.183,3
-117.307106,33.964938,122.95,0.183,3
-117.306802,33.964938,122.89,0.24,3
-117.306497,33.964938,121.13,0.224,4
-117.306193,33.964938,120.37,0.206,4
-117.305889,33.964938,119.6,0.227,4
-117.305584,33.964938,118.21,0.255,4
-117.30528,33.964938,118.39,0.247,3
-117.304976,33.964938,117.45,0.228,3
-117.304672,33.964938,115.65,0.217,4
-117.304367,33.964938,115.56,0.201,4
-117.304063,33.964938,115.73,0.194,4
-117.303759,33.964938,116.26,0.192,4
-117.303455,33.964938,116.49,0.186,4
-117.30315,33.964938,116.79,0.18,4
-117.302846,33.964938,116.73,0.19,4
-117.302542,33.964938,117.79,0.203,4
-117.302238,33.964938,119.33,0.206,4
-117.301933,33.964938,119.94,0.194,4
-117.301629,33.964938,119.82,0.185,4
-117.353963,33.964634,115.83,0.513,3
-117.353659,33.964634,116.08,0.505,3
-117.353354,33.964634,116.6,0.499,3
-117.35305,33.964634,117.01,0.434,3
-117.352746,33.964634,117.35,0.358,3
-117.352442,33.964634,117.93,0.369,3
-117.352137,33.964634,118.54,0.388,3
-117.351833,33.964634,119.04,0.456,3
-117.351529,33.964634,119.13,0.517,3
-117.351224,33.964634,118.88,0.559,3
-117.35092,33.964634,119.54,0.305,3
-117.350616,33.964634,119.85,0.46,3
-117.350312,33.964634,120.29,0.607,3
-117.350007,33.964634,120.18,0.572,3
-117.349703,33.964634,120.55,0.506,3
-117.349399,33.964634,121.19,0.491,3
-117.349095,33.964634,122.53,0.478,3
-117.34879,33.964634,123.42,0.377,3
-117.348486,33.964634,123.52,0.247,3
-117.348182,33.964634,123.3,0.235,3
-117.347878,33.964634,123.01,0.265,3
-117.347573,33.964634,122.86,0.2,3
-117.347269,33.964634,122.76,0.18,3
-117.346965,33.964634,122.72,0.191,3
-117.34666,33.964634,122.76,0.216,3
-117.346356,33.964634,122.83,0.227,3
-117.346052,33.964634,123.19,0.273,3
-117.345748,33.964634,124.2,0.25,3
-117.345443,33.964634,124.99,0.228,3
-117.345139,33.964634,123.42,0.207,4
-117.344835,33.964634,122.73,0.203,4
-117.344531,33.964634,122.48,0.212,4
-117.344226,33.964634,122.07,0.211,4
-117.343922,33.964634,121.39,0.224,4
-117.343618,33.964634,120.76,0.249,4
-117.343314,33.964634,120.19,0.259,4
-117.343009,33.964634,119.33,0.234,4
-117.342705,33.964634,118.17,0.181,4
-117.342401,33.964634,117.11,0.139,4
-117.342096,33.964634,116.53,0.113,4
-117.341792,33.964634,116.33,0.119,4
-117.341488,33.964634,116.43,0.142,4
-117.341184,33.964634,116.64,0.14,4
-117.340879,33.964634,117.1,0.185,4
-117.340575,33.964634,117.02,0.207,4
-117.340271,33.964634,116.77,0.208,4
-117.339967,33.964634,116.69,0.181,4
-117.339662,33.964634,116.46,0.17,4
-117.339358,33.964634,116.21,0.167,4
-117.339054,33.964634,116.22,0.144,4
-117.33875,33.964634,116.25,0.129,4
-117.338445,33.964634,116.89,0.155,4
-117.338141,33.964634,117.51,0.175,3
-117.337837,33.964634,116.77,0.199,3
-117.337532,33.964634,116.86,0.353,3
-117.337228,33.964634,117.34,0.479,3
-117.336924,33.964634,118.17,0.458,3
-117.33662,33.964634,119.22,0.225,3
-117.336315,33.964634,120.19,0.161,3
-117.336011,33.964634,121.53,0.136,3
-117.335707,33.964634,122.5,0.189,3
-117.335403,33.964634,123.42,0.168,3
-117.335098,33.964634,124.06,0.113,3
-117.334794,33.964634,124.33,0.048,3
-117.33449,33.964634,124.41,0.08,3
-117.334186,33.964634,124.12,0.129,3
-117.333881,33.964634,123.14,0.142,3
-117.333577,33.964634,121.94,0.199,3
-117.333273,33.964634,121.09,0.266,3
-117.332968,33.964634,120.34,0.221,3
-117.332664,33.964634,119.66,0.162,3
-117.33236,33.964634,118.89,0.19,3
-117.332056,33.964634,118.21,0.353,3
-117.331751,33.964634,117.8,0.396,3
-117.331447,33.964634,118.19,0.302,3
-117.331143,33.964634,118.99,0.21,3
-117.330839,33.964634,118.82,0.204,3
-117.330534,33.964634,118.4,0.196,3
-117.33023,33.964634,117.52,0.316,3
-117.329926,33.964634,116.32,0.389,3
-117.329622,33.964634,115.26,0.402,3
-117.329317,33.964634,114.59,0.465,3
-117.329013,33.964634,113.73,0.578,3
-117.328709,33.964634,113.29,0.613,3
-117.328404,33.964634,114.18,0.548,3
-117.3281,33.964634,115.72,0.46,3
-117.327796,33.964634,117.84,0.313,3
-117.327492,33.964634,119.32,0.312,3
-117.327187,33.964634,120.24,0.4,3
-117.326883,33.964634,120.84,0.357,3
-117.326579,33.964634,121.18,0.164,3
-117.326275,33.964634,121.32,0.083,3
-117.32597,33.964634,121.93,0.071,3
-117.325666,33.964634,122.45,0.09,3
-117.325362,33.964634,122.95,0.141,3
-117.325058,33.964634,123.56,0.163,3
-117.324753,33.964634,124.15,0.167,3
-117.324449,33.964634,124.68,0.167,3
-117.324145,33.964634,125.06,0.165,3
-117.32384,33.964634,125.48,0.163,3
-117.323536,33.964634,126.22,0.164,3
-117.323232,33.964634,126.93,0.179,3
-117.322928,33.964634,127.33,0.188,3
-117.322623,33.964634,127.66,0.179,3
-117.322319,33.964634,127.7,0.177,3
-117.322015,33.964634,127.51,0.179,3
-117.321711,33.964634,127.2,0.188,3
-117.321406,33.964634,126.78,0.193,3
-117.321102,33.964634,126.34,0.179,3
-117.320798,33.964634,126.29,0.174,3
-117.320494,33.964634,126.29,0.166,3
-117.320189,33.964634,126.65,0.162,3
-117.319885,33.964634,127,0.178,3
-117.319581,33.964634,127.17,0.186,3
-117.319276,33.964634,127.07,0.178,3
-117.318972,33.964634,126.66,0.174,3
-117.318668,33.964634,126.05,0.177,3
-117.318364,33.964634,125.21,0.178,3
-117.318059,33.964634,124.32,0.174,3
-117.317755,33.964634,123.42,0.161,3
-117.317451,33.964634,122.58,0.154,3
-117.317147,33.964634,122.2,0.156,3
-117.316842,33.964634,122.77,0.168,3
-117.316538,33.964634,124.19,0.171,3
-117.316234,33.964634,125.73,0.175,3
-117.31593,33.964634,126.99,0.185,3
-117.315625,33.964634,128.3,0.2,3
-117.315321,33.964634,129.56,0.186,3
-117.315017,33.964634,130.85,0.178,3
-117.314712,33.964634,132.01,0.183,3
-117.314408,33.964634,132.9,0.186,3
-117.314104,33.964634,133.65,0.189,3
-117.3138,33.964634,133.96,0.191,3
-117.313495,33.964634,133.22,0.189,3
-117.313191,33.964634,131.75,0.192,3
-117.312887,33.964634,129.83,0.188,3
-117.312583,33.964634,127.88,0.164,3
-117.312278,33.964634,125.55,0.214,3
-117.311974,33.964634,123.55,0.208,3
-117.31167,33.964634,120.02,0.205,4
-117.311366,33.964634,119.39,0.206,4
-117.311061,33.964634,119.39,0.16,4
-117.310757,33.964634,119.55,0.183,4
-117.310453,33.964634,119.79,0.196,4
-117.310148,33.964634,120.14,0.186,4
-117.309844,33.964634,120.6,0.185,4
-117.30954,33.964634,121.07,0.189,4
-117.309236,33.964634,121.46,0.191,4
-117.308931,33.964634,122.55,0.194,4
-117.308627,33.964634,124.47,0.193,3
-117.308323,33.964634,124.18,0.194,3
-117.308019,33.964634,123.74,0.195,3
-117.307714,33.964634,123.24,0.192,3
-117.30741,33.964634,122.87,0.186,3
-117.307106,33.964634,122.63,0.189,3
-117.306802,33.964634,122.55,0.213,3
-117.306497,33.964634,120.88,0.195,4
-117.306193,33.964634,120.24,0.228,4
-117.305889,33.964634,119.58,0.236,4
-117.305584,33.964634,118.84,0.243,4
-117.30528,33.964634,117.68,0.25,4
-117.304976,33.964634,116.77,0.253,4
-117.304672,33.964634,116.54,0.235,4
-117.304367,33.964634,116.61,0.205,4
-117.304063,33.964634,116.83,0.201,4
-117.303759,33.964634,116.62,0.2,4
-117.303455,33.964634,116.41,0.195,4
-117.30315,33.964634,116.28,0.182,4
-117.302846,33.964634,115.89,0.189,4
-117.302542,33.964634,117.54,0.199,4
-117.302238,33.964634,120.96,0.194,3
-117.301933,33.964634,120.04,0.214,4
-117.301629,33.964634,119.86,0.195,4
-117.353963,33.964329,117.46,0.43,3
-117.353659,33.964329,117.56,0.417,3
-117.353354,33.964329,117.78,0.386,3
-117.35305,33.964329,117.84,0.329,3
-117.352746,33.964329,117.83,0.3,3
-117.352442,33.964329,118.08,0.375,3
-117.352137,33.964329,118.35,0.491,3
-117.351833,33.964329,118.53,0.545,3
-117.351529,33.964329,118.35,0.553,3
-117.351224,33.964329,118.02,0.545,3
-117.35092,33.964329,118.83,0.499,3
-117.350616,33.964329,119.25,0.655,3
-117.350312,33.964329,119.73,0.723,3
-117.350007,33.964329,119.63,0.611,3
-117.349703,33.964329,120.02,0.48,3
-117.349399,33.964329,120.73,0.433,3
-117.349095,33.964329,122.21,0.455,3
-117.34879,33.964329,123.14,0.349,3
-117.348486,33.964329,123.15,0.263,3
-117.348182,33.964329,122.81,0.334,3
-117.347878,33.964329,122.41,0.372,3
-117.347573,33.964329,122.16,0.299,3
-117.347269,33.964329,121.97,0.283,3
-117.346965,33.964329,121.81,0.299,3
-117.34666,33.964329,121.72,0.331,3
-117.346356,33.964329,121.64,0.4,3
-117.346052,33.964329,121.85,0.424,3
-117.345748,33.964329,122.71,0.37,3
-117.345443,33.964329,123.49,0.328,3
-117.345139,33.964329,121.89,0.328,4
-117.344835,33.964329,121.58,0.307,4
-117.344531,33.964329,121.99,0.269,4
-117.344226,33.964329,122.33,0.224,4
-117.343922,33.964329,122.29,0.228,4
-117.343618,33.964329,122.03,0.245,4
-117.343314,33.964329,121.57,0.239,4
-117.343009,33.964329,120.4,0.22,4
-117.342705,33.964329,118.28,0.182,4
-117.342401,33.964329,116.19,0.14,4
-117.342096,33.964329,115.51,0.098,3
-117.341792,33.964329,114.27,0.11,4
-117.341488,33.964329,114.48,0.14,4
-117.341184,33.964329,114.86,0.133,4
-117.340879,33.964329,115.38,0.144,4
-117.340575,33.964329,115.4,0.162,4
-117.340271,33.964329,115.35,0.148,4
-117.339967,33.964329,115.48,0.127,4
-117.339662,33.964329,115.46,0.118,4
-117.339358,33.964329,115.33,0.119,4
-117.339054,33.964329,115.42,0.115,4
-117.33875,33.964329,115.54,0.097,4
-117.338445,33.964329,116.38,0.062,4
-117.338141,33.964329,117.38,0.035,3
-117.337837,33.964329,117,0.115,3
-117.337532,33.964329,117.42,0.354,3
-117.337228,33.964329,118.28,0.499,3
-117.336924,33.964329,119.38,0.464,3
-117.33662,33.964329,120.8,0.232,3
-117.336315,33.964329,122.26,0.143,3
-117.336011,33.964329,123.65,0.101,3
-117.335707,33.964329,124.58,0.142,3
-117.335403,33.964329,125.54,0.176,3
-117.335098,33.964329,126.26,0.177,3
-117.334794,33.964329,126.45,0.131,3
-117.33449,33.964329,126.18,0.123,3
-117.334186,33.964329,125.48,0.138,3
-117.333881,33.964329,124.07,0.136,3
-117.333577,33.964329,122.31,0.141,3
-117.333273,33.964329,120.9,0.145,3
-117.332968,33.964329,119.78,0.113,3
-117.332664,33.964329,118.93,0.099,3
-117.33236,33.964329,118.11,0.152,3
-117.332056,33.964329,117.35,0.331,3
-117.331751,33.964329,116.84,0.534,3
-117.331447,33.964329,117.61,0.476,3
-117.331143,33.964329,117.98,0.262,3
-117.330839,33.964329,118.15,0.211,3
-117.330534,33.964329,118.21,0.18,3
-117.33023,33.964329,117.53,0.283,3
-117.329926,33.964329,116.52,0.392,3
-117.329622,33.964329,115.62,0.428,3
-117.329317,33.964329,114.86,0.475,3
-117.329013,33.964329,113.97,0.573,3
-117.328709,33.964329,113.51,0.596,3
-117.328404,33.964329,114.22,0.506,3
-117.3281,33.964329,115.86,0.438,3
-117.327796,33.964329,118.05,0.368,3
-117.327492,33.964329,119.52,0.312,3
-117.327187,33.964329,120.34,0.384,3
-117.326883,33.964329,120.93,0.359,3
-117.326579,33.964329,121.37,0.273,3
-117.326275,33.964329,121.64,0.145,3
-117.32597,33.964329,121.99,0.086,3
-117.325666,33.964329,122,0.066,3
-117.325362,33.964329,122.12,0.081,3
-117.325058,33.964329,122.59,0.118,3
-117.324753,33.964329,123.25,0.149,3
-117.324449,33.964329,123.95,0.163,3
-117.324145,33.964329,124.54,0.172,3
-117.32384,33.964329,125.18,0.178,3
-117.323536,33.964329,126.13,0.177,3
-117.323232,33.964329,126.98,0.175,3
-117.322928,33.964329,127.46,0.168,3
-117.322623,33.964329,127.81,0.167,3
-117.322319,33.964329,127.95,0.17,3
-117.322015,33.964329,127.91,0.181,3
-117.321711,33.964329,127.74,0.192,3
-117.321406,33.964329,127.27,0.191,3
-117.321102,33.964329,126.7,0.17,3
-117.320798,33.964329,126.57,0.168,3
-117.320494,33.964329,126.66,0.174,3
-117.320189,33.964329,127.08,0.182,3
-117.319885,33.964329,127.46,0.189,3
-117.319581,33.964329,127.6,0.181,3
-117.319276,33.964329,127.47,0.173,3
-117.318972,33.964329,127.12,0.176,3
-117.318668,33.964329,126.61,0.175,3
-117.318364,33.964329,125.82,0.177,3
-117.318059,33.964329,124.85,0.176,3
-117.317755,33.964329,123.8,0.166,3
-117.317451,33.964329,122.82,0.156,3
-117.317147,33.964329,122.34,0.162,3
-117.316842,33.964329,122.62,0.164,3
-117.316538,33.964329,123.54,0.162,3
-117.316234,33.964329,124.8,0.162,3
-117.31593,33.964329,126.07,0.166,3
-117.315625,33.964329,127.42,0.17,3
-117.315321,33.964329,128.8,0.156,3
-117.315017,33.964329,130.21,0.156,3
-117.314712,33.964329,131.49,0.172,3
-117.314408,33.964329,132.54,0.184,3
-117.314104,33.964329,133.49,0.189,3
-117.3138,33.964329,134.07,0.192,3
-117.313495,33.964329,133.6,0.193,3
-117.313191,33.964329,132.36,0.192,3
-117.312887,33.964329,130.6,0.203,3
-117.312583,33.964329,128.57,0.19,3
-117.312278,33.964329,125.98,0.184,3
-117.311974,33.964329,123.98,0.211,3
-117.31167,33.964329,120.64,0.196,4
-117.311366,33.964329,120.1,0.163,4
-117.311061,33.964329,120.05,0.141,4
-117.310757,33.964329,120.1,0.177,4
-117.310453,33.964329,120.18,0.201,4
-117.310148,33.964329,120.32,0.195,4
-117.309844,33.964329,120.58,0.193,4
-117.30954,33.964329,120.96,0.199,4
-117.309236,33.964329,121.37,0.2,4
-117.308931,33.964329,121.67,0.198,4
-117.308627,33.964329,121.72,0.198,4
-117.308323,33.964329,121.41,0.197,4
-117.308019,33.964329,120.78,0.199,4
-117.307714,33.964329,120.16,0.196,4
-117.30741,33.964329,119.93,0.196,4
-117.307106,33.964329,120.07,0.187,4
-117.306802,33.964329,120.3,0.181,4
-117.306497,33.964329,120.36,0.189,4
-117.306193,33.964329,120.07,0.214,4
-117.305889,33.964329,119.51,0.204,4
-117.305584,33.964329,120.8,0.19,3
-117.30528,33.964329,120.14,0.203,4
-117.304976,33.964329,118.26,0.22,4
-117.304672,33.964329,117.77,0.209,4
-117.304367,33.964329,118.55,0.191,4
-117.304063,33.964329,119.3,0.199,3
-117.303759,33.964329,117.57,0.189,4
-117.303455,33.964329,116.92,0.186,4
-117.30315,33.964329,116.46,0.181,4
-117.302846,33.964329,115.86,0.181,4
-117.302542,33.964329,119.47,0.167,3
-117.302238,33.964329,120.83,0.141,3
-117.353963,33.964025,118.51,0.456,3
-117.353659,33.964025,118.6,0.407,3
-117.353354,33.964025,118.6,0.348,3
-117.35305,33.964025,118.32,0.364,3
-117.352746,33.964025,118.01,0.404,3
-117.352442,33.964025,117.9,0.393,3
-117.352137,33.964025,117.89,0.386,3
-117.351833,33.964025,117.99,0.366,3
-117.351529,33.964025,117.49,0.412,3
-117.351224,33.964025,117.47,0.468,3
-117.35092,33.964025,118.43,0.559,3
-117.350616,33.964025,118.95,0.58,3
-117.350312,33.964025,119.51,0.587,3
-117.350007,33.964025,119.49,0.484,3
-117.349703,33.964025,119.92,0.363,3
-117.349399,33.964025,120.61,0.334,3
-117.349095,33.964025,122.05,0.356,3
-117.34879,33.964025,122.93,0.287,3
-117.348486,33.964025,122.86,0.213,3
-117.348182,33.964025,122.39,0.266,3
-117.347878,33.964025,121.87,0.39,3
-117.347573,33.964025,121.55,0.457,3
-117.347269,33.964025,121.31,0.423,3
-117.346965,33.964025,121.07,0.368,3
-117.34666,33.964025,120.87,0.379,3
-117.346356,33.964025,120.69,0.396,3
-117.346052,33.964025,120.66,0.489,3
-117.345748,33.964025,121.26,0.535,3
-117.345443,33.964025,121.71,0.422,3
-117.345139,33.964025,120.04,0.39,4
-117.344835,33.964025,119.97,0.382,4
-117.344531,33.964025,120.78,0.334,4
-117.344226,33.964025,121.7,0.247,4
-117.343922,33.964025,122.26,0.235,4
-117.343618,33.964025,122.51,0.271,4
-117.343314,33.964025,122.26,0.28,4
-117.343009,33.964025,120.72,0.275,4
-117.342705,33.964025,117.73,0.284,4
-117.342401,33.964025,114.57,0.32,4
-117.342096,33.964025,112.8,0.313,4
-117.341792,33.964025,112.35,0.317,4
-117.341488,33.964025,112.46,0.337,4
-117.341184,33.964025,112.74,0.288,4
-117.340879,33.964025,113.13,0.275,4
-117.340575,33.964025,113.16,0.26,4
-117.340271,33.964025,113.11,0.28,4
-117.339967,33.964025,113.29,0.29,4
-117.339662,33.964025,113.31,0.315,4
-117.339358,33.964025,113.22,0.325,4
-117.339054,33.964025,113.7,0.256,4
-117.33875,33.964025,114.42,0.153,4
-117.338445,33.964025,114.82,0.07,4
-117.338141,33.964025,116.05,0.048,3
-117.337837,33.964025,118.34,0.151,3
-117.337532,33.964025,119.2,0.313,3
-117.337228,33.964025,120.45,0.471,3
-117.336924,33.964025,121.76,0.402,3
-117.33662,33.964025,123.17,0.225,3
-117.336315,33.964025,124.79,0.157,3
-117.336011,33.964025,126.24,0.16,3
-117.335707,33.964025,127.01,0.159,3
-117.335403,33.964025,127.7,0.192,3
-117.335098,33.964025,128.12,0.215,3
-117.334794,33.964025,128,0.195,3
-117.33449,33.964025,127.37,0.176,3
-117.334186,33.964025,126.31,0.181,3
-117.333881,33.964025,124.6,0.197,3
-117.333577,33.964025,122.52,0.224,3
-117.333273,33.964025,120.74,0.24,3
-117.332968,33.964025,119.29,0.223,3
-117.332664,33.964025,118.14,0.212,3
-117.33236,33.964025,117.2,0.158,3
-117.332056,33.964025,116.53,0.158,3
-117.331751,33.964025,115.95,0.227,3
-117.331447,33.964025,117.36,0.254,3
-117.331143,33.964025,117.41,0.253,3
-117.330839,33.964025,117.86,0.288,3
-117.330534,33.964025,118.09,0.251,3
-117.33023,33.964025,117.62,0.254,3
-117.329926,33.964025,116.83,0.302,3
-117.329622,33.964025,115.9,0.373,3
-117.329317,33.964025,115.02,0.474,3
-117.329013,33.964025,114.27,0.595,3
-117.328709,33.964025,113.94,0.623,3
-117.328404,33.964025,114.59,0.505,3
-117.3281,33.964025,116.28,0.407,3
-117.327796,33.964025,118.23,0.402,3
-117.327492,33.964025,119.47,0.394,3
-117.327187,33.964025,120.09,0.374,3
-117.326883,33.964025,120.58,0.391,3
-117.326579,33.964025,120.95,0.339,3
-117.326275,33.964025,121.16,0.259,3
-117.32597,33.964025,121.44,0.212,3
-117.325666,33.964025,121.39,0.125,3
-117.325362,33.964025,121.47,0.074,3
-117.325058,33.964025,121.84,0.079,3
-117.324753,33.964025,122.47,0.118,3
-117.324449,33.964025,123.23,0.152,3
-117.324145,33.964025,124.08,0.166,3
-117.32384,33.964025,125.1,0.175,3
-117.323536,33.964025,126.19,0.179,3
-117.323232,33.964025,127.06,0.17,3
-117.322928,33.964025,127.58,0.154,3
-117.322623,33.964025,127.97,0.161,3
-117.322319,33.964025,128.08,0.162,3
-117.322015,33.964025,128.05,0.179,3
-117.321711,33.964025,127.87,0.187,3
-117.321406,33.964025,127.44,0.181,3
-117.321102,33.964025,126.96,0.168,3
-117.320798,33.964025,126.85,0.174,3
-117.320494,33.964025,127.01,0.187,3
-117.320189,33.964025,127.43,0.194,3
-117.319885,33.964025,127.72,0.192,3
-117.319581,33.964025,127.83,0.183,3
-117.319276,33.964025,127.8,0.179,3
-117.318972,33.964025,127.63,0.179,3
-117.318668,33.964025,127.31,0.171,3
-117.318364,33.964025,126.64,0.175,3
-117.318059,33.964025,125.69,0.185,3
-117.317755,33.964025,124.66,0.176,3
-117.317451,33.964025,123.7,0.172,3
-117.317147,33.964025,123.1,0.173,3
-117.316842,33.964025,123.1,0.189,3
-117.316538,33.964025,123.67,0.178,3
-117.316234,33.964025,124.69,0.167,3
-117.31593,33.964025,125.77,0.166,3
-117.315625,33.964025,127.09,0.166,3
-117.315321,33.964025,128.43,0.162,3
-117.315017,33.964025,129.76,0.165,3
-117.314712,33.964025,130.97,0.172,3
-117.314408,33.964025,132.04,0.18,3
-117.314104,33.964025,133.11,0.185,3
-117.3138,33.964025,133.88,0.186,3
-117.313495,33.964025,133.65,0.191,3
-117.313191,33.964025,132.74,0.203,3
-117.312887,33.964025,131.2,0.217,3
-117.312583,33.964025,129.04,0.202,3
-117.312278,33.964025,126.38,0.181,3
-117.311974,33.964025,124.52,0.248,3
-117.31167,33.964025,121.29,0.196,4
-117.311366,33.964025,120.63,0.149,4
-117.311061,33.964025,120.43,0.151,4
-117.310757,33.964025,120.32,0.178,4
-117.310453,33.964025,120.26,0.2,4
-117.310148,33.964025,120.34,0.201,4
-117.309844,33.964025,120.53,0.195,4
-117.30954,33.964025,120.84,0.196,4
-117.309236,33.964025,121.27,0.199,4
-117.308931,33.964025,121.6,0.197,4
-117.308627,33.964025,121.63,0.194,4
-117.308323,33.964025,121.3,0.192,4
-117.308019,33.964025,120.73,0.191,4
-117.307714,33.964025,120.35,0.184,4
-117.30741,33.964025,120.24,0.182,4
-117.307106,33.964025,120.41,0.182,4
-117.306802,33.964025,120.59,0.184,4
-117.306497,33.964025,120.53,0.193,4
-117.306193,33.964025,120.18,0.202,4
-117.305889,33.964025,119.62,0.195,4
-117.305584,33.964025,120.33,0.194,3
-117.30528,33.964025,120.77,0.208,3
-117.304976,33.964025,119.8,0.221,3
-117.304672,33.964025,119.04,0.215,4
-117.304367,33.964025,119.23,0.201,4
-117.304063,33.964025,119.06,0.193,4
-117.303759,33.964025,118.47,0.176,4
-117.303455,33.964025,117.56,0.178,4
-117.30315,33.964025,116.81,0.174,4
-117.302846,33.964025,116.01,0.179,4
-117.353963,33.963721,119.81,0.542,3
-117.353659,33.963721,119.91,0.439,3
-117.353354,33.963721,119.76,0.391,3
-117.35305,33.963721,119.27,0.414,3
-117.352746,33.963721,118.75,0.38,3
-117.352442,33.963721,118.27,0.372,3
-117.352137,33.963721,118.03,0.362,3
-117.351833,33.963721,118.01,0.254,3
-117.351529,33.963721,117.72,0.255,3
-117.351224,33.963721,117.33,0.39,3
-117.35092,33.963721,117.23,0.471,3
-117.350616,33.963721,117.57,0.545,3
-117.350312,33.963721,118.39,0.379,3
-117.350007,33.963721,118.89,0.419,3
-117.349703,33.963721,119.55,0.379,3
-117.349399,33.963721,120.2,0.391,3
-117.349095,33.963721,121.68,0.377,3
-117.34879,33.963721,122.66,0.27,3
-117.348486,33.963721,122.53,0.166,3
-117.348182,33.963721,121.97,0.171,3
-117.347878,33.963721,121.4,0.25,3
-117.347573,33.963721,120.97,0.285,3
-117.347269,33.963721,120.7,0.255,3
-117.346965,33.963721,120.39,0.229,3
-117.34666,33.963721,119.74,0.27,3
-117.346356,33.963721,119.51,0.306,3
-117.346052,33.963721,119.34,0.333,3
-117.345748,33.963721,119.48,0.343,3
-117.345443,33.963721,117.41,0.301,4
-117.345139,33.963721,117.7,0.293,4
-117.344835,33.963721,118.54,0.289,4
-117.344531,33.963721,119.57,0.273,4
-117.344226,33.963721,120.81,0.235,4
-117.343922,33.963721,121.4,0.233,4
-117.343618,33.963721,121.68,0.248,4
-117.343314,33.963721,121.53,0.26,4
-117.343009,33.963721,119.6,0.314,4
-117.342705,33.963721,116.04,0.446,4
-117.342401,33.963721,112.74,0.616,4
-117.342096,33.963721,110.97,0.648,4
-117.341792,33.963721,110.5,0.668,4
-117.341488,33.963721,110.45,0.619,4
-117.341184,33.963721,110.59,0.566,4
-117.340879,33.963721,110.73,0.503,4
-117.340575,33.963721,110.72,0.445,4
-117.340271,33.963721,110.47,0.56,4
-117.339967,33.963721,110.42,0.61,4
-117.339662,33.963721,110.29,0.649,4
-117.339358,33.963721,110.24,0.648,4
-117.339054,33.963721,111.53,0.502,4
-117.33875,33.963721,113.38,0.324,4
-117.338445,33.963721,115.64,0.249,4
-117.338141,33.963721,118.23,0.237,3
-117.337837,33.963721,119.41,0.232,3
-117.337532,33.963721,120.92,0.236,3
-117.337228,33.963721,122.46,0.287,3
-117.336924,33.963721,124.06,0.267,3
-117.33662,33.963721,125.37,0.19,3
-117.336315,33.963721,126.75,0.194,3
-117.336011,33.963721,128.04,0.194,3
-117.335707,33.963721,128.7,0.191,3
-117.335403,33.963721,129,0.197,3
-117.335098,33.963721,128.98,0.198,3
-117.334794,33.963721,128.65,0.203,3
-117.33449,33.963721,127.85,0.202,3
-117.334186,33.963721,126.6,0.192,3
-117.333881,33.963721,124.9,0.211,3
-117.333577,33.963721,122.92,0.316,3
-117.333273,33.963721,121.09,0.434,3
-117.332968,33.963721,119.46,0.433,3
-117.332664,33.963721,117.93,0.385,3
-117.33236,33.963721,116.91,0.175,3
-117.332056,33.963721,116.26,0.093,3
-117.331751,33.963721,114.7,0.022,3
-117.331447,33.963721,117.54,0.173,3
-117.331143,33.963721,118.12,0.177,3
-117.330839,33.963721,118.43,0.258,3
-117.330534,33.963721,118.28,0.25,3
-117.33023,33.963721,117.91,0.206,3
-117.329926,33.963721,117.22,0.27,3
-117.329622,33.963721,116.18,0.418,3
-117.329317,33.963721,115.45,0.557,3
-117.329013,33.963721,115.31,0.637,3
-117.328709,33.963721,115.41,0.575,3
-117.328404,33.963721,115.86,0.437,3
-117.3281,33.963721,117.13,0.439,3
-117.327796,33.963721,118.55,0.404,3
-117.327492,33.963721,119.43,0.337,3
-117.327187,33.963721,119.85,0.332,3
-117.326883,33.963721,120.22,0.321,3
-117.326579,33.963721,120.47,0.31,3
-117.326275,33.963721,120.58,0.306,3
-117.32597,33.963721,120.97,0.325,3
-117.325666,33.963721,121,0.258,3
-117.325362,33.963721,121.12,0.154,3
-117.325058,33.963721,121.19,0.088,3
-117.324753,33.963721,121.63,0.08,3
-117.324449,33.963721,122.39,0.103,3
-117.324145,33.963721,123.67,0.13,3
-117.32384,33.963721,125.22,0.153,3
-117.323536,33.963721,126.25,0.168,3
-117.323232,33.963721,127.01,0.171,3
-117.322928,33.963721,127.75,0.164,3
-117.322623,33.963721,128.27,0.164,3
-117.322319,33.963721,128.37,0.16,3
-117.322015,33.963721,128.32,0.177,3
-117.321711,33.963721,128.21,0.185,3
-117.321406,33.963721,127.95,0.189,3
-117.321102,33.963721,127.63,0.187,3
-117.320798,33.963721,127.34,0.178,3
-117.320494,33.963721,127.32,0.174,3
-117.320189,33.963721,127.54,0.175,3
-117.319885,33.963721,127.65,0.175,3
-117.319581,33.963721,127.75,0.183,3
-117.319276,33.963721,127.9,0.194,3
-117.318972,33.963721,128,0.194,3
-117.318668,33.963721,127.96,0.185,3
-117.318364,33.963721,127.48,0.181,3
-117.318059,33.963721,126.71,0.192,3
-117.317755,33.963721,125.77,0.185,3
-117.317451,33.963721,124.91,0.187,3
-117.317147,33.963721,124.28,0.18,3
-117.316842,33.963721,124.07,0.183,3
-117.316538,33.963721,124.33,0.168,3
-117.316234,33.963721,125.17,0.161,3
-117.31593,33.963721,125.99,0.168,3
-117.315625,33.963721,127.27,0.177,3
-117.315321,33.963721,128.49,0.174,3
-117.315017,33.963721,129.53,0.169,3
-117.314712,33.963721,130.5,0.171,3
-117.314408,33.963721,131.39,0.18,3
-117.314104,33.963721,132.43,0.19,3
-117.3138,33.963721,133.38,0.199,3
-117.313495,33.963721,133.4,0.21,3
-117.313191,33.963721,132.83,0.225,3
-117.312887,33.963721,131.48,0.221,3
-117.312583,33.963721,129.35,0.202,3
-117.312278,33.963721,126.85,0.194,3
-117.311974,33.963721,125.34,0.232,3
-117.31167,33.963721,122.04,0.172,4
-117.311366,33.963721,121.17,0.143,4
-117.311061,33.963721,120.67,0.163,4
-117.310757,33.963721,120.34,0.187,4
-117.310453,33.963721,120.13,0.203,4
-117.310148,33.963721,120.23,0.202,4
-117.309844,33.963721,120.46,0.193,4
-117.30954,33.963721,120.7,0.189,4
-117.309236,33.963721,121.06,0.189,4
-117.308931,33.963721,121.35,0.186,4
-117.308627,33.963721,121.39,0.182,4
-117.308323,33.963721,121.16,0.18,4
-117.308019,33.963721,120.79,0.177,4
-117.307714,33.963721,120.84,0.172,4
-117.30741,33.963721,120.79,0.168,4
-117.307106,33.963721,120.98,0.176,4
-117.306802,33.963721,121.14,0.188,4
-117.306497,33.963721,121.05,0.19,4
-117.306193,33.963721,120.65,0.184,4
-117.305889,33.963721,119.93,0.191,4
-117.305584,33.963721,119.46,0.194,4
-117.30528,33.963721,119.36,0.202,4
-117.304976,33.963721,119.59,0.22,4
-117.304672,33.963721,120.05,0.229,4
-117.304367,33.963721,120.28,0.226,4
-117.304063,33.963721,119.62,0.21,4
-117.353963,33.963417,120.2,0.48,3
-117.353659,33.963417,120.18,0.416,3
-117.353354,33.963417,119.95,0.402,3
-117.35305,33.963417,119.51,0.418,3
-117.352746,33.963417,119.05,0.333,3
-117.352442,33.963417,118.62,0.259,3
-117.352137,33.963417,118.33,0.292,3
-117.351833,33.963417,118.37,0.263,3
-117.351529,33.963417,118.38,0.25,3
-117.351224,33.963417,118.26,0.254,3
-117.35092,33.963417,117.99,0.317,3
-117.350616,33.963417,117.73,0.444,3
-117.350312,33.963417,118.14,0.391,3
-117.350007,33.963417,118.57,0.406,3
-117.349703,33.963417,119.26,0.394,3
-117.349399,33.963417,120.01,0.423,3
-117.349095,33.963417,121.53,0.402,3
-117.34879,33.963417,122.46,0.274,3
-117.348486,33.963417,122.25,0.174,3
-117.348182,33.963417,121.62,0.244,3
-117.347878,33.963417,120.95,0.384,3
-117.347573,33.963417,120.47,0.413,3
-117.347269,33.963417,120.14,0.387,3
-117.346965,33.963417,119.37,0.322,3
-117.34666,33.963417,116.59,0.291,4
-117.346356,33.963417,116.17,0.332,4
-117.346052,33.963417,115.85,0.343,4
-117.345748,33.963417,115.81,0.342,4
-117.345443,33.963417,116.09,0.351,4
-117.345139,33.963417,116.75,0.355,4
-117.344835,33.963417,117.51,0.361,4
-117.344531,33.963417,118.63,0.327,4
-117.344226,33.963417,120.11,0.228,4
-117.343922,33.963417,121.07,0.15,4
-117.343618,33.963417,121.5,0.136,4
-117.343314,33.963417,121.28,0.167,4
-117.343009,33.963417,119.45,0.24,4
-117.342705,33.963417,116.31,0.369,4
-117.342401,33.963417,113.6,0.535,4
-117.342096,33.963417,112.07,0.632,4
-117.341792,33.963417,111.45,0.666,4
-117.341488,33.963417,111.15,0.57,4
-117.341184,33.963417,111.2,0.541,4
-117.340879,33.963417,111.34,0.486,4
-117.340575,33.963417,111.29,0.444,4
-117.340271,33.963417,111.01,0.513,4
-117.339967,33.963417,110.83,0.542,4
-117.339662,33.963417,110.51,0.566,4
-117.339358,33.963417,110.19,0.639,4
-117.339054,33.963417,111.38,0.546,4
-117.33875,33.963417,113.5,0.372,4
-117.338445,33.963417,116.17,0.31,4
-117.338141,33.963417,119.01,0.32,3
-117.337837,33.963417,120.34,0.333,3
-117.337532,33.963417,121.91,0.264,3
-117.337228,33.963417,123.55,0.247,3
-117.336924,33.963417,125.21,0.289,3
-117.33662,33.963417,126.73,0.191,3
-117.336315,33.963417,127.92,0.158,3
-117.336011,33.963417,129.17,0.152,3
-117.335707,33.963417,129.62,0.17,3
-117.335403,33.963417,129.59,0.192,3
-117.335098,33.963417,129.29,0.198,3
-117.334794,33.963417,128.82,0.207,3
-117.33449,33.963417,128.01,0.207,3
-117.334186,33.963417,126.79,0.201,3
-117.333881,33.963417,125.2,0.215,3
-117.333577,33.963417,123.42,0.314,3
-117.333273,33.963417,121.75,0.483,3
-117.332968,33.963417,120.2,0.561,3
-117.332664,33.963417,118.66,0.455,3
-117.33236,33.963417,117.67,0.274,3
-117.332056,33.963417,117.29,0.12,3
-117.331751,33.963417,117.51,0.099,3
-117.331447,33.963417,118.25,0.128,3
-117.331143,33.963417,118.86,0.179,3
-117.330839,33.963417,118.67,0.312,3
-117.330534,33.963417,118.53,0.319,3
-117.33023,33.963417,118.37,0.246,3
-117.329926,33.963417,117.91,0.306,3
-117.329622,33.963417,117.24,0.518,3
-117.329317,33.963417,116.81,0.623,3
-117.329013,33.963417,116.63,0.611,3
-117.328709,33.963417,116.56,0.524,3
-117.328404,33.963417,116.95,0.399,3
-117.3281,33.963417,117.92,0.45,3
-117.327796,33.963417,118.91,0.445,3
-117.327492,33.963417,119.42,0.432,3
-117.327187,33.963417,119.7,0.349,3
-117.326883,33.963417,119.92,0.337,3
-117.326579,33.963417,120.05,0.344,3
-117.326275,33.963417,120.04,0.278,3
-117.32597,33.963417,120.42,0.267,3
-117.325666,33.963417,120.49,0.278,3
-117.325362,33.963417,120.65,0.275,3
-117.325058,33.963417,120.71,0.193,3
-117.324753,33.963417,121.1,0.114,3
-117.324449,33.963417,121.82,0.086,3
-117.324145,33.963417,123.11,0.083,3
-117.32384,33.963417,124.7,0.096,3
-117.323536,33.963417,125.76,0.123,3
-117.323232,33.963417,126.55,0.146,3
-117.322928,33.963417,127.09,0.168,3
-117.322623,33.963417,127.36,0.172,3
-117.322319,33.963417,127.45,0.167,3
-117.322015,33.963417,127.52,0.169,3
-117.321711,33.963417,127.56,0.18,3
-117.321406,33.963417,127.51,0.193,3
-117.321102,33.963417,127.41,0.187,3
-117.320798,33.963417,127.11,0.174,3
-117.320494,33.963417,126.91,0.165,3
-117.320189,33.963417,126.91,0.161,3
-117.319885,33.963417,126.85,0.165,3
-117.319581,33.963417,126.96,0.178,3
-117.319276,33.963417,127.28,0.188,3
-117.318972,33.963417,127.63,0.188,3
-117.318668,33.963417,127.86,0.19,3
-117.318364,33.963417,127.65,0.192,3
-117.318059,33.963417,127.2,0.192,3
-117.317755,33.963417,126.53,0.186,3
-117.317451,33.963417,125.91,0.179,3
-117.317147,33.963417,125.32,0.165,3
-117.316842,33.963417,124.95,0.152,3
-117.316538,33.963417,124.92,0.144,3
-117.316234,33.963417,125.66,0.15,3
-117.31593,33.963417,126.58,0.163,3
-117.315625,33.963417,127.9,0.178,3
-117.315321,33.963417,128.85,0.178,3
-117.315017,33.963417,129.51,0.173,3
-117.314712,33.963417,130.15,0.175,3
-117.314408,33.963417,130.8,0.182,3
-117.314104,33.963417,131.67,0.189,3
-117.3138,33.963417,132.64,0.195,3
-117.313495,33.963417,132.91,0.202,3
-117.313191,33.963417,132.64,0.209,3
-117.312887,33.963417,131.53,0.203,3
-117.312583,33.963417,129.76,0.203,3
-117.312278,33.963417,127.66,0.18,3
-117.311974,33.963417,126.46,0.193,3
-117.31167,33.963417,123.03,0.151,4
-117.311366,33.963417,121.92,0.137,4
-117.311061,33.963417,121.21,0.171,4
-117.310757,33.963417,120.73,0.191,4
-117.310453,33.963417,120.4,0.202,4
-117.310148,33.963417,120.38,0.2,4
-117.309844,33.963417,120.49,0.191,4
-117.30954,33.963417,120.62,0.183,4
-117.309236,33.963417,120.88,0.179,4
-117.308931,33.963417,121.16,0.183,4
-117.308627,33.963417,121.31,0.184,4
-117.308323,33.963417,121.33,0.185,4
-117.308019,33.963417,121.26,0.183,4
-117.307714,33.963417,121.51,0.181,4
-117.30741,33.963417,121.53,0.177,4
-117.307106,33.963417,121.73,0.183,4
-117.306802,33.963417,121.86,0.188,4
-117.306497,33.963417,121.73,0.171,4
-117.306193,33.963417,121.25,0.167,4
-117.305889,33.963417,120.43,0.182,4
-117.305584,33.963417,119.92,0.183,4
-117.30528,33.963417,119.88,0.189,4
-117.304976,33.963417,120.01,0.207,4
-117.353963,33.963112,118.93,0.292,3
-117.353659,33.963112,118.84,0.269,3
-117.353354,33.963112,118.66,0.257,3
-117.35305,33.963112,118.35,0.279,3
-117.352746,33.963112,117.92,0.3,3
-117.352442,33.963112,117.59,0.305,3
-117.352137,33.963112,117.62,0.302,3
-117.351833,33.963112,117.94,0.303,3
-117.351529,33.963112,118.37,0.307,3
-117.351224,33.963112,118.56,0.268,3
-117.35092,33.963112,118.44,0.312,3
-117.350616,33.963112,117.76,0.519,3
-117.350312,33.963112,117.85,0.519,3
-117.350007,33.963112,118.39,0.443,3
-117.349703,33.963112,119.15,0.348,3
-117.349399,33.963112,120.01,0.354,3
-117.349095,33.963112,121.22,0.339,3
-117.34879,33.963112,121.9,0.234,3
-117.348486,33.963112,121.87,0.183,3
-117.348182,33.963112,121.53,0.323,3
-117.347878,33.963112,121.04,0.527,3
-117.347573,33.963112,120.55,0.588,3
-117.347269,33.963112,120.09,0.552,3
-117.346965,33.963112,119.27,0.446,3
-117.34666,33.963112,116.72,0.386,4
-117.346356,33.963112,116.13,0.454,4
-117.346052,33.963112,115.65,0.455,4
-117.345748,33.963112,115.5,0.455,4
-117.345443,33.963112,115.65,0.519,4
-117.345139,33.963112,116.16,0.555,4
-117.344835,33.963112,116.68,0.569,4
-117.344531,33.963112,117.81,0.498,4
-117.344226,33.963112,119.46,0.286,4
-117.343922,33.963112,120.65,0.13,4
-117.343618,33.963112,121.1,0.106,4
-117.343314,33.963112,120.87,0.125,4
-117.343009,33.963112,119.62,0.171,4
-117.342705,33.963112,117.56,0.268,4
-117.342401,33.963112,115.71,0.379,4
-117.342096,33.963112,114.51,0.453,4
-117.341792,33.963112,113.76,0.484,4
-117.341488,33.963112,113.08,0.413,4
-117.341184,33.963112,113.29,0.383,4
-117.340879,33.963112,113.43,0.334,4
-117.340575,33.963112,113.4,0.309,4
-117.340271,33.963112,113.12,0.299,4
-117.339967,33.963112,112.8,0.3,4
-117.339662,33.963112,112.29,0.329,4
-117.339358,33.963112,111.76,0.491,4
-117.339054,33.963112,112.39,0.514,4
-117.33875,33.963112,114.12,0.4,4
-117.338445,33.963112,116.79,0.309,4
-117.338141,33.963112,119.62,0.27,3
-117.337837,33.963112,120.92,0.327,3
-117.337532,33.963112,122.41,0.273,3
-117.337228,33.963112,123.95,0.252,3
-117.336924,33.963112,125.5,0.308,3
-117.33662,33.963112,126.99,0.201,3
-117.336315,33.963112,127.96,0.141,3
-117.336011,33.963112,128.87,0.143,3
-117.335707,33.963112,129.02,0.16,3
-117.335403,33.963112,128.72,0.189,3
-117.335098,33.963112,128.36,0.199,3
-117.334794,33.963112,127.92,0.202,3
-117.33449,33.963112,127.25,0.221,3
-117.334186,33.963112,126.29,0.253,3
-117.333881,33.963112,125.09,0.277,3
-117.333577,33.963112,123.73,0.274,3
-117.333273,33.963112,122.37,0.32,3
-117.332968,33.963112,121.07,0.449,3
-117.332664,33.963112,119.79,0.457,3
-117.33236,33.963112,118.95,0.446,3
-117.332056,33.963112,118.65,0.243,3
-117.331751,33.963112,118.73,0.106,3
-117.331447,33.963112,119.02,0.115,3
-117.331143,33.963112,119.29,0.17,3
-117.330839,33.963112,118.99,0.299,3
-117.330534,33.963112,118.9,0.331,3
-117.33023,33.963112,118.86,0.281,3
-117.329926,33.963112,118.68,0.296,3
-117.329622,33.963112,118.46,0.429,3
-117.329317,33.963112,118.27,0.495,3
-117.329013,33.963112,118.02,0.448,3
-117.328709,33.963112,117.87,0.405,3
-117.328404,33.963112,118.19,0.401,3
-117.3281,33.963112,118.77,0.408,3
-117.327796,33.963112,119.23,0.376,3
-117.327492,33.963112,119.46,0.338,3
-117.327187,33.963112,119.59,0.354,3
-117.326883,33.963112,119.67,0.402,3
-117.326579,33.963112,119.69,0.345,3
-117.326275,33.963112,119.6,0.274,3
-117.32597,33.963112,119.72,0.233,3
-117.325666,33.963112,119.71,0.264,3
-117.325362,33.963112,119.84,0.311,3
-117.325058,33.963112,120.22,0.287,3
-117.324753,33.963112,120.78,0.226,3
-117.324449,33.963112,121.49,0.167,3
-117.324145,33.963112,122.49,0.116,3
-117.32384,33.963112,123.71,0.086,3
-117.323536,33.963112,124.8,0.087,3
-117.323232,33.963112,125.61,0.108,3
-117.322928,33.963112,126.1,0.143,3
-117.322623,33.963112,126.11,0.174,3
-117.322319,33.963112,126.1,0.18,3
-117.322015,33.963112,126.3,0.184,3
-117.321711,33.963112,126.52,0.182,3
-117.321406,33.963112,126.66,0.163,3
-117.321102,33.963112,126.83,0.153,3
-117.320798,33.963112,126.58,0.153,3
-117.320494,33.963112,126.26,0.167,3
-117.320189,33.963112,126.11,0.167,3
-117.319885,33.963112,126.03,0.169,3
-117.319581,33.963112,126.24,0.177,3
-117.319276,33.963112,126.69,0.177,3
-117.318972,33.963112,127.2,0.176,3
-117.318668,33.963112,127.69,0.185,3
-117.318364,33.963112,127.8,0.198,3
-117.318059,33.963112,127.7,0.193,3
-117.317755,33.963112,127.39,0.19,3
-117.317451,33.963112,127.02,0.188,3
-117.317147,33.963112,126.51,0.185,3
-117.316842,33.963112,126.06,0.166,3
-117.316538,33.963112,125.81,0.164,3
-117.316234,33.963112,126.37,0.167,3
-117.31593,33.963112,127.09,0.161,3
-117.315625,33.963112,128.19,0.169,3
-117.315321,33.963112,128.86,0.179,3
-117.315017,33.963112,129.23,0.184,3
-117.314712,33.963112,129.58,0.185,3
-117.314408,33.963112,129.99,0.186,3
-117.314104,33.963112,130.71,0.186,3
-117.3138,33.963112,131.61,0.187,3
-117.313495,33.963112,132.05,0.193,3
-117.313191,33.963112,132.12,0.204,3
-117.312887,33.963112,131.11,0.201,3
-117.312583,33.963112,128.3,0.208,4
-117.312278,33.963112,126.97,0.188,4
-117.311974,33.963112,125.75,0.17,4
-117.31167,33.963112,123.75,0.153,4
-117.311366,33.963112,122.76,0.143,4
-117.311061,33.963112,121.91,0.172,4
-117.310757,33.963112,121.37,0.194,4
-117.310453,33.963112,121.01,0.202,4
-117.310148,33.963112,120.92,0.204,4
-117.309844,33.963112,120.89,0.202,4
-117.30954,33.963112,120.84,0.195,4
-117.309236,33.963112,121.01,0.188,4
-117.308931,33.963112,121.31,0.189,4
-117.308627,33.963112,121.62,0.189,4
-117.308323,33.963112,121.92,0.193,4
-117.308019,33.963112,122.19,0.191,4
-117.307714,33.963112,122.68,0.197,4
-117.30741,33.963112,122.86,0.195,4
-117.307106,33.963112,122.99,0.19,4
-117.306802,33.963112,123.03,0.175,4
-117.306497,33.963112,122.81,0.165,4
-117.306193,33.963112,122.2,0.177,4
-117.305889,33.963112,121.24,0.189,4
-117.353963,33.962808,116.09,0.327,3
-117.353659,33.962808,115.85,0.322,3
-117.353354,33.962808,115.48,0.308,3
-117.35305,33.962808,115.21,0.309,3
-117.352746,33.962808,115.03,0.332,3
-117.352442,33.962808,115,0.355,3
-117.352137,33.962808,115.26,0.387,3
-117.351833,33.962808,115.89,0.406,3
-117.351529,33.962808,116.89,0.35,3
-117.351224,33.962808,117.37,0.335,3
-117.35092,33.962808,117.5,0.377,3
-117.350616,33.962808,117.17,0.522,3
-117.350312,33.962808,116.91,0.579,3
-117.350007,33.962808,118.17,0.446,3
-117.349703,33.962808,119.06,0.353,3
-117.349399,33.962808,119.88,0.398,3
-117.349095,33.962808,120.64,0.416,3
-117.34879,33.962808,121.38,0.291,3
-117.348486,33.962808,121.97,0.178,3
-117.348182,33.962808,122.21,0.275,3
-117.347878,33.962808,122.1,0.458,3
-117.347573,33.962808,121.7,0.494,3
-117.347269,33.962808,121.1,0.484,3
-117.346965,33.962808,120.16,0.428,3
-117.34666,33.962808,117.46,0.386,4
-117.346356,33.962808,116.62,0.469,4
-117.346052,33.962808,115.97,0.41,4
-117.345748,33.962808,115.72,0.392,4
-117.345443,33.962808,115.7,0.484,4
-117.345139,33.962808,116,0.518,4
-117.344835,33.962808,116.19,0.496,4
-117.344531,33.962808,117.1,0.429,4
-117.344226,33.962808,118.59,0.262,4
-117.343922,33.962808,119.81,0.151,4
-117.343618,33.962808,120.43,0.137,4
-117.343314,33.962808,120.49,0.149,4
-117.343009,33.962808,120.08,0.207,4
-117.342705,33.962808,119.31,0.298,4
-117.342401,33.962808,118.18,0.343,4
-117.342096,33.962808,117.27,0.333,4
-117.341792,33.962808,116.51,0.319,4
-117.341488,33.962808,115.82,0.301,4
-117.341184,33.962808,115.81,0.284,4
-117.340879,33.962808,115.76,0.277,4
-117.340575,33.962808,115.68,0.313,4
-117.340271,33.962808,115.32,0.335,4
-117.339967,33.962808,114.81,0.366,4
-117.339662,33.962808,114.13,0.409,4
-117.339358,33.962808,113.73,0.488,4
-117.339054,33.962808,113.98,0.466,4
-117.33875,33.962808,115.15,0.369,4
-117.338445,33.962808,117.56,0.29,4
-117.338141,33.962808,120.11,0.261,3
-117.337837,33.962808,121.25,0.329,3
-117.337532,33.962808,122.59,0.306,3
-117.337228,33.962808,123.95,0.272,3
-117.336924,33.962808,125.23,0.25,3
-117.33662,33.962808,126.45,0.18,3
-117.336315,33.962808,127.06,0.149,3
-117.336011,33.962808,127.52,0.168,3
-117.335707,33.962808,127.48,0.196,3
-117.335403,33.962808,127.11,0.208,3
-117.335098,33.962808,126.78,0.212,3
-117.334794,33.962808,126.37,0.229,3
-117.33449,33.962808,125.96,0.256,3
-117.334186,33.962808,125.48,0.282,3
-117.333881,33.962808,124.83,0.297,3
-117.333577,33.962808,124,0.259,3
-117.333273,33.962808,123.02,0.188,3
-117.332968,33.962808,122.05,0.225,3
-117.332664,33.962808,121.11,0.338,3
-117.33236,33.962808,120.37,0.397,3
-117.332056,33.962808,119.91,0.242,3
-117.331751,33.962808,119.76,0.109,3
-117.331447,33.962808,119.76,0.11,3
-117.331143,33.962808,119.86,0.164,3
-117.330839,33.962808,119.46,0.277,3
-117.330534,33.962808,119.39,0.286,3
-117.33023,33.962808,119.43,0.27,3
-117.329926,33.962808,119.47,0.263,3
-117.329622,33.962808,119.42,0.34,3
-117.329317,33.962808,119.3,0.398,3
-117.329013,33.962808,119.13,0.359,3
-117.328709,33.962808,119.05,0.346,3
-117.328404,33.962808,119.26,0.398,3
-117.3281,33.962808,119.52,0.368,3
-117.327796,33.962808,119.57,0.312,3
-117.327492,33.962808,119.6,0.262,3
-117.327187,33.962808,119.58,0.326,3
-117.326883,33.962808,119.52,0.318,3
-117.326579,33.962808,119.4,0.339,3
-117.326275,33.962808,119.22,0.304,3
-117.32597,33.962808,119.08,0.233,3
-117.325666,33.962808,118.98,0.244,3
-117.325362,33.962808,119.04,0.232,3
-117.325058,33.962808,119.6,0.253,3
-117.324753,33.962808,120.27,0.303,3
-117.324449,33.962808,120.95,0.286,3
-117.324145,33.962808,121.77,0.21,3
-117.32384,33.962808,122.78,0.152,3
-117.323536,33.962808,123.82,0.114,3
-117.323232,33.962808,124.46,0.084,3
-117.322928,33.962808,125.04,0.077,3
-117.322623,33.962808,124.99,0.112,3
-117.322319,33.962808,124.95,0.145,3
-117.322015,33.962808,125.15,0.161,3
-117.321711,33.962808,125.42,0.155,3
-117.321406,33.962808,125.69,0.122,3
-117.321102,33.962808,125.93,0.118,3
-117.320798,33.962808,125.69,0.127,3
-117.320494,33.962808,125.35,0.184,3
-117.320189,33.962808,125.23,0.202,3
-117.319885,33.962808,125.36,0.184,3
-117.319581,33.962808,125.78,0.174,3
-117.319276,33.962808,126.36,0.173,3
-117.318972,33.962808,126.88,0.176,3
-117.318668,33.962808,127.3,0.188,3
-117.318364,33.962808,127.64,0.199,3
-117.318059,33.962808,127.91,0.197,3
-117.317755,33.962808,128.03,0.2,3
-117.317451,33.962808,127.83,0.192,3
-117.317147,33.962808,127.39,0.199,3
-117.316842,33.962808,126.97,0.18,3
-117.316538,33.962808,126.77,0.179,3
-117.316234,33.962808,127.03,0.178,3
-117.31593,33.962808,127.66,0.188,3
-117.315625,33.962808,128.41,0.2,3
-117.315321,33.962808,128.87,0.192,3
-117.315017,33.962808,129.11,0.191,3
-117.314712,33.962808,129.34,0.195,3
-117.314408,33.962808,129.65,0.191,3
-117.314104,33.962808,130.2,0.19,3
-117.3138,33.962808,130.93,0.189,3
-117.313495,33.962808,131.4,0.189,3
-117.313191,33.962808,131.71,0.204,3
-117.312887,33.962808,131.35,0.211,3
-117.312583,33.962808,130.22,0.212,3
-117.312278,33.962808,129.47,0.196,3
-117.311974,33.962808,128.41,0.162,3
-117.31167,33.962808,125.1,0.156,4
-117.311366,33.962808,123.84,0.15,4
-117.311061,33.962808,123.23,0.176,4
-117.310757,33.962808,122.8,0.201,4
-117.310453,33.962808,122.45,0.203,4
-117.310148,33.962808,121.99,0.199,4
-117.309844,33.962808,121.62,0.198,4
-117.30954,33.962808,121.49,0.198,4
-117.309236,33.962808,121.54,0.196,4
-117.308931,33.962808,121.79,0.194,4
-117.308627,33.962808,122.18,0.188,4
-117.308323,33.962808,122.68,0.182,4
-117.308019,33.962808,123.14,0.176,4
-117.307714,33.962808,123.67,0.184,4
-117.30741,33.962808,123.93,0.181,4
-117.307106,33.962808,124.01,0.179,4
-117.306802,33.962808,123.96,0.173,4
-117.306497,33.962808,123.7,0.176,4
-117.353963,33.962504,112.46,0.628,3
-117.353659,33.962504,112.18,0.625,3
-117.353354,33.962504,111.71,0.616,3
-117.35305,33.962504,111.32,0.606,3
-117.352746,33.962504,111.19,0.576,3
-117.352442,33.962504,111.4,0.533,3
-117.352137,33.962504,111.83,0.57,3
-117.351833,33.962504,112.59,0.584,3
-117.351529,33.962504,113.6,0.484,3
-117.351224,33.962504,114.64,0.424,3
-117.35092,33.962504,115.14,0.372,3
-117.350616,33.962504,115.47,0.375,3
-117.350312,33.962504,115.66,0.431,3
-117.350007,33.962504,116.93,0.336,3
-117.349703,33.962504,118,0.393,3
-117.349399,33.962504,119.01,0.464,3
-117.349095,33.962504,120.06,0.476,3
-117.34879,33.962504,121.29,0.374,3
-117.348486,33.962504,122.58,0.209,3
-117.348182,33.962504,123.55,0.168,3
-117.347878,33.962504,123.99,0.255,3
-117.347573,33.962504,123.88,0.272,3
-117.347269,33.962504,123.36,0.273,3
-117.346965,33.962504,122.29,0.285,3
-117.34666,33.962504,119.07,0.355,4
-117.346356,33.962504,118.06,0.414,4
-117.346052,33.962504,117.21,0.347,4
-117.345748,33.962504,116.82,0.318,4
-117.345443,33.962504,116.57,0.388,4
-117.345139,33.962504,116.62,0.392,4
-117.344835,33.962504,116.57,0.344,4
-117.344531,33.962504,117.13,0.291,4
-117.344226,33.962504,118.15,0.24,4
-117.343922,33.962504,119.05,0.251,4
-117.343618,33.962504,119.73,0.277,4
-117.343314,33.962504,120.21,0.26,4
-117.343009,33.962504,120.41,0.257,4
-117.342705,33.962504,120.34,0.293,4
-117.342401,33.962504,119.66,0.304,4
-117.342096,33.962504,118.81,0.304,4
-117.341792,33.962504,118,0.342,4
-117.341488,33.962504,117.48,0.365,4
-117.341184,33.962504,117.3,0.307,4
-117.340879,33.962504,117.33,0.288,4
-117.340575,33.962504,117.26,0.311,4
-117.340271,33.962504,116.87,0.378,4
-117.339967,33.962504,116.39,0.408,4
-117.339662,33.962504,115.76,0.422,4
-117.339358,33.962504,115.4,0.443,4
-117.339054,33.962504,115.63,0.384,4
-117.33875,33.962504,116.58,0.281,4
-117.338445,33.962504,118.67,0.237,4
-117.338141,33.962504,120.87,0.266,3
-117.337837,33.962504,121.61,0.332,3
-117.337532,33.962504,122.68,0.321,3
-117.337228,33.962504,123.8,0.308,3
-117.336924,33.962504,124.54,0.236,3
-117.33662,33.962504,125.06,0.166,3
-117.336315,33.962504,125.36,0.175,3
-117.336011,33.962504,125.7,0.243,3
-117.335707,33.962504,125.72,0.279,3
-117.335403,33.962504,125.29,0.247,3
-117.335098,33.962504,125.11,0.23,3
-117.334794,33.962504,124.86,0.232,3
-117.33449,33.962504,124.79,0.23,3
-117.334186,33.962504,124.84,0.23,3
-117.333881,33.962504,124.79,0.248,3
-117.333577,33.962504,124.51,0.23,3
-117.333273,33.962504,123.96,0.154,3
-117.332968,33.962504,123.3,0.142,3
-117.332664,33.962504,122.59,0.195,3
-117.33236,33.962504,121.84,0.22,3
-117.332056,33.962504,121.17,0.199,3
-117.331751,33.962504,120.75,0.246,3
-117.331447,33.962504,120.54,0.201,3
-117.331143,33.962504,120.58,0.198,3
-117.330839,33.962504,120.2,0.403,3
-117.330534,33.962504,120.2,0.387,3
-117.33023,33.962504,120.24,0.33,3
-117.329926,33.962504,120.27,0.274,3
-117.329622,33.962504,120.26,0.299,3
-117.329317,33.962504,120.19,0.388,3
-117.329013,33.962504,120.07,0.378,3
-117.328709,33.962504,120.01,0.329,3
-117.328404,33.962504,120.1,0.366,3
-117.3281,33.962504,120.18,0.308,3
-117.327796,33.962504,120.03,0.249,3
-117.327492,33.962504,119.94,0.247,3
-117.327187,33.962504,119.79,0.323,3
-117.326883,33.962504,119.57,0.28,3
-117.326579,33.962504,119.3,0.311,3
-117.326275,33.962504,118.99,0.321,3
-117.32597,33.962504,118.73,0.255,3
-117.325666,33.962504,118.54,0.274,3
-117.325362,33.962504,118.48,0.245,3
-117.325058,33.962504,118.91,0.224,3
-117.324753,33.962504,119.45,0.272,3
-117.324449,33.962504,120.1,0.305,3
-117.324145,33.962504,120.97,0.293,3
-117.32384,33.962504,122.03,0.254,3
-117.323536,33.962504,123.12,0.184,3
-117.323232,33.962504,123.86,0.148,3
-117.322928,33.962504,124.59,0.115,3
-117.322623,33.962504,124.62,0.089,3
-117.322319,33.962504,124.54,0.075,3
-117.322015,33.962504,124.57,0.084,3
-117.321711,33.962504,124.69,0.105,3
-117.321406,33.962504,124.92,0.102,3
-117.321102,33.962504,125.05,0.119,3
-117.320798,33.962504,124.77,0.128,3
-117.320494,33.962504,124.47,0.164,3
-117.320189,33.962504,124.51,0.184,3
-117.319885,33.962504,124.87,0.181,3
-117.319581,33.962504,125.5,0.179,3
-117.319276,33.962504,126.27,0.18,3
-117.318972,33.962504,126.87,0.183,3
-117.318668,33.962504,127.3,0.187,3
-117.318364,33.962504,127.77,0.189,3
-117.318059,33.962504,128.19,0.191,3
-117.317755,33.962504,128.6,0.195,3
-117.317451,33.962504,128.55,0.191,3
-117.317147,33.962504,128.24,0.192,3
-117.316842,33.962504,127.85,0.184,3
-117.316538,33.962504,127.6,0.183,3
-117.316234,33.962504,127.51,0.188,3
-117.31593,33.962504,127.73,0.232,3
-117.315625,33.962504,128.06,0.236,3
-117.315321,33.962504,128.39,0.197,3
-117.315017,33.962504,128.68,0.183,3
-117.314712,33.962504,128.93,0.196,3
-117.314408,33.962504,129.19,0.196,3
-117.314104,33.962504,129.6,0.187,3
-117.3138,33.962504,130.17,0.182,3
-117.313495,33.962504,130.58,0.181,3
-117.313191,33.962504,130.99,0.186,3
-117.312887,33.962504,131.06,0.193,3
-117.312583,33.962504,131.19,0.199,3
-117.312278,33.962504,130.99,0.193,3
-117.311974,33.962504,130.16,0.165,3
-117.31167,33.962504,128.5,0.151,3
-117.311366,33.962504,125.35,0.14,4
-117.311061,33.962504,124.29,0.169,4
-117.310757,33.962504,123.99,0.2,4
-117.310453,33.962504,123.71,0.21,4
-117.310148,33.962504,123.24,0.203,4
-117.309844,33.962504,122.82,0.195,4
-117.30954,33.962504,122.66,0.193,4
-117.309236,33.962504,122.61,0.195,4
-117.308931,33.962504,122.75,0.205,4
-117.308627,33.962504,123.13,0.198,4
-117.308323,33.962504,123.63,0.178,4
-117.308019,33.962504,124.04,0.183,4
-117.307714,33.962504,124.48,0.178,4
-117.30741,33.962504,124.7,0.173,4
-117.353963,33.9622,109.12,0.747,3
-117.353659,33.9622,109.05,0.742,3
-117.353354,33.9622,108.77,0.742,3
-117.35305,33.9622,108.48,0.748,3
-117.352746,33.9622,108.43,0.731,3
-117.352442,33.9622,108.61,0.703,3
-117.352137,33.9622,109,0.74,3
-117.351833,33.9622,109.57,0.751,3
-117.351529,33.9622,110.22,0.71,3
-117.351224,33.9622,111.08,0.674,3
-117.35092,33.9622,111.94,0.575,3
-117.350616,33.9622,112.86,0.487,3
-117.350312,33.9622,113.71,0.383,3
-117.350007,33.9622,115.33,0.319,3
-117.349703,33.9622,116.84,0.348,3
-117.349399,33.9622,118.24,0.395,3
-117.349095,33.9622,119.65,0.433,3
-117.34879,33.9622,121.29,0.391,3
-117.348486,33.9622,123.04,0.238,3
-117.348182,33.9622,124.46,0.145,3
-117.347878,33.9622,125.29,0.19,3
-117.347573,33.9622,125.54,0.203,3
-117.347269,33.9622,125.34,0.205,3
-117.346965,33.9622,124.3,0.225,3
-117.34666,33.9622,120.71,0.301,4
-117.346356,33.9622,119.59,0.302,4
-117.346052,33.9622,118.65,0.265,4
-117.345748,33.9622,118.22,0.22,4
-117.345443,33.9622,117.8,0.29,4
-117.345139,33.9622,117.59,0.346,4
-117.344835,33.9622,117.18,0.338,4
-117.344531,33.9622,117.24,0.278,4
-117.344226,33.9622,117.7,0.312,4
-117.343922,33.9622,118.19,0.454,4
-117.343618,33.9622,118.75,0.547,4
-117.343314,33.9622,119.44,0.461,4
-117.343009,33.9622,120.12,0.29,4
-117.342705,33.9622,120.6,0.23,4
-117.342401,33.9622,120.36,0.235,4
-117.342096,33.9622,119.65,0.26,4
-117.341792,33.9622,118.86,0.385,4
-117.341488,33.9622,118.47,0.425,4
-117.341184,33.9622,118.46,0.37,4
-117.340879,33.9622,118.63,0.349,4
-117.340575,33.9622,118.66,0.279,4
-117.340271,33.9622,118.38,0.274,4
-117.339967,33.9622,118.03,0.272,4
-117.339662,33.9622,117.53,0.302,4
-117.339358,33.9622,117.24,0.353,4
-117.339054,33.9622,117.35,0.319,4
-117.33875,33.9622,117.95,0.224,4
-117.338445,33.9622,119.55,0.196,4
-117.338141,33.9622,121.31,0.237,3
-117.337837,33.9622,121.62,0.246,3
-117.337532,33.9622,122.23,0.234,3
-117.337228,33.9622,122.81,0.242,3
-117.336924,33.9622,123.07,0.25,3
-117.33662,33.9622,123.02,0.174,3
-117.336315,33.9622,122.83,0.21,3
-117.336011,33.9622,123.12,0.227,3
-117.335707,33.9622,123.22,0.318,3
-117.335403,33.9622,122.98,0.331,3
-117.335098,33.9622,122.93,0.353,3
-117.334794,33.9622,122.98,0.343,3
-117.33449,33.9622,123.21,0.308,3
-117.334186,33.9622,123.6,0.265,3
-117.333881,33.9622,124.2,0.233,3
-117.333577,33.9622,124.65,0.209,3
-117.333273,33.9622,124.51,0.165,3
-117.332968,33.9622,124.2,0.129,3
-117.332664,33.9622,123.77,0.135,3
-117.33236,33.9622,123.21,0.174,3
-117.332056,33.9622,122.6,0.191,3
-117.331751,33.9622,122,0.246,3
-117.331447,33.9622,121.54,0.203,3
-117.331143,33.9622,121.47,0.165,3
-117.330839,33.9622,121.17,0.355,3
-117.330534,33.9622,121.26,0.321,3
-117.33023,33.9622,121.27,0.319,3
-117.329926,33.9622,121.25,0.315,3
-117.329622,33.9622,121.19,0.315,3
-117.329317,33.9622,121.09,0.356,3
-117.329013,33.9622,120.96,0.364,3
-117.328709,33.9622,120.86,0.318,3
-117.328404,33.9622,120.86,0.278,3
-117.3281,33.9622,120.83,0.235,3
-117.327796,33.9622,120.59,0.248,3
-117.327492,33.9622,120.44,0.265,3
-117.327187,33.9622,120.17,0.282,3
-117.326883,33.9622,119.85,0.277,3
-117.326579,33.9622,119.42,0.256,3
-117.326275,33.9622,118.93,0.248,3
-117.32597,33.9622,118.53,0.243,3
-117.325666,33.9622,118.22,0.283,3
-117.325362,33.9622,117.99,0.282,3
-117.325058,33.9622,118.29,0.25,3
-117.324753,33.9622,118.78,0.265,3
-117.324449,33.9622,119.43,0.296,3
-117.324145,33.9622,120.29,0.303,3
-117.32384,33.9622,121.29,0.295,3
-117.323536,33.9622,122.44,0.257,3
-117.323232,33.9622,123.47,0.197,3
-117.322928,33.9622,124.58,0.184,3
-117.322623,33.9622,124.85,0.169,3
-117.322319,33.9622,124.65,0.114,3
-117.322015,33.9622,124.38,0.066,3
-117.321711,33.9622,124.21,0.074,3
-117.321406,33.9622,124.14,0.082,3
-117.321102,33.9622,124.1,0.09,3
-117.320798,33.9622,123.76,0.093,3
-117.320494,33.9622,123.51,0.106,3
-117.320189,33.9622,123.71,0.106,3
-117.319885,33.9622,124.24,0.125,3
-117.319581,33.9622,125.05,0.169,3
-117.319276,33.9622,126.02,0.195,3
-117.318972,33.9622,126.78,0.19,3
-117.318668,33.9622,127.35,0.179,3
-117.318364,33.9622,127.96,0.178,3
-117.318059,33.9622,128.5,0.182,3
-117.317755,33.9622,129.05,0.187,3
-117.317451,33.9622,129.17,0.188,3
-117.317147,33.9622,129.01,0.177,3
-117.316842,33.9622,128.63,0.177,3
-117.316538,33.9622,128.17,0.196,3
-117.316234,33.9622,127.69,0.235,3
-117.31593,33.9622,127.48,0.244,3
-117.315625,33.9622,127.46,0.27,3
-117.315321,33.9622,127.6,0.252,3
-117.315017,33.9622,127.89,0.226,3
-117.314712,33.9622,128.21,0.22,3
-117.314408,33.9622,128.45,0.203,3
-117.314104,33.9622,128.72,0.181,3
-117.3138,33.9622,129.08,0.175,3
-117.313495,33.9622,129.39,0.18,3
-117.313191,33.9622,129.87,0.18,3
-117.312887,33.9622,130.28,0.187,3
-117.312583,33.9622,130.8,0.187,3
-117.312278,33.9622,131.01,0.193,3
-117.311974,33.9622,130.41,0.187,3
-117.31167,33.9622,129.26,0.155,3
-117.311366,33.9622,128.22,0.139,3
-117.311061,33.9622,125.77,0.155,4
-117.310757,33.9622,124.76,0.189,4
-117.310453,33.9622,124.6,0.208,4
-117.310148,33.9622,124.2,0.208,4
-117.309844,33.9622,123.82,0.202,4
-117.30954,33.9622,123.68,0.194,4
-117.309236,33.9622,123.6,0.184,4
-117.308931,33.9622,123.67,0.179,4
-117.308627,33.9622,123.91,0.182,4
-117.308323,33.9622,124.24,0.177,4
-117.308019,33.9622,124.44,0.181,4
-117.353963,33.961895,106.8,0.736,3
-117.353659,33.961895,106.8,0.729,3
-117.353354,33.961895,106.74,0.713,3
-117.35305,33.961895,106.68,0.711,3
-117.352746,33.961895,106.8,0.722,3
-117.352442,33.961895,107.18,0.723,3
-117.352137,33.961895,107.67,0.738,3
-117.351833,33.961895,108.1,0.753,3
-117.351529,33.961895,108.55,0.763,3
-117.351224,33.961895,109.12,0.766,3
-117.35092,33.961895,109.77,0.744,3
-117.350616,33.961895,110.59,0.697,3
-117.350312,33.961895,111.8,0.563,3
-117.350007,33.961895,114.07,0.446,3
-117.349703,33.961895,115.93,0.392,3
-117.349399,33.961895,117.6,0.396,3
-117.349095,33.961895,119.32,0.434,3
-117.34879,33.961895,121.21,0.387,3
-117.348486,33.961895,123.15,0.243,3
-117.348182,33.961895,124.78,0.17,3
-117.347878,33.961895,125.86,0.214,3
-117.347573,33.961895,126.38,0.23,3
-117.347269,33.961895,126.39,0.227,3
-117.346965,33.961895,125.44,0.221,3
-117.34666,33.961895,121.94,0.264,4
-117.346356,33.961895,120.81,0.217,4
-117.346052,33.961895,119.93,0.233,4
-117.345748,33.961895,119.48,0.192,4
-117.345443,33.961895,118.97,0.266,4
-117.345139,33.961895,118.54,0.328,4
-117.344835,33.961895,117.79,0.347,4
-117.344531,33.961895,117.37,0.286,4
-117.344226,33.961895,117.29,0.335,4
-117.343922,33.961895,117.32,0.526,4
-117.343618,33.961895,117.69,0.661,4
-117.343314,33.961895,118.46,0.567,4
-117.343009,33.961895,119.43,0.363,4
-117.342705,33.961895,120.28,0.294,4
-117.342401,33.961895,120.32,0.289,4
-117.342096,33.961895,119.83,0.291,4
-117.341792,33.961895,119.25,0.41,4
-117.341488,33.961895,119.02,0.432,4
-117.341184,33.961895,119.23,0.42,4
-117.340879,33.961895,119.55,0.398,4
-117.340575,33.961895,119.75,0.286,4
-117.340271,33.961895,119.64,0.252,4
-117.339967,33.961895,119.52,0.243,4
-117.339662,33.961895,119.25,0.312,4
-117.339358,33.961895,119.01,0.402,4
-117.339054,33.961895,118.95,0.365,4
-117.33875,33.961895,119.13,0.229,4
-117.338445,33.961895,120.12,0.171,4
-117.338141,33.961895,121.35,0.217,3
-117.337837,33.961895,121.39,0.228,3
-117.337532,33.961895,121.7,0.213,3
-117.337228,33.961895,121.9,0.197,3
-117.336924,33.961895,121.82,0.221,3
-117.33662,33.961895,121.39,0.165,3
-117.336315,33.961895,120.76,0.187,3
-117.336011,33.961895,120.71,0.207,3
-117.335707,33.961895,120.54,0.334,3
-117.335403,33.961895,120.43,0.394,3
-117.335098,33.961895,120.57,0.418,3
-117.334794,33.961895,120.76,0.408,3
-117.33449,33.961895,121.27,0.39,3
-117.334186,33.961895,122.11,0.34,3
-117.333881,33.961895,123.09,0.257,3
-117.333577,33.961895,123.82,0.207,3
-117.333273,33.961895,124.08,0.197,3
-117.332968,33.961895,124.18,0.162,3
-117.332664,33.961895,124.11,0.121,3
-117.33236,33.961895,123.83,0.125,3
-117.332056,33.961895,123.28,0.153,3
-117.331751,33.961895,122.67,0.184,3
-117.331447,33.961895,122.28,0.19,3
-117.331143,33.961895,122.32,0.185,3
-117.330839,33.961895,122.22,0.306,3
-117.330534,33.961895,122.47,0.328,3
-117.33023,33.961895,122.48,0.327,3
-117.329926,33.961895,122.41,0.32,3
-117.329622,33.961895,122.28,0.335,3
-117.329317,33.961895,122.1,0.365,3
-117.329013,33.961895,121.9,0.356,3
-117.328709,33.961895,121.7,0.306,3
-117.328404,33.961895,121.6,0.252,3
-117.3281,33.961895,121.42,0.217,3
-117.327796,33.961895,121.08,0.273,3
-117.327492,33.961895,120.84,0.323,3
-117.327187,33.961895,120.5,0.298,3
-117.326883,33.961895,120.1,0.303,3
-117.326579,33.961895,119.51,0.309,3
-117.326275,33.961895,118.87,0.275,3
-117.32597,33.961895,118.37,0.273,3
-117.325666,33.961895,118.02,0.323,3
-117.325362,33.961895,117.79,0.284,3
-117.325058,33.961895,118.03,0.266,3
-117.324753,33.961895,118.45,0.283,3
-117.324449,33.961895,119.02,0.26,3
-117.324145,33.961895,119.61,0.232,3
-117.32384,33.961895,120.36,0.275,3
-117.323536,33.961895,121.62,0.315,3
-117.323232,33.961895,122.83,0.236,3
-117.322928,33.961895,124.21,0.194,3
-117.322623,33.961895,124.79,0.17,3
-117.322319,33.961895,124.69,0.136,3
-117.322015,33.961895,124.17,0.099,3
-117.321711,33.961895,123.64,0.076,3
-117.321406,33.961895,123.27,0.062,3
-117.321102,33.961895,123.01,0.063,3
-117.320798,33.961895,122.57,0.066,3
-117.320494,33.961895,122.38,0.075,3
-117.320189,33.961895,122.65,0.07,3
-117.319885,33.961895,123.2,0.08,3
-117.319581,33.961895,124.06,0.124,3
-117.319276,33.961895,125.09,0.172,3
-117.318972,33.961895,125.97,0.194,3
-117.318668,33.961895,126.74,0.197,3
-117.318364,33.961895,127.53,0.201,3
-117.318059,33.961895,128.24,0.202,3
-117.317755,33.961895,128.95,0.203,3
-117.317451,33.961895,129.26,0.186,3
-117.317147,33.961895,129.28,0.183,3
-117.316842,33.961895,128.93,0.186,3
-117.316538,33.961895,128.3,0.203,3
-117.316234,33.961895,127.61,0.266,3
-117.31593,33.961895,127.17,0.271,3
-117.315625,33.961895,126.97,0.272,3
-117.315321,33.961895,126.93,0.259,3
-117.315017,33.961895,127.02,0.247,3
-117.314712,33.961895,127.17,0.235,3
-117.314408,33.961895,127.29,0.211,3
-117.314104,33.961895,127.46,0.189,3
-117.3138,33.961895,127.74,0.189,3
-117.313495,33.961895,128.03,0.201,3
-117.313191,33.961895,128.67,0.203,3
-117.312887,33.961895,129.45,0.208,3
-117.312583,33.961895,130.22,0.194,3
-117.312278,33.961895,130.33,0.197,3
-117.311974,33.961895,129.94,0.208,3
-117.31167,33.961895,129.24,0.183,3
-117.311366,33.961895,128.66,0.166,3
-117.311061,33.961895,126.24,0.152,4
-117.310757,33.961895,125.16,0.165,4
-117.310453,33.961895,125.01,0.187,4
-117.310148,33.961895,124.67,0.199,4
-117.309844,33.961895,124.35,0.204,4
-117.30954,33.961895,124.25,0.203,4
-117.309236,33.961895,124.16,0.192,4
-117.308931,33.961895,124.1,0.175,4
-117.308627,33.961895,124.17,0.174,4
-117.353963,33.961591,105.56,0.726,3
-117.353659,33.961591,105.54,0.738,3
-117.353354,33.961591,105.58,0.739,3
-117.35305,33.961591,105.74,0.724,3
-117.352746,33.961591,106.02,0.716,3
-117.352442,33.961591,106.52,0.719,3
-117.352137,33.961591,107.21,0.73,3
-117.351833,33.961591,107.78,0.736,3
-117.351529,33.961591,108.19,0.755,3
-117.351224,33.961591,108.56,0.765,3
-117.35092,33.961591,109.07,0.764,3
-117.350616,33.961591,109.66,0.749,3
-117.350312,33.961591,110.67,0.692,3
-117.350007,33.961591,113.19,0.692,3
-117.349703,33.961591,115.16,0.52,3
-117.349399,33.961591,116.93,0.449,3
-117.349095,33.961591,118.79,0.457,3
-117.34879,33.961591,120.8,0.337,3
-117.348486,33.961591,122.83,0.168,3
-117.348182,33.961591,124.58,0.145,3
-117.347878,33.961591,125.87,0.213,3
-117.347573,33.961591,126.61,0.225,3
-117.347269,33.961591,126.74,0.219,3
-117.346965,33.961591,125.9,0.203,3
-117.34666,33.961591,122.7,0.18,4
-117.346356,33.961591,121.69,0.183,4
-117.346052,33.961591,120.95,0.223,4
-117.345748,33.961591,120.51,0.256,4
-117.345443,33.961591,119.97,0.337,4
-117.345139,33.961591,119.44,0.348,4
-117.344835,33.961591,118.5,0.348,4
-117.344531,33.961591,117.77,0.325,4
-117.344226,33.961591,117.29,0.353,4
-117.343922,33.961591,116.98,0.543,4
-117.343618,33.961591,117.18,0.685,4
-117.343314,33.961591,117.93,0.578,4
-117.343009,33.961591,118.89,0.399,4
-117.342705,33.961591,119.71,0.332,4
-117.342401,33.961591,119.82,0.332,4
-117.342096,33.961591,119.63,0.326,4
-117.341792,33.961591,119.37,0.378,4
-117.341488,33.961591,119.39,0.427,4
-117.341184,33.961591,119.73,0.437,4
-117.340879,33.961591,120.14,0.41,4
-117.340575,33.961591,120.48,0.306,4
-117.340271,33.961591,120.59,0.226,4
-117.339967,33.961591,120.72,0.2,4
-117.339662,33.961591,120.62,0.243,4
-117.339358,33.961591,120.36,0.318,4
-117.339054,33.961591,120.03,0.31,4
-117.33875,33.961591,119.78,0.208,4
-117.338445,33.961591,119.74,0.178,4
-117.338141,33.961591,120.13,0.294,4
-117.337837,33.961591,121.04,0.388,3
-117.337532,33.961591,121.28,0.351,3
-117.337228,33.961591,121.44,0.21,3
-117.336924,33.961591,121.36,0.273,3
-117.33662,33.961591,120.77,0.313,3
-117.336315,33.961591,120.05,0.441,3
-117.336011,33.961591,119.77,0.444,3
-117.335707,33.961591,119.35,0.367,3
-117.335403,33.961591,119,0.305,3
-117.335098,33.961591,119.05,0.339,3
-117.334794,33.961591,119.34,0.366,3
-117.33449,33.961591,119.92,0.373,3
-117.334186,33.961591,120.78,0.393,3
-117.333881,33.961591,121.68,0.357,3
-117.333577,33.961591,122.41,0.285,3
-117.333273,33.961591,122.9,0.274,3
-117.332968,33.961591,123.24,0.235,3
-117.332664,33.961591,123.44,0.164,3
-117.33236,33.961591,123.32,0.128,3
-117.332056,33.961591,122.84,0.126,3
-117.331751,33.961591,122.38,0.135,3
-117.331447,33.961591,122.29,0.156,3
-117.331143,33.961591,122.76,0.182,3
-117.330839,33.961591,122.97,0.224,3
-117.330534,33.961591,123.27,0.24,3
-117.33023,33.961591,123.32,0.235,3
-117.329926,33.961591,123.29,0.259,3
-117.329622,33.961591,123.16,0.312,3
-117.329317,33.961591,122.95,0.332,3
-117.329013,33.961591,122.69,0.318,3
-117.328709,33.961591,122.41,0.313,3
-117.328404,33.961591,122.22,0.317,3
-117.3281,33.961591,121.93,0.329,3
-117.327796,33.961591,121.42,0.343,3
-117.327492,33.961591,121.01,0.343,3
-117.327187,33.961591,120.56,0.249,3
-117.326883,33.961591,120.05,0.281,3
-117.326579,33.961591,119.3,0.325,3
-117.326275,33.961591,118.56,0.229,3
-117.32597,33.961591,118.06,0.23,3
-117.325666,33.961591,117.77,0.276,3
-117.325362,33.961591,117.63,0.239,3
-117.325058,33.961591,117.91,0.229,3
-117.324753,33.961591,118.22,0.248,3
-117.324449,33.961591,118.56,0.244,3
-117.324145,33.961591,118.97,0.286,3
-117.32384,33.961591,119.52,0.347,3
-117.323536,33.961591,120.62,0.305,3
-117.323232,33.961591,121.95,0.286,3
-117.322928,33.961591,123.38,0.325,3
-117.322623,33.961591,124.21,0.263,3
-117.322319,33.961591,124.2,0.186,3
-117.322015,33.961591,123.67,0.114,3
-117.321711,33.961591,122.96,0.104,3
-117.321406,33.961591,122.43,0.08,3
-117.321102,33.961591,121.9,0.083,3
-117.320798,33.961591,121.33,0.079,3
-117.320494,33.961591,121.21,0.072,3
-117.320189,33.961591,121.59,0.069,3
-117.319885,33.961591,122.05,0.073,3
-117.319581,33.961591,122.74,0.089,3
-117.319276,33.961591,123.66,0.123,3
-117.318972,33.961591,124.49,0.161,3
-117.318668,33.961591,125.28,0.183,3
-117.318364,33.961591,126.14,0.195,3
-117.318059,33.961591,127.03,0.192,3
-117.317755,33.961591,127.87,0.192,3
-117.317451,33.961591,128.32,0.185,3
-117.317147,33.961591,128.51,0.191,3
-117.316842,33.961591,128.19,0.207,3
-117.316538,33.961591,127.64,0.212,3
-117.316234,33.961591,127.1,0.219,3
-117.31593,33.961591,126.69,0.238,3
-117.315625,33.961591,126.37,0.243,3
-117.315321,33.961591,126.13,0.23,3
-117.315017,33.961591,125.96,0.223,3
-117.314712,33.961591,125.87,0.232,3
-117.314408,33.961591,125.82,0.227,3
-117.314104,33.961591,125.88,0.206,3
-117.3138,33.961591,126.17,0.212,3
-117.313495,33.961591,126.5,0.222,3
-117.313191,33.961591,127.25,0.214,3
-117.312887,33.961591,128.14,0.205,3
-117.312583,33.961591,128.98,0.193,3
-117.312278,33.961591,129.16,0.206,3
-117.311974,33.961591,129.09,0.235,3
-117.31167,33.961591,128.88,0.233,3
-117.311366,33.961591,128.64,0.183,3
-117.311061,33.961591,126.32,0.15,4
-117.310757,33.961591,125.24,0.153,4
-117.310453,33.961591,125.1,0.181,4
-117.310148,33.961591,124.79,0.202,4
-117.309844,33.961591,124.54,0.206,4
-117.30954,33.961591,124.46,0.202,4
-117.309236,33.961591,124.39,0.2,4
-117.353963,33.961287,105.87,0.688,3
-117.353659,33.961287,106.02,0.697,3
-117.353354,33.961287,106.24,0.712,3
-117.35305,33.961287,106.43,0.717,3
-117.352746,33.961287,106.7,0.73,3
-117.352442,33.961287,107.15,0.752,3
-117.352137,33.961287,107.88,0.727,3
-117.351833,33.961287,108.51,0.701,3
-117.351529,33.961287,108.79,0.689,3
-117.351224,33.961287,108.84,0.716,3
-117.35092,33.961287,108.97,0.761,3
-117.350616,33.961287,109.43,0.728,3
-117.350312,33.961287,110.17,0.69,3
-117.350007,33.961287,112.36,0.668,3
-117.349703,33.961287,114.13,0.404,3
-117.349399,33.961287,115.81,0.325,3
-117.349095,33.961287,117.64,0.354,3
-117.34879,33.961287,119.66,0.295,3
-117.348486,33.961287,121.71,0.166,3
-117.348182,33.961287,123.57,0.121,3
-117.347878,33.961287,125.11,0.185,3
-117.347573,33.961287,126.05,0.191,3
-117.347269,33.961287,126.38,0.167,3
-117.346965,33.961287,125.71,0.162,3
-117.34666,33.961287,122.69,0.163,4
-117.346356,33.961287,122.01,0.177,4
-117.346052,33.961287,121.48,0.196,4
-117.345748,33.961287,121.16,0.227,4
-117.345443,33.961287,120.7,0.261,4
-117.345139,33.961287,120.19,0.265,4
-117.344835,33.961287,119.25,0.269,4
-117.344531,33.961287,118.46,0.263,4
-117.344226,33.961287,117.87,0.287,4
-117.343922,33.961287,117.45,0.393,4
-117.343618,33.961287,117.53,0.463,4
-117.343314,33.961287,118.14,0.414,4
-117.343009,33.961287,118.88,0.344,4
-117.342705,33.961287,119.48,0.304,4
-117.342401,33.961287,119.55,0.304,4
-117.342096,33.961287,119.5,0.307,4
-117.341792,33.961287,119.49,0.31,4
-117.341488,33.961287,119.67,0.361,4
-117.341184,33.961287,120.03,0.378,4
-117.340879,33.961287,120.42,0.367,4
-117.340575,33.961287,120.84,0.266,4
-117.340271,33.961287,121.18,0.198,4
-117.339967,33.961287,121.54,0.172,4
-117.339662,33.961287,121.49,0.189,4
-117.339358,33.961287,121.16,0.246,4
-117.339054,33.961287,120.59,0.248,4
-117.33875,33.961287,120.01,0.186,4
-117.338445,33.961287,119.65,0.191,4
-117.338141,33.961287,119.9,0.307,4
-117.337837,33.961287,120.91,0.383,3
-117.337532,33.961287,121.2,0.306,3
-117.337228,33.961287,121.38,0.213,3
-117.336924,33.961287,121.23,0.319,3
-117.33662,33.961287,120.63,0.43,3
-117.336315,33.961287,120.39,0.534,3
-117.336011,33.961287,120.31,0.485,3
-117.335707,33.961287,119.93,0.34,3
-117.335403,33.961287,119.53,0.31,3
-117.335098,33.961287,119.47,0.344,3
-117.334794,33.961287,119.61,0.365,3
-117.33449,33.961287,119.97,0.368,3
-117.334186,33.961287,120.54,0.354,3
-117.333881,33.961287,121.14,0.306,3
-117.333577,33.961287,121.67,0.297,3
-117.333273,33.961287,122.08,0.329,3
-117.332968,33.961287,122.42,0.249,3
-117.332664,33.961287,122.63,0.212,3
-117.33236,33.961287,122.44,0.229,3
-117.332056,33.961287,121.95,0.221,3
-117.331751,33.961287,121.61,0.171,3
-117.331447,33.961287,121.84,0.251,3
-117.331143,33.961287,122.63,0.172,3
-117.330839,33.961287,123.02,0.187,3
-117.330534,33.961287,123.42,0.251,3
-117.33023,33.961287,123.58,0.239,3
-117.329926,33.961287,123.64,0.235,3
-117.329622,33.961287,123.6,0.268,3
-117.329317,33.961287,123.45,0.273,3
-117.329013,33.961287,123.2,0.246,3
-117.328709,33.961287,122.9,0.267,3
-117.328404,33.961287,122.66,0.33,3
-117.3281,33.961287,122.28,0.332,3
-117.327796,33.961287,121.62,0.328,3
-117.327492,33.961287,121.06,0.25,3
-117.327187,33.961287,120.46,0.206,3
-117.326883,33.961287,119.75,0.314,3
-117.326579,33.961287,118.81,0.346,3
-117.326275,33.961287,117.98,0.264,3
-117.32597,33.961287,117.58,0.245,3
-117.325666,33.961287,117.4,0.256,3
-117.325362,33.961287,117.36,0.224,3
-117.325058,33.961287,117.69,0.24,3
-117.324753,33.961287,117.99,0.31,3
-117.324449,33.961287,118.21,0.324,3
-117.324145,33.961287,118.44,0.327,3
-117.32384,33.961287,118.8,0.361,3
-117.323536,33.961287,119.76,0.3,3
-117.323232,33.961287,121.28,0.196,3
-117.322928,33.961287,122.93,0.193,3
-117.322623,33.961287,123.48,0.318,3
-117.322319,33.961287,123.23,0.283,3
-117.322015,33.961287,122.86,0.175,3
-117.321711,33.961287,122.28,0.171,3
-117.321406,33.961287,121.74,0.127,3
-117.321102,33.961287,121.08,0.134,3
-117.320798,33.961287,120.44,0.136,3
-117.320494,33.961287,120.4,0.121,3
-117.320189,33.961287,120.84,0.107,3
-117.319885,33.961287,121.31,0.096,3
-117.319581,33.961287,121.82,0.087,3
-117.319276,33.961287,122.47,0.083,3
-117.318972,33.961287,123.11,0.087,3
-117.318668,33.961287,123.73,0.095,3
-117.318364,33.961287,124.47,0.11,3
-117.318059,33.961287,125.2,0.124,3
-117.317755,33.961287,125.89,0.15,3
-117.317451,33.961287,126.31,0.172,3
-117.317147,33.961287,126.53,0.186,3
-117.316842,33.961287,126.62,0.223,3
-117.316538,33.961287,126.37,0.226,3
-117.316234,33.961287,126.02,0.209,3
-117.31593,33.961287,125.79,0.201,3
-117.315625,33.961287,125.53,0.201,3
-117.315321,33.961287,125.24,0.202,3
-117.315017,33.961287,124.97,0.208,3
-117.314712,33.961287,124.74,0.218,3
-117.314408,33.961287,124.53,0.213,3
-117.314104,33.961287,124.47,0.197,3
-117.3138,33.961287,124.65,0.202,3
-117.313495,33.961287,124.84,0.215,3
-117.313191,33.961287,125.4,0.214,3
-117.312887,33.961287,126.08,0.191,3
-117.312583,33.961287,126.87,0.185,3
-117.312278,33.961287,127.44,0.212,3
-117.311974,33.961287,127.78,0.232,3
-117.31167,33.961287,128.01,0.231,3
-117.311366,33.961287,128.09,0.21,3
-117.311061,33.961287,126.03,0.159,4
-117.310757,33.961287,125.15,0.148,4
-117.310453,33.961287,125.09,0.175,4
-117.310148,33.961287,124.8,0.196,4
-117.309844,33.961287,124.57,0.203,4
-117.353963,33.960982,107.23,0.594,3
-117.353659,33.960982,107.87,0.508,3
-117.353354,33.960982,108.48,0.522,3
-117.35305,33.960982,108.82,0.625,3
-117.352746,33.960982,109.23,0.629,3
-117.352442,33.960982,109.65,0.612,3
-117.352137,33.960982,110.21,0.59,3
-117.351833,33.960982,110.7,0.524,3
-117.351529,33.960982,110.88,0.385,3
-117.351224,33.960982,110.33,0.442,3
-117.35092,33.960982,109.94,0.648,3
-117.350616,33.960982,110.09,0.648,3
-117.350312,33.960982,110.49,0.61,3
-117.350007,33.960982,112.02,0.614,3
-117.349703,33.960982,113.3,0.498,3
-117.349399,33.960982,114.63,0.388,3
-117.349095,33.960982,116.13,0.331,3
-117.34879,33.960982,117.82,0.297,3
-117.348486,33.960982,119.67,0.209,3
-117.348182,33.960982,121.52,0.157,3
-117.347878,33.960982,123.18,0.248,3
-117.347573,33.960982,124.42,0.28,3
-117.347269,33.960982,125.06,0.221,3
-117.346965,33.960982,124.77,0.217,3
-117.34666,33.960982,122.64,0.226,4
-117.346356,33.960982,122.33,0.232,4
-117.346052,33.960982,121.29,0.225,4
-117.345748,33.960982,121.18,0.251,4
-117.345443,33.960982,120.89,0.231,4
-117.345139,33.960982,120.58,0.214,4
-117.344835,33.960982,119.9,0.242,4
-117.344531,33.960982,119.31,0.285,4
-117.344226,33.960982,118.87,0.293,4
-117.343922,33.960982,118.46,0.272,4
-117.343618,33.960982,118.4,0.258,4
-117.343314,33.960982,118.74,0.276,4
-117.343009,33.960982,119.12,0.302,4
-117.342705,33.960982,119.4,0.275,4
-117.342401,33.960982,119.38,0.246,4
-117.342096,33.960982,119.34,0.291,4
-117.341792,33.960982,119.41,0.257,4
-117.341488,33.960982,119.64,0.301,4
-117.341184,33.960982,119.99,0.294,4
-117.340879,33.960982,120.36,0.295,4
-117.340575,33.960982,120.81,0.234,4
-117.340271,33.960982,121.26,0.256,4
-117.339967,33.960982,121.64,0.227,4
-117.339662,33.960982,121.61,0.167,4
-117.339358,33.960982,121.2,0.209,4
-117.339054,33.960982,120.55,0.232,4
-117.33875,33.960982,119.9,0.19,4
-117.338445,33.960982,119.48,0.207,4
-117.338141,33.960982,119.71,0.289,4
-117.337837,33.960982,120.77,0.355,3
-117.337532,33.960982,120.9,0.339,3
-117.337228,33.960982,121.04,0.226,3
-117.336924,33.960982,121,0.269,3
-117.33662,33.960982,120.85,0.23,3
-117.336315,33.960982,120.64,0.315,3
-117.336011,33.960982,120.93,0.297,3
-117.335707,33.960982,120.82,0.273,3
-117.335403,33.960982,120.63,0.338,3
-117.335098,33.960982,120.46,0.356,3
-117.334794,33.960982,120.43,0.309,3
-117.33449,33.960982,120.59,0.284,3
-117.334186,33.960982,120.87,0.241,3
-117.333881,33.960982,121.28,0.187,3
-117.333577,33.960982,121.7,0.181,3
-117.333273,33.960982,121.91,0.17,3
-117.332968,33.960982,122.1,0.156,3
-117.332664,33.960982,122.13,0.249,3
-117.33236,33.960982,121.71,0.417,3
-117.332056,33.960982,121.09,0.452,3
-117.331751,33.960982,120.8,0.345,3
-117.331447,33.960982,121.3,0.426,3
-117.331143,33.960982,122.24,0.224,3
-117.330839,33.960982,122.77,0.175,3
-117.330534,33.960982,123.19,0.219,3
-117.33023,33.960982,123.44,0.291,3
-117.329926,33.960982,123.74,0.311,3
-117.329622,33.960982,123.89,0.265,3
-117.329317,33.960982,123.84,0.236,3
-117.329013,33.960982,123.57,0.223,3
-117.328709,33.960982,123.18,0.219,3
-117.328404,33.960982,122.92,0.255,3
-117.3281,33.960982,122.56,0.267,3
-117.327796,33.960982,122.08,0.318,3
-117.327492,33.960982,121.4,0.262,3
-117.327187,33.960982,120.67,0.248,3
-117.326883,33.960982,119.69,0.345,3
-117.326579,33.960982,118.59,0.343,3
-117.326275,33.960982,117.73,0.298,3
-117.32597,33.960982,117.38,0.244,3
-117.325666,33.960982,117.31,0.229,3
-117.325362,33.960982,117.35,0.25,3
-117.325058,33.960982,117.56,0.249,3
-117.324753,33.960982,117.75,0.282,3
-117.324449,33.960982,117.91,0.298,3
-117.324145,33.960982,118.02,0.262,3
-117.32384,33.960982,118.26,0.26,3
-117.323536,33.960982,119.16,0.28,3
-117.323232,33.960982,120.57,0.233,3
-117.322928,33.960982,121.96,0.205,3
-117.322623,33.960982,122.28,0.265,3
-117.322319,33.960982,122.12,0.234,3
-117.322015,33.960982,121.77,0.184,3
-117.321711,33.960982,121.37,0.194,3
-117.321406,33.960982,120.85,0.175,3
-117.321102,33.960982,120.17,0.273,3
-117.320798,33.960982,119.53,0.36,3
-117.320494,33.960982,119.5,0.396,3
-117.320189,33.960982,119.98,0.364,3
-117.319885,33.960982,120.76,0.244,3
-117.319581,33.960982,121.54,0.138,3
-117.319276,33.960982,122.17,0.106,3
-117.318972,33.960982,122.69,0.085,3
-117.318668,33.960982,123.17,0.07,3
-117.318364,33.960982,123.69,0.072,3
-117.318059,33.960982,124.06,0.074,3
-117.317755,33.960982,124.3,0.086,3
-117.317451,33.960982,124.33,0.106,3
-117.317147,33.960982,124.5,0.12,3
-117.316842,33.960982,124.7,0.139,3
-117.316538,33.960982,124.76,0.143,3
-117.316234,33.960982,124.71,0.134,3
-117.31593,33.960982,124.58,0.13,3
-117.315625,33.960982,124.46,0.125,3
-117.315321,33.960982,124.31,0.124,3
-117.315017,33.960982,124.14,0.129,3
-117.314712,33.960982,123.96,0.128,3
-117.314408,33.960982,123.75,0.121,3
-117.314104,33.960982,123.67,0.116,3
-117.3138,33.960982,123.79,0.122,3
-117.313495,33.960982,123.76,0.136,3
-117.313191,33.960982,124.01,0.149,3
-117.312887,33.960982,124.65,0.128,3
-117.312583,33.960982,125.27,0.139,3
-117.312278,33.960982,126.01,0.173,3
-117.311974,33.960982,126.62,0.19,3
-117.31167,33.960982,127.13,0.19,3
-117.353659,33.960678,109.7,0.385,3
-117.353354,33.960678,109.91,0.469,3
-117.35305,33.960678,110.51,0.568,3
-117.352746,33.960678,111.23,0.537,3
-117.352442,33.960678,111.74,0.505,3
-117.352137,33.960678,112.41,0.512,3
-117.351833,33.960678,113.31,0.381,3
-117.351529,33.960678,113.07,0.281,3
-117.351224,33.960678,111.82,0.356,3
-117.35092,33.960678,111.82,0.557,3
-117.350616,33.960678,111.75,0.613,3
-117.350312,33.960678,111.92,0.597,3
-117.350007,33.960678,112.53,0.535,3
-117.349703,33.960678,113.22,0.511,3
-117.349399,33.960678,114.15,0.544,3
-117.349095,33.960678,115,0.528,3
-117.34879,33.960678,116.1,0.454,3
-117.348486,33.960678,117.61,0.3,3
-117.348182,33.960678,119.18,0.204,3
-117.347878,33.960678,120.67,0.321,3
-117.347573,33.960678,122.07,0.4,3
-117.347269,33.960678,123.02,0.317,3
-117.346965,33.960678,123.34,0.288,3
-117.34666,33.960678,123.44,0.298,3
-117.346356,33.960678,123.42,0.256,3
-117.346052,33.960678,120.65,0.254,4
-117.345748,33.960678,120.86,0.279,4
-117.345443,33.960678,120.81,0.27,4
-117.345139,33.960678,120.85,0.279,4
-117.344835,33.960678,120.76,0.299,4
-117.344531,33.960678,120.55,0.347,4
-117.344226,33.960678,120.21,0.318,4
-117.343922,33.960678,119.75,0.252,4
-117.343618,33.960678,119.46,0.242,4
-117.343314,33.960678,119.44,0.294,4
-117.343009,33.960678,119.38,0.338,4
-117.342705,33.960678,119.17,0.307,4
-117.342401,33.960678,119.07,0.312,4
-117.342096,33.960678,119.01,0.337,4
-117.341792,33.960678,119.06,0.29,4
-117.341488,33.960678,119.27,0.294,4
-117.341184,33.960678,119.58,0.305,4
-117.340879,33.960678,119.96,0.291,4
-117.340575,33.960678,120.45,0.243,4
-117.340271,33.960678,120.94,0.307,4
-117.339967,33.960678,121.18,0.303,4
-117.339662,33.960678,121.08,0.25,4
-117.339358,33.960678,120.68,0.302,4
-117.339054,33.960678,120.11,0.338,4
-117.33875,33.960678,119.58,0.276,4
-117.338445,33.960678,119.18,0.232,4
-117.338141,33.960678,119.41,0.277,4
-117.337837,33.960678,120.43,0.4,3
-117.337532,33.960678,120.34,0.459,3
-117.337228,33.960678,120.36,0.322,3
-117.336924,33.960678,120.33,0.302,3
-117.33662,33.960678,120.23,0.167,3
-117.336315,33.960678,120.04,0.266,3
-117.336011,33.960678,120.72,0.318,3
-117.335707,33.960678,121,0.28,3
-117.335403,33.960678,121.13,0.331,3
-117.335098,33.960678,120.85,0.314,3
-117.334794,33.960678,120.75,0.279,3
-117.33449,33.960678,120.85,0.271,3
-117.334186,33.960678,120.99,0.242,3
-117.333881,33.960678,121.42,0.205,3
-117.333577,33.960678,121.91,0.181,3
-117.333273,33.960678,121.98,0.16,3
-117.332968,33.960678,122.01,0.194,3
-117.332664,33.960678,121.83,0.258,3
-117.33236,33.960678,121.16,0.366,3
-117.332056,33.960678,120.43,0.436,3
-117.331751,33.960678,120.25,0.391,3
-117.331447,33.960678,120.9,0.436,3
-117.331143,33.960678,121.9,0.274,3
-117.330839,33.960678,122.53,0.168,3
-117.330534,33.960678,122.92,0.216,3
-117.33023,33.960678,123.12,0.432,3
-117.329926,33.960678,123.69,0.488,3
-117.329622,33.960678,124.1,0.333,3
-117.329317,33.960678,124.15,0.216,3
-117.329013,33.960678,123.83,0.218,3
-117.328709,33.960678,123.3,0.23,3
-117.328404,33.960678,123.05,0.212,3
-117.3281,33.960678,122.77,0.208,3
-117.327796,33.960678,122.66,0.299,3
-117.327492,33.960678,121.89,0.248,3
-117.327187,33.960678,120.92,0.287,3
-117.326883,33.960678,119.74,0.386,3
-117.326579,33.960678,118.69,0.349,3
-117.326275,33.960678,117.86,0.311,3
-117.32597,33.960678,117.41,0.265,3
-117.325666,33.960678,117.36,0.275,3
-117.325362,33.960678,117.48,0.319,3
-117.325058,33.960678,117.5,0.29,3
-117.324753,33.960678,117.54,0.274,3
-117.324449,33.960678,117.69,0.279,3
-117.324145,33.960678,117.75,0.257,3
-117.32384,33.960678,117.93,0.265,3
-117.323536,33.960678,118.73,0.298,3
-117.323232,33.960678,119.9,0.261,3
-117.322928,33.960678,120.87,0.225,3
-117.322623,33.960678,121.05,0.259,3
-117.322319,33.960678,120.91,0.191,3
-117.322015,33.960678,120.68,0.182,3
-117.321711,33.960678,120.44,0.221,3
-117.321406,33.960678,119.95,0.314,3
-117.321102,33.960678,119.31,0.43,3
-117.320798,33.960678,118.84,0.523,3
-117.320494,33.960678,118.92,0.576,3
-117.320189,33.960678,119.53,0.575,3
-117.319885,33.960678,120.67,0.376,3
-117.319581,33.960678,121.8,0.189,3
-117.319276,33.960678,122.58,0.164,3
-117.318972,33.960678,123.21,0.145,3
-117.318668,33.960678,123.75,0.129,3
-117.318364,33.960678,124.16,0.124,3
-117.318059,33.960678,124.16,0.105,3
-117.317755,33.960678,123.73,0.094,3
-117.317451,33.960678,123.26,0.081,3
-117.317147,33.960678,123.37,0.087,3
-117.316842,33.960678,123.6,0.089,3
-117.316538,33.960678,123.79,0.089,3
-117.316234,33.960678,123.89,0.079,3
-117.31593,33.960678,123.74,0.076,3
-117.315625,33.960678,123.71,0.081,3
-117.315321,33.960678,123.74,0.084,3
-117.315017,33.960678,123.74,0.088,3
-117.314712,33.960678,123.76,0.086,3
-117.314408,33.960678,123.72,0.08,3
-117.314104,33.960678,123.74,0.083,3
-117.3138,33.960678,124.05,0.079,3
-117.313495,33.960678,123.97,0.076,3
-117.313191,33.960678,123.96,0.079,3
-117.312887,33.960678,124.55,0.079,3
-117.312583,33.960678,124.83,0.087,3
-117.312278,33.960678,125.37,0.098,3
-117.351833,33.960374,114.81,0.381,3
-117.351529,33.960374,114.21,0.349,3
-117.351224,33.960374,112.59,0.457,3
-117.35092,33.960374,112.49,0.618,3
-117.350616,33.960374,112.75,0.648,3
-117.350312,33.960374,112.79,0.698,3
-117.350007,33.960374,113.21,0.573,3
-117.349703,33.960374,113.62,0.506,3
-117.349399,33.960374,114.14,0.488,3
-117.349095,33.960374,114.54,0.545,3
-117.34879,33.960374,115.24,0.598,3
-117.348486,33.960374,116.46,0.464,3
-117.348182,33.960374,117.83,0.253,3
-117.347878,33.960374,119.22,0.24,3
-117.347573,33.960374,120.55,0.331,3
-117.347269,33.960374,121.58,0.336,3
-117.346965,33.960374,122.13,0.321,3
-117.34666,33.960374,122.48,0.281,3
-117.346356,33.960374,122.79,0.265,3
-117.346052,33.960374,121.61,0.279,4
-117.345748,33.960374,120.86,0.27,4
-117.345443,33.960374,120.95,0.339,4
-117.345139,33.960374,121.48,0.325,4
-117.344835,33.960374,121.9,0.341,4
-117.344531,33.960374,121.98,0.362,4
-117.344226,33.960374,121.66,0.337,4
-117.343922,33.960374,121.02,0.317,4
-117.343618,33.960374,120.41,0.316,4
-117.343314,33.960374,120.02,0.334,4
-117.343009,33.960374,119.68,0.367,4
-117.342705,33.960374,119.3,0.341,4
-117.342401,33.960374,119.13,0.337,4
-117.342096,33.960374,119,0.301,4
-117.341792,33.960374,118.96,0.298,4
-117.341488,33.960374,119.08,0.326,4
-117.341184,33.960374,119.31,0.326,4
-117.340879,33.960374,119.66,0.313,4
-117.340575,33.960374,120.13,0.279,4
-117.340271,33.960374,120.57,0.294,4
-117.339967,33.960374,120.75,0.307,4
-117.339662,33.960374,120.61,0.322,4
-117.339358,33.960374,120.27,0.358,4
-117.339054,33.960374,119.82,0.382,4
-117.33875,33.960374,119.39,0.351,4
-117.338445,33.960374,119.05,0.293,4
-117.338141,33.960374,118.94,0.291,4
-117.337837,33.960374,119.39,0.37,4
-117.337532,33.960374,120.06,0.443,3
-117.337228,33.960374,119.78,0.412,3
-117.336924,33.960374,119.45,0.374,3
-117.33662,33.960374,119.25,0.316,3
-117.336315,33.960374,119.07,0.381,3
-117.336011,33.960374,120.06,0.376,3
-117.335707,33.960374,120.68,0.295,3
-117.335403,33.960374,121.08,0.311,3
-117.335098,33.960374,120.96,0.311,3
-117.334794,33.960374,120.93,0.314,3
-117.33449,33.960374,121.05,0.319,3
-117.334186,33.960374,121.18,0.287,3
-117.333881,33.960374,121.58,0.247,3
-117.333577,33.960374,122.06,0.248,3
-117.333273,33.960374,122.1,0.273,3
-117.332968,33.960374,122.05,0.288,3
-117.332664,33.960374,121.7,0.265,3
-117.33236,33.960374,120.86,0.288,3
-117.332056,33.960374,120.11,0.339,3
-117.331751,33.960374,120.07,0.32,3
-117.331447,33.960374,120.83,0.315,3
-117.331143,33.960374,121.87,0.265,3
-117.330839,33.960374,122.45,0.203,3
-117.330534,33.960374,122.74,0.261,3
-117.33023,33.960374,122.81,0.494,3
-117.329926,33.960374,123.45,0.531,3
-117.329622,33.960374,123.98,0.371,3
-117.329317,33.960374,124.06,0.292,3
-117.329013,33.960374,123.75,0.3,3
-117.328709,33.960374,123.25,0.263,3
-117.328404,33.960374,123.02,0.212,3
-117.3281,33.960374,122.76,0.214,3
-117.327796,33.960374,122.66,0.412,3
-117.327492,33.960374,121.77,0.358,3
-117.327187,33.960374,120.68,0.313,3
-117.326883,33.960374,119.55,0.366,3
-117.326579,33.960374,118.59,0.447,3
-117.326275,33.960374,117.78,0.487,3
-117.32597,33.960374,117.23,0.481,3
-117.325666,33.960374,117.13,0.408,3
-117.325362,33.960374,117.25,0.348,3
-117.325058,33.960374,117.3,0.28,3
-117.324753,33.960374,117.38,0.253,3
-117.324449,33.960374,117.54,0.297,3
-117.324145,33.960374,117.59,0.352,3
-117.32384,33.960374,117.73,0.394,3
-117.323536,33.960374,118.38,0.392,3
-117.323232,33.960374,119.25,0.259,3
-117.322928,33.960374,119.98,0.186,3
-117.322623,33.960374,120.14,0.243,3
-117.322319,33.960374,119.98,0.216,3
-117.322015,33.960374,119.83,0.232,3
-117.321711,33.960374,119.76,0.318,3
-117.321406,33.960374,119.52,0.388,3
-117.321102,33.960374,119.14,0.361,3
-117.320798,33.960374,118.89,0.305,3
-117.320494,33.960374,118.98,0.306,3
-117.320189,33.960374,119.72,0.448,3
-117.319885,33.960374,120.94,0.355,3
-117.319581,33.960374,122.08,0.182,3
-117.319276,33.960374,122.98,0.183,3
-117.318972,33.960374,123.8,0.179,3
-117.318668,33.960374,124.39,0.179,3
-117.318364,33.960374,124.5,0.185,3
-117.318059,33.960374,124.33,0.18,3
-117.317755,33.960374,123.72,0.176,3
-117.317451,33.960374,122.95,0.174,3
-117.317147,33.960374,123.11,0.154,3
-117.316842,33.960374,123.54,0.18,3
-117.316538,33.960374,123.87,0.142,3
-117.316234,33.960374,124.02,0.126,3
-117.31593,33.960374,123.82,0.127,3
-117.315625,33.960374,123.74,0.13,3
-117.315321,33.960374,123.78,0.131,3
-117.315017,33.960374,123.83,0.137,3
-117.314712,33.960374,124.05,0.14,3
-117.314408,33.960374,124.39,0.142,3
-117.314104,33.960374,124.74,0.152,3
-117.3138,33.960374,125.11,0.148,3
-117.313495,33.960374,125.02,0.126,3
-117.313191,33.960374,124.93,0.115,3
-117.312887,33.960374,125.33,0.105,3
-117.349095,33.96007,114.55,0.474,3
-117.34879,33.96007,114.97,0.54,3
-117.348486,33.96007,115.94,0.506,3
-117.348182,33.96007,117.29,0.335,3
-117.347878,33.96007,118.71,0.203,3
-117.347573,33.96007,119.92,0.25,3
-117.347269,33.96007,120.72,0.344,3
-117.346965,33.96007,121.26,0.447,3
-117.34666,33.96007,121.74,0.29,3
-117.346356,33.96007,122.39,0.275,3
-117.346052,33.96007,123.06,0.339,3
-117.345748,33.96007,120.99,0.348,4
-117.345443,33.96007,121.17,0.379,4
-117.345139,33.96007,122.07,0.299,4
-117.344835,33.96007,122.94,0.268,4
-117.344531,33.96007,123.3,0.281,4
-117.344226,33.96007,123.08,0.298,4
-117.343922,33.96007,122.22,0.313,4
-117.343618,33.96007,121.21,0.315,4
-117.343314,33.96007,120.54,0.297,4
-117.343009,33.96007,120.12,0.281,4
-117.342705,33.96007,119.86,0.305,4
-117.342401,33.96007,119.57,0.32,4
-117.342096,33.96007,119.33,0.295,4
-117.341792,33.96007,119.16,0.312,4
-117.341488,33.96007,119.13,0.335,4
-117.341184,33.96007,119.22,0.366,4
-117.340879,33.96007,119.26,0.32,4
-117.340575,33.96007,119.64,0.271,4
-117.340271,33.96007,120,0.271,4
-117.339967,33.96007,120.02,0.302,4
-117.339662,33.96007,119.86,0.342,4
-117.339358,33.96007,119.6,0.346,4
-117.339054,33.96007,119.28,0.314,4
-117.33875,33.96007,118.94,0.314,4
-117.338445,33.96007,118.63,0.308,4
-117.338141,33.96007,118.22,0.265,4
-117.337837,33.96007,118.21,0.326,4
-117.337532,33.96007,119.73,0.336,3
-117.337228,33.96007,119.26,0.369,3
-117.336924,33.96007,118.64,0.386,3
-117.33662,33.96007,118.19,0.45,3
-117.336315,33.96007,118.07,0.444,3
-117.336011,33.96007,119.15,0.4,3
-117.335707,33.96007,119.98,0.36,3
-117.335403,33.96007,120.54,0.323,3
-117.335098,33.96007,120.9,0.295,3
-117.334794,33.96007,121.09,0.332,3
-117.33449,33.96007,121.22,0.382,3
-117.334186,33.96007,121.34,0.351,3
-117.333881,33.96007,121.58,0.294,3
-117.333577,33.96007,121.84,0.307,3
-117.333273,33.96007,121.91,0.329,3
-117.332968,33.96007,121.85,0.277,3
-117.332664,33.96007,121.36,0.286,3
-117.33236,33.96007,120.53,0.414,3
-117.332056,33.96007,119.88,0.363,3
-117.331751,33.96007,120.02,0.361,3
-117.331447,33.96007,120.86,0.309,3
-117.331143,33.96007,121.89,0.24,3
-117.330839,33.96007,122.43,0.24,3
-117.330534,33.96007,122.8,0.224,3
-117.33023,33.96007,122.95,0.297,3
-117.329926,33.96007,123.48,0.348,3
-117.329622,33.96007,123.76,0.321,3
-117.329317,33.96007,123.6,0.319,3
-117.329013,33.96007,123.18,0.299,3
-117.328709,33.96007,122.65,0.219,3
-117.328404,33.96007,122.44,0.202,3
-117.3281,33.96007,122.3,0.224,3
-117.327796,33.96007,122.36,0.396,3
-117.327492,33.96007,121.61,0.33,3
-117.327187,33.96007,120.69,0.288,3
-117.326883,33.96007,119.74,0.335,3
-117.326579,33.96007,118.69,0.443,3
-117.326275,33.96007,117.85,0.451,3
-117.32597,33.96007,117.19,0.474,3
-117.325666,33.96007,116.95,0.461,3
-117.325362,33.96007,116.99,0.353,3
-117.325058,33.96007,117.05,0.272,3
-117.324753,33.96007,117.17,0.265,3
-117.324449,33.96007,117.38,0.293,3
-117.324145,33.96007,117.49,0.328,3
-117.32384,33.96007,117.64,0.367,3
-117.323536,33.96007,118.16,0.389,3
-117.323232,33.96007,118.78,0.331,3
-117.322928,33.96007,119.31,0.243,3
-117.322623,33.96007,119.42,0.286,3
-117.322319,33.96007,119.27,0.274,3
-117.322015,33.96007,119.17,0.329,3
-117.321711,33.96007,119.35,0.413,3
-117.321406,33.96007,119.54,0.353,3
-117.321102,33.96007,119.56,0.256,3
-117.320798,33.96007,119.56,0.16,3
-117.320494,33.96007,119.68,0.216,3
-117.320189,33.96007,120.15,0.365,3
-117.319885,33.96007,121.05,0.329,3
-117.319581,33.96007,122.01,0.205,3
-117.319276,33.96007,122.86,0.181,3
-117.318972,33.96007,123.76,0.184,3
-117.318668,33.96007,124.42,0.187,3
-117.318364,33.96007,124.44,0.196,3
-117.318059,33.96007,124.27,0.212,3
-117.317755,33.96007,123.59,0.262,3
-117.317451,33.96007,122.89,0.271,3
-117.317147,33.96007,123.34,0.205,3
-117.316842,33.96007,123.68,0.207,3
-117.316538,33.96007,124.12,0.172,3
-117.316234,33.96007,124.73,0.166,3
-117.31593,33.96007,124.59,0.169,3
-117.315625,33.96007,124.39,0.177,3
-117.315321,33.96007,124.33,0.179,3
-117.315017,33.96007,124.33,0.178,3
-117.314712,33.96007,124.54,0.173,3
-117.314408,33.96007,124.93,0.173,3
-117.314104,33.96007,125.37,0.183,3
-117.3138,33.96007,125.76,0.186,3
-117.347573,33.959765,119.3,0.228,3
-117.347269,33.959765,119.94,0.328,3
-117.346965,33.959765,120.33,0.497,3
-117.34666,33.959765,120.84,0.392,3
-117.346356,33.959765,121.74,0.38,3
-117.346052,33.959765,122.7,0.418,3
-117.345748,33.959765,120.85,0.36,4
-117.345443,33.959765,121.32,0.297,4
-117.345139,33.959765,122.35,0.227,4
-117.344835,33.959765,123.3,0.191,4
-117.344531,33.959765,123.78,0.191,4
-117.344226,33.959765,123.71,0.209,4
-117.343922,33.959765,122.84,0.258,4
-117.343618,33.959765,121.67,0.335,4
-117.343314,33.959765,120.93,0.36,4
-117.343009,33.959765,120.53,0.3,4
-117.342705,33.959765,120.39,0.272,4
-117.342401,33.959765,119.99,0.299,4
-117.342096,33.959765,119.6,0.261,4
-117.341792,33.959765,119.24,0.296,4
-117.341488,33.959765,119.04,0.313,4
-117.341184,33.959765,119,0.374,4
-117.340879,33.959765,118.81,0.281,4
-117.340575,33.959765,119.05,0.193,4
-117.340271,33.959765,119.36,0.267,4
-117.339967,33.959765,119.35,0.313,4
-117.339662,33.959765,119.26,0.311,4
-117.339358,33.959765,119.11,0.293,4
-117.339054,33.959765,118.85,0.298,4
-117.33875,33.959765,118.55,0.318,4
-117.338445,33.959765,118.25,0.279,4
-117.338141,33.959765,117.85,0.231,4
-117.337837,33.959765,117.87,0.29,4
-117.337532,33.959765,119.41,0.234,3
-117.337228,33.959765,118.71,0.333,3
-117.336924,33.959765,117.78,0.483,3
-117.33662,33.959765,117.32,0.477,3
-117.336315,33.959765,117.4,0.372,3
-117.336011,33.959765,118.45,0.363,3
-117.335707,33.959765,119.34,0.436,3
-117.335403,33.959765,119.92,0.378,3
-117.335098,33.959765,120.51,0.353,3
-117.334794,33.959765,120.84,0.37,3
-117.33449,33.959765,120.99,0.374,3
-117.334186,33.959765,121.11,0.344,3
-117.333881,33.959765,121.25,0.281,3
-117.333577,33.959765,121.41,0.258,3
-117.333273,33.959765,121.49,0.294,3
-117.332968,33.959765,121.44,0.243,3
-117.332664,33.959765,120.95,0.226,3
-117.33236,33.959765,120.3,0.323,3
-117.332056,33.959765,119.89,0.359,3
-117.331751,33.959765,120.21,0.339,3
-117.331447,33.959765,121.06,0.276,3
-117.331143,33.959765,122.01,0.21,3
-117.330839,33.959765,122.45,0.254,3
-117.330534,33.959765,122.81,0.28,3
-117.33023,33.959765,123.06,0.23,3
-117.329926,33.959765,123.07,0.207,3
-117.329622,33.959765,122.8,0.232,3
-117.329317,33.959765,122.35,0.296,3
-117.329013,33.959765,122.06,0.289,3
-117.328709,33.959765,122.01,0.196,3
-117.328404,33.959765,121.86,0.208,3
-117.3281,33.959765,121.76,0.271,3
-117.327796,33.959765,121.75,0.33,3
-117.327492,33.959765,121.37,0.348,3
-117.327187,33.959765,120.76,0.256,3
-117.326883,33.959765,119.94,0.344,3
-117.326579,33.959765,119.01,0.291,3
-117.326275,33.959765,118.24,0.265,3
-117.32597,33.959765,117.48,0.319,3
-117.325666,33.959765,117.07,0.384,3
-117.325362,33.959765,117,0.414,3
-117.325058,33.959765,117.22,0.382,3
-117.324753,33.959765,117.49,0.32,3
-117.324449,33.959765,117.73,0.284,3
-117.324145,33.959765,117.79,0.275,3
-117.32384,33.959765,117.79,0.269,3
-117.323536,33.959765,118.18,0.257,3
-117.323232,33.959765,118.5,0.232,3
-117.322928,33.959765,118.51,0.239,3
-117.322623,33.959765,118.66,0.329,3
-117.322319,33.959765,118.66,0.299,3
-117.322015,33.959765,118.65,0.393,3
-117.321711,33.959765,118.94,0.377,3
-117.321406,33.959765,119.4,0.248,3
-117.321102,33.959765,119.7,0.191,3
-117.320798,33.959765,120.25,0.203,3
-117.320494,33.959765,120.51,0.245,3
-117.320189,33.959765,120.7,0.378,3
-117.319885,33.959765,120.98,0.364,3
-117.319581,33.959765,121.42,0.222,3
-117.319276,33.959765,122.1,0.175,3
-117.318972,33.959765,122.94,0.195,3
-117.318668,33.959765,123.66,0.198,3
-117.318364,33.959765,123.88,0.202,3
-117.318059,33.959765,123.74,0.223,3
-117.317755,33.959765,123.1,0.223,3
-117.317451,33.959765,122.79,0.17,3
-117.317147,33.959765,123.45,0.183,3
-117.316842,33.959765,123.87,0.168,3
-117.316538,33.959765,124.25,0.159,3
-117.316234,33.959765,124.91,0.167,3
-117.31593,33.959765,125.83,0.179,3
-117.315625,33.959765,126.11,0.193,3
-117.315321,33.959765,126.04,0.178,3
-117.315017,33.959765,125.67,0.168,3
-117.314712,33.959765,125.41,0.173,3
-117.314408,33.959765,125.54,0.17,3
-117.346052,33.959461,122.19,0.276,3
-117.345748,33.959461,120.7,0.223,4
-117.345443,33.959461,121.24,0.192,4
-117.345139,33.959461,122.09,0.189,4
-117.344835,33.959461,122.89,0.204,4
-117.344531,33.959461,123.34,0.225,4
-117.344226,33.959461,123.31,0.226,4
-117.343922,33.959461,122.56,0.218,4
-117.343618,33.959461,121.53,0.286,4
-117.343314,33.959461,120.87,0.423,4
-117.343009,33.959461,120.57,0.44,4
-117.342705,33.959461,120.46,0.304,4
-117.342401,33.959461,120.07,0.276,4
-117.342096,33.959461,119.63,0.24,4
-117.341792,33.959461,119.17,0.32,4
-117.341488,33.959461,118.81,0.324,4
-117.341184,33.959461,118.65,0.372,4
-117.340879,33.959461,118.38,0.32,4
-117.340575,33.959461,118.55,0.244,4
-117.340271,33.959461,118.81,0.265,4
-117.339967,33.959461,118.84,0.336,4
-117.339662,33.959461,118.85,0.36,4
-117.339358,33.959461,118.81,0.311,4
-117.339054,33.959461,118.64,0.314,4
-117.33875,33.959461,118.37,0.383,4
-117.338445,33.959461,118.03,0.39,4
-117.338141,33.959461,118.14,0.328,4
-117.337837,33.959461,119.05,0.292,3
-117.337532,33.959461,118.87,0.289,3
-117.337228,33.959461,117.92,0.362,3
-117.336924,33.959461,116.77,0.542,3
-117.33662,33.959461,116.34,0.537,3
-117.336315,33.959461,116.8,0.373,3
-117.336011,33.959461,117.8,0.298,3
-117.335707,33.959461,118.57,0.376,3
-117.335403,33.959461,119.11,0.399,3
-117.335098,33.959461,119.79,0.449,3
-117.334794,33.959461,120.23,0.396,3
-117.33449,33.959461,120.42,0.327,3
-117.334186,33.959461,120.56,0.311,3
-117.333881,33.959461,120.71,0.282,3
-117.333577,33.959461,120.86,0.251,3
-117.333273,33.959461,120.95,0.26,3
-117.332968,33.959461,120.91,0.215,3
-117.332664,33.959461,120.55,0.151,3
-117.33236,33.959461,120.19,0.23,3
-117.332056,33.959461,120.08,0.414,3
-117.331751,33.959461,120.56,0.277,3
-117.331447,33.959461,121.41,0.23,3
-117.331143,33.959461,122.24,0.238,3
-117.330839,33.959461,122.61,0.246,3
-117.330534,33.959461,122.93,0.256,3
-117.33023,33.959461,123.18,0.228,3
-117.329926,33.959461,123.03,0.224,3
-117.329622,33.959461,122.53,0.263,3
-117.329317,33.959461,121.84,0.322,3
-117.329013,33.959461,121.41,0.362,3
-117.328709,33.959461,121.42,0.385,3
-117.328404,33.959461,121.34,0.397,3
-117.3281,33.959461,121.29,0.323,3
-117.327796,33.959461,121.35,0.33,3
-117.327492,33.959461,121.13,0.377,3
-117.327187,33.959461,120.79,0.336,3
-117.326883,33.959461,120.29,0.395,3
-117.326579,33.959461,119.72,0.26,3
-117.326275,33.959461,119.09,0.232,3
-117.32597,33.959461,118.38,0.236,3
-117.325666,33.959461,117.91,0.25,3
-117.325362,33.959461,117.65,0.326,3
-117.325058,33.959461,117.69,0.415,3
-117.324753,33.959461,117.83,0.4,3
-117.324449,33.959461,117.99,0.336,3
-117.324145,33.959461,117.99,0.311,3
-117.32384,33.959461,117.89,0.319,3
-117.323536,33.959461,118.17,0.344,3
-117.323232,33.959461,118.38,0.312,3
-117.322928,33.959461,118.29,0.304,3
-117.322623,33.959461,118.58,0.324,3
-117.322319,33.959461,118.8,0.294,3
-117.322015,33.959461,118.96,0.442,3
-117.321711,33.959461,119.28,0.402,3
-117.321406,33.959461,119.76,0.244,3
-117.321102,33.959461,120.02,0.196,3
-117.320798,33.959461,120.66,0.246,3
-117.320494,33.959461,120.81,0.269,3
-117.320189,33.959461,120.7,0.302,3
-117.319885,33.959461,120.62,0.367,3
-117.319581,33.959461,120.73,0.355,3
-117.319276,33.959461,121.15,0.304,3
-117.318972,33.959461,121.75,0.323,3
-117.318668,33.959461,122.32,0.303,3
-117.318364,33.959461,122.68,0.251,3
-117.318059,33.959461,122.7,0.21,3
-117.317755,33.959461,122.61,0.18,3
-117.317451,33.959461,122.68,0.176,3
-117.317147,33.959461,123.19,0.181,3
-117.316842,33.959461,123.67,0.155,3
-117.316538,33.959461,123.95,0.159,3
-117.316234,33.959461,124.4,0.167,3
-117.31593,33.959461,125.45,0.181,3
-117.315625,33.959461,126.1,0.182,3
-117.315321,33.959461,126.25,0.159,3
-117.344531,33.959157,122.45,0.274,4
-117.344226,33.959157,122.24,0.256,4
-117.343922,33.959157,121.53,0.218,4
-117.343618,33.959157,120.67,0.237,4
-117.343314,33.959157,120.22,0.329,4
-117.343009,33.959157,120.07,0.381,4
-117.342705,33.959157,120.08,0.321,4
-117.342401,33.959157,119.78,0.225,4
-117.342096,33.959157,119.41,0.266,4
-117.341792,33.959157,119.02,0.246,4
-117.341488,33.959157,118.6,0.301,4
-117.341184,33.959157,118.32,0.334,4
-117.340879,33.959157,117.93,0.309,4
-117.340575,33.959157,118.05,0.329,4
-117.340271,33.959157,118.32,0.28,4
-117.339967,33.959157,118.36,0.292,4
-117.339662,33.959157,118.44,0.344,4
-117.339358,33.959157,118.53,0.31,4
-117.339054,33.959157,118.43,0.283,4
-117.33875,33.959157,118.14,0.315,4
-117.338445,33.959157,117.75,0.336,4
-117.338141,33.959157,117.83,0.359,4
-117.337837,33.959157,118.76,0.354,3
-117.337532,33.959157,118.14,0.342,3
-117.337228,33.959157,117.15,0.369,3
-117.336924,33.959157,115.96,0.472,3
-117.33662,33.959157,115.76,0.515,3
-117.336315,33.959157,116.28,0.42,3
-117.336011,33.959157,117.11,0.339,3
-117.335707,33.959157,117.67,0.313,3
-117.335403,33.959157,118.16,0.345,3
-117.335098,33.959157,118.93,0.356,3
-117.334794,33.959157,119.5,0.283,3
-117.33449,33.959157,119.75,0.258,3
-117.334186,33.959157,119.89,0.303,3
-117.333881,33.959157,120.02,0.328,3
-117.333577,33.959157,120.15,0.326,3
-117.333273,33.959157,120.24,0.323,3
-117.332968,33.959157,120.24,0.279,3
-117.332664,33.959157,120.1,0.181,3
-117.33236,33.959157,119.99,0.268,3
-117.332056,33.959157,120.11,0.498,3
-117.331751,33.959157,120.74,0.313,3
-117.331447,33.959157,121.59,0.224,3
-117.331143,33.959157,122.36,0.246,3
-117.330839,33.959157,122.71,0.203,3
-117.330534,33.959157,123.06,0.166,3
-117.33023,33.959157,123.36,0.166,3
-117.329926,33.959157,123.34,0.22,3
-117.329622,33.959157,122.93,0.205,3
-117.329317,33.959157,122.24,0.194,3
-117.329013,33.959157,121.76,0.256,3
-117.328709,33.959157,121.74,0.334,3
-117.328404,33.959157,121.75,0.455,3
-117.3281,33.959157,121.74,0.533,3
-117.327796,33.959157,121.94,0.451,3
-117.327492,33.959157,121.76,0.438,3
-117.327187,33.959157,121.5,0.39,3
-117.326883,33.959157,121.16,0.294,3
-117.326579,33.959157,120.73,0.197,3
-117.326275,33.959157,120.19,0.179,3
-117.32597,33.959157,119.64,0.194,3
-117.325666,33.959157,119.16,0.179,3
-117.325362,33.959157,118.74,0.227,3
-117.325058,33.959157,118.63,0.3,3
-117.324753,33.959157,118.63,0.284,3
-117.324449,33.959157,118.66,0.251,3
-117.324145,33.959157,118.59,0.277,3
-117.32384,33.959157,118.43,0.314,3
-117.323536,33.959157,118.65,0.357,3
-117.323232,33.959157,118.77,0.38,3
-117.322928,33.959157,118.57,0.334,3
-117.322623,33.959157,118.91,0.251,3
-117.322319,33.959157,119.24,0.306,3
-117.322015,33.959157,119.54,0.354,3
-117.321711,33.959157,119.87,0.341,3
-117.321406,33.959157,120.26,0.239,3
-117.321102,33.959157,120.5,0.21,3
-117.320798,33.959157,120.97,0.281,3
-117.320494,33.959157,120.88,0.293,3
-117.320189,33.959157,120.54,0.257,3
-117.319885,33.959157,120.1,0.309,3
-117.319581,33.959157,119.68,0.419,3
-117.319276,33.959157,119.71,0.432,3
-117.318972,33.959157,120.21,0.34,3
-117.318668,33.959157,120.85,0.268,3
-117.318364,33.959157,121.39,0.231,3
-117.318059,33.959157,121.84,0.19,3
-117.317755,33.959157,122.21,0.172,3
-117.317451,33.959157,122.35,0.197,3
-117.317147,33.959157,122.61,0.174,3
-117.316842,33.959157,123.01,0.151,3
-117.316538,33.959157,123.1,0.167,3
-117.316234,33.959157,123.6,0.169,3
-117.31593,33.959157,124.69,0.168,3
-117.343009,33.958853,119.63,0.389,4
-117.342705,33.958853,119.8,0.282,4
-117.342401,33.958853,119.62,0.214,4
-117.342096,33.958853,119.34,0.277,4
-117.341792,33.958853,119.02,0.277,4
-117.341488,33.958853,118.56,0.276,4
-117.341184,33.958853,118.3,0.284,4
-117.340879,33.958853,118.12,0.297,4
-117.340575,33.958853,118.16,0.267,4
-117.340271,33.958853,118.34,0.206,4
-117.339967,33.958853,118.03,0.255,4
-117.339662,33.958853,118,0.322,4
-117.339358,33.958853,118.17,0.317,4
-117.339054,33.958853,117.84,0.325,4
-117.33875,33.958853,117.26,0.353,4
-117.338445,33.958853,116.87,0.326,4
-117.338141,33.958853,117.02,0.328,4
-117.337837,33.958853,118.11,0.401,3
-117.337532,33.958853,117.41,0.363,3
-117.337228,33.958853,116.39,0.435,3
-117.336924,33.958853,115.56,0.406,3
-117.33662,33.958853,115.41,0.36,3
-117.336315,33.958853,115.67,0.342,3
-117.336011,33.958853,116.37,0.374,3
-117.335707,33.958853,116.84,0.334,3
-117.335403,33.958853,117.28,0.325,3
-117.335098,33.958853,118.03,0.309,3
-117.334794,33.958853,118.65,0.268,3
-117.33449,33.958853,118.99,0.265,3
-117.334186,33.958853,119.17,0.311,3
-117.333881,33.958853,119.24,0.349,3
-117.333577,33.958853,119.29,0.375,3
-117.333273,33.958853,119.36,0.39,3
-117.332968,33.958853,119.41,0.316,3
-117.332664,33.958853,119.44,0.238,3
-117.33236,33.958853,119.47,0.245,3
-117.332056,33.958853,119.7,0.411,3
-117.331751,33.958853,120.45,0.336,3
-117.331447,33.958853,121.34,0.189,3
-117.331143,33.958853,122.01,0.2,3
-117.330839,33.958853,122.35,0.179,3
-117.330534,33.958853,122.76,0.167,3
-117.33023,33.958853,123.13,0.144,3
-117.329926,33.958853,123.56,0.127,3
-117.329622,33.958853,123.56,0.102,3
-117.329317,33.958853,123.1,0.131,3
-117.329013,33.958853,122.61,0.179,3
-117.328709,33.958853,122.38,0.171,3
-117.328404,33.958853,122.45,0.222,3
-117.3281,33.958853,122.54,0.335,3
-117.327796,33.958853,123.32,0.367,3
-117.327492,33.958853,123.37,0.323,3
-117.327187,33.958853,123.07,0.194,3
-117.326883,33.958853,122.66,0.171,3
-117.326579,33.958853,121.89,0.132,3
-117.326275,33.958853,121.08,0.104,3
-117.32597,33.958853,120.8,0.168,3
-117.325666,33.958853,120.32,0.189,3
-117.325362,33.958853,119.83,0.2,3
-117.325058,33.958853,119.89,0.192,3
-117.324753,33.958853,119.95,0.194,3
-117.324449,33.958853,119.84,0.232,3
-117.324145,33.958853,119.76,0.269,3
-117.32384,33.958853,119.7,0.269,3
-117.323536,33.958853,119.97,0.268,3
-117.323232,33.958853,119.96,0.295,3
-117.322928,33.958853,119.34,0.257,3
-117.322623,33.958853,119.59,0.246,3
-117.322319,33.958853,119.89,0.312,3
-117.322015,33.958853,120.21,0.234,3
-117.321711,33.958853,120.58,0.322,3
-117.321406,33.958853,120.93,0.297,3
-117.321102,33.958853,121.16,0.272,3
-117.320798,33.958853,121.28,0.311,3
-117.320494,33.958853,120.91,0.33,3
-117.320189,33.958853,120.44,0.337,3
-117.319885,33.958853,120,0.388,3
-117.319581,33.958853,119.53,0.432,3
-117.319276,33.958853,119.4,0.41,3
-117.318972,33.958853,119.7,0.35,3
-117.318668,33.958853,120.07,0.269,3
-117.318364,33.958853,120.52,0.232,3
-117.318059,33.958853,120.92,0.247,3
-117.317755,33.958853,121.64,0.227,3
-117.317451,33.958853,121.61,0.203,3
-117.317147,33.958853,122.07,0.174,3
-117.316842,33.958853,122.36,0.158,3
-117.316538,33.958853,122.25,0.182,3
-117.341488,33.958548,118.27,0.271,4
-117.341184,33.958548,118.01,0.282,4
-117.340879,33.958548,117.77,0.329,4
-117.340575,33.958548,117.7,0.249,4
-117.340271,33.958548,117.61,0.273,4
-117.339967,33.958548,117.23,0.332,4
-117.339662,33.958548,117.21,0.364,4
-117.339358,33.958548,117.43,0.324,4
-117.339054,33.958548,117.13,0.312,4
-117.33875,33.958548,116.53,0.372,4
-117.338445,33.958548,116.14,0.376,4
-117.338141,33.958548,116.36,0.341,4
-117.337837,33.958548,117.52,0.413,3
-117.337532,33.958548,116.75,0.433,3
-117.337228,33.958548,115.86,0.523,3
-117.336924,33.958548,115.28,0.402,3
-117.33662,33.958548,115.05,0.369,3
-117.336315,33.958548,115.15,0.381,3
-117.336011,33.958548,115.83,0.48,3
-117.335707,33.958548,116.27,0.403,3
-117.335403,33.958548,116.68,0.302,3
-117.335098,33.958548,117.41,0.295,3
-117.334794,33.958548,118.02,0.291,3
-117.33449,33.958548,118.41,0.271,3
-117.334186,33.958548,118.71,0.32,3
-117.333881,33.958548,118.87,0.406,3
-117.333577,33.958548,118.94,0.432,3
-117.333273,33.958548,119,0.417,3
-117.332968,33.958548,119.04,0.373,3
-117.332664,33.958548,119.09,0.313,3
-117.33236,33.958548,119.15,0.217,3
-117.332056,33.958548,119.44,0.394,3
-117.331751,33.958548,120.16,0.396,3
-117.331447,33.958548,120.96,0.255,3
-117.331143,33.958548,121.44,0.22,3
-117.330839,33.958548,121.64,0.181,3
-117.330534,33.958548,121.97,0.211,3
-117.33023,33.958548,122.38,0.206,3
-117.329926,33.958548,122.95,0.172,3
-117.329622,33.958548,123.22,0.149,3
-117.329317,33.958548,123.14,0.117,3
-117.329013,33.958548,123.02,0.073,3
-117.328709,33.958548,122.99,0.053,3
-117.328404,33.958548,123.12,0.073,3
-117.3281,33.958548,123.51,0.124,3
-117.327796,33.958548,124.73,0.204,3
-117.327492,33.958548,125.38,0.226,3
-117.327187,33.958548,125.14,0.168,3
-117.326883,33.958548,124.55,0.162,3
-117.326579,33.958548,123.44,0.131,3
-117.326275,33.958548,122.22,0.105,3
-117.32597,33.958548,121.5,0.16,3
-117.325666,33.958548,120.73,0.232,3
-117.325362,33.958548,120.03,0.252,3
-117.325058,33.958548,119.96,0.227,3
-117.324753,33.958548,119.9,0.229,3
-117.324449,33.958548,119.73,0.28,3
-117.324145,33.958548,119.78,0.298,3
-117.32384,33.958548,120,0.259,3
-117.323536,33.958548,120.46,0.246,3
-117.323232,33.958548,120.45,0.218,3
-117.322928,33.958548,119.71,0.17,3
-117.322623,33.958548,119.85,0.254,3
-117.322319,33.958548,120.05,0.329,3
-117.322015,33.958548,120.42,0.293,3
-117.321711,33.958548,120.88,0.273,3
-117.321406,33.958548,121.13,0.264,3
-117.321102,33.958548,121.22,0.268,3
-117.320798,33.958548,121.23,0.285,3
-117.320494,33.958548,120.74,0.316,3
-117.320189,33.958548,120.21,0.346,3
-117.319885,33.958548,119.93,0.361,3
-117.319581,33.958548,119.76,0.364,3
-117.319276,33.958548,119.75,0.361,3
-117.318972,33.958548,119.94,0.327,3
-117.318668,33.958548,120.04,0.258,3
-117.318364,33.958548,120.15,0.261,3
-117.318059,33.958548,120.24,0.318,3
-117.317755,33.958548,121.16,0.302,3
-117.317451,33.958548,120.98,0.207,3
-117.340271,33.958244,117.08,0.387,4
-117.339967,33.958244,116.71,0.397,4
-117.339662,33.958244,116.7,0.369,4
-117.339358,33.958244,116.91,0.288,4
-117.339054,33.958244,116.61,0.276,4
-117.33875,33.958244,115.83,0.373,4
-117.338445,33.958244,115.37,0.389,4
-117.338141,33.958244,115.67,0.326,4
-117.337837,33.958244,117.07,0.318,3
-117.337532,33.958244,116.36,0.374,3
-117.337228,33.958244,115.54,0.483,3
-117.336924,33.958244,115.01,0.454,3
-117.33662,33.958244,114.78,0.395,3
-117.336315,33.958244,114.8,0.424,3
-117.336011,33.958244,115.45,0.49,3
-117.335707,33.958244,115.82,0.457,3
-117.335403,33.958244,116.13,0.362,3
-117.335098,33.958244,116.79,0.36,3
-117.334794,33.958244,117.38,0.324,3
-117.33449,33.958244,117.88,0.28,3
-117.334186,33.958244,118.39,0.312,3
-117.333881,33.958244,118.81,0.348,3
-117.333577,33.958244,119.07,0.336,3
-117.333273,33.958244,119.2,0.347,3
-117.332968,33.958244,119.26,0.367,3
-117.332664,33.958244,119.28,0.338,3
-117.33236,33.958244,119.34,0.251,3
-117.332056,33.958244,119.58,0.391,3
-117.331751,33.958244,120.12,0.373,3
-117.331447,33.958244,120.66,0.307,3
-117.331143,33.958244,120.93,0.254,3
-117.330839,33.958244,120.86,0.227,3
-117.330534,33.958244,120.93,0.335,3
-117.33023,33.958244,121.27,0.329,3
-117.329926,33.958244,121.96,0.277,3
-117.329622,33.958244,122.55,0.235,3
-117.329317,33.958244,122.85,0.165,3
-117.329013,33.958244,123.02,0.104,3
-117.328709,33.958244,123.21,0.094,3
-117.328404,33.958244,123.69,0.1,3
-117.3281,33.958244,124.4,0.125,3
-117.327796,33.958244,125.65,0.17,3
-117.327492,33.958244,126.37,0.172,3
-117.327187,33.958244,126.4,0.167,3
-117.326883,33.958244,125.74,0.201,3
-117.326579,33.958244,124.43,0.206,3
-117.326275,33.958244,122.91,0.144,3
-117.32597,33.958244,121.81,0.169,3
-117.325666,33.958244,120.71,0.27,3
-117.325362,33.958244,119.73,0.275,3
-117.325058,33.958244,119.42,0.298,3
-117.324753,33.958244,119.21,0.375,3
-117.324449,33.958244,119.17,0.44,3
-117.324145,33.958244,119.62,0.43,3
-117.32384,33.958244,120.21,0.346,3
-117.323536,33.958244,120.76,0.303,3
-117.323232,33.958244,120.61,0.288,3
-117.322928,33.958244,119.71,0.216,3
-117.322623,33.958244,119.75,0.258,3
-117.322319,33.958244,119.94,0.435,3
-117.322015,33.958244,120.4,0.417,3
-117.321711,33.958244,120.74,0.286,3
-117.321406,33.958244,120.88,0.23,3
-117.321102,33.958244,120.92,0.269,3
-117.320798,33.958244,120.98,0.377,3
-117.320494,33.958244,120.51,0.388,3
-117.320189,33.958244,120.01,0.304,3
-117.319885,33.958244,119.75,0.25,3
-117.319581,33.958244,119.7,0.271,3
-117.319276,33.958244,119.79,0.29,3
-117.318972,33.958244,119.76,0.257,3
-117.318668,33.958244,119.63,0.231,3
-117.336924,33.95794,114.79,0.527,3
-117.33662,33.95794,114.66,0.473,3
-117.336315,33.95794,114.62,0.48,3
-117.336011,33.95794,115.13,0.449,3
-117.335707,33.95794,115.42,0.486,3
-117.335403,33.95794,115.51,0.549,3
-117.335098,33.95794,116.61,0.544,3
-117.334794,33.95794,117.53,0.4,3
-117.33449,33.95794,118.12,0.323,3
-117.334186,33.95794,118.82,0.329,3
-117.333881,33.95794,119.48,0.299,3
-117.333577,33.95794,119.94,0.286,3
-117.333273,33.95794,120.25,0.345,3
-117.332968,33.95794,120.5,0.434,3
-117.332664,33.95794,120.88,0.35,3
-117.33236,33.95794,120.97,0.291,3
-117.332056,33.95794,121.07,0.362,3
-117.331751,33.95794,121.35,0.342,3
-117.331447,33.95794,121.63,0.338,3
-117.331143,33.95794,121.69,0.256,3
-117.330839,33.95794,121.29,0.272,3
-117.330534,33.95794,121.11,0.371,3
-117.33023,33.95794,121.3,0.403,3
-117.329926,33.95794,121.7,0.328,3
-117.329622,33.95794,122.22,0.219,3
-117.329317,33.95794,122.73,0.177,3
-117.329013,33.95794,122.91,0.199,3
-117.328709,33.95794,122.93,0.195,3
-117.328404,33.95794,123.41,0.162,3
-117.3281,33.95794,124.08,0.17,3
-117.327796,33.95794,125.03,0.181,3
-117.327492,33.95794,125.83,0.185,3
-117.327187,33.95794,126.19,0.216,3
-117.326883,33.95794,125.65,0.285,3
-117.326579,33.95794,124.29,0.284,3
-117.326275,33.95794,122.6,0.197,3
-117.32597,33.95794,121.25,0.167,3
-117.325666,33.95794,119.59,0.229,3
-117.325362,33.95794,118.51,0.282,3
-117.325058,33.95794,117.94,0.375,3
-117.324753,33.95794,117.47,0.45,3
-117.324449,33.95794,117.72,0.431,3
-117.324145,33.95794,118.8,0.367,3
-117.32384,33.95794,119.78,0.315,3
-117.323536,33.95794,120.23,0.283,3
-117.323232,33.95794,119.85,0.281,3
-117.322928,33.95794,119.1,0.226,3
-117.322623,33.95794,118.98,0.266,3
-117.322319,33.95794,119.12,0.428,3
-117.322015,33.95794,119.61,0.28,3
-117.321711,33.95794,120.01,0.198,3
-117.321406,33.95794,120.22,0.153,3
-117.321102,33.95794,120.36,0.207,3
-117.320798,33.95794,120.11,0.333,3
-117.320494,33.95794,119.6,0.325,3
-117.320189,33.95794,119.17,0.267,3
-117.319885,33.95794,118.95,0.221,3
-117.319581,33.95794,118.95,0.213,3
-117.319276,33.95794,119.12,0.24,3
-117.335707,33.957636,115.43,0.476,3
-117.335403,33.957636,115.52,0.578,3
-117.335098,33.957636,116.94,0.539,3
-117.334794,33.957636,118.02,0.399,3
-117.33449,33.957636,118.56,0.352,3
-117.334186,33.957636,119.23,0.377,3
-117.333881,33.957636,119.91,0.376,3
-117.333577,33.957636,120.51,0.341,3
-117.333273,33.957636,121.04,0.289,3
-117.332968,33.957636,121.57,0.289,3
-117.332664,33.957636,122.36,0.23,3
-117.33236,33.957636,122.49,0.301,3
-117.332056,33.957636,122.53,0.337,3
-117.331751,33.957636,122.62,0.241,3
-117.331447,33.957636,122.65,0.344,3
-117.331143,33.957636,122.57,0.322,3
-117.330839,33.957636,122.07,0.29,3
-117.330534,33.957636,121.79,0.291,3
-117.33023,33.957636,121.82,0.349,3
-117.329926,33.957636,121.82,0.376,3
-117.329622,33.957636,122.06,0.286,3
-117.329317,33.957636,122.51,0.224,3
-117.329013,33.957636,122.59,0.247,3
-117.328709,33.957636,122.39,0.226,3
-117.328404,33.957636,122.61,0.217,3
-117.3281,33.957636,123.04,0.203,3
-117.327796,33.957636,123.98,0.205,3
-117.327492,33.957636,124.98,0.16,3
-117.327187,33.957636,125.34,0.219,3
-117.326883,33.957636,124.91,0.284,3
-117.326579,33.957636,123.63,0.286,3
-117.326275,33.957636,121.63,0.255,3
-117.32597,33.957636,120.06,0.262,3
-117.325666,33.957636,117.9,0.423,3
-117.325362,33.957636,116.88,0.552,3
-117.325058,33.957636,116.26,0.551,3
-117.324753,33.957636,115.76,0.459,3
-117.324449,33.957636,116.49,0.353,3
-117.324145,33.957636,118.19,0.284,3
-117.32384,33.957636,119.39,0.249,3
-117.323536,33.957636,119.63,0.232,3
-117.323232,33.957636,119.08,0.232,3
-117.322928,33.957636,118.32,0.237,3
-117.322623,33.957636,117.95,0.286,3
-117.322319,33.957636,117.89,0.433,3
-117.322015,33.957636,118.12,0.252,3
-117.321711,33.957636,118.42,0.18,3
-117.321406,33.957636,118.73,0.133,3
-117.321102,33.957636,118.81,0.143,3
-117.320798,33.957636,118.51,0.217,3
-117.320494,33.957636,118.2,0.243,3
-117.333881,33.957331,119.6,0.333,3
-117.333577,33.957331,120.21,0.315,3
-117.333273,33.957331,120.92,0.141,3
-117.332968,33.957331,121.69,0.161,3
-117.332664,33.957331,122.75,0.201,3
-117.33236,33.957331,123.06,0.261,3
-117.332056,33.957331,123.2,0.322,3
-117.331751,33.957331,123.22,0.291,3
-117.331447,33.957331,123.22,0.365,3
-117.331143,33.957331,123.13,0.375,3
-117.330839,33.957331,122.63,0.245,3
-117.330534,33.957331,122.35,0.175,3
-117.33023,33.957331,122.18,0.227,3
-117.329926,33.957331,121.84,0.315,3
-117.329622,33.957331,121.71,0.324,3
-117.329317,33.957331,121.95,0.275,3
-117.329013,33.957331,122.04,0.272,3
-117.328709,33.957331,121.91,0.328,3
-117.328404,33.957331,122.14,0.337,3
-117.3281,33.957331,122.48,0.24,3
-117.327796,33.957331,123.32,0.179,3
-117.327492,33.957331,124.28,0.121,3
-117.327187,33.957331,124.56,0.171,3
-117.326883,33.957331,123.4,0.233,3
-117.326579,33.957331,121.85,0.284,3
-117.326275,33.957331,120.1,0.289,3
-117.32597,33.957331,118.63,0.434,3
-117.325666,33.957331,116.92,0.661,3
-117.325362,33.957331,115.46,0.747,3
-117.325058,33.957331,114.3,0.657,3
-117.324753,33.957331,113.96,0.475,3
-117.324449,33.957331,115.21,0.334,3
-117.324145,33.957331,117.36,0.301,3
-117.32384,33.957331,118.81,0.302,3
-117.323536,33.957331,119.16,0.274,3
-117.323232,33.957331,118.81,0.248,3
-117.322928,33.957331,118.06,0.312,3
-117.322623,33.957331,117.46,0.41,3
-117.322319,33.957331,116.99,0.493,3
-117.322015,33.957331,116.69,0.373,3
-117.321711,33.957331,116.54,0.389,3
-117.321406,33.957331,116.64,0.443,3
-117.321102,33.957331,116.7,0.41,3
-117.332664,33.957027,122.78,0.263,3
-117.33236,33.957027,123.32,0.177,3
-117.332056,33.957027,123.67,0.211,3
-117.331751,33.957027,123.82,0.269,3
-117.331447,33.957027,123.87,0.297,3
-117.331143,33.957027,123.8,0.277,3
-117.330839,33.957027,123.3,0.22,3
-117.330534,33.957027,122.98,0.162,3
-117.33023,33.957027,122.59,0.204,3
-117.329926,33.957027,121.86,0.267,3
-117.329622,33.957027,121.31,0.267,3
-117.329317,33.957027,121.33,0.256,3
-117.329013,33.957027,121.46,0.251,3
-117.328709,33.957027,121.57,0.225,3
-117.328404,33.957027,122.02,0.216,3
-117.3281,33.957027,122.34,0.145,3
-117.327796,33.957027,122.76,0.157,3
-117.327492,33.957027,123.05,0.134,3
-117.327187,33.957027,123.38,0.125,3
-117.326883,33.957027,122.73,0.2,3
-117.326579,33.957027,121.17,0.227,3
-117.326275,33.957027,119.31,0.266,3
-117.32597,33.957027,117.69,0.485,3
-117.325666,33.957027,115.89,0.671,3
-117.325362,33.957027,114.13,0.696,3
-117.325058,33.957027,112.6,0.587,3
-117.324753,33.957027,112.33,0.396,3
-117.324449,33.957027,113.94,0.277,3
-117.324145,33.957027,116.36,0.296,3
-117.32384,33.957027,118.07,0.293,3
-117.323536,33.957027,118.92,0.216,3
-117.323232,33.957027,119.22,0.193,3
-117.322928,33.957027,118.86,0.272,3
-117.322623,33.957027,118.27,0.372,3
-117.322319,33.957027,117.31,0.336,3
-117.322015,33.957027,116.4,0.427,3
-117.321711,33.957027,115.8,0.542,3
-117.331143,33.956723,124.52,0.251,3
-117.330839,33.956723,123.97,0.189,3
-117.330534,33.956723,123.52,0.16,3
-117.33023,33.956723,122.94,0.219,3
-117.329926,33.956723,121.95,0.305,3
-117.329622,33.956723,121.32,0.277,3
-117.329317,33.956723,121.28,0.225,3
-117.329013,33.956723,121.48,0.186,3
-117.328709,33.956723,121.67,0.099,3
-117.328404,33.956723,122.13,0.127,3
-117.3281,33.956723,122.31,0.171,3
-117.327796,33.956723,122.51,0.161,3
-117.327492,33.956723,122.49,0.136,3
-117.327187,33.956723,122.38,0.154,3
-117.326883,33.956723,121.86,0.17,3
-117.326579,33.956723,120.75,0.192,3
-117.326275,33.956723,119.23,0.139,3
-117.32597,33.956723,117.5,0.232,3
-117.325666,33.956723,115.16,0.49,3
-117.325362,33.956723,113.05,0.545,3
-117.325058,33.956723,111.93,0.419,3
-117.324753,33.956723,112.17,0.3,3
-117.324449,33.956723,113.8,0.311,3
-117.324145,33.956723,115.97,0.349,3
-117.32384,33.956723,117.64,0.225,3
-117.323536,33.956723,118.87,0.097,3
-117.323232,33.956723,119.76,0.101,3
-117.322928,33.956723,119.93,0.119,3
-117.322623,33.956723,119.33,0.157,3
-117.322319,33.956723,118.11,0.209,3
-117.329926,33.956418,121.8,0.289,3
-117.329622,33.956418,121.65,0.303,3
-117.329317,33.956418,121.63,0.304,3
-117.329013,33.956418,121.79,0.246,3
-117.328709,33.956418,121.87,0.175,3
-117.328404,33.956418,122.24,0.185,3
-117.3281,33.956418,122.34,0.224,3
-117.327796,33.956418,122.39,0.166,3
-117.327492,33.956418,122.14,0.192,3
-117.327187,33.956418,121.8,0.212,3
-117.326883,33.956418,121.23,0.161,3
-117.326579,33.956418,120.41,0.202,3
-117.326275,33.956418,119.36,0.172,3
-117.32597,33.956418,117.63,0.164,3
-117.325666,33.956418,115.07,0.399,3
-117.325362,33.956418,112.97,0.502,3
-117.325058,33.956418,112.5,0.37,3
-117.324753,33.956418,113.26,0.227,3
-117.324449,33.956418,114.62,0.233,3
-117.324145,33.956418,116.12,0.253,3
-117.32384,33.956418,117.29,0.147,3
-117.323536,33.956418,118.83,0.078,3
-117.323232,33.956418,119.96,0.116,3
-117.322928,33.956418,120.45,0.085,3
-117.3281,33.956114,122.54,0.216,3
-117.327796,33.956114,122.55,0.193,3
-117.327492,33.956114,122.2,0.253,3
-117.327187,33.956114,121.69,0.313,3
-117.326883,33.956114,121.04,0.234,3
-117.326579,33.956114,120.1,0.21,3
-117.326275,33.956114,119.24,0.157,3
-117.32597,33.956114,117.53,0.179,3
-117.325666,33.956114,115.2,0.427,3
-117.325362,33.956114,113.57,0.565,3
-117.325058,33.956114,113.49,0.477,3
-117.324753,33.956114,114.26,0.333,3
-117.324449,33.956114,115.03,0.279,3
-117.324145,33.956114,116.16,0.249,3
-117.32384,33.956114,116.79,0.145,3
