"longitude","latitude","temperature","ndvi","valid_observations"
-122.043975,37.008937,82.16,0.418,3
-122.043669,37.008937,81.72,0.431,3
-122.043363,37.008937,81.32,0.593,3
-122.043056,37.008937,80.89,0.63,3
-122.04275,37.008937,79.75,0.57,3
-122.042444,37.008937,77.82,0.6,3
-122.042138,37.008937,76.08,0.693,3
-122.041831,37.008937,75.31,0.73,3
-122.041525,37.008937,74.37,0.767,3
-122.041219,37.008937,73.62,0.79,3
-122.040913,37.008937,72.64,0.846,3
-122.040606,37.008937,71.87,0.862,3
-122.0403,37.008937,71.25,0.865,3
-122.049181,37.008631,69.48,0.864,3
-122.048875,37.008631,69.55,0.842,3
-122.048569,37.008631,69.66,0.829,3
-122.048263,37.008631,69.83,0.836,3
-122.047956,37.008631,70.01,0.858,3
-122.04765,37.008631,70.13,0.873,3
-122.047344,37.008631,70.33,0.861,3
-122.047038,37.008631,70.61,0.859,3
-122.046731,37.008631,71.01,0.835,3
-122.046425,37.008631,71.67,0.807,3
-122.046119,37.008631,72.24,0.8,3
-122.045813,37.008631,72.57,0.802,3
-122.045506,37.008631,72.94,0.785,3
-122.0452,37.008631,73.56,0.762,3
-122.044894,37.008631,74.53,0.806,3
-122.044588,37.008631,76.2,0.79,3
-122.044281,37.008631,78.27,0.627,3
-122.043975,37.008631,79.3,0.626,3
-122.043669,37.008631,79.44,0.595,3
-122.043363,37.008631,79.77,0.557,3
-122.043056,37.008631,79.48,0.62,3
-122.04275,37.008631,78.49,0.7,3
-122.042444,37.008631,77.23,0.713,3
-122.042138,37.008631,76.21,0.713,3
-122.041831,37.008631,75.87,0.752,3
-122.041525,37.008631,75.39,0.752,3
-122.041219,37.008631,74.96,0.715,3
-122.040913,37.008631,73.85,0.794,3
-122.040606,37.008631,72.8,0.81,3
-122.0403,37.008631,71.88,0.825,3
-122.060207,37.008325,70.97,0.856,3
-122.0599,37.008325,70.91,0.852,3
-122.059594,37.008325,70.78,0.862,3
-122.059288,37.008325,70.7,0.878,3
-122.058982,37.008325,70.7,0.887,3
-122.058675,37.008325,70.74,0.886,3
-122.058369,37.008325,70.84,0.881,3
-122.058063,37.008325,70.92,0.889,3
-122.057757,37.008325,71.01,0.888,3
-122.05745,37.008325,71.16,0.884,3
-122.057144,37.008325,71.1,0.872,3
-122.056838,37.008325,70.91,0.874,3
-122.056532,37.008325,70.73,0.868,3
-122.056225,37.008325,70.7,0.864,3
-122.055919,37.008325,70.81,0.86,3
-122.055613,37.008325,70.85,0.86,3
-122.055307,37.008325,70.64,0.871,3
-122.055,37.008325,70.39,0.872,3
-122.054694,37.008325,70.16,0.874,3
-122.054388,37.008325,70,0.871,3
-122.054082,37.008325,69.86,0.871,3
-122.053775,37.008325,69.7,0.873,3
-122.053469,37.008325,69.57,0.872,3
-122.053163,37.008325,69.5,0.864,3
-122.052856,37.008325,69.4,0.863,3
-122.05255,37.008325,69.29,0.874,3
-122.052244,37.008325,69.27,0.883,3
-122.051938,37.008325,69.36,0.881,3
-122.051631,37.008325,69.27,0.878,3
-122.051325,37.008325,69.18,0.875,3
-122.051019,37.008325,69.23,0.866,3
-122.050713,37.008325,69.42,0.863,3
-122.050406,37.008325,69.57,0.866,3
-122.0501,37.008325,69.64,0.865,3
-122.049794,37.008325,69.73,0.864,3
-122.049488,37.008325,69.84,0.866,3
-122.049181,37.008325,69.94,0.857,3
-122.048875,37.008325,70.07,0.835,3
-122.048569,37.008325,70.23,0.813,3
-122.048263,37.008325,70.36,0.798,3
-122.047956,37.008325,70.46,0.824,3
-122.04765,37.008325,70.4,0.854,3
-122.047344,37.008325,70.35,0.862,3
-122.047038,37.008325,70.39,0.864,3
-122.046731,37.008325,70.48,0.857,3
-122.046425,37.008325,70.63,0.848,3
-122.046119,37.008325,70.74,0.846,3
-122.045813,37.008325,70.9,0.844,3
-122.045506,37.008325,71.33,0.836,3
-122.0452,37.008325,71.97,0.826,3
-122.044894,37.008325,72.63,0.824,3
-122.044588,37.008325,73.52,0.829,3
-122.044281,37.008325,75.05,0.711,3
-122.043975,37.008325,75.86,0.744,3
-122.043669,37.008325,76.51,0.725,3
-122.043363,37.008325,77.17,0.682,3
-122.043056,37.008325,77.22,0.752,3
-122.04275,37.008325,76.83,0.822,3
-122.042444,37.008325,76.4,0.822,3
-122.042138,37.008325,76.17,0.808,3
-122.041831,37.008325,76.4,0.783,3
-122.041525,37.008325,76.74,0.777,3
-122.041219,37.008325,76.51,0.815,3
-122.040913,37.008325,75.21,0.857,3
-122.040606,37.008325,73.77,0.845,3
-122.0403,37.008325,72.51,0.85,3
-122.039994,37.008325,71.51,0.856,3
-122.065413,37.008018,72.05,0.825,3
-122.065107,37.008018,71.87,0.86,3
-122.0648,37.008018,72.05,0.858,3
-122.064494,37.008018,72.23,0.853,3
-122.064188,37.008018,72.08,0.861,3
-122.063882,37.008018,71.79,0.872,3
-122.063575,37.008018,71.57,0.88,3
-122.063269,37.008018,71.52,0.88,3
-122.062963,37.008018,71.49,0.869,3
-122.062657,37.008018,71.43,0.861,3
-122.06235,37.008018,71.39,0.861,3
-122.062044,37.008018,71.4,0.858,3
-122.061738,37.008018,71.42,0.856,3
-122.061432,37.008018,71.45,0.859,3
-122.061125,37.008018,71.41,0.877,3
-122.060819,37.008018,71.21,0.876,3
-122.060513,37.008018,71.16,0.86,3
-122.060207,37.008018,71.09,0.858,3
-122.0599,37.008018,71.02,0.861,3
-122.059594,37.008018,70.93,0.871,3
-122.059288,37.008018,70.85,0.885,3
-122.058982,37.008018,70.82,0.895,3
-122.058675,37.008018,70.83,0.894,3
-122.058369,37.008018,70.89,0.884,3
-122.058063,37.008018,70.91,0.894,3
-122.057757,37.008018,71.03,0.899,3
-122.05745,37.008018,71.09,0.89,3
-122.057144,37.008018,70.99,0.88,3
-122.056838,37.008018,70.82,0.879,3
-122.056532,37.008018,70.68,0.874,3
-122.056225,37.008018,70.67,0.874,3
-122.055919,37.008018,70.75,0.87,3
-122.055613,37.008018,70.8,0.865,3
-122.055307,37.008018,70.71,0.87,3
-122.055,37.008018,70.5,0.872,3
-122.054694,37.008018,70.3,0.869,3
-122.054388,37.008018,70.2,0.862,3
-122.054082,37.008018,70.05,0.861,3
-122.053775,37.008018,69.92,0.862,3
-122.053469,37.008018,69.79,0.865,3
-122.053163,37.008018,69.69,0.866,3
-122.052856,37.008018,69.57,0.876,3
-122.05255,37.008018,69.45,0.881,3
-122.052244,37.008018,69.44,0.873,3
-122.051938,37.008018,69.53,0.871,3
-122.051631,37.008018,69.47,0.867,3
-122.051325,37.008018,69.43,0.864,3
-122.051019,37.008018,69.45,0.864,3
-122.050713,37.008018,69.57,0.863,3
-122.050406,37.008018,69.7,0.866,3
-122.0501,37.008018,69.84,0.868,3
-122.049794,37.008018,70,0.869,3
-122.049488,37.008018,70.12,0.868,3
-122.049181,37.008018,70.2,0.864,3
-122.048875,37.008018,70.29,0.856,3
-122.048569,37.008018,70.39,0.839,3
-122.048263,37.008018,70.5,0.807,3
-122.047956,37.008018,70.59,0.808,3
-122.04765,37.008018,70.51,0.843,3
-122.047344,37.008018,70.37,0.849,3
-122.047038,37.008018,70.35,0.845,3
-122.046731,37.008018,70.34,0.838,3
-122.046425,37.008018,70.34,0.839,3
-122.046119,37.008018,70.34,0.846,3
-122.045813,37.008018,70.41,0.853,3
-122.045506,37.008018,70.65,0.857,3
-122.0452,37.008018,71.1,0.853,3
-122.044894,37.008018,71.69,0.823,3
-122.044588,37.008018,72.42,0.787,3
-122.044281,37.008018,73,0.834,3
-122.043975,37.008018,73.81,0.824,3
-122.043669,37.008018,74.57,0.816,3
-122.043363,37.008018,75.26,0.777,3
-122.043056,37.008018,75.73,0.754,3
-122.04275,37.008018,76.11,0.772,3
-122.042444,37.008018,76.42,0.795,3
-122.042138,37.008018,76.74,0.778,3
-122.041831,37.008018,77.46,0.741,3
-122.041525,37.008018,78.39,0.774,3
-122.041219,37.008018,78.52,0.782,3
-122.040913,37.008018,77.03,0.78,3
-122.040606,37.008018,75.31,0.81,3
-122.0403,37.008018,73.53,0.829,3
-122.039994,37.008018,72.07,0.836,3
-122.070926,37.007712,78.87,0.653,3
-122.070619,37.007712,76.35,0.744,3
-122.070313,37.007712,74.25,0.817,3
-122.070007,37.007712,73.02,0.827,3
-122.069701,37.007712,72.57,0.824,3
-122.069394,37.007712,72.43,0.844,3
-122.069088,37.007712,72.34,0.867,3
-122.068782,37.007712,72.27,0.87,3
-122.068476,37.007712,72.06,0.858,3
-122.068169,37.007712,71.84,0.851,3
-122.067863,37.007712,71.86,0.873,3
-122.067557,37.007712,71.98,0.862,3
-122.067251,37.007712,72.13,0.844,3
-122.066944,37.007712,72.26,0.846,3
-122.066638,37.007712,72.38,0.836,3
-122.066332,37.007712,72.49,0.826,3
-122.066026,37.007712,72.48,0.817,3
-122.065719,37.007712,72.43,0.801,3
-122.065413,37.007712,72.35,0.8,3
-122.065107,37.007712,72.24,0.842,3
-122.0648,37.007712,72.42,0.847,3
-122.064494,37.007712,72.48,0.844,3
-122.064188,37.007712,72.25,0.854,3
-122.063882,37.007712,71.93,0.863,3
-122.063575,37.007712,71.68,0.869,3
-122.063269,37.007712,71.57,0.873,3
-122.062963,37.007712,71.5,0.861,3
-122.062657,37.007712,71.43,0.854,3
-122.06235,37.007712,71.39,0.857,3
-122.062044,37.007712,71.4,0.856,3
-122.061738,37.007712,71.43,0.859,3
-122.061432,37.007712,71.48,0.859,3
-122.061125,37.007712,71.48,0.868,3
-122.060819,37.007712,71.34,0.87,3
-122.060513,37.007712,71.26,0.868,3
-122.060207,37.007712,71.25,0.866,3
-122.0599,37.007712,71.26,0.863,3
-122.059594,37.007712,71.19,0.87,3
-122.059288,37.007712,71.07,0.885,3
-122.058982,37.007712,70.97,0.892,3
-122.058675,37.007712,70.9,0.887,3
-122.058369,37.007712,70.87,0.887,3
-122.058063,37.007712,70.82,0.902,3
-122.057757,37.007712,70.91,0.895,3
-122.05745,37.007712,70.91,0.889,3
-122.057144,37.007712,70.82,0.881,3
-122.056838,37.007712,70.68,0.881,3
-122.056532,37.007712,70.6,0.875,3
-122.056225,37.007712,70.62,0.872,3
-122.055919,37.007712,70.71,0.874,3
-122.055613,37.007712,70.81,0.866,3
-122.055307,37.007712,70.85,0.853,3
-122.055,37.007712,70.67,0.862,3
-122.054694,37.007712,70.49,0.862,3
-122.054388,37.007712,70.39,0.871,3
-122.054082,37.007712,70.26,0.865,3
-122.053775,37.007712,70.18,0.862,3
-122.053469,37.007712,70.06,0.869,3
-122.053163,37.007712,69.93,0.867,3
-122.052856,37.007712,69.8,0.872,3
-122.05255,37.007712,69.67,0.872,3
-122.052244,37.007712,69.63,0.864,3
-122.051938,37.007712,69.69,0.866,3
-122.051631,37.007712,69.69,0.866,3
-122.051325,37.007712,69.63,0.863,3
-122.051019,37.007712,69.64,0.871,3
-122.050713,37.007712,69.71,0.864,3
-122.050406,37.007712,69.84,0.868,3
-122.0501,37.007712,70.02,0.866,3
-122.049794,37.007712,70.2,0.862,3
-122.049488,37.007712,70.3,0.861,3
-122.049181,37.007712,70.31,0.86,3
-122.048875,37.007712,70.29,0.859,3
-122.048569,37.007712,70.28,0.858,3
-122.048263,37.007712,70.3,0.848,3
-122.047956,37.007712,70.26,0.851,3
-122.04765,37.007712,70.3,0.855,3
-122.047344,37.007712,70.23,0.851,3
-122.047038,37.007712,70.2,0.839,3
-122.046731,37.007712,70.19,0.837,3
-122.046425,37.007712,70.17,0.835,3
-122.046119,37.007712,70.26,0.829,3
-122.045813,37.007712,70.39,0.827,3
-122.045506,37.007712,70.51,0.836,3
-122.0452,37.007712,70.73,0.843,3
-122.044894,37.007712,71.1,0.831,3
-122.044588,37.007712,71.75,0.79,3
-122.044281,37.007712,72.22,0.825,3
-122.043975,37.007712,72.94,0.807,3
-122.043669,37.007712,73.81,0.727,3
-122.043363,37.007712,74.48,0.671,3
-122.043056,37.007712,75.03,0.644,3
-122.04275,37.007712,75.67,0.657,3
-122.042444,37.007712,76.36,0.707,3
-122.042138,37.007712,77.13,0.737,3
-122.041831,37.007712,78.32,0.705,3
-122.041525,37.007712,79.87,0.654,3
-122.041219,37.007712,80.13,0.583,3
-122.040913,37.007712,78.74,0.575,3
-122.040606,37.007712,77.09,0.749,3
-122.0403,37.007712,74.57,0.823,3
-122.039994,37.007712,72.5,0.833,3
-122.081645,37.007406,71.53,0.884,3
-122.081338,37.007406,72.14,0.868,3
-122.081032,37.007406,72.85,0.848,3
-122.080726,37.007406,73.74,0.868,3
-122.08042,37.007406,74.11,0.857,2
-122.080113,37.007406,75.01,0.774,2
-122.079807,37.007406,75.98,0.676,2
-122.079501,37.007406,76.69,0.69,2
-122.079195,37.007406,76.88,0.787,2
-122.078888,37.007406,76.14,0.846,2
-122.078582,37.007406,74.54,0.836,2
-122.078276,37.007406,72.94,0.817,2
-122.07797,37.007406,72.24,0.84,2
-122.077663,37.007406,72.29,0.867,2
-122.077357,37.007406,73.59,0.867,3
-122.077051,37.007406,75.34,0.844,3
-122.076744,37.007406,77.74,0.847,3
-122.076438,37.007406,82.04,0.741,3
-122.076132,37.007406,85.1,0.592,3
-122.075826,37.007406,86.89,0.512,3
-122.075519,37.007406,87.33,0.57,4
-122.075213,37.007406,88.62,0.595,4
-122.074907,37.007406,90.74,0.525,3
-122.074601,37.007406,91.29,0.509,3
-122.074294,37.007406,91.72,0.578,3
-122.073988,37.007406,93.33,0.5,3
-122.073682,37.007406,93.78,0.583,3
-122.073376,37.007406,94.01,0.69,3
-122.073069,37.007406,93.68,0.617,3
-122.072763,37.007406,93.9,0.517,3
-122.072457,37.007406,94.1,0.484,3
-122.072151,37.007406,92.79,0.472,3
-122.071844,37.007406,89.95,0.5,3
-122.071538,37.007406,86.08,0.615,3
-122.071232,37.007406,82.27,0.754,3
-122.070926,37.007406,79.59,0.652,3
-122.070619,37.007406,76.47,0.757,3
-122.070313,37.007406,74.09,0.831,3
-122.070007,37.007406,72.82,0.843,3
-122.069701,37.007406,72.56,0.848,3
-122.069394,37.007406,72.7,0.857,3
-122.069088,37.007406,72.84,0.854,3
-122.068782,37.007406,72.85,0.846,3
-122.068476,37.007406,72.61,0.853,3
-122.068169,37.007406,72.39,0.86,3
-122.067863,37.007406,72.35,0.871,3
-122.067557,37.007406,72.4,0.853,3
-122.067251,37.007406,72.51,0.835,3
-122.066944,37.007406,72.61,0.837,3
-122.066638,37.007406,72.74,0.826,3
-122.066332,37.007406,72.86,0.818,3
-122.066026,37.007406,72.91,0.815,3
-122.065719,37.007406,72.92,0.812,3
-122.065413,37.007406,72.92,0.816,3
-122.065107,37.007406,72.88,0.829,3
-122.0648,37.007406,72.97,0.832,3
-122.064494,37.007406,73.02,0.814,3
-122.064188,37.007406,72.73,0.815,3
-122.063882,37.007406,72.35,0.828,3
-122.063575,37.007406,72.05,0.837,3
-122.063269,37.007406,71.85,0.852,3
-122.062963,37.007406,71.7,0.856,3
-122.062657,37.007406,71.6,0.855,3
-122.06235,37.007406,71.54,0.857,3
-122.062044,37.007406,71.53,0.857,3
-122.061738,37.007406,71.56,0.851,3
-122.061432,37.007406,71.62,0.84,3
-122.061125,37.007406,71.64,0.829,3
-122.060819,37.007406,71.63,0.825,3
-122.060513,37.007406,71.52,0.854,3
-122.060207,37.007406,71.42,0.869,3
-122.0599,37.007406,71.31,0.87,3
-122.059594,37.007406,71.19,0.873,3
-122.059288,37.007406,71.08,0.879,3
-122.058982,37.007406,70.99,0.881,3
-122.058675,37.007406,70.91,0.88,3
-122.058369,37.007406,70.87,0.883,3
-122.058063,37.007406,70.75,0.905,3
-122.057757,37.007406,70.77,0.899,3
-122.05745,37.007406,70.74,0.885,3
-122.057144,37.007406,70.67,0.882,3
-122.056838,37.007406,70.58,0.876,3
-122.056532,37.007406,70.54,0.867,3
-122.056225,37.007406,70.6,0.867,3
-122.055919,37.007406,70.73,0.876,3
-122.055613,37.007406,70.88,0.867,3
-122.055307,37.007406,70.95,0.844,3
-122.055,37.007406,70.79,0.867,3
-122.054694,37.007406,70.64,0.88,3
-122.054388,37.007406,70.55,0.883,3
-122.054082,37.007406,70.48,0.882,3
-122.053775,37.007406,70.44,0.875,3
-122.053469,37.007406,70.31,0.876,3
-122.053163,37.007406,70.17,0.879,3
-122.052856,37.007406,70.03,0.875,3
-122.05255,37.007406,69.88,0.876,3
-122.052244,37.007406,69.78,0.878,3
-122.051938,37.007406,69.81,0.87,3
-122.051631,37.007406,69.85,0.87,3
-122.051325,37.007406,69.79,0.873,3
-122.051019,37.007406,69.79,0.876,3
-122.050713,37.007406,69.83,0.859,3
-122.050406,37.007406,69.95,0.859,3
-122.0501,37.007406,70.14,0.86,3
-122.049794,37.007406,70.3,0.855,3
-122.049488,37.007406,70.35,0.859,3
-122.049181,37.007406,70.31,0.86,3
-122.048875,37.007406,70.24,0.858,3
-122.048569,37.007406,70.15,0.863,3
-122.048263,37.007406,70.09,0.861,3
-122.047956,37.007406,70.02,0.87,3
-122.04765,37.007406,70.08,0.868,3
-122.047344,37.007406,70.09,0.862,3
-122.047038,37.007406,70.08,0.853,3
-122.046731,37.007406,70.08,0.862,3
-122.046425,37.007406,70.08,0.853,3
-122.046119,37.007406,70.18,0.837,3
-122.045813,37.007406,70.36,0.827,3
-122.045506,37.007406,70.51,0.81,3
-122.0452,37.007406,70.63,0.792,3
-122.044894,37.007406,70.74,0.818,3
-122.044588,37.007406,71.12,0.832,3
-122.044281,37.007406,71.56,0.848,3
-122.043975,37.007406,72.19,0.833,3
-122.043669,37.007406,72.9,0.781,3
-122.043363,37.007406,73.49,0.755,3
-122.043056,37.007406,74.09,0.723,3
-122.04275,37.007406,74.8,0.68,3
-122.042444,37.007406,75.69,0.665,3
-122.042138,37.007406,76.92,0.683,3
-122.041831,37.007406,78.58,0.666,3
-122.041525,37.007406,80.25,0.576,3
-122.041219,37.007406,80.4,0.524,3
-122.040913,37.007406,79.31,0.511,3
-122.040606,37.007406,77.41,0.764,3
-122.0403,37.007406,74.6,0.833,3
-122.039994,37.007406,72.42,0.839,3
-122.086238,37.0071,70.86,0.873,4
-122.085932,37.0071,71.21,0.869,4
-122.085626,37.0071,71.89,0.868,4
-122.08532,37.0071,72.56,0.872,4
-122.085013,37.0071,73.14,0.864,4
-122.084707,37.0071,73.59,0.842,4
-122.084401,37.0071,73.94,0.73,4
-122.084095,37.0071,73.74,0.824,4
-122.083788,37.0071,73.12,0.878,4
-122.083482,37.0071,72.25,0.884,4
-122.083176,37.0071,71.5,0.888,4
-122.08287,37.0071,71.32,0.883,3
-122.082563,37.0071,71.33,0.869,3
-122.082257,37.0071,71.23,0.862,3
-122.081951,37.0071,71.3,0.871,3
-122.081645,37.0071,71.52,0.881,3
-122.081338,37.0071,71.97,0.868,3
-122.081032,37.0071,72.36,0.851,3
-122.080726,37.0071,73.1,0.88,3
-122.08042,37.0071,73.92,0.871,3
-122.080113,37.0071,74.99,0.701,3
-122.079807,37.0071,75.78,0.648,3
-122.079501,37.0071,76.4,0.668,3
-122.079195,37.0071,76.2,0.746,3
-122.078888,37.0071,75.06,0.844,3
-122.078582,37.0071,73.84,0.854,3
-122.078276,37.0071,72.78,0.836,3
-122.07797,37.0071,72.3,0.848,3
-122.077663,37.0071,72.22,0.866,3
-122.077357,37.0071,72.97,0.866,3
-122.077051,37.0071,74.62,0.852,3
-122.076744,37.0071,76.84,0.848,3
-122.076438,37.0071,79.72,0.743,3
-122.076132,37.0071,82.87,0.589,3
-122.075826,37.0071,84.94,0.561,3
-122.075519,37.0071,85.92,0.656,3
-122.075213,37.0071,87.41,0.672,3
-122.074907,37.0071,89.43,0.561,3
-122.074601,37.0071,90.45,0.519,3
-122.074294,37.0071,91.2,0.609,3
-122.073988,37.0071,93.46,0.467,3
-122.073682,37.0071,94.32,0.47,3
-122.073376,37.0071,94.75,0.609,3
-122.073069,37.0071,94.01,0.652,3
-122.072763,37.0071,93.93,0.524,3
-122.072457,37.0071,94.35,0.384,3
-122.072151,37.0071,93.28,0.35,3
-122.071844,37.0071,90.21,0.371,3
-122.071538,37.0071,86.2,0.441,3
-122.071232,37.0071,82.32,0.652,3
-122.070926,37.0071,79.09,0.783,3
-122.070619,37.0071,75.99,0.821,3
-122.070313,37.0071,73.68,0.849,3
-122.070007,37.0071,72.52,0.857,3
-122.069701,37.0071,72.45,0.864,3
-122.069394,37.0071,72.93,0.858,3
-122.069088,37.0071,73.41,0.823,3
-122.068782,37.0071,73.58,0.789,3
-122.068476,37.0071,73.46,0.805,3
-122.068169,37.0071,73.25,0.846,3
-122.067863,37.0071,73.18,0.841,3
-122.067557,37.0071,73.09,0.838,3
-122.067251,37.0071,73.06,0.82,3
-122.066944,37.0071,73.06,0.814,3
-122.066638,37.0071,73.08,0.813,3
-122.066332,37.0071,73.14,0.817,3
-122.066026,37.0071,73.18,0.82,3
-122.065719,37.0071,73.26,0.813,3
-122.065413,37.0071,73.4,0.791,3
-122.065107,37.0071,73.49,0.78,3
-122.0648,37.0071,73.49,0.812,3
-122.064494,37.0071,73.52,0.783,3
-122.064188,37.0071,73.42,0.747,3
-122.063882,37.0071,72.99,0.781,3
-122.063575,37.0071,72.67,0.798,3
-122.063269,37.0071,72.44,0.811,3
-122.062963,37.0071,72.21,0.82,3
-122.062657,37.0071,72.06,0.829,3
-122.06235,37.0071,71.97,0.839,3
-122.062044,37.0071,71.91,0.841,3
-122.061738,37.0071,71.94,0.839,3
-122.061432,37.0071,71.96,0.839,3
-122.061125,37.0071,71.94,0.841,3
-122.060819,37.0071,71.87,0.831,3
-122.060513,37.0071,71.73,0.852,3
-122.060207,37.0071,71.59,0.857,3
-122.0599,37.0071,71.45,0.854,3
-122.059594,37.0071,71.26,0.865,3
-122.059288,37.0071,71.1,0.875,3
-122.058982,37.0071,70.99,0.878,3
-122.058675,37.0071,70.92,0.883,3
-122.058369,37.0071,70.87,0.89,3
-122.058063,37.0071,70.78,0.9,3
-122.057757,37.0071,70.78,0.89,3
-122.05745,37.0071,70.72,0.894,3
-122.057144,37.0071,70.63,0.896,3
-122.056838,37.0071,70.57,0.876,3
-122.056532,37.0071,70.55,0.87,3
-122.056225,37.0071,70.67,0.873,3
-122.055919,37.0071,70.87,0.868,3
-122.055613,37.0071,70.99,0.855,3
-122.055307,37.0071,70.93,0.852,3
-122.055,37.0071,70.8,0.863,3
-122.054694,37.0071,70.73,0.873,3
-122.054388,37.0071,70.68,0.877,3
-122.054082,37.0071,70.65,0.876,3
-122.053775,37.0071,70.57,0.879,3
-122.053469,37.0071,70.4,0.887,3
-122.053163,37.0071,70.29,0.889,3
-122.052856,37.0071,70.18,0.885,3
-122.05255,37.0071,70.03,0.882,3
-122.052244,37.0071,69.9,0.878,3
-122.051938,37.0071,69.92,0.876,3
-122.051631,37.0071,69.99,0.882,3
-122.051325,37.0071,69.92,0.881,3
-122.051019,37.0071,69.93,0.866,3
-122.050713,37.0071,69.95,0.858,3
-122.050406,37.0071,70.03,0.858,3
-122.0501,37.0071,70.13,0.863,3
-122.049794,37.0071,70.29,0.858,3
-122.049488,37.0071,70.34,0.862,3
-122.049181,37.0071,70.31,0.868,3
-122.048875,37.0071,70.25,0.87,3
-122.048569,37.0071,70.16,0.876,3
-122.048263,37.0071,70.09,0.873,3
-122.047956,37.0071,69.97,0.872,3
-122.04765,37.0071,69.95,0.869,3
-122.047344,37.0071,69.97,0.871,3
-122.047038,37.0071,70.04,0.866,3
-122.046731,37.0071,70.12,0.872,3
-122.046425,37.0071,70.17,0.857,3
-122.046119,37.0071,70.21,0.84,3
-122.045813,37.0071,70.25,0.841,3
-122.045506,37.0071,70.28,0.841,3
-122.0452,37.0071,70.34,0.822,3
-122.044894,37.0071,70.4,0.809,3
-122.044588,37.0071,70.65,0.816,3
-122.044281,37.0071,71.02,0.818,3
-122.043975,37.0071,71.44,0.831,3
-122.043669,37.0071,71.84,0.854,3
-122.043363,37.0071,72.39,0.858,3
-122.043056,37.0071,73.05,0.832,3
-122.04275,37.0071,73.79,0.789,3
-122.042444,37.0071,74.9,0.719,3
-122.042138,37.0071,76.57,0.662,3
-122.041831,37.0071,78.36,0.656,3
-122.041525,37.0071,79.57,0.607,3
-122.041219,37.0071,79.34,0.559,3
-122.040913,37.0071,77.75,0.605,3
-122.040606,37.0071,75.79,0.792,3
-122.0403,37.0071,73.3,0.822,3
-122.039994,37.0071,71.71,0.847,3
-122.086238,37.006793,70.78,0.888,4
-122.085932,37.006793,71.08,0.887,4
-122.085626,37.006793,71.67,0.886,4
-122.08532,37.006793,72.25,0.88,4
-122.085013,37.006793,72.83,0.864,4
-122.084707,37.006793,73.46,0.837,4
-122.084401,37.006793,74.07,0.762,4
-122.084095,37.006793,73.92,0.86,4
-122.083788,37.006793,73.34,0.888,4
-122.083482,37.006793,72.4,0.882,4
-122.083176,37.006793,71.77,0.881,3
-122.08287,37.006793,71.49,0.881,3
-122.082563,37.006793,71.41,0.872,3
-122.082257,37.006793,71.39,0.867,3
-122.081951,37.006793,71.4,0.882,3
-122.081645,37.006793,71.42,0.893,3
-122.081338,37.006793,71.43,0.887,3
-122.081032,37.006793,71.54,0.87,3
-122.080726,37.006793,72.14,0.867,3
-122.08042,37.006793,73.05,0.865,3
-122.080113,37.006793,73.88,0.785,3
-122.079807,37.006793,74.5,0.784,3
-122.079501,37.006793,74.86,0.788,3
-122.079195,37.006793,74.47,0.807,3
-122.078888,37.006793,73.56,0.852,3
-122.078582,37.006793,72.86,0.86,3
-122.078276,37.006793,72.22,0.852,3
-122.07797,37.006793,72.1,0.851,3
-122.077663,37.006793,72.18,0.838,3
-122.077357,37.006793,72.62,0.842,3
-122.077051,37.006793,73.79,0.857,3
-122.076744,37.006793,75.49,0.852,3
-122.076438,37.006793,77.74,0.752,3
-122.076132,37.006793,80.46,0.66,3
-122.075826,37.006793,82.87,0.663,3
-122.075519,37.006793,84.72,0.716,3
-122.075213,37.006793,86.56,0.722,3
-122.074907,37.006793,88.39,0.646,3
-122.074601,37.006793,89.97,0.535,3
-122.074294,37.006793,91.3,0.541,3
-122.073988,37.006793,93.83,0.492,3
-122.073682,37.006793,95.08,0.451,3
-122.073376,37.006793,95.54,0.492,3
-122.073069,37.006793,94.31,0.546,3
-122.072763,37.006793,93.23,0.505,3
-122.072457,37.006793,92.66,0.384,3
-122.072151,37.006793,91.14,0.308,3
-122.071844,37.006793,88.05,0.328,3
-122.071538,37.006793,84.39,0.376,3
-122.071232,37.006793,81.01,0.585,3
-122.070926,37.006793,77.63,0.836,3
-122.070619,37.006793,74.85,0.84,3
-122.070313,37.006793,72.98,0.857,3
-122.070007,37.006793,72.28,0.872,3
-122.069701,37.006793,72.55,0.872,3
-122.069394,37.006793,73.21,0.854,3
-122.069088,37.006793,73.84,0.805,3
-122.068782,37.006793,74.16,0.761,3
-122.068476,37.006793,74.1,0.785,3
-122.068169,37.006793,73.98,0.83,3
-122.067863,37.006793,73.95,0.82,3
-122.067557,37.006793,73.81,0.829,3
-122.067251,37.006793,73.6,0.829,3
-122.066944,37.006793,73.49,0.816,3
-122.066638,37.006793,73.41,0.794,3
-122.066332,37.006793,73.35,0.793,3
-122.066026,37.006793,73.32,0.792,3
-122.065719,37.006793,73.38,0.783,3
-122.065413,37.006793,73.56,0.769,3
-122.065107,37.006793,73.73,0.763,3
-122.0648,37.006793,73.77,0.812,3
-122.064494,37.006793,73.7,0.823,3
-122.064188,37.006793,73.59,0.809,3
-122.063882,37.006793,73.32,0.816,3
-122.063575,37.006793,73.08,0.81,3
-122.063269,37.006793,72.94,0.805,3
-122.062963,37.006793,72.79,0.783,3
-122.062657,37.006793,72.67,0.786,3
-122.06235,37.006793,72.59,0.808,3
-122.062044,37.006793,72.56,0.808,3
-122.061738,37.006793,72.67,0.799,3
-122.061432,37.006793,72.69,0.809,3
-122.061125,37.006793,72.55,0.84,3
-122.060819,37.006793,72.39,0.851,3
-122.060513,37.006793,72.21,0.86,3
-122.060207,37.006793,72.01,0.854,3
-122.0599,37.006793,71.78,0.842,3
-122.059594,37.006793,71.49,0.853,3
-122.059288,37.006793,71.21,0.869,3
-122.058982,37.006793,71.03,0.875,3
-122.058675,37.006793,70.95,0.884,3
-122.058369,37.006793,70.91,0.896,3
-122.058063,37.006793,70.87,0.892,3
-122.057757,37.006793,70.91,0.883,3
-122.05745,37.006793,70.84,0.892,3
-122.057144,37.006793,70.73,0.895,3
-122.056838,37.006793,70.65,0.874,3
-122.056532,37.006793,70.67,0.867,3
-122.056225,37.006793,70.85,0.859,3
-122.055919,37.006793,71.05,0.845,3
-122.055613,37.006793,71.07,0.845,3
-122.055307,37.006793,70.91,0.858,3
-122.055,37.006793,70.81,0.86,3
-122.054694,37.006793,70.75,0.869,3
-122.054388,37.006793,70.76,0.871,3
-122.054082,37.006793,70.68,0.866,3
-122.053775,37.006793,70.45,0.878,3
-122.053469,37.006793,70.28,0.884,3
-122.053163,37.006793,70.25,0.888,3
-122.052856,37.006793,70.18,0.889,3
-122.05255,37.006793,70.06,0.89,3
-122.052244,37.006793,69.98,0.888,3
-122.051938,37.006793,70.02,0.885,3
-122.051631,37.006793,70.15,0.889,3
-122.051325,37.006793,70.11,0.885,3
-122.051019,37.006793,70.09,0.865,3
-122.050713,37.006793,70.08,0.862,3
-122.050406,37.006793,70.12,0.858,3
-122.0501,37.006793,70.18,0.862,3
-122.049794,37.006793,70.31,0.859,3
-122.049488,37.006793,70.38,0.862,3
-122.049181,37.006793,70.39,0.877,3
-122.048875,37.006793,70.36,0.886,3
-122.048569,37.006793,70.3,0.88,3
-122.048263,37.006793,70.18,0.873,3
-122.047956,37.006793,69.94,0.87,3
-122.04765,37.006793,69.82,0.862,3
-122.047344,37.006793,69.81,0.865,3
-122.047038,37.006793,69.92,0.858,3
-122.046731,37.006793,70.04,0.862,3
-122.046425,37.006793,70.17,0.857,3
-122.046119,37.006793,70.24,0.848,3
-122.045813,37.006793,70.24,0.837,3
-122.045506,37.006793,70.18,0.839,3
-122.0452,37.006793,70.1,0.855,3
-122.044894,37.006793,70.1,0.852,3
-122.044588,37.006793,70.21,0.848,3
-122.044281,37.006793,70.45,0.813,3
-122.043975,37.006793,70.71,0.82,3
-122.043669,37.006793,70.97,0.837,3
-122.043363,37.006793,71.41,0.839,3
-122.043056,37.006793,71.99,0.845,3
-122.04275,37.006793,72.74,0.837,3
-122.042444,37.006793,73.97,0.816,3
-122.042138,37.006793,75.71,0.79,3
-122.041831,37.006793,77.45,0.743,3
-122.041525,37.006793,78.42,0.674,3
-122.041219,37.006793,77.51,0.67,3
-122.040913,37.006793,75.37,0.696,3
-122.040606,37.006793,73.5,0.798,3
-122.0403,37.006793,71.87,0.833,3
-122.039994,37.006793,70.94,0.861,3
-122.086238,37.006487,70.84,0.854,4
-122.085932,37.006487,71.07,0.871,4
-122.085626,37.006487,71.57,0.893,4
-122.08532,37.006487,72.2,0.891,4
-122.085013,37.006487,73.01,0.869,4
-122.084707,37.006487,74.09,0.83,4
-122.084401,37.006487,74.97,0.759,4
-122.084095,37.006487,74.98,0.831,4
-122.083788,37.006487,74.4,0.884,3
-122.083482,37.006487,73.19,0.879,3
-122.083176,37.006487,72.17,0.878,3
-122.08287,37.006487,71.7,0.877,3
-122.082563,37.006487,71.58,0.876,3
-122.082257,37.006487,71.48,0.88,3
-122.081951,37.006487,71.31,0.885,3
-122.081645,37.006487,71.09,0.889,3
-122.081338,37.006487,70.9,0.885,3
-122.081032,37.006487,70.84,0.877,3
-122.080726,37.006487,71.21,0.862,3
-122.08042,37.006487,72,0.842,3
-122.080113,37.006487,72.59,0.82,3
-122.079807,37.006487,72.95,0.826,3
-122.079501,37.006487,72.96,0.83,3
-122.079195,37.006487,72.64,0.831,3
-122.078888,37.006487,72.29,0.843,3
-122.078582,37.006487,72.05,0.855,3
-122.078276,37.006487,71.71,0.855,3
-122.07797,37.006487,71.76,0.857,3
-122.077663,37.006487,71.94,0.824,3
-122.077357,37.006487,72.36,0.839,3
-122.077051,37.006487,73,0.864,3
-122.076744,37.006487,74.1,0.862,3
-122.076438,37.006487,75.68,0.837,3
-122.076132,37.006487,77.8,0.796,3
-122.075826,37.006487,80.47,0.716,3
-122.075519,37.006487,83.3,0.641,3
-122.075213,37.006487,85.82,0.64,3
-122.074907,37.006487,87.95,0.662,3
-122.074601,37.006487,89.76,0.622,3
-122.074294,37.006487,91.13,0.585,3
-122.073988,37.006487,93.57,0.556,3
-122.073682,37.006487,94.75,0.475,3
-122.073376,37.006487,94.98,0.425,3
-122.073069,37.006487,93.31,0.418,3
-122.072763,37.006487,91.36,0.457,3
-122.072457,37.006487,89.69,0.427,3
-122.072151,37.006487,87.53,0.349,3
-122.071844,37.006487,84.57,0.374,3
-122.071538,37.006487,81.37,0.491,3
-122.071232,37.006487,78.48,0.762,3
-122.070926,37.006487,75.79,0.846,3
-122.070619,37.006487,73.54,0.837,3
-122.070313,37.006487,72.43,0.846,3
-122.070007,37.006487,72.33,0.876,3
-122.069701,37.006487,72.73,0.881,3
-122.069394,37.006487,73.28,0.869,3
-122.069088,37.006487,73.9,0.832,3
-122.068782,37.006487,74.39,0.792,3
-122.068476,37.006487,74.54,0.795,3
-122.068169,37.006487,74.56,0.811,3
-122.067863,37.006487,74.44,0.806,3
-122.067557,37.006487,74.23,0.805,3
-122.067251,37.006487,73.99,0.783,3
-122.066944,37.006487,73.79,0.779,3
-122.066638,37.006487,73.56,0.761,3
-122.066332,37.006487,73.35,0.78,3
-122.066026,37.006487,73.2,0.808,3
-122.065719,37.006487,73.22,0.825,3
-122.065413,37.006487,73.4,0.833,3
-122.065107,37.006487,73.62,0.824,3
-122.0648,37.006487,73.74,0.82,3
-122.064494,37.006487,73.7,0.8,3
-122.064188,37.006487,73.54,0.813,3
-122.063882,37.006487,73.39,0.812,3
-122.063575,37.006487,73.29,0.794,3
-122.063269,37.006487,73.19,0.806,3
-122.062963,37.006487,73.07,0.804,3
-122.062657,37.006487,72.98,0.813,3
-122.06235,37.006487,72.96,0.829,3
-122.062044,37.006487,73.05,0.822,3
-122.061738,37.006487,73.28,0.793,3
-122.061432,37.006487,73.48,0.743,3
-122.061125,37.006487,73.45,0.736,3
-122.060819,37.006487,73.26,0.789,3
-122.060513,37.006487,72.99,0.834,3
-122.060207,37.006487,72.69,0.846,3
-122.0599,37.006487,72.33,0.836,3
-122.059594,37.006487,71.88,0.842,3
-122.059288,37.006487,71.48,0.863,3
-122.058982,37.006487,71.22,0.879,3
-122.058675,37.006487,71.1,0.885,3
-122.058369,37.006487,71.06,0.887,3
-122.058063,37.006487,71.03,0.886,3
-122.057757,37.006487,71.08,0.883,3
-122.05745,37.006487,71.05,0.892,3
-122.057144,37.006487,70.95,0.889,3
-122.056838,37.006487,70.87,0.879,3
-122.056532,37.006487,70.92,0.867,3
-122.056225,37.006487,71.1,0.845,3
-122.055919,37.006487,71.22,0.829,3
-122.055613,37.006487,71.16,0.843,3
-122.055307,37.006487,71,0.866,3
-122.055,37.006487,70.9,0.864,3
-122.054694,37.006487,70.84,0.87,3
-122.054388,37.006487,70.86,0.871,3
-122.054082,37.006487,70.62,0.865,3
-122.053775,37.006487,70.34,0.868,3
-122.053469,37.006487,70.18,0.873,3
-122.053163,37.006487,70.17,0.879,3
-122.052856,37.006487,70.13,0.886,3
-122.05255,37.006487,70.07,0.892,3
-122.052244,37.006487,70.04,0.889,3
-122.051938,37.006487,70.1,0.88,3
-122.051631,37.006487,70.3,0.88,3
-122.051325,37.006487,70.35,0.872,3
-122.051019,37.006487,70.32,0.859,3
-122.050713,37.006487,70.32,0.86,3
-122.050406,37.006487,70.34,0.857,3
-122.0501,37.006487,70.37,0.858,3
-122.049794,37.006487,70.43,0.851,3
-122.049488,37.006487,70.52,0.842,3
-122.049181,37.006487,70.54,0.852,3
-122.048875,37.006487,70.51,0.871,3
-122.048569,37.006487,70.46,0.873,3
-122.048263,37.006487,70.3,0.864,3
-122.047956,37.006487,69.98,0.857,3
-122.04765,37.006487,69.75,0.85,3
-122.047344,37.006487,69.74,0.84,3
-122.047038,37.006487,69.83,0.847,3
-122.046731,37.006487,69.9,0.854,3
-122.046425,37.006487,70.02,0.85,3
-122.046119,37.006487,70.09,0.845,3
-122.045813,37.006487,70.13,0.834,3
-122.045506,37.006487,70.1,0.833,3
-122.0452,37.006487,70.01,0.853,3
-122.044894,37.006487,69.97,0.861,3
-122.044588,37.006487,69.96,0.845,3
-122.044281,37.006487,69.93,0.851,3
-122.043975,37.006487,70.04,0.846,3
-122.043669,37.006487,70.2,0.827,3
-122.043363,37.006487,70.5,0.816,3
-122.043056,37.006487,70.9,0.832,3
-122.04275,37.006487,71.5,0.843,3
-122.042444,37.006487,72.74,0.827,3
-122.042138,37.006487,74.56,0.772,3
-122.041831,37.006487,76.13,0.718,3
-122.041525,37.006487,76.55,0.755,3
-122.041219,37.006487,75.5,0.789,3
-122.040913,37.006487,73.22,0.842,3
-122.040606,37.006487,71.47,0.853,3
-122.0403,37.006487,70.85,0.863,3
-122.039994,37.006487,70.4,0.872,3
-122.039687,37.006487,70.03,0.865,3
-122.086238,37.006181,71,0.838,4
-122.085932,37.006181,71.18,0.861,4
-122.085626,37.006181,71.63,0.885,4
-122.08532,37.006181,72.35,0.877,4
-122.085013,37.006181,73.45,0.851,4
-122.084707,37.006181,74.83,0.8,4
-122.084401,37.006181,75.91,0.646,4
-122.084095,37.006181,76.17,0.663,3
-122.083788,37.006181,75.29,0.829,3
-122.083482,37.006181,73.73,0.875,3
-122.083176,37.006181,72.56,0.883,3
-122.08287,37.006181,71.99,0.883,3
-122.082563,37.006181,71.62,0.89,3
-122.082257,37.006181,71.22,0.898,3
-122.081951,37.006181,70.87,0.895,3
-122.081645,37.006181,70.66,0.887,3
-122.081338,37.006181,70.57,0.876,3
-122.081032,37.006181,70.45,0.875,3
-122.080726,37.006181,70.65,0.867,3
-122.08042,37.006181,71.04,0.855,3
-122.080113,37.006181,71.38,0.836,3
-122.079807,37.006181,71.51,0.829,3
-122.079501,37.006181,71.5,0.831,3
-122.079195,37.006181,71.46,0.843,3
-122.078888,37.006181,71.4,0.863,3
-122.078582,37.006181,71.29,0.878,3
-122.078276,37.006181,71.23,0.87,3
-122.07797,37.006181,71.42,0.852,3
-122.077663,37.006181,71.68,0.833,3
-122.077357,37.006181,71.84,0.843,3
-122.077051,37.006181,72.12,0.842,3
-122.076744,37.006181,72.92,0.859,3
-122.076438,37.006181,74.21,0.849,3
-122.076132,37.006181,75.95,0.829,3
-122.075826,37.006181,78.74,0.722,3
-122.075519,37.006181,82.27,0.573,3
-122.075213,37.006181,85.28,0.547,3
-122.074907,37.006181,87.38,0.609,3
-122.074601,37.006181,89.04,0.582,3
-122.074294,37.006181,90.44,0.623,3
-122.073988,37.006181,92.26,0.487,3
-122.073682,37.006181,92.16,0.386,3
-122.073376,37.006181,91.48,0.34,3
-122.073069,37.006181,89.73,0.305,3
-122.072763,37.006181,87.58,0.472,3
-122.072457,37.006181,85.49,0.621,3
-122.072151,37.006181,83.22,0.636,3
-122.071844,37.006181,80.6,0.696,3
-122.071538,37.006181,78.07,0.775,3
-122.071232,37.006181,75.97,0.857,3
-122.070926,37.006181,74.14,0.849,3
-122.070619,37.006181,72.71,0.833,3
-122.070313,37.006181,72.13,0.835,3
-122.070007,37.006181,72.14,0.865,3
-122.069701,37.006181,72.51,0.878,3
-122.069394,37.006181,73.06,0.875,3
-122.069088,37.006181,73.71,0.856,3
-122.068782,37.006181,74.37,0.816,3
-122.068476,37.006181,74.82,0.771,3
-122.068169,37.006181,74.82,0.758,3
-122.067863,37.006181,74.64,0.788,3
-122.067557,37.006181,74.4,0.739,3
-122.067251,37.006181,74.01,0.8,3
-122.066944,37.006181,73.61,0.8,3
-122.066638,37.006181,73.19,0.813,3
-122.066332,37.006181,72.94,0.828,3
-122.066026,37.006181,72.87,0.836,3
-122.065719,37.006181,72.97,0.844,3
-122.065413,37.006181,73.17,0.849,3
-122.065107,37.006181,73.39,0.836,3
-122.0648,37.006181,73.53,0.811,3
-122.064494,37.006181,73.54,0.775,3
-122.064188,37.006181,73.45,0.761,3
-122.063882,37.006181,73.32,0.78,3
-122.063575,37.006181,73.27,0.787,3
-122.063269,37.006181,73.21,0.8,3
-122.062963,37.006181,73.11,0.818,3
-122.062657,37.006181,73.05,0.828,3
-122.06235,37.006181,73.05,0.831,3
-122.062044,37.006181,73.11,0.838,3
-122.061738,37.006181,73.31,0.831,3
-122.061432,37.006181,73.57,0.777,3
-122.061125,37.006181,73.78,0.701,3
-122.060819,37.006181,73.8,0.69,3
-122.060513,37.006181,73.58,0.752,3
-122.060207,37.006181,73.25,0.792,3
-122.0599,37.006181,72.76,0.827,3
-122.059594,37.006181,72.23,0.85,3
-122.059288,37.006181,71.81,0.864,3
-122.058982,37.006181,71.53,0.879,3
-122.058675,37.006181,71.36,0.889,3
-122.058369,37.006181,71.29,0.886,3
-122.058063,37.006181,71.27,0.883,3
-122.057757,37.006181,71.34,0.876,3
-122.05745,37.006181,71.38,0.877,3
-122.057144,37.006181,71.3,0.881,3
-122.056838,37.006181,71.23,0.884,3
-122.056532,37.006181,71.24,0.879,3
-122.056225,37.006181,71.29,0.876,3
-122.055919,37.006181,71.3,0.871,3
-122.055613,37.006181,71.24,0.868,3
-122.055307,37.006181,71.16,0.869,3
-122.055,37.006181,71.1,0.863,3
-122.054694,37.006181,71.05,0.863,3
-122.054388,37.006181,71.02,0.871,3
-122.054082,37.006181,70.62,0.87,3
-122.053775,37.006181,70.26,0.869,3
-122.053469,37.006181,70.1,0.877,3
-122.053163,37.006181,70.14,0.878,3
-122.052856,37.006181,70.15,0.879,3
-122.05255,37.006181,70.15,0.884,3
-122.052244,37.006181,70.16,0.886,3
-122.051938,37.006181,70.21,0.88,3
-122.051631,37.006181,70.39,0.873,3
-122.051325,37.006181,70.56,0.859,3
-122.051019,37.006181,70.56,0.861,3
-122.050713,37.006181,70.55,0.862,3
-122.050406,37.006181,70.55,0.859,3
-122.0501,37.006181,70.57,0.86,3
-122.049794,37.006181,70.62,0.851,3
-122.049488,37.006181,70.66,0.847,3
-122.049181,37.006181,70.65,0.86,3
-122.048875,37.006181,70.63,0.871,3
-122.048569,37.006181,70.63,0.864,3
-122.048263,37.006181,70.45,0.85,3
-122.047956,37.006181,70.14,0.838,3
-122.04765,37.006181,69.92,0.844,3
-122.047344,37.006181,69.93,0.833,3
-122.047038,37.006181,70.09,0.838,3
-122.046731,37.006181,70.16,0.849,3
-122.046425,37.006181,70.19,0.846,3
-122.046119,37.006181,70.2,0.84,3
-122.045813,37.006181,70.2,0.828,3
-122.045506,37.006181,70.17,0.824,3
-122.0452,37.006181,70.09,0.841,3
-122.044894,37.006181,69.97,0.85,3
-122.044588,37.006181,69.88,0.847,3
-122.044281,37.006181,69.79,0.839,3
-122.043975,37.006181,69.77,0.82,3
-122.043669,37.006181,69.77,0.841,3
-122.043363,37.006181,69.85,0.835,3
-122.043056,37.006181,70.05,0.821,3
-122.04275,37.006181,70.57,0.821,3
-122.042444,37.006181,71.74,0.796,3
-122.042138,37.006181,73.31,0.743,3
-122.041831,37.006181,74.4,0.738,3
-122.041525,37.006181,74.36,0.814,3
-122.041219,37.006181,73.32,0.852,3
-122.040913,37.006181,71.59,0.877,3
-122.040606,37.006181,70.58,0.868,3
-122.0403,37.006181,70.32,0.859,3
-122.039994,37.006181,70.02,0.864,3
-122.039687,37.006181,69.77,0.861,3
-122.086238,37.005875,71.11,0.855,4
-122.085932,37.005875,71.32,0.861,4
-122.085626,37.005875,71.74,0.868,4
-122.08532,37.005875,72.47,0.867,4
-122.085013,37.005875,73.71,0.855,4
-122.084707,37.005875,74.98,0.802,4
-122.084401,37.005875,76.17,0.607,4
-122.084095,37.005875,76.87,0.524,3
-122.083788,37.005875,75.9,0.677,3
-122.083482,37.005875,74.05,0.81,3
-122.083176,37.005875,72.88,0.862,3
-122.08287,37.005875,72.14,0.88,3
-122.082563,37.005875,71.48,0.891,3
-122.082257,37.005875,70.93,0.893,3
-122.081951,37.005875,70.58,0.889,3
-122.081645,37.005875,70.38,0.888,3
-122.081338,37.005875,70.35,0.875,3
-122.081032,37.005875,70.41,0.873,3
-122.080726,37.005875,70.54,0.867,3
-122.08042,37.005875,70.68,0.866,3
-122.080113,37.005875,70.83,0.849,3
-122.079807,37.005875,70.87,0.848,3
-122.079501,37.005875,70.9,0.862,3
-122.079195,37.005875,70.96,0.871,3
-122.078888,37.005875,70.93,0.874,3
-122.078582,37.005875,70.88,0.879,3
-122.078276,37.005875,71.03,0.871,3
-122.07797,37.005875,71.33,0.845,3
-122.077663,37.005875,71.56,0.83,3
-122.077357,37.005875,71.44,0.829,3
-122.077051,37.005875,71.41,0.836,3
-122.076744,37.005875,72,0.861,3
-122.076438,37.005875,73.22,0.859,3
-122.076132,37.005875,74.99,0.843,3
-122.075826,37.005875,77.65,0.788,3
-122.075519,37.005875,80.78,0.68,3
-122.075213,37.005875,83.46,0.578,3
-122.074907,37.005875,85.66,0.527,3
-122.074601,37.005875,87.4,0.439,3
-122.074294,37.005875,88.52,0.493,3
-122.073988,37.005875,88.31,0.444,3
-122.073682,37.005875,87.15,0.356,3
-122.073376,37.005875,85.95,0.243,3
-122.073069,37.005875,84.56,0.333,3
-122.072763,37.005875,82.81,0.621,3
-122.072457,37.005875,80.84,0.819,3
-122.072151,37.005875,78.83,0.852,3
-122.071844,37.005875,76.9,0.865,3
-122.071538,37.005875,75.2,0.851,3
-122.071232,37.005875,73.85,0.842,3
-122.070926,37.005875,72.77,0.837,3
-122.070619,37.005875,72.04,0.831,3
-122.070313,37.005875,71.83,0.845,3
-122.070007,37.005875,71.87,0.878,3
-122.069701,37.005875,72.18,0.888,3
-122.069394,37.005875,72.71,0.877,3
-122.069088,37.005875,73.48,0.873,3
-122.068782,37.005875,74.28,0.856,3
-122.068476,37.005875,74.75,0.784,3
-122.068169,37.005875,74.79,0.716,3
-122.067863,37.005875,74.42,0.822,3
-122.067557,37.005875,74.11,0.831,3
-122.067251,37.005875,73.76,0.808,3
-122.066944,37.005875,73.14,0.809,3
-122.066638,37.005875,72.56,0.824,3
-122.066332,37.005875,72.27,0.841,3
-122.066026,37.005875,72.38,0.846,3
-122.065719,37.005875,72.64,0.843,3
-122.065413,37.005875,72.86,0.841,3
-122.065107,37.005875,73.06,0.827,3
-122.0648,37.005875,73.25,0.78,3
-122.064494,37.005875,73.4,0.741,3
-122.064188,37.005875,73.23,0.79,3
-122.063882,37.005875,73.13,0.819,3
-122.063575,37.005875,73.12,0.814,3
-122.063269,37.005875,73.16,0.798,3
-122.062963,37.005875,73.09,0.798,3
-122.062657,37.005875,72.98,0.81,3
-122.06235,37.005875,72.86,0.819,3
-122.062044,37.005875,72.76,0.824,3
-122.061738,37.005875,72.78,0.826,3
-122.061432,37.005875,72.92,0.808,3
-122.061125,37.005875,73.11,0.768,3
-122.060819,37.005875,73.35,0.74,3
-122.060513,37.005875,73.39,0.726,3
-122.060207,37.005875,73.31,0.713,3
-122.0599,37.005875,72.9,0.772,3
-122.059594,37.005875,72.41,0.824,3
-122.059288,37.005875,72.06,0.834,3
-122.058982,37.005875,71.89,0.839,3
-122.058675,37.005875,71.79,0.862,3
-122.058369,37.005875,71.68,0.879,3
-122.058063,37.005875,71.67,0.882,3
-122.057757,37.005875,71.72,0.874,3
-122.05745,37.005875,71.81,0.874,3
-122.057144,37.005875,71.77,0.881,3
-122.056838,37.005875,71.65,0.888,3
-122.056532,37.005875,71.52,0.887,3
-122.056225,37.005875,71.43,0.891,3
-122.055919,37.005875,71.39,0.891,3
-122.055613,37.005875,71.36,0.882,3
-122.055307,37.005875,71.34,0.865,3
-122.055,37.005875,71.35,0.849,3
-122.054694,37.005875,71.32,0.854,3
-122.054388,37.005875,71.22,0.866,3
-122.054082,37.005875,70.7,0.862,3
-122.053775,37.005875,70.28,0.869,3
-122.053469,37.005875,70.12,0.881,3
-122.053163,37.005875,70.18,0.876,3
-122.052856,37.005875,70.25,0.874,3
-122.05255,37.005875,70.3,0.879,3
-122.052244,37.005875,70.38,0.884,3
-122.051938,37.005875,70.43,0.881,3
-122.051631,37.005875,70.51,0.866,3
-122.051325,37.005875,70.72,0.851,3
-122.051019,37.005875,70.79,0.863,3
-122.050713,37.005875,70.71,0.864,3
-122.050406,37.005875,70.7,0.863,3
-122.0501,37.005875,70.72,0.864,3
-122.049794,37.005875,70.76,0.858,3
-122.049488,37.005875,70.78,0.855,3
-122.049181,37.005875,70.77,0.861,3
-122.048875,37.005875,70.82,0.863,3
-122.048569,37.005875,70.85,0.854,3
-122.048263,37.005875,70.7,0.85,3
-122.047956,37.005875,70.46,0.845,3
-122.04765,37.005875,70.33,0.844,3
-122.047344,37.005875,70.55,0.839,3
-122.047038,37.005875,70.97,0.834,3
-122.046731,37.005875,71.13,0.848,3
-122.046425,37.005875,71.07,0.854,3
-122.046119,37.005875,70.96,0.844,3
-122.045813,37.005875,70.79,0.835,3
-122.045506,37.005875,70.6,0.835,3
-122.0452,37.005875,70.42,0.837,3
-122.044894,37.005875,70.15,0.832,3
-122.044588,37.005875,69.98,0.83,3
-122.044281,37.005875,69.87,0.83,3
-122.043975,37.005875,69.78,0.806,3
-122.043669,37.005875,69.71,0.834,3
-122.043363,37.005875,69.68,0.831,3
-122.043056,37.005875,69.77,0.807,3
-122.04275,37.005875,70.16,0.811,3
-122.042444,37.005875,71.02,0.818,3
-122.042138,37.005875,72.06,0.811,3
-122.041831,37.005875,72.75,0.795,3
-122.041525,37.005875,72.7,0.77,3
-122.041219,37.005875,71.81,0.787,3
-122.040913,37.005875,70.68,0.866,3
-122.040606,37.005875,70.21,0.856,3
-122.0403,37.005875,70.02,0.853,3
-122.039994,37.005875,69.82,0.854,3
-122.039687,37.005875,69.66,0.855,3
-122.086238,37.005568,71.11,0.854,4
-122.085932,37.005568,71.35,0.859,4
-122.085626,37.005568,71.79,0.863,4
-122.08532,37.005568,72.55,0.861,4
-122.085013,37.005568,73.82,0.855,4
-122.084707,37.005568,74.99,0.826,4
-122.084401,37.005568,76.01,0.69,4
-122.084095,37.005568,76.74,0.515,3
-122.083788,37.005568,75.68,0.555,3
-122.083482,37.005568,74.05,0.723,3
-122.083176,37.005568,73.06,0.837,3
-122.08287,37.005568,72.18,0.871,3
-122.082563,37.005568,71.42,0.878,3
-122.082257,37.005568,70.91,0.88,3
-122.081951,37.005568,70.57,0.877,3
-122.081645,37.005568,70.37,0.876,3
-122.081338,37.005568,70.33,0.859,3
-122.081032,37.005568,70.37,0.858,3
-122.080726,37.005568,70.45,0.857,3
-122.08042,37.005568,70.54,0.856,3
-122.080113,37.005568,70.65,0.843,3
-122.079807,37.005568,70.67,0.843,3
-122.079501,37.005568,70.7,0.858,3
-122.079195,37.005568,70.74,0.87,3
-122.078888,37.005568,70.75,0.871,3
-122.078582,37.005568,70.79,0.873,3
-122.078276,37.005568,70.93,0.878,3
-122.07797,37.005568,71.13,0.866,3
-122.077663,37.005568,71.18,0.852,3
-122.077357,37.005568,71.15,0.851,3
-122.077051,37.005568,71.14,0.854,3
-122.076744,37.005568,71.36,0.859,3
-122.076438,37.005568,72.32,0.862,3
-122.076132,37.005568,74.16,0.857,3
-122.075826,37.005568,76.45,0.844,3
-122.075519,37.005568,78.88,0.796,3
-122.075213,37.005568,81.46,0.672,3
-122.074907,37.005568,83.96,0.512,3
-122.074601,37.005568,85.56,0.509,3
-122.074294,37.005568,85.72,0.741,3
-122.073988,37.005568,85.08,0.68,3
-122.073682,37.005568,83.99,0.545,3
-122.073376,37.005568,82.68,0.442,3
-122.073069,37.005568,81.14,0.498,3
-122.072763,37.005568,79.39,0.688,3
-122.072457,37.005568,77.52,0.811,3
-122.072151,37.005568,75.82,0.836,3
-122.071844,37.005568,74.4,0.857,3
-122.071538,37.005568,73.09,0.847,3
-122.071232,37.005568,72.24,0.833,3
-122.070926,37.005568,71.82,0.821,3
-122.070619,37.005568,71.65,0.827,3
-122.070313,37.005568,71.68,0.859,3
-122.070007,37.005568,71.83,0.885,3
-122.069701,37.005568,72.12,0.895,3
-122.069394,37.005568,72.59,0.893,3
-122.069088,37.005568,73.42,0.879,3
-122.068782,37.005568,74.27,0.848,3
-122.068476,37.005568,74.69,0.782,3
-122.068169,37.005568,74.81,0.709,3
-122.067863,37.005568,74.43,0.771,3
-122.067557,37.005568,74.08,0.79,3
-122.067251,37.005568,73.53,0.783,3
-122.066944,37.005568,72.67,0.807,3
-122.066638,37.005568,71.98,0.843,3
-122.066332,37.005568,71.62,0.858,3
-122.066026,37.005568,71.68,0.853,3
-122.065719,37.005568,72,0.836,3
-122.065413,37.005568,72.34,0.81,3
-122.065107,37.005568,72.7,0.78,3
-122.0648,37.005568,73.07,0.766,3
-122.064494,37.005568,73.24,0.803,3
-122.064188,37.005568,73.25,0.842,3
-122.063882,37.005568,73.28,0.85,3
-122.063575,37.005568,73.26,0.826,3
-122.063269,37.005568,73.16,0.809,3
-122.062963,37.005568,73.07,0.807,3
-122.062657,37.005568,72.87,0.811,3
-122.06235,37.005568,72.55,0.811,3
-122.062044,37.005568,72.25,0.807,3
-122.061738,37.005568,72.07,0.813,3
-122.061432,37.005568,72,0.823,3
-122.061125,37.005568,72.06,0.814,3
-122.060819,37.005568,72.25,0.797,3
-122.060513,37.005568,72.35,0.81,3
-122.060207,37.005568,72.43,0.786,3
-122.0599,37.005568,72.44,0.784,3
-122.059594,37.005568,72.3,0.792,3
-122.059288,37.005568,72.15,0.803,3
-122.058982,37.005568,72.08,0.829,3
-122.058675,37.005568,72.07,0.864,3
-122.058369,37.005568,72.05,0.882,3
-122.058063,37.005568,72.15,0.882,3
-122.057757,37.005568,72.33,0.869,3
-122.05745,37.005568,72.32,0.869,3
-122.057144,37.005568,72.29,0.868,3
-122.056838,37.005568,72.16,0.871,3
-122.056532,37.005568,71.83,0.872,3
-122.056225,37.005568,71.52,0.884,3
-122.055919,37.005568,71.4,0.888,3
-122.055613,37.005568,71.39,0.882,3
-122.055307,37.005568,71.44,0.861,3
-122.055,37.005568,71.57,0.83,3
-122.054694,37.005568,71.58,0.849,3
-122.054388,37.005568,71.36,0.853,3
-122.054082,37.005568,70.87,0.851,3
-122.053775,37.005568,70.47,0.857,3
-122.053469,37.005568,70.26,0.88,3
-122.053163,37.005568,70.27,0.88,3
-122.052856,37.005568,70.34,0.874,3
-122.05255,37.005568,70.42,0.875,3
-122.052244,37.005568,70.53,0.88,3
-122.051938,37.005568,70.62,0.875,3
-122.051631,37.005568,70.66,0.854,3
-122.051325,37.005568,70.8,0.845,3
-122.051019,37.005568,70.93,0.851,3
-122.050713,37.005568,70.74,0.865,3
-122.050406,37.005568,70.66,0.873,3
-122.0501,37.005568,70.68,0.871,3
-122.049794,37.005568,70.74,0.871,3
-122.049488,37.005568,70.79,0.867,3
-122.049181,37.005568,70.86,0.865,3
-122.048875,37.005568,70.97,0.856,3
-122.048569,37.005568,71.05,0.845,3
-122.048263,37.005568,70.98,0.85,3
-122.047956,37.005568,70.89,0.859,3
-122.04765,37.005568,70.88,0.852,3
-122.047344,37.005568,71.53,0.85,3
-122.047038,37.005568,72.34,0.842,3
-122.046731,37.005568,72.61,0.847,3
-122.046425,37.005568,72.54,0.861,3
-122.046119,37.005568,72.23,0.866,3
-122.045813,37.005568,71.82,0.855,3
-122.045506,37.005568,71.45,0.833,3
-122.0452,37.005568,71.06,0.818,3
-122.044894,37.005568,70.52,0.823,3
-122.044588,37.005568,70.21,0.827,3
-122.044281,37.005568,69.98,0.833,3
-122.043975,37.005568,69.86,0.826,3
-122.043669,37.005568,69.74,0.845,3
-122.043363,37.005568,69.66,0.842,3
-122.043056,37.005568,69.74,0.817,3
-122.04275,37.005568,69.94,0.819,3
-122.042444,37.005568,70.38,0.845,3
-122.042138,37.005568,70.98,0.853,3
-122.041831,37.005568,71.44,0.814,3
-122.041525,37.005568,71.53,0.747,3
-122.041219,37.005568,71.13,0.728,3
-122.040913,37.005568,70.34,0.85,3
-122.040606,37.005568,70.19,0.85,3
-122.0403,37.005568,70.06,0.848,3
-122.039994,37.005568,69.87,0.855,3
-122.039687,37.005568,69.7,0.863,3
-122.085932,37.005262,71.44,0.865,4
-122.085626,37.005262,71.76,0.868,4
-122.08532,37.005262,72.54,0.869,4
-122.085013,37.005262,73.74,0.867,4
-122.084707,37.005262,74.74,0.856,4
-122.084401,37.005262,75.35,0.792,4
-122.084095,37.005262,75.51,0.658,3
-122.083788,37.005262,74.7,0.685,3
-122.083482,37.005262,73.73,0.793,3
-122.083176,37.005262,73.1,0.855,3
-122.08287,37.005262,72.21,0.866,3
-122.082563,37.005262,71.47,0.865,3
-122.082257,37.005262,71.04,0.865,3
-122.081951,37.005262,70.7,0.866,3
-122.081645,37.005262,70.46,0.869,3
-122.081338,37.005262,70.32,0.865,3
-122.081032,37.005262,70.24,0.86,3
-122.080726,37.005262,70.26,0.853,3
-122.08042,37.005262,70.36,0.84,3
-122.080113,37.005262,70.49,0.831,3
-122.079807,37.005262,70.57,0.833,3
-122.079501,37.005262,70.6,0.851,3
-122.079195,37.005262,70.64,0.867,3
-122.078888,37.005262,70.7,0.868,3
-122.078582,37.005262,70.75,0.87,3
-122.078276,37.005262,70.78,0.886,3
-122.07797,37.005262,70.84,0.883,3
-122.077663,37.005262,70.88,0.867,3
-122.077357,37.005262,70.88,0.863,3
-122.077051,37.005262,70.85,0.866,3
-122.076744,37.005262,71.03,0.858,3
-122.076438,37.005262,71.88,0.859,3
-122.076132,37.005262,73.34,0.867,3
-122.075826,37.005262,75.51,0.85,3
-122.075519,37.005262,78.04,0.749,3
-122.075213,37.005262,80.4,0.584,3
-122.074907,37.005262,82.3,0.482,3
-122.074601,37.005262,83.19,0.54,3
-122.074294,37.005262,82.41,0.833,3
-122.073988,37.005262,81.84,0.813,3
-122.073682,37.005262,80.91,0.742,3
-122.073376,37.005262,79.83,0.745,3
-122.073069,37.005262,78.63,0.774,3
-122.072763,37.005262,77.26,0.773,3
-122.072457,37.005262,75.78,0.765,3
-122.072151,37.005262,74.29,0.796,3
-122.071844,37.005262,72.95,0.848,3
-122.071538,37.005262,71.95,0.856,3
-122.071232,37.005262,71.47,0.841,3
-122.070926,37.005262,71.37,0.818,3
-122.070619,37.005262,71.48,0.837,3
-122.070313,37.005262,71.61,0.879,3
-122.070007,37.005262,71.84,0.885,3
-122.069701,37.005262,72.13,0.884,3
-122.069394,37.005262,72.57,0.884,3
-122.069088,37.005262,73.36,0.869,3
-122.068782,37.005262,74.16,0.841,3
-122.068476,37.005262,74.58,0.768,3
-122.068169,37.005262,74.78,0.648,3
-122.067863,37.005262,74.58,0.707,3
-122.067557,37.005262,74.07,0.778,3
-122.067251,37.005262,73.31,0.787,3
-122.066944,37.005262,72.23,0.825,3
-122.066638,37.005262,71.53,0.844,3
-122.066332,37.005262,71.2,0.849,3
-122.066026,37.005262,71.22,0.853,3
-122.065719,37.005262,71.49,0.84,3
-122.065413,37.005262,71.87,0.817,3
-122.065107,37.005262,72.31,0.808,3
-122.0648,37.005262,72.79,0.812,3
-122.064494,37.005262,73.22,0.818,3
-122.064188,37.005262,73.5,0.824,3
-122.063882,37.005262,73.71,0.818,3
-122.063575,37.005262,73.71,0.794,3
-122.063269,37.005262,73.52,0.769,3
-122.062963,37.005262,73.24,0.783,3
-122.062657,37.005262,72.82,0.799,3
-122.06235,37.005262,72.3,0.808,3
-122.062044,37.005262,71.79,0.83,3
-122.061738,37.005262,71.41,0.86,3
-122.061432,37.005262,71.21,0.868,3
-122.061125,37.005262,71.15,0.859,3
-122.060819,37.005262,71.16,0.857,3
-122.060513,37.005262,71.31,0.843,3
-122.060207,37.005262,71.54,0.825,3
-122.0599,37.005262,71.76,0.825,3
-122.059594,37.005262,71.92,0.817,3
-122.059288,37.005262,72.16,0.788,3
-122.058982,37.005262,72.43,0.744,3
-122.058675,37.005262,72.6,0.75,3
-122.058369,37.005262,72.73,0.826,3
-122.058063,37.005262,72.99,0.858,3
-122.057757,37.005262,73.06,0.849,3
-122.05745,37.005262,73.05,0.847,3
-122.057144,37.005262,73.03,0.855,3
-122.056838,37.005262,72.92,0.861,3
-122.056532,37.005262,72.4,0.855,3
-122.056225,37.005262,71.8,0.864,3
-122.055919,37.005262,71.53,0.868,3
-122.055613,37.005262,71.46,0.871,3
-122.055307,37.005262,71.49,0.867,3
-122.055,37.005262,71.63,0.849,3
-122.054694,37.005262,71.62,0.86,3
-122.054388,37.005262,71.44,0.85,3
-122.054082,37.005262,71.14,0.833,3
-122.053775,37.005262,70.82,0.845,3
-122.053469,37.005262,70.59,0.874,3
-122.053163,37.005262,70.5,0.878,3
-122.052856,37.005262,70.5,0.873,3
-122.05255,37.005262,70.54,0.87,3
-122.052244,37.005262,70.64,0.868,3
-122.051938,37.005262,70.74,0.862,3
-122.051631,37.005262,70.74,0.857,3
-122.051325,37.005262,70.75,0.852,3
-122.051019,37.005262,70.92,0.849,3
-122.050713,37.005262,70.69,0.861,3
-122.050406,37.005262,70.52,0.875,3
-122.0501,37.005262,70.53,0.874,3
-122.049794,37.005262,70.63,0.878,3
-122.049488,37.005262,70.75,0.88,3
-122.049181,37.005262,70.9,0.875,3
-122.048875,37.005262,71.07,0.861,3
-122.048569,37.005262,71.22,0.848,3
-122.048263,37.005262,71.28,0.849,3
-122.047956,37.005262,71.35,0.855,3
-122.04765,37.005262,71.68,0.85,3
-122.047344,37.005262,73.06,0.855,3
-122.047038,37.005262,74.22,0.857,3
-122.046731,37.005262,74.52,0.839,3
-122.046425,37.005262,74.69,0.843,3
-122.046119,37.005262,74.24,0.854,3
-122.045813,37.005262,73.35,0.851,3
-122.045506,37.005262,72.55,0.835,3
-122.0452,37.005262,71.85,0.824,3
-122.044894,37.005262,71.03,0.832,3
-122.044588,37.005262,70.46,0.842,3
-122.044281,37.005262,70.12,0.837,3
-122.043975,37.005262,69.92,0.832,3
-122.043669,37.005262,69.77,0.841,3
-122.043363,37.005262,69.7,0.829,3
-122.043056,37.005262,69.75,0.819,3
-122.04275,37.005262,69.77,0.831,3
-122.042444,37.005262,69.89,0.848,3
-122.042138,37.005262,70.13,0.855,3
-122.041831,37.005262,70.39,0.843,3
-122.041525,37.005262,70.62,0.814,3
-122.041219,37.005262,70.65,0.794,3
-122.040913,37.005262,70.41,0.844,3
-122.040606,37.005262,70.37,0.86,3
-122.0403,37.005262,70.38,0.858,3
-122.039994,37.005262,70.24,0.859,3
-122.039687,37.005262,70.08,0.855,3
-122.085932,37.004956,71.51,0.851,4
-122.085626,37.004956,71.74,0.86,4
-122.08532,37.004956,72.42,0.871,4
-122.085013,37.004956,73.41,0.866,4
-122.084707,37.004956,74.24,0.849,4
-122.084401,37.004956,74.56,0.804,4
-122.084095,37.004956,74.56,0.738,3
-122.083788,37.004956,74.02,0.808,3
-122.083482,37.004956,73.53,0.865,3
-122.083176,37.004956,73.11,0.875,3
-122.08287,37.004956,72.21,0.868,3
-122.082563,37.004956,71.53,0.862,3
-122.082257,37.004956,71.18,0.863,3
-122.081951,37.004956,70.84,0.866,3
-122.081645,37.004956,70.58,0.862,3
-122.081338,37.004956,70.37,0.861,3
-122.081032,37.004956,70.16,0.875,3
-122.080726,37.004956,70.11,0.869,3
-122.08042,37.004956,70.15,0.861,3
-122.080113,37.004956,70.21,0.852,3
-122.079807,37.004956,70.43,0.843,3
-122.079501,37.004956,70.56,0.849,3
-122.079195,37.004956,70.6,0.856,3
-122.078888,37.004956,70.63,0.859,3
-122.078582,37.004956,70.64,0.871,3
-122.078276,37.004956,70.64,0.888,3
-122.07797,37.004956,70.64,0.889,3
-122.077663,37.004956,70.66,0.883,3
-122.077357,37.004956,70.7,0.875,3
-122.077051,37.004956,70.74,0.87,3
-122.076744,37.004956,70.95,0.851,3
-122.076438,37.004956,71.66,0.848,3
-122.076132,37.004956,72.99,0.86,3
-122.075826,37.004956,75.08,0.849,3
-122.075519,37.004956,77.37,0.723,3
-122.075213,37.004956,79.27,0.515,3
-122.074907,37.004956,80.57,0.395,3
-122.074601,37.004956,80.52,0.436,3
-122.074294,37.004956,79.59,0.82,3
-122.073988,37.004956,79.18,0.853,3
-122.073682,37.004956,78.21,0.759,3
-122.073376,37.004956,77.59,0.777,3
-122.073069,37.004956,77.12,0.738,3
-122.072763,37.004956,76.31,0.694,3
-122.072457,37.004956,75.13,0.679,3
-122.072151,37.004956,73.84,0.728,3
-122.071844,37.004956,72.67,0.822,3
-122.071538,37.004956,71.77,0.863,3
-122.071232,37.004956,71.37,0.853,3
-122.070926,37.004956,71.33,0.842,3
-122.070619,37.004956,71.4,0.859,3
-122.070313,37.004956,71.51,0.887,3
-122.070007,37.004956,71.7,0.891,3
-122.069701,37.004956,72.01,0.89,3
-122.069394,37.004956,72.46,0.88,3
-122.069088,37.004956,73.15,0.828,3
-122.068782,37.004956,73.81,0.797,3
-122.068476,37.004956,74.21,0.776,3
-122.068169,37.004956,74.43,0.661,3
-122.067863,37.004956,74.2,0.654,3
-122.067557,37.004956,73.62,0.788,3
-122.067251,37.004956,72.92,0.807,3
-122.066944,37.004956,71.78,0.835,3
-122.066638,37.004956,71.05,0.847,3
-122.066332,37.004956,70.79,0.859,3
-122.066026,37.004956,70.86,0.866,3
-122.065719,37.004956,71.11,0.852,3
-122.065413,37.004956,71.49,0.835,3
-122.065107,37.004956,71.98,0.826,3
-122.0648,37.004956,72.59,0.796,3
-122.064494,37.004956,73.17,0.764,3
-122.064188,37.004956,73.6,0.764,3
-122.063882,37.004956,73.9,0.751,3
-122.063575,37.004956,73.85,0.76,3
-122.063269,37.004956,73.6,0.772,3
-122.062963,37.004956,73.24,0.774,3
-122.062657,37.004956,72.7,0.789,3
-122.06235,37.004956,72.08,0.804,3
-122.062044,37.004956,71.54,0.822,3
-122.061738,37.004956,71.08,0.857,3
-122.061432,37.004956,70.76,0.878,3
-122.061125,37.004956,70.63,0.868,3
-122.060819,37.004956,70.56,0.867,3
-122.060513,37.004956,70.66,0.878,3
-122.060207,37.004956,70.89,0.864,3
-122.0599,37.004956,71.19,0.858,3
-122.059594,37.004956,71.48,0.863,3
-122.059288,37.004956,71.83,0.86,3
-122.058982,37.004956,72.27,0.843,3
-122.058675,37.004956,72.73,0.822,3
-122.058369,37.004956,73.25,0.817,3
-122.058063,37.004956,73.85,0.822,3
-122.057757,37.004956,74.28,0.764,3
-122.05745,37.004956,74.64,0.731,3
-122.057144,37.004956,74.81,0.75,3
-122.056838,37.004956,74.62,0.797,3
-122.056532,37.004956,73.7,0.842,3
-122.056225,37.004956,72.61,0.865,3
-122.055919,37.004956,71.89,0.865,3
-122.055613,37.004956,71.59,0.86,3
-122.055307,37.004956,71.61,0.857,3
-122.055,37.004956,71.77,0.859,3
-122.054694,37.004956,71.67,0.869,3
-122.054388,37.004956,71.6,0.835,3
-122.054082,37.004956,71.37,0.846,3
-122.053775,37.004956,71.17,0.852,3
-122.053469,37.004956,70.95,0.866,3
-122.053163,37.004956,70.77,0.876,3
-122.052856,37.004956,70.64,0.879,3
-122.05255,37.004956,70.61,0.872,3
-122.052244,37.004956,70.66,0.863,3
-122.051938,37.004956,70.74,0.865,3
-122.051631,37.004956,70.75,0.875,3
-122.051325,37.004956,70.68,0.874,3
-122.051019,37.004956,70.82,0.865,3
-122.050713,37.004956,70.66,0.851,3
-122.050406,37.004956,70.45,0.855,3
-122.0501,37.004956,70.46,0.865,3
-122.049794,37.004956,70.6,0.863,3
-122.049488,37.004956,70.76,0.863,3
-122.049181,37.004956,70.96,0.857,3
-122.048875,37.004956,71.16,0.854,3
-122.048569,37.004956,71.36,0.854,3
-122.048263,37.004956,71.55,0.849,3
-122.047956,37.004956,71.9,0.845,3
-122.04765,37.004956,73.11,0.829,3
-122.047344,37.004956,75.44,0.848,3
-122.047038,37.004956,76.82,0.838,3
-122.046731,37.004956,77.21,0.744,3
-122.046425,37.004956,77.28,0.694,3
-122.046119,37.004956,76.53,0.688,3
-122.045813,37.004956,74.97,0.737,3
-122.045506,37.004956,73.47,0.806,3
-122.0452,37.004956,72.42,0.837,3
-122.044894,37.004956,71.43,0.833,3
-122.044588,37.004956,70.68,0.839,3
-122.044281,37.004956,70.23,0.841,3
-122.043975,37.004956,69.95,0.833,3
-122.043669,37.004956,69.77,0.839,3
-122.043363,37.004956,69.72,0.823,3
-122.043056,37.004956,69.74,0.81,3
-122.04275,37.004956,69.72,0.82,3
-122.042444,37.004956,69.75,0.818,3
-122.042138,37.004956,69.86,0.806,3
-122.041831,37.004956,70.02,0.822,3
-122.041525,37.004956,70.22,0.861,3
-122.041219,37.004956,70.43,0.85,3
-122.040913,37.004956,70.56,0.842,3
-122.040606,37.004956,70.65,0.845,3
-122.0403,37.004956,70.68,0.869,3
-122.039994,37.004956,70.66,0.864,3
-122.039687,37.004956,70.54,0.84,3
-122.085932,37.00465,71.54,0.864,4
-122.085626,37.00465,71.84,0.865,4
-122.08532,37.00465,72.52,0.865,4
-122.085013,37.00465,73.23,0.86,4
-122.084707,37.00465,73.79,0.833,4
-122.084401,37.00465,73.97,0.767,4
-122.084095,37.00465,73.91,0.785,3
-122.083788,37.00465,73.48,0.843,3
-122.083482,37.00465,73.22,0.868,3
-122.083176,37.00465,72.71,0.872,3
-122.08287,37.00465,72.01,0.871,3
-122.082563,37.00465,71.56,0.867,3
-122.082257,37.00465,71.28,0.869,3
-122.081951,37.00465,70.97,0.874,3
-122.081645,37.00465,70.7,0.869,3
-122.081338,37.00465,70.43,0.872,3
-122.081032,37.00465,70.18,0.882,3
-122.080726,37.00465,70.11,0.872,3
-122.08042,37.00465,70.1,0.87,3
-122.080113,37.00465,70.1,0.859,3
-122.079807,37.00465,70.35,0.851,3
-122.079501,37.00465,70.58,0.842,3
-122.079195,37.00465,70.65,0.844,3
-122.078888,37.00465,70.66,0.856,3
-122.078582,37.00465,70.65,0.868,3
-122.078276,37.00465,70.62,0.878,3
-122.07797,37.00465,70.57,0.889,3
-122.077663,37.00465,70.54,0.886,3
-122.077357,37.00465,70.55,0.878,3
-122.077051,37.00465,70.61,0.868,3
-122.076744,37.00465,70.86,0.849,3
-122.076438,37.00465,71.44,0.84,3
-122.076132,37.00465,72.73,0.848,3
-122.075826,37.00465,74.58,0.847,3
-122.075519,37.00465,76.32,0.742,3
-122.075213,37.00465,77.6,0.544,3
-122.074907,37.00465,78.37,0.411,3
-122.074601,37.00465,78.16,0.469,3
-122.074294,37.00465,77.45,0.828,3
-122.073988,37.00465,77.21,0.877,3
-122.073682,37.00465,76.27,0.787,3
-122.073376,37.00465,75.88,0.788,3
-122.073069,37.00465,75.77,0.754,3
-122.072763,37.00465,75.42,0.681,3
-122.072457,37.00465,74.53,0.681,3
-122.072151,37.00465,73.41,0.765,3
-122.071844,37.00465,72.49,0.842,3
-122.071538,37.00465,71.82,0.861,3
-122.071232,37.00465,71.43,0.856,3
-122.070926,37.00465,71.33,0.862,3
-122.070619,37.00465,71.34,0.867,3
-122.070313,37.00465,71.28,0.887,3
-122.070007,37.00465,71.4,0.889,3
-122.069701,37.00465,71.66,0.887,3
-122.069394,37.00465,71.99,0.885,3
-122.069088,37.00465,72.42,0.848,3
-122.068782,37.00465,72.85,0.823,3
-122.068476,37.00465,73.18,0.817,3
-122.068169,37.00465,73.38,0.766,3
-122.067863,37.00465,73.22,0.78,3
-122.067557,37.00465,72.76,0.848,3
-122.067251,37.00465,72.18,0.859,3
-122.066944,37.00465,71.2,0.866,3
-122.066638,37.00465,70.65,0.864,3
-122.066332,37.00465,70.51,0.869,3
-122.066026,37.00465,70.62,0.863,3
-122.065719,37.00465,70.84,0.849,3
-122.065413,37.00465,71.2,0.84,3
-122.065107,37.00465,71.67,0.833,3
-122.0648,37.00465,72.17,0.812,3
-122.064494,37.00465,72.67,0.791,3
-122.064188,37.00465,73.16,0.787,3
-122.063882,37.00465,73.46,0.771,3
-122.063575,37.00465,73.49,0.783,3
-122.063269,37.00465,73.32,0.775,3
-122.062963,37.00465,72.95,0.785,3
-122.062657,37.00465,72.35,0.807,3
-122.06235,37.00465,71.75,0.813,3
-122.062044,37.00465,71.27,0.828,3
-122.061738,37.00465,70.82,0.866,3
-122.061432,37.00465,70.47,0.876,3
-122.061125,37.00465,70.26,0.865,3
-122.060819,37.00465,70.18,0.866,3
-122.060513,37.00465,70.21,0.869,3
-122.060207,37.00465,70.37,0.872,3
-122.0599,37.00465,70.66,0.868,3
-122.059594,37.00465,71.04,0.862,3
-122.059288,37.00465,71.45,0.867,3
-122.058982,37.00465,71.96,0.869,3
-122.058675,37.00465,72.57,0.856,3
-122.058369,37.00465,73.37,0.842,3
-122.058063,37.00465,74.53,0.808,3
-122.057757,37.00465,75.53,0.673,3
-122.05745,37.00465,76.37,0.592,3
-122.057144,37.00465,77.2,0.467,3
-122.056838,37.00465,76.65,0.595,3
-122.056532,37.00465,74.99,0.776,3
-122.056225,37.00465,73.47,0.85,3
-122.055919,37.00465,72.44,0.857,3
-122.055613,37.00465,71.98,0.85,3
-122.055307,37.00465,71.9,0.849,3
-122.055,37.00465,71.84,0.857,3
-122.054694,37.00465,71.7,0.855,3
-122.054388,37.00465,71.57,0.831,3
-122.054082,37.00465,71.38,0.848,3
-122.053775,37.00465,71.25,0.848,3
-122.053469,37.00465,71.09,0.857,3
-122.053163,37.00465,70.91,0.87,3
-122.052856,37.00465,70.76,0.876,3
-122.05255,37.00465,70.67,0.877,3
-122.052244,37.00465,70.67,0.875,3
-122.051938,37.00465,70.73,0.871,3
-122.051631,37.00465,70.73,0.869,3
-122.051325,37.00465,70.64,0.868,3
-122.051019,37.00465,70.71,0.863,3
-122.050713,37.00465,70.66,0.854,3
-122.050406,37.00465,70.53,0.841,3
-122.0501,37.00465,70.49,0.849,3
-122.049794,37.00465,70.6,0.851,3
-122.049488,37.00465,70.77,0.848,3
-122.049181,37.00465,70.97,0.844,3
-122.048875,37.00465,71.21,0.849,3
-122.048569,37.00465,71.51,0.852,3
-122.048263,37.00465,71.86,0.847,3
-122.047956,37.00465,72.55,0.85,3
-122.04765,37.00465,74.88,0.816,3
-122.047344,37.00465,77.43,0.693,3
-122.047038,37.00465,79.45,0.626,3
-122.046731,37.00465,80.39,0.532,3
-122.046425,37.00465,79.69,0.547,3
-122.046119,37.00465,77.95,0.667,3
-122.045813,37.00465,75.88,0.752,3
-122.045506,37.00465,74.17,0.804,3
-122.0452,37.00465,72.89,0.843,3
-122.044894,37.00465,71.73,0.84,3
-122.044588,37.00465,70.82,0.853,3
-122.044281,37.00465,70.3,0.854,3
-122.043975,37.00465,70.02,0.827,3
-122.043669,37.00465,69.83,0.834,3
-122.043363,37.00465,69.84,0.833,3
-122.043056,37.00465,69.85,0.832,3
-122.04275,37.00465,69.93,0.826,3
-122.042444,37.00465,70,0.808,3
-122.042138,37.00465,70.09,0.791,3
-122.041831,37.00465,70.18,0.81,3
-122.041525,37.00465,70.26,0.86,3
-122.041219,37.00465,70.49,0.845,3
-122.040913,37.00465,70.68,0.824,3
-122.040606,37.00465,70.8,0.832,3
-122.0403,37.00465,70.84,0.866,3
-122.039994,37.00465,70.91,0.861,3
-122.039687,37.00465,70.86,0.849,3
-122.085932,37.004343,71.85,0.874,4
-122.085626,37.004343,72.25,0.87,4
-122.08532,37.004343,73.06,0.86,4
-122.085013,37.004343,73.78,0.84,4
-122.084707,37.004343,74.21,0.799,4
-122.084401,37.004343,74.14,0.731,4
-122.084095,37.004343,73.7,0.833,3
-122.083788,37.004343,73.14,0.864,3
-122.083482,37.004343,72.89,0.884,3
-122.083176,37.004343,72.38,0.884,3
-122.08287,37.004343,71.9,0.88,3
-122.082563,37.004343,71.6,0.871,3
-122.082257,37.004343,71.38,0.871,3
-122.081951,37.004343,71.13,0.875,3
-122.081645,37.004343,70.83,0.875,3
-122.081338,37.004343,70.5,0.886,3
-122.081032,37.004343,70.2,0.885,3
-122.080726,37.004343,70.14,0.874,3
-122.08042,37.004343,70.12,0.873,3
-122.080113,37.004343,70.12,0.864,3
-122.079807,37.004343,70.31,0.866,3
-122.079501,37.004343,70.52,0.859,3
-122.079195,37.004343,70.62,0.861,3
-122.078888,37.004343,70.66,0.869,3
-122.078582,37.004343,70.68,0.87,3
-122.078276,37.004343,70.65,0.869,3
-122.07797,37.004343,70.57,0.878,3
-122.077663,37.004343,70.49,0.889,3
-122.077357,37.004343,70.46,0.881,3
-122.077051,37.004343,70.48,0.87,3
-122.076744,37.004343,70.66,0.855,3
-122.076438,37.004343,71.2,0.846,3
-122.076132,37.004343,72.31,0.858,3
-122.075826,37.004343,73.73,0.858,3
-122.075519,37.004343,74.99,0.806,3
-122.075213,37.004343,75.84,0.706,3
-122.074907,37.004343,76.2,0.64,3
-122.074601,37.004343,76.12,0.716,3
-122.074294,37.004343,75.85,0.871,3
-122.073988,37.004343,75.77,0.87,3
-122.073682,37.004343,75.13,0.819,3
-122.073376,37.004343,74.95,0.733,3
-122.073069,37.004343,74.62,0.757,3
-122.072763,37.004343,74.24,0.787,3
-122.072457,37.004343,73.51,0.819,3
-122.072151,37.004343,72.7,0.852,3
-122.071844,37.004343,72.16,0.86,3
-122.071538,37.004343,71.78,0.855,3
-122.071232,37.004343,71.5,0.852,3
-122.070926,37.004343,71.32,0.86,3
-122.070619,37.004343,71.25,0.869,3
-122.070313,37.004343,71.09,0.887,3
-122.070007,37.004343,71.07,0.891,3
-122.069701,37.004343,71.1,0.884,3
-122.069394,37.004343,71.18,0.884,3
-122.069088,37.004343,71.31,0.89,3
-122.068782,37.004343,71.48,0.891,3
-122.068476,37.004343,71.68,0.88,3
-122.068169,37.004343,71.88,0.863,3
-122.067863,37.004343,71.91,0.877,3
-122.067557,37.004343,71.77,0.887,3
-122.067251,37.004343,71.24,0.889,3
-122.066944,37.004343,70.61,0.884,3
-122.066638,37.004343,70.41,0.873,3
-122.066332,37.004343,70.45,0.874,3
-122.066026,37.004343,70.58,0.865,3
-122.065719,37.004343,70.8,0.851,3
-122.065413,37.004343,71.13,0.848,3
-122.065107,37.004343,71.46,0.855,3
-122.0648,37.004343,71.68,0.86,3
-122.064494,37.004343,71.96,0.851,3
-122.064188,37.004343,72.34,0.842,3
-122.063882,37.004343,72.62,0.83,3
-122.063575,37.004343,72.75,0.818,3
-122.063269,37.004343,72.7,0.778,3
-122.062963,37.004343,72.38,0.768,3
-122.062657,37.004343,71.84,0.796,3
-122.06235,37.004343,71.24,0.835,3
-122.062044,37.004343,70.75,0.869,3
-122.061738,37.004343,70.44,0.889,3
-122.061432,37.004343,70.22,0.882,3
-122.061125,37.004343,70.05,0.868,3
-122.060819,37.004343,69.93,0.869,3
-122.060513,37.004343,69.89,0.866,3
-122.060207,37.004343,70,0.872,3
-122.0599,37.004343,70.23,0.87,3
-122.059594,37.004343,70.58,0.867,3
-122.059288,37.004343,70.99,0.871,3
-122.058982,37.004343,71.47,0.877,3
-122.058675,37.004343,72.06,0.869,3
-122.058369,37.004343,72.95,0.851,3
-122.058063,37.004343,74.3,0.817,3
-122.057757,37.004343,75.64,0.719,3
-122.05745,37.004343,76.73,0.634,3
-122.057144,37.004343,77.46,0.529,3
-122.056838,37.004343,76.35,0.566,3
-122.056532,37.004343,74.71,0.761,3
-122.056225,37.004343,73.55,0.842,3
-122.055919,37.004343,72.79,0.854,3
-122.055613,37.004343,72.41,0.834,3
-122.055307,37.004343,72.18,0.822,3
-122.055,37.004343,71.83,0.85,3
-122.054694,37.004343,71.57,0.868,3
-122.054388,37.004343,71.32,0.856,3
-122.054082,37.004343,71.12,0.856,3
-122.053775,37.004343,71.04,0.843,3
-122.053469,37.004343,70.93,0.856,3
-122.053163,37.004343,70.87,0.866,3
-122.052856,37.004343,70.78,0.869,3
-122.05255,37.004343,70.7,0.875,3
-122.052244,37.004343,70.7,0.874,3
-122.051938,37.004343,70.74,0.867,3
-122.051631,37.004343,70.72,0.864,3
-122.051325,37.004343,70.66,0.856,3
-122.051019,37.004343,70.71,0.858,3
-122.050713,37.004343,70.72,0.857,3
-122.050406,37.004343,70.65,0.852,3
-122.0501,37.004343,70.53,0.857,3
-122.049794,37.004343,70.56,0.866,3
-122.049488,37.004343,70.61,0.854,3
-122.049181,37.004343,70.76,0.846,3
-122.048875,37.004343,71.05,0.849,3
-122.048569,37.004343,71.46,0.851,3
-122.048263,37.004343,71.99,0.849,3
-122.047956,37.004343,73.06,0.845,3
-122.04765,37.004343,75.93,0.816,3
-122.047344,37.004343,77.97,0.656,3
-122.047038,37.004343,80.54,0.501,3
-122.046731,37.004343,81.98,0.443,3
-122.046425,37.004343,80.92,0.536,3
-122.046119,37.004343,78.56,0.715,3
-122.045813,37.004343,76.25,0.812,3
-122.045506,37.004343,74.52,0.831,3
-122.0452,37.004343,73.16,0.84,3
-122.044894,37.004343,71.95,0.842,3
-122.044588,37.004343,71.05,0.853,3
-122.044281,37.004343,70.39,0.868,3
-122.043975,37.004343,70.09,0.864,3
-122.043669,37.004343,70.06,0.834,3
-122.043363,37.004343,70.07,0.815,3
-122.043056,37.004343,70.07,0.823,3
-122.04275,37.004343,70.14,0.827,3
-122.042444,37.004343,70.19,0.83,3
-122.042138,37.004343,70.26,0.832,3
-122.041831,37.004343,70.34,0.839,3
-122.041525,37.004343,70.43,0.848,3
-122.041219,37.004343,70.6,0.82,3
-122.040913,37.004343,70.75,0.805,3
-122.040606,37.004343,70.76,0.856,3
-122.0403,37.004343,70.87,0.865,3
-122.039994,37.004343,70.96,0.86,3
-122.039687,37.004343,71.01,0.853,3
-122.039381,37.004343,71.01,0.857,3
-122.085932,37.004037,72.48,0.874,4
-122.085626,37.004037,73,0.866,4
-122.08532,37.004037,74.02,0.855,4
-122.085013,37.004037,75.29,0.842,4
-122.084707,37.004037,76.77,0.795,4
-122.084401,37.004037,76.82,0.706,3
-122.084095,37.004037,75.86,0.831,3
-122.083788,37.004037,74.1,0.857,3
-122.083482,37.004037,73.39,0.88,3
-122.083176,37.004037,72.6,0.893,3
-122.08287,37.004037,72.12,0.882,3
-122.082563,37.004037,71.82,0.87,3
-122.082257,37.004037,71.59,0.865,3
-122.081951,37.004037,71.35,0.862,3
-122.081645,37.004037,71.01,0.864,3
-122.081338,37.004037,70.6,0.877,3
-122.081032,37.004037,70.22,0.89,3
-122.080726,37.004037,70.15,0.889,3
-122.08042,37.004037,70.19,0.877,3
-122.080113,37.004037,70.2,0.866,3
-122.079807,37.004037,70.26,0.867,3
-122.079501,37.004037,70.37,0.876,3
-122.079195,37.004037,70.46,0.877,3
-122.078888,37.004037,70.53,0.874,3
-122.078582,37.004037,70.58,0.875,3
-122.078276,37.004037,70.56,0.88,3
-122.07797,37.004037,70.5,0.886,3
-122.077663,37.004037,70.4,0.891,3
-122.077357,37.004037,70.38,0.877,3
-122.077051,37.004037,70.39,0.867,3
-122.076744,37.004037,70.52,0.864,3
-122.076438,37.004037,70.88,0.871,3
-122.076132,37.004037,71.52,0.873,3
-122.075826,37.004037,72.28,0.872,3
-122.075519,37.004037,73.22,0.865,3
-122.075213,37.004037,74.01,0.856,3
-122.074907,37.004037,74.28,0.853,3
-122.074601,37.004037,74.43,0.857,3
-122.074294,37.004037,74.46,0.858,3
-122.073988,37.004037,74.56,0.85,3
-122.073682,37.004037,74.06,0.834,3
-122.073376,37.004037,73.98,0.724,3
-122.073069,37.004037,73.43,0.773,3
-122.072763,37.004037,72.94,0.842,3
-122.072457,37.004037,72.48,0.876,3
-122.072151,37.004037,72.07,0.877,3
-122.071844,37.004037,71.8,0.866,3
-122.071538,37.004037,71.6,0.859,3
-122.071232,37.004037,71.42,0.852,3
-122.070926,37.004037,71.26,0.859,3
-122.070619,37.004037,71.14,0.87,3
-122.070313,37.004037,70.96,0.889,3
-122.070007,37.004037,70.82,0.891,3
-122.069701,37.004037,70.77,0.88,3
-122.069394,37.004037,70.72,0.883,3
-122.069088,37.004037,70.67,0.887,3
-122.068782,37.004037,70.63,0.888,3
-122.068476,37.004037,70.59,0.885,3
-122.068169,37.004037,70.57,0.874,3
-122.067863,37.004037,70.62,0.88,3
-122.067557,37.004037,70.67,0.887,3
-122.067251,37.004037,70.52,0.897,3
-122.066944,37.004037,70.3,0.889,3
-122.066638,37.004037,70.36,0.88,3
-122.066332,37.004037,70.5,0.879,3
-122.066026,37.004037,70.7,0.87,3
-122.065719,37.004037,70.98,0.852,3
-122.065413,37.004037,71.26,0.842,3
-122.065107,37.004037,71.41,0.855,3
-122.0648,37.004037,71.44,0.873,3
-122.064494,37.004037,71.51,0.87,3
-122.064188,37.004037,71.7,0.862,3
-122.063882,37.004037,71.86,0.866,3
-122.063575,37.004037,71.97,0.832,3
-122.063269,37.004037,72.08,0.759,3
-122.062963,37.004037,71.83,0.771,3
-122.062657,37.004037,71.38,0.806,3
-122.06235,37.004037,70.76,0.844,3
-122.062044,37.004037,70.31,0.876,3
-122.061738,37.004037,70.17,0.887,3
-122.061432,37.004037,70.07,0.887,3
-122.061125,37.004037,69.98,0.881,3
-122.060819,37.004037,69.93,0.873,3
-122.060513,37.004037,69.89,0.866,3
-122.060207,37.004037,69.94,0.871,3
-122.0599,37.004037,71.67,0.881,3
-122.059594,37.004037,72.49,0.879,3
-122.059288,37.004037,72.94,0.878,3
-122.058982,37.004037,73.1,0.88,3
-122.058675,37.004037,73.22,0.869,3
-122.058369,37.004037,73.71,0.847,3
-122.058063,37.004037,74.11,0.845,3
-122.057757,37.004037,73.96,0.84,3
-122.05745,37.004037,74.95,0.806,3
-122.057144,37.004037,75.03,0.764,3
-122.056838,37.004037,74.36,0.733,3
-122.056532,37.004037,73.51,0.792,3
-122.056225,37.004037,73.01,0.833,3
-122.055919,37.004037,72.71,0.826,3
-122.055613,37.004037,72.55,0.775,3
-122.055307,37.004037,72.28,0.765,3
-122.055,37.004037,71.82,0.83,3
-122.054694,37.004037,71.48,0.872,3
-122.054388,37.004037,71.15,0.868,3
-122.054082,37.004037,70.98,0.862,3
-122.053775,37.004037,70.94,0.857,3
-122.053469,37.004037,70.86,0.87,3
-122.053163,37.004037,70.87,0.875,3
-122.052856,37.004037,70.86,0.876,3
-122.05255,37.004037,70.82,0.879,3
-122.052244,37.004037,70.82,0.877,3
-122.051938,37.004037,70.85,0.871,3
-122.051631,37.004037,70.85,0.866,3
-122.051325,37.004037,70.78,0.865,3
-122.051019,37.004037,70.77,0.869,3
-122.050713,37.004037,70.86,0.867,3
-122.050406,37.004037,70.79,0.863,3
-122.0501,37.004037,70.63,0.869,3
-122.049794,37.004037,70.53,0.87,3
-122.049488,37.004037,70.49,0.856,3
-122.049181,37.004037,70.61,0.847,3
-122.048875,37.004037,70.91,0.844,3
-122.048569,37.004037,71.34,0.842,3
-122.048263,37.004037,71.95,0.846,3
-122.047956,37.004037,73.07,0.852,3
-122.04765,37.004037,75.19,0.846,3
-122.047344,37.004037,76.83,0.83,3
-122.047038,37.004037,78.91,0.717,3
-122.046731,37.004037,80.45,0.572,2
-122.046425,37.004037,80.06,0.539,2
-122.046119,37.004037,78.15,0.704,2
-122.045813,37.004037,76.03,0.829,2
-122.045506,37.004037,74.47,0.85,2
-122.0452,37.004037,73.4,0.84,2
-122.044894,37.004037,72.58,0.827,2
-122.044588,37.004037,71.91,0.827,2
-122.044281,37.004037,70.84,0.873,3
-122.043975,37.004037,70.55,0.886,3
-122.043669,37.004037,70.51,0.859,3
-122.043363,37.004037,70.42,0.832,3
-122.043056,37.004037,70.33,0.826,3
-122.04275,37.004037,70.25,0.832,3
-122.042444,37.004037,70.25,0.848,3
-122.042138,37.004037,70.31,0.86,3
-122.041831,37.004037,70.42,0.858,3
-122.041525,37.004037,70.54,0.85,3
-122.041219,37.004037,70.68,0.834,3
-122.040913,37.004037,70.79,0.812,3
-122.040606,37.004037,70.72,0.855,3
-122.0403,37.004037,70.83,0.825,3
-122.039994,37.004037,70.97,0.83,3
-122.039687,37.004037,71.13,0.823,3
-122.039381,37.004037,71.24,0.814,3
-122.085932,37.003731,73.5,0.865,4
-122.085626,37.003731,74.19,0.859,4
-122.08532,37.003731,75.55,0.853,4
-122.085013,37.003731,77.92,0.835,4
-122.084707,37.003731,81.42,0.771,4
-122.084401,37.003731,81.66,0.695,3
-122.084095,37.003731,80.85,0.811,3
-122.083788,37.003731,76.48,0.86,3
-122.083482,37.003731,74.5,0.877,3
-122.083176,37.003731,73.06,0.894,3
-122.08287,37.003731,72.41,0.889,3
-122.082563,37.003731,72.07,0.879,3
-122.082257,37.003731,71.79,0.87,3
-122.081951,37.003731,71.52,0.862,3
-122.081645,37.003731,71.17,0.858,3
-122.081338,37.003731,70.77,0.863,3
-122.081032,37.003731,70.37,0.88,3
-122.080726,37.003731,70.27,0.881,3
-122.08042,37.003731,70.28,0.877,3
-122.080113,37.003731,70.33,0.87,3
-122.079807,37.003731,70.36,0.871,3
-122.079501,37.003731,70.4,0.876,3
-122.079195,37.003731,70.43,0.881,3
-122.078888,37.003731,70.41,0.883,3
-122.078582,37.003731,70.36,0.883,3
-122.078276,37.003731,70.33,0.885,3
-122.07797,37.003731,70.32,0.888,3
-122.077663,37.003731,70.34,0.887,3
-122.077357,37.003731,70.4,0.883,3
-122.077051,37.003731,70.44,0.874,3
-122.076744,37.003731,70.48,0.871,3
-122.076438,37.003731,70.57,0.871,3
-122.076132,37.003731,70.76,0.876,3
-122.075826,37.003731,71.02,0.882,3
-122.075519,37.003731,71.65,0.874,3
-122.075213,37.003731,72.47,0.859,3
-122.074907,37.003731,72.93,0.856,3
-122.074601,37.003731,73.14,0.859,3
-122.074294,37.003731,73.23,0.858,3
-122.073988,37.003731,73.07,0.857,3
-122.073682,37.003731,72.97,0.874,3
-122.073376,37.003731,72.92,0.778,3
-122.073069,37.003731,72.69,0.815,3
-122.072763,37.003731,72.3,0.867,3
-122.072457,37.003731,71.9,0.885,3
-122.072151,37.003731,71.64,0.88,3
-122.071844,37.003731,71.48,0.865,3
-122.071538,37.003731,71.33,0.847,3
-122.071232,37.003731,71.25,0.844,3
-122.070926,37.003731,71.15,0.86,3
-122.070619,37.003731,71.03,0.859,3
-122.070313,37.003731,70.91,0.883,3
-122.070007,37.003731,70.84,0.887,3
-122.069701,37.003731,70.79,0.884,3
-122.069394,37.003731,70.66,0.885,3
-122.069088,37.003731,70.53,0.884,3
-122.068782,37.003731,70.43,0.881,3
-122.068476,37.003731,70.29,0.873,3
-122.068169,37.003731,70.09,0.861,3
-122.067863,37.003731,69.94,0.863,3
-122.067557,37.003731,69.97,0.861,3
-122.067251,37.003731,70.1,0.875,3
-122.066944,37.003731,70.27,0.879,3
-122.066638,37.003731,70.53,0.875,3
-122.066332,37.003731,70.73,0.878,3
-122.066026,37.003731,70.99,0.877,3
-122.065719,37.003731,71.21,0.857,3
-122.065413,37.003731,71.37,0.84,3
-122.065107,37.003731,71.45,0.85,3
-122.0648,37.003731,71.39,0.875,3
-122.064494,37.003731,71.28,0.878,3
-122.064188,37.003731,71.26,0.882,3
-122.063882,37.003731,71.31,0.875,3
-122.063575,37.003731,71.31,0.848,3
-122.063269,37.003731,71.31,0.807,3
-122.062963,37.003731,71.16,0.818,3
-122.062657,37.003731,70.85,0.832,3
-122.06235,37.003731,70.33,0.855,3
-122.062044,37.003731,70.01,0.878,3
-122.061738,37.003731,70.04,0.884,3
-122.061432,37.003731,70.05,0.883,3
-122.061125,37.003731,70.04,0.89,3
-122.060819,37.003731,70.07,0.889,3
-122.060513,37.003731,70.06,0.861,3
-122.060207,37.003731,70.11,0.877,3
-122.0599,37.003731,73.21,0.888,3
-122.059594,37.003731,74.53,0.88,3
-122.059288,37.003731,75.22,0.867,3
-122.058982,37.003731,75.25,0.867,3
-122.058675,37.003731,74.99,0.863,3
-122.058369,37.003731,75.07,0.854,3
-122.058063,37.003731,74.51,0.863,3
-122.057757,37.003731,72.55,0.867,3
-122.05745,37.003731,72.84,0.868,3
-122.057144,37.003731,72.76,0.877,3
-122.056838,37.003731,72.6,0.844,3
-122.056532,37.003731,72.48,0.828,3
-122.056225,37.003731,72.46,0.819,3
-122.055919,37.003731,72.47,0.748,3
-122.055613,37.003731,72.48,0.702,3
-122.055307,37.003731,72.29,0.745,3
-122.055,37.003731,71.87,0.826,3
-122.054694,37.003731,71.56,0.865,3
-122.054388,37.003731,71.25,0.87,3
-122.054082,37.003731,71.04,0.869,3
-122.053775,37.003731,71.05,0.87,3
-122.053469,37.003731,71.11,0.88,3
-122.053163,37.003731,71.16,0.882,3
-122.052856,37.003731,71.19,0.882,3
-122.05255,37.003731,71.15,0.883,3
-122.052244,37.003731,71.12,0.883,3
-122.051938,37.003731,71.11,0.878,3
-122.051631,37.003731,71.09,0.873,3
-122.051325,37.003731,71.01,0.876,3
-122.051019,37.003731,70.95,0.882,3
-122.050713,37.003731,71.03,0.874,3
-122.050406,37.003731,70.99,0.876,3
-122.0501,37.003731,70.85,0.868,3
-122.049794,37.003731,70.71,0.862,3
-122.049488,37.003731,70.63,0.862,3
-122.049181,37.003731,70.8,0.86,3
-122.048875,37.003731,71.09,0.854,3
-122.048569,37.003731,71.43,0.843,3
-122.048263,37.003731,71.97,0.835,3
-122.047956,37.003731,72.88,0.839,3
-122.04765,37.003731,74.16,0.84,3
-122.047344,37.003731,75.44,0.862,2
-122.047038,37.003731,76.48,0.836,2
-122.046731,37.003731,77.17,0.728,2
-122.046425,37.003731,76.99,0.667,2
-122.046119,37.003731,75.87,0.755,2
-122.045813,37.003731,74.56,0.832,2
-122.045506,37.003731,73.55,0.847,2
-122.0452,37.003731,72.82,0.844,2
-122.044894,37.003731,72.27,0.843,2
-122.044588,37.003731,71.83,0.844,2
-122.044281,37.003731,71.11,0.863,3
-122.043975,37.003731,71.03,0.873,3
-122.043669,37.003731,71.29,0.861,2
-122.043363,37.003731,71.15,0.853,2
-122.043056,37.003731,71.01,0.839,2
-122.04275,37.003731,70.87,0.846,2
-122.042444,37.003731,70.83,0.852,2
-122.042138,37.003731,70.92,0.853,2
-122.041831,37.003731,71.07,0.856,2
-122.041525,37.003731,71.26,0.855,2
-122.041219,37.003731,71.53,0.844,2
-122.040913,37.003731,71.68,0.833,2
-122.040606,37.003731,70.86,0.85,3
-122.0403,37.003731,71.02,0.824,3
-122.039994,37.003731,71.03,0.834,3
-122.039687,37.003731,71.38,0.816,3
-122.039381,37.003731,71.72,0.792,3
-122.085932,37.003425,74.94,0.865,4
-122.085626,37.003425,75.94,0.85,4
-122.08532,37.003425,77.88,0.807,4
-122.085013,37.003425,80.67,0.724,4
-122.084707,37.003425,84.06,0.607,4
-122.084401,37.003425,84.53,0.539,3
-122.084095,37.003425,83.81,0.675,3
-122.083788,37.003425,78.89,0.832,3
-122.083482,37.003425,75.67,0.861,3
-122.083176,37.003425,73.86,0.884,3
-122.08287,37.003425,72.95,0.885,3
-122.082563,37.003425,72.4,0.88,3
-122.082257,37.003425,71.97,0.875,3
-122.081951,37.003425,71.61,0.869,3
-122.081645,37.003425,71.23,0.87,3
-122.081338,37.003425,70.81,0.878,3
-122.081032,37.003425,70.46,0.882,3
-122.080726,37.003425,70.3,0.881,3
-122.08042,37.003425,70.35,0.875,3
-122.080113,37.003425,70.44,0.872,3
-122.079807,37.003425,70.46,0.871,3
-122.079501,37.003425,70.48,0.876,3
-122.079195,37.003425,70.45,0.877,3
-122.078888,37.003425,70.4,0.876,3
-122.078582,37.003425,70.37,0.875,3
-122.078276,37.003425,70.34,0.876,3
-122.07797,37.003425,70.34,0.881,3
-122.077663,37.003425,70.4,0.888,3
-122.077357,37.003425,70.48,0.888,3
-122.077051,37.003425,70.52,0.878,3
-122.076744,37.003425,70.51,0.871,3
-122.076438,37.003425,70.5,0.87,3
-122.076132,37.003425,70.51,0.876,3
-122.075826,37.003425,70.56,0.878,3
-122.075519,37.003425,70.78,0.87,3
-122.075213,37.003425,71.17,0.862,3
-122.074907,37.003425,71.54,0.864,3
-122.074601,37.003425,71.77,0.87,3
-122.074294,37.003425,71.96,0.867,3
-122.073988,37.003425,72.07,0.866,3
-122.073682,37.003425,72.26,0.878,3
-122.073376,37.003425,72.63,0.806,3
-122.073069,37.003425,72.67,0.752,3
-122.072763,37.003425,72.29,0.819,3
-122.072457,37.003425,71.86,0.875,3
-122.072151,37.003425,71.57,0.879,3
-122.071844,37.003425,71.36,0.866,3
-122.071538,37.003425,71.19,0.854,3
-122.071232,37.003425,71.09,0.852,3
-122.070926,37.003425,71.02,0.856,3
-122.070619,37.003425,70.97,0.867,3
-122.070313,37.003425,70.96,0.889,3
-122.070007,37.003425,70.94,0.878,3
-122.069701,37.003425,70.89,0.862,3
-122.069394,37.003425,70.73,0.861,3
-122.069088,37.003425,70.56,0.858,3
-122.068782,37.003425,70.45,0.858,3
-122.068476,37.003425,70.31,0.866,3
-122.068169,37.003425,70.03,0.869,3
-122.067863,37.003425,69.86,0.864,3
-122.067557,37.003425,69.93,0.862,3
-122.067251,37.003425,70.07,0.882,3
-122.066944,37.003425,70.42,0.879,3
-122.066638,37.003425,70.79,0.884,3
-122.066332,37.003425,71.21,0.863,3
-122.066026,37.003425,71.61,0.826,3
-122.065719,37.003425,71.68,0.821,3
-122.065413,37.003425,71.59,0.836,3
-122.065107,37.003425,71.53,0.853,3
-122.0648,37.003425,71.37,0.875,3
-122.064494,37.003425,71.17,0.877,3
-122.064188,37.003425,70.99,0.876,3
-122.063882,37.003425,70.82,0.868,3
-122.063575,37.003425,70.68,0.864,3
-122.063269,37.003425,70.55,0.857,3
-122.062963,37.003425,70.36,0.846,3
-122.062657,37.003425,70.13,0.857,3
-122.06235,37.003425,69.84,0.874,3
-122.062044,37.003425,69.74,0.884,3
-122.061738,37.003425,69.89,0.888,3
-122.061432,37.003425,70.02,0.886,3
-122.061125,37.003425,70.14,0.884,3
-122.060819,37.003425,70.28,0.882,3
-122.060513,37.003425,70.34,0.856,3
-122.060207,37.003425,70.42,0.886,3
-122.0599,37.003425,73.62,0.877,3
-122.059594,37.003425,75.14,0.868,3
-122.059288,37.003425,76.14,0.852,3
-122.058982,37.003425,76.32,0.819,3
-122.058675,37.003425,76.18,0.765,3
-122.058369,37.003425,76.19,0.722,3
-122.058063,37.003425,75.14,0.761,3
-122.057757,37.003425,72.66,0.863,3
-122.05745,37.003425,72.33,0.861,3
-122.057144,37.003425,71.97,0.88,3
-122.056838,37.003425,71.92,0.869,3
-122.056532,37.003425,71.99,0.853,3
-122.056225,37.003425,72.14,0.847,3
-122.055919,37.003425,72.25,0.801,3
-122.055613,37.003425,72.31,0.785,3
-122.055307,37.003425,72.28,0.811,3
-122.055,37.003425,72.11,0.838,3
-122.054694,37.003425,71.84,0.862,3
-122.054388,37.003425,71.49,0.881,3
-122.054082,37.003425,71.3,0.884,3
-122.053775,37.003425,71.35,0.885,3
-122.053469,37.003425,71.53,0.89,3
-122.053163,37.003425,71.62,0.891,3
-122.052856,37.003425,71.67,0.89,3
-122.05255,37.003425,71.64,0.89,3
-122.052244,37.003425,71.58,0.888,3
-122.051938,37.003425,71.52,0.883,3
-122.051631,37.003425,71.41,0.879,3
-122.051325,37.003425,71.26,0.88,3
-122.051019,37.003425,71.16,0.882,3
-122.050713,37.003425,71.08,0.874,3
-122.050406,37.003425,71.22,0.87,3
-122.0501,37.003425,71.07,0.862,3
-122.049794,37.003425,70.98,0.862,3
-122.049488,37.003425,70.91,0.868,3
-122.049181,37.003425,71.07,0.867,3
-122.048875,37.003425,71.35,0.862,3
-122.048569,37.003425,71.64,0.847,3
-122.048263,37.003425,72.09,0.828,3
-122.047956,37.003425,72.75,0.831,2
-122.04765,37.003425,73.13,0.856,2
-122.047344,37.003425,73.67,0.874,2
-122.047038,37.003425,74.2,0.858,2
-122.046731,37.003425,74.54,0.848,2
-122.046425,37.003425,74.4,0.842,2
-122.046119,37.003425,73.85,0.847,2
-122.045813,37.003425,73.24,0.846,2
-122.045506,37.003425,72.72,0.839,2
-122.0452,37.003425,72.27,0.84,2
-122.044894,37.003425,71.9,0.847,2
-122.044588,37.003425,71.7,0.844,2
-122.044281,37.003425,71.43,0.838,3
-122.043975,37.003425,71.66,0.841,2
-122.043669,37.003425,71.51,0.846,2
-122.043363,37.003425,71.32,0.854,2
-122.043056,37.003425,71.16,0.854,2
-122.04275,37.003425,71.01,0.859,2
-122.042444,37.003425,70.95,0.853,2
-122.042138,37.003425,70.94,0.848,2
-122.041831,37.003425,70.98,0.855,2
-122.041525,37.003425,71.11,0.859,2
-122.041219,37.003425,71.3,0.854,2
-122.040913,37.003425,71.47,0.853,2
-122.040606,37.003425,71.66,0.859,2
-122.0403,37.003425,71.93,0.851,2
-122.039994,37.003425,71.45,0.857,3
-122.039687,37.003425,71.77,0.837,3
-122.039381,37.003425,72.33,0.787,3
-122.085626,37.003118,78.8,0.765,4
-122.08532,37.003118,80.96,0.689,4
-122.085013,37.003118,83.96,0.588,4
-122.084707,37.003118,87.17,0.484,4
-122.084401,37.003118,87.58,0.434,3
-122.084095,37.003118,86.83,0.49,3
-122.083788,37.003118,81.42,0.74,3
-122.083482,37.003118,77.64,0.835,3
-122.083176,37.003118,75.35,0.874,3
-122.08287,37.003118,73.93,0.879,3
-122.082563,37.003118,73.09,0.873,3
-122.082257,37.003118,72.48,0.872,3
-122.081951,37.003118,71.92,0.872,3
-122.081645,37.003118,71.4,0.874,3
-122.081338,37.003118,70.91,0.886,3
-122.081032,37.003118,70.51,0.882,3
-122.080726,37.003118,70.33,0.881,3
-122.08042,37.003118,70.42,0.874,3
-122.080113,37.003118,70.49,0.879,3
-122.079807,37.003118,70.55,0.879,3
-122.079501,37.003118,70.49,0.881,3
-122.079195,37.003118,70.37,0.881,3
-122.078888,37.003118,70.29,0.879,3
-122.078582,37.003118,70.3,0.873,3
-122.078276,37.003118,70.36,0.871,3
-122.07797,37.003118,70.43,0.881,3
-122.077663,37.003118,70.49,0.884,3
-122.077357,37.003118,70.55,0.884,3
-122.077051,37.003118,70.59,0.867,3
-122.076744,37.003118,70.59,0.859,3
-122.076438,37.003118,70.56,0.858,3
-122.076132,37.003118,70.54,0.87,3
-122.075826,37.003118,70.55,0.88,3
-122.075519,37.003118,70.56,0.882,3
-122.075213,37.003118,70.6,0.879,3
-122.074907,37.003118,70.74,0.878,3
-122.074601,37.003118,70.94,0.876,3
-122.074294,37.003118,71.16,0.869,3
-122.073988,37.003118,71.37,0.877,3
-122.073682,37.003118,71.75,0.886,3
-122.073376,37.003118,72.26,0.839,3
-122.073069,37.003118,72.56,0.71,3
-122.072763,37.003118,72.34,0.792,3
-122.072457,37.003118,71.98,0.875,3
-122.072151,37.003118,71.59,0.886,3
-122.071844,37.003118,71.24,0.881,3
-122.071538,37.003118,71.05,0.873,3
-122.071232,37.003118,70.94,0.87,3
-122.070926,37.003118,70.92,0.859,3
-122.070619,37.003118,71.02,0.847,3
-122.070313,37.003118,71.03,0.859,3
-122.070007,37.003118,70.99,0.852,3
-122.069701,37.003118,70.91,0.839,3
-122.069394,37.003118,70.77,0.842,3
-122.069088,37.003118,70.62,0.85,3
-122.068782,37.003118,70.46,0.86,3
-122.068476,37.003118,70.24,0.87,3
-122.068169,37.003118,69.99,0.874,3
-122.067863,37.003118,69.91,0.879,3
-122.067557,37.003118,70.02,0.888,3
-122.067251,37.003118,70.2,0.893,3
-122.066944,37.003118,70.66,0.901,3
-122.066638,37.003118,71.13,0.906,3
-122.066332,37.003118,71.84,0.831,3
-122.066026,37.003118,72.47,0.734,3
-122.065719,37.003118,72.41,0.738,3
-122.065413,37.003118,71.95,0.789,3
-122.065107,37.003118,71.53,0.824,3
-122.0648,37.003118,71.18,0.852,3
-122.064494,37.003118,70.95,0.848,3
-122.064188,37.003118,70.72,0.852,3
-122.063882,37.003118,70.76,0.864,3
-122.063575,37.003118,70.53,0.863,3
-122.063269,37.003118,70.31,0.872,3
-122.062963,37.003118,70.14,0.877,3
-122.062657,37.003118,69.97,0.882,3
-122.06235,37.003118,69.85,0.884,3
-122.062044,37.003118,69.86,0.884,3
-122.061738,37.003118,70.01,0.883,3
-122.061432,37.003118,70.21,0.879,3
-122.061125,37.003118,70.38,0.863,3
-122.060819,37.003118,70.42,0.861,3
-122.060513,37.003118,70.57,0.846,3
-122.060207,37.003118,70.84,0.865,3
-122.0599,37.003118,74.05,0.854,3
-122.059594,37.003118,75.89,0.857,3
-122.059288,37.003118,77.25,0.856,3
-122.058982,37.003118,77.77,0.802,3
-122.058675,37.003118,77.82,0.694,3
-122.058369,37.003118,77.75,0.598,3
-122.058063,37.003118,76.4,0.636,2
-122.057757,37.003118,73.69,0.843,3
-122.05745,37.003118,72.57,0.866,3
-122.057144,37.003118,72.03,0.879,3
-122.056838,37.003118,71.86,0.878,3
-122.056532,37.003118,71.87,0.871,3
-122.056225,37.003118,72.19,0.877,3
-122.055919,37.003118,72.52,0.867,3
-122.055613,37.003118,72.74,0.855,3
-122.055307,37.003118,72.84,0.852,3
-122.055,37.003118,72.88,0.852,3
-122.054694,37.003118,72.81,0.856,3
-122.054388,37.003118,72.51,0.86,3
-122.054082,37.003118,72.29,0.878,3
-122.053775,37.003118,72.3,0.883,3
-122.053469,37.003118,72.46,0.88,3
-122.053163,37.003118,72.47,0.878,3
-122.052856,37.003118,72.46,0.882,3
-122.05255,37.003118,72.4,0.884,3
-122.052244,37.003118,72.27,0.881,3
-122.051938,37.003118,72.1,0.88,3
-122.051631,37.003118,71.86,0.878,3
-122.051325,37.003118,71.6,0.876,3
-122.051019,37.003118,71.4,0.877,3
-122.050713,37.003118,71.22,0.872,3
-122.050406,37.003118,71.3,0.869,3
-122.0501,37.003118,71.25,0.864,3
-122.049794,37.003118,71.3,0.867,3
-122.049488,37.003118,71.35,0.866,3
-122.049181,37.003118,71.45,0.865,3
-122.048875,37.003118,71.64,0.858,3
-122.048569,37.003118,71.86,0.846,3
-122.048263,37.003118,72.14,0.838,3
-122.047956,37.003118,72.52,0.847,2
-122.04765,37.003118,72.69,0.858,2
-122.047344,37.003118,72.89,0.862,2
-122.047038,37.003118,73.13,0.85,2
-122.046731,37.003118,73.28,0.854,2
-122.046425,37.003118,73.12,0.855,2
-122.046119,37.003118,72.81,0.844,2
-122.045813,37.003118,72.45,0.846,2
-122.045506,37.003118,72.12,0.847,2
-122.0452,37.003118,71.86,0.841,2
-122.044894,37.003118,71.68,0.843,2
-122.044588,37.003118,71.64,0.846,2
-122.044281,37.003118,71.75,0.824,2
-122.043975,37.003118,71.85,0.826,2
-122.043669,37.003118,71.76,0.842,2
-122.043363,37.003118,71.64,0.856,2
-122.043056,37.003118,71.5,0.85,2
-122.04275,37.003118,71.35,0.855,2
-122.042444,37.003118,71.23,0.854,2
-122.042138,37.003118,71.15,0.848,2
-122.041831,37.003118,71.13,0.847,2
-122.041525,37.003118,71.17,0.853,2
-122.041219,37.003118,71.22,0.859,2
-122.040913,37.003118,71.31,0.865,2
-122.040606,37.003118,71.5,0.862,2
-122.0403,37.003118,71.82,0.853,2
-122.039994,37.003118,72.32,0.858,2
-122.039687,37.003118,72.91,0.841,2
-122.039381,37.003118,73.59,0.787,2
-122.085626,37.002812,82.03,0.584,4
-122.08532,37.002812,83.21,0.557,4
-122.085013,37.002812,85.74,0.514,4
-122.084707,37.002812,87.89,0.482,4
-122.084401,37.002812,88.89,0.422,3
-122.084095,37.002812,88.32,0.437,3
-122.083788,37.002812,86.73,0.638,3
-122.083482,37.002812,83.31,0.81,3
-122.083176,37.002812,80.19,0.868,3
-122.08287,37.002812,76.48,0.874,3
-122.082563,37.002812,74.36,0.873,3
-122.082257,37.002812,73.32,0.879,3
-122.081951,37.002812,72.48,0.878,3
-122.081645,37.002812,71.78,0.871,3
-122.081338,37.002812,71.19,0.877,3
-122.081032,37.002812,70.8,0.875,3
-122.080726,37.002812,70.48,0.878,3
-122.08042,37.002812,70.54,0.882,3
-122.080113,37.002812,70.56,0.889,3
-122.079807,37.002812,70.59,0.888,3
-122.079501,37.002812,70.47,0.884,3
-122.079195,37.002812,70.34,0.88,3
-122.078888,37.002812,70.26,0.881,3
-122.078582,37.002812,70.25,0.883,3
-122.078276,37.002812,70.34,0.886,3
-122.07797,37.002812,70.51,0.889,3
-122.077663,37.002812,70.6,0.871,3
-122.077357,37.002812,70.61,0.868,3
-122.077051,37.002812,70.64,0.855,3
-122.076744,37.002812,70.64,0.846,3
-122.076438,37.002812,70.59,0.854,3
-122.076132,37.002812,70.56,0.875,3
-122.075826,37.002812,70.56,0.887,3
-122.075519,37.002812,70.53,0.886,3
-122.075213,37.002812,70.48,0.881,3
-122.074907,37.002812,70.48,0.879,3
-122.074601,37.002812,70.55,0.877,3
-122.074294,37.002812,70.63,0.878,3
-122.073988,37.002812,70.82,0.88,3
-122.073682,37.002812,71.29,0.879,3
-122.073376,37.002812,71.8,0.876,3
-122.073069,37.002812,72.22,0.744,3
-122.072763,37.002812,72.31,0.757,3
-122.072457,37.002812,71.98,0.849,3
-122.072151,37.002812,71.51,0.897,3
-122.071844,37.002812,71.17,0.891,3
-122.071538,37.002812,70.98,0.879,3
-122.071232,37.002812,70.86,0.87,3
-122.070926,37.002812,70.83,0.861,3
-122.070619,37.002812,70.97,0.85,3
-122.070313,37.002812,70.99,0.853,3
-122.070007,37.002812,70.95,0.852,3
-122.069701,37.002812,70.83,0.838,3
-122.069394,37.002812,70.65,0.855,3
-122.069088,37.002812,70.48,0.88,3
-122.068782,37.002812,70.26,0.896,3
-122.068476,37.002812,69.97,0.898,3
-122.068169,37.002812,69.77,0.891,3
-122.067863,37.002812,69.85,0.889,3
-122.067557,37.002812,70.04,0.894,3
-122.067251,37.002812,70.31,0.888,3
-122.066944,37.002812,70.91,0.898,3
-122.066638,37.002812,71.54,0.9,3
-122.066332,37.002812,72.32,0.836,3
-122.066026,37.002812,72.91,0.684,3
-122.065719,37.002812,72.66,0.719,2
-122.065413,37.002812,72.04,0.811,2
-122.065107,37.002812,71.52,0.832,2
-122.0648,37.002812,71.08,0.847,2
-122.064494,37.002812,70.74,0.84,2
-122.064188,37.002812,70.63,0.85,2
-122.063882,37.002812,72.49,0.856,2
-122.063575,37.002812,72.27,0.865,2
-122.063269,37.002812,72.09,0.87,2
-122.062963,37.002812,72.83,0.863,2
-122.062657,37.002812,73.2,0.878,3
-122.06235,37.002812,73.33,0.887,3
-122.062044,37.002812,73.42,0.874,3
-122.061738,37.002812,73.51,0.866,3
-122.061432,37.002812,73.69,0.875,3
-122.061125,37.002812,73.26,0.874,3
-122.060819,37.002812,70.63,0.866,3
-122.060513,37.002812,70.86,0.872,3
-122.060207,37.002812,71.42,0.865,3
-122.0599,37.002812,72.33,0.85,3
-122.059594,37.002812,73.85,0.855,3
-122.059288,37.002812,75.54,0.835,3
-122.058982,37.002812,78.92,0.733,2
-122.058675,37.002812,80.92,0.616,2
-122.058369,37.002812,80.32,0.619,3
-122.058063,37.002812,78.8,0.751,3
-122.057757,37.002812,75.3,0.85,3
-122.05745,37.002812,73.73,0.872,3
-122.057144,37.002812,72.91,0.877,3
-122.056838,37.002812,72.44,0.865,3
-122.056532,37.002812,72.53,0.863,3
-122.056225,37.002812,73.05,0.855,3
-122.055919,37.002812,73.8,0.857,3
-122.055613,37.002812,74.46,0.865,3
-122.055307,37.002812,74.9,0.869,3
-122.055,37.002812,75.03,0.871,3
-122.054694,37.002812,74.95,0.864,3
-122.054388,37.002812,74.86,0.84,3
-122.054082,37.002812,74.67,0.864,3
-122.053775,37.002812,74.39,0.871,3
-122.053469,37.002812,74.4,0.848,3
-122.053163,37.002812,74.34,0.81,3
-122.052856,37.002812,74.25,0.768,3
-122.05255,37.002812,73.99,0.748,3
-122.052244,37.002812,73.45,0.797,3
-122.051938,37.002812,72.84,0.859,3
-122.051631,37.002812,72.35,0.875,3
-122.051325,37.002812,71.98,0.872,3
-122.051019,37.002812,71.67,0.88,3
-122.050713,37.002812,71.43,0.875,3
-122.050406,37.002812,71.39,0.87,2
-122.0501,37.002812,71.4,0.865,2
-122.049794,37.002812,71.45,0.863,2
-122.049488,37.002812,71.6,0.853,2
-122.049181,37.002812,71.77,0.858,2
-122.048875,37.002812,71.94,0.859,2
-122.048569,37.002812,72.11,0.85,2
-122.048263,37.002812,72.24,0.85,2
-122.047956,37.002812,72.37,0.858,2
-122.04765,37.002812,72.42,0.857,2
-122.047344,37.002812,72.49,0.853,2
-122.047038,37.002812,72.58,0.838,2
-122.046731,37.002812,72.6,0.841,2
-122.046425,37.002812,72.47,0.86,2
-122.046119,37.002812,72.29,0.853,2
-122.045813,37.002812,72.05,0.851,2
-122.045506,37.002812,71.8,0.851,2
-122.0452,37.002812,71.61,0.846,2
-122.044894,37.002812,71.54,0.846,2
-122.044588,37.002812,71.59,0.852,2
-122.044281,37.002812,71.72,0.842,2
-122.043975,37.002812,71.9,0.835,2
-122.043669,37.002812,71.92,0.85,2
-122.043363,37.002812,71.89,0.863,2
-122.043056,37.002812,71.79,0.857,2
-122.04275,37.002812,71.7,0.846,2
-122.042444,37.002812,71.58,0.849,2
-122.042138,37.002812,71.45,0.854,2
-122.041831,37.002812,71.36,0.851,2
-122.041525,37.002812,71.32,0.847,2
-122.041219,37.002812,71.28,0.851,2
-122.040913,37.002812,71.31,0.862,2
-122.040606,37.002812,71.46,0.859,2
-122.0403,37.002812,71.75,0.86,2
-122.039994,37.002812,72.35,0.843,2
-122.039687,37.002812,73.06,0.836,2
-122.039381,37.002812,73.78,0.836,2
-122.085626,37.002506,81.66,0.669,4
-122.08532,37.002506,83.31,0.592,4
-122.085013,37.002506,86.49,0.486,4
-122.084707,37.002506,89.06,0.471,4
-122.084401,37.002506,90.84,0.46,3
-122.084095,37.002506,90.34,0.449,3
-122.083788,37.002506,90.33,0.502,3
-122.083482,37.002506,87.39,0.73,3
-122.083176,37.002506,84.13,0.846,3
-122.08287,37.002506,79.18,0.871,3
-122.082563,37.002506,75.99,0.876,3
-122.082257,37.002506,74.29,0.877,3
-122.081951,37.002506,73.01,0.871,3
-122.081645,37.002506,72.04,0.87,3
-122.081338,37.002506,71.4,0.879,3
-122.081032,37.002506,71.05,0.873,3
-122.080726,37.002506,70.67,0.883,3
-122.08042,37.002506,70.6,0.888,3
-122.080113,37.002506,70.61,0.89,3
-122.079807,37.002506,70.62,0.881,3
-122.079501,37.002506,70.49,0.876,3
-122.079195,37.002506,70.37,0.873,3
-122.078888,37.002506,70.31,0.874,3
-122.078582,37.002506,70.3,0.882,3
-122.078276,37.002506,70.41,0.889,3
-122.07797,37.002506,70.63,0.887,3
-122.077663,37.002506,70.66,0.873,3
-122.077357,37.002506,70.63,0.87,3
-122.077051,37.002506,70.62,0.864,3
-122.076744,37.002506,70.66,0.841,3
-122.076438,37.002506,70.62,0.854,3
-122.076132,37.002506,70.57,0.874,3
-122.075826,37.002506,70.57,0.883,3
-122.075519,37.002506,70.53,0.881,3
-122.075213,37.002506,70.47,0.878,3
-122.074907,37.002506,70.44,0.878,3
-122.074601,37.002506,70.39,0.877,3
-122.074294,37.002506,70.33,0.877,3
-122.073988,37.002506,70.41,0.879,3
-122.073682,37.002506,70.85,0.887,3
-122.073376,37.002506,71.4,0.885,3
-122.073069,37.002506,71.8,0.812,3
-122.072763,37.002506,72.09,0.741,3
-122.072457,37.002506,71.86,0.811,3
-122.072151,37.002506,71.46,0.89,3
-122.071844,37.002506,71.19,0.892,3
-122.071538,37.002506,71.01,0.869,3
-122.071232,37.002506,70.91,0.851,3
-122.070926,37.002506,70.84,0.854,3
-122.070619,37.002506,70.88,0.86,3
-122.070313,37.002506,70.84,0.857,3
-122.070007,37.002506,70.85,0.862,3
-122.069701,37.002506,70.7,0.858,3
-122.069394,37.002506,70.51,0.87,3
-122.069088,37.002506,70.34,0.884,3
-122.068782,37.002506,70.12,0.893,3
-122.068476,37.002506,69.84,0.893,3
-122.068169,37.002506,69.67,0.884,3
-122.067863,37.002506,69.73,0.879,3
-122.067557,37.002506,69.98,0.882,3
-122.067251,37.002506,70.4,0.878,3
-122.066944,37.002506,71.02,0.882,3
-122.066638,37.002506,71.71,0.878,3
-122.066332,37.002506,72.39,0.862,3
-122.066026,37.002506,72.95,0.696,1
-122.065719,37.002506,72.66,0.727,1
-122.065413,37.002506,71.91,0.847,1
-122.065107,37.002506,71.32,0.878,1
-122.0648,37.002506,70.93,0.871,1
-122.064494,37.002506,70.55,0.867,1
-122.064188,37.002506,70.48,0.87,1
-122.063882,37.002506,72.36,0.861,1
-122.063575,37.002506,72.24,0.887,1
-122.063269,37.002506,72.27,0.887,1
-122.062963,37.002506,73.17,0.884,1
-122.062657,37.002506,73.73,0.882,3
-122.06235,37.002506,74.05,0.878,3
-122.062044,37.002506,74.33,0.874,3
-122.061738,37.002506,74.55,0.878,3
-122.061432,37.002506,74.72,0.889,3
-122.061125,37.002506,74.22,0.89,3
-122.060819,37.002506,71.46,0.867,3
-122.060513,37.002506,71.77,0.864,3
-122.060207,37.002506,72.36,0.868,3
-122.0599,37.002506,73.66,0.834,3
-122.059594,37.002506,75.6,0.813,3
-122.059288,37.002506,77.48,0.757,3
-122.058982,37.002506,80.72,0.641,3
-122.058675,37.002506,83.04,0.572,3
-122.058369,37.002506,83.16,0.566,3
-122.058063,37.002506,81.44,0.612,3
-122.057757,37.002506,77.36,0.793,3
-122.05745,37.002506,75.99,0.852,3
-122.057144,37.002506,74.65,0.865,3
-122.056838,37.002506,73.84,0.864,3
-122.056532,37.002506,73.73,0.859,3
-122.056225,37.002506,74.15,0.847,2
-122.055919,37.002506,75.03,0.816,2
-122.055613,37.002506,76.13,0.79,2
-122.055307,37.002506,77.16,0.757,2
-122.055,37.002506,77.92,0.731,2
-122.054694,37.002506,78.33,0.759,2
-122.054388,37.002506,78.44,0.815,2
-122.054082,37.002506,78.46,0.831,2
-122.053775,37.002506,78.32,0.797,3
-122.053469,37.002506,77.94,0.778,3
-122.053163,37.002506,77.47,0.795,3
-122.052856,37.002506,76.84,0.782,3
-122.05255,37.002506,76.14,0.731,3
-122.052244,37.002506,75.02,0.748,3
-122.051938,37.002506,73.81,0.828,3
-122.051631,37.002506,72.95,0.873,3
-122.051325,37.002506,72.39,0.863,2
-122.051019,37.002506,71.94,0.866,2
-122.050713,37.002506,71.65,0.862,2
-122.050406,37.002506,71.54,0.856,2
-122.0501,37.002506,71.53,0.863,2
-122.049794,37.002506,71.53,0.861,2
-122.049488,37.002506,71.68,0.859,2
-122.049181,37.002506,71.93,0.86,2
-122.048875,37.002506,72.15,0.85,2
-122.048569,37.002506,72.29,0.832,2
-122.048263,37.002506,72.32,0.834,2
-122.047956,37.002506,72.24,0.858,2
-122.04765,37.002506,72.12,0.863,2
-122.047344,37.002506,72.09,0.862,2
-122.047038,37.002506,72.13,0.852,2
-122.046731,37.002506,72.18,0.842,2
-122.046425,37.002506,72.12,0.869,2
-122.046119,37.002506,72.02,0.868,2
-122.045813,37.002506,71.84,0.86,2
-122.045506,37.002506,71.61,0.857,2
-122.0452,37.002506,71.43,0.853,2
-122.044894,37.002506,71.37,0.852,2
-122.044588,37.002506,71.44,0.855,2
-122.044281,37.002506,71.55,0.853,2
-122.043975,37.002506,71.76,0.844,2
-122.043669,37.002506,71.93,0.841,2
-122.043363,37.002506,71.98,0.852,2
-122.043056,37.002506,71.95,0.852,2
-122.04275,37.002506,71.95,0.831,2
-122.042444,37.002506,71.86,0.838,2
-122.042138,37.002506,71.7,0.85,2
-122.041831,37.002506,71.56,0.847,2
-122.041525,37.002506,71.46,0.841,2
-122.041219,37.002506,71.38,0.845,2
-122.040913,37.002506,71.37,0.851,2
-122.040606,37.002506,71.45,0.848,2
-122.0403,37.002506,71.73,0.861,2
-122.039994,37.002506,72.44,0.832,2
-122.039687,37.002506,73.3,0.788,2
-122.039381,37.002506,73.98,0.823,2
-122.085626,37.0022,79.76,0.783,4
-122.08532,37.0022,81.51,0.681,4
-122.085013,37.0022,85.12,0.506,4
-122.084707,37.0022,88.71,0.419,4
-122.084401,37.0022,91.46,0.421,3
-122.084095,37.0022,91.42,0.442,3
-122.083788,37.0022,92.6,0.433,3
-122.083482,37.0022,90,0.603,3
-122.083176,37.0022,87.27,0.78,3
-122.08287,37.0022,82.16,0.85,3
-122.082563,37.0022,78.57,0.862,3
-122.082257,37.0022,76.15,0.87,3
-122.081951,37.0022,74.16,0.876,3
-122.081645,37.0022,72.77,0.874,3
-122.081338,37.0022,71.94,0.877,3
-122.081032,37.0022,71.42,0.88,3
-122.080726,37.0022,71,0.882,3
-122.08042,37.0022,70.76,0.876,3
-122.080113,37.0022,70.63,0.867,3
-122.079807,37.0022,70.59,0.865,3
-122.079501,37.0022,70.55,0.869,3
-122.079195,37.0022,70.49,0.863,3
-122.078888,37.0022,70.42,0.863,3
-122.078582,37.0022,70.41,0.873,3
-122.078276,37.0022,70.57,0.879,3
-122.07797,37.0022,70.77,0.877,3
-122.077663,37.0022,70.67,0.879,3
-122.077357,37.0022,70.62,0.879,3
-122.077051,37.0022,70.63,0.87,3
-122.076744,37.0022,70.68,0.843,3
-122.076438,37.0022,70.71,0.845,3
-122.076132,37.0022,70.67,0.866,3
-122.075826,37.0022,70.66,0.877,3
-122.075519,37.0022,70.6,0.881,3
-122.075213,37.0022,70.52,0.882,3
-122.074907,37.0022,70.46,0.878,3
-122.074601,37.0022,70.37,0.872,3
-122.074294,37.0022,70.22,0.875,3
-122.073988,37.0022,70.19,0.875,3
-122.073682,37.0022,70.58,0.892,3
-122.073376,37.0022,71.06,0.889,3
-122.073069,37.0022,71.41,0.87,3
-122.072763,37.0022,71.67,0.825,3
-122.072457,37.0022,71.67,0.83,3
-122.072151,37.0022,71.48,0.867,3
-122.071844,37.0022,71.27,0.887,3
-122.071538,37.0022,71.09,0.871,3
-122.071232,37.0022,70.94,0.844,3
-122.070926,37.0022,70.78,0.858,3
-122.070619,37.0022,70.66,0.863,3
-122.070313,37.0022,70.58,0.861,3
-122.070007,37.0022,70.62,0.865,3
-122.069701,37.0022,70.53,0.868,3
-122.069394,37.0022,70.39,0.879,3
-122.069088,37.0022,70.25,0.885,3
-122.068782,37.0022,70.07,0.886,3
-122.068476,37.0022,69.89,0.885,3
-122.068169,37.0022,69.77,0.88,3
-122.067863,37.0022,69.8,0.872,3
-122.067557,37.0022,70.04,0.87,3
-122.067251,37.0022,70.47,0.862,3
-122.066944,37.0022,70.96,0.876,3
-122.066638,37.0022,71.52,0.873,3
-122.066332,37.0022,72.05,0.881,3
-122.066026,37.0022,72.52,0.751,1
-122.065719,37.0022,72.58,0.657,1
-122.065413,37.0022,72.03,0.756,1
-122.065107,37.0022,71.41,0.875,1
-122.0648,37.0022,71.08,0.869,1
-122.064494,37.0022,70.7,0.874,1
-122.064188,37.0022,70.49,0.872,1
-122.063882,37.0022,72.39,0.866,1
-122.063575,37.0022,72.4,0.891,1
-122.063269,37.0022,72.57,0.893,1
-122.062963,37.0022,73.64,0.892,1
-122.062657,37.0022,74.96,0.871,3
-122.06235,37.0022,75.43,0.861,3
-122.062044,37.0022,75.77,0.858,3
-122.061738,37.0022,76.07,0.868,3
-122.061432,37.0022,76.33,0.884,3
-122.061125,37.0022,75.85,0.888,3
-122.060819,37.0022,72.99,0.874,3
-122.060513,37.0022,73.1,0.863,3
-122.060207,37.0022,73.53,0.871,3
-122.0599,37.0022,75.18,0.759,3
-122.059594,37.0022,77.27,0.648,3
-122.059288,37.0022,79.19,0.651,3
-122.058982,37.0022,82.58,0.669,3
-122.058675,37.0022,85.32,0.624,3
-122.058369,37.0022,85.83,0.497,3
-122.058063,37.0022,84.17,0.461,3
-122.057757,37.0022,80.47,0.722,3
-122.05745,37.0022,78.77,0.835,3
-122.057144,37.0022,77.19,0.854,3
-122.056838,37.0022,75.8,0.875,3
-122.056532,37.0022,75.32,0.864,2
-122.056225,37.0022,75.42,0.862,2
-122.055919,37.0022,76.29,0.744,2
-122.055613,37.0022,77.75,0.571,2
-122.055307,37.0022,79.15,0.487,2
-122.055,37.0022,80.24,0.474,2
-122.054694,37.0022,81.1,0.475,2
-122.054388,37.0022,81.58,0.558,2
-122.054082,37.0022,81.9,0.602,2
-122.053775,37.0022,82.58,0.526,3
-122.053469,37.0022,81.93,0.501,3
-122.053163,37.0022,80.99,0.578,3
-122.052856,37.0022,79.83,0.63,3
-122.05255,37.0022,78.39,0.674,3
-122.052244,37.0022,76.84,0.727,3
-122.051938,37.0022,75.37,0.802,3
-122.051631,37.0022,74.1,0.861,3
-122.051325,37.0022,73.11,0.868,2
-122.051019,37.0022,72.44,0.857,2
-122.050713,37.0022,71.98,0.846,2
-122.050406,37.0022,71.78,0.848,2
-122.0501,37.0022,71.66,0.854,2
-122.049794,37.0022,71.66,0.855,2
-122.049488,37.0022,71.79,0.862,2
-122.049181,37.0022,72.06,0.852,2
-122.048875,37.0022,72.29,0.828,2
-122.048569,37.0022,72.43,0.793,2
-122.048263,37.0022,72.4,0.794,2
-122.047956,37.0022,72.11,0.848,2
-122.04765,37.0022,71.86,0.858,2
-122.047344,37.0022,71.74,0.867,2
-122.047038,37.0022,71.77,0.871,2
-122.046731,37.0022,71.85,0.857,2
-122.046425,37.0022,71.83,0.875,2
-122.046119,37.0022,71.78,0.872,2
-122.045813,37.0022,71.66,0.862,2
-122.045506,37.0022,71.48,0.857,2
-122.0452,37.0022,71.32,0.855,2
-122.044894,37.0022,71.23,0.852,2
-122.044588,37.0022,71.22,0.854,2
-122.044281,37.0022,71.31,0.856,2
-122.043975,37.0022,71.57,0.844,2
-122.043669,37.0022,71.83,0.838,2
-122.043363,37.0022,72.01,0.842,2
-122.043056,37.0022,72.05,0.843,2
-122.04275,37.0022,72.1,0.809,2
-122.042444,37.0022,72.05,0.813,2
-122.042138,37.0022,71.9,0.835,2
-122.041831,37.0022,71.73,0.843,2
-122.041525,37.0022,71.61,0.837,2
-122.041219,37.0022,71.54,0.835,2
-122.040913,37.0022,71.51,0.843,2
-122.040606,37.0022,71.56,0.842,2
-122.0403,37.0022,71.88,0.858,2
-122.039994,37.0022,72.54,0.849,2
-122.039687,37.0022,73.35,0.814,2
-122.039381,37.0022,74.02,0.82,2
-122.039075,37.0022,74.55,0.841,2
-122.085626,37.001893,77.77,0.846,4
-122.08532,37.001893,79.43,0.811,4
-122.085013,37.001893,82.92,0.69,3
-122.084707,37.001893,86.53,0.513,3
-122.084401,37.001893,89.53,0.414,3
-122.084095,37.001893,91.59,0.441,3
-122.083788,37.001893,94.52,0.454,3
-122.083482,37.001893,92.9,0.444,3
-122.083176,37.001893,90.84,0.564,3
-122.08287,37.001893,85.96,0.692,3
-122.082563,37.001893,82.68,0.715,3
-122.082257,37.001893,80.28,0.764,3
-122.081951,37.001893,77.64,0.842,3
-122.081645,37.001893,75.22,0.873,3
-122.081338,37.001893,73.55,0.871,3
-122.081032,37.001893,72.38,0.881,3
-122.080726,37.001893,71.59,0.876,3
-122.08042,37.001893,71.16,0.866,3
-122.080113,37.001893,70.84,0.87,3
-122.079807,37.001893,70.62,0.866,3
-122.079501,37.001893,70.59,0.865,3
-122.079195,37.001893,70.63,0.863,3
-122.078888,37.001893,70.58,0.867,3
-122.078582,37.001893,70.53,0.875,3
-122.078276,37.001893,70.62,0.879,3
-122.07797,37.001893,70.73,0.878,3
-122.077663,37.001893,70.64,0.884,3
-122.077357,37.001893,70.62,0.88,3
-122.077051,37.001893,70.62,0.879,3
-122.076744,37.001893,70.65,0.866,3
-122.076438,37.001893,70.7,0.862,3
-122.076132,37.001893,70.69,0.866,3
-122.075826,37.001893,70.69,0.871,3
-122.075519,37.001893,70.68,0.876,3
-122.075213,37.001893,70.62,0.877,3
-122.074907,37.001893,70.53,0.872,3
-122.074601,37.001893,70.41,0.868,3
-122.074294,37.001893,70.25,0.87,3
-122.073988,37.001893,70.14,0.867,3
-122.073682,37.001893,70.45,0.886,3
-122.073376,37.001893,70.88,0.885,3
-122.073069,37.001893,71.18,0.878,3
-122.072763,37.001893,71.36,0.875,3
-122.072457,37.001893,71.48,0.852,3
-122.072151,37.001893,71.47,0.832,3
-122.071844,37.001893,71.32,0.846,3
-122.071538,37.001893,71.12,0.866,3
-122.071232,37.001893,70.93,0.86,3
-122.070926,37.001893,70.63,0.874,3
-122.070619,37.001893,70.42,0.871,3
-122.070313,37.001893,70.31,0.865,3
-122.070007,37.001893,70.35,0.872,3
-122.069701,37.001893,70.37,0.877,3
-122.069394,37.001893,70.31,0.889,3
-122.069088,37.001893,70.22,0.892,3
-122.068782,37.001893,70.14,0.886,3
-122.068476,37.001893,70.05,0.88,3
-122.068169,37.001893,70,0.878,3
-122.067863,37.001893,70.06,0.875,3
-122.067557,37.001893,70.27,0.875,3
-122.067251,37.001893,70.55,0.872,3
-122.066944,37.001893,70.88,0.887,3
-122.066638,37.001893,71.31,0.892,3
-122.066332,37.001893,71.87,0.878,3
-122.066026,37.001893,72.08,0.819,1
-122.065719,37.001893,72.21,0.718,1
-122.065413,37.001893,72.06,0.727,1
-122.065107,37.001893,71.74,0.819,1
-122.0648,37.001893,71.52,0.86,1
-122.061125,37.001893,78.09,0.748,2
-122.060819,37.001893,74.8,0.834,3
-122.060513,37.001893,74.35,0.869,3
-122.060207,37.001893,74.7,0.862,3
-122.0599,37.001893,76.01,0.795,3
-122.059594,37.001893,77.8,0.631,3
-122.059288,37.001893,79.71,0.598,3
-122.058982,37.001893,83.14,0.554,3
-122.058675,37.001893,86.03,0.56,3
-122.058369,37.001893,87.3,0.555,3
-122.058063,37.001893,86.77,0.516,3
-122.057757,37.001893,83.84,0.639,3
-122.05745,37.001893,82.16,0.696,3
-122.057144,37.001893,80.28,0.714,3
-122.056838,37.001893,78.2,0.818,3
-122.056532,37.001893,77.19,0.86,2
-122.056225,37.001893,76.92,0.866,2
-122.055919,37.001893,77.29,0.781,2
-122.055613,37.001893,78.51,0.58,2
-122.055307,37.001893,79.82,0.524,2
-122.055,37.001893,80.91,0.576,2
-122.054694,37.001893,81.97,0.543,2
-122.054388,37.001893,82.72,0.544,2
-122.054082,37.001893,83.26,0.516,2
-122.053775,37.001893,83.86,0.458,3
-122.053469,37.001893,83.26,0.486,3
-122.053163,37.001893,82.37,0.666,3
-122.052856,37.001893,81.47,0.627,3
-122.05255,37.001893,79.77,0.637,3
-122.052244,37.001893,78.1,0.722,2
-122.051938,37.001893,76.53,0.804,2
-122.051631,37.001893,74.93,0.847,2
-122.051325,37.001893,73.7,0.859,2
-122.051019,37.001893,72.9,0.852,2
-122.050713,37.001893,72.34,0.845,2
-122.050406,37.001893,71.99,0.861,2
-122.0501,37.001893,71.81,0.862,2
-122.049794,37.001893,71.81,0.85,2
-122.049488,37.001893,71.9,0.857,2
-122.049181,37.001893,72.12,0.851,2
-122.048875,37.001893,72.32,0.819,2
-122.048569,37.001893,72.37,0.799,2
-122.048263,37.001893,72.22,0.816,2
-122.047956,37.001893,71.93,0.844,2
-122.04765,37.001893,71.69,0.847,2
-122.047344,37.001893,71.58,0.857,2
-122.047038,37.001893,71.61,0.854,2
-122.046731,37.001893,71.65,0.846,2
-122.046425,37.001893,71.6,0.864,2
-122.046119,37.001893,71.53,0.869,2
-122.045813,37.001893,71.45,0.862,2
-122.045506,37.001893,71.36,0.851,2
-122.0452,37.001893,71.24,0.846,2
-122.044894,37.001893,71.15,0.845,2
-122.044588,37.001893,71.12,0.845,2
-122.044281,37.001893,71.15,0.856,2
-122.043975,37.001893,71.33,0.852,2
-122.043669,37.001893,71.67,0.855,2
-122.043363,37.001893,71.99,0.841,2
-122.043056,37.001893,72.09,0.843,2
-122.04275,37.001893,72.18,0.813,2
-122.042444,37.001893,72.18,0.802,2
-122.042138,37.001893,72.09,0.819,2
-122.041831,37.001893,71.97,0.828,2
-122.041525,37.001893,71.86,0.82,2
-122.041219,37.001893,71.78,0.817,2
-122.040913,37.001893,71.75,0.825,2
-122.040606,37.001893,71.8,0.842,2
-122.0403,37.001893,72.08,0.867,2
-122.039994,37.001893,72.66,0.874,2
-122.039687,37.001893,73.39,0.849,2
-122.039381,37.001893,74.08,0.816,2
-122.039075,37.001893,74.64,0.832,2
-122.085626,37.001587,75.91,0.852,4
-122.08532,37.001587,77.47,0.852,4
-122.085013,37.001587,80.67,0.816,3
-122.084707,37.001587,84.1,0.699,3
-122.084401,37.001587,87.43,0.538,3
-122.084095,37.001587,90.45,0.46,3
-122.083788,37.001587,95.02,0.444,3
-122.083482,37.001587,95.54,0.406,3
-122.083176,37.001587,94.89,0.423,3
-122.08287,37.001587,90.96,0.485,3
-122.082563,37.001587,87.87,0.489,3
-122.082257,37.001587,85.1,0.567,3
-122.081951,37.001587,81.76,0.739,3
-122.081645,37.001587,78.39,0.86,3
-122.081338,37.001587,75.72,0.87,3
-122.081032,37.001587,73.63,0.877,3
-122.080726,37.001587,72.21,0.866,3
-122.08042,37.001587,71.45,0.862,3
-122.080113,37.001587,71,0.863,3
-122.079807,37.001587,70.74,0.862,3
-122.079501,37.001587,70.67,0.871,3
-122.079195,37.001587,70.71,0.877,3
-122.078888,37.001587,70.67,0.879,3
-122.078582,37.001587,70.64,0.88,3
-122.078276,37.001587,70.68,0.88,3
-122.07797,37.001587,70.69,0.881,3
-122.077663,37.001587,70.64,0.889,3
-122.077357,37.001587,70.62,0.883,3
-122.077051,37.001587,70.63,0.865,3
-122.076744,37.001587,70.6,0.873,3
-122.076438,37.001587,70.62,0.869,3
-122.076132,37.001587,70.64,0.867,3
-122.075826,37.001587,70.68,0.864,3
-122.075519,37.001587,70.69,0.867,3
-122.075213,37.001587,70.63,0.873,3
-122.074907,37.001587,70.52,0.874,3
-122.074601,37.001587,70.35,0.874,3
-122.074294,37.001587,70.17,0.884,3
-122.073988,37.001587,70.12,0.885,3
-122.073682,37.001587,70.39,0.882,3
-122.073376,37.001587,70.72,0.882,3
-122.073069,37.001587,70.99,0.881,3
-122.072763,37.001587,71.19,0.881,3
-122.072457,37.001587,71.3,0.866,3
-122.072151,37.001587,71.35,0.817,3
-122.071844,37.001587,71.33,0.766,3
-122.071538,37.001587,71.23,0.778,3
-122.071232,37.001587,70.99,0.846,3
-122.070926,37.001587,70.57,0.868,3
-122.070619,37.001587,70.31,0.873,3
-122.070313,37.001587,70.22,0.865,3
-122.070007,37.001587,70.31,0.859,3
-122.069701,37.001587,70.28,0.871,3
-122.069394,37.001587,70.28,0.881,3
-122.069088,37.001587,70.29,0.889,3
-122.068782,37.001587,70.27,0.887,3
-122.068476,37.001587,70.24,0.881,3
-122.068169,37.001587,70.24,0.877,3
-122.067863,37.001587,70.34,0.876,3
-122.067557,37.001587,70.5,0.882,3
-122.067251,37.001587,70.68,0.89,3
-122.066944,37.001587,70.89,0.902,3
-122.066638,37.001587,71.22,0.904,3
-122.066332,37.001587,71.79,0.854,3
-122.066026,37.001587,71.75,0.836,1
-122.065719,37.001587,71.73,0.827,1
-122.061125,37.001587,80.56,0.574,2
-122.060819,37.001587,76.86,0.743,3
-122.060513,37.001587,75.96,0.84,3
-122.060207,37.001587,75.9,0.856,3
-122.0599,37.001587,76.65,0.847,3
-122.059594,37.001587,78.07,0.751,3
-122.059288,37.001587,79.9,0.665,3
-122.058982,37.001587,83.38,0.537,3
-122.058675,37.001587,86.28,0.561,3
-122.058369,37.001587,87.74,0.669,3
-122.058063,37.001587,87.79,0.656,3
-122.057757,37.001587,85.89,0.584,3
-122.05745,37.001587,85.09,0.476,3
-122.057144,37.001587,83.05,0.505,3
-122.056838,37.001587,80.68,0.708,2
-122.056532,37.001587,78.89,0.839,2
-122.056225,37.001587,77.96,0.863,2
-122.055919,37.001587,77.84,0.807,2
-122.055613,37.001587,78.84,0.592,2
-122.055307,37.001587,80.11,0.553,2
-122.055,37.001587,81.18,0.66,2
-122.054694,37.001587,82.19,0.632,2
-122.054388,37.001587,82.88,0.562,2
-122.054082,37.001587,83.17,0.524,2
-122.053775,37.001587,82.84,0.613,3
-122.053469,37.001587,82,0.712,3
-122.053163,37.001587,81.24,0.685,3
-122.052856,37.001587,80.77,0.63,3
-122.05255,37.001587,79.54,0.691,3
-122.052244,37.001587,77.85,0.777,2
-122.051938,37.001587,76.28,0.824,2
-122.051631,37.001587,74.93,0.838,2
-122.051325,37.001587,73.84,0.835,2
-122.051019,37.001587,73.14,0.821,2
-122.050713,37.001587,72.63,0.805,2
-122.050406,37.001587,72.21,0.836,2
-122.0501,37.001587,71.97,0.845,2
-122.049794,37.001587,71.93,0.844,2
-122.049488,37.001587,71.96,0.852,2
-122.049181,37.001587,72.09,0.853,2
-122.048875,37.001587,72.25,0.808,2
-122.048569,37.001587,72.25,0.789,2
-122.048263,37.001587,72.05,0.824,2
-122.047956,37.001587,71.8,0.847,2
-122.04765,37.001587,71.65,0.837,2
-122.047344,37.001587,71.58,0.841,2
-122.047038,37.001587,71.58,0.838,2
-122.046731,37.001587,71.58,0.83,2
-122.046425,37.001587,71.53,0.844,2
-122.046119,37.001587,71.44,0.856,2
-122.045813,37.001587,71.36,0.859,2
-122.045506,37.001587,71.29,0.855,2
-122.0452,37.001587,71.21,0.848,2
-122.044894,37.001587,71.12,0.842,2
-122.044588,37.001587,71.06,0.847,2
-122.044281,37.001587,71.04,0.858,2
-122.043975,37.001587,71.16,0.865,2
-122.043669,37.001587,71.53,0.853,2
-122.043363,37.001587,71.92,0.833,2
-122.043056,37.001587,72.06,0.836,2
-122.04275,37.001587,72.17,0.835,2
-122.042444,37.001587,72.22,0.834,2
-122.042138,37.001587,72.23,0.834,2
-122.041831,37.001587,72.24,0.828,2
-122.041525,37.001587,72.23,0.818,2
-122.041219,37.001587,72.17,0.819,2
-122.040913,37.001587,72.13,0.828,2
-122.040606,37.001587,72.18,0.834,2
-122.0403,37.001587,72.4,0.851,2
-122.039994,37.001587,72.86,0.863,2
-122.039687,37.001587,73.51,0.863,2
-122.039381,37.001587,74.3,0.797,2
-122.039075,37.001587,74.98,0.79,2
-122.085626,37.001281,74.35,0.855,3
-122.08532,37.001281,75.63,0.854,3
-122.085013,37.001281,78.35,0.851,3
-122.084707,37.001281,81.62,0.821,3
-122.084401,37.001281,85.28,0.704,3
-122.084095,37.001281,89.45,0.519,3
-122.083788,37.001281,95.36,0.455,3
-122.083482,37.001281,97.56,0.435,3
-122.083176,37.001281,98.46,0.404,3
-122.08287,37.001281,95.61,0.404,3
-122.082563,37.001281,92.65,0.414,3
-122.082257,37.001281,89.54,0.474,3
-122.081951,37.001281,85.62,0.617,3
-122.081645,37.001281,81.37,0.775,3
-122.081338,37.001281,77.74,0.859,3
-122.081032,37.001281,75.05,0.874,3
-122.080726,37.001281,72.94,0.858,3
-122.08042,37.001281,71.67,0.865,3
-122.080113,37.001281,71.09,0.87,3
-122.079807,37.001281,70.87,0.864,3
-122.079501,37.001281,70.81,0.871,3
-122.079195,37.001281,70.76,0.877,3
-122.078888,37.001281,70.72,0.879,3
-122.078582,37.001281,70.7,0.88,3
-122.078276,37.001281,70.71,0.881,3
-122.07797,37.001281,70.69,0.883,3
-122.077663,37.001281,70.66,0.882,3
-122.077357,37.001281,70.61,0.882,3
-122.077051,37.001281,70.54,0.877,3
-122.076744,37.001281,70.5,0.877,3
-122.076438,37.001281,70.49,0.866,3
-122.076132,37.001281,70.53,0.859,3
-122.075826,37.001281,70.59,0.859,3
-122.075519,37.001281,70.6,0.87,3
-122.075213,37.001281,70.56,0.875,3
-122.074907,37.001281,70.43,0.873,3
-122.074601,37.001281,70.22,0.883,3
-122.074294,37.001281,70.08,0.893,3
-122.073988,37.001281,70.11,0.888,3
-122.073682,37.001281,70.29,0.886,3
-122.073376,37.001281,70.57,0.885,3
-122.073069,37.001281,70.85,0.884,3
-122.072763,37.001281,71.1,0.868,3
-122.072457,37.001281,71.17,0.862,3
-122.072151,37.001281,71.14,0.856,3
-122.071844,37.001281,71.08,0.838,3
-122.071538,37.001281,71.02,0.838,3
-122.071232,37.001281,70.88,0.875,3
-122.070926,37.001281,70.57,0.883,3
-122.070619,37.001281,70.31,0.88,3
-122.070313,37.001281,70.23,0.87,3
-122.070007,37.001281,70.35,0.845,3
-122.069701,37.001281,70.29,0.867,3
-122.069394,37.001281,70.28,0.872,3
-122.069088,37.001281,70.29,0.879,3
-122.068782,37.001281,70.31,0.881,3
-122.068476,37.001281,70.27,0.883,3
-122.068169,37.001281,70.21,0.886,3
-122.067863,37.001281,70.29,0.884,3
-122.067557,37.001281,70.5,0.891,3
-122.067251,37.001281,70.74,0.888,3
-122.066944,37.001281,70.87,0.907,3
-122.066638,37.001281,71.13,0.885,3
-122.066332,37.001281,71.61,0.834,3
-122.066026,37.001281,71.41,0.785,1
-122.065719,37.001281,71.3,0.829,1
-122.061125,37.001281,82.79,0.478,2
-122.060819,37.001281,79.59,0.43,1
-122.060513,37.001281,78.21,0.591,3
-122.060207,37.001281,77.35,0.801,3
-122.0599,37.001281,77.53,0.855,3
-122.059594,37.001281,78.58,0.818,3
-122.059288,37.001281,80.18,0.748,3
-122.058982,37.001281,83.78,0.724,3
-122.058675,37.001281,86.68,0.744,3
-122.058369,37.001281,88.11,0.759,3
-122.058063,37.001281,88.28,0.712,3
-122.057757,37.001281,87.03,0.575,3
-122.05745,37.001281,87.32,0.404,3
-122.057144,37.001281,85.1,0.423,3
-122.056838,37.001281,82.64,0.705,2
-122.056532,37.001281,80.12,0.852,2
-122.056225,37.001281,78.66,0.868,2
-122.055919,37.001281,78.29,0.824,2
-122.055613,37.001281,79.01,0.666,2
-122.055307,37.001281,80.15,0.632,2
-122.055,37.001281,81.27,0.709,2
-122.054694,37.001281,82.28,0.666,2
-122.054388,37.001281,82.89,0.541,2
-122.054082,37.001281,82.64,0.564,2
-122.053775,37.001281,81.75,0.69,2
-122.053469,37.001281,80.44,0.811,2
-122.053163,37.001281,79.36,0.776,2
-122.052856,37.001281,78.62,0.717,2
-122.05255,37.001281,77.66,0.764,2
-122.052244,37.001281,76.43,0.813,2
-122.051938,37.001281,75.31,0.825,2
-122.051631,37.001281,74.33,0.829,2
-122.051325,37.001281,73.48,0.829,2
-122.051019,37.001281,72.97,0.806,2
-122.050713,37.001281,72.62,0.777,2
-122.050406,37.001281,72.24,0.813,2
-122.0501,37.001281,71.99,0.833,2
-122.049794,37.001281,71.88,0.852,2
-122.049488,37.001281,71.88,0.857,2
-122.049181,37.001281,71.97,0.847,2
-122.048875,37.001281,72.04,0.828,2
-122.048569,37.001281,72.04,0.823,2
-122.048263,37.001281,71.96,0.835,2
-122.047956,37.001281,71.83,0.843,2
-122.04765,37.001281,71.73,0.841,2
-122.047344,37.001281,71.71,0.838,2
-122.047038,37.001281,71.75,0.808,2
-122.046731,37.001281,71.71,0.812,2
-122.046425,37.001281,71.61,0.829,2
-122.046119,37.001281,71.46,0.852,2
-122.045813,37.001281,71.36,0.861,2
-122.045506,37.001281,71.28,0.86,2
-122.0452,37.001281,71.2,0.853,2
-122.044894,37.001281,71.09,0.846,2
-122.044588,37.001281,71.02,0.847,2
-122.044281,37.001281,71.01,0.854,2
-122.043975,37.001281,71.09,0.861,2
-122.043669,37.001281,71.39,0.843,2
-122.043363,37.001281,71.78,0.824,2
-122.043056,37.001281,71.94,0.837,2
-122.04275,37.001281,72.12,0.841,2
-122.042444,37.001281,72.31,0.838,2
-122.042138,37.001281,72.52,0.817,2
-122.041831,37.001281,72.72,0.791,2
-122.041525,37.001281,72.83,0.79,2
-122.041219,37.001281,72.79,0.818,2
-122.040913,37.001281,72.71,0.831,2
-122.040606,37.001281,72.66,0.831,2
-122.0403,37.001281,72.73,0.834,2
-122.039994,37.001281,73.03,0.855,2
-122.039687,37.001281,73.64,0.854,2
-122.039381,37.001281,74.54,0.78,2
-122.039075,37.001281,75.38,0.786,2
-122.085013,37.000975,76.47,0.841,3
-122.084707,37.000975,79.36,0.833,3
-122.084401,37.000975,83.26,0.769,3
-122.084095,37.000975,88.32,0.585,3
-122.083788,37.000975,95.12,0.471,3
-122.083482,37.000975,98.06,0.447,3
-122.083176,37.000975,99.6,0.425,3
-122.08287,37.000975,98.3,0.417,3
-122.082563,37.000975,96.01,0.405,3
-122.082257,37.000975,93.02,0.417,3
-122.081951,37.000975,89.24,0.469,3
-122.081645,37.000975,84.9,0.619,3
-122.081338,37.000975,80.78,0.814,3
-122.081032,37.000975,77.4,0.877,3
-122.080726,37.000975,73.75,0.87,3
-122.08042,37.000975,72.16,0.87,3
-122.080113,37.000975,71.38,0.867,3
-122.079807,37.000975,71.07,0.869,3
-122.079501,37.000975,70.96,0.873,3
-122.079195,37.000975,70.83,0.88,3
-122.078888,37.000975,70.76,0.882,3
-122.078582,37.000975,70.74,0.878,3
-122.078276,37.000975,70.72,0.877,3
-122.07797,37.000975,70.71,0.879,3
-122.077663,37.000975,70.68,0.876,3
-122.077357,37.000975,70.58,0.876,3
-122.077051,37.000975,70.39,0.883,3
-122.076744,37.000975,70.29,0.881,3
-122.076438,37.000975,70.29,0.875,3
-122.076132,37.000975,70.38,0.852,3
-122.075826,37.000975,70.47,0.854,3
-122.075519,37.000975,70.51,0.873,3
-122.075213,37.000975,70.45,0.88,3
-122.074907,37.000975,70.31,0.878,3
-122.074601,37.000975,70.12,0.886,3
-122.074294,37.000975,70.06,0.891,3
-122.073988,37.000975,70.16,0.881,3
-122.073682,37.000975,70.32,0.89,3
-122.073376,37.000975,70.6,0.889,3
-122.073069,37.000975,70.88,0.878,3
-122.072763,37.000975,71.1,0.863,3
-122.072457,37.000975,71.15,0.857,3
-122.072151,37.000975,71.09,0.869,3
-122.071844,37.000975,70.99,0.879,3
-122.071538,37.000975,70.93,0.881,3
-122.071232,37.000975,70.89,0.888,3
-122.070926,37.000975,70.74,0.891,3
-122.070619,37.000975,70.48,0.879,3
-122.070313,37.000975,70.32,0.896,3
-122.070007,37.000975,70.31,0.887,3
-122.069701,37.000975,70.33,0.85,3
-122.069394,37.000975,70.27,0.859,3
-122.069088,37.000975,70.21,0.877,3
-122.068782,37.000975,70.16,0.879,3
-122.068476,37.000975,70.11,0.881,3
-122.068169,37.000975,70.09,0.89,3
-122.067863,37.000975,70.13,0.892,3
-122.067557,37.000975,70.26,0.893,3
-122.067251,37.000975,70.47,0.889,3
-122.066944,37.000975,70.77,0.897,3
-122.066638,37.000975,71,0.874,3
-122.066332,37.000975,71.36,0.846,3
-122.066026,37.000975,70.99,0.816,1
-122.065719,37.000975,70.85,0.839,1
-122.061125,37.000975,84.11,0.352,2
-122.060513,37.000975,80.05,0.358,3
-122.060207,37.000975,78.77,0.773,3
-122.0599,37.000975,78.42,0.85,3
-122.059594,37.000975,79.02,0.837,3
-122.059288,37.000975,80.43,0.697,3
-122.058982,37.000975,82.42,0.723,3
-122.058675,37.000975,84.52,0.766,3
-122.058369,37.000975,86.29,0.708,3
-122.058063,37.000975,87.41,0.572,3
-122.057757,37.000975,87.81,0.413,3
-122.05745,37.000975,87.82,0.385,3
-122.057144,37.000975,86.33,0.485,2
-122.056838,37.000975,83.61,0.797,2
-122.056532,37.000975,80.92,0.865,2
-122.056225,37.000975,79.16,0.857,2
-122.055919,37.000975,78.7,0.788,2
-122.055613,37.000975,78.99,0.704,2
-122.055307,37.000975,79.83,0.702,2
-122.055,37.000975,82.17,0.763,2
-122.054694,37.000975,84.93,0.744,2
-122.054388,37.000975,85.58,0.614,2
-122.054082,37.000975,85.15,0.587,2
-122.053775,37.000975,82.25,0.684,2
-122.053469,37.000975,80.51,0.867,2
-122.053163,37.000975,78.96,0.864,2
-122.052856,37.000975,77.57,0.835,2
-122.05255,37.000975,76.4,0.827,2
-122.052244,37.000975,75.41,0.826,2
-122.051938,37.000975,74.59,0.816,2
-122.051631,37.000975,73.84,0.812,2
-122.051325,37.000975,73.15,0.826,2
-122.051019,37.000975,72.65,0.826,2
-122.050713,37.000975,72.34,0.805,2
-122.050406,37.000975,72.05,0.827,2
-122.0501,37.000975,71.84,0.848,2
-122.049794,37.000975,71.72,0.859,2
-122.049488,37.000975,71.68,0.861,2
-122.049181,37.000975,71.73,0.856,2
-122.048875,37.000975,71.83,0.855,2
-122.048569,37.000975,71.94,0.847,2
-122.048263,37.000975,72.01,0.838,2
-122.047956,37.000975,72.01,0.838,2
-122.04765,37.000975,71.98,0.835,2
-122.047344,37.000975,72.03,0.831,2
-122.047038,37.000975,72.07,0.806,2
-122.046731,37.000975,72.01,0.809,2
-122.046425,37.000975,71.83,0.827,2
-122.046119,37.000975,71.62,0.845,2
-122.045813,37.000975,71.46,0.849,2
-122.045506,37.000975,71.33,0.85,2
-122.0452,37.000975,71.23,0.843,2
-122.044894,37.000975,71.16,0.834,2
-122.044588,37.000975,71.08,0.837,2
-122.044281,37.000975,71.05,0.847,2
-122.043975,37.000975,71.09,0.862,2
-122.043669,37.000975,71.26,0.855,2
-122.043363,37.000975,71.58,0.839,2
-122.043056,37.000975,71.78,0.842,2
-122.04275,37.000975,72.08,0.833,2
-122.042444,37.000975,72.45,0.822,2
-122.042138,37.000975,72.85,0.804,2
-122.041831,37.000975,73.25,0.778,2
-122.041525,37.000975,73.58,0.771,2
-122.041219,37.000975,73.71,0.794,2
-122.040913,37.000975,73.64,0.82,2
-122.040606,37.000975,73.4,0.841,2
-122.0403,37.000975,73.25,0.837,2
-122.039994,37.000975,73.29,0.839,2
-122.039687,37.000975,73.64,0.848,2
-122.039381,37.000975,74.3,0.859,2
-122.039075,37.000975,75.24,0.859,2
-122.085013,37.000668,75.2,0.826,3
-122.084707,37.000668,77.84,0.821,3
-122.084401,37.000668,81.64,0.791,3
-122.084095,37.000668,87.16,0.648,3
-122.083788,37.000668,94.22,0.496,3
-122.083482,37.000668,97.1,0.456,3
-122.083176,37.000668,98.9,0.449,3
-122.08287,37.000668,98.93,0.447,3
-122.082563,37.000668,97.5,0.423,3
-122.082257,37.000668,94.95,0.41,3
-122.081951,37.000668,91.57,0.426,3
-122.081645,37.000668,87.62,0.543,3
-122.081338,37.000668,83.76,0.75,3
-122.081032,37.000668,79.96,0.878,3
-122.080726,37.000668,74.78,0.876,3
-122.08042,37.000668,72.68,0.875,3
-122.080113,37.000668,71.62,0.853,3
-122.079807,37.000668,71.21,0.87,3
-122.079501,37.000668,71.05,0.878,3
-122.079195,37.000668,70.9,0.88,3
-122.078888,37.000668,70.83,0.881,3
-122.078582,37.000668,70.81,0.881,3
-122.078276,37.000668,70.8,0.878,3
-122.07797,37.000668,70.8,0.877,3
-122.077663,37.000668,70.71,0.88,3
-122.077357,37.000668,70.5,0.885,3
-122.077051,37.000668,70.19,0.881,3
-122.076744,37.000668,69.99,0.879,3
-122.076438,37.000668,70.13,0.872,3
-122.076132,37.000668,70.26,0.854,3
-122.075826,37.000668,70.36,0.86,3
-122.075519,37.000668,70.4,0.873,3
-122.075213,37.000668,70.32,0.881,3
-122.074907,37.000668,70.14,0.885,3
-122.074601,37.000668,69.98,0.886,3
-122.074294,37.000668,69.98,0.878,3
-122.073988,37.000668,70.11,0.881,3
-122.073682,37.000668,70.37,0.888,3
-122.073376,37.000668,70.66,0.882,3
-122.073069,37.000668,70.98,0.872,3
-122.072763,37.000668,71.19,0.866,3
-122.072457,37.000668,71.25,0.869,3
-122.072151,37.000668,71.24,0.878,3
-122.071844,37.000668,71.21,0.871,3
-122.071538,37.000668,71.18,0.864,3
-122.071232,37.000668,71.17,0.877,3
-122.070926,37.000668,71.08,0.881,3
-122.070619,37.000668,70.91,0.87,3
-122.070313,37.000668,70.64,0.887,3
-122.070007,37.000668,70.5,0.881,3
-122.069701,37.000668,70.45,0.852,3
-122.069394,37.000668,70.36,0.848,3
-122.069088,37.000668,70.22,0.871,3
-122.068782,37.000668,69.93,0.879,2
-122.068476,37.000668,69.72,0.875,2
-122.068169,37.000668,69.72,0.879,2
-122.067863,37.000668,69.79,0.887,2
-122.067557,37.000668,69.96,0.886,2
-122.067251,37.000668,70.15,0.88,2
-122.066944,37.000668,70.33,0.883,2
-122.066638,37.000668,70.54,0.877,2
-122.066332,37.000668,71.01,0.884,3
-122.066026,37.000668,70.63,0.889,1
-122.065719,37.000668,70.57,0.889,1
-122.061125,37.000668,83.77,0.635,1
-122.060819,37.000668,81.21,0.603,1
-122.060513,37.000668,80.62,0.49,1
-122.060207,37.000668,79.66,0.759,1
-122.0599,37.000668,79.48,0.837,1
-122.059594,37.000668,79.71,0.828,3
-122.059288,37.000668,80.94,0.591,3
-122.058982,37.000668,82.95,0.541,3
-122.058675,37.000668,85.16,0.539,3
-122.058369,37.000668,86.77,0.498,3
-122.058063,37.000668,87.49,0.481,2
-122.057757,37.000668,87.54,0.496,2
-122.05745,37.000668,86.95,0.551,2
-122.057144,37.000668,85.83,0.637,2
-122.056838,37.000668,83.43,0.832,2
-122.056532,37.000668,81.24,0.731,2
-122.056225,37.000668,79.48,0.766,2
-122.055919,37.000668,78.85,0.731,2
-122.055613,37.000668,78.89,0.735,2
-122.055307,37.000668,79.71,0.718,2
-122.055,37.000668,82.77,0.712,2
-122.054694,37.000668,86.4,0.747,2
-122.054388,37.000668,87.32,0.741,2
-122.054082,37.000668,87.21,0.705,2
-122.053775,37.000668,83.87,0.683,2
-122.053469,37.000668,82.5,0.707,2
-122.053163,37.000668,80.49,0.788,2
-122.052856,37.000668,78.52,0.868,2
-122.05255,37.000668,77.1,0.862,2
-122.052244,37.000668,75.98,0.844,2
-122.051938,37.000668,75.07,0.832,2
-122.051631,37.000668,74.22,0.833,2
-122.051325,37.000668,73.42,0.848,2
-122.051019,37.000668,72.79,0.853,2
-122.050713,37.000668,72.27,0.847,2
-122.050406,37.000668,71.93,0.85,2
-122.0501,37.000668,71.7,0.846,2
-122.049794,37.000668,71.57,0.845,2
-122.049488,37.000668,71.51,0.844,2
-122.049181,37.000668,71.56,0.839,2
-122.048875,37.000668,71.72,0.838,2
-122.048569,37.000668,71.94,0.834,2
-122.048263,37.000668,72.16,0.826,2
-122.047956,37.000668,72.32,0.818,2
-122.04765,37.000668,72.41,0.806,2
-122.047344,37.000668,72.54,0.796,2
-122.047038,37.000668,72.58,0.793,2
-122.046731,37.000668,72.44,0.812,2
-122.046425,37.000668,72.17,0.828,2
-122.046119,37.000668,71.89,0.84,2
-122.045813,37.000668,71.62,0.847,2
-122.045506,37.000668,71.43,0.852,2
-122.0452,37.000668,71.33,0.844,2
-122.044894,37.000668,71.27,0.832,2
-122.044588,37.000668,71.19,0.831,2
-122.044281,37.000668,71.12,0.841,2
-122.043975,37.000668,71.12,0.862,2
-122.043669,37.000668,71.19,0.865,2
-122.043363,37.000668,71.39,0.855,2
-122.043056,37.000668,71.64,0.852,2
-122.04275,37.000668,72.02,0.834,2
-122.042444,37.000668,72.47,0.821,2
-122.042138,37.000668,72.98,0.817,2
-122.041831,37.000668,73.6,0.793,2
-122.041525,37.000668,74.25,0.738,2
-122.041219,37.000668,74.62,0.72,2
-122.040913,37.000668,74.48,0.799,2
-122.040606,37.000668,74.03,0.849,2
-122.0403,37.000668,73.59,0.85,2
-122.039994,37.000668,73.41,0.831,2
-122.039687,37.000668,73.38,0.848,2
-122.039381,37.000668,73.71,0.87,2
-122.039075,37.000668,74.54,0.867,2
-122.08532,37.000362,73.55,0.833,3
-122.085013,37.000362,74.44,0.833,3
-122.084707,37.000362,76.89,0.826,3
-122.084401,37.000362,80.78,0.772,3
-122.084095,37.000362,86.29,0.623,3
-122.083788,37.000362,92.64,0.49,3
-122.083482,37.000362,95.98,0.459,3
-122.083176,37.000362,98.06,0.472,3
-122.08287,37.000362,98.33,0.497,3
-122.082563,37.000362,97.25,0.487,3
-122.082257,37.000362,95.09,0.463,3
-122.081951,37.000362,92.27,0.452,3
-122.081645,37.000362,89.05,0.502,3
-122.081338,37.000362,85.6,0.664,3
-122.081032,37.000362,81.55,0.856,3
-122.080726,37.000362,76.1,0.874,3
-122.08042,37.000362,73.34,0.87,3
-122.080113,37.000362,71.74,0.852,3
-122.079807,37.000362,71.16,0.874,3
-122.079501,37.000362,70.97,0.882,3
-122.079195,37.000362,70.91,0.88,3
-122.078888,37.000362,70.9,0.877,3
-122.078582,37.000362,70.91,0.878,3
-122.078276,37.000362,70.92,0.881,3
-122.07797,37.000362,70.89,0.883,3
-122.077663,37.000362,70.77,0.884,3
-122.077357,37.000362,70.46,0.884,3
-122.077051,37.000362,70.02,0.872,3
-122.076744,37.000362,69.77,0.874,3
-122.076438,37.000362,70.02,0.872,3
-122.076132,37.000362,70.21,0.874,3
-122.075826,37.000362,70.25,0.873,3
-122.075519,37.000362,70.27,0.875,3
-122.075213,37.000362,70.19,0.876,3
-122.074907,37.000362,70,0.88,3
-122.074601,37.000362,69.86,0.883,3
-122.074294,37.000362,69.92,0.876,3
-122.073988,37.000362,70.1,0.895,3
-122.073682,37.000362,70.4,0.886,3
-122.073376,37.000362,70.76,0.874,3
-122.073069,37.000362,71.1,0.847,3
-122.072763,37.000362,71.37,0.838,3
-122.072457,37.000362,71.51,0.852,3
-122.072151,37.000362,71.54,0.862,3
-122.071844,37.000362,71.59,0.846,3
-122.071538,37.000362,71.66,0.825,3
-122.071232,37.000362,71.63,0.832,3
-122.070926,37.000362,71.49,0.858,3
-122.070619,37.000362,71.35,0.87,3
-122.070313,37.000362,70.97,0.876,3
-122.070007,37.000362,70.68,0.879,3
-122.069701,37.000362,70.52,0.875,3
-122.069394,37.000362,70.44,0.851,3
-122.069088,37.000362,70.25,0.855,3
-122.068782,37.000362,69.98,0.865,2
-122.068476,37.000362,69.78,0.869,2
-122.068169,37.000362,69.72,0.874,2
-122.067863,37.000362,69.75,0.88,2
-122.067557,37.000362,69.89,0.879,2
-122.067251,37.000362,70.13,0.874,2
-122.066944,37.000362,70.39,0.876,2
-122.066638,37.000362,70.64,0.874,2
-122.066332,37.000362,70.83,0.874,2
-122.066026,37.000362,70.82,0.879,1
-122.065719,37.000362,70.86,0.88,1
-122.061125,37.000362,83.02,0.644,1
-122.060819,37.000362,80.6,0.637,1
-122.060513,37.000362,80.05,0.599,1
-122.060207,37.000362,79.31,0.776,1
-122.0599,37.000362,79.24,0.81,1
-122.059594,37.000362,79.28,0.803,3
-122.059288,37.000362,80.82,0.682,3
-122.058982,37.000362,83.06,0.569,2
-122.058675,37.000362,85.26,0.473,2
-122.058369,37.000362,86.64,0.43,2
-122.058063,37.000362,86.83,0.511,2
-122.057757,37.000362,86.28,0.644,2
-122.05745,37.000362,85.62,0.616,2
-122.057144,37.000362,84.63,0.575,2
-122.056838,37.000362,82.8,0.688,2
-122.056532,37.000362,81.34,0.531,2
-122.056225,37.000362,79.91,0.636,2
-122.055919,37.000362,79.1,0.717,2
-122.055613,37.000362,79.32,0.66,2
-122.055307,37.000362,80.31,0.588,2
-122.055,37.000362,83.36,0.555,2
-122.054694,37.000362,87,0.528,2
-122.054388,37.000362,88.27,0.477,2
-122.054082,37.000362,88.55,0.393,2
-122.053775,37.000362,85.87,0.395,2
-122.053469,37.000362,85.03,0.315,2
-122.053163,37.000362,83.28,0.349,2
-122.052856,37.000362,81.02,0.492,2
-122.05255,37.000362,79.04,0.73,2
-122.052244,37.000362,77.69,0.826,2
-122.051938,37.000362,76.65,0.838,2
-122.051631,37.000362,75.62,0.846,2
-122.051325,37.000362,74.57,0.854,2
-122.051019,37.000362,73.57,0.858,2
-122.050713,37.000362,72.72,0.851,2
-122.050406,37.000362,72.09,0.842,2
-122.0501,37.000362,71.67,0.846,2
-122.049794,37.000362,71.46,0.846,2
-122.049488,37.000362,71.39,0.845,2
-122.049181,37.000362,71.42,0.844,2
-122.048875,37.000362,71.63,0.845,2
-122.048569,37.000362,72,0.835,2
-122.048263,37.000362,72.39,0.816,2
-122.047956,37.000362,72.68,0.798,2
-122.04765,37.000362,72.92,0.777,2
-122.047344,37.000362,73.19,0.752,2
-122.047038,37.000362,73.24,0.77,2
-122.046731,37.000362,72.99,0.817,2
-122.046425,37.000362,72.68,0.832,2
-122.046119,37.000362,72.3,0.851,2
-122.045813,37.000362,71.94,0.859,2
-122.045506,37.000362,71.67,0.859,2
-122.0452,37.000362,71.5,0.856,2
-122.044894,37.000362,71.42,0.848,2
-122.044588,37.000362,71.36,0.837,2
-122.044281,37.000362,71.28,0.835,2
-122.043975,37.000362,71.23,0.855,2
-122.043669,37.000362,71.2,0.87,2
-122.043363,37.000362,71.31,0.87,2
-122.043056,37.000362,71.53,0.858,2
-122.04275,37.000362,71.86,0.848,2
-122.042444,37.000362,72.25,0.84,2
-122.042138,37.000362,72.78,0.834,2
-122.041831,37.000362,73.49,0.811,2
-122.041525,37.000362,74.26,0.738,2
-122.041219,37.000362,74.76,0.686,2
-122.040913,37.000362,74.63,0.777,2
-122.040606,37.000362,74.04,0.872,2
-122.0403,37.000362,73.48,0.865,2
-122.039994,37.000362,73.11,0.843,2
-122.039687,37.000362,72.87,0.849,2
-122.039381,37.000362,72.92,0.867,2
-122.039075,37.000362,73.48,0.86,2
-122.08532,37.000056,73.11,0.841,3
-122.085013,37.000056,73.91,0.842,3
-122.084707,37.000056,76.22,0.83,3
-122.084401,37.000056,79.76,0.773,3
-122.084095,37.000056,84.3,0.653,3
-122.083788,37.000056,90.68,0.499,3
-122.083482,37.000056,94.62,0.449,3
-122.083176,37.000056,96.96,0.476,3
-122.08287,37.000056,97.87,0.486,3
-122.082563,37.000056,97.22,0.484,3
-122.082257,37.000056,95.54,0.493,3
-122.081951,37.000056,93.28,0.502,3
-122.081645,37.000056,90.63,0.495,3
-122.081338,37.000056,87.39,0.58,3
-122.081032,37.000056,82.9,0.801,3
-122.080726,37.000056,77.24,0.875,3
-122.08042,37.000056,74.24,0.858,3
-122.080113,37.000056,72.24,0.851,3
-122.079807,37.000056,71.26,0.855,3
-122.079501,37.000056,70.88,0.868,3
-122.079195,37.000056,70.93,0.871,3
-122.078888,37.000056,71.03,0.872,3
-122.078582,37.000056,71.1,0.874,3
-122.078276,37.000056,71.13,0.878,3
-122.07797,37.000056,71.08,0.88,3
-122.077663,37.000056,70.9,0.876,3
-122.077357,37.000056,70.53,0.871,3
-122.077051,37.000056,70.07,0.873,3
-122.076744,37.000056,69.79,0.885,3
-122.076438,37.000056,69.99,0.889,3
-122.076132,37.000056,70.12,0.89,3
-122.075826,37.000056,70.18,0.882,3
-122.075519,37.000056,70.19,0.875,3
-122.075213,37.000056,70.06,0.873,3
-122.074907,37.000056,69.86,0.874,3
-122.074601,37.000056,69.79,0.875,3
-122.074294,37.000056,69.89,0.879,3
-122.073988,37.000056,70.09,0.896,3
-122.073682,37.000056,70.36,0.894,3
-122.073376,37.000056,70.75,0.886,3
-122.073069,37.000056,71.07,0.86,3
-122.072763,37.000056,71.4,0.839,3
-122.072457,37.000056,71.64,0.843,3
-122.072151,37.000056,71.79,0.848,3
-122.071844,37.000056,71.93,0.831,3
-122.071538,37.000056,72.07,0.801,3
-122.071232,37.000056,72.1,0.8,3
-122.070926,37.000056,71.97,0.846,3
-122.070619,37.000056,71.71,0.872,3
-122.070313,37.000056,71.23,0.872,3
-122.070007,37.000056,70.85,0.88,3
-122.069701,37.000056,70.7,0.886,3
-122.069394,37.000056,70.71,0.849,3
-122.069088,37.000056,70.46,0.832,2
-122.068782,37.000056,70.18,0.854,2
-122.068476,37.000056,70,0.871,2
-122.068169,37.000056,69.89,0.866,2
-122.067863,37.000056,69.88,0.861,2
-122.067557,37.000056,70.05,0.86,2
-122.067251,37.000056,70.4,0.858,2
-122.066944,37.000056,70.77,0.861,2
-122.066638,37.000056,71.04,0.868,2
-122.066332,37.000056,71.32,0.862,2
-122.066026,37.000056,71.7,0.859,2
-122.065719,37.000056,72.13,0.855,1
-122.061125,37.000056,82.55,0.405,1
-122.060819,37.000056,80.48,0.527,1
-122.060513,37.000056,80.44,0.679,1
-122.060207,37.000056,79.84,0.689,1
-122.0599,37.000056,79.23,0.683,1
-122.059594,37.000056,78.79,0.707,2
-122.059288,37.000056,79.98,0.651,2
-122.058982,37.000056,81.87,0.552,2
-122.058675,37.000056,83.72,0.48,2
-122.058369,37.000056,84.84,0.476,2
-122.058063,37.000056,85.06,0.516,2
-122.057757,37.000056,84.76,0.543,2
-122.05745,37.000056,84.24,0.52,2
-122.057144,37.000056,83.36,0.517,2
-122.056838,37.000056,82.04,0.619,2
-122.056532,37.000056,81.02,0.522,2
-122.056225,37.000056,80.21,0.499,2
-122.055919,37.000056,79.61,0.69,2
-122.055613,37.000056,79.99,0.66,2
-122.055307,37.000056,81.1,0.542,2
-122.055,37.000056,83.76,0.422,2
-122.054694,37.000056,86.83,0.291,2
-122.054388,37.000056,88.13,0.227,2
-122.054082,37.000056,88.47,0.261,2
-122.053775,37.000056,86.48,0.283,2
-122.053469,37.000056,85.26,0.371,1
-122.053163,37.000056,83.85,0.401,2
-122.052856,37.000056,82.41,0.337,2
-122.05255,37.000056,80.77,0.528,2
-122.052244,37.000056,79.65,0.613,2
-122.051938,37.000056,78.61,0.674,2
-122.051631,37.000056,77.33,0.773,2
-122.051325,37.000056,75.93,0.827,2
-122.051019,37.000056,74.55,0.823,2
-122.050713,37.000056,73.28,0.839,2
-122.050406,37.000056,72.36,0.841,2
-122.0501,37.000056,71.85,0.808,2
-122.049794,37.000056,71.52,0.832,2
-122.049488,37.000056,71.43,0.851,2
-122.049181,37.000056,71.49,0.862,2
-122.048875,37.000056,71.75,0.854,2
-122.048569,37.000056,72.13,0.838,2
-122.048263,37.000056,72.59,0.807,2
-122.047956,37.000056,73.03,0.768,2
-122.04765,37.000056,73.36,0.757,2
-122.047344,37.000056,73.65,0.776,2
-122.047038,37.000056,73.83,0.784,2
-122.046731,37.000056,73.84,0.734,2
-122.046425,37.000056,73.46,0.791,2
-122.046119,37.000056,72.96,0.846,2
-122.045813,37.000056,72.54,0.85,2
-122.045506,37.000056,72.2,0.839,2
-122.0452,37.000056,71.93,0.839,2
-122.044894,37.000056,71.74,0.837,2
-122.044588,37.000056,71.62,0.832,2
-122.044281,37.000056,71.49,0.843,2
-122.043975,37.000056,71.4,0.851,2
-122.043669,37.000056,71.27,0.87,2
-122.043363,37.000056,71.34,0.869,2
-122.043056,37.000056,71.5,0.856,2
-122.04275,37.000056,71.7,0.86,2
-122.042444,37.000056,71.97,0.856,2
-122.042138,37.000056,72.4,0.851,2
-122.041831,37.000056,72.98,0.843,2
-122.041525,37.000056,73.6,0.801,2
-122.041219,37.000056,74.03,0.767,2
-122.040913,37.000056,74,0.822,2
-122.040606,37.000056,73.57,0.886,2
-122.0403,37.000056,73.11,0.879,2
-122.039994,37.000056,72.79,0.848,2
-122.039687,37.000056,72.52,0.846,2
-122.039381,37.000056,72.49,0.857,2
-122.039075,37.000056,72.77,0.856,2
-122.038769,37.000056,73.15,0.847,2
-122.038462,37.000056,73.42,0.84,2
-122.08532,36.999749,72.78,0.854,3
-122.085013,36.999749,73.62,0.849,3
-122.084707,36.999749,75.68,0.837,3
-122.084401,36.999749,78.49,0.816,3
-122.084095,36.999749,82.08,0.762,3
-122.083788,36.999749,86.34,0.629,3
-122.083482,36.999749,90.36,0.481,3
-122.083176,36.999749,93.35,0.49,3
-122.08287,36.999749,98.03,0.491,3
-122.082563,36.999749,98.73,0.465,3
-122.082257,36.999749,97.44,0.461,3
-122.081951,36.999749,95.47,0.527,3
-122.081645,36.999749,93.06,0.546,3
-122.081338,36.999749,90.18,0.516,3
-122.081032,36.999749,85.76,0.622,3
-122.080726,36.999749,79.08,0.838,3
-122.08042,36.999749,75.91,0.859,3
-122.080113,36.999749,73.34,0.872,3
-122.079807,36.999749,71.96,0.855,3
-122.079501,36.999749,71.37,0.851,3
-122.079195,36.999749,71.24,0.854,3
-122.078888,36.999749,71.24,0.863,3
-122.078582,36.999749,71.24,0.873,3
-122.078276,36.999749,71.23,0.88,3
-122.07797,36.999749,71.17,0.881,3
-122.077663,36.999749,71.03,0.873,3
-122.077357,36.999749,70.73,0.867,3
-122.077051,36.999749,70.42,0.871,3
-122.076744,36.999749,70.16,0.878,3
-122.076438,36.999749,70.15,0.89,3
-122.076132,36.999749,70.2,0.879,3
-122.075826,36.999749,70.26,0.874,3
-122.075519,36.999749,70.19,0.872,3
-122.075213,36.999749,69.99,0.873,3
-122.074907,36.999749,69.79,0.873,3
-122.074601,36.999749,69.77,0.871,3
-122.074294,36.999749,69.9,0.878,3
-122.073988,36.999749,70,0.897,3
-122.073682,36.999749,70.22,0.898,3
-122.073376,36.999749,70.55,0.892,3
-122.073069,36.999749,70.89,0.888,3
-122.072763,36.999749,71.24,0.876,3
-122.072457,36.999749,71.54,0.867,3
-122.072151,36.999749,71.8,0.858,3
-122.071844,36.999749,72.02,0.844,3
-122.071538,36.999749,72.21,0.823,3
-122.071232,36.999749,72.29,0.811,3
-122.070926,36.999749,72.2,0.834,3
-122.070619,36.999749,71.92,0.868,3
-122.070313,36.999749,71.44,0.875,3
-122.070007,36.999749,71.14,0.873,3
-122.069701,36.999749,71.02,0.882,3
-122.069394,36.999749,71.04,0.868,3
-122.069088,36.999749,70.78,0.842,2
-122.068782,36.999749,70.49,0.852,2
-122.068476,36.999749,70.29,0.867,2
-122.068169,36.999749,70.16,0.863,2
-122.067863,36.999749,70.15,0.859,2
-122.067557,36.999749,70.36,0.864,2
-122.067251,36.999749,70.84,0.864,2
-122.066944,36.999749,71.45,0.864,2
-122.066638,36.999749,71.93,0.866,2
-122.066332,36.999749,72.33,0.858,2
-122.066026,36.999749,72.79,0.846,2
-122.065719,36.999749,73.59,0.837,1
-122.065413,36.999749,74.27,0.841,1
-122.065107,36.999749,75.1,0.803,1
-122.0648,36.999749,75.7,0.758,1
-122.061432,36.999749,84.06,0.28,1
-122.060513,36.999749,82.65,0.803,1
-122.060207,36.999749,81.83,0.816,1
-122.0599,36.999749,79.89,0.783,1
-122.059594,36.999749,79.42,0.731,1
-122.059288,36.999749,79.82,0.686,2
-122.058982,36.999749,80.19,0.589,2
-122.058675,36.999749,81.14,0.515,2
-122.058369,36.999749,82.13,0.539,2
-122.058063,36.999749,82.67,0.511,2
-122.057757,36.999749,82.89,0.369,2
-122.05745,36.999749,82.78,0.381,2
-122.057144,36.999749,82.23,0.564,2
-122.056838,36.999749,80.93,0.743,2
-122.056532,36.999749,80.09,0.748,2
-122.056225,36.999749,79.59,0.646,2
-122.055919,36.999749,80.33,0.734,2
-122.055613,36.999749,81.11,0.747,2
-122.055307,36.999749,82.12,0.636,2
-122.055,36.999749,83.02,0.49,2
-122.054694,36.999749,83.95,0.396,2
-122.054388,36.999749,85.08,0.413,2
-122.054082,36.999749,85.47,0.506,2
-122.053775,36.999749,85.47,0.422,2
-122.053469,36.999749,84.62,0.474,2
-122.053163,36.999749,83.08,0.519,2
-122.052856,36.999749,82.01,0.433,2
-122.05255,36.999749,80.9,0.568,2
-122.052244,36.999749,80.29,0.539,2
-122.051938,36.999749,79.61,0.516,2
-122.051631,36.999749,78.45,0.613,2
-122.051325,36.999749,76.93,0.7,2
-122.051019,36.999749,75.3,0.724,2
-122.050713,36.999749,73.74,0.81,2
-122.050406,36.999749,72.63,0.853,2
-122.0501,36.999749,72.04,0.839,2
-122.049794,36.999749,71.72,0.855,2
-122.049488,36.999749,71.67,0.853,2
-122.049181,36.999749,71.79,0.848,2
-122.048875,36.999749,72,0.841,2
-122.048569,36.999749,72.28,0.833,2
-122.048263,36.999749,72.66,0.795,2
-122.047956,36.999749,73.11,0.727,2
-122.04765,36.999749,73.49,0.71,2
-122.047344,36.999749,73.65,0.803,2
-122.047038,36.999749,73.91,0.808,2
-122.046731,36.999749,74.17,0.705,2
-122.046425,36.999749,73.87,0.774,2
-122.046119,36.999749,73.48,0.817,2
-122.045813,36.999749,73.09,0.834,2
-122.045506,36.999749,72.75,0.824,2
-122.0452,36.999749,72.41,0.823,2
-122.044894,36.999749,72.1,0.831,2
-122.044588,36.999749,71.89,0.834,2
-122.044281,36.999749,71.75,0.836,2
-122.043975,36.999749,71.61,0.842,2
-122.043669,36.999749,71.48,0.852,2
-122.043363,36.999749,71.5,0.845,2
-122.043056,36.999749,71.62,0.841,2
-122.04275,36.999749,71.72,0.852,2
-122.042444,36.999749,71.87,0.861,2
-122.042138,36.999749,72.16,0.858,2
-122.041831,36.999749,72.54,0.853,2
-122.041525,36.999749,72.91,0.842,2
-122.041219,36.999749,73.17,0.835,2
-122.040913,36.999749,73.24,0.854,2
-122.040606,36.999749,73.08,0.874,2
-122.0403,36.999749,72.79,0.882,2
-122.039994,36.999749,72.58,0.852,2
-122.039687,36.999749,72.4,0.856,2
-122.039381,36.999749,72.4,0.851,2
-122.039075,36.999749,72.55,0.849,2
-122.038769,36.999749,72.97,0.852,2
-122.08532,36.999443,73.04,0.853,3
-122.085013,36.999443,73.63,0.854,3
-122.084707,36.999443,75.19,0.851,3
-122.084401,36.999443,77.53,0.825,3
-122.084095,36.999443,80.52,0.778,3
-122.083788,36.999443,83.98,0.744,3
-122.083482,36.999443,88.4,0.547,3
-122.083176,36.999443,91.97,0.452,3
-122.08287,36.999443,97.39,0.482,3
-122.082563,36.999443,98.86,0.487,3
-122.082257,36.999443,97.99,0.463,3
-122.081951,36.999443,96.17,0.547,3
-122.081645,36.999443,93.96,0.583,3
-122.081338,36.999443,91.52,0.481,3
-122.081032,36.999443,87.74,0.495,3
-122.080726,36.999443,81.66,0.756,3
-122.08042,36.999443,78.44,0.851,3
-122.080113,36.999443,75.13,0.863,3
-122.079807,36.999443,73.16,0.85,3
-122.079501,36.999443,72.01,0.849,3
-122.079195,36.999443,71.58,0.841,3
-122.078888,36.999443,71.43,0.849,3
-122.078582,36.999443,71.36,0.862,3
-122.078276,36.999443,71.29,0.869,3
-122.07797,36.999443,71.2,0.865,3
-122.077663,36.999443,71.06,0.859,3
-122.077357,36.999443,70.9,0.864,3
-122.077051,36.999443,70.73,0.877,3
-122.076744,36.999443,70.57,0.882,3
-122.076438,36.999443,70.49,0.886,3
-122.076132,36.999443,70.49,0.868,3
-122.075826,36.999443,70.48,0.863,3
-122.075519,36.999443,70.32,0.865,3
-122.075213,36.999443,70.04,0.864,3
-122.074907,36.999443,69.82,0.865,3
-122.074601,36.999443,69.81,0.868,3
-122.074294,36.999443,69.94,0.872,3
-122.073988,36.999443,69.95,0.892,3
-122.073682,36.999443,70.1,0.893,3
-122.073376,36.999443,70.37,0.878,3
-122.073069,36.999443,70.75,0.892,3
-122.072763,36.999443,71.13,0.876,3
-122.072457,36.999443,71.47,0.87,3
-122.072151,36.999443,71.71,0.87,3
-122.071844,36.999443,71.92,0.867,3
-122.071538,36.999443,72.1,0.858,3
-122.071232,36.999443,72.2,0.842,3
-122.070926,36.999443,72.18,0.83,3
-122.070619,36.999443,72,0.851,3
-122.070313,36.999443,71.65,0.87,3
-122.070007,36.999443,71.46,0.868,3
-122.069701,36.999443,71.37,0.881,3
-122.069394,36.999443,71.34,0.881,3
-122.069088,36.999443,71.08,0.843,2
-122.068782,36.999443,70.81,0.839,2
-122.068476,36.999443,70.57,0.857,2
-122.068169,36.999443,70.41,0.865,2
-122.067863,36.999443,70.45,0.866,2
-122.067557,36.999443,70.79,0.871,2
-122.067251,36.999443,71.51,0.868,2
-122.066944,36.999443,72.48,0.841,2
-122.066638,36.999443,73.57,0.716,2
-122.066332,36.999443,74.42,0.564,2
-122.066026,36.999443,74.63,0.674,2
-122.065719,36.999443,74.65,0.786,1
-122.065413,36.999443,74.86,0.833,1
-122.065107,36.999443,75.54,0.795,1
-122.0648,36.999443,76.59,0.686,1
-122.064494,36.999443,77.74,0.548,1
-122.062044,36.999443,84.75,0.367,1
-122.061738,36.999443,84.81,0.282,1
-122.061432,36.999443,84.92,0.307,1
-122.061125,36.999443,84.86,0.466,1
-122.060513,36.999443,83.74,0.659,1
-122.060207,36.999443,82.71,0.833,1
-122.0599,36.999443,80.45,0.842,1
-122.059594,36.999443,79.63,0.823,1
-122.059288,36.999443,79.35,0.817,1
-122.058982,36.999443,78.54,0.762,1
-122.058675,36.999443,78.64,0.722,2
-122.058369,36.999443,79.37,0.725,2
-122.058063,36.999443,80.18,0.59,2
-122.057757,36.999443,80.98,0.332,1
-122.05745,36.999443,81.17,0.316,1
-122.056838,36.999443,79.98,0.781,2
-122.056532,36.999443,79.33,0.828,2
-122.056225,36.999443,78.98,0.809,2
-122.055919,36.999443,80.12,0.802,2
-122.055613,36.999443,80.92,0.798,2
-122.055307,36.999443,81.83,0.739,2
-122.055,36.999443,82.57,0.658,2
-122.054694,36.999443,83.37,0.586,2
-122.054388,36.999443,84.5,0.541,2
-122.054082,36.999443,84.84,0.55,2
-122.053775,36.999443,84.75,0.506,2
-122.053469,36.999443,84.65,0.388,1
-122.053163,36.999443,82.61,0.565,2
-122.052856,36.999443,81.43,0.638,2
-122.05255,36.999443,80.71,0.7,2
-122.052244,36.999443,80.28,0.685,2
-122.051938,36.999443,79.82,0.61,2
-122.051631,36.999443,78.94,0.583,2
-122.051325,36.999443,77.58,0.617,2
-122.051019,36.999443,75.94,0.665,2
-122.050713,36.999443,74.33,0.766,2
-122.050406,36.999443,73.13,0.847,2
-122.0501,36.999443,72.4,0.848,2
-122.049794,36.999443,72.06,0.839,2
-122.049488,36.999443,71.95,0.847,2
-122.049181,36.999443,72.04,0.84,2
-122.048875,36.999443,72.23,0.834,2
-122.048569,36.999443,72.48,0.827,2
-122.048263,36.999443,72.72,0.809,2
-122.047956,36.999443,72.92,0.786,2
-122.04765,36.999443,73.1,0.782,2
-122.047344,36.999443,73.24,0.808,2
-122.047038,36.999443,73.43,0.825,2
-122.046731,36.999443,73.61,0.805,2
-122.046425,36.999443,73.61,0.792,2
-122.046119,36.999443,73.43,0.81,2
-122.045813,36.999443,73.15,0.839,2
-122.045506,36.999443,72.86,0.85,2
-122.0452,36.999443,72.58,0.856,2
-122.044894,36.999443,72.31,0.866,2
-122.044588,36.999443,72.13,0.858,2
-122.044281,36.999443,72.05,0.824,2
-122.043975,36.999443,71.93,0.819,2
-122.043669,36.999443,71.76,0.852,2
-122.043363,36.999443,71.79,0.851,2
-122.043056,36.999443,71.85,0.851,2
-122.04275,36.999443,71.97,0.848,2
-122.042444,36.999443,72.07,0.851,2
-122.042138,36.999443,72.19,0.852,2
-122.041831,36.999443,72.37,0.852,2
-122.041525,36.999443,72.54,0.855,2
-122.041219,36.999443,72.7,0.856,2
-122.040913,36.999443,72.81,0.85,2
-122.040606,36.999443,72.81,0.839,2
-122.0403,36.999443,72.69,0.84,2
-122.039994,36.999443,72.54,0.843,2
-122.039687,36.999443,72.49,0.847,2
-122.039381,36.999443,72.57,0.831,2
-122.039075,36.999443,72.7,0.829,2
-122.038769,36.999443,73.02,0.844,2
-122.08532,36.999137,73.09,0.866,3
-122.085013,36.999137,73.52,0.864,3
-122.084707,36.999137,74.61,0.859,3
-122.084401,36.999137,76.23,0.843,3
-122.084095,36.999137,78.6,0.812,3
-122.083788,36.999137,82.09,0.783,3
-122.083482,36.999137,87.12,0.623,3
-122.083176,36.999137,91.39,0.479,3
-122.08287,36.999137,96.08,0.469,3
-122.082563,36.999137,97.53,0.473,3
-122.082257,36.999137,97.14,0.529,3
-122.081951,36.999137,95.88,0.619,3
-122.081645,36.999137,94.26,0.594,3
-122.081338,36.999137,92.46,0.459,3
-122.081032,36.999137,89.62,0.428,3
-122.080726,36.999137,84.99,0.599,3
-122.08042,36.999137,81.68,0.809,3
-122.080113,36.999137,78,0.861,3
-122.079807,36.999137,74.69,0.848,3
-122.079501,36.999137,72.79,0.852,3
-122.079195,36.999137,71.93,0.856,3
-122.078888,36.999137,71.56,0.862,3
-122.078582,36.999137,71.35,0.866,3
-122.078276,36.999137,71.2,0.863,3
-122.07797,36.999137,71.08,0.854,3
-122.077663,36.999137,70.95,0.849,3
-122.077357,36.999137,70.83,0.861,3
-122.077051,36.999137,70.72,0.876,3
-122.076744,36.999137,70.63,0.876,3
-122.076438,36.999137,70.61,0.885,3
-122.076132,36.999137,70.61,0.88,3
-122.075826,36.999137,70.56,0.873,3
-122.075519,36.999137,70.32,0.862,3
-122.075213,36.999137,69.99,0.863,3
-122.074907,36.999137,69.8,0.876,3
-122.074601,36.999137,69.84,0.886,3
-122.074294,36.999137,70,0.887,3
-122.073988,36.999137,70.06,0.889,3
-122.073682,36.999137,70.21,0.894,3
-122.073376,36.999137,70.5,0.881,3
-122.073069,36.999137,70.91,0.874,3
-122.072763,36.999137,71.31,0.864,3
-122.072457,36.999137,71.5,0.864,3
-122.072151,36.999137,71.61,0.868,3
-122.071844,36.999137,71.71,0.875,3
-122.071538,36.999137,71.82,0.875,3
-122.071232,36.999137,71.92,0.86,3
-122.070926,36.999137,72,0.841,3
-122.070619,36.999137,72.01,0.844,3
-122.070313,36.999137,71.89,0.861,3
-122.070007,36.999137,71.88,0.843,3
-122.069701,36.999137,71.74,0.877,3
-122.069394,36.999137,71.42,0.886,2
-122.069088,36.999137,71.24,0.859,2
-122.068782,36.999137,71.08,0.834,2
-122.068476,36.999137,70.78,0.851,2
-122.068169,36.999137,70.59,0.873,2
-122.067863,36.999137,70.75,0.87,2
-122.067557,36.999137,71.27,0.867,2
-122.067251,36.999137,72.25,0.862,2
-122.066944,36.999137,73.51,0.826,2
-122.066638,36.999137,75.33,0.527,2
-122.066026,36.999137,76.85,0.379,2
-122.065719,36.999137,75.94,0.657,1
-122.065413,36.999137,75.49,0.811,1
-122.065107,36.999137,75.85,0.794,1
-122.0648,36.999137,76.73,0.666,1
-122.064494,36.999137,77.66,0.552,1
-122.064188,36.999137,78.09,0.607,1
-122.063269,36.999137,77.53,0.416,1
-122.062963,36.999137,79.79,0.835,1
-122.062657,36.999137,81.43,0.833,1
-122.06235,36.999137,82.94,0.782,1
-122.062044,36.999137,84.28,0.543,1
-122.061738,36.999137,84.98,0.335,1
-122.061432,36.999137,85.39,0.355,1
-122.061125,36.999137,85.75,0.45,1
-122.060819,36.999137,86.18,0.217,1
-122.060513,36.999137,85.16,0.345,1
-122.060207,36.999137,84.02,0.689,1
-122.0599,36.999137,81.64,0.794,1
-122.059594,36.999137,80.47,0.839,1
-122.059288,36.999137,79.5,0.844,1
-122.058982,36.999137,77.76,0.817,1
-122.058675,36.999137,77.18,0.775,1
-122.058369,36.999137,77.59,0.76,1
-122.058063,36.999137,78.26,0.71,2
-122.057757,36.999137,79.01,0.607,2
-122.05745,36.999137,79.53,0.586,2
-122.057144,36.999137,79.73,0.627,2
-122.056838,36.999137,79.54,0.649,2
-122.056532,36.999137,79.24,0.617,2
-122.056225,36.999137,78.93,0.681,2
-122.055919,36.999137,79.96,0.794,2
-122.055613,36.999137,80.5,0.776,2
-122.055307,36.999137,81.2,0.699,2
-122.055,36.999137,81.81,0.681,2
-122.054694,36.999137,82.57,0.666,2
-122.054388,36.999137,83.61,0.609,2
-122.054082,36.999137,83.76,0.622,2
-122.053775,36.999137,83.55,0.648,2
-122.053469,36.999137,83.83,0.613,1
-122.053163,36.999137,82.34,0.731,2
-122.052856,36.999137,81.66,0.77,2
-122.05255,36.999137,81.31,0.78,2
-122.052244,36.999137,81,0.801,2
-122.051938,36.999137,80.58,0.75,2
-122.051631,36.999137,79.95,0.624,2
-122.051325,36.999137,78.9,0.571,2
-122.051019,36.999137,77.14,0.666,2
-122.050713,36.999137,74.97,0.775,2
-122.050406,36.999137,73.77,0.84,2
-122.0501,36.999137,72.85,0.853,2
-122.049794,36.999137,72.33,0.858,2
-122.049488,36.999137,72.12,0.862,2
-122.049181,36.999137,72.16,0.839,2
-122.048875,36.999137,72.31,0.832,2
-122.048569,36.999137,72.49,0.838,2
-122.048263,36.999137,72.6,0.843,2
-122.047956,36.999137,72.64,0.836,2
-122.04765,36.999137,72.69,0.82,2
-122.047344,36.999137,72.78,0.813,2
-122.047038,36.999137,72.92,0.829,2
-122.046731,36.999137,73.06,0.838,2
-122.046425,36.999137,73.19,0.802,2
-122.046119,36.999137,73.13,0.823,2
-122.045813,36.999137,72.94,0.847,2
-122.045506,36.999137,72.73,0.859,2
-122.0452,36.999137,72.54,0.868,2
-122.044894,36.999137,72.43,0.87,2
-122.044588,36.999137,72.4,0.858,2
-122.044281,36.999137,72.41,0.842,2
-122.043975,36.999137,72.35,0.84,2
-122.043669,36.999137,72.25,0.857,2
-122.043363,36.999137,72.27,0.862,2
-122.043056,36.999137,72.32,0.862,2
-122.04275,36.999137,72.43,0.85,2
-122.042444,36.999137,72.48,0.837,2
-122.042138,36.999137,72.44,0.845,2
-122.041831,36.999137,72.42,0.858,2
-122.041525,36.999137,72.46,0.856,2
-122.041219,36.999137,72.52,0.841,2
-122.040913,36.999137,72.56,0.825,2
-122.040606,36.999137,72.6,0.814,2
-122.0403,36.999137,72.66,0.783,2
-122.039994,36.999137,72.53,0.823,2
-122.039687,36.999137,72.51,0.834,2
-122.039381,36.999137,72.59,0.828,2
-122.039075,36.999137,72.73,0.831,2
-122.038769,36.999137,72.98,0.851,2
-122.084707,36.998831,74.08,0.848,3
-122.084401,36.998831,75.17,0.834,3
-122.084095,36.998831,77.11,0.813,3
-122.083788,36.998831,80.44,0.796,3
-122.083482,36.998831,85.2,0.699,3
-122.083176,36.998831,89.37,0.537,3
-122.08287,36.998831,93.88,0.454,3
-122.082563,36.998831,95.56,0.461,3
-122.082257,36.998831,95.69,0.545,3
-122.081951,36.998831,95.21,0.663,3
-122.081645,36.998831,94.4,0.62,3
-122.081338,36.998831,93.29,0.45,3
-122.081032,36.998831,91.65,0.372,3
-122.080726,36.998831,89.12,0.442,3
-122.08042,36.998831,85.92,0.678,3
-122.080113,36.998831,82.41,0.854,3
-122.079807,36.998831,76.68,0.848,3
-122.079501,36.998831,74.04,0.853,3
-122.079195,36.998831,72.55,0.858,3
-122.078888,36.998831,71.78,0.857,3
-122.078582,36.998831,71.39,0.86,3
-122.078276,36.998831,71.16,0.867,3
-122.07797,36.998831,70.98,0.869,3
-122.077663,36.998831,70.81,0.865,3
-122.077357,36.998831,70.72,0.869,3
-122.077051,36.998831,70.63,0.872,3
-122.076744,36.998831,70.62,0.869,3
-122.076438,36.998831,70.65,0.871,3
-122.076132,36.998831,70.67,0.875,3
-122.075826,36.998831,70.64,0.861,3
-122.075519,36.998831,70.35,0.863,3
-122.075213,36.998831,70.04,0.871,3
-122.074907,36.998831,69.92,0.88,3
-122.074601,36.998831,69.98,0.887,3
-122.074294,36.998831,70.12,0.888,3
-122.073988,36.998831,70.21,0.885,3
-122.073682,36.998831,70.34,0.882,3
-122.073376,36.998831,70.7,0.874,3
-122.073069,36.998831,71.18,0.867,3
-122.072763,36.998831,71.54,0.877,3
-122.072457,36.998831,71.73,0.872,3
-122.072151,36.998831,71.81,0.867,3
-122.071844,36.998831,71.84,0.866,3
-122.071538,36.998831,71.83,0.869,3
-122.071232,36.998831,71.86,0.865,3
-122.070926,36.998831,71.96,0.849,3
-122.070619,36.998831,72.05,0.854,3
-122.070313,36.998831,72.01,0.867,3
-122.070007,36.998831,72.04,0.845,3
-122.069701,36.998831,72.03,0.853,3
-122.069394,36.998831,71.67,0.87,2
-122.069088,36.998831,71.37,0.863,2
-122.068782,36.998831,71.15,0.812,2
-122.068476,36.998831,70.8,0.832,2
-122.068169,36.998831,70.64,0.878,2
-122.067863,36.998831,70.98,0.867,2
-122.067557,36.998831,71.72,0.85,2
-122.067251,36.998831,72.89,0.85,2
-122.066944,36.998831,74.34,0.813,2
-122.066638,36.998831,76.55,0.429,2
-122.066026,36.998831,79.03,0.217,1
-122.065719,36.998831,77.34,0.589,1
-122.065413,36.998831,76.34,0.801,1
-122.065107,36.998831,76.24,0.811,1
-122.0648,36.998831,76.51,0.748,1
-122.064494,36.998831,76.86,0.711,1
-122.064188,36.998831,76.89,0.748,1
-122.063882,36.998831,76.34,0.721,1
-122.063575,36.998831,75.9,0.703,1
-122.063269,36.998831,76.16,0.779,1
-122.062963,36.998831,77.5,0.874,1
-122.062657,36.998831,79.06,0.853,1
-122.06235,36.998831,80.62,0.814,1
-122.062044,36.998831,82.52,0.485,1
-122.061738,36.998831,83.88,0.272,1
-122.061432,36.998831,84.29,0.45,1
-122.061125,36.998831,84.62,0.561,1
-122.060819,36.998831,85.35,0.248,1
-122.060513,36.998831,85.1,0.192,1
-122.0599,36.998831,82.16,0.371,1
-122.059594,36.998831,80.32,0.659,1
-122.059288,36.998831,78.42,0.81,1
-122.058982,36.998831,76.71,0.843,1
-122.058675,36.998831,75.97,0.83,1
-122.058369,36.998831,76.17,0.797,1
-122.058063,36.998831,76.89,0.724,2
-122.057757,36.998831,77.77,0.645,2
-122.05745,36.998831,78.6,0.605,2
-122.057144,36.998831,79.36,0.493,2
-122.056838,36.998831,79.74,0.416,2
-122.056532,36.998831,79.87,0.33,2
-122.056225,36.998831,79.37,0.533,2
-122.055919,36.998831,79.37,0.753,2
-122.055613,36.998831,79.47,0.786,2
-122.055307,36.998831,80.26,0.672,2
-122.055,36.998831,81.7,0.613,2
-122.054694,36.998831,83.08,0.621,2
-122.054388,36.998831,83.74,0.616,2
-122.054082,36.998831,83.62,0.665,2
-122.053775,36.998831,83.19,0.79,2
-122.053469,36.998831,82.85,0.731,2
-122.053163,36.998831,82.03,0.688,2
-122.052856,36.998831,81.76,0.702,2
-122.05255,36.998831,81.58,0.715,2
-122.052244,36.998831,81.47,0.757,2
-122.051938,36.998831,81.22,0.754,2
-122.051631,36.998831,80.7,0.738,2
-122.051325,36.998831,79.88,0.742,2
-122.051019,36.998831,78.2,0.759,2
-122.050713,36.998831,75.55,0.79,2
-122.050406,36.998831,74.42,0.823,2
-122.0501,36.998831,73.34,0.862,2
-122.049794,36.998831,72.59,0.874,2
-122.049488,36.998831,72.18,0.876,2
-122.049181,36.998831,72.09,0.851,2
-122.048875,36.998831,72.14,0.841,2
-122.048569,36.998831,72.24,0.846,2
-122.048263,36.998831,72.32,0.849,2
-122.047956,36.998831,72.38,0.838,2
-122.04765,36.998831,72.43,0.822,2
-122.047344,36.998831,72.51,0.831,2
-122.047038,36.998831,72.74,0.85,2
-122.046731,36.998831,73.01,0.85,2
-122.046425,36.998831,73.19,0.841,2
-122.046119,36.998831,73.17,0.844,2
-122.045813,36.998831,72.99,0.845,2
-122.045506,36.998831,72.81,0.849,2
-122.0452,36.998831,72.67,0.863,2
-122.044894,36.998831,72.63,0.87,2
-122.044588,36.998831,72.7,0.864,2
-122.044281,36.998831,72.83,0.858,2
-122.043975,36.998831,72.94,0.856,2
-122.043669,36.998831,72.99,0.856,2
-122.043363,36.998831,73.05,0.849,2
-122.043056,36.998831,73.03,0.853,2
-122.04275,36.998831,72.98,0.851,2
-122.042444,36.998831,72.91,0.841,2
-122.042138,36.998831,72.78,0.833,2
-122.041831,36.998831,72.62,0.841,2
-122.041525,36.998831,72.5,0.846,2
-122.041219,36.998831,72.46,0.834,2
-122.040913,36.998831,72.44,0.818,2
-122.040606,36.998831,72.4,0.811,2
-122.0403,36.998831,72.44,0.788,2
-122.039994,36.998831,72.36,0.834,2
-122.039687,36.998831,72.32,0.841,2
-122.039381,36.998831,72.36,0.837,2
-122.039075,36.998831,72.47,0.831,2
-122.038769,36.998831,72.73,0.841,2
-122.084707,36.998524,73.44,0.837,3
-122.084401,36.998524,74.21,0.826,3
-122.084095,36.998524,75.95,0.807,3
-122.083788,36.998524,79.16,0.816,3
-122.083482,36.998524,83.27,0.792,3
-122.083176,36.998524,87.58,0.633,3
-122.08287,36.998524,92.86,0.437,3
-122.082563,36.998524,94.8,0.429,3
-122.082257,36.998524,95.44,0.488,3
-122.081951,36.998524,95.65,0.656,3
-122.081645,36.998524,95.56,0.638,3
-122.081338,36.998524,95.16,0.446,3
-122.081032,36.998524,94.03,0.359,3
-122.080726,36.998524,91.73,0.377,3
-122.08042,36.998524,88.89,0.527,3
-122.080113,36.998524,84.94,0.764,3
-122.079807,36.998524,78.35,0.842,3
-122.079501,36.998524,75.38,0.846,3
-122.079195,36.998524,73.49,0.846,3
-122.078888,36.998524,72.21,0.849,3
-122.078582,36.998524,71.5,0.854,3
-122.078276,36.998524,71.2,0.861,3
-122.07797,36.998524,70.99,0.869,3
-122.077663,36.998524,70.78,0.874,3
-122.077357,36.998524,70.7,0.872,3
-122.077051,36.998524,70.65,0.872,3
-122.076744,36.998524,70.69,0.861,3
-122.076438,36.998524,70.73,0.865,3
-122.076132,36.998524,70.76,0.871,3
-122.075826,36.998524,70.73,0.861,3
-122.075519,36.998524,70.47,0.869,3
-122.075213,36.998524,70.2,0.88,3
-122.074907,36.998524,70.1,0.885,3
-122.074601,36.998524,70.16,0.886,3
-122.074294,36.998524,70.26,0.885,3
-122.073988,36.998524,70.3,0.884,3
-122.073682,36.998524,70.48,0.881,3
-122.073376,36.998524,70.9,0.875,3
-122.073069,36.998524,71.45,0.876,3
-122.072763,36.998524,71.84,0.887,3
-122.072457,36.998524,72.02,0.879,3
-122.072151,36.998524,72.06,0.863,3
-122.071844,36.998524,72.03,0.851,3
-122.071538,36.998524,71.96,0.853,3
-122.071232,36.998524,71.93,0.858,3
-122.070926,36.998524,71.95,0.853,3
-122.070619,36.998524,71.99,0.859,3
-122.070313,36.998524,71.95,0.866,3
-122.070007,36.998524,72.02,0.838,3
-122.069701,36.998524,72.19,0.756,3
-122.069394,36.998524,71.85,0.795,2
-122.069088,36.998524,71.47,0.843,2
-122.068782,36.998524,71.13,0.842,2
-122.068476,36.998524,70.79,0.861,2
-122.068169,36.998524,70.76,0.881,2
-122.067863,36.998524,71.28,0.869,2
-122.067557,36.998524,72.25,0.856,2
-122.067251,36.998524,73.6,0.839,2
-122.066944,36.998524,75.36,0.749,2
-122.066638,36.998524,78.05,0.26,1
-122.066026,36.998524,79.49,0.364,2
-122.065719,36.998524,78.45,0.65,1
-122.065413,36.998524,77.39,0.808,1
-122.065107,36.998524,76.66,0.825,1
-122.0648,36.998524,76.38,0.74,1
-122.064494,36.998524,76.26,0.677,1
-122.064188,36.998524,75.76,0.777,1
-122.063882,36.998524,75.05,0.851,1
-122.063575,36.998524,74.67,0.865,1
-122.063269,36.998524,75.29,0.879,1
-122.062963,36.998524,76.53,0.863,1
-122.062657,36.998524,78.05,0.793,1
-122.06235,36.998524,79.59,0.715,1
-122.061738,36.998524,83.71,0.217,1
-122.061432,36.998524,83.9,0.373,1
-122.061125,36.998524,84.58,0.483,1
-122.060819,36.998524,85.6,0.253,1
-122.060513,36.998524,85.61,0.173,1
-122.060207,36.998524,84.97,0.168,1
-122.059594,36.998524,80.8,0.495,1
-122.059288,36.998524,78.33,0.744,1
-122.058982,36.998524,76.34,0.833,1
-122.058675,36.998524,75.32,0.845,1
-122.058369,36.998524,75.2,0.828,1
-122.058063,36.998524,75.77,0.768,1
-122.057757,36.998524,76.73,0.72,2
-122.05745,36.998524,77.71,0.755,2
-122.057144,36.998524,78.62,0.753,2
-122.056838,36.998524,79.57,0.56,2
-122.056532,36.998524,80.19,0.427,2
-122.056225,36.998524,79.88,0.668,2
-122.055919,36.998524,79.84,0.798,2
-122.055613,36.998524,80.06,0.815,2
-122.055307,36.998524,80.8,0.729,2
-122.055,36.998524,82.46,0.571,2
-122.054694,36.998524,83.9,0.434,2
-122.054388,36.998524,84.13,0.437,2
-122.054082,36.998524,83.77,0.606,2
-122.053775,36.998524,83.11,0.788,2
-122.053469,36.998524,82.01,0.758,2
-122.053163,36.998524,81.15,0.641,2
-122.052856,36.998524,80.84,0.675,2
-122.05255,36.998524,80.55,0.693,2
-122.052244,36.998524,80.36,0.715,2
-122.051938,36.998524,80.22,0.713,2
-122.051631,36.998524,79.98,0.717,2
-122.051325,36.998524,79.53,0.757,2
-122.051019,36.998524,78.21,0.793,2
-122.050713,36.998524,75.94,0.767,2
-122.050406,36.998524,75.01,0.723,2
-122.0501,36.998524,73.93,0.766,2
-122.049794,36.998524,72.89,0.859,2
-122.049488,36.998524,72.24,0.871,2
-122.049181,36.998524,71.93,0.861,2
-122.048875,36.998524,71.83,0.859,2
-122.048569,36.998524,71.86,0.852,2
-122.048263,36.998524,71.97,0.841,2
-122.047956,36.998524,72.12,0.834,2
-122.04765,36.998524,72.28,0.832,2
-122.047344,36.998524,72.49,0.846,2
-122.047038,36.998524,72.93,0.862,2
-122.046731,36.998524,73.52,0.871,2
-122.046425,36.998524,73.92,0.862,2
-122.046119,36.998524,73.97,0.853,2
-122.045813,36.998524,73.8,0.851,2
-122.045506,36.998524,73.56,0.849,2
-122.0452,36.998524,73.36,0.854,2
-122.044894,36.998524,73.26,0.859,2
-122.044588,36.998524,73.32,0.859,2
-122.044281,36.998524,73.53,0.857,2
-122.043975,36.998524,73.76,0.857,2
-122.043669,36.998524,73.88,0.855,2
-122.043363,36.998524,73.97,0.829,2
-122.043056,36.998524,73.92,0.829,2
-122.04275,36.998524,73.76,0.846,2
-122.042444,36.998524,73.45,0.847,2
-122.042138,36.998524,73.11,0.831,2
-122.041831,36.998524,72.78,0.834,2
-122.041525,36.998524,72.55,0.846,2
-122.041219,36.998524,72.42,0.848,2
-122.040913,36.998524,72.36,0.849,2
-122.040606,36.998524,72.3,0.853,2
-122.0403,36.998524,72.29,0.848,2
-122.039994,36.998524,72.25,0.852,2
-122.039687,36.998524,72.21,0.851,2
-122.039381,36.998524,72.18,0.857,2
-122.039075,36.998524,72.28,0.85,2
-122.038769,36.998524,72.56,0.849,2
-122.084707,36.998218,73.02,0.842,3
-122.084401,36.998218,73.7,0.84,3
-122.084095,36.998218,75.69,0.815,3
-122.083788,36.998218,78.9,0.819,3
-122.083482,36.998218,82.25,0.817,3
-122.083176,36.998218,86.38,0.723,3
-122.08287,36.998218,92.05,0.465,3
-122.082563,36.998218,94.53,0.388,3
-122.082257,36.998218,95.83,0.46,3
-122.081951,36.998218,96.68,0.627,3
-122.081645,36.998218,97.23,0.585,3
-122.081338,36.998218,97.41,0.412,3
-122.081032,36.998218,96.46,0.367,3
-122.080726,36.998218,93.88,0.38,3
-122.08042,36.998218,91.16,0.441,3
-122.080113,36.998218,87.15,0.587,3
-122.079807,36.998218,80.62,0.812,3
-122.079501,36.998218,76.96,0.848,3
-122.079195,36.998218,74.54,0.851,3
-122.078888,36.998218,72.75,0.858,3
-122.078582,36.998218,71.74,0.855,3
-122.078276,36.998218,71.31,0.857,3
-122.07797,36.998218,71.07,0.87,3
-122.077663,36.998218,70.87,0.879,3
-122.077357,36.998218,70.8,0.878,3
-122.077051,36.998218,70.8,0.873,3
-122.076744,36.998218,70.84,0.855,3
-122.076438,36.998218,70.89,0.863,3
-122.076132,36.998218,70.88,0.869,3
-122.075826,36.998218,70.77,0.872,3
-122.075519,36.998218,70.54,0.876,3
-122.075213,36.998218,70.32,0.884,3
-122.074907,36.998218,70.23,0.893,3
-122.074601,36.998218,70.28,0.897,3
-122.074294,36.998218,70.36,0.893,3
-122.073988,36.998218,70.38,0.884,3
-122.073682,36.998218,70.52,0.873,3
-122.073376,36.998218,71.02,0.887,3
-122.073069,36.998218,71.63,0.891,3
-122.072763,36.998218,72.01,0.886,3
-122.072457,36.998218,72.17,0.874,3
-122.072151,36.998218,72.12,0.853,3
-122.071844,36.998218,71.99,0.845,3
-122.071538,36.998218,71.89,0.85,3
-122.071232,36.998218,71.85,0.856,3
-122.070926,36.998218,71.83,0.861,3
-122.070619,36.998218,71.77,0.869,3
-122.070313,36.998218,71.71,0.878,3
-122.070007,36.998218,71.73,0.867,3
-122.069701,36.998218,72.07,0.688,3
-122.069394,36.998218,71.89,0.729,2
-122.069088,36.998218,71.44,0.831,2
-122.068782,36.998218,71.03,0.86,2
-122.068476,36.998218,70.78,0.868,2
-122.068169,36.998218,70.93,0.874,2
-122.067863,36.998218,71.64,0.867,2
-122.067557,36.998218,72.81,0.856,2
-122.067251,36.998218,74.42,0.805,2
-122.066944,36.998218,76.82,0.582,2
-122.066638,36.998218,79.07,0.276,2
-122.066332,36.998218,80.21,0.347,2
-122.066026,36.998218,80.51,0.297,2
-122.065719,36.998218,79.7,0.513,1
-122.065413,36.998218,78.2,0.739,1
-122.065107,36.998218,76.71,0.836,1
-122.0648,36.998218,75.81,0.788,1
-122.064494,36.998218,75.38,0.72,1
-122.064188,36.998218,74.91,0.755,1
-122.063882,36.998218,74.38,0.809,1
-122.063575,36.998218,74.25,0.845,1
-122.063269,36.998218,74.98,0.855,1
-122.062963,36.998218,76.11,0.813,1
-122.062657,36.998218,77.98,0.509,1
-122.061738,36.998218,82.65,0.264,1
-122.061432,36.998218,83.38,0.377,1
-122.061125,36.998218,84.28,0.536,1
-122.060819,36.998218,85.18,0.527,1
-122.060513,36.998218,85.45,0.502,1
-122.060207,36.998218,84.9,0.578,1
-122.0599,36.998218,84.52,0.385,1
-122.059288,36.998218,79.38,0.516,1
-122.058982,36.998218,77.22,0.7,1
-122.058675,36.998218,75.57,0.824,1
-122.058369,36.998218,74.91,0.852,1
-122.058063,36.998218,74.96,0.858,1
-122.057757,36.998218,75.7,0.847,2
-122.05745,36.998218,76.94,0.802,2
-122.057144,36.998218,78.12,0.78,2
-122.056838,36.998218,79.23,0.732,2
-122.056532,36.998218,80.22,0.723,2
-122.056225,36.998218,80.86,0.786,2
-122.055919,36.998218,81.84,0.632,2
-122.055613,36.998218,82.66,0.499,2
-122.055307,36.998218,82.85,0.589,2
-122.055,36.998218,83.74,0.546,2
-122.054694,36.998218,84.66,0.437,2
-122.054388,36.998218,84.61,0.496,2
-122.054082,36.998218,84.16,0.613,2
-122.053775,36.998218,83.46,0.724,2
-122.053469,36.998218,82.49,0.823,2
-122.053163,36.998218,81.69,0.767,2
-122.052856,36.998218,81.22,0.765,2
-122.05255,36.998218,80.71,0.745,2
-122.052244,36.998218,80.25,0.768,2
-122.051938,36.998218,79.98,0.77,2
-122.051631,36.998218,79.77,0.767,2
-122.051325,36.998218,79.43,0.8,2
-122.051019,36.998218,78.2,0.836,2
-122.050713,36.998218,76.05,0.801,2
-122.050406,36.998218,75.27,0.732,2
-122.0501,36.998218,74.32,0.704,2
-122.049794,36.998218,73.15,0.839,2
-122.049488,36.998218,72.39,0.845,2
-122.049181,36.998218,71.89,0.842,2
-122.048875,36.998218,71.69,0.847,2
-122.048569,36.998218,71.67,0.844,2
-122.048263,36.998218,71.77,0.841,2
-122.047956,36.998218,72,0.839,2
-122.04765,36.998218,72.33,0.835,2
-122.047344,36.998218,72.81,0.839,2
-122.047038,36.998218,73.56,0.856,2
-122.046731,36.998218,74.48,0.872,2
-122.046425,36.998218,75.17,0.857,2
-122.046119,36.998218,75.44,0.826,2
-122.045813,36.998218,75.34,0.821,2
-122.045506,36.998218,75.01,0.829,2
-122.0452,36.998218,74.63,0.84,2
-122.044894,36.998218,74.34,0.849,2
-122.044588,36.998218,74.24,0.854,2
-122.044281,36.998218,74.34,0.849,2
-122.043975,36.998218,74.57,0.825,2
-122.043669,36.998218,74.78,0.786,2
-122.043363,36.998218,74.88,0.773,2
-122.043056,36.998218,74.84,0.798,2
-122.04275,36.998218,74.58,0.842,2
-122.042444,36.998218,74.1,0.85,2
-122.042138,36.998218,73.51,0.846,2
-122.041831,36.998218,73.02,0.842,2
-122.041525,36.998218,72.72,0.834,2
-122.041219,36.998218,72.53,0.831,2
-122.040913,36.998218,72.36,0.844,2
-122.040606,36.998218,72.25,0.853,2
-122.0403,36.998218,72.21,0.854,2
-122.039994,36.998218,72.18,0.846,2
-122.039687,36.998218,72.13,0.85,2
-122.039381,36.998218,72.09,0.851,2
-122.039075,36.998218,72.17,0.854,2
-122.038769,36.998218,72.44,0.861,2
-122.085013,36.997912,73.01,0.831,3
-122.084707,36.997912,73.1,0.829,3
-122.084401,36.997912,73.61,0.827,3
-122.084095,36.997912,75.08,0.829,3
-122.083788,36.997912,77.81,0.826,3
-122.083482,36.997912,81.04,0.817,3
-122.083176,36.997912,84.95,0.763,3
-122.08287,36.997912,91.44,0.494,3
-122.082563,36.997912,94.88,0.348,3
-122.082257,36.997912,97.34,0.428,3
-122.081951,36.997912,99.01,0.574,3
-122.081645,36.997912,99.88,0.531,3
-122.081338,36.997912,99.83,0.399,3
-122.081032,36.997912,98.58,0.379,3
-122.080726,36.997912,96.26,0.402,3
-122.08042,36.997912,93.6,0.413,3
-122.080113,36.997912,89.81,0.449,3
-122.079807,36.997912,85.93,0.692,3
-122.079501,36.997912,82.05,0.836,3
-122.079195,36.997912,79,0.856,3
-122.078888,36.997912,74.59,0.857,3
-122.078582,36.997912,72.27,0.851,3
-122.078276,36.997912,71.66,0.852,3
-122.07797,36.997912,71.32,0.864,3
-122.077663,36.997912,71.12,0.873,3
-122.077357,36.997912,71.04,0.869,3
-122.077051,36.997912,71.04,0.869,3
-122.076744,36.997912,71.07,0.865,3
-122.076438,36.997912,71.1,0.865,3
-122.076132,36.997912,71.02,0.875,3
-122.075826,36.997912,70.82,0.875,3
-122.075519,36.997912,70.59,0.872,3
-122.075213,36.997912,70.41,0.881,3
-122.074907,36.997912,70.37,0.89,3
-122.074601,36.997912,70.42,0.89,3
-122.074294,36.997912,70.43,0.885,3
-122.073988,36.997912,70.36,0.877,3
-122.073682,36.997912,70.51,0.872,3
-122.073376,36.997912,71.09,0.884,3
-122.073069,36.997912,71.76,0.876,3
-122.072763,36.997912,72.01,0.878,3
-122.072457,36.997912,72.11,0.864,3
-122.072151,36.997912,72.03,0.846,3
-122.071844,36.997912,71.89,0.842,3
-122.071538,36.997912,71.81,0.846,3
-122.071232,36.997912,71.76,0.853,3
-122.070926,36.997912,71.67,0.864,3
-122.070619,36.997912,71.54,0.87,3
-122.070313,36.997912,71.38,0.886,2
-122.070007,36.997912,71.44,0.89,2
-122.069701,36.997912,71.6,0.85,3
-122.069394,36.997912,71.55,0.85,2
-122.069088,36.997912,71.26,0.871,2
-122.068782,36.997912,70.96,0.866,2
-122.068476,36.997912,70.86,0.863,2
-122.068169,36.997912,71.22,0.867,2
-122.067863,36.997912,72.13,0.865,2
-122.067557,36.997912,73.52,0.835,2
-122.067251,36.997912,75.23,0.748,2
-122.066944,36.997912,78.29,0.47,1
-122.066638,36.997912,80.24,0.352,2
-122.066332,36.997912,81.32,0.368,2
-122.066026,36.997912,82.65,0.258,2
-122.065719,36.997912,81.84,0.342,2
-122.065413,36.997912,79.73,0.661,2
-122.065107,36.997912,76.89,0.841,2
-122.0648,36.997912,75.08,0.851,2
-122.064494,36.997912,74.7,0.804,2
-122.064188,36.997912,74.53,0.735,2
-122.063882,36.997912,74.21,0.742,1
-122.063575,36.997912,74.13,0.833,1
-122.063269,36.997912,74.77,0.854,1
-122.062963,36.997912,75.76,0.808,1
-122.062657,36.997912,77.2,0.59,1
-122.062044,36.997912,79.67,0.52,1
-122.061738,36.997912,80.73,0.5,1
-122.061432,36.997912,81.9,0.549,1
-122.061125,36.997912,83.07,0.599,1
-122.060819,36.997912,83.96,0.676,1
-122.060513,36.997912,84.39,0.717,1
-122.060207,36.997912,84.8,0.577,1
-122.0599,36.997912,86.71,0.322,1
-122.059288,36.997912,82.28,0.378,1
-122.058982,36.997912,78.52,0.696,1
-122.058675,36.997912,76.1,0.843,1
-122.058369,36.997912,75.05,0.864,1
-122.058063,36.997912,74.39,0.869,1
-122.057757,36.997912,74.58,0.851,2
-122.05745,36.997912,75.99,0.754,2
-122.057144,36.997912,77.79,0.535,2
-122.056838,36.997912,79.06,0.442,1
-122.056532,36.997912,80.23,0.697,2
-122.056225,36.997912,81.49,0.706,2
-122.055919,36.997912,82.59,0.455,1
-122.055613,36.997912,83.84,0.304,1
-122.055307,36.997912,84,0.51,2
-122.055,36.997912,84.97,0.603,2
-122.054694,36.997912,86.07,0.529,2
-122.054388,36.997912,86.15,0.566,2
-122.054082,36.997912,85.94,0.699,2
-122.053775,36.997912,85.32,0.738,2
-122.053469,36.997912,84.7,0.772,2
-122.053163,36.997912,84.14,0.769,2
-122.052856,36.997912,83.43,0.772,2
-122.05255,36.997912,82.8,0.787,2
-122.052244,36.997912,82.19,0.805,2
-122.051938,36.997912,81.54,0.809,2
-122.051631,36.997912,80.93,0.757,2
-122.051325,36.997912,80.22,0.656,2
-122.051019,36.997912,78.72,0.653,2
-122.050713,36.997912,76.56,0.793,2
-122.050406,36.997912,75.53,0.783,2
-122.0501,36.997912,74.53,0.74,2
-122.049794,36.997912,73.33,0.827,2
-122.049488,36.997912,72.52,0.841,2
-122.049181,36.997912,71.91,0.853,2
-122.048875,36.997912,71.55,0.861,2
-122.048569,36.997912,71.54,0.851,2
-122.048263,36.997912,71.74,0.847,2
-122.047956,36.997912,72.07,0.851,2
-122.04765,36.997912,72.56,0.84,2
-122.047344,36.997912,73.32,0.809,2
-122.047038,36.997912,74.36,0.794,2
-122.046731,36.997912,75.51,0.764,2
-122.046425,36.997912,76.44,0.701,2
-122.046119,36.997912,76.95,0.656,2
-122.045813,36.997912,77.06,0.652,2
-122.045506,36.997912,76.77,0.683,2
-122.0452,36.997912,76.13,0.771,2
-122.044894,36.997912,76.55,0.833,2
-122.044588,36.997912,77.2,0.841,2
-122.044281,36.997912,77.06,0.833,2
-122.043975,36.997912,77.1,0.793,2
-122.043669,36.997912,77.16,0.698,2
-122.043363,36.997912,77.26,0.738,2
-122.043056,36.997912,77.26,0.809,2
-122.04275,36.997912,76.89,0.844,2
-122.042444,36.997912,76.43,0.85,2
-122.042138,36.997912,75.85,0.851,2
-122.041831,36.997912,75.31,0.851,2
-122.041525,36.997912,74.9,0.842,2
-122.041219,36.997912,74.58,0.837,2
-122.040913,36.997912,74.44,0.843,2
-122.040606,36.997912,74.52,0.84,2
-122.0403,36.997912,74.3,0.842,2
-122.039994,36.997912,74.06,0.824,2
-122.039687,36.997912,72.19,0.838,2
-122.039381,36.997912,72.05,0.839,2
-122.039075,36.997912,72.15,0.847,2
-122.038769,36.997912,72.43,0.841,2
-122.038462,36.997912,72.85,0.805,2
-122.038156,36.997912,73.07,0.782,2
-122.085013,36.997606,73.15,0.827,3
-122.084707,36.997606,73.22,0.822,3
-122.084401,36.997606,73.59,0.818,3
-122.084095,36.997606,74.69,0.824,3
-122.083788,36.997606,76.92,0.827,3
-122.083482,36.997606,79.79,0.821,3
-122.083176,36.997606,83.24,0.799,3
-122.08287,36.997606,91.05,0.534,3
-122.082563,36.997606,95.84,0.378,3
-122.082257,36.997606,98.92,0.376,3
-122.081951,36.997606,100.4,0.534,3
-122.081645,36.997606,100.95,0.527,3
-122.081338,36.997606,100.78,0.408,3
-122.081032,36.997606,99.81,0.393,3
-122.080726,36.997606,98.16,0.416,3
-122.08042,36.997606,95.62,0.419,3
-122.080113,36.997606,92.41,0.398,3
-122.079807,36.997606,89.77,0.49,3
-122.079501,36.997606,85.91,0.791,3
-122.079195,36.997606,82.32,0.852,3
-122.078888,36.997606,76.4,0.855,3
-122.078582,36.997606,73.08,0.851,3
-122.078276,36.997606,72.07,0.85,3
-122.07797,36.997606,71.58,0.857,3
-122.077663,36.997606,71.34,0.866,3
-122.077357,36.997606,71.27,0.868,3
-122.077051,36.997606,71.22,0.87,3
-122.076744,36.997606,71.2,0.875,3
-122.076438,36.997606,71.28,0.868,3
-122.076132,36.997606,71.14,0.882,3
-122.075826,36.997606,70.82,0.886,3
-122.075519,36.997606,70.54,0.885,3
-122.075213,36.997606,70.47,0.885,3
-122.074907,36.997606,70.53,0.881,3
-122.074601,36.997606,70.57,0.874,3
-122.074294,36.997606,70.47,0.871,3
-122.073988,36.997606,70.34,0.872,3
-122.073682,36.997606,70.6,0.874,3
-122.073376,36.997606,71.23,0.881,3
-122.073069,36.997606,71.79,0.874,3
-122.072763,36.997606,71.9,0.871,3
-122.072457,36.997606,71.91,0.858,3
-122.072151,36.997606,71.87,0.846,3
-122.071844,36.997606,71.79,0.847,3
-122.071538,36.997606,71.72,0.849,3
-122.071232,36.997606,71.64,0.852,3
-122.070926,36.997606,71.53,0.859,3
-122.070619,36.997606,71.44,0.864,3
-122.070313,36.997606,71.24,0.885,2
-122.070007,36.997606,71.34,0.887,2
-122.069701,36.997606,71.47,0.877,2
-122.069394,36.997606,71.42,0.878,2
-122.069088,36.997606,71.27,0.869,2
-122.068782,36.997606,71.02,0.858,2
-122.068476,36.997606,71.03,0.86,2
-122.068169,36.997606,71.6,0.869,2
-122.067863,36.997606,72.72,0.869,2
-122.067557,36.997606,74.29,0.818,2
-122.067251,36.997606,76.24,0.673,2
-122.066944,36.997606,79.75,0.355,2
-122.066638,36.997606,81.43,0.321,2
-122.066332,36.997606,82.39,0.286,2
-122.066026,36.997606,85.28,0.21,2
-122.065719,36.997606,84.84,0.302,2
-122.065413,36.997606,83.02,0.633,2
-122.065107,36.997606,78.58,0.828,2
-122.0648,36.997606,75.28,0.859,2
-122.064494,36.997606,74.67,0.831,2
-122.064188,36.997606,74.35,0.771,2
-122.063882,36.997606,74.05,0.76,1
-122.063575,36.997606,74.09,0.84,1
-122.063269,36.997606,74.62,0.852,1
-122.062963,36.997606,75.37,0.841,1
-122.062657,36.997606,76.23,0.801,1
-122.06235,36.997606,77.14,0.766,1
-122.062044,36.997606,77.98,0.766,1
-122.061738,36.997606,78.83,0.771,1
-122.061432,36.997606,79.86,0.74,1
-122.061125,36.997606,81.07,0.668,1
-122.060819,36.997606,82.06,0.654,1
-122.060513,36.997606,82.41,0.766,1
-122.060207,36.997606,82.9,0.669,1
-122.0599,36.997606,85.26,0.452,1
-122.059288,36.997606,81.93,0.528,1
-122.058982,36.997606,78.33,0.746,1
-122.058675,36.997606,76.06,0.843,1
-122.058369,36.997606,74.96,0.853,1
-122.058063,36.997606,74.12,0.856,1
-122.057757,36.997606,74.01,0.844,2
-122.05745,36.997606,75.01,0.786,2
-122.057144,36.997606,76.41,0.698,2
-122.056838,36.997606,77.72,0.727,2
-122.056532,36.997606,79.09,0.809,2
-122.056225,36.997606,80.95,0.655,2
-122.055919,36.997606,82.45,0.351,1
-122.055613,36.997606,83.73,0.356,2
-122.055307,36.997606,84.11,0.598,2
-122.055,36.997606,85.51,0.742,2
-122.054694,36.997606,86.99,0.748,2
-122.054388,36.997606,87.5,0.701,2
-122.054082,36.997606,87.82,0.627,2
-122.053775,36.997606,87.76,0.609,2
-122.053469,36.997606,87.76,0.655,2
-122.053163,36.997606,87.43,0.673,2
-122.052856,36.997606,86.99,0.684,2
-122.05255,36.997606,86.52,0.699,2
-122.052244,36.997606,85.96,0.663,2
-122.051938,36.997606,85,0.578,2
-122.051631,36.997606,83.81,0.485,2
-122.051325,36.997606,82.5,0.408,2
-122.051019,36.997606,80.54,0.458,2
-122.050713,36.997606,77.85,0.679,2
-122.050406,36.997606,75.93,0.806,2
-122.0501,36.997606,74.57,0.783,2
-122.049794,36.997606,73.3,0.835,2
-122.049488,36.997606,72.5,0.847,2
-122.049181,36.997606,71.87,0.86,2
-122.048875,36.997606,71.47,0.872,2
-122.048569,36.997606,71.52,0.867,2
-122.048263,36.997606,71.88,0.859,2
-122.047956,36.997606,72.37,0.858,2
-122.04765,36.997606,73.04,0.817,2
-122.047344,36.997606,74.01,0.732,2
-122.047038,36.997606,75.01,0.727,2
-122.046731,36.997606,75.95,0.729,2
-122.046425,36.997606,76.87,0.584,2
-122.046119,36.997606,77.25,0.629,2
-122.045813,36.997606,77.62,0.582,2
-122.045506,36.997606,77.59,0.578,2
-122.0452,36.997606,77.01,0.709,2
-122.044894,36.997606,77.84,0.81,2
-122.044588,36.997606,78.84,0.832,2
-122.044281,36.997606,78.69,0.836,2
-122.043975,36.997606,78.71,0.818,2
-122.043669,36.997606,78.64,0.762,2
-122.043363,36.997606,78.7,0.766,2
-122.043056,36.997606,78.72,0.828,2
-122.04275,36.997606,78.4,0.848,2
-122.042444,36.997606,78.17,0.851,2
-122.042138,36.997606,77.86,0.848,2
-122.041831,36.997606,77.51,0.847,2
-122.041525,36.997606,77.17,0.849,2
-122.041219,36.997606,76.83,0.852,2
-122.040913,36.997606,76.73,0.849,2
-122.040606,36.997606,76.89,0.841,2
-122.0403,36.997606,76.48,0.855,2
-122.039994,36.997606,75.93,0.84,2
-122.039687,36.997606,72.62,0.84,2
-122.039381,36.997606,72.36,0.833,2
-122.039075,36.997606,72.39,0.828,2
-122.038769,36.997606,72.58,0.8,2
-122.038462,36.997606,72.9,0.758,2
-122.038156,36.997606,73.06,0.737,2
-122.085013,36.997299,73.41,0.804,3
-122.084707,36.997299,73.45,0.808,3
-122.084401,36.997299,73.75,0.812,3
-122.084095,36.997299,74.63,0.816,3
-122.083788,36.997299,76.34,0.843,3
-122.083482,36.997299,78.72,0.828,3
-122.083176,36.997299,82,0.834,3
-122.08287,36.997299,90.33,0.638,3
-122.082563,36.997299,95.05,0.409,3
-122.082257,36.997299,97.5,0.348,3
-122.081951,36.997299,99.21,0.514,3
-122.081645,36.997299,100.22,0.521,3
-122.081338,36.997299,100.54,0.401,3
-122.081032,36.997299,100.21,0.386,3
-122.080726,36.997299,99.09,0.426,3
-122.08042,36.997299,97.48,0.443,3
-122.080113,36.997299,95.17,0.419,3
-122.079807,36.997299,92.6,0.404,3
-122.079501,36.997299,88.36,0.634,3
-122.079195,36.997299,84.15,0.815,3
-122.078888,36.997299,77.71,0.864,3
-122.078582,36.997299,73.87,0.866,3
-122.078276,36.997299,72.31,0.86,3
-122.07797,36.997299,71.63,0.853,3
-122.077663,36.997299,71.49,0.853,3
-122.077357,36.997299,71.45,0.863,3
-122.077051,36.997299,71.31,0.878,3
-122.076744,36.997299,71.27,0.882,3
-122.076438,36.997299,71.31,0.878,3
-122.076132,36.997299,71.2,0.887,3
-122.075826,36.997299,70.84,0.891,3
-122.075519,36.997299,70.58,0.886,3
-122.075213,36.997299,70.58,0.871,3
-122.074907,36.997299,70.73,0.869,3
-122.074601,36.997299,70.75,0.877,3
-122.074294,36.997299,70.58,0.88,3
-122.073988,36.997299,70.5,0.878,3
-122.073682,36.997299,70.86,0.871,3
-122.073376,36.997299,71.42,0.874,3
-122.073069,36.997299,71.8,0.871,3
-122.072763,36.997299,71.8,0.871,3
-122.072457,36.997299,71.73,0.864,3
-122.072151,36.997299,71.66,0.858,3
-122.071844,36.997299,71.6,0.861,3
-122.071538,36.997299,71.56,0.862,3
-122.071232,36.997299,71.52,0.858,3
-122.070926,36.997299,71.47,0.859,3
-122.070619,36.997299,71.4,0.867,3
-122.070313,36.997299,71.22,0.88,2
-122.070007,36.997299,71.3,0.882,2
-122.069701,36.997299,71.37,0.882,2
-122.069394,36.997299,71.37,0.867,2
-122.069088,36.997299,71.29,0.853,2
-122.068782,36.997299,71.14,0.85,2
-122.068476,36.997299,71.22,0.853,2
-122.068169,36.997299,71.82,0.863,2
-122.067863,36.997299,72.97,0.867,2
-122.067557,36.997299,74.64,0.811,2
-122.067251,36.997299,76.9,0.657,2
-122.066944,36.997299,79.6,0.472,2
-122.066638,36.997299,81.92,0.377,2
-122.066332,36.997299,82.9,0.383,2
-122.066026,36.997299,86.31,0.324,2
-122.065719,36.997299,85.89,0.304,2
-122.065413,36.997299,83.96,0.554,2
-122.065107,36.997299,79.23,0.777,2
-122.0648,36.997299,75.65,0.853,2
-122.064494,36.997299,74.64,0.848,2
-122.064188,36.997299,74.09,0.813,2
-122.063882,36.997299,73.98,0.784,1
-122.063575,36.997299,74.09,0.818,1
-122.063269,36.997299,74.44,0.851,1
-122.062963,36.997299,75,0.845,1
-122.062657,36.997299,75.64,0.846,1
-122.06235,36.997299,76.7,0.606,1
-122.062044,36.997299,77.67,0.459,1
-122.061738,36.997299,77.97,0.65,1
-122.061432,36.997299,78.29,0.815,1
-122.061125,36.997299,79.07,0.768,1
-122.060819,36.997299,79.78,0.732,1
-122.060513,36.997299,80.09,0.782,1
-122.060207,36.997299,80.53,0.716,1
-122.0599,36.997299,83.1,0.56,1
-122.059594,36.997299,82.32,0.612,1
-122.059288,36.997299,81.23,0.719,1
-122.058982,36.997299,77.71,0.817,1
-122.058675,36.997299,75.67,0.844,1
-122.058369,36.997299,74.69,0.843,1
-122.058063,36.997299,74,0.824,1
-122.057757,36.997299,73.87,0.818,2
-122.05745,36.997299,74.54,0.831,2
-122.057144,36.997299,75.6,0.811,2
-122.056838,36.997299,76.76,0.822,2
-122.056532,36.997299,78.06,0.837,2
-122.056225,36.997299,79.97,0.658,2
-122.055919,36.997299,81.77,0.446,2
-122.055613,36.997299,83.22,0.432,2
-122.055307,36.997299,84.19,0.597,2
-122.055,36.997299,86.28,0.696,2
-122.054694,36.997299,88.26,0.654,2
-122.054388,36.997299,89.28,0.581,2
-122.054082,36.997299,90.1,0.549,2
-122.053775,36.997299,90.48,0.5,2
-122.053469,36.997299,90.86,0.427,2
-122.053163,36.997299,90.82,0.43,2
-122.052856,36.997299,90.48,0.439,2
-122.05255,36.997299,89.93,0.409,2
-122.052244,36.997299,89.23,0.377,2
-122.051938,36.997299,88.11,0.359,2
-122.051631,36.997299,86.49,0.368,2
-122.051325,36.997299,84.56,0.427,2
-122.051019,36.997299,81.9,0.546,2
-122.050713,36.997299,78.55,0.706,2
-122.050406,36.997299,76.13,0.843,2
-122.0501,36.997299,74.38,0.837,2
-122.049794,36.997299,73.03,0.842,2
-122.049488,36.997299,72.21,0.838,2
-122.049181,36.997299,71.66,0.843,2
-122.048875,36.997299,71.46,0.846,2
-122.048569,36.997299,71.66,0.839,2
-122.048263,36.997299,72.09,0.836,2
-122.047956,36.997299,72.67,0.836,2
-122.04765,36.997299,73.43,0.802,2
-122.047344,36.997299,74.32,0.748,2
-122.047038,36.997299,75.1,0.77,2
-122.046731,36.997299,75.83,0.775,2
-122.046425,36.997299,76.28,0.783,2
-122.046119,36.997299,76.48,0.797,2
-122.045813,36.997299,76.65,0.765,2
-122.045506,36.997299,76.83,0.75,2
-122.0452,36.997299,77.08,0.785,2
-122.044894,36.997299,78.79,0.819,2
-122.044588,36.997299,80.28,0.824,2
-122.044281,36.997299,80.45,0.821,2
-122.043975,36.997299,80.65,0.829,2
-122.043669,36.997299,80.68,0.844,2
-122.043363,36.997299,80.68,0.848,2
-122.043056,36.997299,80.59,0.831,2
-122.04275,36.997299,80.23,0.836,2
-122.042444,36.997299,80.07,0.848,2
-122.042138,36.997299,79.9,0.84,2
-122.041831,36.997299,79.69,0.839,2
-122.041525,36.997299,79.44,0.837,2
-122.041219,36.997299,79.15,0.837,2
-122.040913,36.997299,79,0.843,2
-122.040606,36.997299,78.93,0.846,2
-122.0403,36.997299,78.23,0.847,2
-122.039994,36.997299,77.32,0.844,2
-122.039687,36.997299,73.63,0.85,2
-122.039381,36.997299,73.16,0.847,2
-122.039075,36.997299,72.98,0.836,2
-122.038769,36.997299,72.96,0.813,2
-122.038462,36.997299,73.06,0.806,2
-122.085013,36.996993,73.47,0.801,3
-122.084707,36.996993,73.61,0.78,3
-122.084401,36.996993,73.97,0.748,3
-122.084095,36.996993,74.63,0.768,3
-122.083788,36.996993,75.81,0.861,3
-122.083482,36.996993,77.68,0.864,3
-122.083176,36.996993,80.85,0.852,3
-122.08287,36.996993,88.76,0.743,3
-122.082563,36.996993,92.73,0.461,3
-122.082257,36.996993,95.62,0.394,3
-122.081951,36.996993,97.62,0.57,3
-122.081645,36.996993,98.83,0.584,3
-122.081338,36.996993,99.52,0.432,3
-122.081032,36.996993,99.81,0.358,3
-122.080726,36.996993,99.62,0.408,3
-122.08042,36.996993,98.76,0.465,3
-122.080113,36.996993,97.12,0.438,3
-122.079807,36.996993,94.74,0.412,3
-122.079501,36.996993,90.27,0.467,3
-122.079195,36.996993,85.85,0.716,3
-122.078888,36.996993,79.21,0.841,3
-122.078582,36.996993,75.18,0.873,3
-122.078276,36.996993,73.31,0.87,3
-122.07797,36.996993,72.23,0.856,3
-122.077663,36.996993,71.78,0.848,3
-122.077357,36.996993,71.66,0.857,3
-122.077051,36.996993,71.44,0.873,3
-122.076744,36.996993,71.3,0.887,3
-122.076438,36.996993,71.33,0.883,3
-122.076132,36.996993,71.3,0.885,3
-122.075826,36.996993,70.95,0.888,3
-122.075519,36.996993,70.74,0.881,3
-122.075213,36.996993,70.76,0.868,3
-122.074907,36.996993,70.89,0.871,3
-122.074601,36.996993,70.89,0.875,3
-122.074294,36.996993,70.77,0.873,3
-122.073988,36.996993,70.79,0.879,3
-122.073682,36.996993,71.12,0.88,3
-122.073376,36.996993,71.54,0.869,3
-122.073069,36.996993,71.76,0.864,3
-122.072763,36.996993,71.73,0.866,3
-122.072457,36.996993,71.67,0.86,3
-122.072151,36.996993,71.61,0.856,3
-122.071844,36.996993,71.55,0.866,3
-122.071538,36.996993,71.52,0.863,3
-122.071232,36.996993,71.49,0.853,3
-122.070926,36.996993,71.48,0.855,3
-122.070619,36.996993,71.45,0.866,3
-122.070313,36.996993,71.22,0.88,2
-122.070007,36.996993,71.23,0.887,2
-122.069701,36.996993,71.28,0.895,2
-122.069394,36.996993,71.38,0.861,2
-122.069088,36.996993,71.37,0.843,2
-122.068782,36.996993,71.32,0.848,2
-122.068476,36.996993,71.49,0.859,2
-122.068169,36.996993,72.08,0.863,2
-122.067863,36.996993,73.15,0.851,2
-122.067557,36.996993,74.77,0.779,2
-122.067251,36.996993,76.99,0.653,2
-122.066944,36.996993,79.41,0.634,2
-122.066638,36.996993,81.91,0.618,2
-122.066332,36.996993,83.53,0.571,2
-122.066026,36.996993,87.19,0.569,2
-122.065719,36.996993,86.83,0.381,2
-122.065413,36.996993,85.01,0.422,2
-122.065107,36.996993,80.18,0.662,2
-122.0648,36.996993,76.23,0.831,2
-122.064494,36.996993,74.69,0.856,2
-122.064188,36.996993,73.98,0.825,2
-122.063882,36.996993,74.13,0.75,1
-122.063575,36.996993,74.34,0.666,1
-122.063269,36.996993,74.3,0.829,1
-122.062963,36.996993,74.64,0.848,1
-122.062657,36.996993,75.17,0.848,1
-122.06235,36.996993,76.23,0.541,1
-122.061738,36.996993,77.34,0.666,1
-122.061432,36.996993,77.34,0.799,1
-122.061125,36.996993,77.7,0.796,1
-122.060819,36.996993,77.95,0.788,1
-122.060513,36.996993,78.14,0.781,1
-122.060207,36.996993,78.86,0.672,1
-122.0599,36.996993,81.56,0.607,1
-122.059594,36.996993,81.21,0.721,1
-122.059288,36.996993,80.62,0.777,1
-122.058982,36.996993,77.46,0.814,1
-122.058675,36.996993,75.73,0.828,1
-122.058369,36.996993,74.91,0.832,1
-122.058063,36.996993,74.46,0.803,1
-122.057757,36.996993,74.43,0.797,1
-122.05745,36.996993,74.81,0.843,2
-122.057144,36.996993,75.65,0.836,2
-122.056838,36.996993,76.58,0.807,2
-122.056532,36.996993,77.6,0.799,2
-122.056225,36.996993,79.24,0.639,2
-122.055919,36.996993,80.79,0.552,2
-122.055613,36.996993,82.46,0.606,2
-122.055307,36.996993,84.35,0.585,2
-122.055,36.996993,87.22,0.575,2
-122.054694,36.996993,89.73,0.58,2
-122.054388,36.996993,91.36,0.599,2
-122.054082,36.996993,92.73,0.606,2
-122.053775,36.996993,93.58,0.484,2
-122.053469,36.996993,94.35,0.337,2
-122.053163,36.996993,94.46,0.26,2
-122.052856,36.996993,93.88,0.204,2
-122.05255,36.996993,92.83,0.267,2
-122.052244,36.996993,91.32,0.31,2
-122.051938,36.996993,89.51,0.316,2
-122.051631,36.996993,87.5,0.456,2
-122.051325,36.996993,85.29,0.639,2
-122.051019,36.996993,82.28,0.708,2
-122.050713,36.996993,78.66,0.727,2
-122.050406,36.996993,76.1,0.82,2
-122.0501,36.996993,74.15,0.844,2
-122.049794,36.996993,72.72,0.835,2
-122.049488,36.996993,71.91,0.833,2
-122.049181,36.996993,71.49,0.844,2
-122.048875,36.996993,71.47,0.825,2
-122.048569,36.996993,71.76,0.807,2
-122.048263,36.996993,72.19,0.808,2
-122.047956,36.996993,72.76,0.825,2
-122.04765,36.996993,73.5,0.828,2
-122.047344,36.996993,74.34,0.799,2
-122.047038,36.996993,75.19,0.766,2
-122.046731,36.996993,75.88,0.732,2
-122.046425,36.996993,76.21,0.693,2
-122.046119,36.996993,75.98,0.748,2
-122.045813,36.996993,75.99,0.754,2
-122.045506,36.996993,76.42,0.771,2
-122.0452,36.996993,77.38,0.79,2
-122.044894,36.996993,80.04,0.794,2
-122.044588,36.996993,82.42,0.792,2
-122.044281,36.996993,83.38,0.797,2
-122.043975,36.996993,84.17,0.804,2
-122.043669,36.996993,84.74,0.79,2
-122.043363,36.996993,85.1,0.777,2
-122.043056,36.996993,85.02,0.767,2
-122.04275,36.996993,84.46,0.78,2
-122.042444,36.996993,84.1,0.784,2
-122.042138,36.996993,83.74,0.784,2
-122.041831,36.996993,83.37,0.781,2
-122.041525,36.996993,83.01,0.794,2
-122.041219,36.996993,82.6,0.8,2
-122.040913,36.996993,82.33,0.792,2
-122.040606,36.996993,82.08,0.793,2
-122.0403,36.996993,80.93,0.794,2
-122.039994,36.996993,79.54,0.814,2
-122.039687,36.996993,75.37,0.84,2
-122.039381,36.996993,74.42,0.857,2
-122.039075,36.996993,73.82,0.846,2
-122.038769,36.996993,73.47,0.825,2
-122.038462,36.996993,73.37,0.816,2
-122.085013,36.996687,73.4,0.813,3
-122.084707,36.996687,73.57,0.771,3
-122.084401,36.996687,73.84,0.741,3
-122.084095,36.996687,74.4,0.77,3
-122.083788,36.996687,75.42,0.866,3
-122.083482,36.996687,76.98,0.866,3
-122.083176,36.996687,80.16,0.83,3
-122.08287,36.996687,87.49,0.767,3
-122.082563,36.996687,91.63,0.524,3
-122.082257,36.996687,94.22,0.498,3
-122.081951,36.996687,96.12,0.675,3
-122.081645,36.996687,97.51,0.648,3
-122.081338,36.996687,98.55,0.456,3
-122.081032,36.996687,99.42,0.351,3
-122.080726,36.996687,99.97,0.38,3
-122.08042,36.996687,99.56,0.46,3
-122.080113,36.996687,98.04,0.441,3
-122.079807,36.996687,96.23,0.385,3
-122.079501,36.996687,92.01,0.403,3
-122.079195,36.996687,87.69,0.585,3
-122.078888,36.996687,80.83,0.798,3
-122.078582,36.996687,76.53,0.872,3
-122.078276,36.996687,74.22,0.865,3
-122.07797,36.996687,72.75,0.855,3
-122.077663,36.996687,72.08,0.857,3
-122.077357,36.996687,71.83,0.86,3
-122.077051,36.996687,71.53,0.87,3
-122.076744,36.996687,71.37,0.887,3
-122.076438,36.996687,71.38,0.883,3
-122.076132,36.996687,71.36,0.878,3
-122.075826,36.996687,71.09,0.87,3
-122.075519,36.996687,70.91,0.876,3
-122.075213,36.996687,70.86,0.875,3
-122.074907,36.996687,70.9,0.872,3
-122.074601,36.996687,70.92,0.872,3
-122.074294,36.996687,70.91,0.872,3
-122.073988,36.996687,70.98,0.874,3
-122.073682,36.996687,71.24,0.884,3
-122.073376,36.996687,71.56,0.867,3
-122.073069,36.996687,71.64,0.882,3
-122.072763,36.996687,71.68,0.872,3
-122.072457,36.996687,71.68,0.864,3
-122.072151,36.996687,71.67,0.856,3
-122.071844,36.996687,71.64,0.863,3
-122.071538,36.996687,71.6,0.872,3
-122.071232,36.996687,71.59,0.862,3
-122.070926,36.996687,71.62,0.843,3
-122.070619,36.996687,71.57,0.849,3
-122.070313,36.996687,71.27,0.872,2
-122.070007,36.996687,71.28,0.877,2
-122.069701,36.996687,71.34,0.877,2
-122.069394,36.996687,71.5,0.861,2
-122.069088,36.996687,71.67,0.838,2
-122.068782,36.996687,71.85,0.843,2
-122.068476,36.996687,72.19,0.858,2
-122.068169,36.996687,72.92,0.86,2
-122.067863,36.996687,74.01,0.846,2
-122.067557,36.996687,75.4,0.825,2
-122.067251,36.996687,77.18,0.797,2
-122.066944,36.996687,79.45,0.742,2
-122.066638,36.996687,81.99,0.676,2
-122.066332,36.996687,84.06,0.548,2
-122.066026,36.996687,88.17,0.518,2
-122.065719,36.996687,88.09,0.44,2
-122.065413,36.996687,86.52,0.423,2
-122.065107,36.996687,81.59,0.654,2
-122.0648,36.996687,77.29,0.838,2
-122.064494,36.996687,75.27,0.86,2
-122.064188,36.996687,74.26,0.841,2
-122.063882,36.996687,74.22,0.781,1
-122.063575,36.996687,74.23,0.679,1
-122.063269,36.996687,74.31,0.743,1
-122.062963,36.996687,74.43,0.838,1
-122.062657,36.996687,74.83,0.868,1
-122.06235,36.996687,75.68,0.677,1
-122.062044,36.996687,76.47,0.495,1
-122.061738,36.996687,76.89,0.575,1
-122.061432,36.996687,76.95,0.675,1
-122.061125,36.996687,76.85,0.72,1
-122.060819,36.996687,76.6,0.785,1
-122.060513,36.996687,76.53,0.824,1
-122.060207,36.996687,77.45,0.774,1
-122.0599,36.996687,80.88,0.749,1
-122.059594,36.996687,81.07,0.77,1
-122.059288,36.996687,80.91,0.764,1
-122.058982,36.996687,78.01,0.781,1
-122.058675,36.996687,76.47,0.801,1
-122.058369,36.996687,75.72,0.818,1
-122.058063,36.996687,75.2,0.827,1
-122.057757,36.996687,75.13,0.836,1
-122.05745,36.996687,75.48,0.85,1
-122.057144,36.996687,75.96,0.853,2
-122.056838,36.996687,76.56,0.838,2
-122.056532,36.996687,77.19,0.805,2
-122.056225,36.996687,78.2,0.766,2
-122.055919,36.996687,79.53,0.782,2
-122.055613,36.996687,81.51,0.775,2
-122.055307,36.996687,84.27,0.581,2
-122.055,36.996687,87.93,0.543,2
-122.054694,36.996687,91.07,0.595,2
-122.054388,36.996687,93.33,0.623,2
-122.054082,36.996687,95.23,0.612,2
-122.053775,36.996687,96.54,0.475,2
-122.053469,36.996687,97.66,0.34,2
-122.053163,36.996687,97.79,0.273,2
-122.052856,36.996687,96.6,0.281,2
-122.05255,36.996687,94.71,0.331,2
-122.052244,36.996687,92.4,0.392,2
-122.051938,36.996687,89.89,0.358,2
-122.051631,36.996687,87.36,0.479,2
-122.051325,36.996687,84.86,0.706,2
-122.051019,36.996687,81.66,0.821,2
-122.050713,36.996687,78.04,0.808,2
-122.050406,36.996687,75.74,0.831,2
-122.0501,36.996687,73.85,0.855,2
-122.049794,36.996687,72.42,0.846,2
-122.049488,36.996687,71.73,0.846,2
-122.049181,36.996687,71.47,0.853,2
-122.048875,36.996687,71.51,0.846,2
-122.048569,36.996687,71.78,0.825,2
-122.048263,36.996687,72.17,0.824,2
-122.047956,36.996687,72.76,0.835,2
-122.04765,36.996687,73.56,0.817,2
-122.047344,36.996687,74.44,0.782,2
-122.047038,36.996687,75.24,0.777,2
-122.046731,36.996687,75.94,0.71,2
-122.046425,36.996687,76.37,0.568,2
-122.046119,36.996687,75.89,0.712,2
-122.045813,36.996687,76.03,0.737,2
-122.045506,36.996687,76.79,0.755,2
-122.0452,36.996687,78.36,0.748,2
-122.044894,36.996687,81.74,0.674,2
-122.044588,36.996687,84.85,0.624,2
-122.044281,36.996687,86.61,0.641,2
-122.043975,36.996687,88.18,0.648,2
-122.043669,36.996687,89.41,0.627,2
-122.043363,36.996687,90.34,0.615,2
-122.043056,36.996687,90.75,0.584,2
-122.04275,36.996687,90.38,0.534,2
-122.042444,36.996687,89.83,0.509,2
-122.042138,36.996687,89.17,0.511,2
-122.041831,36.996687,88.43,0.502,2
-122.041525,36.996687,87.73,0.553,2
-122.041219,36.996687,86.97,0.564,2
-122.040913,36.996687,86.31,0.522,2
-122.040606,36.996687,85.7,0.565,2
-122.0403,36.996687,84.26,0.682,2
-122.039994,36.996687,82.43,0.814,2
-122.039687,36.996687,77.89,0.825,2
-122.039381,36.996687,76.37,0.843,2
-122.039075,36.996687,75.17,0.854,2
-122.038769,36.996687,74.36,0.837,2
-122.038462,36.996687,74,0.789,2
-122.084401,36.996381,73.46,0.836,3
-122.084095,36.996381,74.02,0.849,3
-122.083788,36.996381,75.07,0.871,3
-122.083482,36.996381,76.7,0.856,3
-122.083176,36.996381,79.89,0.816,3
-122.08287,36.996381,87.08,0.745,3
-122.082563,36.996381,90.71,0.477,3
-122.082257,36.996381,92.94,0.582,3
-122.081951,36.996381,94.71,0.727,3
-122.081645,36.996381,96.2,0.6,3
-122.081338,36.996381,97.7,0.408,3
-122.081032,36.996381,99.03,0.345,3
-122.080726,36.996381,99.74,0.36,3
-122.08042,36.996381,99.61,0.426,3
-122.080113,36.996381,98.18,0.425,3
-122.079807,36.996381,96.52,0.367,3
-122.079501,36.996381,93.01,0.374,3
-122.079195,36.996381,89.43,0.448,3
-122.078888,36.996381,82.61,0.715,3
-122.078582,36.996381,77.91,0.846,3
-122.078276,36.996381,75.06,0.855,3
-122.07797,36.996381,73.2,0.851,3
-122.077663,36.996381,72.28,0.854,3
-122.077357,36.996381,71.9,0.846,3
-122.077051,36.996381,71.64,0.841,3
-122.076744,36.996381,71.47,0.861,3
-122.076438,36.996381,71.41,0.879,3
-122.076132,36.996381,71.37,0.879,3
-122.075826,36.996381,71.15,0.872,3
-122.075519,36.996381,71,0.874,3
-122.075213,36.996381,70.92,0.869,3
-122.074907,36.996381,70.9,0.865,3
-122.074601,36.996381,70.96,0.866,3
-122.074294,36.996381,71.03,0.869,3
-122.073988,36.996381,71.08,0.872,3
-122.073682,36.996381,71.25,0.877,3
-122.073376,36.996381,71.45,0.87,3
-122.073069,36.996381,71.54,0.87,3
-122.072763,36.996381,71.57,0.857,3
-122.072457,36.996381,71.58,0.872,3
-122.072151,36.996381,71.63,0.873,3
-122.071844,36.996381,71.68,0.873,3
-122.071538,36.996381,71.71,0.873,3
-122.071232,36.996381,71.72,0.869,3
-122.070926,36.996381,71.59,0.86,3
-122.070619,36.996381,71.36,0.856,2
-122.070313,36.996381,71.37,0.869,2
-122.070007,36.996381,71.42,0.872,2
-122.069701,36.996381,71.51,0.868,2
-122.069394,36.996381,71.67,0.867,2
-122.069088,36.996381,72.08,0.844,2
-122.068782,36.996381,72.85,0.845,2
-122.068476,36.996381,73.79,0.844,2
-122.068169,36.996381,74.92,0.836,2
-122.067863,36.996381,76.13,0.834,2
-122.067557,36.996381,77.34,0.835,2
-122.067251,36.996381,78.79,0.819,2
-122.066944,36.996381,80.62,0.788,2
-122.066638,36.996381,82.72,0.73,2
-122.066332,36.996381,84.68,0.574,2
-122.066026,36.996381,89.19,0.589,2
-122.065719,36.996381,89.51,0.516,2
-122.065413,36.996381,88.21,0.405,2
-122.065107,36.996381,83.36,0.574,2
-122.0648,36.996381,78.72,0.787,2
-122.064494,36.996381,76.12,0.855,2
-122.064188,36.996381,74.47,0.849,2
-122.063882,36.996381,73.7,0.813,2
-122.063575,36.996381,74,0.659,1
-122.063269,36.996381,74.56,0.449,1
-122.062963,36.996381,74.79,0.628,1
-122.062657,36.996381,75.02,0.792,1
-122.06235,36.996381,75.58,0.844,1
-122.062044,36.996381,76.29,0.789,1
-122.061738,36.996381,76.92,0.696,1
-122.061432,36.996381,76.86,0.709,1
-122.061125,36.996381,76.26,0.781,1
-122.060819,36.996381,75.69,0.819,1
-122.060513,36.996381,75.56,0.842,1
-122.060207,36.996381,76.75,0.83,1
-122.0599,36.996381,80.99,0.768,1
-122.059594,36.996381,81.92,0.657,1
-122.059288,36.996381,81.91,0.537,1
-122.058982,36.996381,79.33,0.618,1
-122.058675,36.996381,77.84,0.722,1
-122.058369,36.996381,77.02,0.802,1
-122.058063,36.996381,76.47,0.839,1
-122.057757,36.996381,76.33,0.853,1
-122.05745,36.996381,76.44,0.814,1
-122.057144,36.996381,76.53,0.691,2
-122.056838,36.996381,76.83,0.68,2
-122.056532,36.996381,76.55,0.822,2
-122.056225,36.996381,76.86,0.851,2
-122.055919,36.996381,78.52,0.865,2
-122.055613,36.996381,81.07,0.808,2
-122.055307,36.996381,84.28,0.603,2
-122.055,36.996381,88.52,0.564,2
-122.054694,36.996381,92.28,0.57,2
-122.054388,36.996381,95.14,0.523,2
-122.054082,36.996381,97.51,0.455,2
-122.053775,36.996381,99.16,0.333,2
-122.053469,36.996381,100.45,0.27,2
-122.053163,36.996381,100.49,0.292,2
-122.052856,36.996381,98.89,0.365,2
-122.05255,36.996381,96.4,0.344,2
-122.052244,36.996381,93.48,0.404,2
-122.051938,36.996381,90.45,0.438,2
-122.051631,36.996381,87.45,0.499,2
-122.051325,36.996381,84.59,0.682,2
-122.051019,36.996381,81.14,0.841,2
-122.050713,36.996381,77.45,0.849,2
-122.050406,36.996381,75.24,0.847,2
-122.0501,36.996381,73.53,0.858,2
-122.049794,36.996381,72.38,0.85,2
-122.049488,36.996381,71.81,0.85,2
-122.049181,36.996381,71.61,0.857,2
-122.048875,36.996381,71.66,0.853,2
-122.048569,36.996381,71.88,0.84,2
-122.048263,36.996381,72.25,0.842,2
-122.047956,36.996381,72.85,0.846,2
-122.04765,36.996381,73.63,0.837,2
-122.047344,36.996381,74.48,0.818,2
-122.047038,36.996381,75.34,0.775,2
-122.046731,36.996381,76.07,0.652,2
-122.046425,36.996381,76.36,0.561,2
-122.046119,36.996381,75.85,0.772,2
-122.045813,36.996381,76.36,0.798,2
-122.045506,36.996381,77.52,0.797,2
-122.0452,36.996381,79.62,0.729,2
-122.044894,36.996381,83.57,0.551,2
-122.044588,36.996381,87.22,0.419,2
-122.044281,36.996381,89.53,0.387,2
-122.043975,36.996381,91.55,0.371,2
-122.043669,36.996381,93.23,0.375,2
-122.043363,36.996381,94.58,0.374,2
-122.043056,36.996381,95.46,0.331,2
-122.04275,36.996381,95.42,0.352,2
-122.042444,36.996381,94.96,0.363,2
-122.042138,36.996381,94.28,0.36,2
-122.041831,36.996381,93.41,0.347,2
-122.041525,36.996381,92.52,0.372,2
-122.041219,36.996381,91.59,0.378,2
-122.040913,36.996381,90.83,0.35,2
-122.040606,36.996381,90.13,0.36,2
-122.0403,36.996381,88.68,0.456,2
-122.039994,36.996381,86.56,0.683,2
-122.039687,36.996381,81.66,0.719,2
-122.039381,36.996381,79.65,0.777,2
-122.039075,36.996381,77.84,0.826,2
-122.038769,36.996381,76.56,0.842,2
-122.038462,36.996381,75.71,0.804,2
-122.084401,36.996074,73.35,0.864,3
-122.084095,36.996074,73.89,0.871,3
-122.083788,36.996074,74.94,0.861,3
-122.083482,36.996074,76.77,0.842,3
-122.083176,36.996074,79.79,0.827,3
-122.08287,36.996074,84.83,0.681,3
-122.082563,36.996074,88.18,0.409,3
-122.082257,36.996074,89.89,0.53,3
-122.081951,36.996074,91.31,0.714,3
-122.081645,36.996074,93.19,0.604,3
-122.081338,36.996074,95.27,0.402,3
-122.081032,36.996074,97.41,0.331,3
-122.080726,36.996074,99.12,0.351,3
-122.08042,36.996074,99.28,0.407,3
-122.080113,36.996074,98.46,0.448,3
-122.079807,36.996074,96.77,0.392,3
-122.079501,36.996074,93.87,0.377,3
-122.079195,36.996074,90.48,0.399,3
-122.078888,36.996074,83.97,0.635,3
-122.078582,36.996074,79.04,0.813,3
-122.078276,36.996074,75.66,0.859,3
-122.07797,36.996074,73.24,0.856,3
-122.077663,36.996074,71.93,0.856,3
-122.077357,36.996074,71.58,0.853,3
-122.077051,36.996074,71.56,0.853,3
-122.076744,36.996074,71.47,0.855,3
-122.076438,36.996074,71.41,0.877,3
-122.076132,36.996074,71.3,0.876,3
-122.075826,36.996074,71.13,0.878,3
-122.075519,36.996074,71.01,0.883,3
-122.075213,36.996074,70.96,0.873,3
-122.074907,36.996074,70.96,0.869,3
-122.074601,36.996074,71,0.868,3
-122.074294,36.996074,71.04,0.866,3
-122.073988,36.996074,71.08,0.869,3
-122.073682,36.996074,71.16,0.871,3
-122.073376,36.996074,71.27,0.867,3
-122.073069,36.996074,71.35,0.854,3
-122.072763,36.996074,71.35,0.854,3
-122.072457,36.996074,71.4,0.865,3
-122.072151,36.996074,71.48,0.868,3
-122.071844,36.996074,71.57,0.878,3
-122.071538,36.996074,71.65,0.876,3
-122.071232,36.996074,71.65,0.864,3
-122.070926,36.996074,71.54,0.858,3
-122.070619,36.996074,71.45,0.858,2
-122.070313,36.996074,71.5,0.864,2
-122.070007,36.996074,71.61,0.868,2
-122.069701,36.996074,71.88,0.866,2
-122.069394,36.996074,72.27,0.87,2
-122.069088,36.996074,72.95,0.857,2
-122.068782,36.996074,75.11,0.861,2
-122.068476,36.996074,77.16,0.838,2
-122.068169,36.996074,78.92,0.753,2
-122.067863,36.996074,80.14,0.723,2
-122.067557,36.996074,80.95,0.787,2
-122.067251,36.996074,81.98,0.827,2
-122.066944,36.996074,83.18,0.802,2
-122.066638,36.996074,84.55,0.766,2
-122.066332,36.996074,86,0.599,2
-122.066026,36.996074,89.46,0.7,2
-122.065719,36.996074,89.58,0.74,2
-122.065413,36.996074,88.38,0.528,2
-122.065107,36.996074,84.04,0.523,2
-122.0648,36.996074,79.57,0.72,2
-122.064494,36.996074,76.66,0.853,2
-122.064188,36.996074,74.8,0.841,2
-122.063882,36.996074,73.86,0.754,2
-122.063575,36.996074,74.01,0.562,2
-122.063269,36.996074,74.92,0.466,1
-122.062963,36.996074,75.44,0.711,1
-122.062657,36.996074,76.02,0.831,1
-122.06235,36.996074,76.89,0.847,1
-122.062044,36.996074,77.66,0.824,1
-122.061738,36.996074,78.02,0.78,1
-122.061432,36.996074,77.64,0.796,1
-122.061125,36.996074,76.65,0.834,1
-122.060819,36.996074,75.77,0.838,1
-122.060513,36.996074,75.7,0.845,1
-122.060207,36.996074,77.04,0.843,1
-122.0599,36.996074,81.23,0.776,1
-122.059594,36.996074,82.54,0.549,1
-122.058675,36.996074,79.72,0.519,1
-122.058369,36.996074,79,0.678,1
-122.058063,36.996074,78.19,0.817,1
-122.057757,36.996074,77.77,0.852,1
-122.05745,36.996074,77.53,0.839,1
-122.056532,36.996074,76.38,0.804,2
-122.056225,36.996074,76.57,0.872,2
-122.055919,36.996074,78.27,0.865,2
-122.055613,36.996074,81.14,0.809,2
-122.055307,36.996074,84.65,0.654,2
-122.055,36.996074,89.36,0.592,2
-122.054694,36.996074,93.62,0.551,2
-122.054388,36.996074,96.88,0.434,2
-122.054082,36.996074,99.56,0.3,2
-122.053775,36.996074,101.42,0.248,2
-122.053469,36.996074,102.79,0.28,2
-122.053163,36.996074,102.84,0.284,2
-122.052856,36.996074,101.25,0.368,2
-122.05255,36.996074,98.84,0.389,2
-122.052244,36.996074,95.71,0.461,2
-122.051938,36.996074,92.41,0.579,2
-122.051631,36.996074,89.06,0.596,2
-122.051325,36.996074,85.74,0.678,2
-122.051019,36.996074,81.87,0.778,2
-122.050713,36.996074,77.91,0.782,2
-122.050406,36.996074,75.86,0.821,2
-122.0501,36.996074,75.54,0.852,2
-122.049794,36.996074,72.76,0.833,2
-122.049488,36.996074,72.19,0.844,2
-122.049181,36.996074,71.91,0.86,2
-122.048875,36.996074,71.9,0.855,2
-122.048569,36.996074,72.07,0.843,2
-122.048263,36.996074,72.44,0.844,2
-122.047956,36.996074,73.02,0.849,2
-122.04765,36.996074,73.76,0.848,2
-122.047344,36.996074,74.58,0.832,2
-122.047038,36.996074,75.38,0.781,2
-122.046731,36.996074,75.91,0.696,2
-122.046425,36.996074,76.03,0.696,2
-122.046119,36.996074,76.08,0.794,2
-122.045813,36.996074,78.52,0.802,2
-122.045506,36.996074,80.28,0.8,2
-122.0452,36.996074,82.72,0.741,2
-122.044894,36.996074,86.18,0.542,2
-122.044588,36.996074,89.47,0.396,2
-122.044281,36.996074,92.05,0.358,2
-122.043975,36.996074,94.35,0.325,2
-122.043669,36.996074,96.42,0.318,2
-122.043363,36.996074,97.79,0.329,2
-122.043056,36.996074,98.54,0.309,2
-122.04275,36.996074,98.43,0.316,2
-122.042444,36.996074,98.18,0.336,2
-122.042138,36.996074,97.68,0.362,2
-122.041831,36.996074,97.04,0.361,2
-122.041525,36.996074,96.32,0.364,2
-122.041219,36.996074,95.57,0.373,2
-122.040913,36.996074,94.89,0.368,2
-122.040606,36.996074,94.18,0.347,2
-122.0403,36.996074,93,0.348,2
-122.039994,36.996074,91.28,0.427,2
-122.039687,36.996074,87.91,0.527,2
-122.039381,36.996074,85.73,0.644,2
-122.039075,36.996074,83.51,0.705,2
-122.038769,36.996074,80.69,0.77,2
-122.038462,36.996074,78.8,0.805,2
-122.084401,36.995768,73.36,0.859,3
-122.084095,36.995768,73.94,0.854,3
-122.083788,36.995768,75.06,0.835,3
-122.083482,36.995768,77.08,0.82,3
-122.083176,36.995768,80.19,0.804,3
-122.08287,36.995768,83.71,0.615,3
-122.082563,36.995768,86.49,0.382,3
-122.082257,36.995768,88.38,0.422,3
-122.081951,36.995768,89.26,0.62,3
-122.081645,36.995768,90.58,0.643,3
-122.081338,36.995768,92.48,0.483,3
-122.081032,36.995768,95.19,0.355,3
-122.080726,36.995768,97.91,0.356,3
-122.08042,36.995768,98.6,0.398,3
-122.080113,36.995768,98.33,0.443,3
-122.079807,36.995768,96.72,0.391,3
-122.079501,36.995768,94.25,0.371,3
-122.079195,36.995768,90.52,0.484,3
-122.078888,36.995768,83.97,0.688,3
-122.078582,36.995768,79.09,0.818,3
-122.078276,36.995768,75.7,0.854,3
-122.07797,36.995768,73.29,0.856,3
-122.077663,36.995768,71.95,0.86,3
-122.077357,36.995768,71.49,0.864,3
-122.077051,36.995768,71.45,0.866,3
-122.076744,36.995768,71.43,0.86,3
-122.076438,36.995768,71.33,0.87,3
-122.076132,36.995768,71.18,0.873,3
-122.075826,36.995768,71.07,0.882,3
-122.075519,36.995768,71.06,0.889,3
-122.075213,36.995768,71.08,0.88,3
-122.074907,36.995768,71.09,0.872,3
-122.074601,36.995768,71.08,0.869,3
-122.074294,36.995768,71.06,0.866,3
-122.073988,36.995768,71.05,0.866,3
-122.073682,36.995768,71.06,0.868,3
-122.073376,36.995768,71.11,0.863,3
-122.073069,36.995768,71.15,0.85,3
-122.072763,36.995768,71.1,0.856,3
-122.072457,36.995768,71.17,0.858,3
-122.072151,36.995768,71.27,0.857,3
-122.071844,36.995768,71.33,0.877,3
-122.071538,36.995768,71.4,0.883,3
-122.071232,36.995768,71.4,0.867,3
-122.070926,36.995768,71.42,0.85,2
-122.070619,36.995768,71.58,0.851,2
-122.070313,36.995768,71.68,0.865,2
-122.070007,36.995768,71.9,0.866,2
-122.069701,36.995768,72.37,0.864,2
-122.069394,36.995768,73.03,0.866,2
-122.069088,36.995768,74.18,0.859,2
-122.068782,36.995768,79.27,0.867,2
-122.068476,36.995768,83.02,0.8,2
-122.068169,36.995768,85.32,0.593,2
-122.067863,36.995768,86.16,0.514,2
-122.067557,36.995768,86.23,0.663,2
-122.067251,36.995768,86.85,0.781,2
-122.066944,36.995768,87.3,0.723,2
-122.066638,36.995768,87.78,0.643,2
-122.066332,36.995768,88.26,0.557,2
-122.066026,36.995768,88.33,0.736,2
-122.065719,36.995768,87.68,0.74,2
-122.065413,36.995768,86.42,0.519,2
-122.065107,36.995768,83.03,0.526,2
-122.0648,36.995768,79.47,0.723,2
-122.064494,36.995768,76.86,0.846,2
-122.064188,36.995768,75.09,0.847,2
-122.063882,36.995768,74.17,0.836,2
-122.063575,36.995768,74.11,0.799,2
-122.063269,36.995768,74.66,0.884,2
-122.062963,36.995768,78.11,0.897,2
-122.062657,36.995768,79.55,0.878,2
-122.06235,36.995768,80.73,0.818,2
-122.062044,36.995768,81.38,0.814,2
-122.061738,36.995768,81.44,0.764,2
-122.061432,36.995768,81.03,0.774,2
-122.061125,36.995768,79.21,0.837,2
-122.060819,36.995768,77.02,0.862,2
-122.060513,36.995768,76.74,0.849,1
-122.060207,36.995768,77.4,0.838,1
-122.0599,36.995768,78.52,0.797,1
-122.059594,36.995768,79.84,0.605,1
-122.058369,36.995768,79.94,0.567,1
-122.058063,36.995768,79.3,0.727,1
-122.057757,36.995768,78.49,0.861,1
-122.05745,36.995768,77.59,0.807,1
-122.057144,36.995768,76.31,0.712,2
-122.056838,36.995768,76.27,0.687,2
-122.056532,36.995768,76.3,0.845,2
-122.056225,36.995768,76.99,0.868,2
-122.055919,36.995768,81.44,0.838,2
-122.055613,36.995768,84.91,0.727,2
-122.055307,36.995768,88.57,0.554,2
-122.055,36.995768,92.24,0.533,2
-122.054694,36.995768,95.83,0.549,2
-122.054388,36.995768,99.16,0.477,2
-122.054082,36.995768,101.36,0.34,2
-122.053775,36.995768,102.26,0.249,2
-122.053469,36.995768,103.49,0.295,2
-122.053163,36.995768,103.61,0.284,2
-122.052856,36.995768,102.61,0.282,2
-122.05255,36.995768,100.75,0.318,2
-122.052244,36.995768,98.2,0.371,2
-122.051938,36.995768,94.93,0.453,2
-122.051631,36.995768,91.26,0.511,2
-122.051325,36.995768,87.18,0.626,2
-122.051019,36.995768,84.08,0.695,2
-122.050713,36.995768,81.91,0.683,2
-122.050406,36.995768,79.27,0.762,2
-122.0501,36.995768,77.44,0.838,2
-122.049794,36.995768,73.68,0.827,2
-122.049488,36.995768,73.01,0.843,2
-122.049181,36.995768,72.61,0.849,2
-122.048875,36.995768,72.44,0.843,2
-122.048569,36.995768,72.45,0.836,2
-122.048263,36.995768,72.73,0.844,2
-122.047956,36.995768,73.26,0.848,2
-122.04765,36.995768,73.92,0.846,2
-122.047344,36.995768,74.64,0.84,2
-122.047038,36.995768,75.33,0.82,2
-122.046731,36.995768,75.78,0.787,2
-122.046425,36.995768,76.01,0.789,2
-122.046119,36.995768,76.57,0.809,2
-122.045813,36.995768,80.55,0.786,2
-122.045506,36.995768,82.77,0.787,2
-122.0452,36.995768,85.41,0.749,2
-122.044894,36.995768,88.3,0.565,2
-122.044588,36.995768,91.13,0.417,2
-122.044281,36.995768,93.76,0.359,2
-122.043975,36.995768,96.2,0.322,2
-122.043669,36.995768,98.43,0.337,2
-122.043363,36.995768,99.59,0.356,2
-122.043056,36.995768,100.05,0.342,2
-122.04275,36.995768,99.69,0.325,2
-122.042444,36.995768,99.59,0.33,2
-122.042138,36.995768,99.35,0.35,2
-122.041831,36.995768,98.99,0.364,2
-122.041525,36.995768,98.55,0.386,2
-122.041219,36.995768,98.09,0.394,2
-122.040913,36.995768,97.53,0.376,2
-122.040606,36.995768,96.81,0.349,2
-122.0403,36.995768,95.97,0.339,2
-122.039994,36.995768,94.9,0.351,2
-122.039687,36.995768,93.93,0.389,2
-122.039381,36.995768,92.04,0.527,2
-122.039075,36.995768,89.95,0.558,2
-122.038769,36.995768,85.49,0.598,2
-122.038462,36.995768,82.63,0.675,2
-122.038156,36.995768,80.66,0.763,2
-122.03785,36.995768,79.73,0.804,2
-122.084401,36.995462,73.44,0.853,3
-122.084095,36.995462,74.05,0.855,3
-122.083788,36.995462,75.3,0.85,3
-122.083482,36.995462,77.58,0.837,3
-122.083176,36.995462,80.69,0.806,3
-122.08287,36.995462,83.88,0.59,3
-122.082563,36.995462,86.66,0.401,3
-122.082257,36.995462,87.98,0.346,3
-122.081951,36.995462,88.49,0.462,3
-122.081645,36.995462,89.07,0.63,3
-122.081338,36.995462,90.53,0.579,3
-122.081032,36.995462,93.45,0.404,3
-122.080726,36.995462,96.47,0.37,3
-122.08042,36.995462,97.46,0.436,3
-122.080113,36.995462,97.56,0.444,3
-122.079807,36.995462,96.28,0.373,3
-122.079501,36.995462,93.76,0.382,3
-122.079195,36.995462,90.21,0.673,3
-122.078888,36.995462,83.38,0.797,3
-122.078582,36.995462,78.52,0.84,3
-122.078276,36.995462,75.36,0.849,3
-122.07797,36.995462,73.35,0.854,3
-122.077663,36.995462,72.27,0.862,3
-122.077357,36.995462,71.71,0.864,3
-122.077051,36.995462,71.46,0.868,3
-122.076744,36.995462,71.38,0.86,3
-122.076438,36.995462,71.22,0.858,3
-122.076132,36.995462,71.1,0.87,3
-122.075826,36.995462,71.07,0.877,3
-122.075519,36.995462,71.14,0.891,3
-122.075213,36.995462,71.2,0.885,3
-122.074907,36.995462,71.18,0.875,3
-122.074601,36.995462,71.15,0.871,3
-122.074294,36.995462,71.12,0.868,3
-122.073988,36.995462,71.08,0.866,3
-122.073682,36.995462,71.07,0.87,3
-122.073376,36.995462,71.03,0.871,3
-122.073069,36.995462,71.02,0.859,3
-122.072763,36.995462,70.95,0.865,3
-122.072457,36.995462,70.99,0.864,3
-122.072151,36.995462,71.18,0.852,2
-122.071844,36.995462,71.24,0.866,2
-122.071538,36.995462,71.27,0.88,2
-122.071232,36.995462,71.34,0.874,2
-122.070926,36.995462,71.49,0.862,2
-122.070619,36.995462,71.7,0.863,2
-122.070313,36.995462,71.91,0.865,2
-122.070007,36.995462,72.24,0.86,2
-122.069701,36.995462,72.92,0.858,2
-122.069394,36.995462,73.88,0.86,2
-122.069088,36.995462,75.77,0.854,2
-122.068782,36.995462,81.89,0.859,2
-122.068476,36.995462,86.59,0.74,2
-122.068169,36.995462,89.43,0.517,2
-122.067863,36.995462,90.16,0.423,2
-122.067557,36.995462,89.67,0.568,2
-122.067251,36.995462,89.5,0.731,2
-122.066944,36.995462,89.11,0.653,2
-122.066638,36.995462,88.67,0.512,2
-122.066332,36.995462,88.3,0.561,2
-122.066026,36.995462,87.89,0.747,2
-122.065719,36.995462,87.07,0.703,2
-122.065413,36.995462,85.92,0.508,2
-122.065107,36.995462,82.72,0.55,2
-122.0648,36.995462,79.56,0.738,2
-122.064494,36.995462,77.29,0.847,2
-122.064188,36.995462,75.66,0.852,2
-122.063882,36.995462,74.76,0.857,2
-122.063575,36.995462,74.61,0.865,2
-122.063269,36.995462,75.77,0.865,2
-122.062963,36.995462,79.92,0.879,2
-122.062657,36.995462,82.13,0.841,2
-122.06235,36.995462,83.71,0.653,2
-122.062044,36.995462,84.36,0.606,2
-122.061738,36.995462,84.24,0.584,2
-122.061432,36.995462,83.65,0.654,2
-122.061125,36.995462,81.61,0.778,2
-122.060819,36.995462,79.12,0.849,2
-122.060513,36.995462,78.38,0.834,1
-122.060207,36.995462,78.57,0.752,1
-122.0599,36.995462,78.86,0.705,1
-122.059594,36.995462,79.29,0.653,1
-122.058369,36.995462,79.45,0.632,1
-122.058063,36.995462,78.84,0.784,1
-122.057757,36.995462,78.14,0.847,1
-122.05745,36.995462,77.21,0.763,1
-122.057144,36.995462,75.88,0.714,2
-122.056838,36.995462,75.66,0.799,2
-122.056532,36.995462,76.09,0.857,2
-122.056225,36.995462,77.36,0.855,2
-122.055919,36.995462,82.62,0.849,2
-122.055613,36.995462,86.49,0.65,2
-122.055307,36.995462,90.46,0.464,2
-122.055,36.995462,94.14,0.435,2
-122.054694,36.995462,97.59,0.491,2
-122.054388,36.995462,100.55,0.467,2
-122.054082,36.995462,101.97,0.358,2
-122.053775,36.995462,101.99,0.291,2
-122.053469,36.995462,102.79,0.28,2
-122.053163,36.995462,102.91,0.268,2
-122.052856,36.995462,102.51,0.269,2
-122.05255,36.995462,101.52,0.286,2
-122.052244,36.995462,99.99,0.285,2
-122.051938,36.995462,97.65,0.293,2
-122.051631,36.995462,94.28,0.376,2
-122.051325,36.995462,89.88,0.569,2
-122.051019,36.995462,86.62,0.722,2
-122.050713,36.995462,84.62,0.765,2
-122.050406,36.995462,81.81,0.808,2
-122.0501,36.995462,79.44,0.84,2
-122.049794,36.995462,75.33,0.835,2
-122.049488,36.995462,74.39,0.843,2
-122.049181,36.995462,73.78,0.848,2
-122.048875,36.995462,73.31,0.838,2
-122.048569,36.995462,73.08,0.831,2
-122.048263,36.995462,73.17,0.827,2
-122.047956,36.995462,73.55,0.829,2
-122.04765,36.995462,74.12,0.833,2
-122.047344,36.995462,74.77,0.827,2
-122.047038,36.995462,75.45,0.813,2
-122.046731,36.995462,76.04,0.818,2
-122.046425,36.995462,76.53,0.835,2
-122.046119,36.995462,77.3,0.811,2
-122.045813,36.995462,81.3,0.784,2
-122.045506,36.995462,83.65,0.798,2
-122.0452,36.995462,86.41,0.756,2
-122.044894,36.995462,89.22,0.643,2
-122.044588,36.995462,91.81,0.54,2
-122.044281,36.995462,94.21,0.438,2
-122.043975,36.995462,96.57,0.349,2
-122.043669,36.995462,98.75,0.367,2
-122.043363,36.995462,99.7,0.407,2
-122.043056,36.995462,99.98,0.403,2
-122.04275,36.995462,99.59,0.351,2
-122.042444,36.995462,99.66,0.334,2
-122.042138,36.995462,99.68,0.349,2
-122.041831,36.995462,99.61,0.364,2
-122.041525,36.995462,99.45,0.373,2
-122.041219,36.995462,99.22,0.364,2
-122.040913,36.995462,98.87,0.342,2
-122.040606,36.995462,98.39,0.326,2
-122.0403,36.995462,97.84,0.323,2
-122.039994,36.995462,97.14,0.326,2
-122.039687,36.995462,96.63,0.356,2
-122.039381,36.995462,95.08,0.456,2
-122.039075,36.995462,93.28,0.542,2
-122.038769,36.995462,88.88,0.522,2
-122.038462,36.995462,86.07,0.502,2
-122.038156,36.995462,83.71,0.621,2
-122.03785,36.995462,82.52,0.712,2
-122.084707,36.995156,73.2,0.847,3
-122.084401,36.995156,73.41,0.849,3
-122.084095,36.995156,74.07,0.852,3
-122.083788,36.995156,75.43,0.849,3
-122.083482,36.995156,77.9,0.837,3
-122.083176,36.995156,80.78,0.817,3
-122.08287,36.995156,83.57,0.585,3
-122.082563,36.995156,85.86,0.377,3
-122.082257,36.995156,86.78,0.32,3
-122.081951,36.995156,87.47,0.392,3
-122.081645,36.995156,87.85,0.621,3
-122.081338,36.995156,88.9,0.683,3
-122.081032,36.995156,91.77,0.517,3
-122.080726,36.995156,94.98,0.4,3
-122.08042,36.995156,95.99,0.464,3
-122.080113,36.995156,96.15,0.519,3
-122.079807,36.995156,95.44,0.4,3
-122.079501,36.995156,93.02,0.385,3
-122.079195,36.995156,90.27,0.619,3
-122.078888,36.995156,83.48,0.79,3
-122.078582,36.995156,78.63,0.835,3
-122.078276,36.995156,75.62,0.849,3
-122.07797,36.995156,73.64,0.86,3
-122.077663,36.995156,72.46,0.863,3
-122.077357,36.995156,71.82,0.865,3
-122.077051,36.995156,71.45,0.866,3
-122.076744,36.995156,71.27,0.861,3
-122.076438,36.995156,71.1,0.866,3
-122.076132,36.995156,71.01,0.879,3
-122.075826,36.995156,71.05,0.875,3
-122.075519,36.995156,71.15,0.883,3
-122.075213,36.995156,71.2,0.879,3
-122.074907,36.995156,71.18,0.875,3
-122.074601,36.995156,71.16,0.877,3
-122.074294,36.995156,71.14,0.879,3
-122.073988,36.995156,71.12,0.875,3
-122.073682,36.995156,71.12,0.87,3
-122.073376,36.995156,71.05,0.867,3
-122.073069,36.995156,70.98,0.863,3
-122.072763,36.995156,70.9,0.864,3
-122.072457,36.995156,70.89,0.863,3
-122.072151,36.995156,71.18,0.857,2
-122.071844,36.995156,71.3,0.867,2
-122.071538,36.995156,71.36,0.872,2
-122.071232,36.995156,71.46,0.865,2
-122.070926,36.995156,71.66,0.858,2
-122.070619,36.995156,71.92,0.859,2
-122.070313,36.995156,72.18,0.86,2
-122.070007,36.995156,72.61,0.866,2
-122.069701,36.995156,73.51,0.864,2
-122.069394,36.995156,74.79,0.864,2
-122.069088,36.995156,77.58,0.844,2
-122.068782,36.995156,84.81,0.813,2
-122.068476,36.995156,90.28,0.628,2
-122.068169,36.995156,93.52,0.453,2
-122.067863,36.995156,94.13,0.4,2
-122.067557,36.995156,93.11,0.481,2
-122.067251,36.995156,92.11,0.588,2
-122.066944,36.995156,90.83,0.579,2
-122.066638,36.995156,89.62,0.584,2
-122.066332,36.995156,88.71,0.633,2
-122.066026,36.995156,87.99,0.651,2
-122.065719,36.995156,87.25,0.567,2
-122.065413,36.995156,86.26,0.487,2
-122.065107,36.995156,83.21,0.554,2
-122.0648,36.995156,80.34,0.698,2
-122.064494,36.995156,78.22,0.81,2
-122.064188,36.995156,76.6,0.853,2
-122.063882,36.995156,75.71,0.855,2
-122.063575,36.995156,75.59,0.86,2
-122.063269,36.995156,77.27,0.859,2
-122.062963,36.995156,82.49,0.869,2
-122.062657,36.995156,85.75,0.732,2
-122.06235,36.995156,87.87,0.485,2
-122.062044,36.995156,88.57,0.436,2
-122.061738,36.995156,88.35,0.412,2
-122.061432,36.995156,87.57,0.417,2
-122.061125,36.995156,85.32,0.563,2
-122.060819,36.995156,82.83,0.766,2
-122.060513,36.995156,82,0.819,1
-122.060207,36.995156,81.44,0.732,1
-122.0599,36.995156,80.84,0.738,1
-122.059594,36.995156,80.41,0.744,1
-122.059288,36.995156,80.67,0.596,1
-122.058675,36.995156,79.47,0.559,1
-122.058369,36.995156,78.79,0.708,1
-122.058063,36.995156,77.92,0.836,1
-122.057757,36.995156,77.25,0.817,1
-122.05745,36.995156,76.48,0.693,1
-122.057144,36.995156,75.51,0.633,2
-122.056838,36.995156,75.21,0.831,2
-122.056532,36.995156,75.96,0.862,2
-122.056225,36.995156,77.55,0.857,2
-122.055919,36.995156,82.48,0.866,2
-122.055613,36.995156,86.75,0.652,2
-122.055307,36.995156,91.07,0.414,2
-122.055,36.995156,95.28,0.348,2
-122.054694,36.995156,98.86,0.34,2
-122.054388,36.995156,101.25,0.295,2
-122.054082,36.995156,101.57,0.241,2
-122.053775,36.995156,100.36,0.24,2
-122.053469,36.995156,100.19,0.299,2
-122.053163,36.995156,100.03,0.31,2
-122.052856,36.995156,99.95,0.335,2
-122.05255,36.995156,99.32,0.468,2
-122.052244,36.995156,98.88,0.369,2
-122.051938,36.995156,97.71,0.308,2
-122.051631,36.995156,95.5,0.313,2
-122.051325,36.995156,92.14,0.429,2
-122.051019,36.995156,89.42,0.6,2
-122.050713,36.995156,87.44,0.725,2
-122.050406,36.995156,84.73,0.793,2
-122.0501,36.995156,82.14,0.834,2
-122.049794,36.995156,77.76,0.827,2
-122.049488,36.995156,76.36,0.861,2
-122.049181,36.995156,75.27,0.866,2
-122.048875,36.995156,74.43,0.847,2
-122.048569,36.995156,73.88,0.835,2
-122.048263,36.995156,73.66,0.835,2
-122.047956,36.995156,73.84,0.84,2
-122.04765,36.995156,74.34,0.846,2
-122.047344,36.995156,75.04,0.842,2
-122.047038,36.995156,75.82,0.825,2
-122.046731,36.995156,76.56,0.823,2
-122.046425,36.995156,77.23,0.855,2
-122.046119,36.995156,78.23,0.783,2
-122.045813,36.995156,82.03,0.65,2
-122.045506,36.995156,84.33,0.737,2
-122.0452,36.995156,86.86,0.663,2
-122.044894,36.995156,89.27,0.507,2
-122.044588,36.995156,91.45,0.435,2
-122.044281,36.995156,93.49,0.423,2
-122.043975,36.995156,95.49,0.395,2
-122.043669,36.995156,97.32,0.382,2
-122.043363,36.995156,98.25,0.403,2
-122.043056,36.995156,98.65,0.405,2
-122.04275,36.995156,98.45,0.391,2
-122.042444,36.995156,98.82,0.373,2
-122.042138,36.995156,99.15,0.356,2
-122.041831,36.995156,99.37,0.357,2
-122.041525,36.995156,99.5,0.361,2
-122.041219,36.995156,99.52,0.345,2
-122.040913,36.995156,99.38,0.32,2
-122.040606,36.995156,99.09,0.313,2
-122.0403,36.995156,98.76,0.322,2
-122.039994,36.995156,98.35,0.333,2
-122.039687,36.995156,98.24,0.352,2
-122.039381,36.995156,97.1,0.376,2
-122.039075,36.995156,95.73,0.42,2
-122.038769,36.995156,91.61,0.456,2
-122.038462,36.995156,88.85,0.486,2
-122.038156,36.995156,86.48,0.583,2
-122.03785,36.995156,85.34,0.644,2
-122.084707,36.994849,73.05,0.844,3
-122.084401,36.994849,73.24,0.845,3
-122.084095,36.994849,73.89,0.844,3
-122.083788,36.994849,75.27,0.833,3
-122.083482,36.994849,77.61,0.816,3
-122.083176,36.994849,80.11,0.797,3
-122.08287,36.994849,82.37,0.578,3
-122.082563,36.994849,84.23,0.358,3
-122.082257,36.994849,84.77,0.405,3
-122.081951,36.994849,85.43,0.511,3
-122.081645,36.994849,86.1,0.691,3
-122.081338,36.994849,87.14,0.729,3
-122.081032,36.994849,88.74,0.576,3
-122.080726,36.994849,90.32,0.443,3
-122.08042,36.994849,91.19,0.501,3
-122.080113,36.994849,91.91,0.618,3
-122.079807,36.994849,94.81,0.431,3
-122.079501,36.994849,93.49,0.384,3
-122.079195,36.994849,91.01,0.427,3
-122.078888,36.994849,86.75,0.663,3
-122.078582,36.994849,82.96,0.803,3
-122.078276,36.994849,79.85,0.846,3
-122.07797,36.994849,76.03,0.855,3
-122.077663,36.994849,73.06,0.856,3
-122.077357,36.994849,72.14,0.856,3
-122.077051,36.994849,71.6,0.859,3
-122.076744,36.994849,71.27,0.867,3
-122.076438,36.994849,71.01,0.876,3
-122.076132,36.994849,70.92,0.875,3
-122.075826,36.994849,70.98,0.88,3
-122.075519,36.994849,71.03,0.874,3
-122.075213,36.994849,71.07,0.873,3
-122.074907,36.994849,71.13,0.866,3
-122.074601,36.994849,71.15,0.866,3
-122.074294,36.994849,71.14,0.876,3
-122.073988,36.994849,71.14,0.879,3
-122.073682,36.994849,71.12,0.867,3
-122.073376,36.994849,71.06,0.862,3
-122.073069,36.994849,70.96,0.866,3
-122.072763,36.994849,71.1,0.868,2
-122.072457,36.994849,71.16,0.862,2
-122.072151,36.994849,71.27,0.868,2
-122.071844,36.994849,71.37,0.867,2
-122.071538,36.994849,71.5,0.859,2
-122.071232,36.994849,71.62,0.86,2
-122.070926,36.994849,71.82,0.866,2
-122.070619,36.994849,72.11,0.865,2
-122.070313,36.994849,72.45,0.867,2
-122.070007,36.994849,73.03,0.876,2
-122.069701,36.994849,74.16,0.868,2
-122.069394,36.994849,75.87,0.853,2
-122.069088,36.994849,79.25,0.843,2
-122.068782,36.994849,85.02,0.723,2
-122.068476,36.994849,90.27,0.524,2
-122.068169,36.994849,93.72,0.403,2
-122.067863,36.994849,95.27,0.376,2
-122.067557,36.994849,95.09,0.389,2
-122.067251,36.994849,93.68,0.436,2
-122.066944,36.994849,91.89,0.557,2
-122.066638,36.994849,90.35,0.736,2
-122.066332,36.994849,89.25,0.7,2
-122.066026,36.994849,88.44,0.518,2
-122.065719,36.994849,87.98,0.422,2
-122.065413,36.994849,87.12,0.458,2
-122.065107,36.994849,85,0.508,2
-122.0648,36.994849,82.81,0.615,2
-122.064494,36.994849,80.81,0.752,2
-122.064188,36.994849,78.57,0.842,2
-122.063882,36.994849,76.76,0.864,2
-122.063575,36.994849,76.85,0.859,2
-122.063269,36.994849,79.11,0.856,2
-122.062963,36.994849,85.24,0.851,2
-122.062657,36.994849,89.25,0.496,2
-122.06235,36.994849,91.84,0.26,2
-122.062044,36.994849,92.87,0.443,2
-122.061738,36.994849,92.89,0.451,2
-122.061432,36.994849,92.16,0.303,2
-122.061125,36.994849,90.22,0.306,2
-122.060819,36.994849,88.08,0.518,2
-122.060513,36.994849,86.87,0.729,2
-122.060207,36.994849,85.61,0.815,1
-122.0599,36.994849,84.48,0.828,1
-122.059594,36.994849,83.53,0.809,1
-122.059288,36.994849,83.06,0.824,1
-122.058982,36.994849,80.58,0.796,1
-122.058675,36.994849,79.65,0.813,1
-122.058369,36.994849,78.77,0.835,1
-122.058063,36.994849,77.65,0.842,1
-122.057757,36.994849,76.64,0.81,1
-122.05745,36.994849,75.78,0.7,1
-122.057144,36.994849,75.08,0.639,2
-122.056838,36.994849,75,0.817,2
-122.056532,36.994849,75.91,0.858,2
-122.056225,36.994849,77.78,0.853,2
-122.055919,36.994849,81.09,0.843,2
-122.055613,36.994849,85.79,0.565,2
-122.055307,36.994849,90.33,0.37,2
-122.055,36.994849,95.71,0.318,2
-122.054694,36.994849,99.66,0.228,2
-122.054388,36.994849,101.63,0.134,2
-122.054082,36.994849,101.15,0.137,2
-122.053775,36.994849,98.52,0.278,2
-122.053469,36.994849,97.03,0.554,2
-122.053163,36.994849,96.37,0.627,2
-122.052856,36.994849,96.24,0.661,2
-122.05255,36.994849,96.05,0.744,2
-122.052244,36.994849,96.11,0.65,2
-122.051938,36.994849,96.04,0.544,2
-122.051631,36.994849,95.49,0.419,2
-122.051325,36.994849,94.08,0.364,2
-122.051019,36.994849,92.61,0.466,2
-122.050713,36.994849,90.88,0.618,2
-122.050406,36.994849,88.14,0.678,2
-122.0501,36.994849,85.1,0.71,2
-122.049794,36.994849,80.77,0.713,2
-122.049488,36.994849,78.68,0.81,2
-122.049181,36.994849,76.96,0.847,2
-122.048875,36.994849,75.58,0.846,2
-122.048569,36.994849,74.65,0.834,2
-122.048263,36.994849,74.15,0.839,2
-122.047956,36.994849,74.2,0.85,2
-122.04765,36.994849,74.73,0.855,2
-122.047344,36.994849,75.63,0.831,2
-122.047038,36.994849,76.86,0.763,2
-122.046731,36.994849,78.04,0.72,2
-122.046425,36.994849,78.79,0.801,2
-122.046119,36.994849,79.7,0.783,2
-122.045813,36.994849,80.78,0.686,2
-122.045506,36.994849,82.33,0.649,2
-122.0452,36.994849,84.32,0.564,2
-122.044894,36.994849,86.46,0.447,2
-122.044588,36.994849,88.27,0.405,2
-122.044281,36.994849,89.73,0.433,2
-122.043975,36.994849,91.03,0.444,2
-122.043669,36.994849,92.15,0.419,2
-122.043363,36.994849,92.94,0.427,2
-122.043056,36.994849,93.51,0.464,2
-122.04275,36.994849,94.23,0.435,2
-122.042444,36.994849,94.92,0.409,2
-122.042138,36.994849,95.63,0.366,2
-122.041831,36.994849,96.24,0.351,2
-122.041525,36.994849,96.76,0.341,2
-122.041219,36.994849,97.18,0.33,2
-122.040913,36.994849,98.22,0.317,2
-122.040606,36.994849,99.32,0.317,2
-122.0403,36.994849,99.25,0.338,2
-122.039994,36.994849,98.81,0.348,2
-122.039687,36.994849,97.48,0.333,2
-122.039381,36.994849,96.81,0.337,2
-122.039075,36.994849,95.93,0.343,2
-122.038769,36.994849,95.11,0.375,2
-122.038462,36.994849,93.51,0.472,2
-122.038156,36.994849,91.46,0.499,2
-122.084707,36.994543,73.01,0.84,3
-122.084401,36.994543,73.21,0.84,3
-122.084095,36.994543,73.79,0.837,3
-122.083788,36.994543,75.15,0.82,3
-122.083482,36.994543,77.24,0.786,3
-122.083176,36.994543,79.39,0.745,3
-122.08287,36.994543,81.31,0.553,3
-122.082563,36.994543,82.56,0.349,3
-122.082257,36.994543,82.71,0.535,3
-122.081951,36.994543,83.3,0.7,3
-122.081645,36.994543,84.14,0.796,3
-122.081338,36.994543,85.47,0.737,3
-122.081032,36.994543,87.35,0.54,3
-122.080726,36.994543,89.01,0.42,3
-122.08042,36.994543,89.94,0.51,3
-122.080113,36.994543,91.43,0.566,3
-122.079807,36.994543,94.73,0.422,3
-122.079501,36.994543,93.94,0.377,3
-122.079195,36.994543,91.86,0.354,3
-122.078888,36.994543,88.59,0.484,3
-122.078582,36.994543,85.24,0.703,3
-122.078276,36.994543,82.02,0.82,3
-122.07797,36.994543,77.57,0.853,3
-122.077663,36.994543,73.89,0.862,3
-122.077357,36.994543,72.51,0.863,3
-122.077051,36.994543,71.72,0.868,3
-122.076744,36.994543,71.24,0.873,3
-122.076438,36.994543,70.95,0.875,3
-122.076132,36.994543,70.85,0.876,3
-122.075826,36.994543,70.8,0.877,3
-122.075519,36.994543,70.84,0.858,3
-122.075213,36.994543,70.92,0.853,3
-122.074907,36.994543,71.02,0.85,3
-122.074601,36.994543,71.09,0.86,3
-122.074294,36.994543,71.14,0.874,3
-122.073988,36.994543,71.17,0.873,3
-122.073682,36.994543,71.15,0.864,3
-122.073376,36.994543,71.07,0.869,3
-122.073069,36.994543,70.91,0.876,3
-122.072763,36.994543,70.97,0.877,2
-122.072457,36.994543,71.05,0.864,2
-122.072151,36.994543,71.17,0.861,2
-122.071844,36.994543,71.31,0.861,2
-122.071538,36.994543,71.47,0.858,2
-122.071232,36.994543,71.67,0.854,2
-122.070926,36.994543,71.93,0.857,2
-122.070619,36.994543,72.26,0.867,2
-122.070313,36.994543,72.73,0.871,2
-122.070007,36.994543,73.56,0.865,2
-122.069701,36.994543,74.94,0.858,2
-122.069394,36.994543,77.16,0.823,2
-122.069088,36.994543,80.78,0.837,2
-122.068782,36.994543,86.01,0.64,2
-122.068476,36.994543,90.66,0.457,2
-122.068169,36.994543,93.76,0.366,2
-122.067863,36.994543,95.52,0.345,2
-122.067557,36.994543,95.7,0.359,2
-122.067251,36.994543,94.35,0.423,2
-122.066944,36.994543,92.68,0.592,2
-122.066638,36.994543,91.38,0.799,2
-122.066332,36.994543,90.4,0.639,2
-122.066026,36.994543,89.68,0.306,2
-122.065719,36.994543,89.38,0.309,2
-122.065413,36.994543,88.53,0.465,2
-122.065107,36.994543,86.92,0.543,2
-122.0648,36.994543,85.04,0.617,2
-122.064494,36.994543,83.03,0.69,2
-122.064188,36.994543,80.42,0.764,2
-122.063882,36.994543,78.21,0.835,2
-122.063575,36.994543,78.59,0.837,2
-122.063269,36.994543,81.21,0.789,2
-122.062963,36.994543,87.39,0.739,2
-122.062657,36.994543,91.33,0.565,2
-122.06235,36.994543,94.02,0.465,2
-122.062044,36.994543,95.35,0.483,2
-122.061738,36.994543,95.81,0.429,2
-122.061432,36.994543,95.46,0.292,2
-122.061125,36.994543,94.15,0.23,2
-122.060819,36.994543,92.26,0.335,2
-122.060513,36.994543,90.51,0.544,2
-122.060207,36.994543,89.01,0.711,2
-122.0599,36.994543,87.58,0.733,1
-122.059594,36.994543,86.42,0.729,1
-122.059288,36.994543,85.78,0.619,1
-122.058982,36.994543,83.14,0.725,1
-122.058675,36.994543,81.6,0.824,1
-122.058369,36.994543,79.97,0.847,1
-122.058063,36.994543,78.09,0.849,1
-122.057757,36.994543,76.5,0.838,1
-122.05745,36.994543,75.44,0.776,1
-122.057144,36.994543,74.89,0.724,2
-122.056838,36.994543,75.03,0.797,2
-122.056532,36.994543,76.02,0.844,2
-122.056225,36.994543,78.17,0.842,2
-122.055919,36.994543,81.72,0.788,2
-122.055613,36.994543,86.55,0.442,2
-122.055307,36.994543,90.83,0.344,2
-122.055,36.994543,96.16,0.28,2
-122.054694,36.994543,99.89,0.257,2
-122.054388,36.994543,101.41,0.316,2
-122.054082,36.994543,100.18,0.409,2
-122.053775,36.994543,96.8,0.527,2
-122.053469,36.994543,95,0.718,2
-122.053163,36.994543,94.1,0.784,2
-122.052856,36.994543,93.99,0.788,2
-122.05255,36.994543,94.13,0.798,2
-122.052244,36.994543,94.29,0.798,2
-122.051938,36.994543,94.79,0.79,2
-122.051631,36.994543,95.72,0.617,2
-122.051325,36.994543,96.24,0.402,2
-122.051019,36.994543,96.23,0.382,2
-122.050713,36.994543,95.11,0.476,2
-122.050406,36.994543,92.4,0.477,2
-122.0501,36.994543,88.94,0.469,2
-122.049794,36.994543,84.5,0.468,2
-122.049488,36.994543,81.65,0.568,2
-122.049181,36.994543,78.86,0.755,2
-122.048875,36.994543,76.7,0.817,2
-122.048569,36.994543,75.18,0.835,2
-122.048263,36.994543,74.35,0.846,2
-122.047956,36.994543,74.32,0.854,2
-122.04765,36.994543,74.91,0.858,2
-122.047344,36.994543,75.99,0.836,2
-122.047038,36.994543,77.62,0.732,2
-122.046731,36.994543,79.41,0.586,2
-122.046425,36.994543,80.47,0.639,2
-122.046119,36.994543,81.14,0.696,2
-122.045813,36.994543,81.66,0.692,2
-122.045506,36.994543,82.51,0.655,2
-122.0452,36.994543,83.69,0.594,2
-122.044894,36.994543,85.05,0.52,2
-122.044588,36.994543,86.31,0.476,2
-122.044281,36.994543,87.31,0.527,2
-122.043975,36.994543,88.18,0.569,2
-122.043669,36.994543,89.14,0.477,2
-122.043363,36.994543,90.02,0.407,2
-122.043056,36.994543,90.68,0.407,2
-122.04275,36.994543,91.35,0.468,2
-122.042444,36.994543,92.12,0.484,2
-122.042138,36.994543,93,0.457,2
-122.041831,36.994543,93.85,0.444,2
-122.041525,36.994543,94.76,0.417,2
-122.041219,36.994543,95.64,0.378,2
-122.040913,36.994543,97.21,0.346,2
-122.040606,36.994543,98.76,0.328,2
-122.0403,36.994543,98.9,0.316,2
-122.039994,36.994543,98.65,0.307,2
-122.039687,36.994543,97.33,0.301,2
-122.039381,36.994543,97,0.298,2
-122.039075,36.994543,96.55,0.316,2
-122.038769,36.994543,96.81,0.393,2
-122.038462,36.994543,95.85,0.464,2
-122.038156,36.994543,94.19,0.442,2
-122.084095,36.994237,73.6,0.832,3
-122.083788,36.994237,74.81,0.83,3
-122.083482,36.994237,76.52,0.801,3
-122.083176,36.994237,78.22,0.728,3
-122.08287,36.994237,79.77,0.499,3
-122.082563,36.994237,80.46,0.396,3
-122.082257,36.994237,80.39,0.627,3
-122.081951,36.994237,81.04,0.779,3
-122.081645,36.994237,82.16,0.818,3
-122.081338,36.994237,83.65,0.715,3
-122.081032,36.994237,85.6,0.516,3
-122.080726,36.994237,87.31,0.424,3
-122.08042,36.994237,88.21,0.546,3
-122.080113,36.994237,89.75,0.626,3
-122.079807,36.994237,93.66,0.459,3
-122.079501,36.994237,94.02,0.379,3
-122.079195,36.994237,92.79,0.355,3
-122.078888,36.994237,90.19,0.39,3
-122.078582,36.994237,87.38,0.575,3
-122.078276,36.994237,84.18,0.767,3
-122.07797,36.994237,79.24,0.85,3
-122.077663,36.994237,74.97,0.863,3
-122.077357,36.994237,72.95,0.865,3
-122.077051,36.994237,71.69,0.858,3
-122.076744,36.994237,71.12,0.856,3
-122.076438,36.994237,70.86,0.864,3
-122.076132,36.994237,70.83,0.869,3
-122.075826,36.994237,70.66,0.883,3
-122.075519,36.994237,70.65,0.869,3
-122.075213,36.994237,70.71,0.861,3
-122.074907,36.994237,70.87,0.856,3
-122.074601,36.994237,71.03,0.86,3
-122.074294,36.994237,71.03,0.868,3
-122.073988,36.994237,70.97,0.866,3
-122.073682,36.994237,71.02,0.86,3
-122.073376,36.994237,70.98,0.868,3
-122.073069,36.994237,70.73,0.868,2
-122.072763,36.994237,70.78,0.861,2
-122.072457,36.994237,70.85,0.857,2
-122.072151,36.994237,70.96,0.85,2
-122.071844,36.994237,71.1,0.856,2
-122.071538,36.994237,71.26,0.863,2
-122.071232,36.994237,71.51,0.864,2
-122.070926,36.994237,71.87,0.862,2
-122.070619,36.994237,72.31,0.866,2
-122.070313,36.994237,72.94,0.869,2
-122.070007,36.994237,74.01,0.857,2
-122.069701,36.994237,75.56,0.834,2
-122.069394,36.994237,78.02,0.826,2
-122.069088,36.994237,81.82,0.776,2
-122.068782,36.994237,87.09,0.522,2
-122.068476,36.994237,90.95,0.412,2
-122.068169,36.994237,93.39,0.399,2
-122.067863,36.994237,94.99,0.362,2
-122.067557,36.994237,95.45,0.366,2
-122.067251,36.994237,94.69,0.473,2
-122.066944,36.994237,93.73,0.607,2
-122.066638,36.994237,93.06,0.714,2
-122.066332,36.994237,92.5,0.562,2
-122.066026,36.994237,91.96,0.383,2
-122.065719,36.994237,91.55,0.405,2
-122.065413,36.994237,90.62,0.457,2
-122.065107,36.994237,88.97,0.508,2
-122.0648,36.994237,86.94,0.563,2
-122.064494,36.994237,84.66,0.588,2
-122.064188,36.994237,81.89,0.67,2
-122.063882,36.994237,79.84,0.787,2
-122.063575,36.994237,80.46,0.756,2
-122.063269,36.994237,82.96,0.668,2
-122.062963,36.994237,88.45,0.533,2
-122.062657,36.994237,91.81,0.446,2
-122.06235,36.994237,94.23,0.563,2
-122.062044,36.994237,95.71,0.465,2
-122.061738,36.994237,96.57,0.361,2
-122.061432,36.994237,96.75,0.29,2
-122.061125,36.994237,96.03,0.33,2
-122.060819,36.994237,94.76,0.397,2
-122.060513,36.994237,93.52,0.408,2
-122.060207,36.994237,92.44,0.457,2
-122.0599,36.994237,91.63,0.534,2
-122.059594,36.994237,91.06,0.559,2
-122.059288,36.994237,90.18,0.407,2
-122.058982,36.994237,87.03,0.511,2
-122.058675,36.994237,83.92,0.754,2
-122.058369,36.994237,80.92,0.849,2
-122.058063,36.994237,78.37,0.867,2
-122.057757,36.994237,76.47,0.872,2
-122.05745,36.994237,75.29,0.858,2
-122.057144,36.994237,74.75,0.832,2
-122.056838,36.994237,74.87,0.83,2
-122.056532,36.994237,76.02,0.84,2
-122.056225,36.994237,78.4,0.847,2
-122.055919,36.994237,81.73,0.784,2
-122.055613,36.994237,86.32,0.476,2
-122.055307,36.994237,90.72,0.375,2
-122.055,36.994237,96.25,0.312,2
-122.054694,36.994237,99.81,0.342,2
-122.054388,36.994237,100.98,0.476,2
-122.054082,36.994237,99.14,0.638,2
-122.053775,36.994237,95.28,0.741,2
-122.053469,36.994237,93.64,0.75,2
-122.053163,36.994237,92.78,0.74,2
-122.052856,36.994237,92.68,0.77,2
-122.05255,36.994237,92.88,0.797,2
-122.052244,36.994237,93.37,0.819,2
-122.051938,36.994237,94.62,0.831,2
-122.051631,36.994237,96.66,0.659,2
-122.051325,36.994237,98.3,0.413,2
-122.051019,36.994237,99.11,0.312,2
-122.050713,36.994237,98.39,0.321,2
-122.050406,36.994237,95.74,0.32,2
-122.0501,36.994237,92.02,0.376,2
-122.049794,36.994237,87.27,0.389,2
-122.049488,36.994237,84.06,0.394,2
-122.049181,36.994237,80.44,0.675,2
-122.048875,36.994237,77.55,0.805,2
-122.048569,36.994237,75.45,0.851,2
-122.048263,36.994237,74.29,0.862,2
-122.047956,36.994237,74.17,0.859,2
-122.04765,36.994237,74.78,0.859,2
-122.047344,36.994237,75.91,0.853,2
-122.047038,36.994237,77.62,0.781,2
-122.046731,36.994237,79.6,0.638,2
-122.046425,36.994237,80.9,0.609,2
-122.046119,36.994237,81.68,0.571,2
-122.045813,36.994237,81.89,0.508,2
-122.045506,36.994237,82.2,0.553,2
-122.0452,36.994237,82.56,0.612,2
-122.044894,36.994237,83.17,0.6,2
-122.044588,36.994237,83.83,0.594,2
-122.044281,36.994237,84.41,0.674,2
-122.043975,36.994237,85.06,0.716,2
-122.043669,36.994237,85.9,0.608,2
-122.043363,36.994237,86.75,0.508,2
-122.043056,36.994237,87.6,0.425,2
-122.04275,36.994237,88.18,0.582,2
-122.042444,36.994237,89.06,0.671,2
-122.042138,36.994237,90.46,0.553,2
-122.041831,36.994237,91.77,0.469,2
-122.041525,36.994237,93.06,0.432,2
-122.041219,36.994237,94.27,0.407,2
-122.040913,36.994237,96.15,0.378,2
-122.040606,36.994237,97.87,0.339,2
-122.0403,36.994237,98.08,0.303,2
-122.039994,36.994237,97.88,0.306,2
-122.039687,36.994237,96.68,0.324,2
-122.039381,36.994237,96.46,0.344,2
-122.039075,36.994237,96.21,0.366,2
-122.038769,36.994237,96.76,0.392,2
-122.038462,36.994237,96.15,0.457,2
-122.038156,36.994237,94.84,0.492,2
-122.084095,36.993931,73.35,0.828,3
-122.083788,36.993931,74.34,0.83,3
-122.083482,36.993931,75.55,0.816,3
-122.083176,36.993931,76.71,0.769,3
-122.08287,36.993931,77.84,0.575,3
-122.082563,36.993931,78.06,0.651,3
-122.082257,36.993931,78.29,0.759,3
-122.081951,36.993931,78.95,0.8,3
-122.081645,36.993931,80.25,0.806,3
-122.081338,36.993931,81.78,0.744,3
-122.081032,36.993931,83.54,0.587,3
-122.080726,36.993931,85.24,0.488,3
-122.08042,36.993931,86.44,0.596,3
-122.080113,36.993931,87.99,0.714,3
-122.079807,36.993931,91.43,0.511,3
-122.079501,36.993931,92.61,0.385,3
-122.079195,36.993931,92.13,0.363,3
-122.078888,36.993931,91.88,0.374,3
-122.078582,36.993931,89.75,0.442,3
-122.078276,36.993931,86.4,0.65,3
-122.07797,36.993931,80.79,0.81,3
-122.077663,36.993931,75.98,0.858,3
-122.077357,36.993931,73.62,0.863,3
-122.077051,36.993931,71.95,0.86,3
-122.076744,36.993931,71.17,0.857,3
-122.076438,36.993931,70.86,0.861,3
-122.076132,36.993931,70.84,0.871,3
-122.075826,36.993931,70.55,0.879,3
-122.075519,36.993931,70.37,0.869,3
-122.075213,36.993931,70.37,0.869,3
-122.074907,36.993931,70.49,0.862,3
-122.074601,36.993931,70.61,0.858,3
-122.074294,36.993931,70.52,0.863,3
-122.073988,36.993931,70.38,0.864,2
-122.073682,36.993931,70.52,0.859,2
-122.073376,36.993931,70.62,0.866,2
-122.073069,36.993931,70.65,0.86,2
-122.072763,36.993931,70.74,0.853,2
-122.072457,36.993931,70.73,0.856,2
-122.072151,36.993931,70.8,0.85,2
-122.071844,36.993931,70.93,0.853,2
-122.071538,36.993931,71.12,0.854,2
-122.071232,36.993931,71.43,0.856,2
-122.070926,36.993931,71.83,0.86,2
-122.070619,36.993931,72.3,0.865,2
-122.070313,36.993931,73.05,0.86,2
-122.070007,36.993931,74.19,0.827,2
-122.069701,36.993931,75.81,0.806,2
-122.069394,36.993931,78.16,0.774,2
-122.069088,36.993931,81.73,0.612,2
-122.068782,36.993931,87.59,0.581,2
-122.068476,36.993931,91.19,0.588,2
-122.068169,36.993931,93.55,0.552,2
-122.067863,36.993931,94.61,0.457,2
-122.067557,36.993931,94.89,0.412,2
-122.067251,36.993931,95.09,0.467,2
-122.066944,36.993931,95.09,0.53,2
-122.066638,36.993931,95.21,0.56,2
-122.066332,36.993931,95.23,0.565,2
-122.066026,36.993931,94.99,0.545,2
-122.065719,36.993931,94.31,0.551,2
-122.065413,36.993931,93.28,0.523,2
-122.065107,36.993931,91.79,0.495,2
-122.0648,36.993931,90.08,0.492,2
-122.064494,36.993931,87.59,0.549,2
-122.064188,36.993931,83.9,0.64,2
-122.063882,36.993931,81.12,0.694,2
-122.063575,36.993931,81.58,0.703,2
-122.063269,36.993931,83.14,0.737,2
-122.062963,36.993931,86.41,0.579,2
-122.062657,36.993931,89.74,0.339,2
-122.06235,36.993931,91.61,0.422,2
-122.062044,36.993931,93.21,0.401,2
-122.061738,36.993931,94.35,0.418,2
-122.061432,36.993931,95.25,0.374,2
-122.061125,36.993931,96.34,0.306,2
-122.060819,36.993931,96.89,0.232,2
-122.060513,36.993931,96.54,0.169,2
-122.060207,36.993931,96.22,0.217,2
-122.0599,36.993931,96.21,0.365,2
-122.059594,36.993931,95.86,0.416,2
-122.059288,36.993931,94.82,0.362,2
-122.058982,36.993931,92.68,0.45,2
-122.058675,36.993931,89.37,0.688,2
-122.058369,36.993931,85.69,0.814,2
-122.058063,36.993931,83.43,0.856,2
-122.057757,36.993931,81.79,0.867,2
-122.05745,36.993931,80.27,0.864,2
-122.057144,36.993931,79.36,0.852,2
-122.056838,36.993931,79.1,0.841,2
-122.056532,36.993931,79.74,0.838,2
-122.056225,36.993931,81.39,0.849,2
-122.055919,36.993931,80.67,0.83,2
-122.055613,36.993931,84.82,0.552,2
-122.055307,36.993931,89.31,0.527,2
-122.055,36.993931,95.13,0.394,2
-122.054694,36.993931,98.7,0.326,2
-122.054388,36.993931,99.97,0.422,2
-122.054082,36.993931,99.41,0.612,2
-122.053775,36.993931,97.41,0.752,2
-122.053469,36.993931,95.81,0.755,2
-122.053163,36.993931,94.56,0.746,2
-122.052856,36.993931,92.18,0.798,2
-122.05255,36.993931,92.33,0.821,2
-122.052244,36.993931,93.11,0.822,2
-122.051938,36.993931,94.96,0.829,2
-122.051631,36.993931,97.66,0.687,2
-122.051325,36.993931,99.83,0.428,2
-122.051019,36.993931,100.35,0.281,2
-122.050713,36.993931,98.94,0.258,2
-122.050406,36.993931,96.01,0.272,2
-122.0501,36.993931,92.18,0.393,2
-122.049794,36.993931,87.84,0.53,2
-122.049488,36.993931,84.33,0.55,2
-122.049181,36.993931,80.67,0.745,2
-122.048875,36.993931,77.73,0.823,2
-122.048569,36.993931,75.49,0.853,2
-122.048263,36.993931,74.16,0.867,2
-122.047956,36.993931,73.88,0.861,2
-122.04765,36.993931,74.37,0.857,2
-122.047344,36.993931,75.36,0.86,2
-122.047038,36.993931,76.75,0.841,2
-122.046731,36.993931,78.28,0.798,2
-122.046425,36.993931,79.39,0.779,2
-122.046119,36.993931,80.19,0.718,2
-122.045813,36.993931,80.54,0.66,2
-122.045506,36.993931,80.78,0.677,2
-122.0452,36.993931,81.02,0.704,2
-122.044894,36.993931,81.33,0.699,2
-122.044588,36.993931,81.71,0.662,2
-122.044281,36.993931,82.06,0.672,2
-122.043975,36.993931,82.37,0.721,2
-122.043669,36.993931,82.72,0.738,2
-122.043363,36.993931,83.22,0.694,2
-122.043056,36.993931,84.1,0.513,2
-122.04275,36.993931,84.77,0.682,2
-122.042444,36.993931,85.84,0.766,2
-122.042138,36.993931,87.87,0.562,2
-122.041831,36.993931,89.73,0.45,2
-122.041525,36.993931,91.53,0.418,2
-122.041219,36.993931,93.16,0.409,2
-122.040913,36.993931,95.53,0.402,2
-122.040606,36.993931,97.59,0.383,2
-122.0403,36.993931,97.88,0.352,2
-122.039994,36.993931,97.65,0.345,2
-122.039687,36.993931,96.36,0.377,2
-122.039381,36.993931,96.13,0.41,2
-122.039075,36.993931,95.85,0.445,2
-122.038769,36.993931,96.09,0.461,2
-122.038462,36.993931,95.57,0.488,2
-122.038156,36.993931,94.5,0.501,2
-122.084095,36.993624,73.03,0.814,3
-122.083788,36.993624,73.71,0.818,3
-122.083482,36.993624,74.47,0.809,3
-122.083176,36.993624,75.18,0.807,3
-122.08287,36.993624,75.84,0.754,3
-122.082563,36.993624,76.08,0.804,3
-122.082257,36.993624,76.6,0.811,3
-122.081951,36.993624,77.32,0.815,3
-122.081645,36.993624,78.63,0.809,3
-122.081338,36.993624,80.15,0.766,3
-122.081032,36.993624,81.75,0.658,3
-122.080726,36.993624,83.41,0.588,3
-122.08042,36.993624,85,0.655,3
-122.080113,36.993624,86.79,0.709,3
-122.079807,36.993624,89.33,0.51,3
-122.079501,36.993624,90.77,0.387,3
-122.079195,36.993624,90.84,0.371,3
-122.078888,36.993624,92.94,0.371,3
-122.078582,36.993624,91.41,0.377,3
-122.078276,36.993624,88.44,0.495,3
-122.07797,36.993624,82.45,0.709,3
-122.077663,36.993624,77.19,0.844,3
-122.077357,36.993624,74.74,0.865,3
-122.077051,36.993624,72.86,0.868,3
-122.076744,36.993624,71.59,0.859,3
-122.076438,36.993624,70.96,0.861,3
-122.076132,36.993624,70.88,0.871,3
-122.075826,36.993624,70.5,0.877,3
-122.075519,36.993624,70.11,0.874,2
-122.075213,36.993624,70,0.881,2
-122.074907,36.993624,69.98,0.876,2
-122.074601,36.993624,70,0.862,2
-122.074294,36.993624,70.11,0.855,2
-122.073988,36.993624,70.28,0.855,2
-122.073682,36.993624,70.47,0.857,2
-122.073376,36.993624,70.59,0.865,2
-122.073069,36.993624,70.64,0.858,2
-122.072763,36.993624,70.78,0.861,2
-122.072457,36.993624,70.75,0.862,2
-122.072151,36.993624,70.8,0.858,2
-122.071844,36.993624,70.9,0.853,2
-122.071538,36.993624,71.08,0.851,2
-122.071232,36.993624,71.38,0.852,2
-122.070926,36.993624,71.81,0.859,2
-122.070619,36.993624,72.4,0.858,2
-122.070313,36.993624,73.25,0.827,2
-122.070007,36.993624,74.32,0.78,2
-122.069701,36.993624,75.52,0.81,2
-122.069394,36.993624,77.44,0.698,2
-122.069088,36.993624,79.85,0.586,2
-122.068782,36.993624,84.68,0.761,2
-122.068476,36.993624,87.96,0.8,2
-122.068169,36.993624,90.56,0.741,2
-122.067863,36.993624,92.39,0.599,2
-122.067557,36.993624,93.81,0.476,2
-122.067251,36.993624,95.13,0.446,2
-122.066944,36.993624,96.09,0.445,2
-122.066638,36.993624,96.84,0.427,2
-122.066332,36.993624,97.42,0.444,2
-122.066026,36.993624,97.51,0.406,2
-122.065719,36.993624,96.92,0.414,2
-122.065413,36.993624,95.88,0.477,2
-122.065107,36.993624,94.17,0.429,2
-122.0648,36.993624,92.06,0.447,2
-122.064494,36.993624,88.98,0.624,2
-122.064188,36.993624,84.49,0.725,2
-122.063882,36.993624,81.02,0.703,2
-122.063575,36.993624,81.19,0.73,2
-122.063269,36.993624,82.78,0.656,2
-122.062963,36.993624,85.12,0.609,2
-122.062657,36.993624,88.12,0.404,2
-122.06235,36.993624,90.29,0.357,2
-122.062044,36.993624,92.14,0.327,2
-122.061738,36.993624,93.55,0.407,2
-122.061432,36.993624,95.03,0.382,2
-122.061125,36.993624,97.03,0.324,2
-122.060819,36.993624,98.61,0.263,2
-122.060513,36.993624,99.2,0.219,2
-122.060207,36.993624,99.63,0.262,2
-122.0599,36.993624,100.06,0.285,2
-122.059594,36.993624,99.89,0.292,2
-122.059288,36.993624,98.95,0.317,2
-122.058982,36.993624,97.21,0.373,2
-122.058675,36.993624,94.05,0.491,2
-122.058369,36.993624,90.43,0.677,2
-122.058063,36.993624,88.23,0.782,2
-122.057757,36.993624,86.42,0.824,2
-122.05745,36.993624,84.42,0.843,2
-122.057144,36.993624,82.8,0.847,2
-122.056838,36.993624,81.74,0.85,2
-122.056532,36.993624,81.32,0.855,2
-122.056225,36.993624,81.86,0.854,2
-122.055919,36.993624,79.31,0.848,2
-122.055613,36.993624,82.82,0.716,2
-122.055307,36.993624,87.82,0.546,2
-122.055,36.993624,94.24,0.373,2
-122.054694,36.993624,98.35,0.285,2
-122.054388,36.993624,100.14,0.376,2
-122.054082,36.993624,100.58,0.585,2
-122.053775,36.993624,99.87,0.749,2
-122.053469,36.993624,98.56,0.789,2
-122.053163,36.993624,97.16,0.779,2
-122.052856,36.993624,93.57,0.799,2
-122.05255,36.993624,93.4,0.831,2
-122.052244,36.993624,94.2,0.837,2
-122.051938,36.993624,96.36,0.778,2
-122.051631,36.993624,99.27,0.608,2
-122.051325,36.993624,101.17,0.417,2
-122.051019,36.993624,101.01,0.307,2
-122.050713,36.993624,98.94,0.266,2
-122.050406,36.993624,95.52,0.308,2
-122.0501,36.993624,91.22,0.519,2
-122.049794,36.993624,86.87,0.777,2
-122.049488,36.993624,83.21,0.792,2
-122.049181,36.993624,79.82,0.823,2
-122.048875,36.993624,77.16,0.837,2
-122.048569,36.993624,75.18,0.859,2
-122.048263,36.993624,74.02,0.875,2
-122.047956,36.993624,73.72,0.869,2
-122.04765,36.993624,74.05,0.863,2
-122.047344,36.993624,74.77,0.864,2
-122.047038,36.993624,75.74,0.85,2
-122.046731,36.993624,76.82,0.814,2
-122.046425,36.993624,77.7,0.788,2
-122.046119,36.993624,78.2,0.828,2
-122.045813,36.993624,78.63,0.831,2
-122.045506,36.993624,79.02,0.822,2
-122.0452,36.993624,79.43,0.812,2
-122.044894,36.993624,79.8,0.803,2
-122.044588,36.993624,80.15,0.779,2
-122.044281,36.993624,80.45,0.747,2
-122.043975,36.993624,80.62,0.734,2
-122.043669,36.993624,80.64,0.756,2
-122.043363,36.993624,80.72,0.755,2
-122.043056,36.993624,81.2,0.633,2
-122.04275,36.993624,81.97,0.749,2
-122.042444,36.993624,83.13,0.813,2
-122.042138,36.993624,85.23,0.654,2
-122.041831,36.993624,87.65,0.497,2
-122.041525,36.993624,90.05,0.426,2
-122.041219,36.993624,92.1,0.428,2
-122.040913,36.993624,95.09,0.441,2
-122.040606,36.993624,97.72,0.431,2
-122.0403,36.993624,98.21,0.402,2
-122.039994,36.993624,98.04,0.373,2
-122.039687,36.993624,96.63,0.397,2
-122.039381,36.993624,96.43,0.44,2
-122.039075,36.993624,96.14,0.492,2
-122.038769,36.993624,95.59,0.492,2
-122.038462,36.993624,94.9,0.481,2
-122.038156,36.993624,93.91,0.477,2
-122.03785,36.993624,91.69,0.489,2
-122.037544,36.993624,90.26,0.498,2
-122.084095,36.993318,72.62,0.831,3
-122.083788,36.993318,73.07,0.828,3
-122.083482,36.993318,73.52,0.819,3
-122.083176,36.993318,73.99,0.816,3
-122.08287,36.993318,74.46,0.816,3
-122.082563,36.993318,74.89,0.803,3
-122.082257,36.993318,75.38,0.802,3
-122.081951,36.993318,76.18,0.817,3
-122.081645,36.993318,77.38,0.81,3
-122.081338,36.993318,78.83,0.774,3
-122.081032,36.993318,80.52,0.669,3
-122.080726,36.993318,82.46,0.604,3
-122.08042,36.993318,84.4,0.675,3
-122.080113,36.993318,86.24,0.698,3
-122.079807,36.993318,88.55,0.496,3
-122.079501,36.993318,90.11,0.41,3
-122.079195,36.993318,90.76,0.385,3
-122.078888,36.993318,93.32,0.379,3
-122.078582,36.993318,92.05,0.379,3
-122.078276,36.993318,89.6,0.405,3
-122.07797,36.993318,84.06,0.594,3
-122.077663,36.993318,78.85,0.794,3
-122.077357,36.993318,76.02,0.865,3
-122.077051,36.993318,73.78,0.862,3
-122.076744,36.993318,72.01,0.86,3
-122.076438,36.993318,71.05,0.865,3
-122.076132,36.993318,70.78,0.875,3
-122.075826,36.993318,70.5,0.872,3
-122.075519,36.993318,69.96,0.865,2
-122.075213,36.993318,69.8,0.871,2
-122.074907,36.993318,69.75,0.874,2
-122.074601,36.993318,69.8,0.868,2
-122.074294,36.993318,69.95,0.859,2
-122.073988,36.993318,70.19,0.857,2
-122.073682,36.993318,70.43,0.863,2
-122.073376,36.993318,70.59,0.863,2
-122.073069,36.993318,70.66,0.857,2
-122.072763,36.993318,70.77,0.869,2
-122.072457,36.993318,70.72,0.868,2
-122.072151,36.993318,70.75,0.862,2
-122.071844,36.993318,70.85,0.853,2
-122.071538,36.993318,71.03,0.852,2
-122.071232,36.993318,71.35,0.851,2
-122.070926,36.993318,71.79,0.858,2
-122.070619,36.993318,72.38,0.855,2
-122.070313,36.993318,73.2,0.811,2
-122.070007,36.993318,74.14,0.763,2
-122.069701,36.993318,74.93,0.819,2
-122.069394,36.993318,76.04,0.76,2
-122.069088,36.993318,77.56,0.728,2
-122.068782,36.993318,82.01,0.809,2
-122.068476,36.993318,85.04,0.833,2
-122.068169,36.993318,87.84,0.824,2
-122.067863,36.993318,90.37,0.69,2
-122.067557,36.993318,92.8,0.533,2
-122.067251,36.993318,95.15,0.467,2
-122.066944,36.993318,96.98,0.448,2
-122.066638,36.993318,98.38,0.416,2
-122.066332,36.993318,99.41,0.391,2
-122.066026,36.993318,99.77,0.362,2
-122.065719,36.993318,99.23,0.372,2
-122.065413,36.993318,97.94,0.353,2
-122.065107,36.993318,95.75,0.349,2
-122.0648,36.993318,93.32,0.47,2
-122.064494,36.993318,90.04,0.68,2
-122.064188,36.993318,85.75,0.796,2
-122.063882,36.993318,81.92,0.797,2
-122.063575,36.993318,80.5,0.769,2
-122.063269,36.993318,81.55,0.629,2
-122.062963,36.993318,83.81,0.51,2
-122.062657,36.993318,86.29,0.442,2
-122.06235,36.993318,88.49,0.44,2
-122.062044,36.993318,90.65,0.442,2
-122.061738,36.993318,92.67,0.45,2
-122.061432,36.993318,94.79,0.37,2
-122.061125,36.993318,97.36,0.3,2
-122.060819,36.993318,99.53,0.268,2
-122.060513,36.993318,100.84,0.273,2
-122.060207,36.993318,101.95,0.304,2
-122.0599,36.993318,102.82,0.233,2
-122.059594,36.993318,102.74,0.259,2
-122.059288,36.993318,101.98,0.265,2
-122.058982,36.993318,100.67,0.3,2
-122.058675,36.993318,98.01,0.339,2
-122.058369,36.993318,95.04,0.4,2
-122.058063,36.993318,93.37,0.481,2
-122.057757,36.993318,91.73,0.574,2
-122.05745,36.993318,89.59,0.644,2
-122.057144,36.993318,87.35,0.7,2
-122.056838,36.993318,85.17,0.785,2
-122.056532,36.993318,83.5,0.857,2
-122.056225,36.993318,82.76,0.851,2
-122.055919,36.993318,79.4,0.837,2
-122.055613,36.993318,82.17,0.81,2
-122.055307,36.993318,87.02,0.643,2
-122.055,36.993318,94,0.499,2
-122.054694,36.993318,98.83,0.353,2
-122.054388,36.993318,101.22,0.329,2
-122.054082,36.993318,102.32,0.455,2
-122.053775,36.993318,102.51,0.619,2
-122.053469,36.993318,101.99,0.721,2
-122.053163,36.993318,100.86,0.751,2
-122.052856,36.993318,97.29,0.788,2
-122.05255,36.993318,96.84,0.801,2
-122.052244,36.993318,97.56,0.759,2
-122.051938,36.993318,99.68,0.543,2
-122.051631,36.993318,101.95,0.384,2
-122.051325,36.993318,102.83,0.331,2
-122.051019,36.993318,101.84,0.308,2
-122.050713,36.993318,99.27,0.295,2
-122.050406,36.993318,95.48,0.36,2
-122.0501,36.993318,90.92,0.562,2
-122.049794,36.993318,86.29,0.822,2
-122.049488,36.993318,82.4,0.842,2
-122.049181,36.993318,78.98,0.827,2
-122.048875,36.993318,76.48,0.842,2
-122.048569,36.993318,74.81,0.866,2
-122.048263,36.993318,73.89,0.878,2
-122.047956,36.993318,73.67,0.868,2
-122.04765,36.993318,73.94,0.853,2
-122.047344,36.993318,74.46,0.843,2
-122.047038,36.993318,75.14,0.817,2
-122.046731,36.993318,75.94,0.746,2
-122.046425,36.993318,76.64,0.685,2
-122.046119,36.993318,76.88,0.796,2
-122.045813,36.993318,77.19,0.851,2
-122.045506,36.993318,77.62,0.841,2
-122.0452,36.993318,78.23,0.823,2
-122.044894,36.993318,78.95,0.744,2
-122.044588,36.993318,79.45,0.737,2
-122.044281,36.993318,79.67,0.776,2
-122.043975,36.993318,79.71,0.792,2
-122.043669,36.993318,79.61,0.783,2
-122.043363,36.993318,79.49,0.763,2
-122.043056,36.993318,79.59,0.712,2
-122.04275,36.993318,80.16,0.78,2
-122.042444,36.993318,81.17,0.83,2
-122.042138,36.993318,82.89,0.771,2
-122.041831,36.993318,85.43,0.623,2
-122.041525,36.993318,88.32,0.468,2
-122.041219,36.993318,90.76,0.435,2
-122.040913,36.993318,94.05,0.442,2
-122.040606,36.993318,96.91,0.416,2
-122.0403,36.993318,97.64,0.387,2
-122.039994,36.993318,97.61,0.37,2
-122.039687,36.993318,96.33,0.377,2
-122.039381,36.993318,96.23,0.422,2
-122.039075,36.993318,95.95,0.436,2
-122.038769,36.993318,95.3,0.427,2
-122.038462,36.993318,94.47,0.447,2
-122.038156,36.993318,93.38,0.456,2
-122.03785,36.993318,91.14,0.477,2
-122.037544,36.993318,89.76,0.493,2
-122.084095,36.993012,72.14,0.851,3
-122.083788,36.993012,72.46,0.839,3
-122.083482,36.993012,72.76,0.826,3
-122.083176,36.993012,73.15,0.809,3
-122.08287,36.993012,73.83,0.818,3
-122.082563,36.993012,74.39,0.793,3
-122.082257,36.993012,74.98,0.782,3
-122.081951,36.993012,75.79,0.806,3
-122.081645,36.993012,78.81,0.8,3
-122.081338,36.993012,81.07,0.78,3
-122.081032,36.993012,82.64,0.662,3
-122.080726,36.993012,84.42,0.605,3
-122.08042,36.993012,86.2,0.717,3
-122.080113,36.993012,87.49,0.709,3
-122.079807,36.993012,87.54,0.451,3
-122.079501,36.993012,88.94,0.386,3
-122.079195,36.993012,89.72,0.379,3
-122.078888,36.993012,90.48,0.383,3
-122.078582,36.993012,89.4,0.395,3
-122.078276,36.993012,87.52,0.397,3
-122.07797,36.993012,84.67,0.474,3
-122.077663,36.993012,81.09,0.649,3
-122.077357,36.993012,77.76,0.806,3
-122.077051,36.993012,75.09,0.858,3
-122.076744,36.993012,72.86,0.867,3
-122.076438,36.993012,71.57,0.861,3
-122.076132,36.993012,71,0.875,3
-122.075826,36.993012,73.33,0.871,3
-122.075519,36.993012,72.79,0.867,2
-122.075213,36.993012,72.54,0.871,2
-122.074907,36.993012,70.6,0.872,2
-122.074601,36.993012,69.67,0.875,2
-122.074294,36.993012,69.88,0.874,2
-122.073988,36.993012,70.19,0.869,2
-122.073682,36.993012,70.45,0.865,2
-122.073376,36.993012,70.62,0.857,2
-122.073069,36.993012,70.69,0.854,2
-122.072763,36.993012,70.69,0.87,2
-122.072457,36.993012,70.62,0.879,2
-122.072151,36.993012,70.68,0.864,2
-122.071844,36.993012,70.81,0.854,2
-122.071538,36.993012,70.99,0.855,2
-122.071232,36.993012,71.28,0.853,2
-122.070926,36.993012,71.69,0.856,2
-122.070619,36.993012,72.23,0.857,2
-122.070313,36.993012,72.93,0.83,2
-122.070007,36.993012,73.74,0.79,2
-122.069701,36.993012,74.45,0.823,2
-122.069394,36.993012,75.35,0.825,2
-122.069088,36.993012,76.67,0.806,2
-122.068782,36.993012,81.27,0.836,2
-122.068476,36.993012,84.29,0.833,2
-122.068169,36.993012,87.38,0.816,2
-122.067863,36.993012,90.21,0.667,2
-122.067557,36.993012,93,0.531,2
-122.067251,36.993012,95.83,0.507,2
-122.066944,36.993012,98.15,0.492,2
-122.066638,36.993012,100.05,0.431,2
-122.066332,36.993012,101.32,0.37,2
-122.066026,36.993012,101.59,0.317,2
-122.065719,36.993012,100.78,0.285,2
-122.065413,36.993012,99.12,0.265,2
-122.065107,36.993012,96.63,0.285,2
-122.0648,36.993012,93.84,0.357,2
-122.064494,36.993012,90.52,0.511,2
-122.064188,36.993012,87.28,0.684,2
-122.063882,36.993012,83.74,0.795,2
-122.063575,36.993012,80.42,0.812,2
-122.063269,36.993012,80.46,0.752,2
-122.062963,36.993012,81.97,0.699,2
-122.062657,36.993012,84.14,0.689,2
-122.06235,36.993012,86.57,0.639,2
-122.062044,36.993012,89.13,0.566,2
-122.061738,36.993012,91.4,0.594,2
-122.061432,36.993012,93.86,0.514,2
-122.061125,36.993012,97.24,0.335,2
-122.060819,36.993012,100.09,0.215,2
-122.060513,36.993012,101.63,0.244,2
-122.060207,36.993012,102.72,0.325,2
-122.0599,36.993012,103.23,0.31,2
-122.059594,36.993012,103.12,0.292,2
-122.059288,36.993012,102.39,0.279,2
-122.058982,36.993012,101.35,0.319,2
-122.058675,36.993012,99.61,0.323,2
-122.058369,36.993012,97.64,0.329,2
-122.058063,36.993012,96.8,0.355,2
-122.057757,36.993012,95.65,0.386,2
-122.05745,36.993012,93.77,0.394,2
-122.057144,36.993012,91.51,0.402,2
-122.056838,36.993012,88.88,0.511,2
-122.056532,36.993012,86.48,0.752,2
-122.056225,36.993012,84.72,0.854,2
-122.055919,36.993012,80.51,0.845,2
-122.055613,36.993012,82.75,0.842,2
-122.055307,36.993012,87.22,0.733,2
-122.055,36.993012,94.19,0.577,2
-122.054694,36.993012,99.24,0.409,2
-122.054388,36.993012,102.29,0.311,2
-122.054082,36.993012,104.17,0.292,2
-122.053775,36.993012,105.01,0.33,2
-122.053469,36.993012,105.06,0.408,2
-122.053163,36.993012,104.39,0.468,2
-122.052856,36.993012,102.11,0.489,2
-122.05255,36.993012,101.96,0.462,2
-122.052244,36.993012,102.41,0.428,2
-122.051938,36.993012,103.36,0.358,2
-122.051631,36.993012,104.26,0.331,2
-122.051325,36.993012,104.41,0.312,2
-122.051019,36.993012,102.88,0.296,2
-122.050713,36.993012,100.05,0.313,2
-122.050406,36.993012,96.54,0.374,2
-122.0501,36.993012,92.39,0.504,2
-122.049794,36.993012,87.99,0.746,2
-122.049488,36.993012,83.75,0.817,2
-122.049181,36.993012,80.11,0.809,2
-122.048875,36.993012,77.16,0.832,2
-122.048569,36.993012,75.31,0.851,2
-122.048263,36.993012,74.26,0.851,2
-122.047956,36.993012,73.87,0.84,2
-122.04765,36.993012,73.94,0.819,2
-122.047344,36.993012,74.26,0.813,2
-122.047038,36.993012,74.7,0.821,2
-122.046731,36.993012,75.28,0.795,2
-122.046425,36.993012,75.9,0.732,2
-122.046119,36.993012,76.29,0.747,2
-122.045813,36.993012,76.64,0.798,2
-122.045506,36.993012,76.96,0.836,2
-122.0452,36.993012,77.6,0.818,2
-122.044894,36.993012,78.55,0.687,2
-122.044588,36.993012,79.19,0.644,2
-122.044281,36.993012,79.47,0.657,2
-122.043975,36.993012,79.37,0.703,2
-122.043669,36.993012,79.02,0.775,2
-122.043363,36.993012,78.8,0.778,2
-122.043056,36.993012,78.73,0.755,2
-122.04275,36.993012,78.93,0.764,2
-122.042444,36.993012,79.55,0.818,2
-122.042138,36.993012,80.83,0.822,2
-122.041831,36.993012,83.22,0.657,2
-122.041525,36.993012,86.18,0.444,2
-122.041219,36.993012,88.77,0.404,2
-122.040913,36.993012,91.34,0.459,2
-122.040606,36.993012,93.47,0.463,2
-122.0403,36.993012,94.56,0.414,2
-122.039994,36.993012,95.04,0.384,2
-122.039687,36.993012,94.69,0.382,2
-122.039381,36.993012,94.73,0.411,2
-122.039075,36.993012,94.47,0.424,2
-122.038769,36.993012,94.1,0.419,2
-122.038462,36.993012,93.12,0.435,2
-122.038156,36.993012,91.77,0.455,2
-122.03785,36.993012,89.67,0.502,2
-122.037544,36.993012,88.51,0.531,2
-122.084401,36.992706,71.53,0.868,3
-122.084095,36.992706,71.7,0.862,3
-122.083788,36.992706,72,0.854,3
-122.083482,36.992706,72.2,0.851,3
-122.083176,36.992706,72.92,0.843,3
-122.08287,36.992706,76.05,0.854,3
-122.082563,36.992706,76.77,0.83,3
-122.082257,36.992706,78.09,0.804,3
-122.081951,36.992706,79.45,0.801,3
-122.081645,36.992706,80.84,0.779,3
-122.081338,36.992706,82.19,0.772,3
-122.081032,36.992706,83.53,0.646,3
-122.080726,36.992706,84.96,0.568,3
-122.08042,36.992706,86.47,0.69,3
-122.080113,36.992706,87.38,0.727,3
-122.079807,36.992706,86.7,0.487,3
-122.079501,36.992706,87.96,0.367,3
-122.079195,36.992706,88.7,0.384,3
-122.078888,36.992706,89.32,0.405,3
-122.078582,36.992706,88.93,0.398,3
-122.078276,36.992706,87.66,0.409,3
-122.07797,36.992706,86.07,0.426,3
-122.077663,36.992706,83.61,0.484,3
-122.077357,36.992706,80.32,0.636,3
-122.077051,36.992706,77.1,0.806,3
-122.076744,36.992706,74.49,0.855,3
-122.076438,36.992706,72.5,0.861,3
-122.076132,36.992706,71.53,0.867,3
-122.075826,36.992706,74.7,0.869,3
-122.075519,36.992706,74.12,0.868,2
-122.075213,36.992706,73.76,0.865,2
-122.074907,36.992706,70.96,0.869,2
-122.074601,36.992706,69.66,0.875,2
-122.074294,36.992706,69.84,0.876,2
-122.073988,36.992706,70.1,0.872,2
-122.073682,36.992706,70.36,0.868,2
-122.073376,36.992706,70.56,0.865,2
-122.073069,36.992706,70.65,0.854,2
-122.072763,36.992706,70.63,0.869,2
-122.072457,36.992706,70.58,0.88,2
-122.072151,36.992706,70.61,0.865,2
-122.071844,36.992706,70.72,0.855,2
-122.071538,36.992706,70.89,0.862,2
-122.071232,36.992706,71.13,0.863,2
-122.070926,36.992706,71.52,0.86,2
-122.070619,36.992706,72.01,0.86,2
-122.070313,36.992706,72.61,0.845,2
-122.070007,36.992706,73.33,0.806,2
-122.069701,36.992706,74.12,0.82,2
-122.069394,36.992706,75.23,0.847,2
-122.069088,36.992706,76.97,0.824,2
-122.068782,36.992706,82.29,0.835,2
-122.068476,36.992706,85.88,0.814,2
-122.068169,36.992706,89.48,0.732,2
-122.067863,36.992706,92.34,0.563,2
-122.067557,36.992706,94.94,0.449,2
-122.067251,36.992706,97.57,0.444,2
-122.066944,36.992706,99.71,0.435,2
-122.066638,36.992706,101.42,0.359,2
-122.066332,36.992706,102.4,0.302,2
-122.066026,36.992706,102.31,0.3,2
-122.065719,36.992706,101.24,0.35,2
-122.065413,36.992706,99.45,0.365,2
-122.065107,36.992706,97.12,0.414,2
-122.0648,36.992706,94.29,0.425,2
-122.064494,36.992706,91.2,0.443,2
-122.064188,36.992706,88.14,0.558,2
-122.063882,36.992706,84.6,0.725,2
-122.063575,36.992706,81.13,0.821,2
-122.063269,36.992706,80.05,0.843,2
-122.062963,36.992706,80.65,0.861,2
-122.062657,36.992706,82.69,0.814,2
-122.06235,36.992706,85.6,0.648,2
-122.062044,36.992706,88.56,0.491,2
-122.061738,36.992706,90.97,0.548,2
-122.061432,36.992706,93.4,0.581,2
-122.061125,36.992706,97.48,0.466,2
-122.060819,36.992706,100.85,0.337,2
-122.060513,36.992706,102.17,0.321,2
-122.060207,36.992706,102.62,0.372,2
-122.0599,36.992706,102.14,0.39,2
-122.059594,36.992706,101.83,0.376,2
-122.059288,36.992706,101.1,0.35,2
-122.058982,36.992706,100.2,0.344,2
-122.058675,36.992706,99.08,0.339,2
-122.058369,36.992706,97.94,0.332,2
-122.058063,36.992706,97.85,0.331,2
-122.057757,36.992706,97.28,0.341,2
-122.05745,36.992706,95.87,0.351,2
-122.057144,36.992706,93.84,0.349,2
-122.056838,36.992706,91.02,0.413,2
-122.056532,36.992706,88.11,0.651,2
-122.056225,36.992706,85.84,0.85,2
-122.055919,36.992706,81.58,0.847,2
-122.055613,36.992706,83.37,0.859,2
-122.055307,36.992706,87.94,0.696,2
-122.055,36.992706,94.7,0.505,2
-122.054694,36.992706,99.58,0.357,2
-122.054388,36.992706,102.81,0.292,2
-122.054082,36.992706,105.01,0.273,2
-122.053775,36.992706,106.15,0.266,2
-122.053469,36.992706,106.39,0.273,2
-122.053163,36.992706,106.04,0.271,2
-122.052856,36.992706,106.03,0.289,2
-122.05255,36.992706,105.85,0.31,2
-122.052244,36.992706,105.96,0.287,2
-122.051938,36.992706,106.19,0.308,2
-122.051631,36.992706,106.27,0.309,2
-122.051325,36.992706,106.02,0.296,2
-122.051019,36.992706,104.37,0.29,2
-122.050713,36.992706,101.87,0.283,2
-122.050406,36.992706,99.13,0.264,2
-122.0501,36.992706,96.07,0.293,2
-122.049794,36.992706,93.32,0.471,2
-122.049488,36.992706,89.37,0.657,2
-122.049181,36.992706,85.61,0.8,2
-122.048875,36.992706,80.06,0.829,2
-122.048569,36.992706,77.16,0.85,2
-122.048263,36.992706,75.52,0.851,2
-122.047956,36.992706,74.61,0.843,2
-122.04765,36.992706,74.29,0.823,2
-122.047344,36.992706,74.33,0.81,2
-122.047038,36.992706,74.54,0.824,2
-122.046731,36.992706,74.95,0.843,2
-122.046425,36.992706,75.51,0.819,2
-122.046119,36.992706,76.14,0.754,2
-122.045813,36.992706,76.85,0.671,2
-122.045506,36.992706,76.95,0.789,2
-122.0452,36.992706,77.24,0.827,2
-122.044894,36.992706,77.72,0.826,2
-122.044588,36.992706,78.2,0.789,2
-122.044281,36.992706,78.69,0.662,2
-122.043975,36.992706,78.67,0.643,2
-122.043669,36.992706,78.19,0.754,2
-122.043363,36.992706,78.05,0.719,2
-122.043056,36.992706,78.03,0.633,2
-122.04275,36.992706,77.93,0.706,2
-122.042444,36.992706,78.15,0.826,2
-122.042138,36.992706,79.11,0.832,2
-122.041831,36.992706,81.13,0.716,2
-122.041525,36.992706,83.95,0.549,2
-122.041219,36.992706,86.63,0.475,2
-122.040913,36.992706,88.98,0.532,2
-122.040606,36.992706,90.84,0.572,2
-122.0403,36.992706,92.17,0.509,2
-122.039994,36.992706,93.05,0.455,2
-122.039687,36.992706,93.18,0.479,2
-122.039381,36.992706,93.4,0.472,2
-122.039075,36.992706,93.27,0.46,2
-122.038769,36.992706,93.05,0.445,2
-122.038462,36.992706,91.93,0.464,2
-122.038156,36.992706,90.32,0.511,2
-122.03785,36.992706,88.22,0.588,2
-122.037544,36.992706,87.17,0.627,2
-122.084401,36.992399,71.27,0.862,3
-122.084095,36.992399,71.42,0.853,3
-122.083788,36.992399,71.61,0.848,3
-122.083482,36.992399,71.78,0.854,3
-122.083176,36.992399,72.54,0.859,3
-122.08287,36.992399,75.77,0.858,3
-122.082563,36.992399,76.56,0.837,3
-122.082257,36.992399,78.19,0.81,3
-122.081951,36.992399,80.35,0.798,3
-122.081645,36.992399,82.24,0.762,3
-122.081338,36.992399,83.93,0.731,3
-122.081032,36.992399,85.14,0.585,3
-122.080726,36.992399,86.05,0.494,3
-122.08042,36.992399,87.04,0.633,3
-122.080113,36.992399,87.32,0.769,3
-122.079807,36.992399,85.83,0.613,3
-122.079501,36.992399,86.78,0.387,3
-122.079195,36.992399,87.39,0.412,3
-122.078888,36.992399,88.25,0.451,3
-122.078582,36.992399,88.54,0.425,3
-122.078276,36.992399,88.11,0.408,3
-122.07797,36.992399,87.15,0.455,3
-122.077663,36.992399,85.43,0.469,3
-122.077357,36.992399,82.87,0.495,3
-122.077051,36.992399,79.74,0.647,2
-122.076744,36.992399,76.67,0.834,2
-122.076438,36.992399,74.38,0.86,2
-122.076132,36.992399,72.87,0.86,2
-122.075826,36.992399,75.21,0.869,2
-122.075519,36.992399,74.7,0.87,2
-122.075213,36.992399,74.24,0.867,2
-122.074907,36.992399,71.3,0.865,2
-122.074601,36.992399,69.94,0.87,2
-122.074294,36.992399,70.01,0.873,2
-122.073988,36.992399,70.17,0.872,2
-122.073682,36.992399,70.37,0.869,2
-122.073376,36.992399,70.54,0.862,2
-122.073069,36.992399,70.62,0.855,2
-122.072763,36.992399,70.61,0.866,2
-122.072457,36.992399,70.51,0.875,2
-122.072151,36.992399,70.46,0.865,2
-122.071844,36.992399,70.54,0.855,2
-122.071538,36.992399,70.68,0.859,2
-122.071232,36.992399,70.91,0.86,2
-122.070926,36.992399,71.25,0.859,2
-122.070619,36.992399,71.69,0.865,2
-122.070313,36.992399,72.26,0.849,2
-122.070007,36.992399,73.02,0.793,2
-122.069701,36.992399,73.97,0.788,2
-122.069394,36.992399,75.48,0.839,2
-122.069088,36.992399,77.73,0.843,2
-122.068782,36.992399,84.04,0.753,2
-122.068476,36.992399,88.47,0.553,2
-122.068169,36.992399,92.58,0.434,2
-122.067863,36.992399,95.38,0.449,2
-122.067557,36.992399,97.63,0.441,2
-122.067251,36.992399,99.76,0.394,2
-122.066944,36.992399,101.21,0.361,2
-122.066638,36.992399,102.06,0.301,2
-122.066332,36.992399,102.28,0.34,2
-122.066026,36.992399,101.83,0.458,2
-122.065719,36.992399,100.81,0.529,2
-122.065413,36.992399,99.35,0.477,2
-122.065107,36.992399,97.45,0.503,2
-122.0648,36.992399,95.1,0.483,2
-122.064494,36.992399,92.49,0.479,2
-122.064188,36.992399,89.99,0.512,2
-122.063882,36.992399,86.55,0.589,1
-122.063575,36.992399,82.28,0.72,2
-122.063269,36.992399,79.99,0.846,2
-122.062963,36.992399,79.79,0.857,2
-122.062657,36.992399,81.66,0.837,2
-122.06235,36.992399,84.84,0.681,2
-122.062044,36.992399,88.28,0.464,2
-122.061738,36.992399,91.17,0.464,2
-122.061432,36.992399,93.86,0.52,2
-122.061125,36.992399,98.01,0.476,2
-122.060819,36.992399,101.16,0.399,2
-122.060513,36.992399,102.05,0.353,2
-122.060207,36.992399,101.94,0.337,2
-122.0599,36.992399,101.08,0.374,2
-122.059594,36.992399,100.59,0.408,2
-122.059288,36.992399,99.85,0.376,2
-122.058982,36.992399,99.08,0.372,2
-122.058675,36.992399,98.31,0.37,2
-122.058369,36.992399,97.69,0.356,2
-122.058063,36.992399,98.19,0.336,2
-122.057757,36.992399,98.13,0.332,2
-122.05745,36.992399,97.1,0.327,2
-122.057144,36.992399,95.3,0.315,2
-122.056838,36.992399,92.52,0.359,2
-122.056532,36.992399,89.35,0.541,2
-122.056225,36.992399,86.8,0.823,2
-122.055919,36.992399,82.44,0.842,2
-122.055613,36.992399,84.49,0.848,2
-122.055307,36.992399,88.88,0.622,2
-122.055,36.992399,95.26,0.386,2
-122.054694,36.992399,100.13,0.3,2
-122.054388,36.992399,103.73,0.298,2
-122.054082,36.992399,106.16,0.291,2
-122.053775,36.992399,107.31,0.276,2
-122.053469,36.992399,107.55,0.269,2
-122.053163,36.992399,107.05,0.252,2
-122.052856,36.992399,106.6,0.264,2
-122.05255,36.992399,105.92,0.297,2
-122.052244,36.992399,105.44,0.274,2
-122.051938,36.992399,105.13,0.302,2
-122.051631,36.992399,104.91,0.32,2
-122.051325,36.992399,104.58,0.318,2
-122.051019,36.992399,103.1,0.323,2
-122.050713,36.992399,101.31,0.33,2
-122.050406,36.992399,99.75,0.313,2
-122.0501,36.992399,97.89,0.282,2
-122.049794,36.992399,95.99,0.327,2
-122.049488,36.992399,92.74,0.561,2
-122.049181,36.992399,89.22,0.778,2
-122.048875,36.992399,83.4,0.779,2
-122.048569,36.992399,79.76,0.815,2
-122.048263,36.992399,77.25,0.837,2
-122.047956,36.992399,75.64,0.839,2
-122.04765,36.992399,74.84,0.834,2
-122.047344,36.992399,74.59,0.831,2
-122.047038,36.992399,74.67,0.841,2
-122.046731,36.992399,75.03,0.856,2
-122.046425,36.992399,75.63,0.841,2
-122.046119,36.992399,76.23,0.826,2
-122.045813,36.992399,76.76,0.806,2
-122.045506,36.992399,76.99,0.832,2
-122.0452,36.992399,77.19,0.84,2
-122.044894,36.992399,77.35,0.834,2
-122.044588,36.992399,77.47,0.822,2
-122.044281,36.992399,77.57,0.783,2
-122.043975,36.992399,77.43,0.771,2
-122.043669,36.992399,77.18,0.756,2
-122.043363,36.992399,77.17,0.656,2
-122.043056,36.992399,77.13,0.61,2
-122.04275,36.992399,76.9,0.707,2
-122.042444,36.992399,76.94,0.821,2
-122.042138,36.992399,77.87,0.835,2
-122.041831,36.992399,79.42,0.825,2
-122.041525,36.992399,81.92,0.676,2
-122.041219,36.992399,84.56,0.527,2
-122.040913,36.992399,87.05,0.502,2
-122.040606,36.992399,89.04,0.539,2
-122.0403,36.992399,90.57,0.505,2
-122.039994,36.992399,91.79,0.42,2
-122.039687,36.992399,92.16,0.443,2
-122.039381,36.992399,92.41,0.493,2
-122.039075,36.992399,92.45,0.481,2
-122.038769,36.992399,92.43,0.479,2
-122.038462,36.992399,91.54,0.478,2
-122.038156,36.992399,90.14,0.493,2
-122.03785,36.992399,88.23,0.491,2
-122.083788,36.992093,71.27,0.837,3
-122.083482,36.992093,71.48,0.848,3
-122.083176,36.992093,72.36,0.856,3
-122.08287,36.992093,75.62,0.852,3
-122.082563,36.992093,76.55,0.852,3
-122.082257,36.992093,78.88,0.809,3
-122.081951,36.992093,81.59,0.797,3
-122.081645,36.992093,83.78,0.738,3
-122.081338,36.992093,85.91,0.629,3
-122.081032,36.992093,87.22,0.477,3
-122.080726,36.992093,87.85,0.423,3
-122.08042,36.992093,88.18,0.559,3
-122.080113,36.992093,87.15,0.735,3
-122.079807,36.992093,84.33,0.729,3
-122.079501,36.992093,84.3,0.604,3
-122.079195,36.992093,84.79,0.52,3
-122.078888,36.992093,86.04,0.497,3
-122.078582,36.992093,86.57,0.484,3
-122.078276,36.992093,86.73,0.431,3
-122.07797,36.992093,86.47,0.475,3
-122.077663,36.992093,85.24,0.528,2
-122.077357,36.992093,83.48,0.492,2
-122.077051,36.992093,81.37,0.519,2
-122.076744,36.992093,78.54,0.731,2
-122.076438,36.992093,76.12,0.843,2
-122.076132,36.992093,74.45,0.861,2
-122.075826,36.992093,76.48,0.866,2
-122.075519,36.992093,75.69,0.862,2
-122.075213,36.992093,75.06,0.86,2
-122.074907,36.992093,71.95,0.854,2
-122.074601,36.992093,70.49,0.858,2
-122.074294,36.992093,70.4,0.865,2
-122.073988,36.992093,70.43,0.866,2
-122.073682,36.992093,70.52,0.863,2
-122.073376,36.992093,70.6,0.858,2
-122.073069,36.992093,70.63,0.855,2
-122.072763,36.992093,70.6,0.858,2
-122.072457,36.992093,70.45,0.864,2
-122.072151,36.992093,70.3,0.871,2
-122.071844,36.992093,70.31,0.864,2
-122.071538,36.992093,70.43,0.859,2
-122.071232,36.992093,70.62,0.862,2
-122.070926,36.992093,70.92,0.864,2
-122.070619,36.992093,71.34,0.866,2
-122.070313,36.992093,71.91,0.856,2
-122.070007,36.992093,72.73,0.822,2
-122.069701,36.992093,73.93,0.815,2
-122.069394,36.992093,75.88,0.837,2
-122.069088,36.992093,78.62,0.83,2
-122.068782,36.992093,85.71,0.608,2
-122.068476,36.992093,90.82,0.358,2
-122.068169,36.992093,95.22,0.313,2
-122.067863,36.992093,97.9,0.356,2
-122.067557,36.992093,99.75,0.345,2
-122.067251,36.992093,101.26,0.302,2
-122.066944,36.992093,101.91,0.3,2
-122.066638,36.992093,101.79,0.345,2
-122.066332,36.992093,101.33,0.44,2
-122.066026,36.992093,100.66,0.46,2
-122.065719,36.992093,99.78,0.458,2
-122.065413,36.992093,98.73,0.328,2
-122.065107,36.992093,97.38,0.306,2
-122.0648,36.992093,95.58,0.363,2
-122.064494,36.992093,93.45,0.479,2
-122.064188,36.992093,90.99,0.554,2
-122.063882,36.992093,87.41,0.566,2
-122.063575,36.992093,83.06,0.647,2
-122.063269,36.992093,80.17,0.832,2
-122.062963,36.992093,79.48,0.838,2
-122.062657,36.992093,80.9,0.849,2
-122.06235,36.992093,84.22,0.669,2
-122.062044,36.992093,87.83,0.515,2
-122.061738,36.992093,91.36,0.435,2
-122.061432,36.992093,94.63,0.393,2
-122.061125,36.992093,98.65,0.356,2
-122.060819,36.992093,101.36,0.346,2
-122.060513,36.992093,102,0.35,2
-122.060207,36.992093,101.71,0.358,2
-122.0599,36.992093,100.75,0.388,2
-122.059594,36.992093,100.21,0.373,2
-122.059288,36.992093,99.5,0.347,2
-122.058982,36.992093,98.8,0.398,2
-122.058675,36.992093,98.16,0.43,2
-122.058369,36.992093,97.79,0.375,2
-122.058063,36.992093,98.59,0.339,2
-122.057757,36.992093,98.72,0.328,2
-122.05745,36.992093,97.86,0.314,2
-122.057144,36.992093,96.2,0.299,2
-122.056838,36.992093,93.52,0.328,2
-122.056532,36.992093,90.34,0.472,2
-122.056225,36.992093,87.72,0.759,2
-122.055919,36.992093,83.6,0.85,2
-122.055613,36.992093,85.54,0.833,2
-122.055307,36.992093,89.2,0.602,2
-122.055,36.992093,94.98,0.401,2
-122.054694,36.992093,99.71,0.361,2
-122.054388,36.992093,103.42,0.355,2
-122.054082,36.992093,105.9,0.322,2
-122.053775,36.992093,107.04,0.273,2
-122.053469,36.992093,107.25,0.221,2
-122.053163,36.992093,106.71,0.202,2
-122.052856,36.992093,106.02,0.261,2
-122.05255,36.992093,104.82,0.343,2
-122.052244,36.992093,103.66,0.307,2
-122.051938,36.992093,102.62,0.455,2
-122.051631,36.992093,101.97,0.547,2
-122.051325,36.992093,101.48,0.559,2
-122.051019,36.992093,100.2,0.562,2
-122.050713,36.992093,99.07,0.58,2
-122.050406,36.992093,98.55,0.567,2
-122.0501,36.992093,98.05,0.454,2
-122.049794,36.992093,97.43,0.302,2
-122.049488,36.992093,95.3,0.423,2
-122.049181,36.992093,92.31,0.602,2
-122.048875,36.992093,86.77,0.624,2
-122.048569,36.992093,82.71,0.709,2
-122.048263,36.992093,79.37,0.801,2
-122.047956,36.992093,76.9,0.838,2
-122.04765,36.992093,75.53,0.853,2
-122.047344,36.992093,75.03,0.865,2
-122.047038,36.992093,75.07,0.866,2
-122.046731,36.992093,75.52,0.848,2
-122.046425,36.992093,76.2,0.824,2
-122.046119,36.992093,76.8,0.836,2
-122.045813,36.992093,77.24,0.837,2
-122.045506,36.992093,77.38,0.82,2
-122.0452,36.992093,77.36,0.818,2
-122.044894,36.992093,77.29,0.797,2
-122.044588,36.992093,77.05,0.809,2
-122.044281,36.992093,76.72,0.823,2
-122.043975,36.992093,76.4,0.827,2
-122.043669,36.992093,76.17,0.819,2
-122.043363,36.992093,76.15,0.778,2
-122.043056,36.992093,76.21,0.714,2
-122.04275,36.992093,76.23,0.705,2
-122.042444,36.992093,76.21,0.8,2
-122.042138,36.992093,76.71,0.818,2
-122.041831,36.992093,77.93,0.832,2
-122.041525,36.992093,79.97,0.76,2
-122.041219,36.992093,82.28,0.647,2
-122.040913,36.992093,84.75,0.536,2
-122.040606,36.992093,86.98,0.475,2
-122.0403,36.992093,88.61,0.471,2
-122.039994,36.992093,89.77,0.476,2
-122.039687,36.992093,90.52,0.45,2
-122.039381,36.992093,90.95,0.477,2
-122.039075,36.992093,91.31,0.473,2
-122.038769,36.992093,91.83,0.443,2
-122.038462,36.992093,91.39,0.427,2
-122.038156,36.992093,90.4,0.447,2
-122.03785,36.992093,88.82,0.448,2
-122.083788,36.991787,70.99,0.834,3
-122.083482,36.991787,71.26,0.845,3
-122.083176,36.991787,72.32,0.843,3
-122.08287,36.991787,75.65,0.838,3
-122.082563,36.991787,76.97,0.85,3
-122.082257,36.991787,80.13,0.832,3
-122.081951,36.991787,83.08,0.813,3
-122.081645,36.991787,85.36,0.658,3
-122.081338,36.991787,87.84,0.491,3
-122.081032,36.991787,89.22,0.406,3
-122.080726,36.991787,89.51,0.417,3
-122.08042,36.991787,88.93,0.513,3
-122.080113,36.991787,86.58,0.671,3
-122.079807,36.991787,82.82,0.807,3
-122.079501,36.991787,81.31,0.803,3
-122.079195,36.991787,81.35,0.736,3
-122.078888,36.991787,82.35,0.678,3
-122.078582,36.991787,83.03,0.631,3
-122.078276,36.991787,83.71,0.5,2
-122.07797,36.991787,84.41,0.416,2
-122.077663,36.991787,83.96,0.477,2
-122.077357,36.991787,82.75,0.541,2
-122.077051,36.991787,81.59,0.522,2
-122.076744,36.991787,80.13,0.568,2
-122.076438,36.991787,78.15,0.745,2
-122.076132,36.991787,76.75,0.812,2
-122.075826,36.991787,78.86,0.857,2
-122.075519,36.991787,77.6,0.869,2
-122.075213,36.991787,76.54,0.856,2
-122.074907,36.991787,72.95,0.838,2
-122.074601,36.991787,71.24,0.838,2
-122.074294,36.991787,70.91,0.855,2
-122.073988,36.991787,70.71,0.867,2
-122.073682,36.991787,70.66,0.867,2
-122.073376,36.991787,70.69,0.861,2
-122.073069,36.991787,70.71,0.844,2
-122.072763,36.991787,70.71,0.831,2
-122.072457,36.991787,70.56,0.835,2
-122.072151,36.991787,70.3,0.86,2
-122.071844,36.991787,70.24,0.855,2
-122.071538,36.991787,70.33,0.846,2
-122.071232,36.991787,70.44,0.855,2
-122.070926,36.991787,70.67,0.866,2
-122.070619,36.991787,71.05,0.866,2
-122.070313,36.991787,71.65,0.864,2
-122.070007,36.991787,72.59,0.861,2
-122.069701,36.991787,74.11,0.841,2
-122.069394,36.991787,76.5,0.824,2
-122.069088,36.991787,79.66,0.824,2
-122.068782,36.991787,87.33,0.566,2
-122.068476,36.991787,92.78,0.389,2
-122.068169,36.991787,97.04,0.441,2
-122.067863,36.991787,99.31,0.436,2
-122.067557,36.991787,100.65,0.372,2
-122.067251,36.991787,101.54,0.312,2
-122.066944,36.991787,101.62,0.27,2
-122.066638,36.991787,101.07,0.307,2
-122.066332,36.991787,100.26,0.45,2
-122.066026,36.991787,99.43,0.397,2
-122.065719,36.991787,98.61,0.357,2
-122.065413,36.991787,97.85,0.296,2
-122.065107,36.991787,96.96,0.262,2
-122.0648,36.991787,95.77,0.338,2
-122.064494,36.991787,94.18,0.366,2
-122.064188,36.991787,91.98,0.372,2
-122.063882,36.991787,88.34,0.483,2
-122.063575,36.991787,83.83,0.694,2
-122.063269,36.991787,80.73,0.843,2
-122.062963,36.991787,79.59,0.832,2
-122.062657,36.991787,80.36,0.845,2
-122.06235,36.991787,82.94,0.778,2
-122.062044,36.991787,86.74,0.632,2
-122.061738,36.991787,90.93,0.458,2
-122.061432,36.991787,94.53,0.38,2
-122.061125,36.991787,98.6,0.352,2
-122.060819,36.991787,101.24,0.356,2
-122.060513,36.991787,101.94,0.377,2
-122.060207,36.991787,101.75,0.404,2
-122.0599,36.991787,100.88,0.44,2
-122.059594,36.991787,100.42,0.435,2
-122.059288,36.991787,99.83,0.352,2
-122.058982,36.991787,99.29,0.359,2
-122.058675,36.991787,98.77,0.388,2
-122.058369,36.991787,98.52,0.356,2
-122.058063,36.991787,99.38,0.34,2
-122.057757,36.991787,99.44,0.347,2
-122.05745,36.991787,98.48,0.343,2
-122.057144,36.991787,96.83,0.336,2
-122.056838,36.991787,94.32,0.35,2
-122.056532,36.991787,91.39,0.436,2
-122.056225,36.991787,88.85,0.7,2
-122.055919,36.991787,84.59,0.85,2
-122.055613,36.991787,85.87,0.834,2
-122.055307,36.991787,88.69,0.6,2
-122.055,36.991787,93.83,0.49,2
-122.054694,36.991787,98.21,0.455,2
-122.054388,36.991787,101.68,0.468,2
-122.054082,36.991787,103.97,0.465,2
-122.053775,36.991787,105.18,0.392,2
-122.053469,36.991787,105.69,0.279,2
-122.053163,36.991787,105.4,0.203,2
-122.052856,36.991787,104.81,0.164,2
-122.05255,36.991787,103.49,0.202,2
-122.052244,36.991787,101.96,0.274,2
-122.051938,36.991787,100.45,0.634,2
-122.051631,36.991787,99.3,0.804,2
-122.051325,36.991787,98.56,0.829,2
-122.051019,36.991787,97.29,0.82,2
-122.050713,36.991787,96.48,0.822,2
-122.050406,36.991787,96.73,0.792,2
-122.0501,36.991787,97.51,0.615,2
-122.049794,36.991787,98.28,0.315,2
-122.049488,36.991787,97.05,0.332,2
-122.049181,36.991787,94.7,0.461,2
-122.048875,36.991787,89.78,0.524,2
-122.048569,36.991787,85.43,0.665,2
-122.048263,36.991787,81.61,0.799,2
-122.047956,36.991787,78.62,0.849,2
-122.04765,36.991787,76.69,0.86,2
-122.047344,36.991787,75.77,0.862,2
-122.047038,36.991787,75.69,0.844,2
-122.046731,36.991787,76.2,0.795,2
-122.046425,36.991787,76.98,0.743,2
-122.046119,36.991787,77.64,0.765,2
-122.045813,36.991787,78.27,0.701,2
-122.045506,36.991787,78.37,0.652,2
-122.0452,36.991787,78.06,0.697,2
-122.044894,36.991787,77.58,0.736,2
-122.044588,36.991787,76.97,0.771,2
-122.044281,36.991787,76.42,0.756,2
-122.043975,36.991787,75.87,0.767,2
-122.043669,36.991787,75.45,0.822,2
-122.043363,36.991787,75.35,0.827,2
-122.043056,36.991787,75.43,0.766,2
-122.04275,36.991787,75.49,0.739,2
-122.042444,36.991787,75.48,0.807,2
-122.042138,36.991787,75.78,0.823,2
-122.041831,36.991787,76.64,0.831,2
-122.041525,36.991787,78.02,0.822,2
-122.041219,36.991787,79.85,0.768,2
-122.040913,36.991787,82.15,0.646,2
-122.040606,36.991787,84.45,0.516,2
-122.0403,36.991787,86.05,0.492,2
-122.039994,36.991787,86.86,0.585,2
-122.039687,36.991787,87.59,0.65,2
-122.039381,36.991787,88.4,0.612,2
-122.039075,36.991787,89.36,0.478,2
-122.038769,36.991787,90.41,0.427,2
-122.038462,36.991787,90.53,0.439,2
-122.038156,36.991787,90.18,0.449,2
-122.03785,36.991787,89.1,0.455,2
-122.083788,36.991481,70.78,0.845,3
-122.083482,36.991481,71.21,0.847,3
-122.083176,36.991481,72.44,0.847,3
-122.08287,36.991481,75.98,0.841,3
-122.082563,36.991481,77.94,0.828,3
-122.082257,36.991481,81.65,0.83,3
-122.081951,36.991481,84.78,0.8,3
-122.081645,36.991481,87.27,0.56,3
-122.081338,36.991481,89.67,0.405,3
-122.081032,36.991481,90.78,0.392,3
-122.080726,36.991481,90.69,0.458,3
-122.08042,36.991481,89.43,0.56,3
-122.080113,36.991481,86.19,0.681,3
-122.079807,36.991481,81.84,0.79,3
-122.079501,36.991481,79.74,0.832,3
-122.079195,36.991481,79.24,0.822,3
-122.078888,36.991481,79.39,0.821,3
-122.078582,36.991481,80.19,0.775,2
-122.078276,36.991481,81.08,0.617,2
-122.07797,36.991481,81.87,0.525,2
-122.077663,36.991481,81.82,0.566,2
-122.077357,36.991481,81.24,0.671,2
-122.077051,36.991481,81.14,0.654,2
-122.076744,36.991481,81.61,0.488,2
-122.076438,36.991481,81.45,0.468,2
-122.076132,36.991481,80.6,0.573,2
-122.075826,36.991481,82.13,0.722,2
-122.075519,36.991481,80.37,0.827,2
-122.075213,36.991481,78.75,0.852,2
-122.074907,36.991481,74.4,0.847,2
-122.074601,36.991481,72.21,0.84,2
-122.074294,36.991481,71.51,0.845,2
-122.073988,36.991481,71.03,0.854,2
-122.073682,36.991481,70.8,0.859,2
-122.073376,36.991481,70.79,0.862,2
-122.073069,36.991481,70.78,0.849,2
-122.072763,36.991481,70.8,0.821,2
-122.072457,36.991481,70.64,0.825,2
-122.072151,36.991481,70.33,0.85,2
-122.071844,36.991481,70.22,0.851,2
-122.071538,36.991481,70.27,0.837,2
-122.071232,36.991481,70.35,0.841,2
-122.070926,36.991481,70.53,0.856,2
-122.070619,36.991481,70.88,0.865,2
-122.070313,36.991481,71.54,0.868,2
-122.070007,36.991481,72.7,0.87,2
-122.069701,36.991481,74.51,0.863,2
-122.069394,36.991481,77.19,0.84,2
-122.069088,36.991481,80.81,0.847,2
-122.068782,36.991481,88.91,0.582,2
-122.068476,36.991481,94.38,0.415,2
-122.068169,36.991481,98.25,0.417,2
-122.067863,36.991481,99.96,0.402,2
-122.067557,36.991481,100.76,0.376,2
-122.067251,36.991481,101.1,0.331,2
-122.066944,36.991481,100.74,0.262,2
-122.066638,36.991481,99.95,0.275,2
-122.066332,36.991481,99.04,0.429,2
-122.066026,36.991481,98.16,0.556,2
-122.065719,36.991481,97.43,0.447,2
-122.065413,36.991481,96.95,0.404,2
-122.065107,36.991481,96.45,0.401,2
-122.0648,36.991481,95.64,0.371,2
-122.064494,36.991481,94.47,0.3,2
-122.064188,36.991481,92.65,0.29,2
-122.063882,36.991481,89.12,0.476,2
-122.063575,36.991481,84.58,0.748,2
-122.063269,36.991481,81.39,0.849,2
-122.062963,36.991481,79.7,0.844,2
-122.062657,36.991481,79.57,0.846,2
-122.06235,36.991481,81.12,0.84,2
-122.062044,36.991481,84.77,0.744,2
-122.061738,36.991481,89.59,0.511,2
-122.061432,36.991481,93.76,0.405,2
-122.061125,36.991481,98.03,0.381,2
-122.060819,36.991481,100.68,0.371,2
-122.060513,36.991481,101.54,0.353,2
-122.060207,36.991481,101.59,0.338,2
-122.0599,36.991481,100.89,0.353,2
-122.059594,36.991481,100.59,0.381,2
-122.059288,36.991481,100.29,0.37,2
-122.058982,36.991481,99.96,0.314,2
-122.058675,36.991481,99.64,0.3,2
-122.058369,36.991481,99.41,0.307,2
-122.058063,36.991481,100.18,0.32,2
-122.057757,36.991481,100,0.351,2
-122.05745,36.991481,98.85,0.362,2
-122.057144,36.991481,97.08,0.354,2
-122.056838,36.991481,94.61,0.372,2
-122.056532,36.991481,91.97,0.483,2
-122.056225,36.991481,89.51,0.744,2
-122.055919,36.991481,84.94,0.846,2
-122.055613,36.991481,85.57,0.834,2
-122.055307,36.991481,87.77,0.62,2
-122.055,36.991481,92.62,0.407,2
-122.054694,36.991481,96.62,0.36,2
-122.054388,36.991481,99.63,0.29,2
-122.054082,36.991481,101.54,0.253,2
-122.053775,36.991481,102.76,0.299,2
-122.053469,36.991481,103.57,0.356,2
-122.053163,36.991481,103.55,0.369,2
-122.052856,36.991481,103.24,0.289,2
-122.05255,36.991481,102.25,0.184,2
-122.052244,36.991481,100.97,0.254,2
-122.051938,36.991481,99.58,0.679,2
-122.051631,36.991481,98.36,0.849,2
-122.051325,36.991481,97.44,0.865,2
-122.051019,36.991481,96.02,0.862,2
-122.050713,36.991481,95.3,0.864,2
-122.050406,36.991481,95.92,0.828,2
-122.0501,36.991481,97.45,0.654,2
-122.049794,36.991481,99.17,0.357,2
-122.049488,36.991481,98.73,0.303,2
-122.049181,36.991481,96.93,0.431,2
-122.048875,36.991481,92.52,0.485,2
-122.048569,36.991481,88.33,0.607,2
-122.048263,36.991481,84.26,0.758,2
-122.047956,36.991481,80.69,0.831,2
-122.04765,36.991481,78.07,0.846,2
-122.047344,36.991481,76.63,0.827,2
-122.047038,36.991481,76.23,0.798,2
-122.046731,36.991481,76.54,0.764,2
-122.046425,36.991481,77.25,0.715,2
-122.046119,36.991481,77.93,0.717,2
-122.045813,36.991481,78.64,0.642,2
-122.045506,36.991481,78.61,0.654,2
-122.0452,36.991481,78.36,0.677,2
-122.044894,36.991481,77.74,0.725,2
-122.044588,36.991481,76.92,0.762,2
-122.044281,36.991481,76.12,0.745,2
-122.043975,36.991481,75.37,0.755,2
-122.043669,36.991481,74.82,0.812,2
-122.043363,36.991481,74.61,0.841,2
-122.043056,36.991481,74.55,0.839,2
-122.04275,36.991481,74.55,0.835,2
-122.042444,36.991481,74.65,0.836,2
-122.042138,36.991481,74.97,0.839,2
-122.041831,36.991481,75.57,0.821,2
-122.041525,36.991481,76.46,0.798,2
-122.041219,36.991481,77.88,0.746,2
-122.040913,36.991481,79.72,0.701,2
-122.040606,36.991481,81.65,0.621,2
-122.0403,36.991481,83.05,0.597,2
-122.039994,36.991481,83.66,0.719,2
-122.039687,36.991481,84.23,0.799,2
-122.039381,36.991481,85.26,0.703,2
-122.039075,36.991481,86.74,0.468,2
-122.038769,36.991481,88.15,0.452,2
-122.038462,36.991481,88.6,0.514,2
-122.038156,36.991481,89.04,0.474,2
-122.03785,36.991481,88.58,0.471,2
-122.037544,36.991481,87.44,0.525,2
-122.037237,36.991481,86.78,0.561,2
-122.083788,36.991174,70.87,0.846,3
-122.083482,36.991174,71.46,0.844,3
-122.083176,36.991174,72.96,0.849,3
-122.08287,36.991174,76.96,0.845,3
-122.082563,36.991174,79.5,0.833,3
-122.082257,36.991174,83.37,0.812,3
-122.081951,36.991174,86.6,0.686,3
-122.081645,36.991174,89.69,0.484,3
-122.081338,36.991174,91.6,0.398,3
-122.081032,36.991174,92.08,0.394,3
-122.080726,36.991174,91.45,0.431,3
-122.08042,36.991174,89.65,0.532,3
-122.080113,36.991174,86.2,0.672,3
-122.079807,36.991174,81.84,0.756,3
-122.079501,36.991174,79.68,0.824,3
-122.079195,36.991174,78.45,0.84,3
-122.078888,36.991174,77.93,0.841,3
-122.078582,36.991174,78.26,0.845,2
-122.078276,36.991174,78.58,0.797,2
-122.07797,36.991174,79.08,0.758,2
-122.077663,36.991174,79.41,0.748,2
-122.077357,36.991174,79.64,0.783,2
-122.077051,36.991174,80.4,0.773,2
-122.076744,36.991174,82.04,0.603,2
-122.076438,36.991174,83.77,0.383,2
-122.076132,36.991174,84.12,0.375,2
-122.075826,36.991174,85.31,0.51,2
-122.075519,36.991174,83.34,0.644,2
-122.075213,36.991174,81.16,0.808,2
-122.074907,36.991174,76.09,0.849,2
-122.074601,36.991174,73.25,0.845,2
-122.074294,36.991174,72.05,0.843,2
-122.073988,36.991174,71.26,0.854,2
-122.073682,36.991174,70.86,0.868,2
-122.073376,36.991174,70.76,0.872,2
-122.073069,36.991174,70.73,0.865,2
-122.072763,36.991174,70.69,0.843,2
-122.072457,36.991174,70.51,0.846,2
-122.072151,36.991174,70.25,0.858,2
-122.071844,36.991174,70.14,0.862,2
-122.071538,36.991174,70.15,0.851,2
-122.071232,36.991174,70.27,0.843,2
-122.070926,36.991174,70.45,0.853,2
-122.070619,36.991174,70.82,0.866,2
-122.070313,36.991174,71.59,0.873,2
-122.070007,36.991174,72.99,0.877,2
-122.069701,36.991174,75.11,0.872,2
-122.069394,36.991174,78.04,0.85,2
-122.069088,36.991174,82.15,0.85,2
-122.068782,36.991174,90.58,0.576,2
-122.068476,36.991174,95.85,0.365,2
-122.068169,36.991174,99.23,0.326,2
-122.067863,36.991174,100.37,0.309,2
-122.067557,36.991174,100.67,0.336,2
-122.067251,36.991174,100.57,0.342,2
-122.066944,36.991174,99.87,0.313,2
-122.066638,36.991174,98.89,0.346,2
-122.066332,36.991174,97.88,0.426,2
-122.066026,36.991174,96.93,0.592,2
-122.065719,36.991174,96.19,0.528,2
-122.065413,36.991174,95.83,0.548,2
-122.065107,36.991174,95.63,0.502,2
-122.0648,36.991174,94.88,0.442,2
-122.064494,36.991174,93.81,0.453,2
-122.064188,36.991174,92.16,0.425,2
-122.063882,36.991174,89.42,0.429,2
-122.063575,36.991174,85.87,0.561,2
-122.063269,36.991174,82.64,0.729,2
-122.062963,36.991174,80.35,0.851,2
-122.062657,36.991174,78.9,0.847,2
-122.06235,36.991174,79.54,0.843,2
-122.062044,36.991174,82.87,0.818,2
-122.061738,36.991174,87.9,0.605,2
-122.061432,36.991174,92.36,0.472,2
-122.061125,36.991174,96.87,0.417,2
-122.060819,36.991174,99.54,0.357,2
-122.060513,36.991174,100.45,0.306,2
-122.060207,36.991174,100.68,0.307,2
-122.0599,36.991174,100.33,0.325,2
-122.059594,36.991174,100.37,0.32,2
-122.059288,36.991174,100.33,0.346,2
-122.058982,36.991174,100.32,0.341,2
-122.058675,36.991174,100.24,0.292,2
-122.058369,36.991174,100,0.285,2
-122.058063,36.991174,100.47,0.3,2
-122.057757,36.991174,100.03,0.311,2
-122.05745,36.991174,98.71,0.321,2
-122.057144,36.991174,96.81,0.336,2
-122.056838,36.991174,94.39,0.364,2
-122.056532,36.991174,91.98,0.485,2
-122.056225,36.991174,89.64,0.783,2
-122.055919,36.991174,85.24,0.841,2
-122.055613,36.991174,85.38,0.832,2
-122.055307,36.991174,87.4,0.6,2
-122.055,36.991174,92.21,0.332,2
-122.054694,36.991174,96.14,0.339,2
-122.054388,36.991174,98.8,0.346,2
-122.054082,36.991174,100.22,0.229,2
-122.053775,36.991174,100.99,0.137,2
-122.053469,36.991174,101.59,0.164,2
-122.053163,36.991174,101.78,0.228,2
-122.052856,36.991174,101.82,0.295,2
-122.05255,36.991174,101.37,0.314,2
-122.052244,36.991174,100.68,0.342,2
-122.051938,36.991174,99.84,0.59,2
-122.051631,36.991174,98.98,0.743,2
-122.051325,36.991174,98.17,0.754,2
-122.051019,36.991174,96.69,0.729,2
-122.050713,36.991174,95.93,0.724,2
-122.050406,36.991174,96.55,0.7,2
-122.0501,36.991174,98.16,0.571,2
-122.049794,36.991174,100.09,0.352,2
-122.049488,36.991174,100.04,0.271,2
-122.049181,36.991174,98.5,0.305,2
-122.048875,36.991174,94.57,0.38,2
-122.048569,36.991174,90.94,0.435,2
-122.048263,36.991174,86.88,0.571,2
-122.047956,36.991174,82.7,0.737,2
-122.04765,36.991174,79.31,0.83,2
-122.047344,36.991174,77.17,0.844,2
-122.047038,36.991174,76.17,0.827,2
-122.046731,36.991174,76.06,0.817,2
-122.046425,36.991174,76.51,0.817,2
-122.046119,36.991174,76.9,0.82,2
-122.045813,36.991174,77.34,0.812,2
-122.045506,36.991174,77.47,0.814,2
-122.0452,36.991174,77.48,0.796,2
-122.044894,36.991174,77.14,0.791,2
-122.044588,36.991174,76.4,0.811,2
-122.044281,36.991174,75.52,0.832,2
-122.043975,36.991174,74.74,0.837,2
-122.043669,36.991174,74.24,0.838,2
-122.043363,36.991174,73.99,0.844,2
-122.043056,36.991174,73.89,0.847,2
-122.04275,36.991174,73.87,0.851,2
-122.042444,36.991174,73.98,0.851,2
-122.042138,36.991174,74.25,0.846,2
-122.041831,36.991174,74.71,0.828,2
-122.041525,36.991174,75.33,0.808,2
-122.041219,36.991174,76.42,0.757,2
-122.040913,36.991174,77.95,0.718,2
-122.040606,36.991174,79.51,0.671,2
-122.0403,36.991174,80.62,0.661,2
-122.039994,36.991174,81.19,0.739,2
-122.039687,36.991174,81.72,0.797,2
-122.039381,36.991174,82.72,0.734,2
-122.039075,36.991174,84.25,0.526,2
-122.038769,36.991174,85.9,0.496,2
-122.038462,36.991174,86.46,0.621,2
-122.038156,36.991174,87.29,0.586,2
-122.03785,36.991174,87.46,0.565,2
-122.037544,36.991174,86.95,0.644,2
-122.037237,36.991174,86.58,0.708,2
-122.083788,36.990868,71.19,0.85,3
-122.083482,36.990868,72.03,0.839,2
-122.083176,36.990868,74.43,0.845,2
-122.08287,36.990868,79.04,0.843,2
-122.082563,36.990868,81.74,0.825,2
-122.082257,36.990868,84.98,0.735,2
-122.081951,36.990868,88.1,0.527,2
-122.081645,36.990868,90.9,0.397,2
-122.081338,36.990868,92.78,0.388,2
-122.081032,36.990868,93.46,0.399,3
-122.080726,36.990868,92.71,0.413,3
-122.08042,36.990868,90.77,0.495,3
-122.080113,36.990868,87.41,0.619,3
-122.079807,36.990868,82.8,0.661,3
-122.079501,36.990868,80.79,0.675,3
-122.079195,36.990868,79.01,0.789,3
-122.078888,36.990868,77.79,0.828,3
-122.078582,36.990868,76.8,0.831,2
-122.078276,36.990868,76.26,0.844,2
-122.07797,36.990868,76.35,0.841,2
-122.077663,36.990868,76.85,0.827,2
-122.077357,36.990868,77.63,0.819,2
-122.077051,36.990868,78.91,0.823,2
-122.076744,36.990868,80.97,0.758,2
-122.076438,36.990868,83.44,0.528,2
-122.076132,36.990868,84.82,0.355,2
-122.075826,36.990868,85.02,0.444,2
-122.075519,36.990868,83.4,0.469,2
-122.075213,36.990868,80.66,0.705,2
-122.074907,36.990868,76.78,0.826,2
-122.074601,36.990868,74.06,0.847,2
-122.074294,36.990868,72.46,0.841,2
-122.073988,36.990868,71.46,0.85,2
-122.073682,36.990868,70.92,0.868,2
-122.073376,36.990868,70.68,0.874,2
-122.073069,36.990868,70.57,0.868,2
-122.072763,36.990868,70.47,0.86,2
-122.072457,36.990868,70.32,0.859,2
-122.072151,36.990868,70.17,0.86,2
-122.071844,36.990868,70.1,0.858,2
-122.071538,36.990868,70.13,0.85,2
-122.071232,36.990868,70.24,0.847,2
-122.070926,36.990868,70.47,0.853,2
-122.070619,36.990868,70.95,0.859,2
-122.070313,36.990868,71.88,0.864,2
-122.070007,36.990868,73.48,0.875,2
-122.069701,36.990868,75.85,0.87,2
-122.069394,36.990868,79.1,0.824,2
-122.069088,36.990868,83.73,0.765,2
-122.068782,36.990868,91.74,0.425,2
-122.068476,36.990868,96.59,0.312,2
-122.068169,36.990868,99.53,0.337,2
-122.067863,36.990868,100.56,0.327,2
-122.067557,36.990868,100.69,0.351,2
-122.067251,36.990868,100.3,0.38,2
-122.066944,36.990868,99.41,0.416,2
-122.066638,36.990868,98.35,0.479,2
-122.066332,36.990868,97.25,0.442,2
-122.066026,36.990868,96.25,0.462,2
-122.065719,36.990868,95.39,0.51,2
-122.065413,36.990868,94.97,0.53,2
-122.065107,36.990868,94.78,0.487,2
-122.0648,36.990868,93.88,0.437,2
-122.064494,36.990868,92.77,0.501,2
-122.064188,36.990868,91.19,0.51,2
-122.063882,36.990868,89.41,0.473,2
-122.063575,36.990868,87.19,0.534,1
-122.063269,36.990868,84.28,0.702,2
-122.062963,36.990868,81.81,0.85,2
-122.062657,36.990868,78.62,0.85,2
-122.06235,36.990868,78.79,0.848,2
-122.062044,36.990868,81.81,0.852,2
-122.061738,36.990868,86.76,0.666,2
-122.061432,36.990868,91.38,0.427,2
-122.061125,36.990868,95.71,0.328,2
-122.060819,36.990868,98.23,0.329,2
-122.060513,36.990868,99.25,0.347,2
-122.060207,36.990868,99.71,0.36,2
-122.0599,36.990868,99.72,0.363,2
-122.059594,36.990868,99.93,0.328,2
-122.059288,36.990868,100.05,0.33,2
-122.058982,36.990868,100.47,0.358,2
-122.058675,36.990868,100.39,0.317,2
-122.058369,36.990868,100.12,0.283,2
-122.058063,36.990868,99.53,0.284,2
-122.057757,36.990868,98.68,0.296,2
-122.05745,36.990868,97.33,0.319,2
-122.057144,36.990868,95.41,0.331,2
-122.056838,36.990868,93.17,0.369,2
-122.056532,36.990868,90.93,0.539,2
-122.056225,36.990868,89.14,0.802,2
-122.055919,36.990868,87.84,0.844,2
-122.055613,36.990868,87.56,0.793,2
-122.055307,36.990868,89.37,0.506,2
-122.055,36.990868,92.91,0.33,2
-122.054694,36.990868,96.54,0.273,2
-122.054388,36.990868,98.97,0.295,2
-122.054082,36.990868,99.82,0.316,2
-122.053775,36.990868,100.05,0.327,2
-122.053469,36.990868,100.39,0.296,2
-122.053163,36.990868,100.51,0.186,2
-122.052856,36.990868,100.57,0.143,2
-122.05255,36.990868,100.36,0.136,2
-122.052244,36.990868,100.08,0.156,2
-122.051938,36.990868,99.72,0.178,2
-122.051631,36.990868,99.3,0.194,2
-122.051325,36.990868,98.83,0.222,2
-122.051019,36.990868,97.86,0.327,2
-122.050713,36.990868,97.28,0.398,2
-122.050406,36.990868,97.63,0.395,2
-122.0501,36.990868,98.71,0.371,2
-122.049794,36.990868,99.91,0.339,2
-122.049488,36.990868,99.75,0.276,2
-122.049181,36.990868,98.22,0.223,2
-122.048875,36.990868,95.18,0.327,2
-122.048569,36.990868,92.08,0.343,2
-122.048263,36.990868,88.41,0.438,2
-122.047956,36.990868,85.12,0.661,2
-122.04765,36.990868,82.07,0.812,2
-122.047344,36.990868,79.73,0.861,2
-122.047038,36.990868,78.38,0.867,2
-122.046731,36.990868,77.77,0.862,2
-122.046425,36.990868,77.62,0.854,2
-122.046119,36.990868,77.74,0.851,2
-122.045813,36.990868,78.73,0.865,2
-122.045506,36.990868,78.81,0.863,2
-122.0452,36.990868,78.85,0.849,2
-122.044894,36.990868,76.53,0.845,2
-122.044588,36.990868,75.38,0.853,2
-122.044281,36.990868,74.77,0.854,2
-122.043975,36.990868,74.25,0.849,2
-122.043669,36.990868,73.88,0.849,2
-122.043363,36.990868,73.65,0.853,2
-122.043056,36.990868,73.56,0.853,2
-122.04275,36.990868,73.54,0.853,2
-122.042444,36.990868,73.6,0.858,2
-122.042138,36.990868,73.77,0.855,2
-122.041831,36.990868,74.16,0.825,2
-122.041525,36.990868,74.69,0.828,2
-122.041219,36.990868,75.44,0.819,2
-122.040913,36.990868,76.56,0.773,2
-122.040606,36.990868,77.65,0.74,2
-122.0403,36.990868,78.52,0.752,2
-122.039994,36.990868,79.22,0.785,2
-122.039687,36.990868,79.87,0.808,2
-122.039381,36.990868,80.81,0.798,2
-122.039075,36.990868,82.05,0.71,2
-122.038769,36.990868,83.59,0.584,2
-122.038462,36.990868,84.43,0.683,2
-122.038156,36.990868,85.47,0.684,2
-122.03785,36.990868,86.38,0.596,2
-122.037544,36.990868,86.85,0.568,2
-122.037237,36.990868,86.97,0.578,2
-122.083788,36.990562,71.8,0.865,3
-122.083482,36.990562,72.95,0.851,2
-122.083176,36.990562,75.78,0.84,2
-122.08287,36.990562,80.98,0.825,2
-122.082563,36.990562,84.15,0.805,2
-122.082257,36.990562,87.35,0.612,2
-122.081951,36.990562,90.1,0.424,2
-122.081645,36.990562,92.32,0.369,2
-122.081338,36.990562,94.06,0.399,2
-122.081032,36.990562,94.86,0.42,2
-122.080726,36.990562,94.13,0.421,2
-122.08042,36.990562,92.22,0.45,2
-122.080113,36.990562,89.08,0.527,2
-122.079807,36.990562,84.71,0.567,3
-122.079501,36.990562,82.51,0.479,3
-122.079195,36.990562,80.19,0.649,3
-122.078888,36.990562,78.12,0.807,3
-122.078582,36.990562,76.21,0.812,2
-122.078276,36.990562,74.98,0.829,2
-122.07797,36.990562,74.49,0.841,2
-122.077663,36.990562,74.74,0.841,2
-122.077357,36.990562,75.57,0.837,2
-122.077051,36.990562,77.07,0.843,2
-122.076744,36.990562,79.32,0.808,2
-122.076438,36.990562,81.93,0.623,2
-122.076132,36.990562,84.08,0.356,2
-122.075826,36.990562,84.79,0.367,2
-122.075519,36.990562,83.91,0.35,2
-122.075213,36.990562,81.26,0.55,2
-122.074907,36.990562,77.73,0.771,2
-122.074601,36.990562,74.8,0.847,2
-122.074294,36.990562,72.88,0.848,2
-122.073988,36.990562,71.69,0.849,2
-122.073682,36.990562,70.95,0.862,2
-122.073376,36.990562,70.55,0.875,2
-122.073069,36.990562,70.36,0.876,2
-122.072763,36.990562,70.26,0.873,2
-122.072457,36.990562,70.2,0.859,2
-122.072151,36.990562,70.17,0.855,2
-122.071844,36.990562,70.17,0.856,2
-122.071538,36.990562,70.22,0.857,2
-122.071232,36.990562,70.35,0.856,2
-122.070926,36.990562,70.66,0.857,2
-122.070619,36.990562,71.22,0.854,2
-122.070313,36.990562,72.26,0.854,2
-122.070007,36.990562,74.02,0.859,2
-122.069701,36.990562,76.59,0.844,2
-122.069394,36.990562,80.23,0.742,2
-122.069088,36.990562,85.33,0.577,2
-122.068782,36.990562,92.6,0.309,2
-122.068476,36.990562,96.91,0.353,2
-122.068169,36.990562,99.47,0.395,2
-122.067863,36.990562,100.5,0.406,2
-122.067557,36.990562,100.64,0.431,2
-122.067251,36.990562,100.19,0.469,2
-122.066944,36.990562,99.34,0.484,2
-122.066638,36.990562,98.35,0.462,2
-122.066332,36.990562,97.31,0.411,2
-122.066026,36.990562,96.32,0.374,2
-122.065719,36.990562,95.36,0.398,2
-122.065413,36.990562,94.8,0.48,2
-122.065107,36.990562,94.47,0.503,2
-122.0648,36.990562,93.49,0.459,2
-122.064494,36.990562,92.3,0.511,2
-122.064188,36.990562,90.82,0.549,2
-122.063882,36.990562,89.16,0.576,2
-122.063575,36.990562,87.1,0.631,2
-122.063269,36.990562,84.48,0.701,2
-122.062963,36.990562,81.87,0.807,2
-122.062657,36.990562,78.86,0.858,2
-122.06235,36.990562,79.35,0.85,2
-122.062044,36.990562,81.82,0.848,2
-122.061738,36.990562,86.37,0.655,2
-122.061432,36.990562,90.85,0.399,2
-122.061125,36.990562,94.62,0.306,2
-122.060819,36.990562,97.4,0.33,2
-122.060513,36.990562,98.96,0.371,2
-122.060207,36.990562,99.46,0.388,2
-122.0599,36.990562,99.52,0.374,2
-122.059594,36.990562,99.76,0.343,2
-122.059288,36.990562,99.93,0.336,2
-122.058982,36.990562,100.36,0.355,2
-122.058675,36.990562,100.24,0.347,2
-122.058369,36.990562,99.96,0.33,2
-122.058063,36.990562,99.35,0.32,2
-122.057757,36.990562,98.51,0.312,2
-122.05745,36.990562,97.32,0.316,2
-122.057144,36.990562,95.69,0.317,2
-122.056838,36.990562,93.72,0.361,2
-122.056532,36.990562,91.65,0.541,2
-122.056225,36.990562,89.74,0.79,2
-122.055919,36.990562,88.19,0.839,2
-122.055613,36.990562,87.68,0.743,2
-122.055307,36.990562,89.72,0.444,2
-122.055,36.990562,93.58,0.341,2
-122.054694,36.990562,97.21,0.255,2
-122.054388,36.990562,99.48,0.192,2
-122.054082,36.990562,100.11,0.162,2
-122.053775,36.990562,100.18,0.167,2
-122.053469,36.990562,100.4,0.199,2
-122.053163,36.990562,100.45,0.246,2
-122.052856,36.990562,100.51,0.288,2
-122.05255,36.990562,100.34,0.226,2
-122.052244,36.990562,100.12,0.13,2
-122.051938,36.990562,99.84,0.107,2
-122.051631,36.990562,99.52,0.102,2
-122.051325,36.990562,99.18,0.117,2
-122.051019,36.990562,98.41,0.288,2
-122.050713,36.990562,97.94,0.387,2
-122.050406,36.990562,98.15,0.365,2
-122.0501,36.990562,98.88,0.344,2
-122.049794,36.990562,99.59,0.326,2
-122.049488,36.990562,99.14,0.283,2
-122.049181,36.990562,97.6,0.196,2
-122.048875,36.990562,94.95,0.293,2
-122.048569,36.990562,92.13,0.374,2
-122.048263,36.990562,88.56,0.57,2
-122.047956,36.990562,85.59,0.753,2
-122.04765,36.990562,83.03,0.837,2
-122.047344,36.990562,81.21,0.861,2
-122.047038,36.990562,80.13,0.862,2
-122.046731,36.990562,79.42,0.851,2
-122.046425,36.990562,78.93,0.847,2
-122.046119,36.990562,78.75,0.848,2
-122.045813,36.990562,79.6,0.85,2
-122.045506,36.990562,79.36,0.861,2
-122.0452,36.990562,79.11,0.864,2
-122.044894,36.990562,75.97,0.851,2
-122.044588,36.990562,74.75,0.853,2
-122.044281,36.990562,74.34,0.85,2
-122.043975,36.990562,74.01,0.842,2
-122.043669,36.990562,73.74,0.848,2
-122.043363,36.990562,73.55,0.858,2
-122.043056,36.990562,73.49,0.851,2
-122.04275,36.990562,73.49,0.842,2
-122.042444,36.990562,73.53,0.844,2
-122.042138,36.990562,73.62,0.842,2
-122.041831,36.990562,73.89,0.828,2
-122.041525,36.990562,74.32,0.836,2
-122.041219,36.990562,74.93,0.839,2
-122.040913,36.990562,75.71,0.829,2
-122.040606,36.990562,76.53,0.822,2
-122.0403,36.990562,77.35,0.82,2
-122.039994,36.990562,78.17,0.815,2
-122.039687,36.990562,78.9,0.816,2
-122.039381,36.990562,79.68,0.826,2
-122.039075,36.990562,80.57,0.814,2
-122.038769,36.990562,81.61,0.744,2
-122.038462,36.990562,82.85,0.677,2
-122.038156,36.990562,84.05,0.705,2
-122.03785,36.990562,85.46,0.595,2
-122.037544,36.990562,86.67,0.493,2
-122.037237,36.990562,87.16,0.464,2
-122.084095,36.990256,71.85,0.869,3
-122.083788,36.990256,72.57,0.855,3
-122.083482,36.990256,74.17,0.84,2
-122.083176,36.990256,77.55,0.834,2
-122.08287,36.990256,83.38,0.801,2
-122.082563,36.990256,87.02,0.714,2
-122.082257,36.990256,90.17,0.519,2
-122.081951,36.990256,92.62,0.393,2
-122.081645,36.990256,94.39,0.362,2
-122.081338,36.990256,95.62,0.385,2
-122.081032,36.990256,96.2,0.412,2
-122.080726,36.990256,95.63,0.414,2
-122.08042,36.990256,94.03,0.4,2
-122.080113,36.990256,91.02,0.426,2
-122.079807,36.990256,86.66,0.514,2
-122.079501,36.990256,84.35,0.542,2
-122.079195,36.990256,82.15,0.588,3
-122.078888,36.990256,79.2,0.766,2
-122.078582,36.990256,76.89,0.838,2
-122.078276,36.990256,75.42,0.847,2
-122.07797,36.990256,74.08,0.839,2
-122.077663,36.990256,73.61,0.837,2
-122.077357,36.990256,74.12,0.839,2
-122.077051,36.990256,75.52,0.837,2
-122.076744,36.990256,77.7,0.821,2
-122.076438,36.990256,80.19,0.732,2
-122.076132,36.990256,82.78,0.463,2
-122.075826,36.990256,84.78,0.312,2
-122.075519,36.990256,84.94,0.313,2
-122.075213,36.990256,82.84,0.489,2
-122.074907,36.990256,78.91,0.767,2
-122.074601,36.990256,75.53,0.85,2
-122.074294,36.990256,73.35,0.842,2
-122.073988,36.990256,71.95,0.845,2
-122.073682,36.990256,70.93,0.861,2
-122.073376,36.990256,70.35,0.87,2
-122.073069,36.990256,70.2,0.876,2
-122.072763,36.990256,70.16,0.876,2
-122.072457,36.990256,70.14,0.863,2
-122.072151,36.990256,70.2,0.853,2
-122.071844,36.990256,70.29,0.861,2
-122.071538,36.990256,70.41,0.861,2
-122.071232,36.990256,70.6,0.864,2
-122.070926,36.990256,70.94,0.862,2
-122.070619,36.990256,71.52,0.858,2
-122.070313,36.990256,72.59,0.857,2
-122.070007,36.990256,74.39,0.854,2
-122.069701,36.990256,77.04,0.826,2
-122.069394,36.990256,80.9,0.713,2
-122.069088,36.990256,86.08,0.525,2
-122.068782,36.990256,93.2,0.346,2
-122.068476,36.990256,97.08,0.377,2
-122.068169,36.990256,99.23,0.401,2
-122.067863,36.990256,100.03,0.44,2
-122.067557,36.990256,100.17,0.459,2
-122.067251,36.990256,99.93,0.444,2
-122.066944,36.990256,99.39,0.391,2
-122.066638,36.990256,98.68,0.325,2
-122.066332,36.990256,97.83,0.294,2
-122.066026,36.990256,96.89,0.249,2
-122.065719,36.990256,95.85,0.212,2
-122.065413,36.990256,95.08,0.317,2
-122.065107,36.990256,94.44,0.384,2
-122.0648,36.990256,93.3,0.429,2
-122.064494,36.990256,92.22,0.458,2
-122.064188,36.990256,91,0.448,2
-122.063882,36.990256,89.64,0.446,2
-122.063575,36.990256,87.84,0.477,2
-122.063269,36.990256,85.57,0.52,2
-122.062963,36.990256,83.34,0.613,1
-122.062657,36.990256,79.76,0.767,2
-122.06235,36.990256,79.93,0.85,2
-122.062044,36.990256,82.02,0.835,2
-122.061738,36.990256,85.99,0.65,2
-122.061432,36.990256,90.26,0.417,2
-122.061125,36.990256,93.56,0.314,2
-122.060819,36.990256,96.88,0.305,2
-122.060513,36.990256,99.14,0.326,2
-122.060207,36.990256,99.63,0.336,2
-122.0599,36.990256,99.63,0.327,2
-122.059594,36.990256,99.8,0.326,2
-122.059288,36.990256,99.93,0.322,2
-122.058982,36.990256,100.29,0.34,2
-122.058675,36.990256,100.08,0.346,2
-122.058369,36.990256,99.75,0.353,2
-122.058063,36.990256,99.15,0.339,2
-122.057757,36.990256,98.37,0.322,2
-122.05745,36.990256,97.35,0.311,2
-122.057144,36.990256,96.06,0.307,2
-122.056838,36.990256,94.44,0.326,2
-122.056532,36.990256,92.5,0.437,2
-122.056225,36.990256,90.47,0.678,2
-122.055919,36.990256,88.77,0.823,2
-122.055613,36.990256,88.39,0.753,2
-122.055307,36.990256,90.32,0.549,2
-122.055,36.990256,94.02,0.392,2
-122.054694,36.990256,97.37,0.266,2
-122.054388,36.990256,99.49,0.231,2
-122.054082,36.990256,100.06,0.238,2
-122.053775,36.990256,100.13,0.222,2
-122.053469,36.990256,100.34,0.179,2
-122.053163,36.990256,100.4,0.166,2
-122.052856,36.990256,100.47,0.23,2
-122.05255,36.990256,100.31,0.3,2
-122.052244,36.990256,100.07,0.276,2
-122.051938,36.990256,99.72,0.234,2
-122.051631,36.990256,99.34,0.2,2
-122.051325,36.990256,98.96,0.218,2
-122.051019,36.990256,98.22,0.304,2
-122.050713,36.990256,97.83,0.363,2
-122.050406,36.990256,98.05,0.375,2
-122.0501,36.990256,98.64,0.365,2
-122.049794,36.990256,99.12,0.328,2
-122.049488,36.990256,98.53,0.274,2
-122.049181,36.990256,97.16,0.199,2
-122.048875,36.990256,94.86,0.301,2
-122.048569,36.990256,92.18,0.534,2
-122.048263,36.990256,88.75,0.757,2
-122.047956,36.990256,86.16,0.828,2
-122.04765,36.990256,84.29,0.832,2
-122.047344,36.990256,83.19,0.823,2
-122.047038,36.990256,82.7,0.823,2
-122.046731,36.990256,82.41,0.831,2
-122.046425,36.990256,82.04,0.834,2
-122.046119,36.990256,81.81,0.843,2
-122.045813,36.990256,82.42,0.839,2
-122.045506,36.990256,81.87,0.851,2
-122.0452,36.990256,81.22,0.853,2
-122.044894,36.990256,77.66,0.842,2
-122.044588,36.990256,76.19,0.84,2
-122.044281,36.990256,75.53,0.84,2
-122.043975,36.990256,74.92,0.84,2
-122.043669,36.990256,74.4,0.845,2
-122.043363,36.990256,74.03,0.851,2
-122.043056,36.990256,73.83,0.845,2
-122.04275,36.990256,73.77,0.822,2
-122.042444,36.990256,73.65,0.837,2
-122.042138,36.990256,73.69,0.844,2
-122.041831,36.990256,74,0.825,2
-122.041525,36.990256,74.64,0.829,2
-122.041219,36.990256,75.49,0.837,2
-122.040913,36.990256,76.54,0.84,2
-122.040606,36.990256,77.5,0.836,2
-122.0403,36.990256,78.35,0.83,2
-122.039994,36.990256,79.12,0.823,2
-122.039687,36.990256,79.72,0.815,2
-122.039381,36.990256,80.27,0.811,2
-122.039075,36.990256,80.68,0.778,2
-122.038769,36.990256,81.05,0.803,2
-122.038462,36.990256,81.85,0.775,2
-122.038156,36.990256,82.86,0.78,2
-122.03785,36.990256,84.38,0.687,2
-122.037544,36.990256,86.08,0.54,2
-122.037237,36.990256,86.86,0.468,2
-122.083482,36.989949,75.59,0.824,2
-122.083176,36.989949,79.73,0.789,2
-122.08287,36.989949,86.14,0.674,2
-122.082563,36.989949,90.07,0.489,2
-122.082257,36.989949,92.99,0.393,2
-122.081951,36.989949,94.85,0.373,2
-122.081645,36.989949,96.04,0.353,2
-122.081338,36.989949,96.58,0.359,2
-122.081032,36.989949,96.99,0.392,2
-122.080726,36.989949,96.62,0.407,2
-122.08042,36.989949,95.45,0.385,2
-122.080113,36.989949,93.16,0.408,2
-122.079807,36.989949,89.61,0.533,2
-122.079501,36.989949,87.36,0.614,2
-122.079195,36.989949,85.21,0.515,2
-122.078888,36.989949,82.1,0.748,2
-122.078582,36.989949,79.33,0.834,2
-122.078276,36.989949,78.92,0.849,2
-122.07797,36.989949,75.22,0.848,2
-122.077663,36.989949,73.18,0.842,2
-122.077357,36.989949,73.36,0.836,2
-122.077051,36.989949,74.52,0.83,2
-122.076744,36.989949,76.37,0.83,2
-122.076438,36.989949,78.68,0.785,2
-122.076132,36.989949,81.27,0.559,2
-122.075826,36.989949,83.1,0.349,2
-122.075519,36.989949,83.56,0.344,2
-122.075213,36.989949,81.95,0.512,2
-122.074907,36.989949,78.83,0.783,2
-122.074601,36.989949,75.8,0.857,2
-122.074294,36.989949,73.61,0.846,2
-122.073988,36.989949,72.11,0.844,2
-122.073682,36.989949,71.07,0.855,2
-122.073376,36.989949,70.44,0.867,2
-122.073069,36.989949,70.14,0.869,2
-122.072763,36.989949,70.06,0.872,2
-122.072457,36.989949,70.05,0.864,2
-122.072151,36.989949,70.13,0.859,2
-122.071844,36.989949,70.27,0.866,2
-122.071538,36.989949,70.51,0.865,2
-122.071232,36.989949,70.79,0.862,2
-122.070926,36.989949,71.23,0.859,2
-122.070619,36.989949,71.9,0.863,2
-122.070313,36.989949,73.01,0.868,2
-122.070007,36.989949,75.43,0.864,2
-122.069701,36.989949,79.47,0.838,2
-122.069394,36.989949,83.15,0.754,2
-122.069088,36.989949,87.69,0.641,2
-122.068782,36.989949,92.82,0.57,2
-122.068476,36.989949,96.16,0.545,2
-122.068169,36.989949,98.08,0.497,2
-122.067863,36.989949,98.84,0.433,2
-122.067557,36.989949,99.14,0.361,2
-122.067251,36.989949,99.24,0.325,2
-122.066944,36.989949,99.17,0.384,2
-122.066638,36.989949,98.87,0.464,2
-122.066332,36.989949,98.3,0.396,2
-122.066026,36.989949,97.53,0.241,2
-122.065719,36.989949,96.8,0.215,2
-122.065413,36.989949,95.8,0.251,2
-122.065107,36.989949,94.9,0.306,2
-122.0648,36.989949,93.96,0.403,2
-122.064494,36.989949,93.14,0.33,2
-122.064188,36.989949,92.26,0.263,2
-122.063882,36.989949,90.5,0.287,2
-122.063575,36.989949,88.04,0.365,2
-122.063269,36.989949,85.82,0.425,2
-122.062963,36.989949,83.78,0.427,1
-122.062657,36.989949,80.79,0.524,2
-122.06235,36.989949,80.1,0.838,2
-122.062044,36.989949,81.88,0.835,2
-122.061738,36.989949,85,0.705,2
-122.061432,36.989949,89.08,0.465,2
-122.061125,36.989949,92.67,0.35,2
-122.060819,36.989949,96.46,0.315,2
-122.060513,36.989949,98.92,0.312,2
-122.060207,36.989949,99.6,0.318,2
-122.0599,36.989949,99.89,0.314,2
-122.059594,36.989949,100.06,0.311,2
-122.059288,36.989949,100.13,0.304,2
-122.058982,36.989949,100,0.305,2
-122.058675,36.989949,99.7,0.326,2
-122.058369,36.989949,99.35,0.408,2
-122.058063,36.989949,98.78,0.424,2
-122.057757,36.989949,98.11,0.381,2
-122.05745,36.989949,97.31,0.333,2
-122.057144,36.989949,96.32,0.308,2
-122.056838,36.989949,94.97,0.313,2
-122.056532,36.989949,93.16,0.364,2
-122.056225,36.989949,91.14,0.499,2
-122.055919,36.989949,89.21,0.728,2
-122.055613,36.989949,88.95,0.821,2
-122.055307,36.989949,90.4,0.764,2
-122.055,36.989949,93.86,0.488,2
-122.054694,36.989949,96.92,0.292,2
-122.054388,36.989949,98.86,0.246,2
-122.054082,36.989949,99.58,0.312,2
-122.053775,36.989949,99.81,0.358,2
-122.053469,36.989949,100,0.302,2
-122.053163,36.989949,99.96,0.206,2
-122.052856,36.989949,99.82,0.193,2
-122.05255,36.989949,99.66,0.267,2
-122.052244,36.989949,99.42,0.313,2
-122.051938,36.989949,99.01,0.303,2
-122.051631,36.989949,98.57,0.297,2
-122.051325,36.989949,98.22,0.313,2
-122.051019,36.989949,97.81,0.319,2
-122.050713,36.989949,97.66,0.327,2
-122.050406,36.989949,97.85,0.345,2
-122.0501,36.989949,98.22,0.353,2
-122.049794,36.989949,98.44,0.329,2
-122.049488,36.989949,97.98,0.296,2
-122.049181,36.989949,97.05,0.256,2
-122.048875,36.989949,95.58,0.375,2
-122.048569,36.989949,93.28,0.633,2
-122.048263,36.989949,90.33,0.77,2
-122.047956,36.989949,87.56,0.798,2
-122.04765,36.989949,85.97,0.768,2
-122.047344,36.989949,85.25,0.735,2
-122.047038,36.989949,85.03,0.737,2
-122.046731,36.989949,85.08,0.756,2
-122.046425,36.989949,85.09,0.765,2
-122.046119,36.989949,85.07,0.787,2
-122.045813,36.989949,85.48,0.824,2
-122.045506,36.989949,85.11,0.841,2
-122.0452,36.989949,84.58,0.831,2
-122.044894,36.989949,81.58,0.831,2
-122.044588,36.989949,79.97,0.837,2
-122.044281,36.989949,78.86,0.838,2
-122.043975,36.989949,77.61,0.839,2
-122.043669,36.989949,76.36,0.837,2
-122.043363,36.989949,75.32,0.839,2
-122.043056,36.989949,74.58,0.851,2
-122.04275,36.989949,74.26,0.836,2
-122.042444,36.989949,74.06,0.835,2
-122.042138,36.989949,74.04,0.848,2
-122.041831,36.989949,74.51,0.842,2
-122.041525,36.989949,75.76,0.841,2
-122.041219,36.989949,77.25,0.844,2
-122.040913,36.989949,80.63,0.846,2
-122.040606,36.989949,83.33,0.836,2
-122.0403,36.989949,84.75,0.799,2
-122.039994,36.989949,85.69,0.691,2
-122.039687,36.989949,85.9,0.569,2
-122.039381,36.989949,85.98,0.644,2
-122.039075,36.989949,85.56,0.722,2
-122.038769,36.989949,84.54,0.763,2
-122.038462,36.989949,84.55,0.788,2
-122.038156,36.989949,85.22,0.792,2
-122.03785,36.989949,86.69,0.779,2
-122.037544,36.989949,88.26,0.665,2
-122.083482,36.989643,76.84,0.803,2
-122.083176,36.989643,81.59,0.717,2
-122.08287,36.989643,88.33,0.51,2
-122.082563,36.989643,92.3,0.361,2
-122.082257,36.989643,94.96,0.351,2
-122.081951,36.989643,96.29,0.363,2
-122.081645,36.989643,96.97,0.349,2
-122.081338,36.989643,97.02,0.348,2
-122.081032,36.989643,97.79,0.379,2
-122.080726,36.989643,97.91,0.412,2
-122.08042,36.989643,97.06,0.394,2
-122.080113,36.989643,95.8,0.369,2
-122.079807,36.989643,94.04,0.432,2
-122.079501,36.989643,92.25,0.518,2
-122.079195,36.989643,90.14,0.454,2
-122.078888,36.989643,86.93,0.667,2
-122.078582,36.989643,83.83,0.817,2
-122.078276,36.989643,80.78,0.837,2
-122.07797,36.989643,75.95,0.849,2
-122.077663,36.989643,73.52,0.848,2
-122.077357,36.989643,73.19,0.841,2
-122.077051,36.989643,73.73,0.84,2
-122.076744,36.989643,74.97,0.842,2
-122.076438,36.989643,76.71,0.807,2
-122.076132,36.989643,78.7,0.692,2
-122.075826,36.989643,80.21,0.608,2
-122.075519,36.989643,80.87,0.547,2
-122.075213,36.989643,80.18,0.537,2
-122.074907,36.989643,78,0.763,2
-122.074601,36.989643,75.69,0.856,2
-122.074294,36.989643,73.77,0.862,2
-122.073988,36.989643,72.31,0.862,2
-122.073682,36.989643,71.24,0.868,2
-122.073376,36.989643,70.51,0.87,2
-122.073069,36.989643,70.1,0.868,2
-122.072763,36.989643,69.94,0.869,2
-122.072457,36.989643,69.91,0.873,2
-122.072151,36.989643,70.02,0.867,2
-122.071844,36.989643,70.27,0.87,2
-122.071538,36.989643,70.65,0.86,2
-122.071232,36.989643,71.02,0.861,2
-122.070926,36.989643,71.57,0.868,2
-122.070619,36.989643,72.41,0.868,2
-122.070313,36.989643,73.74,0.863,2
-122.070007,36.989643,76.42,0.856,2
-122.069701,36.989643,80.72,0.83,2
-122.069394,36.989643,84.37,0.741,2
-122.069088,36.989643,88.53,0.53,2
-122.068782,36.989643,92.58,0.609,2
-122.068476,36.989643,95.32,0.603,2
-122.068169,36.989643,97.03,0.439,2
-122.067863,36.989643,97.8,0.306,2
-122.067557,36.989643,98.24,0.276,2
-122.067251,36.989643,98.65,0.445,2
-122.066944,36.989643,99.02,0.582,2
-122.066638,36.989643,99.2,0.485,2
-122.066332,36.989643,98.99,0.362,2
-122.066026,36.989643,98.44,0.329,2
-122.065719,36.989643,97.81,0.332,2
-122.065413,36.989643,96.59,0.324,2
-122.065107,36.989643,95.54,0.354,2
-122.0648,36.989643,94.77,0.421,2
-122.064494,36.989643,94.19,0.366,2
-122.064188,36.989643,93.48,0.365,2
-122.063882,36.989643,91.42,0.435,2
-122.063575,36.989643,88.63,0.494,2
-122.063269,36.989643,86.32,0.492,2
-122.062963,36.989643,84.03,0.418,2
-122.062657,36.989643,82.08,0.403,1
-122.06235,36.989643,80.28,0.827,2
-122.062044,36.989643,81.1,0.844,2
-122.061738,36.989643,83.36,0.756,2
-122.061432,36.989643,86.9,0.533,2
-122.061125,36.989643,90.54,0.404,2
-122.060819,36.989643,94.75,0.342,2
-122.060513,36.989643,97.69,0.317,2
-122.060207,36.989643,98.94,0.316,2
-122.0599,36.989643,99.7,0.314,2
-122.059594,36.989643,100.01,0.305,2
-122.059288,36.989643,100.08,0.3,2
-122.058982,36.989643,99.68,0.3,2
-122.058675,36.989643,99.4,0.317,2
-122.058369,36.989643,99.06,0.4,2
-122.058063,36.989643,98.54,0.437,2
-122.057757,36.989643,98.03,0.414,2
-122.05745,36.989643,97.45,0.365,2
-122.057144,36.989643,96.72,0.324,2
-122.056838,36.989643,95.68,0.308,2
-122.056532,36.989643,94.23,0.32,2
-122.056225,36.989643,92.41,0.372,2
-122.055919,36.989643,90.41,0.514,2
-122.055613,36.989643,90.16,0.779,2
-122.055307,36.989643,90.92,0.788,2
-122.055,36.989643,93.87,0.497,2
-122.054694,36.989643,96.5,0.302,2
-122.054388,36.989643,98.18,0.243,2
-122.054082,36.989643,99.03,0.319,2
-122.053775,36.989643,99.42,0.37,2
-122.053469,36.989643,99.53,0.326,2
-122.053163,36.989643,99.29,0.284,2
-122.052856,36.989643,98.8,0.289,2
-122.05255,36.989643,98.56,0.301,2
-122.052244,36.989643,98.28,0.304,2
-122.051938,36.989643,97.87,0.306,2
-122.051631,36.989643,97.46,0.309,2
-122.051325,36.989643,97.2,0.322,2
-122.051019,36.989643,97.28,0.326,2
-122.050713,36.989643,97.46,0.321,2
-122.050406,36.989643,97.68,0.319,2
-122.0501,36.989643,97.88,0.322,2
-122.049794,36.989643,97.88,0.32,2
-122.049488,36.989643,97.63,0.311,2
-122.049181,36.989643,97.19,0.296,2
-122.048875,36.989643,96.86,0.353,2
-122.048569,36.989643,95.32,0.505,2
-122.048263,36.989643,93.24,0.584,2
-122.047956,36.989643,89.9,0.62,2
-122.04765,36.989643,88.16,0.574,2
-122.047344,36.989643,87.6,0.494,2
-122.047038,36.989643,87.35,0.452,2
-122.046731,36.989643,87.29,0.455,2
-122.046425,36.989643,87.29,0.478,2
-122.046119,36.989643,87.14,0.55,2
-122.045813,36.989643,87.05,0.638,2
-122.045506,36.989643,86.81,0.665,2
-122.0452,36.989643,86.55,0.621,2
-122.044894,36.989643,85.46,0.642,2
-122.044588,36.989643,84.23,0.682,2
-122.044281,36.989643,82.83,0.7,2
-122.043975,36.989643,80.98,0.744,2
-122.043669,36.989643,78.9,0.794,2
-122.043363,36.989643,77.03,0.827,2
-122.043056,36.989643,75.64,0.852,2
-122.04275,36.989643,74.92,0.844,2
-122.042444,36.989643,74.61,0.834,2
-122.042138,36.989643,74.67,0.847,2
-122.041831,36.989643,75.43,0.85,2
-122.041525,36.989643,77.09,0.843,2
-122.041219,36.989643,79.16,0.812,2
-122.040913,36.989643,83.2,0.78,2
-122.040606,36.989643,86.7,0.731,2
-122.0403,36.989643,89.03,0.648,2
-122.039994,36.989643,90.64,0.531,2
-122.039687,36.989643,91.15,0.449,2
-122.039381,36.989643,91.12,0.536,2
-122.039075,36.989643,90.41,0.696,2
-122.038769,36.989643,88.54,0.657,2
-122.038462,36.989643,87.96,0.592,2
-122.038156,36.989643,88,0.624,2
-122.03785,36.989643,89,0.75,2
-122.037544,36.989643,90.09,0.627,2
-122.037237,36.989643,91.34,0.467,2
-122.036931,36.989643,92.1,0.42,2
-122.083482,36.989337,77.47,0.81,2
-122.083176,36.989337,82.57,0.698,2
-122.08287,36.989337,89.55,0.468,2
-122.082563,36.989337,93.49,0.364,2
-122.082257,36.989337,95.97,0.339,2
-122.081951,36.989337,97.07,0.358,2
-122.081645,36.989337,97.51,0.349,2
-122.081338,36.989337,97.42,0.346,2
-122.081032,36.989337,98.19,0.36,2
-122.080726,36.989337,98.41,0.411,2
-122.08042,36.989337,97.85,0.412,2
-122.080113,36.989337,97,0.361,2
-122.079807,36.989337,95.8,0.373,2
-122.079501,36.989337,94.53,0.427,2
-122.079195,36.989337,92.81,0.453,2
-122.078888,36.989337,89.78,0.551,2
-122.078582,36.989337,86.5,0.784,2
-122.078276,36.989337,83.09,0.84,2
-122.07797,36.989337,77.74,0.843,2
-122.077663,36.989337,74.68,0.841,2
-122.077357,36.989337,73.59,0.837,2
-122.077051,36.989337,73.37,0.84,2
-122.076744,36.989337,73.83,0.852,2
-122.076438,36.989337,74.67,0.847,2
-122.076132,36.989337,75.69,0.832,2
-122.075826,36.989337,76.8,0.837,2
-122.075519,36.989337,77.76,0.786,2
-122.075213,36.989337,78.15,0.612,2
-122.074907,36.989337,77.27,0.712,2
-122.074601,36.989337,75.73,0.826,2
-122.074294,36.989337,74.12,0.866,2
-122.073988,36.989337,72.69,0.87,2
-122.073682,36.989337,71.52,0.872,2
-122.073376,36.989337,70.64,0.872,2
-122.073069,36.989337,70.12,0.869,2
-122.072763,36.989337,69.93,0.865,2
-122.072457,36.989337,69.89,0.869,2
-122.072151,36.989337,70.03,0.866,2
-122.071844,36.989337,70.35,0.869,2
-122.071538,36.989337,70.81,0.862,2
-122.071232,36.989337,71.28,0.865,2
-122.070926,36.989337,72.03,0.864,2
-122.070619,36.989337,73.14,0.857,2
-122.070313,36.989337,74.72,0.852,2
-122.070007,36.989337,77.67,0.84,2
-122.069701,36.989337,82.18,0.785,2
-122.069394,36.989337,86.01,0.655,2
-122.069088,36.989337,90.07,0.508,2
-122.068782,36.989337,93.39,0.644,2
-122.068476,36.989337,95.49,0.662,2
-122.068169,36.989337,96.77,0.432,2
-122.067863,36.989337,97.28,0.305,2
-122.067557,36.989337,97.69,0.441,2
-122.067251,36.989337,98.34,0.643,2
-122.066944,36.989337,99.15,0.599,2
-122.066638,36.989337,99.83,0.364,2
-122.066332,36.989337,100.01,0.286,2
-122.066026,36.989337,99.54,0.321,2
-122.065719,36.989337,98.77,0.333,2
-122.065413,36.989337,97.45,0.342,2
-122.065107,36.989337,96.46,0.262,2
-122.0648,36.989337,95.89,0.277,2
-122.064494,36.989337,95.48,0.276,2
-122.064188,36.989337,94.74,0.342,2
-122.063882,36.989337,92.59,0.399,2
-122.063575,36.989337,89.96,0.359,2
-122.063269,36.989337,87.75,0.328,2
-122.062963,36.989337,84.98,0.46,2
-122.062657,36.989337,82.23,0.654,2
-122.06235,36.989337,80.18,0.846,2
-122.062044,36.989337,79.98,0.841,2
-122.061738,36.989337,81.3,0.804,2
-122.061432,36.989337,84.04,0.657,2
-122.061125,36.989337,87.41,0.55,2
-122.060819,36.989337,92.06,0.431,2
-122.060513,36.989337,95.69,0.34,2
-122.060207,36.989337,97.59,0.314,2
-122.0599,36.989337,98.9,0.318,2
-122.059594,36.989337,99.64,0.31,2
-122.059288,36.989337,99.75,0.305,2
-122.058982,36.989337,99.38,0.313,2
-122.058675,36.989337,99.16,0.308,2
-122.058369,36.989337,98.87,0.333,2
-122.058063,36.989337,98.46,0.354,2
-122.057757,36.989337,98.12,0.358,2
-122.05745,36.989337,97.76,0.365,2
-122.057144,36.989337,97.31,0.351,2
-122.056838,36.989337,96.71,0.323,2
-122.056532,36.989337,95.87,0.311,2
-122.056225,36.989337,94.56,0.323,2
-122.055919,36.989337,92.61,0.407,2
-122.055613,36.989337,92.12,0.738,2
-122.055307,36.989337,92.5,0.696,2
-122.055,36.989337,94.64,0.417,2
-122.054694,36.989337,96.56,0.295,2
-122.054388,36.989337,97.84,0.241,2
-122.054082,36.989337,98.63,0.288,2
-122.053775,36.989337,99.07,0.323,2
-122.053469,36.989337,99.13,0.304,2
-122.053163,36.989337,98.75,0.3,2
-122.052856,36.989337,98.11,0.304,2
-122.05255,36.989337,97.73,0.31,2
-122.052244,36.989337,97.32,0.312,2
-122.051938,36.989337,96.9,0.32,2
-122.051631,36.989337,96.53,0.331,2
-122.051325,36.989337,96.38,0.342,2
-122.051019,36.989337,96.58,0.344,2
-122.050713,36.989337,96.87,0.34,2
-122.050406,36.989337,97.2,0.338,2
-122.0501,36.989337,97.49,0.335,2
-122.049794,36.989337,97.63,0.324,2
-122.049488,36.989337,97.64,0.306,2
-122.049181,36.989337,97.54,0.287,2
-122.048875,36.989337,97.58,0.303,2
-122.048569,36.989337,96.71,0.433,2
-122.048263,36.989337,95.51,0.416,2
-122.047956,36.989337,93.23,0.443,2
-122.04765,36.989337,91.83,0.426,2
-122.047344,36.989337,91.22,0.346,2
-122.047038,36.989337,90.78,0.312,2
-122.046731,36.989337,90.46,0.337,2
-122.046425,36.989337,90.4,0.346,2
-122.046119,36.989337,90.47,0.359,2
-122.045813,36.989337,90.85,0.373,2
-122.045506,36.989337,90.54,0.391,2
-122.0452,36.989337,90.05,0.357,2
-122.044894,36.989337,88.53,0.38,2
-122.044588,36.989337,87.08,0.426,2
-122.044281,36.989337,85.38,0.491,2
-122.043975,36.989337,83.1,0.586,2
-122.043669,36.989337,80.53,0.691,2
-122.043363,36.989337,78.24,0.772,2
-122.043056,36.989337,76.58,0.815,2
-122.04275,36.989337,75.65,0.824,2
-122.042444,36.989337,75.32,0.814,2
-122.042138,36.989337,75.67,0.811,2
-122.041831,36.989337,76.79,0.831,2
-122.041525,36.989337,78.62,0.83,2
-122.041219,36.989337,81.02,0.728,2
-122.040913,36.989337,85.35,0.593,2
-122.040606,36.989337,89.18,0.492,2
-122.0403,36.989337,92.02,0.425,2
-122.039994,36.989337,94,0.38,2
-122.039687,36.989337,94.65,0.375,2
-122.039381,36.989337,94.84,0.43,2
-122.039075,36.989337,94.21,0.514,2
-122.038769,36.989337,92.34,0.579,2
-122.038462,36.989337,91.47,0.562,2
-122.038156,36.989337,91.14,0.575,2
-122.03785,36.989337,91.64,0.686,2
-122.037544,36.989337,92.16,0.628,2
-122.037237,36.989337,92.88,0.447,2
-122.036931,36.989337,93.36,0.339,2
-122.083482,36.989031,77.56,0.835,2
-122.083176,36.989031,82.68,0.723,2
-122.08287,36.989031,89.6,0.494,2
-122.082563,36.989031,93.5,0.396,2
-122.082257,36.989031,95.9,0.36,2
-122.081951,36.989031,97.05,0.37,2
-122.081645,36.989031,97.47,0.359,2
-122.081338,36.989031,97.41,0.348,2
-122.081032,36.989031,96.91,0.35,2
-122.080726,36.989031,96.35,0.405,2
-122.08042,36.989031,95.99,0.421,2
-122.080113,36.989031,95.66,0.37,2
-122.079807,36.989031,95.1,0.355,2
-122.079501,36.989031,94.42,0.4,2
-122.079195,36.989031,93.38,0.46,2
-122.078888,36.989031,92.87,0.439,2
-122.078582,36.989031,89.63,0.638,2
-122.078276,36.989031,85.96,0.799,2
-122.07797,36.989031,79.91,0.835,2
-122.077663,36.989031,76.31,0.829,2
-122.077357,36.989031,74.6,0.819,2
-122.077051,36.989031,73.62,0.829,2
-122.076744,36.989031,73.31,0.853,2
-122.076438,36.989031,73.51,0.865,2
-122.076132,36.989031,74.06,0.864,2
-122.075826,36.989031,74.83,0.863,2
-122.075519,36.989031,75.7,0.855,2
-122.075213,36.989031,76.48,0.714,2
-122.074907,36.989031,76.65,0.618,2
-122.074601,36.989031,75.81,0.722,2
-122.074294,36.989031,74.48,0.843,2
-122.073988,36.989031,73.05,0.882,2
-122.073682,36.989031,71.82,0.869,2
-122.073376,36.989031,70.89,0.858,2
-122.073069,36.989031,70.27,0.859,2
-122.072763,36.989031,70.02,0.86,2
-122.072457,36.989031,69.98,0.865,2
-122.072151,36.989031,70.13,0.866,2
-122.071844,36.989031,70.44,0.87,2
-122.071538,36.989031,70.92,0.865,2
-122.071232,36.989031,71.49,0.862,2
-122.070926,36.989031,72.42,0.853,2
-122.070619,36.989031,73.76,0.853,2
-122.070313,36.989031,75.56,0.858,2
-122.070007,36.989031,78.95,0.823,2
-122.069701,36.989031,84.09,0.687,2
-122.069394,36.989031,88.15,0.482,2
-122.069088,36.989031,92.12,0.451,2
-122.068782,36.989031,94.75,0.494,2
-122.068476,36.989031,96.31,0.486,2
-122.068169,36.989031,96.96,0.367,2
-122.067863,36.989031,97.09,0.452,2
-122.067557,36.989031,97.47,0.572,2
-122.067251,36.989031,98.38,0.537,2
-122.066944,36.989031,99.59,0.385,2
-122.066638,36.989031,100.62,0.277,2
-122.066332,36.989031,100.99,0.277,2
-122.066026,36.989031,100.58,0.308,2
-122.065719,36.989031,100.16,0.317,2
-122.065413,36.989031,98.86,0.281,2
-122.065107,36.989031,98.05,0.24,2
-122.0648,36.989031,97.37,0.278,2
-122.064494,36.989031,96.95,0.279,2
-122.064188,36.989031,96.11,0.327,2
-122.063882,36.989031,94.06,0.36,2
-122.063575,36.989031,91.58,0.34,2
-122.063269,36.989031,89.49,0.305,2
-122.062963,36.989031,87.08,0.357,1
-122.062657,36.989031,83.98,0.631,2
-122.06235,36.989031,81.71,0.782,2
-122.062044,36.989031,80.36,0.824,2
-122.061738,36.989031,80.66,0.813,2
-122.061432,36.989031,82.62,0.763,2
-122.061125,36.989031,85.42,0.703,2
-122.060819,36.989031,89.86,0.602,2
-122.060513,36.989031,93.67,0.486,2
-122.060207,36.989031,96.04,0.39,2
-122.0599,36.989031,97.83,0.333,2
-122.059594,36.989031,98.91,0.322,2
-122.059288,36.989031,99.17,0.322,2
-122.058982,36.989031,98.79,0.328,2
-122.058675,36.989031,98.64,0.309,2
-122.058369,36.989031,98.5,0.294,2
-122.058063,36.989031,98.41,0.299,2
-122.057757,36.989031,98.31,0.306,2
-122.05745,36.989031,98.16,0.339,2
-122.057144,36.989031,97.96,0.348,2
-122.056838,36.989031,97.7,0.328,2
-122.056532,36.989031,97.32,0.311,2
-122.056225,36.989031,96.5,0.298,2
-122.055919,36.989031,94.78,0.315,2
-122.055613,36.989031,94.23,0.417,2
-122.055307,36.989031,94.21,0.442,2
-122.055,36.989031,95.36,0.356,2
-122.054694,36.989031,96.6,0.334,2
-122.054388,36.989031,97.91,0.261,2
-122.054082,36.989031,98.67,0.252,2
-122.053775,36.989031,98.94,0.284,2
-122.053469,36.989031,98.92,0.307,2
-122.053163,36.989031,98.59,0.322,2
-122.052856,36.989031,98.08,0.321,2
-122.05255,36.989031,97.59,0.322,2
-122.052244,36.989031,97.09,0.328,2
-122.051938,36.989031,96.59,0.338,2
-122.051631,36.989031,96.19,0.35,2
-122.051325,36.989031,96.08,0.355,2
-122.051019,36.989031,96.42,0.349,2
-122.050713,36.989031,96.84,0.347,2
-122.050406,36.989031,97.23,0.351,2
-122.0501,36.989031,97.61,0.352,2
-122.049794,36.989031,97.92,0.344,2
-122.049488,36.989031,98.15,0.327,2
-122.049181,36.989031,98.25,0.301,2
-122.048875,36.989031,98.32,0.324,2
-122.048569,36.989031,97.77,0.522,2
-122.048263,36.989031,97,0.441,2
-122.047956,36.989031,94.94,0.433,2
-122.04765,36.989031,93.7,0.403,2
-122.047344,36.989031,92.91,0.392,2
-122.047038,36.989031,92.06,0.48,2
-122.046731,36.989031,91.63,0.521,2
-122.046425,36.989031,91.97,0.401,2
-122.046119,36.989031,92.43,0.319,2
-122.045813,36.989031,92.52,0.334,2
-122.045506,36.989031,91.86,0.356,2
-122.0452,36.989031,90.98,0.351,2
-122.044894,36.989031,89.19,0.363,2
-122.044588,36.989031,87.34,0.39,2
-122.044281,36.989031,85.4,0.454,2
-122.043975,36.989031,83.06,0.559,2
-122.043669,36.989031,80.61,0.66,2
-122.043363,36.989031,78.48,0.73,2
-122.043056,36.989031,76.91,0.779,2
-122.04275,36.989031,76.01,0.816,2
-122.042444,36.989031,75.88,0.803,2
-122.042138,36.989031,76.67,0.79,2
-122.041831,36.989031,78.14,0.82,2
-122.041525,36.989031,80.18,0.806,2
-122.041219,36.989031,82.78,0.664,2
-122.040913,36.989031,87.15,0.5,2
-122.040606,36.989031,90.8,0.402,2
-122.0403,36.989031,93.52,0.381,2
-122.039994,36.989031,95.51,0.4,2
-122.039687,36.989031,96.33,0.407,2
-122.039381,36.989031,96.75,0.385,2
-122.039075,36.989031,96.49,0.435,2
-122.038769,36.989031,95.59,0.551,2
-122.038462,36.989031,94.87,0.581,2
-122.038156,36.989031,94.49,0.548,2
-122.03785,36.989031,94.33,0.566,2
-122.037544,36.989031,94.33,0.633,2
-122.037237,36.989031,94.55,0.692,2
-122.036931,36.989031,94.72,0.711,2
-122.083482,36.988724,77.25,0.852,3
-122.083176,36.988724,82.35,0.763,3
-122.08287,36.988724,89.32,0.551,2
-122.082563,36.988724,93.11,0.416,2
-122.082257,36.988724,95.46,0.359,2
-122.081951,36.988724,96.76,0.383,2
-122.081645,36.988724,97.23,0.374,2
-122.081338,36.988724,97.17,0.357,2
-122.081032,36.988724,95.84,0.361,2
-122.080726,36.988724,94.8,0.427,2
-122.08042,36.988724,94.59,0.453,2
-122.080113,36.988724,94.66,0.391,2
-122.079807,36.988724,94.7,0.338,2
-122.079501,36.988724,94.64,0.352,2
-122.079195,36.988724,94.21,0.36,2
-122.078888,36.988724,95.29,0.339,2
-122.078582,36.988724,92.21,0.459,2
-122.078276,36.988724,88.51,0.72,2
-122.07797,36.988724,82.03,0.81,2
-122.077663,36.988724,78.01,0.821,2
-122.077357,36.988724,75.7,0.815,2
-122.077051,36.988724,74.02,0.828,2
-122.076744,36.988724,73.14,0.85,2
-122.076438,36.988724,73.02,0.852,2
-122.076132,36.988724,73.27,0.846,2
-122.075826,36.988724,73.7,0.854,2
-122.075519,36.988724,74.39,0.862,2
-122.075213,36.988724,75.1,0.782,2
-122.074907,36.988724,75.59,0.59,2
-122.074601,36.988724,75.21,0.657,2
-122.074294,36.988724,74.13,0.816,2
-122.073988,36.988724,72.87,0.883,2
-122.073682,36.988724,71.82,0.866,2
-122.073376,36.988724,71.02,0.848,2
-122.073069,36.988724,70.4,0.853,2
-122.072763,36.988724,70.07,0.862,2
-122.072457,36.988724,70.01,0.875,2
-122.072151,36.988724,70.16,0.876,2
-122.071844,36.988724,70.51,0.867,2
-122.071538,36.988724,71,0.863,2
-122.071232,36.988724,71.65,0.861,2
-122.070926,36.988724,72.71,0.853,2
-122.070619,36.988724,74.22,0.853,2
-122.070313,36.988724,76.19,0.858,2
-122.070007,36.988724,80.09,0.765,2
-122.069701,36.988724,86.06,0.535,2
-122.069394,36.988724,90.35,0.398,2
-122.069088,36.988724,94.19,0.46,2
-122.068782,36.988724,95.87,0.427,2
-122.068476,36.988724,96.95,0.385,2
-122.068169,36.988724,97.04,0.37,2
-122.067863,36.988724,96.94,0.534,2
-122.067557,36.988724,97.5,0.507,2
-122.067251,36.988724,98.84,0.367,2
-122.066944,36.988724,100.41,0.264,2
-122.066638,36.988724,101.58,0.235,2
-122.066332,36.988724,101.93,0.27,2
-122.066026,36.988724,101.72,0.336,2
-122.065719,36.988724,102.54,0.434,2
-122.065413,36.988724,101.42,0.449,2
-122.065107,36.988724,100.76,0.28,2
-122.0648,36.988724,99.26,0.354,2
-122.064494,36.988724,98.58,0.368,2
-122.064188,36.988724,97.64,0.437,2
-122.063882,36.988724,96.4,0.436,2
-122.063575,36.988724,94.73,0.371,2
-122.063269,36.988724,92.58,0.358,2
-122.062963,36.988724,90.14,0.433,2
-122.062657,36.988724,87.02,0.595,2
-122.06235,36.988724,84.95,0.642,2
-122.062044,36.988724,83.13,0.811,2
-122.061738,36.988724,82.6,0.821,2
-122.061432,36.988724,83.84,0.812,2
-122.061125,36.988724,86.28,0.794,2
-122.060819,36.988724,89.5,0.738,2
-122.060513,36.988724,92.54,0.623,2
-122.060207,36.988724,95.04,0.492,2
-122.0599,36.988724,96.77,0.386,2
-122.059594,36.988724,97.49,0.318,2
-122.059288,36.988724,97.82,0.326,2
-122.058982,36.988724,97.36,0.319,2
-122.058675,36.988724,97.15,0.299,2
-122.058369,36.988724,97.21,0.281,2
-122.058063,36.988724,98.83,0.284,2
-122.057757,36.988724,99.38,0.285,2
-122.05745,36.988724,99.41,0.292,2
-122.057144,36.988724,99.33,0.311,2
-122.056838,36.988724,99.15,0.328,2
-122.056532,36.988724,98.9,0.332,2
-122.056225,36.988724,97.95,0.325,2
-122.055919,36.988724,95.28,0.308,2
-122.055613,36.988724,94.51,0.284,2
-122.055307,36.988724,94.06,0.281,2
-122.055,36.988724,95.34,0.324,2
-122.054694,36.988724,96.39,0.414,2
-122.054388,36.988724,97.67,0.308,2
-122.054082,36.988724,98.44,0.249,2
-122.053775,36.988724,98.74,0.272,2
-122.053469,36.988724,98.77,0.304,2
-122.053163,36.988724,98.56,0.322,2
-122.052856,36.988724,98.17,0.334,2
-122.05255,36.988724,97.75,0.342,2
-122.052244,36.988724,97.32,0.344,2
-122.051938,36.988724,96.86,0.343,2
-122.051631,36.988724,96.48,0.349,2
-122.051325,36.988724,96.37,0.353,2
-122.051019,36.988724,96.73,0.351,2
-122.050713,36.988724,97.14,0.349,2
-122.050406,36.988724,97.5,0.35,2
-122.0501,36.988724,97.88,0.348,2
-122.049794,36.988724,98.25,0.346,2
-122.049488,36.988724,98.58,0.343,2
-122.049181,36.988724,98.79,0.317,2
-122.048875,36.988724,98.88,0.322,2
-122.048569,36.988724,98.35,0.551,2
-122.048263,36.988724,97.51,0.525,2
-122.047956,36.988724,95.13,0.477,2
-122.04765,36.988724,93.7,0.415,2
-122.047344,36.988724,92.37,0.527,2
-122.047038,36.988724,91.09,0.708,2
-122.046731,36.988724,90.68,0.708,2
-122.046425,36.988724,91.26,0.505,2
-122.046119,36.988724,91.98,0.36,2
-122.045813,36.988724,91.98,0.405,2
-122.045506,36.988724,91.19,0.444,2
-122.0452,36.988724,89.94,0.458,2
-122.044894,36.988724,87.86,0.536,2
-122.044588,36.988724,85.74,0.586,2
-122.044281,36.988724,83.92,0.556,2
-122.043975,36.988724,81.86,0.617,2
-122.043669,36.988724,79.73,0.729,2
-122.043363,36.988724,77.97,0.778,2
-122.043056,36.988724,76.72,0.783,2
-122.04275,36.988724,76.06,0.81,2
-122.042444,36.988724,76.14,0.82,2
-122.042138,36.988724,77.22,0.806,2
-122.041831,36.988724,79.02,0.818,2
-122.041525,36.988724,81.24,0.785,2
-122.041219,36.988724,83.95,0.632,2
-122.040913,36.988724,88.3,0.556,2
-122.040606,36.988724,91.67,0.53,2
-122.0403,36.988724,94.04,0.552,2
-122.039994,36.988724,95.93,0.596,2
-122.039687,36.988724,97.09,0.581,2
-122.039381,36.988724,97.93,0.494,2
-122.039075,36.988724,98.25,0.444,2
-122.038769,36.988724,98.43,0.432,2
-122.038462,36.988724,98.02,0.436,2
-122.038156,36.988724,97.7,0.441,2
-122.03785,36.988724,97,0.466,2
-122.037544,36.988724,96.71,0.398,2
-122.037237,36.988724,96.71,0.457,2
-122.036931,36.988724,96.73,0.539,2
-122.083482,36.988418,77.65,0.845,2
-122.083176,36.988418,82.54,0.779,2
-122.08287,36.988418,88.97,0.581,2
-122.082563,36.988418,92.61,0.4,2
-122.082257,36.988418,94.97,0.398,2
-122.081951,36.988418,96.36,0.397,2
-122.081645,36.988418,96.81,0.371,2
-122.081338,36.988418,96.63,0.354,2
-122.081032,36.988418,95.22,0.355,2
-122.080726,36.988418,94.28,0.417,2
-122.08042,36.988418,94.3,0.428,2
-122.080113,36.988418,94.72,0.361,2
-122.079807,36.988418,95.31,0.321,2
-122.079501,36.988418,95.98,0.326,2
-122.079195,36.988418,96.06,0.315,2
-122.078888,36.988418,96.92,0.305,2
-122.078582,36.988418,94.18,0.378,2
-122.078276,36.988418,90.73,0.518,2
-122.07797,36.988418,84.35,0.584,2
-122.077663,36.988418,79.69,0.719,2
-122.077357,36.988418,76.59,0.814,2
-122.077051,36.988418,74.43,0.843,2
-122.076744,36.988418,73.27,0.846,2
-122.076438,36.988418,72.88,0.834,2
-122.076132,36.988418,72.84,0.825,2
-122.075826,36.988418,72.96,0.829,2
-122.075519,36.988418,73.33,0.827,2
-122.075213,36.988418,73.74,0.82,2
-122.074907,36.988418,73.96,0.752,2
-122.074601,36.988418,73.71,0.78,2
-122.074294,36.988418,73.02,0.848,2
-122.073988,36.988418,72.19,0.874,2
-122.073682,36.988418,71.44,0.864,2
-122.073376,36.988418,70.82,0.857,2
-122.073069,36.988418,70.32,0.859,2
-122.072763,36.988418,70.07,0.864,2
-122.072457,36.988418,70.02,0.876,2
-122.072151,36.988418,70.17,0.877,2
-122.071844,36.988418,70.55,0.869,2
-122.071538,36.988418,71.07,0.86,2
-122.071232,36.988418,71.79,0.858,2
-122.070926,36.988418,72.94,0.853,2
-122.070619,36.988418,74.56,0.854,2
-122.070313,36.988418,76.69,0.854,2
-122.070007,36.988418,80.93,0.716,2
-122.069701,36.988418,87.24,0.436,2
-122.069394,36.988418,91.64,0.353,2
-122.069088,36.988418,95.12,0.451,2
-122.068782,36.988418,96.42,0.465,2
-122.068476,36.988418,97.15,0.408,2
-122.068169,36.988418,97,0.418,2
-122.067863,36.988418,96.86,0.571,2
-122.067557,36.988418,97.6,0.462,2
-122.067251,36.988418,99.17,0.312,2
-122.066944,36.988418,100.85,0.249,2
-122.066638,36.988418,101.98,0.229,2
-122.066332,36.988418,102.29,0.264,2
-122.066026,36.988418,102.27,0.34,2
-122.065719,36.988418,103.47,0.406,2
-122.065413,36.988418,102.68,0.369,2
-122.065107,36.988418,102.16,0.35,2
-122.0648,36.988418,100.55,0.409,2
-122.064494,36.988418,99.78,0.378,2
-122.064188,36.988418,98.59,0.456,2
-122.063882,36.988418,97.07,0.562,2
-122.063575,36.988418,95.2,0.557,2
-122.063269,36.988418,93.07,0.53,2
-122.062963,36.988418,90.81,0.623,2
-122.062657,36.988418,87.88,0.723,2
-122.06235,36.988418,85.82,0.715,2
-122.062044,36.988418,84.05,0.806,2
-122.061738,36.988418,83.35,0.823,2
-122.061432,36.988418,84.06,0.814,2
-122.061125,36.988418,85.92,0.778,2
-122.060819,36.988418,88.77,0.651,2
-122.060513,36.988418,91.74,0.525,2
-122.060207,36.988418,94.34,0.463,2
-122.0599,36.988418,96.03,0.407,2
-122.059594,36.988418,96.5,0.327,2
-122.059288,36.988418,96.8,0.335,2
-122.058982,36.988418,96.67,0.321,2
-122.058675,36.988418,96.38,0.318,2
-122.058369,36.988418,96.65,0.278,2
-122.058063,36.988418,98.52,0.279,2
-122.057757,36.988418,99.23,0.28,2
-122.05745,36.988418,99.43,0.283,2
-122.057144,36.988418,99.44,0.296,2
-122.056838,36.988418,99.25,0.313,2
-122.056532,36.988418,98.94,0.335,2
-122.056225,36.988418,97.83,0.37,2
-122.055919,36.988418,94.9,0.405,2
-122.055613,36.988418,93.81,0.444,2
-122.055307,36.988418,93.11,0.552,2
-122.055,36.988418,94.49,0.564,2
-122.054694,36.988418,95.65,0.477,2
-122.054388,36.988418,97.16,0.304,2
-122.054082,36.988418,98.1,0.253,2
-122.053775,36.988418,98.48,0.28,2
-122.053469,36.988418,98.55,0.297,2
-122.053163,36.988418,98.4,0.304,2
-122.052856,36.988418,98.17,0.319,2
-122.05255,36.988418,97.92,0.328,2
-122.052244,36.988418,97.69,0.322,2
-122.051938,36.988418,97.49,0.317,2
-122.051631,36.988418,97.25,0.321,2
-122.051325,36.988418,97.23,0.316,2
-122.051019,36.988418,97.62,0.315,2
-122.050713,36.988418,97.98,0.323,2
-122.050406,36.988418,98.28,0.327,2
-122.0501,36.988418,98.57,0.325,2
-122.049794,36.988418,98.86,0.321,2
-122.049488,36.988418,99.13,0.317,2
-122.049181,36.988418,99.29,0.301,2
-122.048875,36.988418,99.34,0.268,2
-122.048569,36.988418,98.65,0.405,2
-122.048263,36.988418,97.49,0.412,2
-122.047956,36.988418,94.72,0.429,2
-122.04765,36.988418,92.84,0.359,2
-122.047344,36.988418,90.95,0.452,2
-122.047038,36.988418,89.09,0.672,2
-122.046731,36.988418,88.08,0.778,2
-122.046425,36.988418,88.11,0.677,2
-122.046119,36.988418,88.63,0.525,2
-122.045813,36.988418,88.91,0.473,2
-122.045506,36.988418,88.19,0.58,2
-122.0452,36.988418,87.16,0.541,2
-122.044894,36.988418,85.19,0.681,2
-122.044588,36.988418,83.35,0.741,2
-122.044281,36.988418,81.84,0.714,2
-122.043975,36.988418,80.21,0.734,2
-122.043669,36.988418,78.53,0.795,2
-122.043363,36.988418,77.13,0.824,2
-122.043056,36.988418,76.26,0.816,2
-122.04275,36.988418,76.03,0.82,2
-122.042444,36.988418,76.34,0.825,2
-122.042138,36.988418,77.4,0.825,2
-122.041831,36.988418,79.24,0.808,2
-122.041525,36.988418,81.5,0.775,2
-122.041219,36.988418,84.09,0.695,2
-122.040913,36.988418,88.67,0.719,2
-122.040606,36.988418,92.14,0.69,2
-122.0403,36.988418,94.46,0.606,2
-122.039994,36.988418,96.31,0.53,2
-122.039687,36.988418,97.65,0.475,2
-122.039381,36.988418,98.93,0.413,2
-122.039075,36.988418,99.75,0.284,2
-122.038769,36.988418,100.4,0.252,2
-122.038462,36.988418,100.24,0.309,2
-122.038156,36.988418,100.01,0.332,2
-122.03785,36.988418,99.43,0.259,2
-122.037544,36.988418,99.35,0.142,2
-122.037237,36.988418,99.57,0.165,2
-122.036931,36.988418,99.69,0.222,2
-122.083482,36.988112,77.79,0.845,2
-122.083176,36.988112,82.09,0.772,2
-122.08287,36.988112,87.85,0.573,2
-122.082563,36.988112,91.42,0.364,2
-122.082257,36.988112,93.87,0.417,2
-122.081951,36.988112,95.49,0.38,2
-122.081645,36.988112,95.81,0.362,2
-122.081338,36.988112,95.26,0.361,2
-122.081032,36.988112,93.65,0.367,2
-122.080726,36.988112,92.74,0.429,2
-122.08042,36.988112,92.91,0.43,2
-122.080113,36.988112,93.67,0.361,2
-122.079807,36.988112,94.72,0.328,2
-122.079501,36.988112,95.79,0.329,2
-122.079195,36.988112,96.43,0.324,2
-122.078888,36.988112,97.7,0.321,2
-122.078582,36.988112,95.67,0.345,2
-122.078276,36.988112,92.67,0.374,2
-122.07797,36.988112,86.66,0.415,2
-122.077663,36.988112,81.56,0.616,2
-122.077357,36.988112,77.84,0.791,2
-122.077051,36.988112,75.25,0.842,2
-122.076744,36.988112,73.74,0.803,2
-122.076438,36.988112,73.01,0.769,2
-122.076132,36.988112,72.55,0.817,2
-122.075826,36.988112,72.44,0.817,2
-122.075519,36.988112,72.53,0.817,2
-122.075213,36.988112,72.63,0.834,2
-122.074907,36.988112,72.52,0.846,2
-122.074601,36.988112,72.32,0.855,2
-122.074294,36.988112,71.94,0.871,2
-122.073988,36.988112,71.47,0.869,2
-122.073682,36.988112,70.97,0.862,2
-122.073376,36.988112,70.52,0.861,2
-122.073069,36.988112,70.18,0.857,2
-122.072763,36.988112,70.01,0.858,2
-122.072457,36.988112,69.96,0.869,2
-122.072151,36.988112,70.15,0.874,2
-122.071844,36.988112,70.54,0.874,2
-122.071538,36.988112,71.12,0.864,2
-122.071232,36.988112,71.89,0.865,2
-122.070926,36.988112,73.12,0.854,2
-122.070619,36.988112,74.82,0.848,2
-122.070313,36.988112,77.11,0.846,2
-122.070007,36.988112,81.61,0.715,2
-122.069701,36.988112,88.07,0.443,2
-122.069394,36.988112,92.56,0.318,2
-122.069088,36.988112,95.74,0.356,2
-122.068782,36.988112,96.78,0.331,2
-122.068476,36.988112,97.28,0.313,2
-122.068169,36.988112,97.12,0.417,2
-122.067863,36.988112,96.95,0.604,2
-122.067557,36.988112,97.56,0.516,2
-122.067251,36.988112,98.87,0.336,2
-122.066944,36.988112,100.29,0.251,2
-122.066638,36.988112,101.34,0.247,2
-122.066332,36.988112,101.84,0.272,2
-122.066026,36.988112,102.25,0.32,2
-122.065719,36.988112,103.92,0.346,2
-122.065413,36.988112,103.55,0.347,2
-122.065107,36.988112,103.27,0.399,2
-122.0648,36.988112,101.7,0.394,2
-122.064494,36.988112,101.63,0.327,2
-122.064188,36.988112,100.39,0.328,2
-122.063882,36.988112,97.71,0.457,2
-122.063575,36.988112,94.95,0.624,2
-122.063269,36.988112,92.88,0.703,2
-122.062963,36.988112,91.03,0.722,2
-122.062657,36.988112,88.77,0.784,2
-122.06235,36.988112,87.02,0.711,2
-122.062044,36.988112,85.56,0.758,2
-122.061738,36.988112,85.01,0.818,2
-122.061432,36.988112,85.36,0.821,2
-122.061125,36.988112,86.5,0.727,2
-122.060819,36.988112,88.91,0.533,2
-122.060513,36.988112,91.69,0.41,2
-122.060207,36.988112,94.12,0.372,2
-122.0599,36.988112,95.51,0.346,2
-122.059594,36.988112,95.69,0.342,2
-122.059288,36.988112,95.83,0.387,2
-122.058982,36.988112,95.7,0.388,2
-122.058675,36.988112,95.6,0.378,2
-122.058369,36.988112,96.05,0.314,2
-122.058063,36.988112,97.55,0.295,2
-122.057757,36.988112,98.3,0.288,2
-122.05745,36.988112,98.66,0.284,2
-122.057144,36.988112,98.81,0.289,2
-122.056838,36.988112,98.7,0.302,2
-122.056532,36.988112,98.36,0.312,2
-122.056225,36.988112,97.16,0.332,2
-122.055919,36.988112,94.35,0.42,2
-122.055613,36.988112,92.96,0.573,2
-122.055307,36.988112,92.07,0.785,2
-122.055,36.988112,93.26,0.76,2
-122.054694,36.988112,94.58,0.526,2
-122.054388,36.988112,96.28,0.301,2
-122.054082,36.988112,97.46,0.271,2
-122.053775,36.988112,97.92,0.305,2
-122.053469,36.988112,97.97,0.304,2
-122.053163,36.988112,97.88,0.293,2
-122.052856,36.988112,97.82,0.294,2
-122.05255,36.988112,97.77,0.298,2
-122.052244,36.988112,97.76,0.296,2
-122.051938,36.988112,97.75,0.293,2
-122.051631,36.988112,97.84,0.29,2
-122.051325,36.988112,98.03,0.285,2
-122.051019,36.988112,98.54,0.277,2
-122.050713,36.988112,98.95,0.283,2
-122.050406,36.988112,99.25,0.291,2
-122.0501,36.988112,99.45,0.293,2
-122.049794,36.988112,99.59,0.293,2
-122.049488,36.988112,99.74,0.289,2
-122.049181,36.988112,99.72,0.279,2
-122.048875,36.988112,99.55,0.252,2
-122.048569,36.988112,98.74,0.374,2
-122.048263,36.988112,97.46,0.42,2
-122.047956,36.988112,94.81,0.447,2
-122.04765,36.988112,92.68,0.416,2
-122.047344,36.988112,90.27,0.557,2
-122.047038,36.988112,87.86,0.748,2
-122.046731,36.988112,86.14,0.833,2
-122.046425,36.988112,85.13,0.822,2
-122.046119,36.988112,84.46,0.78,2
-122.045813,36.988112,83.85,0.742,2
-122.045506,36.988112,83.25,0.747,2
-122.0452,36.988112,82.52,0.688,2
-122.044894,36.988112,81.28,0.749,2
-122.044588,36.988112,80.16,0.792,2
-122.044281,36.988112,79.27,0.777,2
-122.043975,36.988112,78.26,0.782,2
-122.043669,36.988112,77.22,0.807,2
-122.043363,36.988112,76.36,0.825,2
-122.043056,36.988112,75.88,0.832,2
-122.04275,36.988112,75.93,0.827,2
-122.042444,36.988112,76.41,0.814,2
-122.042138,36.988112,77.37,0.824,2
-122.041831,36.988112,79.14,0.781,2
-122.041525,36.988112,81.46,0.715,2
-122.041219,36.988112,84.04,0.672,2
-122.040913,36.988112,88.84,0.716,2
-122.040606,36.988112,92.64,0.69,2
-122.0403,36.988112,95.22,0.538,2
-122.039994,36.988112,97.16,0.336,2
-122.039687,36.988112,98.56,0.21,2
-122.039381,36.988112,99.97,0.186,2
-122.039075,36.988112,100.97,0.083,2
-122.038769,36.988112,101.8,0.12,2
-122.038462,36.988112,101.84,0.22,2
-122.038156,36.988112,101.75,0.142,2
-122.03785,36.988112,101.44,0.066,2
-122.037544,36.988112,101.82,0.07,2
-122.037237,36.988112,102.6,0.119,2
-122.036931,36.988112,102.99,0.146,2
-122.083176,36.987805,80.61,0.778,2
-122.08287,36.987805,84.86,0.59,2
-122.082563,36.987805,88.69,0.376,2
-122.082257,36.987805,90.97,0.48,2
-122.081951,36.987805,92.7,0.412,2
-122.081645,36.987805,92.93,0.371,2
-122.081338,36.987805,91.9,0.382,2
-122.081032,36.987805,90.59,0.391,2
-122.080726,36.987805,89.74,0.464,2
-122.08042,36.987805,89.52,0.559,2
-122.080113,36.987805,90.34,0.569,2
-122.079807,36.987805,92.05,0.491,2
-122.079501,36.987805,93.61,0.413,2
-122.079195,36.987805,94.67,0.344,2
-122.078888,36.987805,94.52,0.346,2
-122.078582,36.987805,93.37,0.425,2
-122.078276,36.987805,90.9,0.463,2
-122.07797,36.987805,86.86,0.503,2
-122.077663,36.987805,82.24,0.703,2
-122.077357,36.987805,78.58,0.817,2
-122.077051,36.987805,75.97,0.824,2
-122.076744,36.987805,74.08,0.811,2
-122.076438,36.987805,72.91,0.81,2
-122.076132,36.987805,72.47,0.829,2
-122.075826,36.987805,72.34,0.82,2
-122.075519,36.987805,72.2,0.824,2
-122.075213,36.987805,72.05,0.853,2
-122.074907,36.987805,71.85,0.862,2
-122.074601,36.987805,71.65,0.86,2
-122.074294,36.987805,71.38,0.872,2
-122.073988,36.987805,71.01,0.871,2
-122.073682,36.987805,70.62,0.868,2
-122.073376,36.987805,70.3,0.866,2
-122.073069,36.987805,70.07,0.857,2
-122.072763,36.987805,69.93,0.856,2
-122.072457,36.987805,69.91,0.858,2
-122.072151,36.987805,70.1,0.868,2
-122.071844,36.987805,70.52,0.873,2
-122.071538,36.987805,71.14,0.868,2
-122.071232,36.987805,71.94,0.87,2
-122.070926,36.987805,73.19,0.858,2
-122.070619,36.987805,74.92,0.846,2
-122.070313,36.987805,77.36,0.84,2
-122.070007,36.987805,81.36,0.713,2
-122.069701,36.987805,86.77,0.448,2
-122.069394,36.987805,91.65,0.303,2
-122.069088,36.987805,95.02,0.292,2
-122.068782,36.987805,97.63,0.209,2
-122.068476,36.987805,98.01,0.239,2
-122.068169,36.987805,97.87,0.407,2
-122.067863,36.987805,97.29,0.563,2
-122.067557,36.987805,97.36,0.596,2
-122.067251,36.987805,98.01,0.432,2
-122.066944,36.987805,98.94,0.273,2
-122.066638,36.987805,99.9,0.249,2
-122.066332,36.987805,100.65,0.278,2
-122.066026,36.987805,101.47,0.3,2
-122.065719,36.987805,103.3,0.293,2
-122.065413,36.987805,103.4,0.304,2
-122.065107,36.987805,103.5,0.339,2
-122.0648,36.987805,103.4,0.314,2
-122.064494,36.987805,103.31,0.287,2
-122.064188,36.987805,101.72,0.281,2
-122.063882,36.987805,98.08,0.382,2
-122.063575,36.987805,94.62,0.624,2
-122.063269,36.987805,92.71,0.758,2
-122.062963,36.987805,91.43,0.621,2
-122.062657,36.987805,90.12,0.514,2
-122.06235,36.987805,89.06,0.533,2
-122.062044,36.987805,87.99,0.747,2
-122.061738,36.987805,87.43,0.821,2
-122.061432,36.987805,87.33,0.821,2
-122.061125,36.987805,87.79,0.652,2
-122.060819,36.987805,89.88,0.472,2
-122.060513,36.987805,92.48,0.38,2
-122.060207,36.987805,94.61,0.341,2
-122.0599,36.987805,95.57,0.338,2
-122.059594,36.987805,95.44,0.392,2
-122.059288,36.987805,95.42,0.451,2
-122.058982,36.987805,95.2,0.443,2
-122.058675,36.987805,95.09,0.428,2
-122.058369,36.987805,95.62,0.378,2
-122.058063,36.987805,96.31,0.332,2
-122.057757,36.987805,96.97,0.302,2
-122.05745,36.987805,97.45,0.292,2
-122.057144,36.987805,97.71,0.292,2
-122.056838,36.987805,97.73,0.298,2
-122.056532,36.987805,97.47,0.3,2
-122.056225,36.987805,96.44,0.331,2
-122.055919,36.987805,94.25,0.495,2
-122.055613,36.987805,92.75,0.749,2
-122.055307,36.987805,91.85,0.628,2
-122.055,36.987805,92.52,0.602,2
-122.054694,36.987805,93.95,0.453,2
-122.054388,36.987805,95.64,0.288,2
-122.054082,36.987805,96.96,0.293,2
-122.053775,36.987805,97.43,0.328,2
-122.053469,36.987805,97.35,0.318,2
-122.053163,36.987805,97.28,0.301,2
-122.052856,36.987805,97.31,0.294,2
-122.05255,36.987805,97.36,0.293,2
-122.052244,36.987805,97.46,0.296,2
-122.051938,36.987805,97.58,0.299,2
-122.051631,36.987805,97.8,0.302,2
-122.051325,36.987805,98.11,0.302,2
-122.051019,36.987805,98.89,0.294,2
-122.050713,36.987805,99.45,0.283,2
-122.050406,36.987805,99.82,0.275,2
-122.0501,36.987805,99.81,0.27,2
-122.049794,36.987805,99.61,0.267,2
-122.049488,36.987805,99.7,0.27,2
-122.049181,36.987805,99.5,0.269,2
-122.048875,36.987805,99.16,0.262,2
-122.048569,36.987805,98.33,0.36,2
-122.048263,36.987805,97.32,0.46,2
-122.047956,36.987805,96.46,0.473,2
-122.04765,36.987805,94.99,0.531,2
-122.047344,36.987805,93.09,0.657,2
-122.047038,36.987805,90.98,0.707,2
-122.046731,36.987805,88.9,0.677,2
-122.046425,36.987805,87.03,0.681,2
-122.046119,36.987805,84.84,0.75,2
-122.045813,36.987805,81.63,0.818,2
-122.045506,36.987805,80.5,0.832,2
-122.0452,36.987805,79.55,0.825,2
-122.044894,36.987805,78.44,0.818,2
-122.044588,36.987805,77.54,0.829,2
-122.044281,36.987805,76.94,0.798,2
-122.043975,36.987805,76.45,0.771,2
-122.043669,36.987805,75.98,0.77,2
-122.043363,36.987805,75.58,0.792,2
-122.043056,36.987805,75.38,0.821,2
-122.04275,36.987805,75.51,0.833,2
-122.042444,36.987805,76.03,0.815,2
-122.042138,36.987805,77.04,0.803,2
-122.041831,36.987805,78.77,0.762,2
-122.041525,36.987805,80.98,0.747,2
-122.041219,36.987805,83.7,0.698,2
-122.040913,36.987805,87.35,0.614,2
-122.040606,36.987805,90.94,0.543,2
-122.0403,36.987805,94.13,0.423,2
-122.039994,36.987805,97.1,0.281,2
-122.039687,36.987805,99.46,0.202,2
-122.039381,36.987805,100.7,0.163,2
-122.039075,36.987805,101.55,0.086,2
-122.038769,36.987805,102.05,0.148,2
-122.038462,36.987805,102.24,0.123,2
-122.038156,36.987805,102.36,0.064,2
-122.03785,36.987805,102.77,0.049,2
-122.037544,36.987805,103.59,0.098,2
-122.037237,36.987805,104.7,0.109,2
-122.036931,36.987805,105.26,0.101,2
-122.083176,36.987499,79.2,0.783,2
-122.08287,36.987499,83.18,0.591,2
-122.082563,36.987499,86.99,0.41,2
-122.082257,36.987499,89.37,0.526,2
-122.081951,36.987499,90.76,0.399,2
-122.081645,36.987499,90.82,0.381,2
-122.081338,36.987499,89.92,0.401,2
-122.081032,36.987499,88.48,0.454,2
-122.080726,36.987499,87.19,0.611,2
-122.08042,36.987499,86.54,0.757,2
-122.080113,36.987499,86.79,0.805,2
-122.079807,36.987499,87.88,0.759,2
-122.079501,36.987499,89.53,0.615,2
-122.079195,36.987499,91.31,0.396,2
-122.078888,36.987499,91.9,0.351,2
-122.078582,36.987499,91.27,0.473,2
-122.078276,36.987499,89.29,0.556,2
-122.07797,36.987499,85.98,0.514,2
-122.077663,36.987499,81.89,0.684,2
-122.077357,36.987499,78.53,0.8,2
-122.077051,36.987499,76.21,0.802,2
-122.076744,36.987499,74.62,0.785,2
-122.076438,36.987499,73.53,0.797,2
-122.076132,36.987499,72.85,0.813,2
-122.075826,36.987499,72.51,0.794,2
-122.075519,36.987499,72.19,0.793,2
-122.075213,36.987499,71.81,0.846,2
-122.074907,36.987499,71.52,0.859,2
-122.074601,36.987499,71.34,0.856,2
-122.074294,36.987499,71.13,0.856,2
-122.073988,36.987499,70.8,0.862,2
-122.073682,36.987499,70.48,0.869,2
-122.073376,36.987499,70.23,0.868,2
-122.073069,36.987499,70.05,0.865,2
-122.072763,36.987499,69.91,0.866,2
-122.072457,36.987499,69.91,0.866,2
-122.072151,36.987499,70.1,0.876,2
-122.071844,36.987499,70.57,0.87,2
-122.071538,36.987499,71.18,0.858,2
-122.071232,36.987499,71.96,0.862,2
-122.070926,36.987499,73.15,0.868,2
-122.070619,36.987499,74.84,0.866,2
-122.070313,36.987499,77.43,0.853,2
-122.070007,36.987499,81.5,0.702,2
-122.069701,36.987499,86.69,0.436,2
-122.069394,36.987499,91.39,0.322,2
-122.069088,36.987499,94.79,0.298,2
-122.068782,36.987499,98.02,0.246,2
-122.068476,36.987499,98.47,0.232,2
-122.068169,36.987499,98.32,0.317,2
-122.067863,36.987499,97.4,0.403,2
-122.067557,36.987499,96.82,0.501,2
-122.067251,36.987499,96.79,0.475,2
-122.066944,36.987499,97.27,0.353,2
-122.066638,36.987499,98.08,0.283,2
-122.066332,36.987499,98.96,0.302,2
-122.066026,36.987499,100.15,0.315,2
-122.065719,36.987499,102.3,0.299,2
-122.065413,36.987499,102.85,0.299,2
-122.065107,36.987499,103.39,0.31,2
-122.0648,36.987499,104.25,0.298,2
-122.064494,36.987499,103.94,0.271,2
-122.064188,36.987499,102.19,0.26,2
-122.063882,36.987499,98.51,0.35,2
-122.063575,36.987499,95.11,0.606,2
-122.063269,36.987499,93.44,0.79,2
-122.062963,36.987499,92.59,0.676,2
-122.062657,36.987499,91.8,0.49,2
-122.06235,36.987499,91.15,0.488,2
-122.062044,36.987499,90.27,0.711,2
-122.061738,36.987499,89.48,0.833,2
-122.061432,36.987499,89.01,0.801,2
-122.061125,36.987499,89.26,0.56,2
-122.060819,36.987499,91.29,0.421,2
-122.060513,36.987499,93.77,0.377,2
-122.060207,36.987499,95.55,0.341,2
-122.0599,36.987499,96.04,0.327,2
-122.059594,36.987499,95.57,0.368,2
-122.059288,36.987499,95.32,0.397,2
-122.058982,36.987499,95.05,0.394,2
-122.058675,36.987499,94.87,0.399,2
-122.058369,36.987499,95.34,0.393,2
-122.058063,36.987499,95.95,0.356,2
-122.057757,36.987499,96.6,0.332,2
-122.05745,36.987499,97.11,0.315,2
-122.057144,36.987499,97.44,0.304,2
-122.056838,36.987499,97.58,0.3,2
-122.056532,36.987499,97.41,0.295,2
-122.056225,36.987499,96.42,0.322,2
-122.055919,36.987499,94.37,0.456,2
-122.055613,36.987499,93.06,0.629,2
-122.055307,36.987499,92.39,0.393,2
-122.055,36.987499,93.2,0.451,2
-122.054694,36.987499,94.64,0.355,2
-122.054388,36.987499,96.04,0.263,2
-122.054082,36.987499,97.03,0.298,2
-122.053775,36.987499,97.25,0.335,2
-122.053469,36.987499,97.04,0.329,2
-122.053163,36.987499,96.9,0.32,2
-122.052856,36.987499,96.87,0.314,2
-122.05255,36.987499,96.88,0.315,2
-122.052244,36.987499,96.95,0.317,2
-122.051938,36.987499,97.08,0.323,2
-122.051631,36.987499,97.31,0.334,2
-122.051325,36.987499,97.62,0.338,2
-122.051019,36.987499,98.39,0.33,2
-122.050713,36.987499,98.92,0.31,2
-122.050406,36.987499,99.27,0.297,2
-122.0501,36.987499,99.21,0.295,2
-122.049794,36.987499,99.03,0.295,2
-122.049488,36.987499,99.21,0.295,2
-122.049181,36.987499,99.12,0.291,2
-122.048875,36.987499,98.93,0.284,2
-122.048569,36.987499,98.3,0.375,2
-122.048263,36.987499,97.6,0.453,2
-122.047956,36.987499,97.23,0.427,2
-122.04765,36.987499,96.31,0.439,2
-122.047344,36.987499,94.96,0.457,2
-122.047038,36.987499,93.16,0.433,2
-122.046731,36.987499,90.99,0.402,2
-122.046425,36.987499,88.75,0.447,2
-122.046119,36.987499,86.17,0.598,2
-122.045813,36.987499,82.74,0.768,2
-122.045506,36.987499,81.1,0.826,2
-122.0452,36.987499,79.76,0.835,2
-122.044894,36.987499,78.37,0.826,2
-122.044588,36.987499,77.17,0.833,2
-122.044281,36.987499,76.26,0.832,2
-122.043975,36.987499,75.62,0.812,2
-122.043669,36.987499,75.22,0.786,2
-122.043363,36.987499,75,0.785,2
-122.043056,36.987499,74.93,0.817,2
-122.04275,36.987499,75.1,0.84,2
-122.042444,36.987499,75.63,0.815,2
-122.042138,36.987499,76.72,0.777,2
-122.041831,36.987499,78.5,0.763,2
-122.041525,36.987499,80.8,0.785,2
-122.041219,36.987499,83.93,0.708,2
-122.040913,36.987499,88.3,0.494,2
-122.040606,36.987499,92.6,0.307,2
-122.0403,36.987499,96.05,0.16,2
-122.039994,36.987499,98.68,0.082,2
-122.039687,36.987499,100.51,0.128,2
-122.039381,36.987499,101.48,0.225,2
-122.039075,36.987499,102.06,0.236,2
-122.038769,36.987499,102.38,0.221,2
-122.038462,36.987499,102.64,0.166,2
-122.038156,36.987499,102.9,0.15,2
-122.03785,36.987499,103.47,0.197,2
-122.037544,36.987499,104.27,0.237,2
-122.037237,36.987499,105.22,0.211,2
-122.036931,36.987499,105.95,0.181,2
-122.036625,36.987499,106.24,0.178,2
-122.083176,36.987193,77.31,0.799,2
-122.08287,36.987193,80.61,0.651,2
-122.082563,36.987193,84.01,0.493,2
-122.082257,36.987193,86.62,0.525,2
-122.081951,36.987193,88.41,0.406,2
-122.081645,36.987193,88.76,0.455,2
-122.081338,36.987193,88.52,0.447,2
-122.081032,36.987193,87.63,0.476,2
-122.080726,36.987193,86.42,0.642,2
-122.08042,36.987193,85.6,0.761,2
-122.080113,36.987193,85.39,0.789,2
-122.079807,36.987193,85.7,0.798,2
-122.079501,36.987193,86.63,0.731,2
-122.079195,36.987193,88.14,0.527,2
-122.078888,36.987193,88.96,0.429,2
-122.078582,36.987193,88.2,0.536,2
-122.078276,36.987193,86.69,0.579,2
-122.07797,36.987193,84.18,0.52,2
-122.077663,36.987193,80.97,0.673,2
-122.077357,36.987193,78.18,0.789,2
-122.077051,36.987193,76.17,0.816,2
-122.076744,36.987193,74.79,0.813,2
-122.076438,36.987193,73.85,0.81,2
-122.076132,36.987193,73.21,0.815,2
-122.075826,36.987193,72.76,0.802,2
-122.075519,36.987193,72.28,0.818,2
-122.075213,36.987193,71.93,0.828,2
-122.074907,36.987193,71.54,0.848,2
-122.074601,36.987193,71.28,0.856,2
-122.074294,36.987193,71.06,0.856,2
-122.073988,36.987193,70.77,0.858,2
-122.073682,36.987193,70.47,0.859,2
-122.073376,36.987193,70.26,0.856,2
-122.073069,36.987193,70.11,0.856,2
-122.072763,36.987193,69.98,0.868,2
-122.072457,36.987193,69.99,0.875,2
-122.072151,36.987193,70.18,0.88,2
-122.071844,36.987193,70.59,0.881,2
-122.071538,36.987193,71.08,0.873,2
-122.071232,36.987193,71.81,0.862,2
-122.070926,36.987193,72.98,0.872,2
-122.070619,36.987193,74.71,0.873,2
-122.070313,36.987193,77.4,0.853,2
-122.070007,36.987193,81.62,0.688,2
-122.069701,36.987193,86.83,0.418,2
-122.069394,36.987193,91.37,0.313,2
-122.069088,36.987193,94.8,0.297,2
-122.068782,36.987193,98.21,0.274,2
-122.068476,36.987193,98.91,0.226,2
-122.068169,36.987193,98.68,0.281,2
-122.067863,36.987193,97.45,0.338,2
-122.067557,36.987193,96.33,0.376,2
-122.067251,36.987193,95.76,0.467,2
-122.066944,36.987193,95.86,0.502,2
-122.066638,36.987193,96.46,0.44,2
-122.066332,36.987193,97.34,0.363,2
-122.066026,36.987193,98.8,0.319,2
-122.065719,36.987193,101.32,0.318,2
-122.065413,36.987193,102.36,0.32,2
-122.065107,36.987193,103.31,0.316,2
-122.0648,36.987193,104.49,0.297,2
-122.064494,36.987193,104.38,0.27,2
-122.064188,36.987193,102.89,0.251,2
-122.063882,36.987193,99.61,0.31,2
-122.063575,36.987193,96.63,0.55,2
-122.063269,36.987193,95.13,0.787,2
-122.062963,36.987193,94.31,0.776,2
-122.062657,36.987193,93.58,0.595,2
-122.06235,36.987193,93.03,0.415,2
-122.062044,36.987193,92.1,0.585,2
-122.061738,36.987193,91.01,0.815,2
-122.061432,36.987193,90.35,0.716,2
-122.061125,36.987193,90.76,0.451,2
-122.060819,36.987193,92.9,0.364,2
-122.060513,36.987193,95.26,0.354,2
-122.060207,36.987193,96.7,0.328,2
-122.0599,36.987193,96.81,0.313,2
-122.059594,36.987193,96.14,0.328,2
-122.059288,36.987193,95.76,0.338,2
-122.058982,36.987193,95.46,0.339,2
-122.058675,36.987193,95.21,0.344,2
-122.058369,36.987193,95.57,0.347,2
-122.058063,36.987193,96.05,0.344,2
-122.057757,36.987193,96.61,0.362,2
-122.05745,36.987193,97.12,0.334,2
-122.057144,36.987193,97.52,0.304,2
-122.056838,36.987193,97.76,0.301,2
-122.056532,36.987193,97.66,0.304,2
-122.056225,36.987193,96.7,0.318,2
-122.055919,36.987193,94.82,0.413,2
-122.055613,36.987193,93.82,0.588,2
-122.055307,36.987193,93.47,0.476,2
-122.055,36.987193,94.39,0.473,2
-122.054694,36.987193,95.71,0.309,2
-122.054388,36.987193,96.77,0.234,2
-122.054082,36.987193,97.46,0.285,2
-122.053775,36.987193,97.51,0.33,2
-122.053469,36.987193,97.22,0.339,2
-122.053163,36.987193,96.98,0.342,2
-122.052856,36.987193,96.84,0.342,2
-122.05255,36.987193,96.75,0.34,2
-122.052244,36.987193,96.73,0.334,2
-122.051938,36.987193,96.79,0.336,2
-122.051631,36.987193,96.95,0.343,2
-122.051325,36.987193,97.18,0.345,2
-122.051019,36.987193,97.84,0.341,2
-122.050713,36.987193,98.23,0.333,2
-122.050406,36.987193,98.42,0.331,2
-122.0501,36.987193,98.2,0.334,2
-122.049794,36.987193,97.95,0.336,2
-122.049488,36.987193,98.21,0.336,2
-122.049181,36.987193,98.47,0.332,2
-122.048875,36.987193,98.78,0.309,2
-122.048569,36.987193,98.56,0.316,2
-122.048263,36.987193,98.18,0.494,2
-122.047956,36.987193,98.14,0.428,2
-122.04765,36.987193,97.61,0.346,2
-122.047344,36.987193,96.67,0.322,2
-122.047038,36.987193,95.28,0.447,2
-122.046731,36.987193,93.4,0.588,2
-122.046425,36.987193,91.24,0.644,2
-122.046119,36.987193,88.54,0.692,2
-122.045813,36.987193,85.01,0.764,2
-122.045506,36.987193,83.41,0.777,2
-122.0452,36.987193,81.97,0.739,2
-122.044894,36.987193,80.08,0.735,2
-122.044588,36.987193,78.29,0.804,2
-122.044281,36.987193,76.88,0.817,2
-122.043975,36.987193,75.75,0.807,2
-122.043669,36.987193,74.97,0.809,2
-122.043363,36.987193,74.57,0.822,2
-122.043056,36.987193,74.52,0.838,2
-122.04275,36.987193,74.74,0.845,2
-122.042444,36.987193,75.27,0.829,2
-122.042138,36.987193,76.37,0.802,2
-122.041831,36.987193,78.18,0.797,2
-122.041525,36.987193,80.66,0.816,2
-122.041219,36.987193,84.32,0.679,2
-122.040913,36.987193,89.45,0.417,2
-122.040606,36.987193,94.24,0.216,2
-122.0403,36.987193,97.72,0.112,2
-122.039994,36.987193,100.15,0.088,2
-122.039687,36.987193,101.77,0.117,2
-122.039381,36.987193,102.5,0.17,2
-122.039075,36.987193,102.84,0.225,2
-122.038769,36.987193,102.98,0.218,2
-122.038462,36.987193,103.18,0.121,2
-122.038156,36.987193,103.42,0.259,2
-122.03785,36.987193,103.88,0.255,2
-122.037544,36.987193,104.41,0.26,2
-122.037237,36.987193,105.04,0.281,2
-122.036931,36.987193,105.64,0.285,2
-122.036625,36.987193,105.93,0.279,2
-122.083176,36.986887,75.71,0.829,2
-122.08287,36.986887,78.26,0.796,2
-122.082563,36.986887,81.06,0.731,2
-122.082257,36.986887,83.63,0.7,2
-122.081951,36.986887,85.92,0.611,2
-122.081645,36.986887,87.09,0.665,2
-122.081338,36.986887,87.97,0.53,2
-122.081032,36.986887,88.06,0.453,2
-122.080726,36.986887,87.6,0.501,2
-122.08042,36.986887,87.04,0.555,2
-122.080113,36.986887,86.72,0.584,2
-122.079807,36.986887,86.56,0.633,2
-122.079501,36.986887,86.42,0.666,2
-122.079195,36.986887,86.6,0.615,2
-122.078888,36.986887,86.6,0.592,2
-122.078582,36.986887,85.78,0.616,2
-122.078276,36.986887,84.73,0.547,2
-122.07797,36.986887,82.79,0.488,2
-122.077663,36.986887,80.3,0.637,2
-122.077357,36.986887,78.01,0.792,2
-122.077051,36.986887,76.32,0.848,2
-122.076744,36.986887,75.14,0.848,2
-122.076438,36.986887,74.25,0.845,2
-122.076132,36.986887,73.6,0.843,2
-122.075826,36.986887,73.1,0.833,2
-122.075519,36.986887,72.59,0.826,2
-122.075213,36.986887,72.15,0.833,2
-122.074907,36.986887,71.68,0.841,2
-122.074601,36.986887,71.3,0.859,2
-122.074294,36.986887,71.02,0.87,2
-122.073988,36.986887,70.74,0.865,2
-122.073682,36.986887,70.49,0.858,2
-122.073376,36.986887,70.32,0.854,2
-122.073069,36.986887,70.21,0.852,2
-122.072763,36.986887,70.11,0.865,2
-122.072457,36.986887,70.1,0.882,2
-122.072151,36.986887,70.24,0.885,2
-122.071844,36.986887,70.53,0.88,2
-122.071538,36.986887,70.86,0.877,2
-122.071232,36.986887,71.47,0.862,2
-122.070926,36.986887,72.62,0.86,2
-122.070619,36.986887,74.51,0.86,2
-122.070313,36.986887,77.21,0.861,2
-122.070007,36.986887,81.12,0.771,2
-122.069701,36.986887,86.1,0.539,2
-122.069394,36.986887,90.82,0.318,2
-122.069088,36.986887,94.47,0.284,2
-122.068782,36.986887,98.13,0.276,2
-122.068476,36.986887,99.06,0.246,2
-122.068169,36.986887,98.8,0.266,2
-122.067863,36.986887,97.35,0.37,2
-122.067557,36.986887,95.82,0.402,2
-122.067251,36.986887,94.78,0.437,2
-122.066944,36.986887,94.53,0.523,2
-122.066638,36.986887,95.02,0.625,2
-122.066332,36.986887,95.99,0.597,2
-122.066026,36.986887,97.65,0.392,2
-122.065719,36.986887,100.55,0.31,2
-122.065413,36.986887,102.12,0.307,2
-122.065107,36.986887,103.46,0.28,2
-122.0648,36.986887,104.7,0.265,2
-122.064494,36.986887,104.74,0.261,2
-122.064188,36.986887,103.51,0.265,2
-122.063882,36.986887,100.66,0.293,2
-122.063575,36.986887,98.1,0.412,2
-122.063269,36.986887,96.73,0.61,2
-122.062963,36.986887,95.8,0.688,2
-122.062657,36.986887,94.95,0.494,2
-122.06235,36.986887,94.43,0.316,2
-122.062044,36.986887,93.58,0.365,2
-122.061738,36.986887,92.39,0.625,2
-122.061432,36.986887,91.57,0.639,2
-122.061125,36.986887,92.16,0.419,2
-122.060819,36.986887,94.39,0.331,2
-122.060513,36.986887,96.57,0.315,2
-122.060207,36.986887,97.71,0.304,2
-122.0599,36.986887,97.57,0.303,2
-122.059594,36.986887,96.8,0.314,2
-122.059288,36.986887,96.42,0.321,2
-122.058982,36.986887,96.15,0.314,2
-122.058675,36.986887,95.85,0.307,2
-122.058369,36.986887,96.06,0.308,2
-122.058063,36.986887,96.4,0.312,2
-122.057757,36.986887,96.92,0.326,2
-122.05745,36.986887,97.49,0.312,2
-122.057144,36.986887,98,0.296,2
-122.056838,36.986887,98.32,0.3,2
-122.056532,36.986887,98.26,0.312,2
-122.056225,36.986887,97.31,0.34,2
-122.055919,36.986887,95.48,0.435,2
-122.055613,36.986887,94.65,0.574,2
-122.055307,36.986887,94.52,0.508,2
-122.055,36.986887,95.47,0.454,2
-122.054694,36.986887,96.65,0.32,2
-122.054388,36.986887,97.51,0.229,2
-122.054082,36.986887,98.06,0.257,2
-122.053775,36.986887,98.07,0.31,2
-122.053469,36.986887,97.74,0.336,2
-122.053163,36.986887,97.4,0.346,2
-122.052856,36.986887,97.13,0.346,2
-122.05255,36.986887,96.92,0.34,2
-122.052244,36.986887,96.82,0.332,2
-122.051938,36.986887,96.81,0.332,2
-122.051631,36.986887,96.96,0.338,2
-122.051325,36.986887,97.17,0.344,2
-122.051019,36.986887,97.75,0.346,2
-122.050713,36.986887,97.99,0.34,2
-122.050406,36.986887,98.02,0.335,2
-122.0501,36.986887,97.62,0.337,2
-122.049794,36.986887,97.25,0.34,2
-122.049488,36.986887,97.57,0.345,2
-122.049181,36.986887,98.11,0.346,2
-122.048875,36.986887,98.85,0.325,2
-122.048569,36.986887,99.04,0.275,2
-122.048263,36.986887,98.91,0.453,2
-122.047956,36.986887,99.02,0.435,2
-122.04765,36.986887,98.68,0.415,2
-122.047344,36.986887,98,0.453,2
-122.047038,36.986887,97,0.571,2
-122.046731,36.986887,95.61,0.633,2
-122.046425,36.986887,93.85,0.615,2
-122.046119,36.986887,91.39,0.604,2
-122.045813,36.986887,88.12,0.568,2
-122.045506,36.986887,86.44,0.528,2
-122.0452,36.986887,84.63,0.535,2
-122.044894,36.986887,82.13,0.564,2
-122.044588,36.986887,79.67,0.72,2
-122.044281,36.986887,77.59,0.797,2
-122.043975,36.986887,76,0.809,2
-122.043669,36.986887,74.89,0.822,2
-122.043363,36.986887,74.3,0.837,2
-122.043056,36.986887,74.2,0.844,2
-122.04275,36.986887,74.42,0.844,2
-122.042444,36.986887,74.92,0.824,2
-122.042138,36.986887,75.96,0.812,2
-122.041831,36.986887,77.75,0.814,2
-122.041525,36.986887,80.44,0.806,2
-122.041219,36.986887,84.35,0.694,2
-122.040913,36.986887,89.76,0.46,2
-122.040606,36.986887,94.76,0.264,2
-122.0403,36.986887,98.48,0.134,2
-122.039994,36.986887,101.12,0.092,2
-122.039687,36.986887,102.76,0.098,2
-122.039381,36.986887,103.41,0.102,2
-122.039075,36.986887,103.6,0.168,2
-122.038769,36.986887,103.61,0.234,2
-122.038462,36.986887,103.69,0.176,2
-122.038156,36.986887,103.86,0.258,2
-122.03785,36.986887,104.25,0.134,2
-122.037544,36.986887,104.65,0.098,2
-122.037237,36.986887,105.1,0.118,2
-122.036931,36.986887,105.53,0.159,2
-122.036625,36.986887,105.75,0.184,2
-122.083176,36.98658,74.79,0.84,2
-122.08287,36.98658,76.98,0.849,2
-122.082563,36.98658,79.47,0.821,2
-122.082257,36.98658,81.94,0.749,2
-122.081951,36.98658,84.09,0.725,2
-122.081645,36.98658,85.82,0.695,2
-122.081338,36.98658,87.47,0.491,2
-122.081032,36.98658,88.38,0.405,2
-122.080726,36.98658,88.77,0.4,2
-122.08042,36.98658,88.78,0.404,2
-122.080113,36.98658,88.67,0.408,2
-122.079807,36.98658,88.38,0.423,2
-122.079501,36.98658,87.68,0.438,2
-122.079195,36.98658,86.79,0.466,2
-122.078888,36.98658,85.56,0.577,2
-122.078582,36.98658,84.42,0.595,2
-122.078276,36.98658,83.54,0.461,2
-122.07797,36.98658,82.07,0.411,2
-122.077663,36.98658,80.18,0.618,2
-122.077357,36.98658,78.42,0.802,2
-122.077051,36.98658,77.17,0.851,2
-122.076744,36.98658,76.29,0.84,2
-122.076438,36.98658,75.51,0.841,2
-122.076132,36.98658,74.79,0.845,2
-122.075826,36.98658,74.13,0.84,2
-122.075519,36.98658,73.48,0.828,2
-122.075213,36.98658,72.66,0.85,2
-122.074907,36.98658,71.96,0.847,2
-122.074601,36.98658,71.42,0.857,2
-122.074294,36.98658,71.02,0.869,2
-122.073988,36.98658,70.73,0.867,2
-122.073682,36.98658,70.53,0.86,2
-122.073376,36.98658,70.41,0.855,2
-122.073069,36.98658,70.34,0.854,2
-122.072763,36.98658,70.27,0.86,2
-122.072457,36.98658,70.22,0.877,2
-122.072151,36.98658,70.27,0.884,2
-122.071844,36.98658,70.47,0.871,2
-122.071538,36.98658,70.77,0.87,2
-122.071232,36.98658,71.28,0.867,2
-122.070926,36.98658,72.28,0.863,2
-122.070619,36.98658,74.14,0.853,2
-122.070313,36.98658,76.73,0.855,2
-122.070007,36.98658,80.23,0.833,2
-122.069701,36.98658,84.81,0.656,2
-122.069394,36.98658,89.67,0.355,2
-122.069088,36.98658,93.66,0.282,2
-122.068782,36.98658,97.91,0.286,2
-122.068476,36.98658,98.97,0.273,2
-122.068169,36.98658,98.78,0.261,2
-122.067863,36.98658,97.25,0.361,2
-122.067557,36.98658,95.56,0.466,2
-122.067251,36.98658,94.29,0.501,2
-122.066944,36.98658,93.79,0.464,2
-122.066638,36.98658,94.05,0.524,2
-122.066332,36.98658,94.88,0.604,2
-122.066026,36.98658,96.62,0.444,2
-122.065719,36.98658,99.87,0.289,2
-122.065413,36.98658,101.96,0.265,2
-122.065107,36.98658,103.61,0.25,2
-122.0648,36.98658,104.74,0.245,2
-122.064494,36.98658,104.55,0.255,2
-122.064188,36.98658,103.44,0.26,2
-122.063882,36.98658,100.87,0.291,2
-122.063575,36.98658,98.56,0.366,2
-122.063269,36.98658,97.26,0.509,2
-122.062963,36.98658,96.2,0.564,2
-122.062657,36.98658,95.17,0.379,2
-122.06235,36.98658,94.63,0.273,2
-122.062044,36.98658,93.99,0.31,2
-122.061738,36.98658,93.06,0.524,2
-122.061432,36.98658,92.33,0.718,2
-122.061125,36.98658,93.24,0.491,2
-122.060819,36.98658,95.78,0.334,2
-122.060513,36.98658,97.91,0.295,2
-122.060207,36.98658,98.84,0.289,2
-122.0599,36.98658,98.52,0.293,2
-122.059594,36.98658,97.63,0.309,2
-122.059288,36.98658,97.19,0.31,2
-122.058982,36.98658,96.9,0.296,2
-122.058675,36.98658,96.6,0.293,2
-122.058369,36.98658,96.74,0.295,2
-122.058063,36.98658,97,0.287,2
-122.057757,36.98658,97.56,0.286,2
-122.05745,36.98658,98.25,0.29,2
-122.057144,36.98658,98.86,0.286,2
-122.056838,36.98658,99.19,0.309,2
-122.056532,36.98658,99.14,0.349,2
-122.056225,36.98658,98.24,0.375,2
-122.055919,36.98658,96.43,0.448,2
-122.055613,36.98658,95.58,0.616,2
-122.055307,36.98658,95.44,0.423,2
-122.055,36.98658,96.29,0.409,2
-122.054694,36.98658,97.25,0.349,2
-122.054388,36.98658,98.05,0.273,2
-122.054082,36.98658,98.63,0.237,2
-122.053775,36.98658,98.74,0.272,2
-122.053469,36.98658,98.48,0.314,2
-122.053163,36.98658,98.07,0.327,2
-122.052856,36.98658,97.61,0.327,2
-122.05255,36.98658,97.24,0.317,2
-122.052244,36.98658,97.09,0.311,2
-122.051938,36.98658,97.13,0.311,2
-122.051631,36.98658,97.3,0.315,2
-122.051325,36.98658,97.54,0.321,2
-122.051019,36.98658,98.1,0.317,2
-122.050713,36.98658,98.28,0.312,2
-122.050406,36.98658,98.21,0.307,2
-122.0501,36.98658,97.69,0.31,2
-122.049794,36.98658,97.27,0.318,2
-122.049488,36.98658,97.61,0.326,2
-122.049181,36.98658,98.31,0.335,2
-122.048875,36.98658,99.26,0.316,2
-122.048569,36.98658,99.61,0.246,2
-122.048263,36.98658,99.6,0.34,2
-122.047956,36.98658,99.83,0.405,2
-122.04765,36.98658,99.61,0.392,2
-122.047344,36.98658,99.21,0.376,2
-122.047038,36.98658,98.71,0.377,2
-122.046731,36.98658,97.98,0.364,2
-122.046425,36.98658,96.79,0.342,2
-122.046119,36.98658,94.68,0.343,2
-122.045813,36.98658,91.57,0.358,2
-122.045506,36.98658,88.99,0.4,2
-122.0452,36.98658,86.28,0.569,2
-122.044894,36.98658,83.22,0.633,2
-122.044588,36.98658,80.36,0.722,2
-122.044281,36.98658,77.87,0.801,2
-122.043975,36.98658,76.02,0.827,2
-122.043669,36.98658,74.8,0.829,2
-122.043363,36.98658,74.17,0.83,2
-122.043056,36.98658,74.02,0.838,2
-122.04275,36.98658,74.17,0.845,2
-122.042444,36.98658,74.54,0.836,2
-122.042138,36.98658,75.42,0.82,2
-122.041831,36.98658,77.12,0.817,2
-122.041525,36.98658,79.89,0.804,2
-122.041219,36.98658,83.55,0.772,2
-122.040913,36.98658,88.61,0.594,2
-122.040606,36.98658,93.77,0.333,2
-122.0403,36.98658,97.91,0.134,2
-122.039994,36.98658,100.99,0.054,2
-122.039687,36.98658,102.97,0.053,2
-122.039381,36.98658,103.76,0.1,2
-122.039075,36.98658,103.95,0.184,2
-122.038769,36.98658,103.91,0.182,2
-122.038462,36.98658,103.93,0.185,2
-122.038156,36.98658,104.09,0.261,2
-122.03785,36.98658,104.49,0.148,2
-122.037544,36.98658,104.89,0.104,2
-122.037237,36.98658,105.25,0.113,2
-122.036931,36.98658,105.52,0.089,2
-122.036625,36.98658,105.64,0.062,2
-122.083176,36.986274,74.27,0.849,2
-122.08287,36.986274,76.39,0.827,2
-122.082563,36.986274,79.01,0.689,2
-122.082257,36.986274,81.61,0.496,2
-122.081951,36.986274,83.35,0.522,2
-122.081645,36.986274,84.81,0.503,2
-122.081338,36.986274,86.15,0.413,2
-122.081032,36.986274,87.03,0.386,2
-122.080726,36.986274,87.69,0.383,2
-122.08042,36.986274,88.04,0.377,2
-122.080113,36.986274,88.24,0.371,2
-122.079807,36.986274,88.09,0.373,2
-122.079501,36.986274,87.17,0.399,2
-122.079195,36.986274,85.74,0.476,2
-122.078888,36.986274,84.07,0.591,2
-122.078582,36.986274,82.67,0.681,2
-122.078276,36.986274,82.19,0.511,2
-122.07797,36.986274,81.32,0.422,2
-122.077663,36.986274,80.27,0.667,2
-122.077357,36.986274,79.47,0.827,2
-122.077051,36.986274,79.11,0.841,2
-122.076744,36.986274,78.93,0.792,2
-122.076438,36.986274,78.61,0.714,2
-122.076132,36.986274,77.96,0.673,2
-122.075826,36.986274,76.76,0.764,2
-122.075519,36.986274,75.51,0.83,2
-122.075213,36.986274,74.12,0.853,2
-122.074907,36.986274,72.8,0.854,2
-122.074601,36.986274,71.91,0.85,2
-122.074294,36.986274,71.29,0.856,2
-122.073988,36.986274,70.86,0.862,2
-122.073682,36.986274,70.63,0.861,2
-122.073376,36.986274,70.52,0.86,2
-122.073069,36.986274,70.45,0.86,2
-122.072763,36.986274,70.4,0.857,2
-122.072457,36.986274,70.34,0.856,2
-122.072151,36.986274,70.31,0.865,2
-122.071844,36.986274,70.43,0.869,2
-122.071538,36.986274,70.71,0.869,2
-122.071232,36.986274,71.2,0.864,2
-122.070926,36.986274,72.06,0.864,2
-122.070619,36.986274,73.64,0.849,2
-122.070313,36.986274,76.09,0.847,2
-122.070007,36.986274,79.45,0.844,2
-122.069701,36.986274,83.74,0.704,2
-122.069394,36.986274,88.5,0.421,2
-122.069088,36.986274,92.84,0.303,2
-122.068782,36.986274,97.57,0.296,2
-122.068476,36.986274,98.91,0.283,2
-122.068169,36.986274,98.91,0.268,2
-122.067863,36.986274,97.45,0.335,2
-122.067557,36.986274,95.83,0.46,2
-122.067251,36.986274,94.5,0.531,2
-122.066944,36.986274,93.74,0.475,2
-122.066638,36.986274,93.6,0.464,2
-122.066332,36.986274,94.07,0.523,2
-122.066026,36.986274,95.75,0.433,2
-122.065719,36.986274,99.26,0.259,2
-122.065413,36.986274,101.69,0.25,2
-122.065107,36.986274,103.42,0.252,2
-122.0648,36.986274,104.51,0.261,2
-122.064494,36.986274,104.12,0.27,2
-122.064188,36.986274,103.04,0.269,2
-122.063882,36.986274,100.59,0.291,2
-122.063575,36.986274,98.32,0.349,2
-122.063269,36.986274,96.8,0.457,2
-122.062963,36.986274,95.36,0.548,2
-122.062657,36.986274,94.01,0.497,2
-122.06235,36.986274,93.33,0.366,2
-122.062044,36.986274,92.82,0.485,2
-122.061738,36.986274,92.33,0.671,2
-122.061432,36.986274,92.37,0.735,2
-122.061125,36.986274,93.72,0.518,2
-122.060819,36.986274,96.42,0.353,2
-122.060513,36.986274,98.46,0.301,2
-122.060207,36.986274,99.35,0.289,2
-122.0599,36.986274,99.09,0.292,2
-122.059594,36.986274,98.29,0.315,2
-122.059288,36.986274,97.97,0.336,2
-122.058982,36.986274,97.77,0.35,2
-122.058675,36.986274,97.55,0.334,2
-122.058369,36.986274,97.73,0.326,2
-122.058063,36.986274,97.96,0.306,2
-122.057757,36.986274,98.54,0.308,2
-122.05745,36.986274,99.21,0.317,2
-122.057144,36.986274,99.76,0.308,2
-122.056838,36.986274,100.03,0.301,2
-122.056532,36.986274,99.94,0.309,2
-122.056225,36.986274,99.03,0.327,2
-122.055919,36.986274,97.27,0.401,2
-122.055613,36.986274,96.44,0.613,2
-122.055307,36.986274,96.28,0.679,2
-122.055,36.986274,96.98,0.531,2
-122.054694,36.986274,97.7,0.363,2
-122.054388,36.986274,98.49,0.309,2
-122.054082,36.986274,99.27,0.248,2
-122.053775,36.986274,99.65,0.234,2
-122.053469,36.986274,99.58,0.272,2
-122.053163,36.986274,99.1,0.304,2
-122.052856,36.986274,98.37,0.309,2
-122.05255,36.986274,97.75,0.308,2
-122.052244,36.986274,97.55,0.3,2
-122.051938,36.986274,97.62,0.294,2
-122.051631,36.986274,97.84,0.289,2
-122.051325,36.986274,98.16,0.286,2
-122.051019,36.986274,98.77,0.287,2
-122.050713,36.986274,98.96,0.287,2
-122.050406,36.986274,98.86,0.295,2
-122.0501,36.986274,98.35,0.312,2
-122.049794,36.986274,97.93,0.321,2
-122.049488,36.986274,98.17,0.317,2
-122.049181,36.986274,98.77,0.314,2
-122.048875,36.986274,99.67,0.303,2
-122.048569,36.986274,100.12,0.23,2
-122.048263,36.986274,100.16,0.259,2
-122.047956,36.986274,100.52,0.379,2
-122.04765,36.986274,100.46,0.375,2
-122.047344,36.986274,100.28,0.334,2
-122.047038,36.986274,100.18,0.302,2
-122.046731,36.986274,100.05,0.291,2
-122.046425,36.986274,99.48,0.286,2
-122.046119,36.986274,97.64,0.285,2
-122.045813,36.986274,94.28,0.32,2
-122.045506,36.986274,91.01,0.404,2
-122.0452,36.986274,87.32,0.621,2
-122.044894,36.986274,83.58,0.74,2
-122.044588,36.986274,80.36,0.786,2
-122.044281,36.986274,77.81,0.808,2
-122.043975,36.986274,75.83,0.825,2
-122.043669,36.986274,74.55,0.83,2
-122.043363,36.986274,73.95,0.836,2
-122.043056,36.986274,73.88,0.844,2
-122.04275,36.986274,74.06,0.848,2
-122.042444,36.986274,74.37,0.848,2
-122.042138,36.986274,75.09,0.828,2
-122.041831,36.986274,76.47,0.814,2
-122.041525,36.986274,78.87,0.807,2
-122.041219,36.986274,82.12,0.817,2
-122.040913,36.986274,86.48,0.735,2
-122.040606,36.986274,91.53,0.437,2
-122.0403,36.986274,95.97,0.185,2
-122.039994,36.986274,99.72,0.086,2
-122.039687,36.986274,102.44,0.087,2
-122.039381,36.986274,103.58,0.145,2
-122.039075,36.986274,103.87,0.2,2
-122.038769,36.986274,103.83,0.134,2
-122.038462,36.986274,103.87,0.196,2
-122.038156,36.986274,104.09,0.335,2
-122.03785,36.986274,104.59,0.317,2
-122.037544,36.986274,105.06,0.267,2
-122.037237,36.986274,105.3,0.223,2
-122.036931,36.986274,105.26,0.136,2
-122.036625,36.986274,105.19,0.079,2
-122.083176,36.985968,73.94,0.853,2
-122.08287,36.985968,75.87,0.804,2
-122.082563,36.985968,78.28,0.674,2
-122.082257,36.985968,80.39,0.573,2
-122.081951,36.985968,81.82,0.545,2
-122.081645,36.985968,82.62,0.539,2
-122.081338,36.985968,83.06,0.553,2
-122.081032,36.985968,83.33,0.538,2
-122.080726,36.985968,83.59,0.521,2
-122.08042,36.985968,83.79,0.539,2
-122.080113,36.985968,83.91,0.553,2
-122.079807,36.985968,83.78,0.566,2
-122.079501,36.985968,83.18,0.606,2
-122.079195,36.985968,82.18,0.65,2
-122.078888,36.985968,81.12,0.723,2
-122.078582,36.985968,80.15,0.814,2
-122.078276,36.985968,80.03,0.699,2
-122.07797,36.985968,80.48,0.573,2
-122.077663,36.985968,80.47,0.73,2
-122.077357,36.985968,80.86,0.82,2
-122.077051,36.985968,81.96,0.758,2
-122.076744,36.985968,83.15,0.599,2
-122.076438,36.985968,83.55,0.466,2
-122.076132,36.985968,82.84,0.463,2
-122.075826,36.985968,81.33,0.577,2
-122.075519,36.985968,79.26,0.758,2
-122.075213,36.985968,76.86,0.854,2
-122.074907,36.985968,74.44,0.848,2
-122.074601,36.985968,72.84,0.845,2
-122.074294,36.985968,71.84,0.847,2
-122.073988,36.985968,71.2,0.854,2
-122.073682,36.985968,70.84,0.859,2
-122.073376,36.985968,70.68,0.863,2
-122.073069,36.985968,70.59,0.861,2
-122.072763,36.985968,70.52,0.851,2
-122.072457,36.985968,70.46,0.844,2
-122.072151,36.985968,70.41,0.852,2
-122.071844,36.985968,70.49,0.861,2
-122.071538,36.985968,70.72,0.864,2
-122.071232,36.985968,71.13,0.862,2
-122.070926,36.985968,71.9,0.864,2
-122.070619,36.985968,73.5,0.849,2
-122.070313,36.985968,75.97,0.844,2
-122.070007,36.985968,79.94,0.846,2
-122.069701,36.985968,84.78,0.726,2
-122.069394,36.985968,89.18,0.46,2
-122.069088,36.985968,93.44,0.308,2
-122.068782,36.985968,97.33,0.295,2
-122.068476,36.985968,98.98,0.277,2
-122.068169,36.985968,99.04,0.269,2
-122.067863,36.985968,97.41,0.28,2
-122.067557,36.985968,95.94,0.362,2
-122.067251,36.985968,94.62,0.454,2
-122.066944,36.985968,93.55,0.474,2
-122.066638,36.985968,92.92,0.49,2
-122.066332,36.985968,92.92,0.539,2
-122.066026,36.985968,94.28,0.482,2
-122.065719,36.985968,97.5,0.267,2
-122.065413,36.985968,100.19,0.267,2
-122.065107,36.985968,101.93,0.274,2
-122.0648,36.985968,103.27,0.295,2
-122.064494,36.985968,103.04,0.318,2
-122.064188,36.985968,101.93,0.327,2
-122.063882,36.985968,99.01,0.337,2
-122.063575,36.985968,96.38,0.351,2
-122.063269,36.985968,94.47,0.398,2
-122.062963,36.985968,92.44,0.533,2
-122.062657,36.985968,90.62,0.681,2
-122.06235,36.985968,89.75,0.647,2
-122.062044,36.985968,89.43,0.711,2
-122.061738,36.985968,89.54,0.751,2
-122.061432,36.985968,90.61,0.612,2
-122.061125,36.985968,92.4,0.446,2
-122.060819,36.985968,95.15,0.353,2
-122.060513,36.985968,97.05,0.319,2
-122.060207,36.985968,97.95,0.307,2
-122.0599,36.985968,97.81,0.306,2
-122.059594,36.985968,97.25,0.326,2
-122.059288,36.985968,97.31,0.373,2
-122.058982,36.985968,97.54,0.428,2
-122.058675,36.985968,98.2,0.405,2
-122.058369,36.985968,98.55,0.352,2
-122.058063,36.985968,98.89,0.302,2
-122.057757,36.985968,99.04,0.296,2
-122.05745,36.985968,99.49,0.321,2
-122.057144,36.985968,99.9,0.319,2
-122.056838,36.985968,100.08,0.294,2
-122.056532,36.985968,99.94,0.277,2
-122.056225,36.985968,99.16,0.288,2
-122.055919,36.985968,97.97,0.343,2
-122.055613,36.985968,97.76,0.465,2
-122.055307,36.985968,97.71,0.536,2
-122.055,36.985968,98.28,0.406,2
-122.054694,36.985968,98.75,0.339,2
-122.054388,36.985968,99.57,0.322,2
-122.054082,36.985968,100.41,0.273,2
-122.053775,36.985968,100.93,0.207,2
-122.053469,36.985968,100.87,0.22,2
-122.053163,36.985968,100.21,0.279,2
-122.052856,36.985968,99.18,0.305,2
-122.05255,36.985968,98.24,0.31,2
-122.052244,36.985968,97.93,0.31,2
-122.051938,36.985968,98.09,0.305,2
-122.051631,36.985968,98.51,0.298,2
-122.051325,36.985968,99.01,0.289,2
-122.051019,36.985968,99.38,0.282,2
-122.050713,36.985968,99.55,0.282,2
-122.050406,36.985968,99.57,0.29,2
-122.0501,36.985968,99.67,0.304,2
-122.049794,36.985968,99.77,0.319,2
-122.049488,36.985968,99.84,0.325,2
-122.049181,36.985968,99.97,0.314,2
-122.048875,36.985968,99.85,0.3,2
-122.048569,36.985968,100.25,0.247,2
-122.048263,36.985968,100.42,0.216,2
-122.047956,36.985968,100.56,0.347,2
-122.04765,36.985968,100.54,0.36,2
-122.047344,36.985968,100.46,0.337,2
-122.047038,36.985968,100.32,0.309,2
-122.046731,36.985968,100.1,0.29,2
-122.046425,36.985968,99.6,0.276,2
-122.046119,36.985968,97.87,0.274,2
-122.045813,36.985968,94.33,0.335,2
-122.045506,36.985968,90.8,0.505,2
-122.0452,36.985968,87.19,0.613,2
-122.044894,36.985968,83.69,0.666,2
-122.044588,36.985968,80.13,0.782,2
-122.044281,36.985968,77.51,0.811,2
-122.043975,36.985968,75.57,0.822,2
-122.043669,36.985968,74.38,0.828,2
-122.043363,36.985968,73.88,0.833,2
-122.043056,36.985968,73.87,0.832,2
-122.04275,36.985968,74.05,0.831,2
-122.042444,36.985968,74.29,0.843,2
-122.042138,36.985968,74.84,0.828,2
-122.041831,36.985968,75.97,0.784,2
-122.041525,36.985968,78.1,0.765,2
-122.041219,36.985968,80.9,0.807,2
-122.040913,36.985968,84.38,0.799,2
-122.040606,36.985968,88.62,0.596,2
-122.0403,36.985968,93.17,0.3,2
-122.039994,36.985968,97.56,0.127,2
-122.039687,36.985968,100.68,0.138,2
-122.039381,36.985968,102.01,0.212,2
-122.039075,36.985968,102.57,0.24,2
-122.038769,36.985968,102.99,0.247,2
-122.038462,36.985968,103.05,0.376,2
-122.038156,36.985968,103.39,0.406,2
-122.03785,36.985968,104.44,0.449,2
-122.037544,36.985968,104.97,0.402,2
-122.037237,36.985968,105.08,0.391,2
-122.036931,36.985968,104.78,0.398,2
-122.036625,36.985968,104.55,0.398,2
-122.08287,36.985662,75.01,0.809,2
-122.082563,36.985662,76.8,0.761,2
-122.082257,36.985662,78.29,0.734,2
-122.081951,36.985662,79.33,0.697,2
-122.081645,36.985662,79.66,0.73,2
-122.081338,36.985662,79.49,0.793,2
-122.081032,36.985662,79.16,0.82,2
-122.080726,36.985662,78.88,0.786,2
-122.08042,36.985662,78.74,0.768,2
-122.080113,36.985662,78.61,0.789,2
-122.079807,36.985662,78.43,0.816,2
-122.079501,36.985662,78.21,0.827,2
-122.079195,36.985662,77.9,0.826,2
-122.078888,36.985662,77.57,0.816,2
-122.078582,36.985662,77.54,0.804,2
-122.078276,36.985662,78.01,0.746,2
-122.07797,36.985662,79.5,0.625,2
-122.077663,36.985662,80.63,0.677,2
-122.077357,36.985662,82.35,0.645,2
-122.077051,36.985662,84.63,0.528,2
-122.076744,36.985662,86.62,0.419,2
-122.076438,36.985662,87.49,0.371,2
-122.076132,36.985662,87.16,0.369,2
-122.075826,36.985662,86.03,0.395,2
-122.075519,36.985662,83.71,0.529,2
-122.075213,36.985662,80.09,0.746,2
-122.074907,36.985662,76.41,0.823,2
-122.074601,36.985662,73.93,0.833,2
-122.074294,36.985662,72.5,0.842,2
-122.073988,36.985662,71.62,0.851,2
-122.073682,36.985662,71.11,0.862,2
-122.073376,36.985662,70.86,0.866,2
-122.073069,36.985662,70.73,0.86,2
-122.072763,36.985662,70.63,0.849,2
-122.072457,36.985662,70.57,0.837,2
-122.072151,36.985662,70.53,0.841,2
-122.071844,36.985662,70.6,0.856,2
-122.071538,36.985662,70.81,0.86,2
-122.071232,36.985662,71.14,0.868,2
-122.070926,36.985662,71.98,0.867,2
-122.070619,36.985662,73.75,0.858,2
-122.070313,36.985662,76.31,0.852,2
-122.070007,36.985662,80.66,0.833,2
-122.069701,36.985662,85.87,0.687,2
-122.069394,36.985662,90.18,0.419,2
-122.069088,36.985662,94.43,0.28,2
-122.068782,36.985662,97.84,0.276,2
-122.068476,36.985662,99.44,0.268,2
-122.068169,36.985662,99.34,0.252,2
-122.067863,36.985662,97.6,0.253,2
-122.067557,36.985662,96.29,0.281,2
-122.067251,36.985662,94.93,0.411,2
-122.066944,36.985662,93.57,0.524,2
-122.066638,36.985662,92.54,0.592,2
-122.066332,36.985662,92.24,0.641,2
-122.066026,36.985662,93.32,0.565,2
-122.065719,36.985662,96.03,0.3,2
-122.065413,36.985662,98.67,0.266,2
-122.065107,36.985662,100.4,0.266,2
-122.0648,36.985662,101.98,0.288,2
-122.064494,36.985662,101.72,0.348,2
-122.064188,36.985662,100.57,0.418,2
-122.063882,36.985662,97.09,0.455,2
-122.063575,36.985662,94.04,0.438,2
-122.063269,36.985662,91.8,0.409,2
-122.062963,36.985662,89.36,0.475,2
-122.062657,36.985662,87.21,0.663,2
-122.06235,36.985662,86.15,0.802,2
-122.062044,36.985662,86.02,0.791,2
-122.061738,36.985662,86.74,0.605,2
-122.061432,36.985662,88.26,0.453,2
-122.061125,36.985662,90.13,0.393,2
-122.060819,36.985662,92.66,0.37,2
-122.060513,36.985662,94.28,0.395,2
-122.060207,36.985662,95.13,0.402,2
-122.0599,36.985662,95.08,0.361,2
-122.059594,36.985662,94.83,0.334,2
-122.059288,36.985662,95.51,0.371,2
-122.058982,36.985662,96.46,0.417,2
-122.058675,36.985662,98.59,0.396,2
-122.058369,36.985662,99.29,0.327,2
-122.058063,36.985662,99.71,0.233,2
-122.057757,36.985662,98.96,0.214,2
-122.05745,36.985662,99.02,0.252,2
-122.057144,36.985662,99.26,0.28,2
-122.056838,36.985662,99.31,0.27,2
-122.056532,36.985662,99.09,0.255,2
-122.056225,36.985662,98.65,0.267,2
-122.055919,36.985662,98.65,0.325,2
-122.055613,36.985662,99.78,0.408,2
-122.055307,36.985662,99.95,0.303,2
-122.055,36.985662,100.57,0.27,2
-122.054694,36.985662,100.99,0.313,2
-122.054388,36.985662,101.86,0.296,2
-122.054082,36.985662,102.17,0.261,2
-122.053775,36.985662,102.37,0.203,2
-122.053469,36.985662,102.13,0.192,2
-122.053163,36.985662,101.3,0.249,2
-122.052856,36.985662,100.11,0.305,2
-122.05255,36.985662,98.95,0.311,2
-122.052244,36.985662,98.59,0.311,2
-122.051938,36.985662,98.9,0.304,2
-122.051631,36.985662,99.51,0.302,2
-122.051325,36.985662,100.21,0.3,2
-122.051019,36.985662,100.8,0.286,2
-122.050713,36.985662,101.24,0.264,2
-122.050406,36.985662,101.46,0.245,2
-122.0501,36.985662,101.64,0.255,2
-122.049794,36.985662,101.68,0.288,2
-122.049488,36.985662,101.53,0.314,2
-122.049181,36.985662,101.33,0.316,2
-122.048875,36.985662,100.84,0.304,2
-122.048569,36.985662,101.05,0.268,2
-122.048263,36.985662,101.18,0.199,2
-122.047956,36.985662,101.27,0.315,2
-122.04765,36.985662,101.18,0.344,2
-122.047344,36.985662,100.99,0.344,2
-122.047038,36.985662,100.61,0.323,2
-122.046731,36.985662,99.74,0.295,2
-122.046425,36.985662,98.42,0.314,2
-122.046119,36.985662,96.19,0.37,2
-122.045813,36.985662,92.69,0.413,2
-122.045506,36.985662,89.6,0.511,2
-122.0452,36.985662,86.39,0.573,2
-122.044894,36.985662,83.17,0.671,2
-122.044588,36.985662,79.93,0.76,2
-122.044281,36.985662,77.55,0.792,2
-122.043975,36.985662,75.92,0.804,2
-122.043669,36.985662,74.93,0.818,2
-122.043363,36.985662,74.45,0.826,2
-122.043056,36.985662,74.29,0.833,2
-122.04275,36.985662,74.31,0.84,2
-122.042444,36.985662,74.48,0.835,2
-122.042138,36.985662,74.92,0.818,2
-122.041831,36.985662,75.81,0.77,2
-122.041525,36.985662,77.44,0.693,2
-122.041219,36.985662,79.62,0.748,2
-122.040913,36.985662,82.3,0.798,2
-122.040606,36.985662,86.01,0.72,2
-122.0403,36.985662,90.57,0.399,2
-122.039994,36.985662,95.16,0.139,2
-122.039687,36.985662,98.43,0.134,2
-122.039381,36.985662,99.95,0.243,2
-122.039075,36.985662,100.82,0.307,2
-122.038769,36.985662,101.78,0.375,2
-122.038462,36.985662,102.19,0.496,2
-122.038156,36.985662,102.74,0.37,2
-122.03785,36.985662,104.11,0.409,2
-122.037544,36.985662,104.68,0.261,2
-122.037237,36.985662,104.69,0.217,2
-122.036931,36.985662,104.1,0.334,2
-122.036625,36.985662,103.7,0.417,2
-122.08287,36.985355,73.97,0.775,2
-122.082563,36.985355,75.23,0.712,2
-122.082257,36.985355,76.22,0.708,2
-122.081951,36.985355,76.89,0.742,2
-122.081645,36.985355,77.25,0.763,2
-122.081338,36.985355,77.16,0.79,2
-122.081032,36.985355,76.85,0.811,2
-122.080726,36.985355,76.35,0.822,2
-122.08042,36.985355,75.82,0.838,2
-122.080113,36.985355,75.39,0.848,2
-122.079807,36.985355,75.08,0.852,2
-122.079501,36.985355,74.88,0.856,2
-122.079195,36.985355,74.86,0.853,2
-122.078888,36.985355,74.92,0.837,2
-122.078582,36.985355,75.44,0.782,2
-122.078276,36.985355,76.67,0.638,2
-122.07797,36.985355,78.48,0.665,2
-122.077663,36.985355,80.07,0.726,2
-122.077357,36.985355,82.65,0.57,2
-122.077051,36.985355,85.48,0.422,2
-122.076744,36.985355,87.71,0.378,2
-122.076438,36.985355,88.92,0.377,2
-122.076132,36.985355,89.11,0.373,2
-122.075826,36.985355,88.36,0.368,2
-122.075519,36.985355,86.26,0.375,2
-122.075213,36.985355,82.34,0.476,2
-122.074907,36.985355,77.55,0.728,2
-122.074601,36.985355,74.66,0.821,2
-122.074294,36.985355,72.94,0.848,2
-122.073988,36.985355,71.93,0.847,2
-122.073682,36.985355,71.37,0.849,2
-122.073376,36.985355,71.06,0.85,2
-122.073069,36.985355,70.88,0.847,2
-122.072763,36.985355,70.73,0.849,2
-122.072457,36.985355,70.66,0.846,2
-122.072151,36.985355,70.7,0.833,2
-122.071844,36.985355,70.82,0.852,2
-122.071538,36.985355,71.14,0.866,2
-122.071232,36.985355,71.71,0.863,2
-122.070926,36.985355,72.84,0.86,2
-122.070619,36.985355,74.84,0.857,2
-122.070313,36.985355,77.44,0.859,2
-122.070007,36.985355,81.75,0.854,2
-122.069701,36.985355,86.89,0.722,2
-122.069394,36.985355,91.18,0.453,2
-122.069088,36.985355,95.29,0.289,2
-122.068782,36.985355,98.4,0.283,2
-122.068476,36.985355,100.02,0.276,2
-122.068169,36.985355,100.24,0.25,2
-122.067863,36.985355,98.58,0.255,2
-122.067557,36.985355,97.26,0.272,2
-122.067251,36.985355,95.88,0.359,2
-122.066944,36.985355,94.44,0.524,2
-122.066638,36.985355,93.26,0.615,2
-122.066332,36.985355,92.78,0.629,2
-122.066026,36.985355,93.58,0.6,2
-122.065719,36.985355,95.83,0.4,2
-122.065413,36.985355,98.01,0.273,2
-122.065107,36.985355,99.56,0.257,2
-122.0648,36.985355,101.07,0.263,2
-122.064494,36.985355,100.8,0.341,2
-122.064188,36.985355,99.64,0.455,2
-122.063882,36.985355,96.1,0.482,2
-122.063575,36.985355,92.99,0.44,2
-122.063269,36.985355,90.58,0.408,2
-122.062963,36.985355,87.99,0.469,2
-122.062657,36.985355,85.78,0.641,2
-122.06235,36.985355,84.65,0.807,2
-122.062044,36.985355,84.62,0.778,2
-122.061738,36.985355,85.64,0.553,2
-122.061432,36.985355,87.37,0.379,2
-122.061125,36.985355,88.85,0.425,2
-122.060819,36.985355,91.1,0.491,2
-122.060513,36.985355,92.43,0.538,2
-122.060207,36.985355,93.19,0.62,2
-122.0599,36.985355,93.19,0.587,2
-122.059594,36.985355,93.36,0.427,2
-122.059288,36.985355,94.93,0.333,2
-122.058982,36.985355,96.75,0.341,2
-122.058675,36.985355,99.55,0.336,2
-122.058369,36.985355,100.68,0.303,2
-122.058063,36.985355,101.1,0.241,2
-122.057757,36.985355,100.01,0.207,2
-122.05745,36.985355,99.75,0.209,2
-122.057144,36.985355,99.7,0.219,2
-122.056838,36.985355,99.53,0.227,2
-122.056532,36.985355,99.21,0.255,2
-122.056225,36.985355,98.89,0.287,2
-122.055919,36.985355,99.26,0.299,2
-122.055613,36.985355,100.83,0.312,2
-122.055307,36.985355,101.32,0.24,2
-122.055,36.985355,102.16,0.242,2
-122.054694,36.985355,102.88,0.29,2
-122.054388,36.985355,103.92,0.253,2
-122.054082,36.985355,104.23,0.261,2
-122.053775,36.985355,104.29,0.265,2
-122.053469,36.985355,103.88,0.234,2
-122.053163,36.985355,102.87,0.235,2
-122.052856,36.985355,101.44,0.281,2
-122.05255,36.985355,100.09,0.302,2
-122.052244,36.985355,99.61,0.301,2
-122.051938,36.985355,99.9,0.295,2
-122.051631,36.985355,100.53,0.297,2
-122.051325,36.985355,101.35,0.269,2
-122.051019,36.985355,102.22,0.228,2
-122.050713,36.985355,103.08,0.207,2
-122.050406,36.985355,103.6,0.197,2
-122.0501,36.985355,103.94,0.196,2
-122.049794,36.985355,103.96,0.215,2
-122.049488,36.985355,103.67,0.25,2
-122.049181,36.985355,103.22,0.276,2
-122.048875,36.985355,102.41,0.295,2
-122.048569,36.985355,102.33,0.281,2
-122.048263,36.985355,102.22,0.209,2
-122.047956,36.985355,102.11,0.304,2
-122.04765,36.985355,101.73,0.357,2
-122.047344,36.985355,101.09,0.345,2
-122.047038,36.985355,100.21,0.304,2
-122.046731,36.985355,98.95,0.297,2
-122.046425,36.985355,97.2,0.417,2
-122.046119,36.985355,94.38,0.574,2
-122.045813,36.985355,90.65,0.572,2
-122.045506,36.985355,88.11,0.519,2
-122.0452,36.985355,85.47,0.593,2
-122.044894,36.985355,82.74,0.705,2
-122.044588,36.985355,80.04,0.775,2
-122.044281,36.985355,78.09,0.797,2
-122.043975,36.985355,76.94,0.793,2
-122.043669,36.985355,76.2,0.813,2
-122.043363,36.985355,75.71,0.828,2
-122.043056,36.985355,75.38,0.831,2
-122.04275,36.985355,75.18,0.832,2
-122.042444,36.985355,75.13,0.821,2
-122.042138,36.985355,75.3,0.813,2
-122.041831,36.985355,75.73,0.802,2
-122.041525,36.985355,76.72,0.737,2
-122.041219,36.985355,78.27,0.732,2
-122.040913,36.985355,80.28,0.78,2
-122.040606,36.985355,83.25,0.777,2
-122.0403,36.985355,87.21,0.57,2
-122.039994,36.985355,91.48,0.326,2
-122.039687,36.985355,94.86,0.246,2
-122.039381,36.985355,97.07,0.247,2
-122.039075,36.985355,98.84,0.187,2
-122.038769,36.985355,100.14,0.271,2
-122.038462,36.985355,100.75,0.451,2
-122.038156,36.985355,101.49,0.447,2
-122.03785,36.985355,103.11,0.405,2
-122.037544,36.985355,103.81,0.147,2
-122.037237,36.985355,103.73,0.095,2
-122.036931,36.985355,102.79,0.237,2
-122.036625,36.985355,101.38,0.2,2
-122.036319,36.985355,100.41,0.048,2
-122.08287,36.985049,72.8,0.811,2
-122.082563,36.985049,73.45,0.806,2
-122.082257,36.985049,74,0.846,2
-122.081951,36.985049,74.6,0.82,2
-122.081645,36.985049,75.09,0.789,2
-122.081338,36.985049,75.26,0.783,2
-122.081032,36.985049,75.27,0.769,2
-122.080726,36.985049,75.02,0.786,2
-122.08042,36.985049,74.56,0.828,2
-122.080113,36.985049,74.11,0.85,2
-122.079807,36.985049,73.76,0.851,2
-122.079501,36.985049,73.55,0.848,2
-122.079195,36.985049,73.6,0.839,2
-122.078888,36.985049,73.94,0.825,2
-122.078582,36.985049,74.69,0.775,2
-122.078276,36.985049,75.98,0.715,2
-122.07797,36.985049,77.71,0.746,2
-122.077663,36.985049,79.47,0.77,2
-122.077357,36.985049,82.02,0.634,2
-122.077051,36.985049,84.94,0.465,2
-122.076744,36.985049,87.35,0.385,2
-122.076438,36.985049,88.85,0.377,2
-122.076132,36.985049,89.58,0.378,2
-122.075826,36.985049,89.37,0.386,2
-122.075519,36.985049,87,0.445,2
-122.075213,36.985049,82.63,0.672,2
-122.074907,36.985049,77.46,0.824,2
-122.074601,36.985049,74.78,0.84,2
-122.074294,36.985049,73.11,0.856,2
-122.073988,36.985049,72.1,0.857,2
-122.073682,36.985049,71.54,0.849,2
-122.073376,36.985049,71.2,0.847,2
-122.073069,36.985049,70.98,0.853,2
-122.072763,36.985049,70.86,0.853,2
-122.072457,36.985049,70.84,0.845,2
-122.072151,36.985049,70.87,0.846,2
-122.071844,36.985049,71.1,0.857,2
-122.071538,36.985049,71.74,0.875,2
-122.071232,36.985049,72.97,0.862,2
-122.070926,36.985049,75.21,0.854,2
-122.070619,36.985049,77.69,0.857,2
-122.070313,36.985049,80.39,0.858,2
-122.070007,36.985049,84.48,0.842,2
-122.069701,36.985049,89.18,0.71,2
-122.069394,36.985049,93.08,0.468,2
-122.069088,36.985049,96.64,0.328,2
-122.068782,36.985049,99.19,0.328,2
-122.068476,36.985049,100.82,0.329,2
-122.068169,36.985049,101.37,0.324,2
-122.067863,36.985049,99.97,0.323,2
-122.067557,36.985049,98.71,0.334,2
-122.067251,36.985049,97.48,0.314,2
-122.066944,36.985049,96.17,0.357,2
-122.066638,36.985049,94.96,0.468,2
-122.066332,36.985049,94.16,0.578,2
-122.066026,36.985049,94.27,0.64,2
-122.065719,36.985049,95.5,0.587,2
-122.065413,36.985049,96.74,0.323,2
-122.065107,36.985049,97.82,0.26,2
-122.0648,36.985049,99.16,0.275,2
-122.064494,36.985049,98.94,0.331,2
-122.064188,36.985049,97.97,0.404,2
-122.063882,36.985049,94.67,0.418,2
-122.063575,36.985049,91.63,0.398,2
-122.063269,36.985049,89.16,0.406,2
-122.062963,36.985049,86.55,0.509,2
-122.062657,36.985049,84.35,0.685,2
-122.06235,36.985049,83.22,0.795,2
-122.062044,36.985049,83.08,0.781,2
-122.061738,36.985049,84.12,0.656,2
-122.061432,36.985049,86.17,0.455,2
-122.061125,36.985049,87.85,0.477,2
-122.060819,36.985049,90,0.572,2
-122.060513,36.985049,91.14,0.583,2
-122.060207,36.985049,91.82,0.68,2
-122.0599,36.985049,92.13,0.752,2
-122.059594,36.985049,92.79,0.629,2
-122.059288,36.985049,94.67,0.415,2
-122.058982,36.985049,96.99,0.317,2
-122.058675,36.985049,99.75,0.326,2
-122.058369,36.985049,101.27,0.318,2
-122.058063,36.985049,101.66,0.231,2
-122.057757,36.985049,101.19,0.187,2
-122.05745,36.985049,100.77,0.189,2
-122.057144,36.985049,100.3,0.201,2
-122.056838,36.985049,99.78,0.274,2
-122.056532,36.985049,99.28,0.353,2
-122.056225,36.985049,98.96,0.394,2
-122.055919,36.985049,99.17,0.401,2
-122.055613,36.985049,100.11,0.34,2
-122.055307,36.985049,100.92,0.255,2
-122.055,36.985049,101.91,0.235,2
-122.054694,36.985049,103.45,0.248,2
-122.054388,36.985049,104.89,0.248,2
-122.054082,36.985049,105.83,0.275,2
-122.053775,36.985049,106.1,0.288,2
-122.053469,36.985049,105.79,0.271,2
-122.053163,36.985049,104.78,0.243,2
-122.052856,36.985049,103.22,0.25,2
-122.05255,36.985049,101.76,0.293,2
-122.052244,36.985049,101.1,0.304,2
-122.051938,36.985049,101.12,0.301,2
-122.051631,36.985049,101.55,0.284,2
-122.051325,36.985049,102.41,0.184,2
-122.051019,36.985049,103.63,0.152,2
-122.050713,36.985049,104.77,0.178,2
-122.050406,36.985049,105.52,0.198,2
-122.0501,36.985049,105.98,0.203,2
-122.049794,36.985049,106.04,0.198,2
-122.049488,36.985049,105.69,0.188,2
-122.049181,36.985049,105,0.196,2
-122.048875,36.985049,103.88,0.239,2
-122.048569,36.985049,103.52,0.271,2
-122.048263,36.985049,103.19,0.208,2
-122.047956,36.985049,103.45,0.293,2
-122.04765,36.985049,102.78,0.346,2
-122.047344,36.985049,101.8,0.328,2
-122.047038,36.985049,100.62,0.304,2
-122.046731,36.985049,99.16,0.356,2
-122.046425,36.985049,97.31,0.486,2
-122.046119,36.985049,94.49,0.641,2
-122.045813,36.985049,90.94,0.736,2
-122.045506,36.985049,88.53,0.723,2
-122.0452,36.985049,86.2,0.76,2
-122.044894,36.985049,84.19,0.81,2
-122.044588,36.985049,82.19,0.828,2
-122.044281,36.985049,80.59,0.829,2
-122.043975,36.985049,79.27,0.829,2
-122.043669,36.985049,78.48,0.838,2
-122.043363,36.985049,77.9,0.839,2
-122.043056,36.985049,77.13,0.837,2
-122.04275,36.985049,76.37,0.835,2
-122.042444,36.985049,76.08,0.82,2
-122.042138,36.985049,75.95,0.805,2
-122.041831,36.985049,75.96,0.809,2
-122.041525,36.985049,76.33,0.805,2
-122.041219,36.985049,77.31,0.788,2
-122.040913,36.985049,78.89,0.785,2
-122.040606,36.985049,81.14,0.783,2
-122.0403,36.985049,84.09,0.701,2
-122.039994,36.985049,87.57,0.564,2
-122.039687,36.985049,90.72,0.473,2
-122.039381,36.985049,93.2,0.395,2
-122.039075,36.985049,95.44,0.294,2
-122.038769,36.985049,97.11,0.42,2
-122.038462,36.985049,98.2,0.553,2
-122.038156,36.985049,99.03,0.463,2
-122.03785,36.985049,100.5,0.373,2
-122.037544,36.985049,101.32,0.15,2
-122.037237,36.985049,101.22,0.176,2
-122.036931,36.985049,100.31,0.301,2
-122.036625,36.985049,99.2,0.224,2
-122.036319,36.985049,98.64,0.091,2
-122.08287,36.984743,71.88,0.848,2
-122.082563,36.984743,72.23,0.847,2
-122.082257,36.984743,72.57,0.861,2
-122.081951,36.984743,73,0.85,2
-122.081645,36.984743,73.44,0.828,2
-122.081338,36.984743,73.85,0.788,2
-122.081032,36.984743,74.16,0.764,2
-122.080726,36.984743,74.22,0.772,2
-122.08042,36.984743,74.01,0.808,2
-122.080113,36.984743,73.7,0.83,2
-122.079807,36.984743,73.42,0.836,2
-122.079501,36.984743,73.29,0.838,2
-122.079195,36.984743,73.46,0.826,2
-122.078888,36.984743,74,0.803,2
-122.078582,36.984743,74.75,0.77,2
-122.078276,36.984743,75.72,0.812,2
-122.07797,36.984743,77.02,0.846,2
-122.077663,36.984743,78.8,0.797,2
-122.077357,36.984743,81,0.721,2
-122.077051,36.984743,83.6,0.587,2
-122.076744,36.984743,86.13,0.447,2
-122.076438,36.984743,87.99,0.377,2
-122.076132,36.984743,89.38,0.374,2
-122.075826,36.984743,90.09,0.401,2
-122.075519,36.984743,87.72,0.507,2
-122.075213,36.984743,83.6,0.808,2
-122.074907,36.984743,77.44,0.842,2
-122.074601,36.984743,74.82,0.849,2
-122.074294,36.984743,73.25,0.857,2
-122.073988,36.984743,72.25,0.862,2
-122.073682,36.984743,71.67,0.859,2
-122.073376,36.984743,71.32,0.856,2
-122.073069,36.984743,71.13,0.86,2
-122.072763,36.984743,71.08,0.863,2
-122.072457,36.984743,71.11,0.859,2
-122.072151,36.984743,71.3,0.856,2
-122.071844,36.984743,71.74,0.86,2
-122.071538,36.984743,72.71,0.868,2
-122.071232,36.984743,74.69,0.86,2
-122.070926,36.984743,80.14,0.829,2
-122.070619,36.984743,83.89,0.803,2
-122.070313,36.984743,86.9,0.753,2
-122.070007,36.984743,89.7,0.648,2
-122.069701,36.984743,92.56,0.521,2
-122.069394,36.984743,95.76,0.41,2
-122.069088,36.984743,98.62,0.332,2
-122.068782,36.984743,100.38,0.353,2
-122.068476,36.984743,101.65,0.371,2
-122.068169,36.984743,102.08,0.373,2
-122.067863,36.984743,102.15,0.382,2
-122.067557,36.984743,101.55,0.384,2
-122.067251,36.984743,100.76,0.33,2
-122.066944,36.984743,99.7,0.308,2
-122.066638,36.984743,98.44,0.34,2
-122.066332,36.984743,97.21,0.452,2
-122.066026,36.984743,95.99,0.629,2
-122.065719,36.984743,94.86,0.694,2
-122.065413,36.984743,94.8,0.488,2
-122.065107,36.984743,94.86,0.335,2
-122.0648,36.984743,94.37,0.34,2
-122.064494,36.984743,93.95,0.334,2
-122.064188,36.984743,93.16,0.404,2
-122.063882,36.984743,90.77,0.474,2
-122.063575,36.984743,88.32,0.545,2
-122.063269,36.984743,86.17,0.598,2
-122.062963,36.984743,84.17,0.666,2
-122.062657,36.984743,82.62,0.751,2
-122.06235,36.984743,81.8,0.761,2
-122.062044,36.984743,81.69,0.754,2
-122.061738,36.984743,82.86,0.699,2
-122.061432,36.984743,85.31,0.546,2
-122.061125,36.984743,87.51,0.45,2
-122.060819,36.984743,89.57,0.519,2
-122.060513,36.984743,90.58,0.57,2
-122.060207,36.984743,91.11,0.601,2
-122.0599,36.984743,91.45,0.685,2
-122.059594,36.984743,92.13,0.749,2
-122.059288,36.984743,93.76,0.674,2
-122.058982,36.984743,95.96,0.516,2
-122.058675,36.984743,98.45,0.391,2
-122.058369,36.984743,100.27,0.334,2
-122.058063,36.984743,101.12,0.265,2
-122.057757,36.984743,101.31,0.219,2
-122.05745,36.984743,100.94,0.201,2
-122.057144,36.984743,100.23,0.214,2
-122.056838,36.984743,99.41,0.32,2
-122.056532,36.984743,98.67,0.378,2
-122.056225,36.984743,98.16,0.403,2
-122.055919,36.984743,98.01,0.508,2
-122.055613,36.984743,98.31,0.538,2
-122.055307,36.984743,99.12,0.369,2
-122.055,36.984743,100.33,0.241,2
-122.054694,36.984743,102.42,0.231,2
-122.054388,36.984743,104.22,0.255,2
-122.054082,36.984743,105.83,0.28,2
-122.053775,36.984743,106.57,0.291,2
-122.053469,36.984743,106.59,0.293,2
-122.053163,36.984743,105.83,0.266,2
-122.052856,36.984743,104.47,0.241,2
-122.05255,36.984743,103.2,0.269,2
-122.052244,36.984743,102.53,0.311,2
-122.051938,36.984743,102.3,0.304,2
-122.051631,36.984743,102.43,0.248,2
-122.051325,36.984743,103.25,0.125,2
-122.051019,36.984743,104.7,0.139,2
-122.050713,36.984743,105.99,0.179,2
-122.050406,36.984743,106.86,0.195,2
-122.0501,36.984743,107.32,0.208,2
-122.049794,36.984743,107.37,0.205,2
-122.049488,36.984743,107.02,0.179,2
-122.049181,36.984743,106.14,0.162,2
-122.048875,36.984743,104.69,0.183,2
-122.048569,36.984743,104.08,0.247,2
-122.048263,36.984743,103.51,0.212,2
-122.047956,36.984743,104.41,0.294,2
-122.04765,36.984743,103.56,0.314,2
-122.047344,36.984743,102.42,0.309,2
-122.047038,36.984743,101.22,0.368,2
-122.046731,36.984743,99.93,0.453,2
-122.046425,36.984743,98.43,0.519,2
-122.046119,36.984743,96.24,0.591,2
-122.045813,36.984743,93.5,0.664,2
-122.045506,36.984743,91.47,0.653,2
-122.0452,36.984743,89.54,0.728,2
-122.044894,36.984743,88.3,0.78,2
-122.044588,36.984743,86.76,0.772,2
-122.044281,36.984743,85.46,0.797,2
-122.043975,36.984743,83.51,0.833,2
-122.043669,36.984743,82.27,0.85,2
-122.043363,36.984743,81.47,0.843,2
-122.043056,36.984743,79.94,0.824,2
-122.04275,36.984743,78.24,0.812,2
-122.042444,36.984743,77.55,0.814,2
-122.042138,36.984743,76.99,0.81,2
-122.041831,36.984743,76.57,0.812,2
-122.041525,36.984743,76.4,0.807,2
-122.041219,36.984743,76.76,0.812,2
-122.040913,36.984743,77.98,0.812,2
-122.040606,36.984743,79.75,0.802,2
-122.0403,36.984743,82.1,0.777,2
-122.039994,36.984743,84.7,0.742,2
-122.039687,36.984743,87.23,0.689,2
-122.039381,36.984743,89.56,0.623,2
-122.039075,36.984743,91.79,0.571,2
-122.038769,36.984743,93.88,0.542,2
-122.038462,36.984743,95.04,0.498,2
-122.038156,36.984743,95.81,0.471,2
-122.03785,36.984743,95.95,0.462,2
-122.037544,36.984743,96.55,0.397,2
-122.037237,36.984743,96.54,0.411,2
-122.036931,36.984743,96.18,0.39,2
-122.036625,36.984743,95.94,0.284,2
-122.036319,36.984743,95.89,0.206,2
-122.08287,36.984437,71.32,0.84,2
-122.082563,36.984437,71.57,0.839,2
-122.082257,36.984437,71.78,0.851,2
-122.081951,36.984437,72.11,0.84,2
-122.081645,36.984437,72.46,0.836,2
-122.081338,36.984437,72.89,0.81,2
-122.081032,36.984437,73.29,0.795,2
-122.080726,36.984437,73.53,0.792,2
-122.08042,36.984437,73.58,0.811,2
-122.080113,36.984437,73.52,0.811,2
-122.079807,36.984437,73.44,0.811,2
-122.079501,36.984437,73.43,0.828,2
-122.079195,36.984437,73.71,0.828,2
-122.078888,36.984437,74.32,0.801,2
-122.078582,36.984437,75.08,0.735,2
-122.078276,36.984437,75.84,0.746,2
-122.07797,36.984437,76.67,0.839,2
-122.077663,36.984437,77.98,0.821,2
-122.077357,36.984437,79.68,0.77,2
-122.077051,36.984437,81.82,0.714,2
-122.076744,36.984437,84.53,0.574,2
-122.076438,36.984437,86.9,0.432,2
-122.076132,36.984437,88.51,0.394,2
-122.075826,36.984437,89.25,0.429,2
-122.075519,36.984437,87.18,0.541,2
-122.075213,36.984437,83.43,0.82,2
-122.074907,36.984437,77.62,0.851,2
-122.074601,36.984437,75.09,0.857,2
-122.074294,36.984437,73.59,0.853,2
-122.073988,36.984437,72.53,0.855,2
-122.073682,36.984437,71.86,0.857,2
-122.073376,36.984437,71.46,0.857,2
-122.073069,36.984437,71.28,0.854,2
-122.072763,36.984437,71.27,0.851,2
-122.072457,36.984437,71.34,0.851,2
-122.072151,36.984437,71.68,0.855,2
-122.071844,36.984437,72.49,0.861,2
-122.071538,36.984437,73.93,0.857,2
-122.071232,36.984437,76.3,0.837,2
-122.070926,36.984437,82.37,0.666,2
-122.070619,36.984437,86.77,0.52,2
-122.070313,36.984437,90.07,0.439,2
-122.070007,36.984437,92.72,0.364,2
-122.069701,36.984437,95.07,0.313,2
-122.069394,36.984437,97.55,0.308,2
-122.069088,36.984437,99.8,0.302,2
-122.068782,36.984437,101.2,0.31,2
-122.068476,36.984437,102.06,0.321,2
-122.068169,36.984437,102.34,0.32,2
-122.067863,36.984437,102.64,0.332,2
-122.067557,36.984437,102.41,0.333,2
-122.067251,36.984437,101.93,0.309,2
-122.066944,36.984437,101.13,0.297,2
-122.066638,36.984437,99.99,0.302,2
-122.066332,36.984437,98.62,0.325,2
-122.066026,36.984437,96.92,0.417,2
-122.065719,36.984437,94.94,0.602,2
-122.065413,36.984437,93.82,0.744,2
-122.065107,36.984437,92.87,0.719,2
-122.0648,36.984437,91.53,0.665,2
-122.064494,36.984437,90.68,0.55,2
-122.064188,36.984437,89.75,0.484,2
-122.063882,36.984437,87.41,0.518,2
-122.063575,36.984437,85.17,0.613,2
-122.063269,36.984437,83.35,0.694,2
-122.062963,36.984437,81.83,0.748,2
-122.062657,36.984437,80.8,0.777,2
-122.06235,36.984437,80.37,0.768,2
-122.062044,36.984437,80.6,0.779,2
-122.061738,36.984437,82.32,0.704,2
-122.061432,36.984437,85.39,0.409,2
-122.061125,36.984437,87.74,0.305,2
-122.060819,36.984437,89.56,0.325,2
-122.060513,36.984437,90.41,0.451,2
-122.060207,36.984437,90.81,0.496,2
-122.0599,36.984437,90.79,0.497,2
-122.059594,36.984437,90.93,0.56,2
-122.059288,36.984437,91.86,0.669,2
-122.058982,36.984437,93.3,0.705,2
-122.058675,36.984437,95.24,0.562,2
-122.058369,36.984437,97.14,0.366,2
-122.058063,36.984437,98.91,0.355,2
-122.057757,36.984437,99.97,0.385,2
-122.05745,36.984437,100.14,0.365,2
-122.057144,36.984437,99.67,0.377,2
-122.056838,36.984437,98.88,0.441,2
-122.056532,36.984437,98.04,0.445,2
-122.056225,36.984437,97.32,0.412,2
-122.055919,36.984437,96.85,0.471,2
-122.055613,36.984437,96.81,0.572,2
-122.055307,36.984437,97.39,0.503,2
-122.055,36.984437,98.61,0.279,2
-122.054694,36.984437,100.71,0.251,2
-122.054388,36.984437,102.6,0.25,2
-122.054082,36.984437,104.46,0.271,2
-122.053775,36.984437,105.6,0.291,2
-122.053469,36.984437,106.04,0.302,2
-122.053163,36.984437,105.73,0.289,2
-122.052856,36.984437,104.9,0.248,2
-122.05255,36.984437,104.07,0.231,2
-122.052244,36.984437,103.57,0.287,2
-122.051938,36.984437,103.3,0.297,2
-122.051631,36.984437,103.22,0.198,2
-122.051325,36.984437,103.93,0.115,2
-122.051019,36.984437,105.38,0.177,2
-122.050713,36.984437,106.66,0.201,2
-122.050406,36.984437,107.56,0.197,2
-122.0501,36.984437,108.05,0.198,2
-122.049794,36.984437,108.09,0.199,2
-122.049488,36.984437,107.66,0.188,2
-122.049181,36.984437,106.57,0.174,2
-122.048875,36.984437,104.89,0.175,2
-122.048569,36.984437,103.98,0.223,2
-122.048263,36.984437,103.12,0.235,2
-122.047956,36.984437,103.89,0.307,2
-122.04765,36.984437,102.92,0.328,2
-122.047344,36.984437,101.81,0.358,2
-122.047038,36.984437,100.82,0.388,2
-122.046731,36.984437,99.89,0.429,2
-122.046425,36.984437,98.9,0.469,2
-122.046119,36.984437,97.35,0.489,2
-122.045813,36.984437,95.34,0.468,2
-122.045506,36.984437,93.93,0.446,2
-122.0452,36.984437,92.56,0.599,2
-122.044894,36.984437,91.86,0.629,2
-122.044588,36.984437,90.7,0.569,2
-122.044281,36.984437,89.6,0.6,2
-122.043975,36.984437,87.62,0.684,2
-122.043669,36.984437,86.34,0.743,2
-122.043363,36.984437,85.31,0.74,2
-122.043056,36.984437,83.43,0.728,2
-122.04275,36.984437,81.33,0.764,2
-122.042444,36.984437,80.11,0.819,2
-122.042138,36.984437,79.01,0.823,2
-122.041831,36.984437,78.01,0.817,2
-122.041525,36.984437,77.29,0.818,2
-122.041219,36.984437,77.04,0.821,2
-122.040913,36.984437,77.65,0.817,2
-122.040606,36.984437,78.89,0.809,2
-122.0403,36.984437,80.66,0.777,2
-122.039994,36.984437,82.71,0.718,2
-122.039687,36.984437,84.76,0.716,2
-122.039381,36.984437,86.76,0.759,2
-122.039075,36.984437,89.06,0.693,2
-122.038769,36.984437,91.63,0.501,2
-122.038462,36.984437,92.84,0.455,2
-122.038156,36.984437,93.7,0.526,2
-122.03785,36.984437,93.5,0.598,2
-122.037544,36.984437,93.72,0.675,2
-122.037237,36.984437,94,0.65,2
-122.036931,36.984437,94.37,0.52,2
-122.036625,36.984437,94.82,0.375,2
-122.036319,36.984437,95.07,0.308,2
-122.08287,36.98413,71,0.827,2
-122.082563,36.98413,71.18,0.825,2
-122.082257,36.98413,71.33,0.85,2
-122.081951,36.98413,71.59,0.838,2
-122.081645,36.98413,71.87,0.84,2
-122.081338,36.98413,72.25,0.819,2
-122.081032,36.98413,72.73,0.805,2
-122.080726,36.98413,73.08,0.801,2
-122.08042,36.98413,73.36,0.803,2
-122.080113,36.98413,73.59,0.786,2
-122.079807,36.98413,73.72,0.784,2
-122.079501,36.98413,73.82,0.811,2
-122.079195,36.98413,74.13,0.827,2
-122.078888,36.98413,74.76,0.804,2
-122.078582,36.98413,75.54,0.712,2
-122.078276,36.98413,76.16,0.678,2
-122.07797,36.98413,76.59,0.78,2
-122.077663,36.98413,77.28,0.803,2
-122.077357,36.98413,78.42,0.755,2
-122.077051,36.98413,80.02,0.747,2
-122.076744,36.98413,82.2,0.712,2
-122.076438,36.98413,84.57,0.584,2
-122.076132,36.98413,86.7,0.456,2
-122.075826,36.98413,87.89,0.462,2
-122.075519,36.98413,86.56,0.604,2
-122.075213,36.98413,83.67,0.832,2
-122.074907,36.98413,78.34,0.873,2
-122.074601,36.98413,75.92,0.868,2
-122.074294,36.98413,74.26,0.852,2
-122.073988,36.98413,72.98,0.848,2
-122.073682,36.98413,72.1,0.86,2
-122.073376,36.98413,71.59,0.864,2
-122.073069,36.98413,71.39,0.854,2
-122.072763,36.98413,71.39,0.847,2
-122.072457,36.98413,71.54,0.852,2
-122.072151,36.98413,72.1,0.86,2
-122.071844,36.98413,73.31,0.866,2
-122.071538,36.98413,75.18,0.852,2
-122.071232,36.98413,78.32,0.778,2
-122.070926,36.98413,85.1,0.467,2
-122.070619,36.98413,89.87,0.325,2
-122.070313,36.98413,93.17,0.297,2
-122.070007,36.98413,95.24,0.291,2
-122.069701,36.98413,96.92,0.284,2
-122.069394,36.98413,98.82,0.281,2
-122.069088,36.98413,100.42,0.28,2
-122.068782,36.98413,101.67,0.276,2
-122.068476,36.98413,102.34,0.275,2
-122.068169,36.98413,102.63,0.279,2
-122.067863,36.98413,102.86,0.301,2
-122.067557,36.98413,102.82,0.295,2
-122.067251,36.98413,102.62,0.287,2
-122.066944,36.98413,102.16,0.284,2
-122.066638,36.98413,101.4,0.281,2
-122.066332,36.98413,100.34,0.275,2
-122.066026,36.98413,98.9,0.291,2
-122.065719,36.98413,97.13,0.371,2
-122.065413,36.98413,95.56,0.528,2
-122.065107,36.98413,93.97,0.664,2
-122.0648,36.98413,92.07,0.747,2
-122.064494,36.98413,90.57,0.721,2
-122.064188,36.98413,89.13,0.628,2
-122.063882,36.98413,86.85,0.616,2
-122.063575,36.98413,84.77,0.647,2
-122.063269,36.98413,83.01,0.696,2
-122.062963,36.98413,81.35,0.76,2
-122.062657,36.98413,80.16,0.812,2
-122.06235,36.98413,79.92,0.826,2
-122.062044,36.98413,80.55,0.816,2
-122.061738,36.98413,82.72,0.683,2
-122.061432,36.98413,85.98,0.364,2
-122.061125,36.98413,88.22,0.221,2
-122.060819,36.98413,89.61,0.244,2
-122.060513,36.98413,90.2,0.39,2
-122.060207,36.98413,90.44,0.476,2
-122.0599,36.98413,90.33,0.482,2
-122.059594,36.98413,90.24,0.472,2
-122.059288,36.98413,90.51,0.528,2
-122.058982,36.98413,91.1,0.653,2
-122.058675,36.98413,92.33,0.618,2
-122.058369,36.98413,94.12,0.461,2
-122.058063,36.98413,96.48,0.421,2
-122.057757,36.98413,98.16,0.449,2
-122.05745,36.98413,99.01,0.427,2
-122.057144,36.98413,99.2,0.444,2
-122.056838,36.98413,98.83,0.471,2
-122.056532,36.98413,98.22,0.449,2
-122.056225,36.98413,97.56,0.412,2
-122.055919,36.98413,97.01,0.449,2
-122.055613,36.98413,96.79,0.574,2
-122.055307,36.98413,96.97,0.66,2
-122.055,36.98413,97.77,0.482,2
-122.054694,36.98413,99.48,0.433,2
-122.054388,36.98413,101.04,0.305,2
-122.054082,36.98413,102.82,0.266,2
-122.053775,36.98413,104.08,0.279,2
-122.053469,36.98413,104.83,0.279,2
-122.053163,36.98413,105.1,0.266,2
-122.052856,36.98413,104.97,0.247,2
-122.05255,36.98413,104.69,0.226,2
-122.052244,36.98413,104.45,0.233,2
-122.051938,36.98413,104.3,0.265,2
-122.051631,36.98413,104.37,0.181,2
-122.051325,36.98413,104.99,0.162,2
-122.051019,36.98413,106.21,0.2,2
-122.050713,36.98413,107.25,0.205,2
-122.050406,36.98413,108,0.205,2
-122.0501,36.98413,108.37,0.2,2
-122.049794,36.98413,108.28,0.193,2
-122.049488,36.98413,107.69,0.193,2
-122.049181,36.98413,106.37,0.192,2
-122.048875,36.98413,104.41,0.184,2
-122.048569,36.98413,103.15,0.213,2
-122.048263,36.98413,102.07,0.265,2
-122.047956,36.98413,102.85,0.367,2
-122.04765,36.98413,102.03,0.44,2
-122.047344,36.98413,101.11,0.473,2
-122.047038,36.98413,100.44,0.42,2
-122.046731,36.98413,99.9,0.393,2
-122.046425,36.98413,99.35,0.402,2
-122.046119,36.98413,98.28,0.414,2
-122.045813,36.98413,96.83,0.419,2
-122.045506,36.98413,96,0.446,2
-122.0452,36.98413,95.23,0.579,2
-122.044894,36.98413,95.1,0.499,2
-122.044588,36.98413,94.44,0.481,2
-122.044281,36.98413,93.82,0.475,2
-122.043975,36.98413,92.25,0.419,2
-122.043669,36.98413,91.18,0.439,2
-122.043363,36.98413,90.12,0.461,2
-122.043056,36.98413,88.19,0.491,2
-122.04275,36.98413,85.98,0.6,2
-122.042444,36.98413,84.28,0.747,2
-122.042138,36.98413,82.55,0.794,2
-122.041831,36.98413,80.94,0.779,2
-122.041525,36.98413,79.59,0.824,2
-122.041219,36.98413,78.87,0.827,2
-122.040913,36.98413,78.79,0.825,2
-122.040606,36.98413,79.21,0.82,2
-122.0403,36.98413,80.16,0.772,2
-122.039994,36.98413,81.52,0.691,2
-122.039687,36.98413,83.06,0.682,2
-122.039381,36.98413,84.74,0.723,2
-122.039075,36.98413,86.92,0.594,2
-122.038769,36.98413,89.56,0.289,2
-122.038462,36.98413,91.17,0.437,2
-122.038156,36.98413,92.35,0.611,2
-122.03785,36.98413,92.24,0.595,2
-122.037544,36.98413,92.49,0.637,2
-122.037237,36.98413,92.77,0.663,2
-122.036931,36.98413,93.24,0.582,2
-122.036625,36.98413,93.91,0.436,2
-122.036319,36.98413,94.29,0.355,2
-122.08287,36.983824,70.92,0.856,2
-122.082563,36.983824,71.05,0.848,2
-122.082257,36.983824,71.18,0.859,2
-122.081951,36.983824,71.39,0.859,2
-122.081645,36.983824,71.66,0.861,2
-122.081338,36.983824,72.07,0.828,2
-122.081032,36.983824,72.45,0.819,2
-122.080726,36.983824,72.91,0.813,2
-122.08042,36.983824,73.46,0.786,2
-122.080113,36.983824,73.97,0.763,2
-122.079807,36.983824,74.32,0.774,2
-122.079501,36.983824,74.58,0.794,2
-122.079195,36.983824,74.97,0.78,2
-122.078888,36.983824,75.58,0.737,2
-122.078582,36.983824,76.21,0.679,2
-122.078276,36.983824,76.57,0.709,2
-122.07797,36.983824,78.56,0.753,2
-122.077663,36.983824,79.09,0.788,2
-122.077357,36.983824,79.77,0.758,2
-122.077051,36.983824,80.95,0.726,2
-122.076744,36.983824,82.67,0.747,2
-122.076438,36.983824,84.8,0.695,2
-122.076132,36.983824,86.65,0.543,2
-122.075826,36.983824,87.37,0.451,2
-122.075519,36.983824,86.7,0.504,2
-122.075213,36.983824,84.71,0.688,2
-122.074907,36.983824,79.65,0.826,2
-122.074601,36.983824,77.07,0.859,2
-122.074294,36.983824,75.06,0.858,2
-122.073988,36.983824,73.45,0.862,2
-122.073682,36.983824,72.29,0.872,2
-122.073376,36.983824,71.66,0.868,2
-122.073069,36.983824,71.42,0.852,2
-122.072763,36.983824,71.41,0.85,2
-122.072457,36.983824,71.66,0.867,2
-122.072151,36.983824,72.5,0.871,2
-122.071844,36.983824,74.07,0.869,2
-122.071538,36.983824,76.41,0.851,2
-122.071232,36.983824,80.27,0.762,2
-122.070926,36.983824,87.83,0.432,2
-122.070619,36.983824,92.8,0.306,2
-122.070313,36.983824,96.02,0.286,2
-122.070007,36.983824,97.41,0.284,2
-122.069701,36.983824,98.34,0.277,2
-122.069394,36.983824,99.71,0.274,2
-122.069088,36.983824,100.86,0.276,2
-122.068782,36.983824,102.1,0.277,2
-122.068476,36.983824,102.59,0.278,2
-122.068169,36.983824,102.89,0.293,2
-122.067863,36.983824,102.88,0.346,2
-122.067557,36.983824,102.91,0.329,2
-122.067251,36.983824,102.9,0.302,2
-122.066944,36.983824,102.76,0.281,2
-122.066638,36.983824,102.44,0.271,2
-122.066332,36.983824,101.89,0.271,2
-122.066026,36.983824,101.26,0.277,2
-122.065719,36.983824,100.51,0.281,2
-122.065413,36.983824,99.02,0.291,2
-122.065107,36.983824,97.27,0.348,2
-122.0648,36.983824,95.32,0.522,2
-122.064494,36.983824,93.44,0.687,2
-122.064188,36.983824,91.54,0.74,2
-122.063882,36.983824,89.66,0.784,2
-122.063575,36.983824,87.72,0.801,2
-122.063269,36.983824,85.86,0.795,2
-122.062963,36.983824,83.6,0.801,2
-122.062657,36.983824,81.6,0.826,2
-122.06235,36.983824,81.33,0.843,2
-122.062044,36.983824,82.12,0.813,2
-122.061738,36.983824,84.3,0.626,2
-122.061432,36.983824,87.07,0.381,2
-122.061125,36.983824,88.86,0.278,2
-122.060819,36.983824,89.58,0.362,2
-122.060513,36.983824,89.83,0.477,2
-122.060207,36.983824,89.93,0.519,2
-122.0599,36.983824,90.33,0.524,2
-122.059594,36.983824,90.78,0.527,2
-122.059288,36.983824,91,0.54,2
-122.058982,36.983824,91.39,0.569,2
-122.058675,36.983824,92.25,0.567,2
-122.058369,36.983824,93.94,0.511,2
-122.058063,36.983824,96.29,0.4,2
-122.057757,36.983824,97.09,0.374,2
-122.05745,36.983824,98.2,0.39,2
-122.057144,36.983824,98.84,0.375,2
-122.056838,36.983824,98.96,0.375,2
-122.056532,36.983824,98.71,0.428,2
-122.056225,36.983824,98.2,0.49,2
-122.055919,36.983824,97.97,0.522,2
-122.055613,36.983824,98.31,0.546,2
-122.055307,36.983824,98.07,0.554,2
-122.055,36.983824,98.32,0.537,2
-122.054694,36.983824,99.36,0.517,2
-122.054388,36.983824,100.52,0.472,2
-122.054082,36.983824,101.75,0.357,2
-122.053775,36.983824,102.44,0.322,2
-122.053469,36.983824,103.09,0.314,2
-122.053163,36.983824,103.87,0.285,2
-122.052856,36.983824,104.45,0.26,2
-122.05255,36.983824,104.7,0.246,2
-122.052244,36.983824,104.88,0.214,2
-122.051938,36.983824,105.05,0.201,2
-122.051631,36.983824,105.35,0.174,2
-122.051325,36.983824,105.88,0.165,2
-122.051019,36.983824,106.33,0.18,2
-122.050713,36.983824,106.95,0.184,2
-122.050406,36.983824,107.46,0.191,2
-122.0501,36.983824,107.76,0.208,2
-122.049794,36.983824,107.53,0.206,2
-122.049488,36.983824,106.65,0.183,2
-122.049181,36.983824,105.21,0.17,2
-122.048875,36.983824,103.32,0.185,2
-122.048569,36.983824,101.57,0.233,2
-122.048263,36.983824,100.34,0.349,2
-122.047956,36.983824,100.47,0.454,2
-122.04765,36.983824,100.08,0.43,2
-122.047344,36.983824,99.56,0.455,2
-122.047038,36.983824,99.23,0.485,2
-122.046731,36.983824,99.16,0.419,2
-122.046425,36.983824,99.1,0.376,2
-122.046119,36.983824,98,0.454,2
-122.045813,36.983824,96.19,0.553,2
-122.045506,36.983824,95.58,0.539,2
-122.0452,36.983824,95.23,0.485,2
-122.044894,36.983824,95.02,0.455,2
-122.044588,36.983824,94.72,0.484,2
-122.044281,36.983824,94.84,0.423,2
-122.043975,36.983824,95.6,0.349,2
-122.043669,36.983824,95.58,0.307,2
-122.043363,36.983824,94.9,0.343,2
-122.043056,36.983824,93.31,0.376,2
-122.04275,36.983824,91.39,0.425,2
-122.042444,36.983824,89.81,0.527,2
-122.042138,36.983824,87.97,0.592,2
-122.041831,36.983824,86.08,0.681,2
-122.041525,36.983824,84.35,0.807,2
-122.041219,36.983824,83.2,0.836,2
-122.040913,36.983824,81.72,0.836,2
-122.040606,36.983824,81.18,0.835,2
-122.0403,36.983824,81.1,0.822,2
-122.039994,36.983824,81.48,0.772,2
-122.039687,36.983824,82.33,0.7,2
-122.039381,36.983824,83.52,0.664,2
-122.039075,36.983824,85.14,0.592,2
-122.038769,36.983824,87.3,0.397,2
-122.038462,36.983824,89.31,0.485,2
-122.038156,36.983824,90.85,0.59,2
-122.03785,36.983824,91.53,0.495,2
-122.037544,36.983824,92.02,0.468,2
-122.037237,36.983824,92.34,0.497,2
-122.036931,36.983824,92.5,0.59,2
-122.036625,36.983824,92.88,0.585,2
-122.036319,36.983824,93.16,0.546,2
-122.082563,36.983518,71.22,0.865,2
-122.082257,36.983518,71.39,0.875,2
-122.081951,36.983518,71.61,0.87,2
-122.081645,36.983518,71.89,0.855,2
-122.081338,36.983518,72.25,0.833,2
-122.081032,36.983518,72.56,0.835,2
-122.080726,36.983518,73.07,0.842,2
-122.08042,36.983518,73.79,0.802,2
-122.080113,36.983518,74.55,0.74,2
-122.079807,36.983518,75.11,0.727,2
-122.079501,36.983518,75.48,0.75,2
-122.079195,36.983518,75.9,0.735,2
-122.078888,36.983518,76.49,0.672,2
-122.078582,36.983518,77.01,0.641,2
-122.078276,36.983518,77.19,0.716,2
-122.07797,36.983518,79.59,0.729,2
-122.077663,36.983518,80.04,0.768,2
-122.077357,36.983518,80.57,0.757,2
-122.077051,36.983518,81.43,0.753,2
-122.076744,36.983518,82.76,0.741,2
-122.076438,36.983518,84.46,0.686,2
-122.076132,36.983518,85.99,0.597,2
-122.075826,36.983518,86.79,0.495,2
-122.075519,36.983518,86.64,0.399,2
-122.075213,36.983518,85.25,0.464,2
-122.074907,36.983518,80.98,0.694,2
-122.074601,36.983518,78.15,0.839,2
-122.074294,36.983518,75.79,0.861,2
-122.073988,36.983518,73.99,0.863,2
-122.073682,36.983518,72.65,0.868,2
-122.073376,36.983518,71.81,0.867,2
-122.073069,36.983518,71.43,0.858,2
-122.072763,36.983518,71.42,0.857,2
-122.072457,36.983518,71.85,0.871,2
-122.072151,36.983518,72.9,0.878,2
-122.071844,36.983518,74.71,0.877,2
-122.071538,36.983518,77.46,0.858,2
-122.071232,36.983518,82.05,0.724,2
-122.070926,36.983518,90.06,0.392,2
-122.070619,36.983518,94.99,0.292,2
-122.070313,36.983518,98.08,0.281,2
-122.070007,36.983518,99.24,0.286,2
-122.069701,36.983518,99.86,0.284,2
-122.069394,36.983518,100.84,0.282,2
-122.069088,36.983518,101.61,0.295,2
-122.068782,36.983518,102.55,0.301,2
-122.068476,36.983518,102.87,0.286,2
-122.068169,36.983518,103.08,0.293,2
-122.067863,36.983518,103.05,0.328,2
-122.067557,36.983518,103.1,0.347,2
-122.067251,36.983518,103.16,0.341,2
-122.066944,36.983518,103.18,0.306,2
-122.066638,36.983518,103.13,0.293,2
-122.066332,36.983518,102.95,0.303,2
-122.066026,36.983518,102.8,0.311,2
-122.065719,36.983518,102.53,0.318,2
-122.065413,36.983518,101.41,0.317,2
-122.065107,36.983518,99.93,0.294,2
-122.0648,36.983518,98.08,0.323,2
-122.064494,36.983518,96.22,0.443,2
-122.064188,36.983518,94.26,0.584,2
-122.063882,36.983518,92.3,0.709,2
-122.063575,36.983518,90.26,0.766,2
-122.063269,36.983518,88.21,0.785,2
-122.062963,36.983518,85.66,0.798,2
-122.062657,36.983518,83.32,0.816,2
-122.06235,36.983518,82.71,0.84,2
-122.062044,36.983518,83.38,0.825,2
-122.061738,36.983518,85.34,0.666,2
-122.061432,36.983518,87.84,0.383,2
-122.061125,36.983518,89.34,0.322,2
-122.060819,36.983518,89.82,0.424,2
-122.060513,36.983518,89.93,0.527,2
-122.060207,36.983518,89.98,0.543,2
-122.0599,36.983518,90.47,0.536,2
-122.059594,36.983518,91.08,0.527,2
-122.059288,36.983518,91.49,0.483,2
-122.058982,36.983518,92.04,0.441,2
-122.058675,36.983518,92.96,0.502,2
-122.058369,36.983518,94.49,0.609,2
-122.058063,36.983518,96.55,0.506,2
-122.057757,36.983518,97.23,0.444,2
-122.05745,36.983518,98.6,0.406,2
-122.057144,36.983518,99.62,0.363,2
-122.056838,36.983518,100.07,0.35,2
-122.056532,36.983518,100.03,0.395,2
-122.056225,36.983518,99.6,0.462,2
-122.055919,36.983518,99.35,0.497,2
-122.055613,36.983518,99.54,0.506,2
-122.055307,36.983518,99.01,0.518,2
-122.055,36.983518,98.84,0.411,2
-122.054694,36.983518,99.37,0.439,2
-122.054388,36.983518,100.02,0.574,2
-122.054082,36.983518,100.74,0.541,2
-122.053775,36.983518,101.05,0.516,2
-122.053469,36.983518,101.51,0.537,2
-122.053163,36.983518,102.32,0.458,2
-122.052856,36.983518,103.18,0.326,2
-122.05255,36.983518,103.93,0.266,2
-122.052244,36.983518,104.68,0.238,2
-122.051938,36.983518,105.33,0.186,2
-122.051631,36.983518,105.89,0.171,2
-122.051325,36.983518,106.4,0.174,2
-122.051019,36.983518,106.57,0.176,2
-122.050713,36.983518,106.93,0.182,2
-122.050406,36.983518,107.15,0.197,2
-122.0501,36.983518,107.11,0.212,2
-122.049794,36.983518,106.52,0.214,2
-122.049488,36.983518,105.19,0.208,2
-122.049181,36.983518,103.09,0.203,2
-122.048875,36.983518,100.46,0.228,2
-122.048569,36.983518,98.12,0.365,2
-122.048263,36.983518,96.94,0.584,2
-122.047956,36.983518,97.38,0.518,2
-122.04765,36.983518,97.65,0.431,2
-122.047344,36.983518,97.83,0.361,2
-122.047038,36.983518,98.17,0.359,2
-122.046731,36.983518,98.61,0.428,2
-122.046425,36.983518,98.89,0.403,2
-122.046119,36.983518,98.01,0.376,2
-122.045813,36.983518,96.33,0.453,2
-122.045506,36.983518,95.71,0.474,2
-122.0452,36.983518,95.29,0.458,2
-122.044894,36.983518,95.13,0.474,2
-122.044588,36.983518,95.25,0.435,2
-122.044281,36.983518,95.47,0.499,2
-122.043975,36.983518,97.29,0.495,2
-122.043669,36.983518,97.99,0.384,2
-122.043363,36.983518,97.82,0.36,2
-122.043056,36.983518,96.67,0.336,2
-122.04275,36.983518,95.15,0.299,2
-122.042444,36.983518,93.88,0.325,2
-122.042138,36.983518,92.26,0.376,2
-122.041831,36.983518,90.5,0.533,2
-122.041525,36.983518,88.88,0.634,2
-122.041219,36.983518,87.48,0.674,2
-122.040913,36.983518,85.59,0.696,2
-122.040606,36.983518,84.36,0.74,2
-122.0403,36.983518,83.34,0.801,2
-122.039994,36.983518,82.54,0.804,2
-122.039687,36.983518,82.25,0.747,2
-122.039381,36.983518,82.49,0.709,2
-122.039075,36.983518,83.28,0.685,2
-122.038769,36.983518,84.91,0.562,2
-122.038462,36.983518,87.19,0.427,2
-122.038156,36.983518,88.93,0.473,2
-122.03785,36.983518,90.11,0.469,2
-122.037544,36.983518,90.85,0.451,2
-122.037237,36.983518,91.19,0.571,2
-122.036931,36.983518,91.37,0.71,2
-122.036625,36.983518,91.61,0.782,2
-122.036319,36.983518,91.76,0.797,2
-122.082563,36.983212,71.53,0.863,2
-122.082257,36.983212,71.79,0.867,2
-122.081951,36.983212,72.1,0.851,2
-122.081645,36.983212,72.43,0.81,2
-122.081338,36.983212,72.77,0.795,2
-122.081032,36.983212,73.53,0.831,2
-122.080726,36.983212,74.18,0.835,2
-122.08042,36.983212,74.93,0.83,2
-122.080113,36.983212,75.41,0.747,2
-122.079807,36.983212,75.78,0.685,2
-122.079501,36.983212,76.13,0.717,2
-122.079195,36.983212,76.48,0.749,2
-122.078888,36.983212,76.99,0.703,2
-122.078582,36.983212,77.38,0.703,2
-122.078276,36.983212,77.71,0.722,2
-122.07797,36.983212,80.18,0.717,2
-122.077663,36.983212,80.54,0.708,2
-122.077357,36.983212,80.92,0.715,2
-122.077051,36.983212,81.56,0.707,2
-122.076744,36.983212,82.51,0.764,2
-122.076438,36.983212,83.74,0.799,2
-122.076132,36.983212,85.03,0.724,2
-122.075826,36.983212,86.07,0.571,2
-122.075519,36.983212,86.47,0.419,2
-122.075213,36.983212,85.78,0.446,2
-122.074907,36.983212,82.31,0.638,2
-122.074601,36.983212,79.48,0.818,2
-122.074294,36.983212,76.87,0.859,2
-122.073988,36.983212,74.74,0.863,2
-122.073682,36.983212,73.17,0.86,2
-122.073376,36.983212,72.12,0.856,2
-122.073069,36.983212,71.56,0.858,2
-122.072763,36.983212,71.52,0.869,2
-122.072457,36.983212,72.06,0.879,2
-122.072151,36.983212,73.26,0.877,2
-122.071844,36.983212,75.25,0.876,2
-122.071538,36.983212,78.46,0.849,2
-122.071232,36.983212,83.65,0.644,2
-122.070926,36.983212,91.81,0.35,2
-122.070619,36.983212,96.51,0.282,2
-122.070313,36.983212,99.39,0.292,2
-122.070007,36.983212,100.3,0.318,2
-122.069701,36.983212,100.67,0.328,2
-122.069394,36.983212,101.41,0.328,2
-122.069088,36.983212,101.98,0.342,2
-122.068782,36.983212,102.76,0.345,2
-122.068476,36.983212,102.97,0.292,2
-122.068169,36.983212,103.1,0.282,2
-122.067863,36.983212,103.02,0.297,2
-122.067557,36.983212,103.04,0.319,2
-122.067251,36.983212,103.07,0.363,2
-122.066944,36.983212,103.11,0.361,2
-122.066638,36.983212,103.16,0.339,2
-122.066332,36.983212,103.15,0.329,2
-122.066026,36.983212,103.26,0.339,2
-122.065719,36.983212,103.31,0.361,2
-122.065413,36.983212,102.58,0.358,2
-122.065107,36.983212,101.51,0.306,2
-122.0648,36.983212,100.05,0.285,2
-122.064494,36.983212,98.5,0.279,2
-122.064188,36.983212,96.79,0.317,2
-122.063882,36.983212,95.01,0.413,2
-122.063575,36.983212,93.11,0.493,2
-122.063269,36.983212,91.1,0.563,2
-122.062963,36.983212,88.4,0.586,2
-122.062657,36.983212,85.77,0.618,2
-122.06235,36.983212,84.79,0.748,2
-122.062044,36.983212,85.17,0.837,2
-122.061738,36.983212,86.57,0.754,2
-122.061432,36.983212,88.63,0.447,2
-122.061125,36.983212,89.98,0.34,2
-122.060819,36.983212,90.38,0.437,2
-122.060513,36.983212,90.56,0.558,2
-122.060207,36.983212,90.73,0.56,2
-122.0599,36.983212,91.33,0.521,2
-122.059594,36.983212,91.99,0.466,2
-122.059288,36.983212,92.4,0.366,2
-122.058982,36.983212,93.02,0.318,2
-122.058675,36.983212,94.06,0.482,2
-122.058369,36.983212,95.43,0.609,2
-122.058063,36.983212,97.13,0.542,2
-122.057757,36.983212,97.66,0.462,2
-122.05745,36.983212,99.26,0.391,2
-122.057144,36.983212,100.69,0.353,2
-122.056838,36.983212,101.56,0.353,2
-122.056532,36.983212,101.81,0.361,2
-122.056225,36.983212,101.52,0.391,2
-122.055919,36.983212,101.33,0.436,2
-122.055613,36.983212,101.44,0.465,2
-122.055307,36.983212,100.75,0.506,2
-122.055,36.983212,100.25,0.464,2
-122.054694,36.983212,100.4,0.454,2
-122.054388,36.983212,100.42,0.507,2
-122.054082,36.983212,100.5,0.521,2
-122.053775,36.983212,100.14,0.421,2
-122.053469,36.983212,100.03,0.487,2
-122.053163,36.983212,100.44,0.561,2
-122.052856,36.983212,101.35,0.446,2
-122.05255,36.983212,102.6,0.279,2
-122.052244,36.983212,103.95,0.25,2
-122.051938,36.983212,105.12,0.212,2
-122.051631,36.983212,105.89,0.181,2
-122.051325,36.983212,106.42,0.214,2
-122.051019,36.983212,106.45,0.234,2
-122.050713,36.983212,106.47,0.211,2
-122.050406,36.983212,106.23,0.205,2
-122.0501,36.983212,105.75,0.21,2
-122.049794,36.983212,104.79,0.215,2
-122.049488,36.983212,103.02,0.222,2
-122.049181,36.983212,100.27,0.253,2
-122.048875,36.983212,96.93,0.364,2
-122.048569,36.983212,94.26,0.59,2
-122.048263,36.983212,93.01,0.759,2
-122.047956,36.983212,93.17,0.737,2
-122.04765,36.983212,93.96,0.618,2
-122.047344,36.983212,94.91,0.465,2
-122.047038,36.983212,95.9,0.332,2
-122.046731,36.983212,96.79,0.315,2
-122.046425,36.983212,97.38,0.322,2
-122.046119,36.983212,97.13,0.321,2
-122.045813,36.983212,96.23,0.357,2
-122.045506,36.983212,95.61,0.431,2
-122.0452,36.983212,95.1,0.542,2
-122.044894,36.983212,95.05,0.571,2
-122.044588,36.983212,95.44,0.515,2
-122.044281,36.983212,95.93,0.584,2
-122.043975,36.983212,97.94,0.589,2
-122.043669,36.983212,98.91,0.422,2
-122.043363,36.983212,99.18,0.323,2
-122.043056,36.983212,98.7,0.288,2
-122.04275,36.983212,97.86,0.271,2
-122.042444,36.983212,97.02,0.332,2
-122.042138,36.983212,95.74,0.463,2
-122.041831,36.983212,94.28,0.468,2
-122.041525,36.983212,92.7,0.418,2
-122.041219,36.983212,91.15,0.349,2
-122.040913,36.983212,89.56,0.322,2
-122.040606,36.983212,87.99,0.404,2
-122.0403,36.983212,85.96,0.639,2
-122.039994,36.983212,83.8,0.779,2
-122.039687,36.983212,82.01,0.813,2
-122.039381,36.983212,81.13,0.809,2
-122.039075,36.983212,81.33,0.776,2
-122.038769,36.983212,82.31,0.715,2
-122.038462,36.983212,83.87,0.647,2
-122.038156,36.983212,85.69,0.639,2
-122.03785,36.983212,87.16,0.543,2
-122.037544,36.983212,88.45,0.489,2
-122.037237,36.983212,89.48,0.424,2
-122.036931,36.983212,90.19,0.456,2
-122.036625,36.983212,90.52,0.598,2
-122.036319,36.983212,90.61,0.725,2
-122.036012,36.983212,90.64,0.777,2
-122.082563,36.982905,71.89,0.862,2
-122.082257,36.982905,72.21,0.856,2
-122.081951,36.982905,72.66,0.816,2
-122.081645,36.982905,73.16,0.736,2
-122.081338,36.982905,73.44,0.78,2
-122.081032,36.982905,75.96,0.832,2
-122.080726,36.982905,77.03,0.822,2
-122.08042,36.982905,77.84,0.816,2
-122.080113,36.982905,77.1,0.729,2
-122.079807,36.982905,76.48,0.674,2
-122.079501,36.982905,76.7,0.712,2
-122.079195,36.982905,76.93,0.722,2
-122.078888,36.982905,77.34,0.658,2
-122.078582,36.982905,77.67,0.686,2
-122.078276,36.982905,78.13,0.669,2
-122.07797,36.982905,80.3,0.691,2
-122.077663,36.982905,80.73,0.682,2
-122.077357,36.982905,81.12,0.664,2
-122.077051,36.982905,81.69,0.656,2
-122.076744,36.982905,82.46,0.687,2
-122.076438,36.982905,83.46,0.713,2
-122.076132,36.982905,84.83,0.698,2
-122.075826,36.982905,86.19,0.628,2
-122.075519,36.982905,86.7,0.515,2
-122.075213,36.982905,86.56,0.475,2
-122.074907,36.982905,85.85,0.499,2
-122.074601,36.982905,83.46,0.7,2
-122.074294,36.982905,80.85,0.835,2
-122.073988,36.982905,76.31,0.867,2
-122.073682,36.982905,73.85,0.856,2
-122.073376,36.982905,72.67,0.852,2
-122.073069,36.982905,71.95,0.86,2
-122.072763,36.982905,71.78,0.871,2
-122.072457,36.982905,72.31,0.875,2
-122.072151,36.982905,73.64,0.87,2
-122.071844,36.982905,75.83,0.862,2
-122.071538,36.982905,79.53,0.834,2
-122.071232,36.982905,85.31,0.547,2
-122.070926,36.982905,93.3,0.322,2
-122.070619,36.982905,97.67,0.296,2
-122.070313,36.982905,100.25,0.325,2
-122.070007,36.982905,100.96,0.361,2
-122.069701,36.982905,101.21,0.357,2
-122.069394,36.982905,101.76,0.326,2
-122.069088,36.982905,102.25,0.333,2
-122.068782,36.982905,102.95,0.366,2
-122.068476,36.982905,103.11,0.333,2
-122.068169,36.982905,103.22,0.341,2
-122.067863,36.982905,102.98,0.322,2
-122.067557,36.982905,102.98,0.302,2
-122.067251,36.982905,102.98,0.359,2
-122.066944,36.982905,103,0.373,2
-122.066638,36.982905,103.1,0.328,2
-122.066332,36.982905,103.15,0.305,2
-122.066026,36.982905,103.28,0.335,2
-122.065719,36.982905,103.4,0.379,2
-122.065413,36.982905,102.98,0.388,2
-122.065107,36.982905,102.31,0.312,2
-122.0648,36.982905,101.21,0.282,2
-122.064494,36.982905,100.14,0.272,2
-122.064188,36.982905,98.79,0.268,2
-122.063882,36.982905,97.33,0.278,2
-122.063575,36.982905,95.68,0.3,2
-122.063269,36.982905,93.78,0.337,2
-122.062963,36.982905,90.92,0.311,2
-122.062657,36.982905,87.93,0.345,2
-122.06235,36.982905,86.34,0.568,2
-122.062044,36.982905,85.79,0.717,2
-122.061738,36.982905,86.85,0.645,2
-122.061432,36.982905,88.69,0.469,2
-122.061125,36.982905,90.41,0.317,2
-122.060819,36.982905,91.42,0.324,2
-122.060513,36.982905,91.98,0.42,2
-122.060207,36.982905,92.29,0.423,2
-122.0599,36.982905,92.82,0.366,2
-122.059594,36.982905,93.33,0.344,2
-122.059288,36.982905,93.63,0.352,2
-122.058982,36.982905,93.85,0.363,2
-122.058675,36.982905,94.01,0.43,2
-122.058369,36.982905,95.15,0.472,2
-122.058063,36.982905,96.59,0.492,2
-122.057757,36.982905,98.21,0.362,2
-122.05745,36.982905,100.28,0.307,2
-122.057144,36.982905,102.21,0.294,2
-122.056838,36.982905,103.54,0.326,2
-122.056532,36.982905,104.11,0.361,2
-122.056225,36.982905,104.08,0.382,2
-122.055919,36.982905,104,0.394,2
-122.055613,36.982905,104.02,0.414,2
-122.055307,36.982905,103.37,0.448,2
-122.055,36.982905,102.73,0.458,2
-122.054694,36.982905,102.34,0.428,2
-122.054388,36.982905,101.91,0.407,2
-122.054082,36.982905,101.4,0.399,2
-122.053775,36.982905,100.65,0.36,2
-122.053469,36.982905,100,0.374,2
-122.053163,36.982905,99.8,0.519,2
-122.052856,36.982905,100.46,0.504,2
-122.05255,36.982905,101.9,0.311,2
-122.052244,36.982905,103.5,0.257,2
-122.051938,36.982905,104.89,0.239,2
-122.051631,36.982905,105.77,0.2,2
-122.051325,36.982905,106.23,0.211,2
-122.051019,36.982905,105.78,0.233,2
-122.050713,36.982905,105.18,0.223,2
-122.050406,36.982905,104.22,0.21,2
-122.0501,36.982905,103.01,0.207,2
-122.049794,36.982905,101.56,0.222,2
-122.049488,36.982905,99.51,0.251,2
-122.049181,36.982905,96.68,0.332,2
-122.048875,36.982905,93.57,0.5,2
-122.048569,36.982905,91.12,0.664,2
-122.048263,36.982905,89.99,0.69,2
-122.047956,36.982905,88.76,0.672,2
-122.04765,36.982905,89.84,0.595,2
-122.047344,36.982905,91.21,0.482,2
-122.047038,36.982905,92.5,0.35,2
-122.046731,36.982905,93.55,0.309,2
-122.046425,36.982905,94.1,0.374,2
-122.046119,36.982905,94.91,0.48,2
-122.045813,36.982905,95.71,0.511,2
-122.045506,36.982905,95.48,0.44,2
-122.0452,36.982905,95.54,0.453,2
-122.044894,36.982905,95.68,0.536,2
-122.044588,36.982905,96.33,0.526,2
-122.044281,36.982905,97.22,0.574,2
-122.043975,36.982905,98.23,0.502,2
-122.043669,36.982905,99.05,0.363,2
-122.043363,36.982905,99.67,0.279,2
-122.043056,36.982905,100.39,0.3,2
-122.04275,36.982905,100.8,0.372,2
-122.042444,36.982905,100.52,0.413,2
-122.042138,36.982905,99.8,0.424,2
-122.041831,36.982905,98.62,0.46,2
-122.041525,36.982905,97.04,0.374,2
-122.041219,36.982905,95.08,0.405,2
-122.040913,36.982905,92.89,0.314,2
-122.040606,36.982905,91.01,0.366,2
-122.0403,36.982905,88.86,0.499,2
-122.039994,36.982905,85.11,0.653,2
-122.039687,36.982905,81.81,0.776,2
-122.039381,36.982905,80.05,0.826,2
-122.039075,36.982905,79.78,0.822,2
-122.038769,36.982905,80.96,0.812,2
-122.038462,36.982905,81.99,0.755,2
-122.038156,36.982905,83.38,0.679,2
-122.03785,36.982905,83.98,0.625,2
-122.037544,36.982905,85.48,0.561,2
-122.037237,36.982905,87.03,0.422,2
-122.036931,36.982905,88.18,0.408,2
-122.036625,36.982905,88.89,0.486,2
-122.036319,36.982905,89.26,0.631,2
-122.036012,36.982905,89.39,0.729,2
-122.082563,36.982599,72.35,0.844,2
-122.082257,36.982599,72.81,0.809,2
-122.081951,36.982599,73.33,0.767,2
-122.081645,36.982599,73.89,0.741,2
-122.081338,36.982599,74.17,0.812,2
-122.081032,36.982599,77.02,0.824,2
-122.080726,36.982599,78.28,0.814,2
-122.08042,36.982599,79.16,0.787,2
-122.080113,36.982599,78.35,0.683,2
-122.079807,36.982599,77.59,0.62,2
-122.079501,36.982599,77.56,0.646,2
-122.079195,36.982599,77.51,0.664,2
-122.078888,36.982599,77.66,0.639,2
-122.078582,36.982599,77.92,0.68,2
-122.078276,36.982599,78.54,0.644,2
-122.07797,36.982599,80.91,0.665,2
-122.077663,36.982599,81.66,0.647,2
-122.077357,36.982599,82.27,0.646,2
-122.077051,36.982599,82.98,0.718,2
-122.076744,36.982599,83.75,0.718,2
-122.076438,36.982599,84.63,0.627,2
-122.076132,36.982599,85.79,0.577,2
-122.075826,36.982599,86.99,0.621,2
-122.075519,36.982599,87.53,0.642,2
-122.075213,36.982599,87.28,0.576,2
-122.074907,36.982599,86.55,0.479,2
-122.074601,36.982599,84.45,0.582,2
-122.074294,36.982599,81.96,0.802,2
-122.073988,36.982599,77.25,0.863,2
-122.073682,36.982599,74.66,0.856,2
-122.073376,36.982599,73.25,0.859,2
-122.073069,36.982599,72.28,0.869,2
-122.072763,36.982599,71.94,0.871,2
-122.072457,36.982599,72.44,0.868,2
-122.072151,36.982599,73.89,0.864,2
-122.071844,36.982599,76.36,0.852,2
-122.071538,36.982599,80.4,0.822,2
-122.071232,36.982599,86.46,0.505,2
-122.070926,36.982599,94.26,0.313,2
-122.070619,36.982599,98.39,0.294,2
-122.070313,36.982599,100.74,0.322,2
-122.070007,36.982599,101.23,0.356,2
-122.069701,36.982599,101.31,0.345,2
-122.069394,36.982599,101.73,0.309,2
-122.069088,36.982599,102.17,0.316,2
-122.068782,36.982599,102.83,0.363,2
-122.068476,36.982599,102.97,0.374,2
-122.068169,36.982599,103.08,0.367,2
-122.067863,36.982599,102.85,0.343,2
-122.067557,36.982599,102.9,0.327,2
-122.067251,36.982599,102.95,0.355,2
-122.066944,36.982599,103,0.375,2
-122.066638,36.982599,103.07,0.344,2
-122.066332,36.982599,103.16,0.314,2
-122.066026,36.982599,103.35,0.329,2
-122.065719,36.982599,103.5,0.371,2
-122.065413,36.982599,103.23,0.385,2
-122.065107,36.982599,102.84,0.315,2
-122.0648,36.982599,102.17,0.28,2
-122.064494,36.982599,101.61,0.269,2
-122.064188,36.982599,100.83,0.265,2
-122.063882,36.982599,99.85,0.262,2
-122.063575,36.982599,98.5,0.26,2
-122.063269,36.982599,96.75,0.272,2
-122.062963,36.982599,93.76,0.304,2
-122.062657,36.982599,90.53,0.373,2
-122.06235,36.982599,88.48,0.521,2
-122.062044,36.982599,87.04,0.702,2
-122.061738,36.982599,87.3,0.652,2
-122.061432,36.982599,88.94,0.404,2
-122.061125,36.982599,90.72,0.282,2
-122.060819,36.982599,92.27,0.289,2
-122.060513,36.982599,93.21,0.35,2
-122.060207,36.982599,93.68,0.353,2
-122.0599,36.982599,94.21,0.328,2
-122.059594,36.982599,94.58,0.359,2
-122.059288,36.982599,94.69,0.415,2
-122.058982,36.982599,94.59,0.405,2
-122.058675,36.982599,94.16,0.365,2
-122.058369,36.982599,94.96,0.391,2
-122.058063,36.982599,96.15,0.4,2
-122.057757,36.982599,98.54,0.402,2
-122.05745,36.982599,101.02,0.366,2
-122.057144,36.982599,103.32,0.32,2
-122.056838,36.982599,104.89,0.317,2
-122.056532,36.982599,105.77,0.323,2
-122.056225,36.982599,106.06,0.32,2
-122.055919,36.982599,106.19,0.321,2
-122.055613,36.982599,106.35,0.329,2
-122.055307,36.982599,105.99,0.34,2
-122.055,36.982599,105.54,0.348,2
-122.054694,36.982599,104.85,0.357,2
-122.054388,36.982599,104.31,0.384,2
-122.054082,36.982599,103.49,0.399,2
-122.053775,36.982599,102.56,0.359,2
-122.053469,36.982599,101.49,0.323,2
-122.053163,36.982599,100.83,0.454,2
-122.052856,36.982599,101.06,0.482,2
-122.05255,36.982599,102.06,0.326,2
-122.052244,36.982599,103.31,0.257,2
-122.051938,36.982599,104.52,0.252,2
-122.051631,36.982599,105.32,0.223,2
-122.051325,36.982599,105.61,0.197,2
-122.051019,36.982599,104.39,0.239,2
-122.050713,36.982599,103.14,0.237,2
-122.050406,36.982599,101.55,0.256,2
-122.0501,36.982599,99.59,0.301,2
-122.049794,36.982599,97.59,0.365,2
-122.049488,36.982599,95.42,0.422,2
-122.049181,36.982599,93.08,0.489,2
-122.048875,36.982599,90.93,0.584,2
-122.048569,36.982599,89.14,0.625,2
-122.048263,36.982599,88.42,0.555,2
-122.047956,36.982599,87.73,0.59,2
-122.04765,36.982599,88.88,0.575,2
-122.047344,36.982599,90.06,0.581,2
-122.047038,36.982599,91.3,0.443,2
-122.046731,36.982599,92.27,0.377,2
-122.046425,36.982599,92.61,0.469,2
-122.046119,36.982599,93.32,0.612,2
-122.045813,36.982599,94.15,0.605,2
-122.045506,36.982599,94.04,0.444,2
-122.0452,36.982599,94.44,0.418,2
-122.044894,36.982599,94.85,0.446,2
-122.044588,36.982599,95.78,0.431,2
-122.044281,36.982599,96.88,0.397,2
-122.043975,36.982599,98.06,0.357,2
-122.043669,36.982599,99.07,0.302,2
-122.043363,36.982599,99.94,0.263,2
-122.043056,36.982599,100.97,0.263,2
-122.04275,36.982599,101.74,0.285,2
-122.042444,36.982599,101.89,0.306,2
-122.042138,36.982599,101.61,0.326,2
-122.041831,36.982599,100.76,0.333,2
-122.041525,36.982599,99.19,0.299,2
-122.041219,36.982599,96.98,0.455,2
-122.040913,36.982599,94.32,0.42,2
-122.040606,36.982599,91.83,0.447,2
-122.0403,36.982599,89.16,0.477,2
-122.039994,36.982599,85.17,0.54,2
-122.039687,36.982599,81.71,0.625,2
-122.039381,36.982599,79.5,0.718,2
-122.039075,36.982599,78.61,0.8,2
-122.038769,36.982599,79.2,0.84,2
-122.038462,36.982599,79.77,0.827,2
-122.038156,36.982599,80.96,0.769,2
-122.03785,36.982599,81.26,0.728,2
-122.037544,36.982599,82.69,0.659,2
-122.037237,36.982599,84.2,0.601,2
-122.036931,36.982599,85.6,0.559,2
-122.036625,36.982599,86.57,0.599,2
-122.036319,36.982599,87.19,0.719,2
-122.036012,36.982599,87.47,0.8,2
-122.082563,36.982293,72.83,0.76,2
-122.082257,36.982293,73.38,0.756,2
-122.081951,36.982293,73.98,0.784,2
-122.081645,36.982293,74.63,0.801,2
-122.081338,36.982293,75.26,0.793,2
-122.081032,36.982293,78.49,0.753,2
-122.080726,36.982293,80.02,0.753,2
-122.08042,36.982293,80.97,0.736,2
-122.080113,36.982293,79.91,0.697,2
-122.079807,36.982293,78.75,0.686,2
-122.079501,36.982293,78.2,0.717,2
-122.079195,36.982293,77.65,0.761,2
-122.078888,36.982293,77.47,0.788,2
-122.078582,36.982293,77.82,0.777,2
-122.078276,36.982293,78.74,0.69,2
-122.07797,36.982293,81.5,0.634,2
-122.077663,36.982293,82.62,0.643,2
-122.077357,36.982293,83.6,0.622,2
-122.077051,36.982293,84.58,0.705,2
-122.076744,36.982293,85.51,0.709,2
-122.076438,36.982293,86.39,0.615,2
-122.076132,36.982293,87.42,0.556,2
-122.075826,36.982293,88.46,0.617,2
-122.075519,36.982293,88.93,0.715,2
-122.075213,36.982293,88.72,0.65,2
-122.074907,36.982293,87.89,0.465,2
-122.074601,36.982293,85.84,0.458,2
-122.074294,36.982293,83.35,0.704,2
-122.073988,36.982293,78.48,0.829,2
-122.073682,36.982293,75.62,0.861,2
-122.073376,36.982293,73.87,0.87,2
-122.073069,36.982293,72.64,0.872,2
-122.072763,36.982293,72.14,0.868,2
-122.072457,36.982293,72.59,0.863,2
-122.072151,36.982293,74.14,0.861,2
-122.071844,36.982293,76.82,0.852,2
-122.071538,36.982293,80.99,0.814,2
-122.071232,36.982293,87.08,0.503,2
-122.070926,36.982293,94.71,0.311,2
-122.070619,36.982293,98.74,0.282,2
-122.070313,36.982293,101,0.308,2
-122.070007,36.982293,101.38,0.35,2
-122.069701,36.982293,101.37,0.345,2
-122.069394,36.982293,101.69,0.316,2
-122.069088,36.982293,102.08,0.333,2
-122.068782,36.982293,102.69,0.376,2
-122.068476,36.982293,102.8,0.373,2
-122.068169,36.982293,102.92,0.347,2
-122.067863,36.982293,102.72,0.338,2
-122.067557,36.982293,102.82,0.325,2
-122.067251,36.982293,102.91,0.331,2
-122.066944,36.982293,102.98,0.354,2
-122.066638,36.982293,103.05,0.359,2
-122.066332,36.982293,103.1,0.341,2
-122.066026,36.982293,103.26,0.341,2
-122.065719,36.982293,103.38,0.37,2
-122.065413,36.982293,103.16,0.371,2
-122.065107,36.982293,102.93,0.326,2
-122.0648,36.982293,102.53,0.3,2
-122.064494,36.982293,102.37,0.269,2
-122.064188,36.982293,102.08,0.266,2
-122.063882,36.982293,101.65,0.269,2
-122.063575,36.982293,100.73,0.264,2
-122.063269,36.982293,99.31,0.26,2
-122.062963,36.982293,96.58,0.266,2
-122.062657,36.982293,93.33,0.321,2
-122.06235,36.982293,90.83,0.467,2
-122.062044,36.982293,88.65,0.654,2
-122.061738,36.982293,87.67,0.683,2
-122.061432,36.982293,88.25,0.482,2
-122.061125,36.982293,90.08,0.38,2
-122.060819,36.982293,92.31,0.374,2
-122.060513,36.982293,93.57,0.422,2
-122.060207,36.982293,94.22,0.428,2
-122.0599,36.982293,94.87,0.4,2
-122.059594,36.982293,95.19,0.402,2
-122.059288,36.982293,95.16,0.429,2
-122.058982,36.982293,94.9,0.432,2
-122.058675,36.982293,94.31,0.424,2
-122.058369,36.982293,94.9,0.472,2
-122.058063,36.982293,96.07,0.418,2
-122.057757,36.982293,98.68,0.378,2
-122.05745,36.982293,101.42,0.443,2
-122.057144,36.982293,103.91,0.401,2
-122.056838,36.982293,105.63,0.333,2
-122.056532,36.982293,106.65,0.306,2
-122.056225,36.982293,107.12,0.327,2
-122.055919,36.982293,107.49,0.351,2
-122.055613,36.982293,107.84,0.34,2
-122.055307,36.982293,107.61,0.312,2
-122.055,36.982293,107.34,0.294,2
-122.054694,36.982293,106.76,0.321,2
-122.054388,36.982293,106.34,0.346,2
-122.054082,36.982293,105.58,0.323,2
-122.053775,36.982293,104.52,0.3,2
-122.053469,36.982293,103.21,0.297,2
-122.053163,36.982293,102.19,0.448,2
-122.052856,36.982293,101.91,0.489,2
-122.05255,36.982293,102.2,0.342,2
-122.052244,36.982293,102.75,0.255,2
-122.051938,36.982293,103.49,0.26,2
-122.051631,36.982293,104.06,0.246,2
-122.051325,36.982293,104.06,0.21,2
-122.051019,36.982293,102.62,0.214,2
-122.050713,36.982293,101.15,0.347,2
-122.050406,36.982293,99.36,0.437,2
-122.0501,36.982293,97.18,0.529,2
-122.049794,36.982293,95,0.636,2
-122.049488,36.982293,92.83,0.691,2
-122.049181,36.982293,90.81,0.666,2
-122.048875,36.982293,89.29,0.6,2
-122.048569,36.982293,88.19,0.52,2
-122.048263,36.982293,87.91,0.514,2
-122.047956,36.982293,87.53,0.544,2
-122.04765,36.982293,88.95,0.563,2
-122.047344,36.982293,89.96,0.645,2
-122.047038,36.982293,90.96,0.598,2
-122.046731,36.982293,91.67,0.59,2
-122.046425,36.982293,91.88,0.63,2
-122.046119,36.982293,92.65,0.699,2
-122.045813,36.982293,93.52,0.685,2
-122.045506,36.982293,93.46,0.568,2
-122.0452,36.982293,93.93,0.568,2
-122.044894,36.982293,94.39,0.501,2
-122.044588,36.982293,95.39,0.454,2
-122.044281,36.982293,96.48,0.392,2
-122.043975,36.982293,97.63,0.409,2
-122.043669,36.982293,98.66,0.354,2
-122.043363,36.982293,99.63,0.293,2
-122.043056,36.982293,100.84,0.282,2
-122.04275,36.982293,101.85,0.357,2
-122.042444,36.982293,102.29,0.421,2
-122.042138,36.982293,102.32,0.367,2
-122.041831,36.982293,101.79,0.307,2
-122.041525,36.982293,100.45,0.315,2
-122.041219,36.982293,98.28,0.513,2
-122.040913,36.982293,95.48,0.604,2
-122.040606,36.982293,92.61,0.61,2
-122.0403,36.982293,89.61,0.675,2
-122.039994,36.982293,85.18,0.711,2
-122.039687,36.982293,81.51,0.711,2
-122.039381,36.982293,79.13,0.736,2
-122.039075,36.982293,77.93,0.794,2
-122.038769,36.982293,78.18,0.835,2
-122.038462,36.982293,78.44,0.845,2
-122.038156,36.982293,79.27,0.838,2
-122.03785,36.982293,79.19,0.792,2
-122.037544,36.982293,80.61,0.725,2
-122.037237,36.982293,81.99,0.712,2
-122.036931,36.982293,83.45,0.67,2
-122.036625,36.982293,84.72,0.611,2
-122.036319,36.982293,85.72,0.612,2
-122.036012,36.982293,86.19,0.641,2
-122.082563,36.981987,72.91,0.744,2
-122.082257,36.981987,73.55,0.783,2
-122.081951,36.981987,74.48,0.823,2
-122.081645,36.981987,75.51,0.814,2
-122.081338,36.981987,76.6,0.774,2
-122.081032,36.981987,80.32,0.727,2
-122.080726,36.981987,82.15,0.596,2
-122.08042,36.981987,83.16,0.555,2
-122.080113,36.981987,81.87,0.604,2
-122.079807,36.981987,80.16,0.72,2
-122.079501,36.981987,78.85,0.813,2
-122.079195,36.981987,77.7,0.832,2
-122.078888,36.981987,77.26,0.828,2
-122.078582,36.981987,77.58,0.812,2
-122.078276,36.981987,78.73,0.72,2
-122.07797,36.981987,81.85,0.623,2
-122.077663,36.981987,83.29,0.65,2
-122.077357,36.981987,84.66,0.59,2
-122.077051,36.981987,85.96,0.606,2
-122.076744,36.981987,87.13,0.565,2
-122.076438,36.981987,88.11,0.517,2
-122.076132,36.981987,89.11,0.532,2
-122.075826,36.981987,90.01,0.582,2
-122.075519,36.981987,90.34,0.6,2
-122.075213,36.981987,90.06,0.558,2
-122.074907,36.981987,89.23,0.423,2
-122.074601,36.981987,87.36,0.402,2
-122.074294,36.981987,85.01,0.568,2
-122.073988,36.981987,79.95,0.777,2
-122.073682,36.981987,76.74,0.847,2
-122.073376,36.981987,74.62,0.859,2
-122.073069,36.981987,73.08,0.862,2
-122.072763,36.981987,72.35,0.864,2
-122.072457,36.981987,72.72,0.866,2
-122.072151,36.981987,74.37,0.867,2
-122.071844,36.981987,77.31,0.853,2
-122.071538,36.981987,81.55,0.818,2
-122.071232,36.981987,87.47,0.539,2
-122.070926,36.981987,95.03,0.32,2
-122.070619,36.981987,98.9,0.284,2
-122.070313,36.981987,101.15,0.304,2
-122.070007,36.981987,101.45,0.351,2
-122.069701,36.981987,101.37,0.365,2
-122.069394,36.981987,101.63,0.34,2
-122.069088,36.981987,101.98,0.334,2
-122.068782,36.981987,102.55,0.362,2
-122.068476,36.981987,102.64,0.358,2
-122.068169,36.981987,102.77,0.339,2
-122.067863,36.981987,102.6,0.312,2
-122.067557,36.981987,102.73,0.312,2
-122.067251,36.981987,102.86,0.32,2
-122.066944,36.981987,102.94,0.321,2
-122.066638,36.981987,102.97,0.338,2
-122.066332,36.981987,102.94,0.343,2
-122.066026,36.981987,102.99,0.341,2
-122.065719,36.981987,103.04,0.347,2
-122.065413,36.981987,102.77,0.343,2
-122.065107,36.981987,102.52,0.332,2
-122.0648,36.981987,102.17,0.329,2
-122.064494,36.981987,102.16,0.277,2
-122.064188,36.981987,102.19,0.27,2
-122.063882,36.981987,102.13,0.273,2
-122.063575,36.981987,101.51,0.274,2
-122.063269,36.981987,100.39,0.269,2
-122.062963,36.981987,97.92,0.272,2
-122.062657,36.981987,94.67,0.337,2
-122.06235,36.981987,91.66,0.504,2
-122.062044,36.981987,88.86,0.683,2
-122.061738,36.981987,87.52,0.657,2
-122.061432,36.981987,88.07,0.439,2
-122.061125,36.981987,89.51,0.424,2
-122.060819,36.981987,92.02,0.399,2
-122.060513,36.981987,93.45,0.425,2
-122.060207,36.981987,94.15,0.423,2
-122.0599,36.981987,94.68,0.396,2
-122.059594,36.981987,94.86,0.379,2
-122.059288,36.981987,94.82,0.376,2
-122.058982,36.981987,94.59,0.4,2
-122.058675,36.981987,93.99,0.486,2
-122.058369,36.981987,94.5,0.583,2
-122.058063,36.981987,95.8,0.53,2
-122.057757,36.981987,98.88,0.361,2
-122.05745,36.981987,101.83,0.366,2
-122.057144,36.981987,104.3,0.325,2
-122.056838,36.981987,106.03,0.32,2
-122.056532,36.981987,107.09,0.327,2
-122.056225,36.981987,107.63,0.342,2
-122.055919,36.981987,108.1,0.352,2
-122.055613,36.981987,108.54,0.336,2
-122.055307,36.981987,108.39,0.305,2
-122.055,36.981987,108.2,0.271,2
-122.054694,36.981987,107.66,0.291,2
-122.054388,36.981987,107.18,0.289,2
-122.054082,36.981987,106.37,0.277,2
-122.053775,36.981987,105.37,0.273,2
-122.053469,36.981987,104.07,0.281,2
-122.053163,36.981987,102.87,0.376,2
-122.052856,36.981987,102.14,0.434,2
-122.05255,36.981987,101.83,0.36,2
-122.052244,36.981987,101.8,0.264,2
-122.051938,36.981987,102.09,0.257,2
-122.051631,36.981987,102.43,0.248,2
-122.051325,36.981987,102.34,0.242,2
-122.051019,36.981987,100.78,0.329,2
-122.050713,36.981987,99.46,0.524,2
-122.050406,36.981987,97.86,0.528,2
-122.0501,36.981987,95.82,0.568,2
-122.049794,36.981987,93.78,0.668,2
-122.049488,36.981987,91.72,0.752,2
-122.049181,36.981987,89.82,0.732,2
-122.048875,36.981987,88.5,0.602,2
-122.048569,36.981987,87.87,0.486,2
-122.048263,36.981987,88.13,0.509,2
-122.047956,36.981987,88.04,0.501,2
-122.04765,36.981987,89.46,0.504,2
-122.047344,36.981987,90.65,0.444,2
-122.047038,36.981987,91.51,0.454,2
-122.046731,36.981987,91.98,0.546,2
-122.046425,36.981987,92.04,0.648,2
-122.046119,36.981987,92.88,0.718,2
-122.045813,36.981987,93.9,0.718,2
-122.045506,36.981987,93.92,0.678,2
-122.0452,36.981987,94.29,0.689,2
-122.044894,36.981987,94.63,0.606,2
-122.044588,36.981987,95.44,0.556,2
-122.044281,36.981987,96.3,0.486,2
-122.043975,36.981987,97.26,0.516,2
-122.043669,36.981987,98.22,0.513,2
-122.043363,36.981987,99.17,0.436,2
-122.043056,36.981987,100.41,0.357,2
-122.04275,36.981987,101.5,0.378,2
-122.042444,36.981987,102.1,0.447,2
-122.042138,36.981987,102.38,0.418,2
-122.041831,36.981987,102.19,0.313,2
-122.041525,36.981987,101.29,0.311,2
-122.041219,36.981987,99.49,0.48,2
-122.040913,36.981987,96.85,0.651,2
-122.040606,36.981987,93.9,0.754,2
-122.0403,36.981987,90.66,0.802,2
-122.039994,36.981987,85.87,0.811,2
-122.039687,36.981987,81.9,0.815,2
-122.039381,36.981987,79.33,0.819,2
-122.039075,36.981987,78.04,0.821,2
-122.038769,36.981987,78.08,0.829,2
-122.038462,36.981987,78.08,0.834,2
-122.038156,36.981987,78.47,0.829,2
-122.03785,36.981987,78.05,0.802,2
-122.037544,36.981987,79.1,0.765,2
-122.037237,36.981987,80.3,0.743,2
-122.036931,36.981987,81.43,0.744,2
-122.036625,36.981987,82.56,0.716,2
-122.036319,36.981987,83.93,0.578,2
-122.036012,36.981987,84.72,0.473,2
-122.082563,36.98168,72.75,0.846,2
-122.082257,36.98168,73.61,0.845,2
-122.081951,36.98168,74.91,0.836,2
-122.081645,36.98168,76.49,0.789,2
-122.081338,36.98168,78.17,0.771,2
-122.081032,36.98168,82.6,0.747,2
-122.080726,36.98168,84.75,0.545,2
-122.08042,36.98168,85.77,0.47,2
-122.080113,36.98168,84.41,0.48,2
-122.079807,36.98168,82.42,0.607,2
-122.079501,36.98168,80.45,0.763,2
-122.079195,36.98168,78.62,0.833,2
-122.078888,36.98168,77.8,0.831,2
-122.078582,36.98168,77.92,0.813,2
-122.078276,36.98168,78.96,0.758,2
-122.07797,36.98168,82.28,0.629,2
-122.077663,36.98168,83.94,0.634,2
-122.077357,36.98168,85.62,0.57,2
-122.077051,36.98168,87.19,0.476,2
-122.076744,36.98168,88.55,0.421,2
-122.076438,36.98168,89.66,0.43,2
-122.076132,36.98168,90.67,0.469,2
-122.075826,36.98168,91.45,0.479,2
-122.075519,36.98168,91.61,0.456,2
-122.075213,36.98168,91.3,0.451,2
-122.074907,36.98168,90.66,0.411,2
-122.074601,36.98168,89,0.403,2
-122.074294,36.98168,86.7,0.582,2
-122.073988,36.98168,81.42,0.757,2
-122.073682,36.98168,77.89,0.827,2
-122.073376,36.98168,75.42,0.849,2
-122.073069,36.98168,73.5,0.857,2
-122.072763,36.98168,72.48,0.858,2
-122.072457,36.98168,72.86,0.86,2
-122.072151,36.98168,74.76,0.859,2
-122.071844,36.98168,77.9,0.848,2
-122.071538,36.98168,82.15,0.818,2
-122.071232,36.98168,87.89,0.55,2
-122.070926,36.98168,95.37,0.317,2
-122.070619,36.98168,99.04,0.282,2
-122.070313,36.98168,101.24,0.303,2
-122.070007,36.98168,101.45,0.335,2
-122.069701,36.98168,101.32,0.352,2
-122.069394,36.98168,101.54,0.335,2
-122.069088,36.98168,101.86,0.312,2
-122.068782,36.98168,102.39,0.328,2
-122.068476,36.98168,102.48,0.348,2
-122.068169,36.98168,102.62,0.331,2
-122.067863,36.98168,102.47,0.31,2
-122.067557,36.98168,102.63,0.308,2
-122.067251,36.98168,102.78,0.323,2
-122.066944,36.98168,102.87,0.315,2
-122.066638,36.98168,102.89,0.331,2
-122.066332,36.98168,102.8,0.331,2
-122.066026,36.98168,102.77,0.312,2
-122.065719,36.98168,102.72,0.31,2
-122.065413,36.98168,102.37,0.32,2
-122.065107,36.98168,102.05,0.331,2
-122.0648,36.98168,101.64,0.32,2
-122.064494,36.98168,101.64,0.277,2
-122.064188,36.98168,101.69,0.272,2
-122.063882,36.98168,101.73,0.276,2
-122.063575,36.98168,101.4,0.284,2
-122.063269,36.98168,100.57,0.293,2
-122.062963,36.98168,98.17,0.31,2
-122.062657,36.98168,94.92,0.335,2
-122.06235,36.98168,91.87,0.428,2
-122.062044,36.98168,88.83,0.638,2
-122.061738,36.98168,87.18,0.767,2
-122.061432,36.98168,87.61,0.559,2
-122.061125,36.98168,89.12,0.428,2
-122.060819,36.98168,91.65,0.458,2
-122.060513,36.98168,93.12,0.446,2
-122.060207,36.98168,93.75,0.405,2
-122.0599,36.98168,94.14,0.377,2
-122.059594,36.98168,94.2,0.381,2
-122.059288,36.98168,94.16,0.403,2
-122.058982,36.98168,94,0.434,2
-122.058675,36.98168,93.56,0.479,2
-122.058369,36.98168,94.46,0.483,2
-122.058063,36.98168,96.17,0.448,2
-122.057757,36.98168,99.41,0.294,2
-122.05745,36.98168,102.38,0.292,2
-122.057144,36.98168,104.58,0.309,2
-122.056838,36.98168,106.11,0.293,2
-122.056532,36.98168,107.09,0.288,2
-122.056225,36.98168,107.62,0.296,2
-122.055919,36.98168,108.11,0.294,2
-122.055613,36.98168,108.56,0.288,2
-122.055307,36.98168,108.41,0.296,2
-122.055,36.98168,108.18,0.275,2
-122.054694,36.98168,107.65,0.28,2
-122.054388,36.98168,107.05,0.28,2
-122.054082,36.98168,106.17,0.268,2
-122.053775,36.98168,105.35,0.26,2
-122.053469,36.98168,104.08,0.262,2
-122.053163,36.98168,102.6,0.298,2
-122.052856,36.98168,101.46,0.35,2
-122.05255,36.98168,100.85,0.331,2
-122.052244,36.98168,100.62,0.246,2
-122.051938,36.98168,100.68,0.243,2
-122.051631,36.98168,100.84,0.339,2
-122.051325,36.98168,100.75,0.482,2
-122.051019,36.98168,99.34,0.506,2
-122.050713,36.98168,98.33,0.528,2
-122.050406,36.98168,97.1,0.504,2
-122.0501,36.98168,95.4,0.55,2
-122.049794,36.98168,93.67,0.618,2
-122.049488,36.98168,91.94,0.681,2
-122.049181,36.98168,90.34,0.711,2
-122.048875,36.98168,89.09,0.687,2
-122.048569,36.98168,88.24,0.661,2
-122.048263,36.98168,88.3,0.679,2
-122.047956,36.98168,87.85,0.664,2
-122.04765,36.98168,89.05,0.642,2
-122.047344,36.98168,90.5,0.468,2
-122.047038,36.98168,91.66,0.371,2
-122.046731,36.98168,92.32,0.383,2
-122.046425,36.98168,92.58,0.467,2
-122.046119,36.98168,93.59,0.581,2
-122.045813,36.98168,94.73,0.629,2
-122.045506,36.98168,94.91,0.592,2
-122.0452,36.98168,95.18,0.582,2
-122.044894,36.98168,95.27,0.553,2
-122.044588,36.98168,95.7,0.559,2
-122.044281,36.98168,96.22,0.586,2
-122.043975,36.98168,96.92,0.631,2
-122.043669,36.98168,97.72,0.568,2
-122.043363,36.98168,98.59,0.505,2
-122.043056,36.98168,99.83,0.469,2
-122.04275,36.98168,100.98,0.427,2
-122.042444,36.98168,101.74,0.389,2
-122.042138,36.98168,102.25,0.373,2
-122.041831,36.98168,102.39,0.351,2
-122.041525,36.98168,101.89,0.344,2
-122.041219,36.98168,100.55,0.423,2
-122.040913,36.98168,98.24,0.445,2
-122.040606,36.98168,95.53,0.595,2
-122.0403,36.98168,92.23,0.709,2
-122.039994,36.98168,87.26,0.786,2
-122.039687,36.98168,83.2,0.818,2
-122.039381,36.98168,80.59,0.827,2
-122.039075,36.98168,79.28,0.83,2
-122.038769,36.98168,79.19,0.821,2
-122.038462,36.98168,79.02,0.804,2
-122.038156,36.98168,79.19,0.792,2
-122.03785,36.98168,78.61,0.799,2
-122.037544,36.98168,79.15,0.826,2
-122.037237,36.98168,79.81,0.825,2
-122.036931,36.98168,80.36,0.825,2
-122.036625,36.98168,81.02,0.813,2
-122.036319,36.98168,82.14,0.7,2
-122.036012,36.98168,82.85,0.61,2
-122.082257,36.981374,74.58,0.847,2
-122.081951,36.981374,76.4,0.809,2
-122.081645,36.981374,78.32,0.758,2
-122.081338,36.981374,80.45,0.765,2
-122.081032,36.981374,85.32,0.678,2
-122.080726,36.981374,88.01,0.523,2
-122.08042,36.981374,89.04,0.464,2
-122.080113,36.981374,87.77,0.438,2
-122.079807,36.981374,86.02,0.499,2
-122.079501,36.981374,83.96,0.659,2
-122.079195,36.981374,81.67,0.791,2
-122.078888,36.981374,80.26,0.816,2
-122.078582,36.981374,79.79,0.828,2
-122.078276,36.981374,80.27,0.792,2
-122.07797,36.981374,83.43,0.669,2
-122.077663,36.981374,85.04,0.622,2
-122.077357,36.981374,86.84,0.528,2
-122.077051,36.981374,88.51,0.441,2
-122.076744,36.981374,89.98,0.449,2
-122.076438,36.981374,91.15,0.459,2
-122.076132,36.981374,92.17,0.46,2
-122.075826,36.981374,92.88,0.458,2
-122.075519,36.981374,92.96,0.43,2
-122.075213,36.981374,92.67,0.422,2
-122.074907,36.981374,92.12,0.407,2
-122.074601,36.981374,90.51,0.395,2
-122.074294,36.981374,88.23,0.545,2
-122.073988,36.981374,83.1,0.662,2
-122.073682,36.981374,79.3,0.784,2
-122.073376,36.981374,76.45,0.85,2
-122.073069,36.981374,74.15,0.865,2
-122.072763,36.981374,72.88,0.86,2
-122.072457,36.981374,73.35,0.845,2
-122.072151,36.981374,75.49,0.829,2
-122.071844,36.981374,78.54,0.839,2
-122.071538,36.981374,82.76,0.789,2
-122.071232,36.981374,88.44,0.479,2
-122.070926,36.981374,95.66,0.292,2
-122.070619,36.981374,99.13,0.275,2
-122.070313,36.981374,101.29,0.294,2
-122.070007,36.981374,101.41,0.299,2
-122.069701,36.981374,101.24,0.314,2
-122.069394,36.981374,101.44,0.321,2
-122.069088,36.981374,101.75,0.31,2
-122.068782,36.981374,102.26,0.321,2
-122.068476,36.981374,102.36,0.351,2
-122.068169,36.981374,102.52,0.325,2
-122.067863,36.981374,102.38,0.316,2
-122.067557,36.981374,102.55,0.315,2
-122.067251,36.981374,102.68,0.35,2
-122.066944,36.981374,102.77,0.357,2
-122.066638,36.981374,102.8,0.356,2
-122.066332,36.981374,102.7,0.327,2
-122.066026,36.981374,102.64,0.297,2
-122.065719,36.981374,102.52,0.298,2
-122.065413,36.981374,102.1,0.317,2
-122.065107,36.981374,101.67,0.35,2
-122.0648,36.981374,101.17,0.349,2
-122.064494,36.981374,101.08,0.305,2
-122.064188,36.981374,101.1,0.286,2
-122.063882,36.981374,101.17,0.28,2
-122.063575,36.981374,100.89,0.293,2
-122.063269,36.981374,100.22,0.311,2
-122.062963,36.981374,97.92,0.331,2
-122.062657,36.981374,94.79,0.329,2
-122.06235,36.981374,91.87,0.359,2
-122.062044,36.981374,88.86,0.538,2
-122.061738,36.981374,86.96,0.789,2
-122.061432,36.981374,86.92,0.683,2
-122.061125,36.981374,88.61,0.429,2
-122.060819,36.981374,91.14,0.428,2
-122.060513,36.981374,92.68,0.451,2
-122.060207,36.981374,93.27,0.431,2
-122.0599,36.981374,93.65,0.434,2
-122.059594,36.981374,93.69,0.459,2
-122.059288,36.981374,93.58,0.5,2
-122.058982,36.981374,93.3,0.52,2
-122.058675,36.981374,92.82,0.476,2
-122.058369,36.981374,93.91,0.45,2
-122.058063,36.981374,96.14,0.412,2
-122.057757,36.981374,99.61,0.296,2
-122.05745,36.981374,102.55,0.301,2
-122.057144,36.981374,104.49,0.323,2
-122.056838,36.981374,105.84,0.283,2
-122.056532,36.981374,106.72,0.25,2
-122.056225,36.981374,107.15,0.247,2
-122.055919,36.981374,107.61,0.253,2
-122.055613,36.981374,108.05,0.265,2
-122.055307,36.981374,107.92,0.285,2
-122.055,36.981374,107.66,0.293,2
-122.054694,36.981374,107.08,0.302,2
-122.054388,36.981374,106.52,0.278,2
-122.054082,36.981374,105.75,0.296,2
-122.053775,36.981374,104.98,0.255,2
-122.053469,36.981374,103.69,0.262,2
-122.053163,36.981374,102.05,0.362,2
-122.052856,36.981374,100.65,0.343,2
-122.05255,36.981374,99.79,0.232,2
-122.052244,36.981374,99.39,0.254,2
-122.051938,36.981374,99.4,0.416,2
-122.051631,36.981374,99.6,0.513,2
-122.051325,36.981374,99.73,0.474,2
-122.051019,36.981374,98.9,0.394,2
-122.050713,36.981374,98.2,0.413,2
-122.050406,36.981374,97.26,0.468,2
-122.0501,36.981374,95.81,0.558,2
-122.049794,36.981374,94.33,0.604,2
-122.049488,36.981374,92.88,0.583,2
-122.049181,36.981374,91.58,0.572,2
-122.048875,36.981374,90.39,0.633,2
-122.048569,36.981374,89.1,0.694,2
-122.048263,36.981374,88.3,0.628,2
-122.047956,36.981374,87.28,0.564,2
-122.04765,36.981374,88.19,0.599,2
-122.047344,36.981374,89.36,0.591,2
-122.047038,36.981374,90.65,0.517,2
-122.046731,36.981374,91.83,0.435,2
-122.046425,36.981374,92.73,0.388,2
-122.046119,36.981374,94.27,0.407,2
-122.045813,36.981374,95.74,0.397,2
-122.045506,36.981374,96.16,0.333,2
-122.0452,36.981374,96.34,0.349,2
-122.044894,36.981374,96.15,0.384,2
-122.044588,36.981374,96.22,0.431,2
-122.044281,36.981374,96.34,0.5,2
-122.043975,36.981374,96.71,0.617,2
-122.043669,36.981374,97.21,0.626,2
-122.043363,36.981374,97.89,0.606,2
-122.043056,36.981374,99.07,0.615,2
-122.04275,36.981374,100.26,0.563,2
-122.042444,36.981374,101.15,0.427,2
-122.042138,36.981374,101.86,0.322,2
-122.041831,36.981374,102.26,0.327,2
-122.041525,36.981374,102.08,0.374,2
-122.041219,36.981374,101.12,0.423,2
-122.040913,36.981374,99.22,0.375,2
-122.040606,36.981374,96.93,0.389,2
-122.0403,36.981374,93.95,0.521,2
-122.039994,36.981374,89.26,0.664,2
-122.039687,36.981374,85.41,0.757,2
-122.039381,36.981374,82.87,0.81,2
-122.039075,36.981374,81.61,0.832,2
-122.038769,36.981374,81.46,0.817,2
-122.038462,36.981374,81.17,0.79,2
-122.038156,36.981374,81.49,0.791,2
-122.03785,36.981374,80.99,0.822,2
-122.037544,36.981374,81.48,0.792,2
-122.037237,36.981374,81.58,0.703,2
-122.036931,36.981374,81.29,0.655,2
-122.036625,36.981374,80.86,0.732,2
-122.036319,36.981374,81.05,0.78,2
-122.036012,36.981374,81.35,0.78,2
-122.082257,36.981068,77.88,0.825,2
-122.081951,36.981068,79.91,0.802,2
-122.081645,36.981068,82,0.777,2
-122.081338,36.981068,84.22,0.728,2
-122.081032,36.981068,87.16,0.548,2
-122.080726,36.981068,90.8,0.458,2
-122.08042,36.981068,92.49,0.431,2
-122.080113,36.981068,91.84,0.404,2
-122.079807,36.981068,90.59,0.397,2
-122.079501,36.981068,88.88,0.449,2
-122.079195,36.981068,86.69,0.572,2
-122.078888,36.981068,84.84,0.723,2
-122.078582,36.981068,83.65,0.812,2
-122.078276,36.981068,83.3,0.767,2
-122.07797,36.981068,85.65,0.678,2
-122.077663,36.981068,87.04,0.66,2
-122.077357,36.981068,88.77,0.592,2
-122.077051,36.981068,90.28,0.554,2
-122.076744,36.981068,91.59,0.638,2
-122.076438,36.981068,92.63,0.567,2
-122.076132,36.981068,93.52,0.436,2
-122.075826,36.981068,94.1,0.402,2
-122.075519,36.981068,94.09,0.407,2
-122.075213,36.981068,93.81,0.443,2
-122.074907,36.981068,93.44,0.518,2
-122.074601,36.981068,91.86,0.396,2
-122.074294,36.981068,89.77,0.403,2
-122.073988,36.981068,84.98,0.58,2
-122.073682,36.981068,81.25,0.773,2
-122.073376,36.981068,78.25,0.856,2
-122.073069,36.981068,75.69,0.869,2
-122.072763,36.981068,74.13,0.865,2
-122.072457,36.981068,74.26,0.852,2
-122.072151,36.981068,76.09,0.842,2
-122.071844,36.981068,78.99,0.845,2
-122.071538,36.981068,83.24,0.785,2
-122.071232,36.981068,88.74,0.466,2
-122.070926,36.981068,95.7,0.282,2
-122.070619,36.981068,99.02,0.281,2
-122.070313,36.981068,101.22,0.304,2
-122.070007,36.981068,101.37,0.303,2
-122.069701,36.981068,101.22,0.316,2
-122.069394,36.981068,101.39,0.342,2
-122.069088,36.981068,101.69,0.35,2
-122.068782,36.981068,102.1,0.352,2
-122.068476,36.981068,101.89,0.374,2
-122.068169,36.981068,102.06,0.337,2
-122.067863,36.981068,101.77,0.33,2
-122.067557,36.981068,101.93,0.344,2
-122.067251,36.981068,102.02,0.372,2
-122.066944,36.981068,102.07,0.387,2
-122.066638,36.981068,102.09,0.373,2
-122.066332,36.981068,101.97,0.336,2
-122.066026,36.981068,101.96,0.306,2
-122.065719,36.981068,101.91,0.295,2
-122.065413,36.981068,101.42,0.3,2
-122.065107,36.981068,100.89,0.334,2
-122.0648,36.981068,100.35,0.367,2
-122.064494,36.981068,100.07,0.344,2
-122.064188,36.981068,99.96,0.31,2
-122.063882,36.981068,99.4,0.29,2
-122.063575,36.981068,99.04,0.301,2
-122.063269,36.981068,98.53,0.326,2
-122.062963,36.981068,96.82,0.349,2
-122.062657,36.981068,94.36,0.337,2
-122.06235,36.981068,91.77,0.325,2
-122.062044,36.981068,88.91,0.459,2
-122.061738,36.981068,86.73,0.754,2
-122.061432,36.981068,86.4,0.732,2
-122.061125,36.981068,87.77,0.607,2
-122.060819,36.981068,90.12,0.45,2
-122.060513,36.981068,91.77,0.368,2
-122.060207,36.981068,92.37,0.394,2
-122.0599,36.981068,93.07,0.449,2
-122.059594,36.981068,93.25,0.471,2
-122.059288,36.981068,92.77,0.514,2
-122.058982,36.981068,92.06,0.572,2
-122.058675,36.981068,91.68,0.552,2
-122.058369,36.981068,92.83,0.492,2
-122.058063,36.981068,95.32,0.389,2
-122.057757,36.981068,99.07,0.35,2
-122.05745,36.981068,101.94,0.33,2
-122.057144,36.981068,103.89,0.377,2
-122.056838,36.981068,105.27,0.334,2
-122.056532,36.981068,106.23,0.286,2
-122.056225,36.981068,106.71,0.26,2
-122.055919,36.981068,106.93,0.242,2
-122.055613,36.981068,107.05,0.243,2
-122.055307,36.981068,106.97,0.271,2
-122.055,36.981068,106.78,0.293,2
-122.054694,36.981068,106.17,0.298,2
-122.054388,36.981068,105.69,0.221,2
-122.054082,36.981068,105.02,0.305,2
-122.053775,36.981068,104.29,0.234,2
-122.053469,36.981068,103.04,0.295,2
-122.053163,36.981068,101.38,0.429,2
-122.052856,36.981068,99.93,0.399,2
-122.05255,36.981068,98.97,0.313,2
-122.052244,36.981068,98.49,0.38,2
-122.051938,36.981068,98.58,0.485,2
-122.051631,36.981068,98.93,0.471,2
-122.051325,36.981068,99.43,0.444,2
-122.051019,36.981068,99.81,0.43,2
-122.050713,36.981068,98.73,0.46,2
-122.050406,36.981068,98,0.496,2
-122.0501,36.981068,97.18,0.527,2
-122.049794,36.981068,95.99,0.528,2
-122.049488,36.981068,94.58,0.519,2
-122.049181,36.981068,93.21,0.5,2
-122.048875,36.981068,91.87,0.502,2
-122.048569,36.981068,90.44,0.575,2
-122.048263,36.981068,89.09,0.6,2
-122.047956,36.981068,87.13,0.577,2
-122.04765,36.981068,87.31,0.586,2
-122.047344,36.981068,88.26,0.622,2
-122.047038,36.981068,89.51,0.644,2
-122.046731,36.981068,91.17,0.506,2
-122.046425,36.981068,92.76,0.43,2
-122.046119,36.981068,95.02,0.464,2
-122.045813,36.981068,97.05,0.463,2
-122.045506,36.981068,97.77,0.39,2
-122.0452,36.981068,97.92,0.377,2
-122.044894,36.981068,97.58,0.391,2
-122.044588,36.981068,97.39,0.361,2
-122.044281,36.981068,97.23,0.462,2
-122.043975,36.981068,97.21,0.461,2
-122.043669,36.981068,97.31,0.528,2
-122.043363,36.981068,97.67,0.527,2
-122.043056,36.981068,98.64,0.579,2
-122.04275,36.981068,99.79,0.649,2
-122.042444,36.981068,100.68,0.6,2
-122.042138,36.981068,101.26,0.431,2
-122.041831,36.981068,101.56,0.302,2
-122.041525,36.981068,101.61,0.317,2
-122.041219,36.981068,101.09,0.347,2
-122.040913,36.981068,99.85,0.365,2
-122.040606,36.981068,98.31,0.312,2
-122.0403,36.981068,96.16,0.398,2
-122.039994,36.981068,92.23,0.56,2
-122.039687,36.981068,88.85,0.697,2
-122.039381,36.981068,86.31,0.796,2
-122.039075,36.981068,84.89,0.833,2
-122.038769,36.981068,84.65,0.806,2
-122.038462,36.981068,84.37,0.794,2
-122.038156,36.981068,84.94,0.768,2
-122.03785,36.981068,84.98,0.669,2
-122.037544,36.981068,85.3,0.56,2
-122.037237,36.981068,84.75,0.444,2
-122.036931,36.981068,83,0.505,2
-122.036625,36.981068,81.3,0.682,2
-122.036319,36.981068,80.77,0.766,2
-122.036012,36.981068,81.39,0.771,2
-122.035706,36.981068,82.25,0.772,2
-122.082257,36.980762,83.71,0.765,2
-122.081951,36.980762,86.09,0.698,2
-122.081645,36.980762,88.27,0.623,2
-122.081338,36.980762,90.23,0.515,2
-122.081032,36.980762,92.32,0.423,2
-122.080726,36.980762,93.9,0.401,2
-122.08042,36.980762,94.97,0.397,2
-122.080113,36.980762,95.23,0.38,2
-122.079807,36.980762,94.72,0.354,2
-122.079501,36.980762,93.54,0.335,2
-122.079195,36.980762,92.03,0.376,2
-122.078888,36.980762,90.58,0.532,2
-122.078582,36.980762,89.26,0.722,2
-122.078276,36.980762,88.48,0.711,2
-122.07797,36.980762,88.76,0.584,2
-122.077663,36.980762,89.92,0.594,2
-122.077357,36.980762,91.57,0.572,2
-122.077051,36.980762,92.81,0.532,2
-122.076744,36.980762,93.74,0.521,2
-122.076438,36.980762,94.4,0.516,2
-122.076132,36.980762,94.79,0.472,2
-122.075826,36.980762,94.94,0.417,2
-122.075519,36.980762,94.89,0.398,2
-122.075213,36.980762,94.86,0.397,2
-122.074907,36.980762,95.39,0.422,2
-122.074601,36.980762,94.26,0.413,2
-122.074294,36.980762,92.57,0.366,2
-122.073988,36.980762,87.51,0.434,2
-122.073682,36.980762,83.87,0.643,2
-122.073376,36.980762,80.71,0.807,2
-122.073069,36.980762,78.04,0.856,2
-122.072763,36.980762,76.02,0.853,2
-122.072457,36.980762,75.22,0.847,2
-122.072151,36.980762,76.31,0.839,2
-122.071844,36.980762,79.12,0.846,2
-122.071538,36.980762,83.34,0.812,2
-122.071232,36.980762,88.47,0.527,2
-122.070926,36.980762,94.82,0.314,2
-122.070619,36.980762,98.07,0.309,2
-122.070313,36.980762,100.29,0.311,2
-122.070007,36.980762,100.78,0.31,2
-122.069701,36.980762,100.77,0.325,2
-122.069394,36.980762,100.77,0.361,2
-122.069088,36.980762,101.03,0.379,2
-122.068782,36.980762,101.64,0.364,2
-122.068476,36.980762,101.73,0.365,2
-122.068169,36.980762,101.95,0.336,2
-122.067863,36.980762,101.63,0.339,2
-122.067557,36.980762,101.75,0.353,2
-122.067251,36.980762,101.74,0.367,2
-122.066944,36.980762,101.7,0.383,2
-122.066638,36.980762,101.63,0.381,2
-122.066332,36.980762,101.43,0.36,2
-122.066026,36.980762,101.43,0.336,2
-122.065719,36.980762,101.41,0.318,2
-122.065413,36.980762,100.88,0.314,2
-122.065107,36.980762,100.23,0.354,2
-122.0648,36.980762,99.56,0.48,2
-122.064494,36.980762,99.03,0.446,2
-122.064188,36.980762,98.79,0.41,2
-122.063882,36.980762,97.74,0.388,2
-122.063575,36.980762,97.26,0.397,2
-122.063269,36.980762,96.69,0.413,2
-122.062963,36.980762,95.27,0.448,2
-122.062657,36.980762,93.31,0.441,2
-122.06235,36.980762,91.17,0.404,2
-122.062044,36.980762,88.83,0.482,2
-122.061738,36.980762,86.94,0.7,2
-122.061432,36.980762,86.39,0.767,2
-122.061125,36.980762,87.14,0.762,2
-122.060819,36.980762,89.01,0.555,2
-122.060513,36.980762,90.9,0.336,2
-122.060207,36.980762,91.88,0.308,2
-122.0599,36.980762,92.86,0.37,2
-122.059594,36.980762,92.86,0.427,2
-122.059288,36.980762,91.71,0.479,2
-122.058982,36.980762,90.39,0.551,2
-122.058675,36.980762,89.91,0.612,2
-122.058369,36.980762,90.78,0.593,2
-122.058063,36.980762,92.75,0.454,2
-122.057757,36.980762,96.38,0.382,2
-122.05745,36.980762,99.05,0.318,2
-122.057144,36.980762,101.38,0.367,2
-122.056838,36.980762,103.21,0.35,2
-122.056532,36.980762,104.64,0.303,2
-122.056225,36.980762,105.54,0.272,2
-122.055919,36.980762,105.64,0.245,2
-122.055613,36.980762,105.41,0.232,2
-122.055307,36.980762,105.51,0.263,2
-122.055,36.980762,105.41,0.29,2
-122.054694,36.980762,104.87,0.278,2
-122.054388,36.980762,104.51,0.203,2
-122.054082,36.980762,104.02,0.265,2
-122.053775,36.980762,103.4,0.241,2
-122.053469,36.980762,102.33,0.275,2
-122.053163,36.980762,100.94,0.318,2
-122.052856,36.980762,99.86,0.327,2
-122.05255,36.980762,99.04,0.393,2
-122.052244,36.980762,98.45,0.507,2
-122.051938,36.980762,98.4,0.541,2
-122.051631,36.980762,98.71,0.548,2
-122.051325,36.980762,99.4,0.493,2
-122.051019,36.980762,100.26,0.46,2
-122.050713,36.980762,98.83,0.507,2
-122.050406,36.980762,98.26,0.505,2
-122.0501,36.980762,98.9,0.522,2
-122.049794,36.980762,98.45,0.563,2
-122.049488,36.980762,97.18,0.568,2
-122.049181,36.980762,95.51,0.52,2
-122.048875,36.980762,93.68,0.462,2
-122.048569,36.980762,92.25,0.472,2
-122.048263,36.980762,90.67,0.582,2
-122.047956,36.980762,88.41,0.534,2
-122.04765,36.980762,87.92,0.5,2
-122.047344,36.980762,88.15,0.573,2
-122.047038,36.980762,89.11,0.637,2
-122.046731,36.980762,90.85,0.574,2
-122.046425,36.980762,92.87,0.576,2
-122.046119,36.980762,95.72,0.632,2
-122.045813,36.980762,98.2,0.578,2
-122.045506,36.980762,99.13,0.416,2
-122.0452,36.980762,99.44,0.333,2
-122.044894,36.980762,99.44,0.363,2
-122.044588,36.980762,99.19,0.364,2
-122.044281,36.980762,98.85,0.477,2
-122.043975,36.980762,98.77,0.407,2
-122.043669,36.980762,98.65,0.315,2
-122.043363,36.980762,98.79,0.337,2
-122.043056,36.980762,99.09,0.376,2
-122.04275,36.980762,99.65,0.41,2
-122.042444,36.980762,100.3,0.455,2
-122.042138,36.980762,100.69,0.489,2
-122.041831,36.980762,100.72,0.478,2
-122.041525,36.980762,100.52,0.436,2
-122.041219,36.980762,100.36,0.39,2
-122.040913,36.980762,100.94,0.369,2
-122.040606,36.980762,100.54,0.309,2
-122.0403,36.980762,99.69,0.333,2
-122.039994,36.980762,97.79,0.431,2
-122.039687,36.980762,95.79,0.568,2
-122.039381,36.980762,93.86,0.643,2
-122.039075,36.980762,91.82,0.632,2
-122.038769,36.980762,90.15,0.619,2
-122.038462,36.980762,89.5,0.616,2
-122.038156,36.980762,89.67,0.481,2
-122.03785,36.980762,90.24,0.398,2
-122.037544,36.980762,89.82,0.46,2
-122.037237,36.980762,88.22,0.526,2
-122.036931,36.980762,85.67,0.674,2
-122.036625,36.980762,83.5,0.78,2
-122.036319,36.980762,82.62,0.803,2
-122.036012,36.980762,83.33,0.783,2
-122.035706,36.980762,84.19,0.768,2
-122.082257,36.980455,87.1,0.568,2
-122.081951,36.980455,89.85,0.459,2
-122.081645,36.980455,92.08,0.392,2
-122.081338,36.980455,93.77,0.357,2
-122.081032,36.980455,95.08,0.362,2
-122.080726,36.980455,95.8,0.382,2
-122.08042,36.980455,96.28,0.383,2
-122.080113,36.980455,96.07,0.364,2
-122.079807,36.980455,95.44,0.346,2
-122.079501,36.980455,94.53,0.337,2
-122.079195,36.980455,93.46,0.342,2
-122.078888,36.980455,92.3,0.415,2
-122.078582,36.980455,91.09,0.575,2
-122.078276,36.980455,90.5,0.615,2
-122.07797,36.980455,90.85,0.416,2
-122.077663,36.980455,91.91,0.391,2
-122.077357,36.980455,93.23,0.409,2
-122.077051,36.980455,94.14,0.406,2
-122.076744,36.980455,94.67,0.42,2
-122.076438,36.980455,94.98,0.47,2
-122.076132,36.980455,95.07,0.492,2
-122.075826,36.980455,95.04,0.46,2
-122.075519,36.980455,94.98,0.43,2
-122.075213,36.980455,95.13,0.448,2
-122.074907,36.980455,96.01,0.5,2
-122.074601,36.980455,95.27,0.466,2
-122.074294,36.980455,93.92,0.374,2
-122.073988,36.980455,89.33,0.373,2
-122.073682,36.980455,86.27,0.454,2
-122.073376,36.980455,82.81,0.656,2
-122.073069,36.980455,79.39,0.803,2
-122.072763,36.980455,76.95,0.849,2
-122.072457,36.980455,76,0.845,2
-122.072151,36.980455,76.83,0.834,2
-122.071844,36.980455,79.46,0.836,2
-122.071538,36.980455,83.57,0.798,2
-122.071232,36.980455,88.58,0.481,2
-122.070926,36.980455,94.67,0.307,2
-122.070619,36.980455,98.03,0.292,2
-122.070313,36.980455,100.1,0.289,2
-122.070007,36.980455,100.27,0.296,2
-122.069701,36.980455,100.19,0.32,2
-122.069394,36.980455,100.32,0.345,2
-122.069088,36.980455,100.72,0.358,2
-122.068782,36.980455,101.43,0.357,2
-122.068476,36.980455,101.64,0.345,2
-122.068169,36.980455,101.86,0.331,2
-122.067863,36.980455,101.52,0.343,2
-122.067557,36.980455,101.65,0.359,2
-122.067251,36.980455,101.58,0.36,2
-122.066944,36.980455,101.46,0.373,2
-122.066638,36.980455,101.33,0.368,2
-122.066332,36.980455,101.16,0.35,2
-122.066026,36.980455,101.23,0.335,2
-122.065719,36.980455,101.26,0.333,2
-122.065413,36.980455,100.76,0.335,2
-122.065107,36.980455,100.09,0.355,2
-122.0648,36.980455,99.36,0.47,2
-122.064494,36.980455,98.68,0.467,2
-122.064188,36.980455,98.31,0.481,2
-122.063882,36.980455,97.05,0.429,2
-122.063575,36.980455,96.47,0.442,2
-122.063269,36.980455,95.77,0.496,2
-122.062963,36.980455,94.16,0.578,2
-122.062657,36.980455,92.46,0.567,2
-122.06235,36.980455,91.02,0.498,2
-122.062044,36.980455,89.33,0.511,2
-122.061738,36.980455,87.91,0.562,2
-122.061432,36.980455,87.01,0.703,2
-122.061125,36.980455,86.97,0.833,2
-122.060819,36.980455,88.4,0.617,2
-122.060513,36.980455,90.56,0.361,2
-122.060207,36.980455,92.05,0.292,2
-122.0599,36.980455,93.1,0.291,2
-122.059594,36.980455,92.78,0.368,2
-122.059288,36.980455,91.16,0.482,2
-122.058982,36.980455,89.24,0.576,2
-122.058675,36.980455,87.98,0.652,2
-122.058369,36.980455,87.96,0.698,2
-122.058063,36.980455,88.94,0.651,2
-122.057757,36.980455,91.68,0.597,2
-122.05745,36.980455,93.93,0.504,2
-122.057144,36.980455,96.41,0.418,2
-122.056838,36.980455,98.62,0.345,2
-122.056532,36.980455,100.54,0.294,2
-122.056225,36.980455,102.09,0.265,2
-122.055919,36.980455,102.76,0.243,2
-122.055613,36.980455,102.93,0.233,2
-122.055307,36.980455,103.34,0.254,2
-122.055,36.980455,103.48,0.287,2
-122.054694,36.980455,103.27,0.28,2
-122.054388,36.980455,103.15,0.256,2
-122.054082,36.980455,102.9,0.232,2
-122.053775,36.980455,102.52,0.237,2
-122.053469,36.980455,101.79,0.299,2
-122.053163,36.980455,100.84,0.307,2
-122.052856,36.980455,100.18,0.253,2
-122.05255,36.980455,99.55,0.262,2
-122.052244,36.980455,98.82,0.358,2
-122.051938,36.980455,98.44,0.443,2
-122.051631,36.980455,98.52,0.499,2
-122.051325,36.980455,99.27,0.462,2
-122.051019,36.980455,100.41,0.452,2
-122.050713,36.980455,99.14,0.535,2
-122.050406,36.980455,98.73,0.56,2
-122.0501,36.980455,99.07,0.533,2
-122.049794,36.980455,99.19,0.589,2
-122.049488,36.980455,98.49,0.605,2
-122.049181,36.980455,96.99,0.561,2
-122.048875,36.980455,95.34,0.498,2
-122.048569,36.980455,94.1,0.432,2
-122.048263,36.980455,92.55,0.486,2
-122.047956,36.980455,89.99,0.579,2
-122.04765,36.980455,88.96,0.523,2
-122.047344,36.980455,88.37,0.59,2
-122.047038,36.980455,88.69,0.651,2
-122.046731,36.980455,90.43,0.554,2
-122.046425,36.980455,93.04,0.463,2
-122.046119,36.980455,96.34,0.481,2
-122.045813,36.980455,98.94,0.45,2
-122.045506,36.980455,100.01,0.333,2
-122.0452,36.980455,100.43,0.328,2
-122.044894,36.980455,100.6,0.401,2
-122.044588,36.980455,100.45,0.384,2
-122.044281,36.980455,100.15,0.404,2
-122.043975,36.980455,100.07,0.471,2
-122.043669,36.980455,99.91,0.37,2
-122.043363,36.980455,99.98,0.381,2
-122.043056,36.980455,100.14,0.384,2
-122.04275,36.980455,100.46,0.377,2
-122.042444,36.980455,100.81,0.376,2
-122.042138,36.980455,100.87,0.389,2
-122.041831,36.980455,100.61,0.45,2
-122.041525,36.980455,100.2,0.518,2
-122.041219,36.980455,100.12,0.536,2
-122.040913,36.980455,101.19,0.469,2
-122.040606,36.980455,101.76,0.425,2
-122.0403,36.980455,102,0.337,2
-122.039994,36.980455,101.28,0.328,2
-122.039687,36.980455,100.23,0.392,2
-122.039381,36.980455,99.04,0.401,2
-122.039075,36.980455,97.41,0.356,2
-122.038769,36.980455,95.68,0.392,2
-122.038462,36.980455,94.58,0.486,2
-122.038156,36.980455,93.82,0.385,2
-122.03785,36.980455,93.49,0.38,2
-122.037544,36.980455,92.47,0.484,2
-122.037237,36.980455,90.23,0.606,2
-122.036931,36.980455,87.36,0.652,2
-122.036625,36.980455,85.05,0.761,2
-122.036319,36.980455,84.03,0.817,2
-122.036012,36.980455,84.44,0.797,2
-122.035706,36.980455,85.05,0.77,2
-122.082257,36.980149,89.82,0.412,2
-122.081951,36.980149,92.46,0.402,2
-122.081645,36.980149,94.46,0.371,2
-122.081338,36.980149,95.96,0.358,2
-122.081032,36.980149,96.71,0.368,2
-122.080726,36.980149,96.59,0.392,2
-122.08042,36.980149,96.48,0.427,2
-122.080113,36.980149,96.19,0.417,2
-122.079807,36.980149,95.75,0.411,2
-122.079501,36.980149,95.08,0.41,2
-122.079195,36.980149,94.11,0.407,2
-122.078888,36.980149,93.03,0.43,2
-122.078582,36.980149,92.15,0.51,2
-122.078276,36.980149,91.79,0.612,2
-122.07797,36.980149,92.11,0.478,2
-122.077663,36.980149,92.99,0.398,2
-122.077357,36.980149,94.11,0.396,2
-122.077051,36.980149,94.89,0.394,2
-122.076744,36.980149,95.22,0.4,2
-122.076438,36.980149,95.31,0.428,2
-122.076132,36.980149,95.48,0.441,2
-122.075826,36.980149,95.59,0.43,2
-122.075519,36.980149,95.46,0.441,2
-122.075213,36.980149,95.51,0.519,2
-122.074907,36.980149,96.09,0.618,2
-122.074601,36.980149,95.73,0.488,2
-122.074294,36.980149,94.87,0.372,2
-122.073988,36.980149,90.81,0.352,2
-122.073682,36.980149,88.05,0.372,2
-122.073376,36.980149,84.43,0.533,2
-122.073069,36.980149,81.12,0.744,2
-122.072763,36.980149,78.85,0.849,2
-122.072457,36.980149,77.87,0.844,2
-122.072151,36.980149,78.6,0.832,2
-122.071844,36.980149,81.16,0.832,2
-122.071538,36.980149,85.05,0.768,2
-122.071232,36.980149,89.71,0.443,2
-122.070926,36.980149,94.75,0.325,2
-122.070619,36.980149,97.91,0.329,2
-122.070313,36.980149,99.75,0.329,2
-122.070007,36.980149,99.91,0.331,2
-122.069701,36.980149,99.88,0.34,2
-122.069394,36.980149,100.03,0.351,2
-122.069088,36.980149,100.57,0.364,2
-122.068782,36.980149,101.39,0.372,2
-122.068476,36.980149,101.55,0.367,2
-122.068169,36.980149,101.59,0.365,2
-122.067863,36.980149,100.64,0.373,2
-122.067557,36.980149,100.67,0.376,2
-122.067251,36.980149,100.5,0.376,2
-122.066944,36.980149,100.31,0.373,2
-122.066638,36.980149,100.21,0.365,2
-122.066332,36.980149,100.21,0.36,2
-122.066026,36.980149,100.46,0.362,2
-122.065719,36.980149,100.65,0.361,2
-122.065413,36.980149,100.38,0.347,2
-122.065107,36.980149,100.02,0.339,2
-122.0648,36.980149,99.68,0.376,2
-122.064494,36.980149,99.15,0.407,2
-122.064188,36.980149,98.75,0.408,2
-122.063882,36.980149,97.41,0.413,2
-122.063575,36.980149,96.66,0.441,2
-122.063269,36.980149,95.86,0.523,2
-122.062963,36.980149,94.22,0.596,2
-122.062657,36.980149,92.61,0.591,2
-122.06235,36.980149,91.36,0.559,2
-122.062044,36.980149,89.99,0.541,2
-122.061738,36.980149,88.66,0.513,2
-122.061432,36.980149,87.13,0.732,2
-122.061125,36.980149,86.35,0.872,2
-122.060819,36.980149,87.92,0.586,2
-122.060513,36.980149,90.58,0.311,2
-122.060207,36.980149,92.45,0.278,2
-122.0599,36.980149,93.53,0.306,2
-122.059594,36.980149,93.29,0.361,2
-122.059288,36.980149,91.82,0.477,2
-122.058982,36.980149,89.9,0.603,2
-122.058675,36.980149,88.25,0.672,2
-122.058369,36.980149,87.32,0.709,2
-122.058063,36.980149,87.33,0.715,2
-122.057757,36.980149,88.88,0.723,2
-122.05745,36.980149,90.44,0.726,2
-122.057144,36.980149,92.46,0.661,2
-122.056838,36.980149,94.75,0.558,2
-122.056532,36.980149,96.83,0.434,2
-122.056225,36.980149,98.58,0.343,2
-122.055919,36.980149,99.49,0.305,2
-122.055613,36.980149,99.94,0.3,2
-122.055307,36.980149,100.63,0.32,2
-122.055,36.980149,100.99,0.366,2
-122.054694,36.980149,101.07,0.371,2
-122.054388,36.980149,101.26,0.337,2
-122.054082,36.980149,101.37,0.247,2
-122.053775,36.980149,101.37,0.3,2
-122.053469,36.980149,101.13,0.344,2
-122.053163,36.980149,100.73,0.255,2
-122.052856,36.980149,100.52,0.145,2
-122.05255,36.980149,100.11,0.122,2
-122.052244,36.980149,99.31,0.213,2
-122.051938,36.980149,98.63,0.389,2
-122.051631,36.980149,98.42,0.557,2
-122.051325,36.980149,99.01,0.547,2
-122.051019,36.980149,100.24,0.512,2
-122.050713,36.980149,99.46,0.45,2
-122.050406,36.980149,99.2,0.525,2
-122.0501,36.980149,98.97,0.436,2
-122.049794,36.980149,99.52,0.499,2
-122.049488,36.980149,99.32,0.606,2
-122.049181,36.980149,97.94,0.601,2
-122.048875,36.980149,96.41,0.534,2
-122.048569,36.980149,95.29,0.493,2
-122.048263,36.980149,93.88,0.455,2
-122.047956,36.980149,91.41,0.476,2
-122.04765,36.980149,89.78,0.55,2
-122.047344,36.980149,88.55,0.655,2
-122.047038,36.980149,88.35,0.726,2
-122.046731,36.980149,89.9,0.624,2
-122.046425,36.980149,92.9,0.436,2
-122.046119,36.980149,96.49,0.352,2
-122.045813,36.980149,99.14,0.348,2
-122.045506,36.980149,100.37,0.32,2
-122.0452,36.980149,101,0.298,2
-122.044894,36.980149,101.26,0.334,2
-122.044588,36.980149,100.89,0.363,2
-122.044281,36.980149,100.67,0.33,2
-122.043975,36.980149,100.98,0.498,2
-122.043669,36.980149,100.92,0.448,2
-122.043363,36.980149,100.98,0.422,2
-122.043056,36.980149,101.39,0.419,2
-122.04275,36.980149,101.75,0.407,2
-122.042444,36.980149,101.82,0.37,2
-122.042138,36.980149,101.52,0.325,2
-122.041831,36.980149,100.82,0.346,2
-122.041525,36.980149,100.09,0.484,2
-122.041219,36.980149,99.93,0.643,2
-122.040913,36.980149,100.05,0.521,2
-122.040606,36.980149,101.03,0.506,2
-122.0403,36.980149,101.94,0.336,2
-122.039994,36.980149,102.51,0.262,2
-122.039687,36.980149,102.48,0.335,2
-122.039381,36.980149,101.98,0.349,2
-122.039075,36.980149,100.82,0.306,2
-122.038769,36.980149,99.3,0.353,2
-122.038462,36.980149,98.06,0.472,2
-122.038156,36.980149,96.75,0.491,2
-122.03785,36.980149,95.22,0.411,2
-122.037544,36.980149,93.92,0.431,2
-122.037237,36.980149,91.54,0.524,2
-122.036931,36.980149,88.91,0.441,2
-122.036625,36.980149,86.82,0.621,2
-122.036319,36.980149,85.86,0.777,2
-122.036012,36.980149,86.11,0.788,2
-122.035706,36.980149,86.56,0.758,2
-122.082257,36.979843,92.1,0.41,2
-122.081951,36.979843,94.33,0.43,2
-122.081645,36.979843,95.77,0.418,2
-122.081338,36.979843,96.72,0.421,2
-122.081032,36.979843,97.1,0.417,2
-122.080726,36.979843,96.66,0.454,2
-122.08042,36.979843,96.43,0.533,2
-122.080113,36.979843,96.19,0.514,2
-122.079807,36.979843,95.7,0.483,2
-122.079501,36.979843,95.1,0.467,2
-122.079195,36.979843,94.34,0.458,2
-122.078888,36.979843,93.45,0.45,2
-122.078582,36.979843,92.76,0.486,2
-122.078276,36.979843,92.51,0.619,2
-122.07797,36.979843,92.94,0.547,2
-122.077663,36.979843,93.65,0.431,2
-122.077357,36.979843,94.59,0.413,2
-122.077051,36.979843,95.35,0.408,2
-122.076744,36.979843,95.72,0.404,2
-122.076438,36.979843,95.8,0.417,2
-122.076132,36.979843,96.33,0.425,2
-122.075826,36.979843,96.79,0.421,2
-122.075519,36.979843,96.59,0.434,2
-122.075213,36.979843,96.43,0.481,2
-122.074907,36.979843,96.37,0.509,2
-122.074601,36.979843,96.18,0.395,2
-122.074294,36.979843,95.59,0.366,2
-122.073988,36.979843,91.93,0.365,2
-122.073682,36.979843,89.1,0.39,2
-122.073376,36.979843,85.21,0.54,2
-122.073069,36.979843,82.9,0.748,2
-122.072763,36.979843,81.62,0.85,2
-122.072457,36.979843,80.89,0.843,2
-122.072151,36.979843,81.77,0.829,2
-122.071844,36.979843,84.49,0.806,2
-122.071538,36.979843,88.38,0.673,2
-122.071232,36.979843,92.35,0.397,2
-122.070926,36.979843,94.91,0.357,2
-122.070619,36.979843,97.53,0.369,2
-122.070313,36.979843,99.02,0.375,2
-122.070007,36.979843,99.6,0.372,2
-122.069701,36.979843,99.83,0.361,2
-122.069394,36.979843,99.96,0.361,2
-122.069088,36.979843,100.74,0.384,2
-122.068782,36.979843,101.9,0.402,2
-122.068476,36.979843,101.95,0.393,2
-122.068169,36.979843,101.58,0.391,2
-122.067863,36.979843,98.59,0.387,2
-122.067557,36.979843,98.24,0.384,2
-122.067251,36.979843,97.72,0.391,2
-122.066944,36.979843,97.4,0.396,2
-122.066638,36.979843,97.4,0.403,2
-122.066332,36.979843,97.62,0.402,2
-122.066026,36.979843,97.83,0.399,2
-122.065719,36.979843,97.93,0.398,2
-122.065413,36.979843,97.93,0.39,2
-122.065107,36.979843,98.18,0.37,2
-122.0648,36.979843,99.2,0.373,2
-122.064494,36.979843,98.98,0.36,2
-122.064188,36.979843,98.75,0.389,2
-122.063882,36.979843,98.31,0.423,2
-122.063575,36.979843,97.76,0.467,2
-122.063269,36.979843,96.98,0.471,2
-122.062963,36.979843,95.16,0.494,2
-122.062657,36.979843,93.37,0.505,2
-122.06235,36.979843,92.11,0.469,2
-122.062044,36.979843,90.63,0.438,2
-122.061738,36.979843,88.69,0.522,2
-122.061432,36.979843,86.7,0.767,2
-122.061125,36.979843,85.87,0.848,2
-122.060819,36.979843,87.57,0.593,2
-122.060513,36.979843,90.39,0.422,2
-122.060207,36.979843,92.81,0.362,2
-122.0599,36.979843,94.06,0.359,2
-122.059594,36.979843,93.99,0.366,2
-122.059288,36.979843,93.02,0.401,2
-122.058982,36.979843,91.6,0.493,2
-122.058675,36.979843,90.09,0.586,2
-122.058369,36.979843,88.8,0.589,2
-122.058063,36.979843,88.1,0.563,2
-122.057757,36.979843,88.41,0.643,2
-122.05745,36.979843,89.08,0.714,2
-122.057144,36.979843,90.4,0.715,2
-122.056838,36.979843,92.19,0.665,2
-122.056532,36.979843,93.93,0.519,2
-122.056225,36.979843,95.35,0.401,2
-122.055919,36.979843,96.68,0.355,2
-122.055613,36.979843,97.84,0.344,2
-122.055307,36.979843,98.6,0.352,2
-122.055,36.979843,99.02,0.389,2
-122.054694,36.979843,99.01,0.406,2
-122.054388,36.979843,99.4,0.314,2
-122.054082,36.979843,99.84,0.347,2
-122.053775,36.979843,100,0.438,2
-122.053469,36.979843,100.29,0.282,2
-122.053163,36.979843,100.49,0.186,2
-122.052856,36.979843,100.18,0.115,2
-122.05255,36.979843,99.42,0.078,2
-122.052244,36.979843,98.43,0.167,2
-122.051938,36.979843,97.49,0.415,2
-122.051631,36.979843,97.11,0.675,2
-122.051325,36.979843,97.71,0.565,2
-122.051019,36.979843,98.92,0.473,2
-122.050713,36.979843,99.22,0.445,2
-122.050406,36.979843,99.44,0.461,2
-122.0501,36.979843,99.46,0.368,2
-122.049794,36.979843,100.24,0.423,2
-122.049488,36.979843,100.13,0.55,2
-122.049181,36.979843,98.66,0.559,2
-122.048875,36.979843,97.01,0.517,2
-122.048569,36.979843,95.9,0.532,2
-122.048263,36.979843,94.69,0.45,2
-122.047956,36.979843,93.05,0.353,2
-122.04765,36.979843,91.48,0.465,2
-122.047344,36.979843,90.35,0.651,2
-122.047038,36.979843,90.24,0.718,2
-122.046731,36.979843,91.47,0.742,2
-122.046425,36.979843,94.02,0.613,2
-122.046119,36.979843,96.95,0.406,2
-122.045813,36.979843,99.14,0.321,2
-122.045506,36.979843,100.41,0.34,2
-122.0452,36.979843,101.12,0.314,2
-122.044894,36.979843,101.19,0.327,2
-122.044588,36.979843,100.97,0.399,2
-122.044281,36.979843,100.88,0.328,2
-122.043975,36.979843,101.67,0.408,2
-122.043669,36.979843,101.7,0.476,2
-122.043363,36.979843,101.73,0.445,2
-122.043056,36.979843,102.53,0.463,2
-122.04275,36.979843,103.02,0.44,2
-122.042444,36.979843,102.9,0.377,2
-122.042138,36.979843,102.3,0.329,2
-122.041831,36.979843,101.23,0.328,2
-122.041525,36.979843,100.22,0.45,2
-122.041219,36.979843,99.82,0.628,2
-122.040913,36.979843,98.1,0.48,2
-122.040606,36.979843,99.12,0.425,2
-122.0403,36.979843,100.27,0.347,2
-122.039994,36.979843,102.27,0.285,2
-122.039687,36.979843,103.22,0.333,2
-122.039381,36.979843,103.34,0.31,2
-122.039075,36.979843,102.64,0.27,2
-122.038769,36.979843,101.36,0.328,2
-122.038462,36.979843,100.22,0.41,2
-122.038156,36.979843,98.61,0.467,2
-122.03785,36.979843,95.75,0.476,2
-122.037544,36.979843,94.09,0.441,2
-122.037237,36.979843,91.69,0.393,2
-122.036931,36.979843,89.35,0.329,2
-122.036625,36.979843,87.48,0.535,2
-122.036319,36.979843,86.7,0.696,2
-122.036012,36.979843,86.97,0.664,2
-122.035706,36.979843,87.35,0.596,2
-122.082257,36.979537,93.76,0.41,2
-122.081951,36.979537,95.5,0.437,2
-122.081645,36.979537,96.33,0.471,2
-122.081338,36.979537,96.65,0.471,2
-122.081032,36.979537,96.78,0.449,2
-122.080726,36.979537,96.28,0.46,2
-122.08042,36.979537,96.14,0.494,2
-122.080113,36.979537,96.01,0.495,2
-122.079807,36.979537,95.51,0.489,2
-122.079501,36.979537,94.98,0.483,2
-122.079195,36.979537,94.54,0.468,2
-122.078888,36.979537,93.97,0.454,2
-122.078582,36.979537,93.34,0.48,2
-122.078276,36.979537,93.13,0.572,2
-122.07797,36.979537,93.64,0.558,2
-122.077663,36.979537,94.3,0.506,2
-122.077357,36.979537,95.11,0.451,2
-122.077051,36.979537,95.85,0.417,2
-122.076744,36.979537,96.35,0.406,2
-122.076438,36.979537,96.6,0.41,2
-122.076132,36.979537,97.28,0.413,2
-122.075826,36.979537,97.74,0.415,2
-122.075519,36.979537,97.44,0.437,2
-122.075213,36.979537,97.23,0.473,2
-122.074907,36.979537,97.08,0.442,2
-122.074601,36.979537,96.8,0.378,2
-122.074294,36.979537,96.14,0.388,2
-122.073988,36.979537,92.29,0.393,2
-122.073682,36.979537,89.1,0.418,2
-122.073376,36.979537,84.94,0.56,2
-122.073069,36.979537,82.78,0.756,2
-122.072763,36.979537,81.83,0.849,2
-122.072457,36.979537,81.67,0.848,2
-122.072151,36.979537,83.24,0.823,2
-122.071844,36.979537,86.36,0.719,2
-122.071538,36.979537,90.09,0.497,2
-122.071232,36.979537,93.63,0.338,2
-122.070926,36.979537,95.83,0.336,2
-122.070619,36.979537,97.99,0.356,2
-122.070313,36.979537,99.14,0.378,2
-122.070007,36.979537,99.48,0.381,2
-122.069701,36.979537,99.57,0.371,2
-122.069394,36.979537,99.6,0.403,2
-122.069088,36.979537,100.32,0.464,2
-122.068782,36.979537,101.36,0.464,2
-122.068476,36.979537,101.28,0.392,2
-122.068169,36.979537,100.67,0.383,2
-122.067863,36.979537,97.35,0.388,2
-122.067557,36.979537,96.41,0.42,2
-122.067251,36.979537,95.52,0.42,2
-122.066944,36.979537,95.09,0.426,2
-122.066638,36.979537,95.21,0.436,2
-122.066332,36.979537,95.68,0.424,2
-122.066026,36.979537,96.2,0.396,2
-122.065719,36.979537,96.55,0.379,2
-122.065413,36.979537,96.71,0.371,2
-122.065107,36.979537,97.1,0.369,2
-122.0648,36.979537,98.31,0.39,2
-122.064494,36.979537,98.38,0.395,2
-122.064188,36.979537,98.47,0.411,2
-122.063882,36.979537,98.35,0.409,2
-122.063575,36.979537,98.11,0.442,2
-122.063269,36.979537,97.58,0.419,2
-122.062963,36.979537,96.03,0.414,2
-122.062657,36.979537,94.43,0.392,2
-122.06235,36.979537,93.04,0.343,2
-122.062044,36.979537,91.06,0.358,2
-122.061738,36.979537,88.52,0.51,2
-122.061432,36.979537,86.27,0.746,2
-122.061125,36.979537,85.58,0.803,2
-122.060819,36.979537,86.82,0.693,2
-122.060513,36.979537,89.5,0.628,2
-122.060207,36.979537,92.2,0.534,2
-122.0599,36.979537,94.24,0.51,2
-122.059594,36.979537,94.79,0.495,2
-122.059288,36.979537,94.38,0.431,2
-122.058982,36.979537,93.6,0.36,2
-122.058675,36.979537,92.59,0.34,2
-122.058369,36.979537,91.53,0.333,2
-122.058063,36.979537,90.62,0.273,2
-122.057757,36.979537,90.39,0.411,2
-122.05745,36.979537,90.35,0.501,2
-122.057144,36.979537,90.97,0.602,2
-122.056838,36.979537,92.05,0.55,2
-122.056532,36.979537,93.23,0.431,2
-122.056225,36.979537,94.22,0.36,2
-122.055919,36.979537,95.42,0.34,2
-122.055613,36.979537,96.58,0.335,2
-122.055307,36.979537,97.21,0.341,2
-122.055,36.979537,97.56,0.373,2
-122.054694,36.979537,97.44,0.424,2
-122.054388,36.979537,97.91,0.245,2
-122.054082,36.979537,98.57,0.3,2
-122.053775,36.979537,99.17,0.39,2
-122.053469,36.979537,100.06,0.22,2
-122.053163,36.979537,100.59,0.121,2
-122.052856,36.979537,100.29,0.095,2
-122.05255,36.979537,99.36,0.105,2
-122.052244,36.979537,98.09,0.175,2
-122.051938,36.979537,96.87,0.368,2
-122.051631,36.979537,96.39,0.643,2
-122.051325,36.979537,96.81,0.609,2
-122.051019,36.979537,97.55,0.499,2
-122.050713,36.979537,98.16,0.439,2
-122.050406,36.979537,98.62,0.448,2
-122.0501,36.979537,98.83,0.423,2
-122.049794,36.979537,100.12,0.45,2
-122.049488,36.979537,100.31,0.499,2
-122.049181,36.979537,99.2,0.536,2
-122.048875,36.979537,97.62,0.553,2
-122.048569,36.979537,96.07,0.555,2
-122.048263,36.979537,95.16,0.524,2
-122.047956,36.979537,94.2,0.422,2
-122.04765,36.979537,93.24,0.497,2
-122.047344,36.979537,92.66,0.632,2
-122.047038,36.979537,92.58,0.684,2
-122.046731,36.979537,93.53,0.68,2
-122.046425,36.979537,95.32,0.624,2
-122.046119,36.979537,97.19,0.47,2
-122.045813,36.979537,98.7,0.352,2
-122.045506,36.979537,99.89,0.33,2
-122.0452,36.979537,100.66,0.333,2
-122.044894,36.979537,100.79,0.379,2
-122.044588,36.979537,101.14,0.461,2
-122.044281,36.979537,101.29,0.327,2
-122.043975,36.979537,102.25,0.321,2
-122.043669,36.979537,102.37,0.409,2
-122.043363,36.979537,102.37,0.358,2
-122.043056,36.979537,103.06,0.367,2
-122.04275,36.979537,103.4,0.38,2
-122.042444,36.979537,103.1,0.366,2
-122.042138,36.979537,102.3,0.332,2
-122.041831,36.979537,101.01,0.324,2
-122.041525,36.979537,99.83,0.458,2
-122.041219,36.979537,99.22,0.54,2
-122.040913,36.979537,97.42,0.454,2
-122.040606,36.979537,98.25,0.426,2
-122.0403,36.979537,99.19,0.422,2
-122.039994,36.979537,101.55,0.366,2
-122.039687,36.979537,102.91,0.384,2
-122.039381,36.979537,103.49,0.33,2
-122.039075,36.979537,103.31,0.274,2
-122.038769,36.979537,102.5,0.32,2
-122.038462,36.979537,101.61,0.359,2
-122.038156,36.979537,100.05,0.317,2
-122.03785,36.979537,97.15,0.385,2
-122.037544,36.979537,94.59,0.519,2
-122.037237,36.979537,91.8,0.429,2
-122.036931,36.979537,89.41,0.438,2
-122.036625,36.979537,88.14,0.564,2
-122.036319,36.979537,88.05,0.571,2
-122.036012,36.979537,88.73,0.493,2
-122.035706,36.979537,89.21,0.447,2
-122.081951,36.97923,96.26,0.465,2
-122.081645,36.97923,96.72,0.496,2
-122.081338,36.97923,96.72,0.469,2
-122.081032,36.97923,96.64,0.464,2
-122.080726,36.97923,96.06,0.427,2
-122.08042,36.97923,95.92,0.408,2
-122.080113,36.97923,95.81,0.446,2
-122.079807,36.97923,95.36,0.477,2
-122.079501,36.97923,94.91,0.484,2
-122.079195,36.97923,94.47,0.473,2
-122.078888,36.97923,93.93,0.464,2
-122.078582,36.97923,93.52,0.476,2
-122.078276,36.97923,93.39,0.5,2
-122.07797,36.97923,93.93,0.519,2
-122.077663,36.97923,94.46,0.525,2
-122.077357,36.97923,95.17,0.478,2
-122.077051,36.97923,95.88,0.421,2
-122.076744,36.97923,96.49,0.396,2
-122.076438,36.97923,96.87,0.391,2
-122.076132,36.97923,97.69,0.388,2
-122.075826,36.97923,98.27,0.395,2
-122.075519,36.97923,98.1,0.426,2
-122.075213,36.97923,97.9,0.454,2
-122.074907,36.97923,97.62,0.414,2
-122.074601,36.97923,97.01,0.39,2
-122.074294,36.97923,96.05,0.407,2
-122.073988,36.97923,91.67,0.408,2
-122.073682,36.97923,87.93,0.469,2
-122.073376,36.97923,83.55,0.656,2
-122.073069,36.97923,82.04,0.8,2
-122.072763,36.97923,81.79,0.842,2
-122.072457,36.97923,82.21,0.837,2
-122.072151,36.97923,84.38,0.783,2
-122.071844,36.97923,87.85,0.611,2
-122.071538,36.97923,91.56,0.388,2
-122.071232,36.97923,94.7,0.332,2
-122.070926,36.97923,96.61,0.33,2
-122.070619,36.97923,98.36,0.339,2
-122.070313,36.97923,99.21,0.369,2
-122.070007,36.97923,99.33,0.381,2
-122.069701,36.97923,99.26,0.378,2
-122.069394,36.97923,99.19,0.462,2
-122.069088,36.97923,99.83,0.561,2
-122.068782,36.97923,100.75,0.523,2
-122.068476,36.97923,100.53,0.395,2
-122.068169,36.97923,99.65,0.383,2
-122.067863,36.97923,96.03,0.4,2
-122.067557,36.97923,94.39,0.535,2
-122.067251,36.97923,93.17,0.55,2
-122.066944,36.97923,92.73,0.508,2
-122.066638,36.97923,93,0.457,2
-122.066332,36.97923,93.64,0.41,2
-122.066026,36.97923,94.23,0.386,2
-122.065719,36.97923,94.59,0.396,2
-122.065413,36.97923,94.78,0.401,2
-122.065107,36.97923,95.3,0.377,2
-122.0648,36.97923,96.68,0.406,2
-122.064494,36.97923,97.06,0.437,2
-122.064188,36.97923,97.54,0.478,2
-122.063882,36.97923,97.94,0.465,2
-122.063575,36.97923,98.2,0.45,2
-122.063269,36.97923,98.09,0.408,2
-122.062963,36.97923,96.86,0.405,2
-122.062657,36.97923,95.39,0.424,2
-122.06235,36.97923,93.64,0.478,2
-122.062044,36.97923,91.03,0.551,2
-122.061738,36.97923,88.18,0.596,2
-122.061432,36.97923,85.99,0.712,2
-122.061125,36.97923,85.39,0.759,2
-122.060819,36.97923,86.73,0.63,2
-122.060513,36.97923,89.54,0.496,2
-122.060207,36.97923,92.09,0.448,2
-122.0599,36.97923,94.26,0.443,2
-122.059594,36.97923,95.26,0.411,2
-122.059288,36.97923,95.36,0.374,2
-122.058982,36.97923,94.97,0.342,2
-122.058675,36.97923,94.24,0.321,2
-122.058369,36.97923,93.4,0.355,2
-122.058063,36.97923,92.62,0.404,2
-122.057757,36.97923,92.36,0.414,2
-122.05745,36.97923,91.92,0.492,2
-122.057144,36.97923,92.12,0.554,2
-122.056838,36.97923,92.79,0.453,2
-122.056532,36.97923,93.55,0.374,2
-122.056225,36.97923,94.19,0.339,2
-122.055919,36.97923,95.15,0.325,2
-122.055613,36.97923,96.14,0.323,2
-122.055307,36.97923,96.67,0.333,2
-122.055,36.97923,96.98,0.365,2
-122.054694,36.97923,96.94,0.414,2
-122.054388,36.97923,97.46,0.288,2
-122.054082,36.97923,98.28,0.275,2
-122.053775,36.97923,99.16,0.433,2
-122.053469,36.97923,100.36,0.284,2
-122.053163,36.97923,101.11,0.142,2
-122.052856,36.97923,100.73,0.099,2
-122.05255,36.97923,99.6,0.118,2
-122.052244,36.97923,98.15,0.159,2
-122.051938,36.97923,96.7,0.299,2
-122.051631,36.97923,95.73,0.56,2
-122.051325,36.97923,95.37,0.557,2
-122.051019,36.97923,95.54,0.434,2
-122.050713,36.97923,95.9,0.493,2
-122.050406,36.97923,96.48,0.567,2
-122.0501,36.97923,97.14,0.542,2
-122.049794,36.97923,99.09,0.518,2
-122.049488,36.97923,99.82,0.411,2
-122.049181,36.97923,99.22,0.303,2
-122.048875,36.97923,97.96,0.303,2
-122.048569,36.97923,96.54,0.432,2
-122.048263,36.97923,96.04,0.61,2
-122.047956,36.97923,95.69,0.558,2
-122.04765,36.97923,95.21,0.391,2
-122.047344,36.97923,94.81,0.435,2
-122.047038,36.97923,94.68,0.586,2
-122.046731,36.97923,94.99,0.655,2
-122.046425,36.97923,95.75,0.653,2
-122.046119,36.97923,96.69,0.548,2
-122.045813,36.97923,97.66,0.395,2
-122.045506,36.97923,98.62,0.275,2
-122.0452,36.97923,99.41,0.239,2
-122.044894,36.97923,99.82,0.298,2
-122.044588,36.97923,100.6,0.38,2
-122.044281,36.97923,101.14,0.357,2
-122.043975,36.97923,102.39,0.292,2
-122.043669,36.97923,102.67,0.328,2
-122.043363,36.97923,102.72,0.325,2
-122.043056,36.97923,103.36,0.311,2
-122.04275,36.97923,103.54,0.381,2
-122.042444,36.97923,103.06,0.448,2
-122.042138,36.97923,102.13,0.391,2
-122.041831,36.97923,100.8,0.313,2
-122.041525,36.97923,99.58,0.449,2
-122.041219,36.97923,98.66,0.651,2
-122.040913,36.97923,96.11,0.588,2
-122.040606,36.97923,96.71,0.54,2
-122.0403,36.97923,97.7,0.498,2
-122.039994,36.97923,100.54,0.483,2
-122.039687,36.97923,102.29,0.479,2
-122.039381,36.97923,103.23,0.376,2
-122.039075,36.97923,103.39,0.288,2
-122.038769,36.97923,102.96,0.301,2
-122.038462,36.97923,102.39,0.3,2
-122.038156,36.97923,100.97,0.227,2
-122.03785,36.97923,97.97,0.315,2
-122.037544,36.97923,94.56,0.554,2
-122.037237,36.97923,91.08,0.575,2
-122.036931,36.97923,88.65,0.607,2
-122.036625,36.97923,87.77,0.661,2
-122.036319,36.97923,87.85,0.629,2
-122.036012,36.97923,88.5,0.558,2
-122.035706,36.97923,88.92,0.579,2
-122.0354,36.97923,88.89,0.699,2
-122.081951,36.978924,97.76,0.402,2
-122.081645,36.978924,98.13,0.415,2
-122.081338,36.978924,98.08,0.437,2
-122.081032,36.978924,97.87,0.453,2
-122.080726,36.978924,96.36,0.419,2
-122.08042,36.978924,96.04,0.404,2
-122.080113,36.978924,95.87,0.42,2
-122.079807,36.978924,94.69,0.448,2
-122.079501,36.978924,93.82,0.461,2
-122.079195,36.978924,93.37,0.457,2
-122.078888,36.978924,93.5,0.452,2
-122.078582,36.978924,94.35,0.458,2
-122.078276,36.978924,93.89,0.462,2
-122.07797,36.978924,92.47,0.464,2
-122.077663,36.978924,92.81,0.475,2
-122.077357,36.978924,93.36,0.461,2
-122.077051,36.978924,94.05,0.426,2
-122.076744,36.978924,94.7,0.4,2
-122.076438,36.978924,95.17,0.39,2
-122.076132,36.978924,96.33,0.397,2
-122.075826,36.978924,97.26,0.419,2
-122.075519,36.978924,97.31,0.426,2
-122.075213,36.978924,96.77,0.398,2
-122.074907,36.978924,95.05,0.393,2
-122.074601,36.978924,94.01,0.405,2
-122.074294,36.978924,92.78,0.431,2
-122.073988,36.978924,90.15,0.423,2
-122.073682,36.978924,86.05,0.589,2
-122.073376,36.978924,81.82,0.757,2
-122.073069,36.978924,81.08,0.832,2
-122.072763,36.978924,81.42,0.843,2
-122.072457,36.978924,82.37,0.84,2
-122.072151,36.978924,85.07,0.782,2
-122.071844,36.978924,88.8,0.599,2
-122.071538,36.978924,92.46,0.373,2
-122.071232,36.978924,95.32,0.347,2
-122.070926,36.978924,97.13,0.345,2
-122.070619,36.978924,98.62,0.343,2
-122.070313,36.978924,99.25,0.358,2
-122.070007,36.978924,99.58,0.38,2
-122.069701,36.978924,99.51,0.392,2
-122.069394,36.978924,99.3,0.494,2
-122.069088,36.978924,98.74,0.58,2
-122.068782,36.978924,98.13,0.516,2
-122.068476,36.978924,97.92,0.405,2
-122.068169,36.978924,97.07,0.399,2
-122.067863,36.978924,94.89,0.408,2
-122.067557,36.978924,92.99,0.526,2
-122.067251,36.978924,91.32,0.62,2
-122.066944,36.978924,90.74,0.555,2
-122.066638,36.978924,90.93,0.474,2
-122.066332,36.978924,91.46,0.409,2
-122.066026,36.978924,91.97,0.39,2
-122.065719,36.978924,92.22,0.46,2
-122.065413,36.978924,92.41,0.514,2
-122.065107,36.978924,93.21,0.439,2
-122.0648,36.978924,94.87,0.424,2
-122.064494,36.978924,95.59,0.459,2
-122.064188,36.978924,96.61,0.482,2
-122.063882,36.978924,97.5,0.418,2
-122.063575,36.978924,98.35,0.372,2
-122.063269,36.978924,98.75,0.35,2
-122.062963,36.978924,98.31,0.365,2
-122.062657,36.978924,97.42,0.383,2
-122.06235,36.978924,95.81,0.412,2
-122.062044,36.978924,92.98,0.462,2
-122.061738,36.978924,89.56,0.523,2
-122.061432,36.978924,87.13,0.642,2
-122.061125,36.978924,86.44,0.749,2
-122.060819,36.978924,87.04,0.673,2
-122.060513,36.978924,89.62,0.513,2
-122.060207,36.978924,92.18,0.411,2
-122.0599,36.978924,94.6,0.415,2
-122.059594,36.978924,96.05,0.419,2
-122.059288,36.978924,96.65,0.391,2
-122.058982,36.978924,96.59,0.391,2
-122.058675,36.978924,96.03,0.396,2
-122.058369,36.978924,95.41,0.343,2
-122.058063,36.978924,94.72,0.341,2
-122.057757,36.978924,94.34,0.339,2
-122.05745,36.978924,93.98,0.483,2
-122.057144,36.978924,93.83,0.496,2
-122.056838,36.978924,94.07,0.406,2
-122.056532,36.978924,94.37,0.359,2
-122.056225,36.978924,94.65,0.342,2
-122.055919,36.978924,95.35,0.333,2
-122.055613,36.978924,96.13,0.33,2
-122.055307,36.978924,96.55,0.331,2
-122.055,36.978924,96.98,0.345,2
-122.054694,36.978924,97.39,0.39,2
-122.054388,36.978924,97.97,0.305,2
-122.054082,36.978924,98.9,0.26,2
-122.053775,36.978924,100.04,0.384,2
-122.053469,36.978924,101.34,0.299,2
-122.053163,36.978924,102.05,0.22,2
-122.052856,36.978924,101.27,0.195,2
-122.05255,36.978924,99.82,0.234,2
-122.052244,36.978924,98.29,0.339,2
-122.051938,36.978924,96.59,0.49,2
-122.051631,36.978924,95.02,0.62,2
-122.051325,36.978924,93.94,0.6,2
-122.051019,36.978924,93.83,0.428,2
-122.050713,36.978924,95.27,0.57,2
-122.050406,36.978924,96.25,0.643,2
-122.0501,36.978924,97.29,0.566,2
-122.049794,36.978924,97.94,0.442,2
-122.049488,36.978924,98.3,0.301,2
-122.049181,36.978924,98.38,0.228,2
-122.048875,36.978924,97.91,0.221,2
-122.048569,36.978924,97.17,0.261,2
-122.048263,36.978924,97.12,0.37,2
-122.047956,36.978924,97.65,0.373,2
-122.04765,36.978924,97.42,0.243,2
-122.047344,36.978924,97.04,0.209,2
-122.047038,36.978924,96.66,0.292,2
-122.046731,36.978924,96.43,0.411,2
-122.046425,36.978924,96.41,0.54,2
-122.046119,36.978924,95.86,0.415,2
-122.045813,36.978924,95.79,0.235,2
-122.045506,36.978924,96.44,0.183,2
-122.0452,36.978924,97.35,0.229,2
-122.044894,36.978924,98.74,0.321,2
-122.044588,36.978924,99.86,0.289,2
-122.044281,36.978924,100.86,0.415,2
-122.043975,36.978924,101.43,0.265,2
-122.043669,36.978924,101.83,0.283,2
-122.043363,36.978924,101.93,0.401,2
-122.043056,36.978924,101.8,0.402,2
-122.04275,36.978924,101.48,0.402,2
-122.042444,36.978924,100.87,0.46,2
-122.042138,36.978924,99.87,0.428,2
-122.041831,36.978924,98.59,0.312,2
-122.041525,36.978924,97.37,0.418,2
-122.041219,36.978924,96.44,0.734,2
-122.040913,36.978924,95.57,0.68,2
-122.040606,36.978924,95.66,0.536,2
-122.0403,36.978924,96.52,0.531,2
-122.039994,36.978924,98.53,0.483,2
-122.039687,36.978924,100.22,0.489,2
-122.039381,36.978924,101.42,0.419,2
-122.039075,36.978924,101.83,0.316,2
-122.038769,36.978924,101.7,0.287,2
-122.038462,36.978924,101.47,0.299,2
-122.038156,36.978924,100.5,0.27,2
-122.03785,36.978924,98.28,0.287,2
-122.037544,36.978924,94.54,0.504,2
-122.037237,36.978924,90.51,0.736,2
-122.036931,36.978924,88.22,0.741,2
-122.036625,36.978924,87.48,0.674,2
-122.036319,36.978924,87.27,0.695,2
-122.036012,36.978924,88.32,0.654,2
-122.035706,36.978924,89.41,0.564,2
-122.0354,36.978924,89.65,0.521,2
-122.081951,36.978618,98,0.406,2
-122.081645,36.978618,98.51,0.414,2
-122.081338,36.978618,98.51,0.437,2
-122.081032,36.978618,98.26,0.433,2
-122.080726,36.978618,96.62,0.412,2
-122.08042,36.978618,96.27,0.398,2
-122.080113,36.978618,96.04,0.389,2
-122.079807,36.978618,94.79,0.411,2
-122.079501,36.978618,93.82,0.442,2
-122.079195,36.978618,93.29,0.45,2
-122.078888,36.978618,93.55,0.453,2
-122.078582,36.978618,94.56,0.472,2
-122.078276,36.978618,94.07,0.464,2
-122.07797,36.978618,92.55,0.446,2
-122.077663,36.978618,92.38,0.446,2
-122.077357,36.978618,92.66,0.435,2
-122.077051,36.978618,93.02,0.433,2
-122.076744,36.978618,93.44,0.421,2
-122.076438,36.978618,93.82,0.416,2
-122.076132,36.978618,95.1,0.443,2
-122.075826,36.978618,96.14,0.468,2
-122.075519,36.978618,96.2,0.439,2
-122.075213,36.978618,95.54,0.382,2
-122.074907,36.978618,93.48,0.39,2
-122.074601,36.978618,92.21,0.42,2
-122.074294,36.978618,90.58,0.436,2
-122.073988,36.978618,87.93,0.447,2
-122.073682,36.978618,83.66,0.686,2
-122.073376,36.978618,80.1,0.821,2
-122.073069,36.978618,80.27,0.851,2
-122.072763,36.978618,81.11,0.846,2
-122.072457,36.978618,82.54,0.833,2
-122.072151,36.978618,85.76,0.744,2
-122.071844,36.978618,89.7,0.537,2
-122.071538,36.978618,93.23,0.362,2
-122.071232,36.978618,95.87,0.354,2
-122.070926,36.978618,97.52,0.351,2
-122.070619,36.978618,98.86,0.348,2
-122.070313,36.978618,99.37,0.353,2
-122.070007,36.978618,99.77,0.37,2
-122.069701,36.978618,99.59,0.394,2
-122.069394,36.978618,99.14,0.468,2
-122.069088,36.978618,97.88,0.5,2
-122.068782,36.978618,96.38,0.443,2
-122.068476,36.978618,95.8,0.401,2
-122.068169,36.978618,94.78,0.422,2
-122.067863,36.978618,93.41,0.422,2
-122.067557,36.978618,91.62,0.462,2
-122.067251,36.978618,89.61,0.609,2
-122.066944,36.978618,88.55,0.614,2
-122.066638,36.978618,88.4,0.507,2
-122.066332,36.978618,88.63,0.416,2
-122.066026,36.978618,88.9,0.405,2
-122.065719,36.978618,88.97,0.524,2
-122.065413,36.978618,89.22,0.623,2
-122.065107,36.978618,90.49,0.535,2
-122.0648,36.978618,92.63,0.479,2
-122.064494,36.978618,93.73,0.561,2
-122.064188,36.978618,95.51,0.517,2
-122.063882,36.978618,96.97,0.445,2
-122.063575,36.978618,98.45,0.393,2
-122.063269,36.978618,99.43,0.343,2
-122.062963,36.978618,99.83,0.342,2
-122.062657,36.978618,99.51,0.329,2
-122.06235,36.978618,98.08,0.335,2
-122.062044,36.978618,95.24,0.391,2
-122.061738,36.978618,91.55,0.458,2
-122.061432,36.978618,88.79,0.587,2
-122.061125,36.978618,87.9,0.73,2
-122.060819,36.978618,87.34,0.748,2
-122.060513,36.978618,89.59,0.556,2
-122.060207,36.978618,92.04,0.428,2
-122.0599,36.978618,94.9,0.453,2
-122.059594,36.978618,96.8,0.441,2
-122.059288,36.978618,97.78,0.374,2
-122.058982,36.978618,97.98,0.383,2
-122.058675,36.978618,97.62,0.426,2
-122.058369,36.978618,97.25,0.376,2
-122.058063,36.978618,96.84,0.393,2
-122.057757,36.978618,96.29,0.372,2
-122.05745,36.978618,96.13,0.326,2
-122.057144,36.978618,95.97,0.344,2
-122.056838,36.978618,95.87,0.359,2
-122.056532,36.978618,95.67,0.356,2
-122.056225,36.978618,95.49,0.346,2
-122.055919,36.978618,95.84,0.344,2
-122.055613,36.978618,96.36,0.346,2
-122.055307,36.978618,96.67,0.349,2
-122.055,36.978618,97.1,0.373,2
-122.054694,36.978618,97.57,0.419,2
-122.054388,36.978618,98.22,0.363,2
-122.054082,36.978618,99.23,0.231,2
-122.053775,36.978618,100.46,0.331,2
-122.053469,36.978618,101.71,0.307,2
-122.053163,36.978618,102.2,0.291,2
-122.052856,36.978618,101.21,0.293,2
-122.05255,36.978618,99.75,0.349,2
-122.052244,36.978618,98.25,0.487,2
-122.051938,36.978618,96.44,0.606,2
-122.051631,36.978618,94.55,0.589,2
-122.051325,36.978618,93.07,0.547,2
-122.051019,36.978618,92.71,0.442,2
-122.050713,36.978618,94.15,0.486,2
-122.050406,36.978618,95.18,0.616,2
-122.0501,36.978618,96.25,0.594,2
-122.049794,36.978618,97.12,0.469,2
-122.049488,36.978618,97.88,0.313,2
-122.049181,36.978618,98.46,0.186,2
-122.048875,36.978618,98.55,0.133,2
-122.048569,36.978618,98.28,0.156,2
-122.048263,36.978618,98.4,0.221,2
-122.047956,36.978618,98.88,0.312,2
-122.04765,36.978618,98.96,0.319,2
-122.047344,36.978618,98.67,0.23,2
-122.047038,36.978618,98.25,0.315,2
-122.046731,36.978618,97.84,0.383,2
-122.046425,36.978618,97.58,0.458,2
-122.046119,36.978618,96.49,0.418,2
-122.045813,36.978618,95.96,0.283,2
-122.045506,36.978618,96.15,0.267,2
-122.0452,36.978618,96.68,0.416,2
-122.044894,36.978618,98.14,0.475,2
-122.044588,36.978618,99.18,0.36,2
-122.044281,36.978618,100.27,0.438,2
-122.043975,36.978618,100.69,0.287,2
-122.043669,36.978618,101.13,0.278,2
-122.043363,36.978618,101.21,0.404,2
-122.043056,36.978618,100.86,0.442,2
-122.04275,36.978618,100.34,0.426,2
-122.042444,36.978618,99.58,0.415,2
-122.042138,36.978618,98.51,0.384,2
-122.041831,36.978618,97.22,0.358,2
-122.041525,36.978618,95.84,0.466,2
-122.041219,36.978618,94.63,0.671,2
-122.040913,36.978618,94.02,0.611,2
-122.040606,36.978618,94.17,0.431,2
-122.0403,36.978618,95.21,0.467,2
-122.039994,36.978618,96.9,0.489,2
-122.039687,36.978618,98.56,0.572,2
-122.039381,36.978618,99.89,0.524,2
-122.039075,36.978618,100.47,0.368,2
-122.038769,36.978618,100.61,0.305,2
-122.038462,36.978618,100.68,0.367,2
-122.038156,36.978618,100.09,0.362,2
-122.03785,36.978618,98.42,0.292,2
-122.037544,36.978618,94.83,0.469,2
-122.037237,36.978618,91,0.739,2
-122.036931,36.978618,89.19,0.646,2
-122.036625,36.978618,88.51,0.54,2
-122.036319,36.978618,88.02,0.595,2
-122.036012,36.978618,89.05,0.603,2
-122.035706,36.978618,90.08,0.498,2
-122.0354,36.978618,90.2,0.412,2
-122.081951,36.978312,97.76,0.398,2
-122.081645,36.978312,98.36,0.403,2
-122.081338,36.978312,98.4,0.436,2
-122.081032,36.978312,98.17,0.431,2
-122.080726,36.978312,96.53,0.392,2
-122.08042,36.978312,96.18,0.373,2
-122.080113,36.978312,95.93,0.375,2
-122.079807,36.978312,94.68,0.399,2
-122.079501,36.978312,93.7,0.435,2
-122.079195,36.978312,93.17,0.447,2
-122.078888,36.978312,93.55,0.44,2
-122.078582,36.978312,94.68,0.447,2
-122.078276,36.978312,94.6,0.454,2
-122.07797,36.978312,94.38,0.452,2
-122.077663,36.978312,92.38,0.44,2
-122.077357,36.978312,92.39,0.425,2
-122.077051,36.978312,92.4,0.422,2
-122.076744,36.978312,92.49,0.416,2
-122.076438,36.978312,92.6,0.432,2
-122.076132,36.978312,93.89,0.45,2
-122.075826,36.978312,95.02,0.433,2
-122.075519,36.978312,95.13,0.399,2
-122.075213,36.978312,94.4,0.387,2
-122.074907,36.978312,92.19,0.389,2
-122.074601,36.978312,90.55,0.407,2
-122.074294,36.978312,88.28,0.469,2
-122.073988,36.978312,84.75,0.607,2
-122.073682,36.978312,80.78,0.794,2
-122.073376,36.978312,78.14,0.855,2
-122.073069,36.978312,79.23,0.851,2
-122.072763,36.978312,80.86,0.843,2
-122.072457,36.978312,83,0.804,2
-122.072151,36.978312,86.65,0.637,2
-122.071844,36.978312,90.61,0.403,2
-122.071538,36.978312,93.93,0.347,2
-122.071232,36.978312,96.44,0.341,2
-122.070926,36.978312,97.9,0.341,2
-122.070619,36.978312,99.1,0.349,2
-122.070313,36.978312,99.55,0.353,2
-122.070007,36.978312,99.84,0.357,2
-122.069701,36.978312,99.37,0.373,2
-122.069394,36.978312,98.46,0.398,2
-122.069088,36.978312,96.76,0.414,2
-122.068782,36.978312,94.9,0.415,2
-122.068476,36.978312,93.88,0.436,2
-122.068169,36.978312,92.62,0.487,2
-122.067863,36.978312,91.18,0.484,2
-122.067557,36.978312,89.77,0.425,2
-122.067251,36.978312,87.91,0.531,2
-122.066944,36.978312,86.31,0.675,2
-122.066638,36.978312,85.67,0.589,2
-122.066332,36.978312,85.45,0.491,2
-122.066026,36.978312,85.27,0.511,2
-122.065719,36.978312,85.22,0.617,2
-122.065413,36.978312,85.68,0.675,2
-122.065107,36.978312,87.37,0.623,2
-122.0648,36.978312,90.26,0.594,2
-122.064494,36.978312,91.94,0.65,2
-122.064188,36.978312,94.23,0.615,2
-122.063882,36.978312,96.18,0.508,2
-122.063575,36.978312,98.2,0.48,2
-122.063269,36.978312,99.79,0.417,2
-122.062963,36.978312,100.52,0.386,2
-122.062657,36.978312,100.27,0.344,2
-122.06235,36.978312,98.87,0.309,2
-122.062044,36.978312,96.15,0.357,2
-122.061738,36.978312,92.6,0.492,2
-122.061432,36.978312,89.79,0.621,2
-122.061125,36.978312,88.7,0.711,2
-122.060819,36.978312,87.46,0.785,2
-122.060513,36.978312,89.13,0.572,2
-122.060207,36.978312,91.52,0.392,2
-122.0599,36.978312,94.5,0.402,2
-122.059594,36.978312,96.58,0.382,2
-122.059288,36.978312,97.7,0.342,2
-122.058982,36.978312,98.06,0.358,2
-122.058675,36.978312,98.01,0.387,2
-122.058369,36.978312,98,0.385,2
-122.058063,36.978312,97.91,0.446,2
-122.057757,36.978312,97.58,0.498,2
-122.05745,36.978312,97.57,0.33,2
-122.057144,36.978312,97.49,0.288,2
-122.056838,36.978312,97.28,0.362,2
-122.056532,36.978312,96.83,0.392,2
-122.056225,36.978312,96.32,0.372,2
-122.055919,36.978312,96.43,0.348,2
-122.055613,36.978312,96.82,0.337,2
-122.055307,36.978312,97.09,0.341,2
-122.055,36.978312,97.52,0.367,2
-122.054694,36.978312,97.98,0.411,2
-122.054388,36.978312,98.64,0.406,2
-122.054082,36.978312,99.62,0.259,2
-122.053775,36.978312,100.71,0.29,2
-122.053469,36.978312,101.74,0.31,2
-122.053163,36.978312,101.99,0.323,2
-122.052856,36.978312,100.9,0.321,2
-122.05255,36.978312,99.59,0.337,2
-122.052244,36.978312,98.23,0.403,2
-122.051938,36.978312,96.37,0.48,2
-122.051631,36.978312,94.33,0.506,2
-122.051325,36.978312,92.7,0.513,2
-122.051019,36.978312,92.12,0.45,2
-122.050713,36.978312,93.27,0.49,2
-122.050406,36.978312,94.16,0.623,2
-122.0501,36.978312,95.23,0.583,2
-122.049794,36.978312,96.24,0.442,2
-122.049488,36.978312,97.27,0.335,2
-122.049181,36.978312,98.22,0.248,2
-122.048875,36.978312,98.72,0.191,2
-122.048569,36.978312,98.87,0.211,2
-122.048263,36.978312,99.15,0.294,2
-122.047956,36.978312,99.35,0.378,2
-122.04765,36.978312,100.1,0.392,2
-122.047344,36.978312,99.97,0.4,2
-122.047038,36.978312,99.69,0.468,2
-122.046731,36.978312,99.36,0.485,2
-122.046425,36.978312,99.15,0.41,2
-122.046119,36.978312,98.13,0.366,2
-122.045813,36.978312,97.5,0.336,2
-122.045506,36.978312,97.43,0.378,2
-122.0452,36.978312,97.7,0.466,2
-122.044894,36.978312,98.71,0.432,2
-122.044588,36.978312,99.16,0.395,2
-122.044281,36.978312,99.76,0.475,2
-122.043975,36.978312,99.93,0.377,2
-122.043669,36.978312,100.25,0.305,2
-122.043363,36.978312,100.28,0.413,2
-122.043056,36.978312,99.88,0.471,2
-122.04275,36.978312,99.29,0.427,2
-122.042444,36.978312,98.46,0.389,2
-122.042138,36.978312,97.37,0.367,2
-122.041831,36.978312,96.06,0.411,2
-122.041525,36.978312,94.46,0.619,2
-122.041219,36.978312,92.91,0.747,2
-122.040913,36.978312,92.18,0.654,2
-122.040606,36.978312,92.58,0.462,2
-122.0403,36.978312,93.89,0.391,2
-122.039994,36.978312,95.61,0.436,2
-122.039687,36.978312,97.21,0.479,2
-122.039381,36.978312,98.6,0.521,2
-122.039075,36.978312,99.25,0.443,2
-122.038769,36.978312,99.62,0.36,2
-122.038462,36.978312,100.13,0.37,2
-122.038156,36.978312,99.91,0.314,2
-122.03785,36.978312,98.48,0.27,2
-122.037544,36.978312,95.4,0.402,2
-122.037237,36.978312,92.44,0.593,2
-122.036931,36.978312,90.97,0.605,2
-122.036625,36.978312,90.42,0.516,2
-122.036319,36.978312,90.2,0.437,2
-122.036012,36.978312,91.19,0.512,2
-122.035706,36.978312,92,0.615,2
-122.0354,36.978312,92.02,0.646,2
-122.081951,36.978005,95.7,0.396,2
-122.081645,36.978005,96.36,0.412,2
-122.081338,36.978005,96.48,0.431,2
-122.081032,36.978005,96.35,0.419,2
-122.080726,36.978005,95.34,0.383,2
-122.08042,36.978005,95.03,0.357,2
-122.080113,36.978005,94.7,0.363,2
-122.079807,36.978005,93.72,0.396,2
-122.079501,36.978005,92.88,0.446,2
-122.079195,36.978005,92.37,0.466,2
-122.078888,36.978005,92.67,0.448,2
-122.078582,36.978005,93.59,0.438,2
-122.078276,36.978005,93.7,0.454,2
-122.07797,36.978005,93.67,0.439,2
-122.077663,36.978005,92.32,0.415,2
-122.077357,36.978005,91.99,0.424,2
-122.077051,36.978005,91.72,0.398,2
-122.076744,36.978005,91.51,0.401,2
-122.076438,36.978005,91.27,0.473,2
-122.076132,36.978005,92.43,0.539,2
-122.075826,36.978005,93.69,0.49,2
-122.075519,36.978005,94,0.399,2
-122.075213,36.978005,93.27,0.379,2
-122.074907,36.978005,91.05,0.374,2
-122.074601,36.978005,89.02,0.395,2
-122.074294,36.978005,85.99,0.577,2
-122.073988,36.978005,81.99,0.801,2
-122.073682,36.978005,78.52,0.864,2
-122.073376,36.978005,76.72,0.86,2
-122.073069,36.978005,78.3,0.848,2
-122.072763,36.978005,80.64,0.843,2
-122.072457,36.978005,83.59,0.757,2
-122.072151,36.978005,87.52,0.55,2
-122.071844,36.978005,91.35,0.356,2
-122.071538,36.978005,94.42,0.342,2
-122.071232,36.978005,96.85,0.341,2
-122.070926,36.978005,98.13,0.335,2
-122.070619,36.978005,99.07,0.352,2
-122.070313,36.978005,99.32,0.368,2
-122.070007,36.978005,99.62,0.371,2
-122.069701,36.978005,98.95,0.385,2
-122.069394,36.978005,97.65,0.401,2
-122.069088,36.978005,95.25,0.451,2
-122.068782,36.978005,92.67,0.536,2
-122.068476,36.978005,91.3,0.571,2
-122.068169,36.978005,90.25,0.494,2
-122.067863,36.978005,89.06,0.42,2
-122.067557,36.978005,87.78,0.396,2
-122.067251,36.978005,86.11,0.468,2
-122.066944,36.978005,84.18,0.679,2
-122.066638,36.978005,82.97,0.705,2
-122.066332,36.978005,82.27,0.669,2
-122.066026,36.978005,82.12,0.693,2
-122.065719,36.978005,82.47,0.731,2
-122.065413,36.978005,84.22,0.713,2
-122.065107,36.978005,87.24,0.667,2
-122.0648,36.978005,89.15,0.666,2
-122.064494,36.978005,91.28,0.705,2
-122.064188,36.978005,93.83,0.637,2
-122.063882,36.978005,95.84,0.543,2
-122.063575,36.978005,97.94,0.461,2
-122.063269,36.978005,99.71,0.412,2
-122.062963,36.978005,100.15,0.398,2
-122.062657,36.978005,99.7,0.438,2
-122.06235,36.978005,98.32,0.461,2
-122.062044,36.978005,95.83,0.441,2
-122.061738,36.978005,92.74,0.47,2
-122.061432,36.978005,89.9,0.596,2
-122.061125,36.978005,88.36,0.711,2
-122.060819,36.978005,87.32,0.77,2
-122.060513,36.978005,88.17,0.588,2
-122.060207,36.978005,90.52,0.343,2
-122.0599,36.978005,93.95,0.309,2
-122.059594,36.978005,96.2,0.378,2
-122.059288,36.978005,97.37,0.43,2
-122.058982,36.978005,98.4,0.434,2
-122.058675,36.978005,99.26,0.408,2
-122.058369,36.978005,99.51,0.386,2
-122.058063,36.978005,99.34,0.415,2
-122.057757,36.978005,98.01,0.466,2
-122.05745,36.978005,98.02,0.339,2
-122.057144,36.978005,98.03,0.259,2
-122.056838,36.978005,97.75,0.247,2
-122.056532,36.978005,97.18,0.292,2
-122.056225,36.978005,96.61,0.327,2
-122.055919,36.978005,96.9,0.333,2
-122.055613,36.978005,97.48,0.329,2
-122.055307,36.978005,97.8,0.339,2
-122.055,36.978005,98.17,0.356,2
-122.054694,36.978005,98.39,0.349,2
-122.054388,36.978005,99,0.279,2
-122.054082,36.978005,99.77,0.244,2
-122.053775,36.978005,100.34,0.284,2
-122.053469,36.978005,101.05,0.328,2
-122.053163,36.978005,101.2,0.362,2
-122.052856,36.978005,100.73,0.362,2
-122.05255,36.978005,99.96,0.363,2
-122.052244,36.978005,98.77,0.391,2
-122.051938,36.978005,97.01,0.453,2
-122.051631,36.978005,95.11,0.529,2
-122.051325,36.978005,93.66,0.56,2
-122.051019,36.978005,92.91,0.487,2
-122.050713,36.978005,92.99,0.495,2
-122.050406,36.978005,93.56,0.633,2
-122.0501,36.978005,94.52,0.657,2
-122.049794,36.978005,95.9,0.536,2
-122.049488,36.978005,97.1,0.388,2
-122.049181,36.978005,98.15,0.331,2
-122.048875,36.978005,99.11,0.34,2
-122.048569,36.978005,99.93,0.376,2
-122.048263,36.978005,100.56,0.404,2
-122.047956,36.978005,100.96,0.321,2
-122.04765,36.978005,101.2,0.324,2
-122.047344,36.978005,101.09,0.373,2
-122.047038,36.978005,100.85,0.442,2
-122.046731,36.978005,100.59,0.432,2
-122.046425,36.978005,100.49,0.357,2
-122.046119,36.978005,100.03,0.303,2
-122.045813,36.978005,99.82,0.309,2
-122.045506,36.978005,99.82,0.32,2
-122.0452,36.978005,99.53,0.291,2
-122.044894,36.978005,99.05,0.289,2
-122.044588,36.978005,98.79,0.405,2
-122.044281,36.978005,98.75,0.456,2
-122.043975,36.978005,98.47,0.414,2
-122.043669,36.978005,98.7,0.326,2
-122.043363,36.978005,98.76,0.393,2
-122.043056,36.978005,98.46,0.468,2
-122.04275,36.978005,97.99,0.406,2
-122.042444,36.978005,97.21,0.347,2
-122.042138,36.978005,96.15,0.364,2
-122.041831,36.978005,94.79,0.479,2
-122.041525,36.978005,93.05,0.695,2
-122.041219,36.978005,91.4,0.788,2
-122.040913,36.978005,90.76,0.714,2
-122.040606,36.978005,91.29,0.517,2
-122.0403,36.978005,92.52,0.45,2
-122.039994,36.978005,94.23,0.514,2
-122.039687,36.978005,95.66,0.532,2
-122.039381,36.978005,97,0.564,2
-122.039075,36.978005,97.96,0.479,2
-122.038769,36.978005,98.77,0.358,2
-122.038462,36.978005,99.56,0.313,2
-122.038156,36.978005,99.54,0.248,2
-122.03785,36.978005,98.19,0.244,2
-122.037544,36.978005,95.7,0.391,2
-122.037237,36.978005,93.73,0.498,2
-122.036931,36.978005,92.86,0.592,2
-122.036625,36.978005,92.54,0.575,2
-122.036319,36.978005,92.69,0.43,2
-122.036012,36.978005,93.84,0.459,2
-122.035706,36.978005,94.77,0.522,2
-122.0354,36.978005,94.93,0.522,2
-122.081951,36.977699,92.75,0.412,2
-122.081645,36.977699,93.53,0.419,2
-122.081338,36.977699,93.88,0.408,2
-122.081032,36.977699,93.86,0.388,2
-122.080726,36.977699,93.52,0.39,2
-122.08042,36.977699,93.2,0.37,2
-122.080113,36.977699,92.67,0.375,2
-122.079807,36.977699,92.02,0.4,2
-122.079501,36.977699,91.28,0.46,2
-122.079195,36.977699,90.71,0.511,2
-122.078888,36.977699,90.79,0.484,2
-122.078582,36.977699,91.32,0.431,2
-122.078276,36.977699,91.64,0.447,2
-122.07797,36.977699,91.89,0.416,2
-122.077663,36.977699,91.58,0.392,2
-122.077357,36.977699,91.03,0.413,2
-122.077051,36.977699,90.51,0.393,2
-122.076744,36.977699,90.04,0.461,2
-122.076438,36.977699,89.6,0.624,2
-122.076132,36.977699,90.64,0.67,2
-122.075826,36.977699,91.96,0.532,2
-122.075519,36.977699,92.38,0.387,2
-122.075213,36.977699,91.78,0.364,2
-122.074907,36.977699,90.08,0.368,2
-122.074601,36.977699,87.94,0.419,2
-122.074294,36.977699,84.56,0.643,2
-122.073988,36.977699,80.5,0.846,2
-122.073682,36.977699,77.27,0.859,2
-122.073376,36.977699,75.87,0.85,2
-122.073069,36.977699,77.45,0.849,2
-122.072763,36.977699,80.12,0.835,2
-122.072457,36.977699,83.51,0.68,2
-122.072151,36.977699,87.54,0.454,2
-122.071844,36.977699,91.32,0.345,2
-122.071538,36.977699,94.35,0.348,2
-122.071232,36.977699,96.7,0.345,2
-122.070926,36.977699,97.91,0.33,2
-122.070619,36.977699,98.5,0.343,2
-122.070313,36.977699,98.48,0.376,2
-122.070007,36.977699,99.44,0.399,2
-122.069701,36.977699,98.93,0.402,2
-122.069394,36.977699,97.46,0.4,2
-122.069088,36.977699,94.52,0.435,2
-122.068782,36.977699,91.2,0.56,2
-122.068476,36.977699,89.34,0.67,2
-122.068169,36.977699,88.1,0.575,2
-122.067863,36.977699,86.99,0.457,2
-122.067557,36.977699,85.73,0.435,2
-122.067251,36.977699,84.03,0.518,2
-122.066944,36.977699,81.95,0.725,2
-122.066638,36.977699,80.5,0.778,2
-122.066332,36.977699,79.86,0.766,2
-122.066026,36.977699,81.68,0.765,2
-122.065719,36.977699,83.93,0.73,2
-122.065413,36.977699,85.46,0.624,2
-122.065107,36.977699,87.32,0.531,2
-122.0648,36.977699,89.29,0.549,2
-122.064494,36.977699,91.63,0.539,2
-122.064188,36.977699,94.12,0.518,2
-122.063882,36.977699,96,0.483,2
-122.063575,36.977699,97.98,0.355,2
-122.063269,36.977699,99.77,0.33,2
-122.062963,36.977699,100.25,0.35,2
-122.062657,36.977699,99.82,0.408,2
-122.06235,36.977699,98.54,0.427,2
-122.062044,36.977699,96.48,0.369,2
-122.061738,36.977699,93.89,0.352,2
-122.061432,36.977699,90.86,0.51,2
-122.061125,36.977699,88.39,0.718,2
-122.060819,36.977699,86.99,0.777,2
-122.060513,36.977699,87.44,0.619,2
-122.060207,36.977699,89.7,0.386,2
-122.0599,36.977699,93.59,0.333,2
-122.059594,36.977699,95.96,0.448,2
-122.059288,36.977699,97.1,0.547,2
-122.058982,36.977699,98.33,0.525,2
-122.058675,36.977699,99.49,0.442,2
-122.058369,36.977699,99.86,0.394,2
-122.058063,36.977699,99.64,0.385,2
-122.057757,36.977699,97.92,0.375,2
-122.05745,36.977699,97.93,0.303,2
-122.057144,36.977699,97.89,0.246,2
-122.056838,36.977699,97.54,0.249,2
-122.056532,36.977699,96.99,0.258,2
-122.056225,36.977699,96.55,0.276,2
-122.055919,36.977699,97.14,0.304,2
-122.055613,36.977699,97.92,0.328,2
-122.055307,36.977699,98.32,0.344,2
-122.055,36.977699,98.7,0.352,2
-122.054694,36.977699,98.81,0.335,2
-122.054388,36.977699,99.33,0.265,2
-122.054082,36.977699,99.91,0.319,2
-122.053775,36.977699,100.02,0.303,2
-122.053469,36.977699,100.43,0.421,2
-122.053163,36.977699,100.58,0.389,2
-122.052856,36.977699,100.66,0.351,2
-122.05255,36.977699,100.39,0.399,2
-122.052244,36.977699,99.51,0.479,2
-122.051938,36.977699,98.16,0.539,2
-122.051631,36.977699,96.72,0.585,2
-122.051325,36.977699,95.64,0.598,2
-122.051019,36.977699,94.99,0.558,2
-122.050713,36.977699,94.52,0.516,2
-122.050406,36.977699,94.74,0.647,2
-122.0501,36.977699,95.25,0.7,2
-122.049794,36.977699,96.63,0.643,2
-122.049488,36.977699,97.68,0.503,2
-122.049181,36.977699,98.51,0.443,2
-122.048875,36.977699,99.7,0.446,2
-122.048569,36.977699,101,0.448,2
-122.048263,36.977699,101.9,0.427,2
-122.047956,36.977699,102.45,0.31,2
-122.04765,36.977699,102.11,0.279,2
-122.047344,36.977699,101.93,0.267,2
-122.047038,36.977699,101.56,0.453,2
-122.046731,36.977699,101.17,0.488,2
-122.046425,36.977699,100.95,0.393,2
-122.046119,36.977699,100.8,0.312,2
-122.045813,36.977699,100.85,0.327,2
-122.045506,36.977699,100.92,0.379,2
-122.0452,36.977699,100.15,0.407,2
-122.044894,36.977699,98.53,0.451,2
-122.044588,36.977699,97.92,0.537,2
-122.044281,36.977699,97.5,0.444,2
-122.043975,36.977699,96.79,0.423,2
-122.043669,36.977699,96.91,0.395,2
-122.043363,36.977699,96.97,0.413,2
-122.043056,36.977699,96.8,0.418,2
-122.04275,36.977699,96.4,0.361,2
-122.042444,36.977699,95.67,0.349,2
-122.042138,36.977699,94.73,0.371,2
-122.041831,36.977699,93.61,0.418,2
-122.041525,36.977699,92.14,0.567,2
-122.041219,36.977699,90.66,0.741,2
-122.040913,36.977699,90.11,0.746,2
-122.040606,36.977699,90.69,0.62,2
-122.0403,36.977699,91.6,0.561,2
-122.039994,36.977699,93.33,0.621,2
-122.039687,36.977699,94.53,0.611,2
-122.039381,36.977699,95.63,0.604,2
-122.039075,36.977699,97.17,0.544,2
-122.038769,36.977699,98.61,0.421,2
-122.038462,36.977699,99.35,0.332,2
-122.038156,36.977699,99.2,0.317,2
-122.03785,36.977699,97.67,0.325,2
-122.037544,36.977699,96.03,0.427,2
-122.037237,36.977699,94.94,0.529,2
-122.036931,36.977699,94.74,0.572,2
-122.036625,36.977699,94.76,0.539,2
-122.036319,36.977699,94.99,0.453,2
-122.036012,36.977699,95.75,0.448,2
-122.035706,36.977699,96.59,0.407,2
-122.0354,36.977699,96.95,0.349,2
-122.081951,36.977393,90.15,0.525,2
-122.081645,36.977393,91.56,0.414,2
-122.081338,36.977393,92.33,0.37,2
-122.081032,36.977393,92.32,0.375,2
-122.080726,36.977393,91.95,0.412,2
-122.08042,36.977393,91.59,0.387,2
-122.080113,36.977393,90.77,0.415,2
-122.079807,36.977393,89.88,0.445,2
-122.079501,36.977393,89.08,0.464,2
-122.079195,36.977393,88.6,0.501,2
-122.078888,36.977393,88.79,0.498,2
-122.078582,36.977393,89.47,0.45,2
-122.078276,36.977393,89.99,0.445,2
-122.07797,36.977393,90.29,0.409,2
-122.077663,36.977393,89.84,0.404,2
-122.077357,36.977393,89.27,0.402,2
-122.077051,36.977393,88.53,0.455,2
-122.076744,36.977393,87.97,0.613,2
-122.076438,36.977393,87.98,0.739,2
-122.076132,36.977393,89.67,0.654,2
-122.075826,36.977393,91.36,0.469,2
-122.075519,36.977393,91.79,0.37,2
-122.075213,36.977393,91.01,0.369,2
-122.074907,36.977393,89.29,0.377,2
-122.074601,36.977393,87.25,0.444,2
-122.074294,36.977393,83.79,0.658,2
-122.073988,36.977393,79.64,0.842,2
-122.073682,36.977393,76.42,0.854,2
-122.073376,36.977393,75.19,0.847,2
-122.073069,36.977393,77.01,0.849,2
-122.072763,36.977393,79.9,0.847,2
-122.072457,36.977393,83.37,0.719,2
-122.072151,36.977393,87.43,0.498,2
-122.071844,36.977393,91.38,0.361,2
-122.071538,36.977393,94.57,0.356,2
-122.071232,36.977393,96.78,0.346,2
-122.070926,36.977393,97.65,0.33,2
-122.070619,36.977393,98.03,0.346,2
-122.070313,36.977393,97.85,0.39,2
-122.070007,36.977393,98.89,0.412,2
-122.069701,36.977393,98.46,0.401,2
-122.069394,36.977393,97.07,0.395,2
-122.069088,36.977393,94.12,0.418,2
-122.068782,36.977393,90.68,0.526,2
-122.068476,36.977393,88.39,0.677,2
-122.068169,36.977393,86.53,0.694,2
-122.067863,36.977393,85.08,0.596,2
-122.067557,36.977393,83.6,0.583,2
-122.067251,36.977393,81.87,0.662,2
-122.066944,36.977393,79.98,0.77,2
-122.066638,36.977393,78.62,0.802,2
-122.066332,36.977393,78.44,0.778,2
-122.066026,36.977393,81.02,0.73,2
-122.065719,36.977393,83.99,0.675,2
-122.065413,36.977393,86.11,0.577,2
-122.065107,36.977393,88.31,0.475,2
-122.0648,36.977393,90.47,0.485,2
-122.064494,36.977393,92.85,0.479,2
-122.064188,36.977393,95.18,0.462,2
-122.063882,36.977393,96.84,0.449,2
-122.063575,36.977393,98.72,0.357,2
-122.063269,36.977393,100.38,0.354,2
-122.062963,36.977393,100.64,0.345,2
-122.062657,36.977393,100.08,0.333,2
-122.06235,36.977393,98.85,0.303,2
-122.062044,36.977393,96.94,0.276,2
-122.061738,36.977393,94.3,0.365,2
-122.061432,36.977393,90.88,0.614,2
-122.061125,36.977393,87.98,0.786,2
-122.060819,36.977393,86.51,0.762,2
-122.060513,36.977393,87.25,0.63,2
-122.060207,36.977393,89.67,0.415,2
-122.0599,36.977393,93.62,0.373,2
-122.059594,36.977393,95.8,0.507,2
-122.059288,36.977393,96.66,0.565,2
-122.058982,36.977393,97.67,0.516,2
-122.058675,36.977393,98.7,0.43,2
-122.058369,36.977393,99.15,0.36,2
-122.058063,36.977393,99.1,0.375,2
-122.057757,36.977393,97.53,0.426,2
-122.05745,36.977393,97.62,0.35,2
-122.057144,36.977393,97.53,0.254,2
-122.056838,36.977393,97.14,0.261,2
-122.056532,36.977393,96.68,0.437,2
-122.056225,36.977393,96.47,0.438,2
-122.055919,36.977393,97.24,0.396,2
-122.055613,36.977393,98.14,0.35,2
-122.055307,36.977393,98.69,0.309,2
-122.055,36.977393,99.18,0.317,2
-122.054694,36.977393,99.32,0.312,2
-122.054388,36.977393,99.75,0.29,2
-122.054082,36.977393,100.19,0.325,2
-122.053775,36.977393,100.11,0.219,2
-122.053469,36.977393,100.34,0.284,2
-122.053163,36.977393,100.47,0.297,2
-122.052856,36.977393,100.67,0.275,2
-122.05255,36.977393,100.61,0.268,2
-122.052244,36.977393,100.14,0.346,2
-122.051938,36.977393,99.37,0.458,2
-122.051631,36.977393,98.56,0.499,2
-122.051325,36.977393,97.94,0.481,2
-122.051019,36.977393,97.62,0.402,2
-122.050713,36.977393,97.42,0.352,2
-122.050406,36.977393,97.52,0.443,2
-122.0501,36.977393,97.61,0.531,2
-122.049794,36.977393,98.43,0.537,2
-122.049488,36.977393,98.94,0.499,2
-122.049181,36.977393,99.33,0.434,2
-122.048875,36.977393,100.19,0.44,2
-122.048569,36.977393,101.28,0.468,2
-122.048263,36.977393,102.11,0.41,2
-122.047956,36.977393,102.71,0.356,2
-122.04765,36.977393,102.46,0.277,2
-122.047344,36.977393,102.17,0.269,2
-122.047038,36.977393,101.57,0.403,2
-122.046731,36.977393,100.92,0.423,2
-122.046425,36.977393,100.22,0.397,2
-122.046119,36.977393,99.62,0.382,2
-122.045813,36.977393,99.4,0.388,2
-122.045506,36.977393,99.49,0.402,2
-122.0452,36.977393,98.96,0.477,2
-122.044894,36.977393,97.73,0.607,2
-122.044588,36.977393,97.42,0.617,2
-122.044281,36.977393,97.1,0.536,2
-122.043975,36.977393,96.3,0.491,2
-122.043669,36.977393,96.47,0.433,2
-122.043363,36.977393,96.42,0.425,2
-122.043056,36.977393,96.08,0.4,2
-122.04275,36.977393,95.36,0.407,2
-122.042444,36.977393,94.5,0.454,2
-122.042138,36.977393,93.8,0.487,2
-122.041831,36.977393,93.35,0.47,2
-122.041525,36.977393,92.94,0.452,2
-122.041219,36.977393,92.4,0.492,2
-122.040913,36.977393,92.21,0.509,2
-122.040606,36.977393,92.3,0.507,2
-122.0403,36.977393,92.92,0.449,2
-122.039994,36.977393,94.06,0.493,2
-122.039687,36.977393,94.8,0.519,2
-122.039381,36.977393,95.49,0.545,2
-122.039075,36.977393,96.69,0.538,2
-122.038769,36.977393,97.83,0.444,2
-122.038462,36.977393,98.33,0.362,2
-122.038156,36.977393,98.02,0.395,2
-122.03785,36.977393,96.62,0.402,2
-122.037544,36.977393,95.56,0.452,2
-122.037237,36.977393,95.13,0.556,2
-122.036931,36.977393,95.29,0.577,2
-122.036625,36.977393,95.56,0.476,2
-122.036319,36.977393,95.98,0.391,2
-122.036012,36.977393,96.92,0.407,2
-122.035706,36.977393,97.9,0.375,2
-122.0354,36.977393,98.34,0.323,2
-122.081645,36.977087,88.72,0.374,2
-122.081338,36.977087,89.83,0.354,2
-122.081032,36.977087,89.94,0.391,2
-122.080726,36.977087,89.49,0.401,2
-122.08042,36.977087,89.04,0.391,2
-122.080113,36.977087,87.86,0.523,2
-122.079807,36.977087,86.85,0.585,2
-122.079501,36.977087,86.25,0.564,2
-122.079195,36.977087,85.99,0.568,2
-122.078888,36.977087,86.32,0.571,2
-122.078582,36.977087,87.13,0.52,2
-122.078276,36.977087,87.78,0.481,2
-122.07797,36.977087,87.96,0.477,2
-122.077663,36.977087,87.42,0.468,2
-122.077357,36.977087,86.93,0.425,2
-122.077051,36.977087,86.15,0.537,2
-122.076744,36.977087,85.8,0.735,2
-122.076438,36.977087,86.81,0.722,2
-122.076132,36.977087,89.13,0.54,2
-122.075826,36.977087,90.96,0.399,2
-122.075519,36.977087,91.27,0.366,2
-122.075213,36.977087,90.26,0.372,2
-122.074907,36.977087,88.45,0.384,2
-122.074601,36.977087,86.37,0.445,2
-122.074294,36.977087,82.83,0.643,2
-122.073988,36.977087,78.58,0.842,2
-122.073682,36.977087,75.51,0.853,2
-122.073376,36.977087,74.45,0.852,2
-122.073069,36.977087,76.71,0.854,2
-122.072763,36.977087,79.57,0.851,2
-122.072457,36.977087,82.71,0.792,2
-122.072151,36.977087,86.58,0.618,2
-122.071844,36.977087,90.67,0.421,2
-122.071538,36.977087,94.09,0.358,2
-122.071232,36.977087,96.16,0.347,2
-122.070926,36.977087,96.76,0.328,2
-122.070619,36.977087,96.95,0.359,2
-122.070313,36.977087,96.65,0.435,2
-122.070007,36.977087,97.92,0.423,2
-122.069701,36.977087,97.72,0.399,2
-122.069394,36.977087,96.62,0.397,2
-122.069088,36.977087,93.86,0.411,2
-122.068782,36.977087,90.49,0.473,2
-122.068476,36.977087,87.9,0.603,2
-122.068169,36.977087,85.32,0.725,2
-122.067863,36.977087,83.19,0.733,2
-122.067557,36.977087,81.4,0.727,2
-122.067251,36.977087,79.74,0.757,2
-122.066944,36.977087,78.23,0.804,2
-122.066638,36.977087,77.32,0.812,2
-122.066332,36.977087,77.76,0.777,2
-122.066026,36.977087,81.06,0.678,2
-122.065719,36.977087,84.54,0.602,2
-122.065413,36.977087,86.99,0.56,2
-122.065107,36.977087,89.43,0.51,2
-122.0648,36.977087,91.76,0.493,2
-122.064494,36.977087,94.16,0.532,2
-122.064188,36.977087,96.37,0.548,2
-122.063882,36.977087,97.88,0.586,2
-122.063575,36.977087,99.59,0.451,2
-122.063269,36.977087,100.96,0.431,2
-122.062963,36.977087,100.66,0.393,2
-122.062657,36.977087,99.66,0.362,2
-122.06235,36.977087,98.28,0.321,2
-122.062044,36.977087,96.29,0.314,2
-122.061738,36.977087,93.4,0.47,2
-122.061432,36.977087,89.74,0.755,2
-122.061125,36.977087,87.01,0.836,2
-122.060819,36.977087,85.97,0.743,2
-122.060513,36.977087,87.13,0.552,2
-122.060207,36.977087,89.55,0.411,2
-122.0599,36.977087,93.48,0.366,2
-122.059594,36.977087,95.5,0.438,2
-122.059288,36.977087,96.1,0.409,2
-122.058982,36.977087,96.83,0.407,2
-122.058675,36.977087,97.67,0.463,2
-122.058369,36.977087,98.12,0.46,2
-122.058063,36.977087,98.23,0.483,2
-122.057757,36.977087,96.95,0.576,2
-122.05745,36.977087,97.25,0.497,2
-122.057144,36.977087,97.23,0.354,2
-122.056838,36.977087,96.84,0.266,2
-122.056532,36.977087,96.44,0.419,2
-122.056225,36.977087,96.39,0.501,2
-122.055919,36.977087,97.31,0.476,2
-122.055613,36.977087,98.32,0.389,2
-122.055307,36.977087,99.01,0.356,2
-122.055,36.977087,99.59,0.426,2
-122.054694,36.977087,99.79,0.441,2
-122.054388,36.977087,100.24,0.34,2
-122.054082,36.977087,100.6,0.297,2
-122.053775,36.977087,100.4,0.203,2
-122.053469,36.977087,100.56,0.285,2
-122.053163,36.977087,100.68,0.381,2
-122.052856,36.977087,100.94,0.342,2
-122.05255,36.977087,101.01,0.318,2
-122.052244,36.977087,100.84,0.379,2
-122.051938,36.977087,100.52,0.421,2
-122.051631,36.977087,100.18,0.374,2
-122.051325,36.977087,100.01,0.318,2
-122.051019,36.977087,100.09,0.268,2
-122.050713,36.977087,100.25,0.201,2
-122.050406,36.977087,100.31,0.241,2
-122.0501,36.977087,100.11,0.339,2
-122.049794,36.977087,100.56,0.453,2
-122.049488,36.977087,100.6,0.514,2
-122.049181,36.977087,100.58,0.436,2
-122.048875,36.977087,101.07,0.443,2
-122.048569,36.977087,101.82,0.515,2
-122.048263,36.977087,102.37,0.44,2
-122.047956,36.977087,102.79,0.352,2
-122.04765,36.977087,102.57,0.286,2
-122.047344,36.977087,102.37,0.198,2
-122.047038,36.977087,101.68,0.282,2
-122.046731,36.977087,100.61,0.411,2
-122.046425,36.977087,99.26,0.492,2
-122.046119,36.977087,98.05,0.571,2
-122.045813,36.977087,97.6,0.608,2
-122.045506,36.977087,97.75,0.529,2
-122.0452,36.977087,97.52,0.432,2
-122.044894,36.977087,96.89,0.442,2
-122.044588,36.977087,97.2,0.487,2
-122.044281,36.977087,97.26,0.578,2
-122.043975,36.977087,96.59,0.473,2
-122.043669,36.977087,96.78,0.387,2
-122.043363,36.977087,96.54,0.424,2
-122.043056,36.977087,96.03,0.35,2
-122.04275,36.977087,95.03,0.365,2
-122.042444,36.977087,93.96,0.503,2
-122.042138,36.977087,93.38,0.629,2
-122.041831,36.977087,93.42,0.624,2
-122.041525,36.977087,93.76,0.506,2
-122.041219,36.977087,94.11,0.374,2
-122.040913,36.977087,94.47,0.313,2
-122.040606,36.977087,94.27,0.454,2
-122.0403,36.977087,94.77,0.334,2
-122.039994,36.977087,95.45,0.333,2
-122.039687,36.977087,95.83,0.445,2
-122.039381,36.977087,96.13,0.466,2
-122.039075,36.977087,96.93,0.445,2
-122.038769,36.977087,97.64,0.409,2
-122.038462,36.977087,97.7,0.414,2
-122.038156,36.977087,97.09,0.476,2
-122.03785,36.977087,95.78,0.452,2
-122.037544,36.977087,95.18,0.473,2
-122.037237,36.977087,95.29,0.474,2
-122.036931,36.977087,95.74,0.431,2
-122.036625,36.977087,96.23,0.417,2
-122.036319,36.977087,96.79,0.398,2
-122.036012,36.977087,97.79,0.413,2
-122.035706,36.977087,98.76,0.374,2
-122.0354,36.977087,99.18,0.328,2
-122.081645,36.97678,86.08,0.395,2
-122.081338,36.97678,86.91,0.396,2
-122.081032,36.97678,86.97,0.426,2
-122.080726,36.97678,86.4,0.409,2
-122.08042,36.97678,85.43,0.481,2
-122.080113,36.97678,83.95,0.68,2
-122.079807,36.97678,82.85,0.756,2
-122.079501,36.97678,82.48,0.756,2
-122.079195,36.97678,82.7,0.736,2
-122.078888,36.97678,83.53,0.671,2
-122.078582,36.97678,84.68,0.57,2
-122.078276,36.97678,85.41,0.521,2
-122.07797,36.97678,85.46,0.549,2
-122.077663,36.97678,84.84,0.553,2
-122.077357,36.97678,84.27,0.526,2
-122.077051,36.97678,83.77,0.662,2
-122.076744,36.97678,84.13,0.78,2
-122.076438,36.97678,86.21,0.646,2
-122.076132,36.97678,88.96,0.467,2
-122.075826,36.97678,90.69,0.391,2
-122.075519,36.97678,90.71,0.378,2
-122.075213,36.97678,89.35,0.371,2
-122.074907,36.97678,87.18,0.412,2
-122.074601,36.97678,84.61,0.551,2
-122.074294,36.97678,81.02,0.758,2
-122.073988,36.97678,77.37,0.858,2
-122.073682,36.97678,74.97,0.851,2
-122.073376,36.97678,74.34,0.847,2
-122.073069,36.97678,76.92,0.851,2
-122.072763,36.97678,79.68,0.839,2
-122.072457,36.97678,82.49,0.821,2
-122.072151,36.97678,86.03,0.727,2
-122.071844,36.97678,89.92,0.53,2
-122.071538,36.97678,93.19,0.368,2
-122.071232,36.97678,95.16,0.358,2
-122.070926,36.97678,95.63,0.34,2
-122.070619,36.97678,95.54,0.389,2
-122.070313,36.97678,94.81,0.556,2
-122.070007,36.97678,96.55,0.464,2
-122.069701,36.97678,96.8,0.405,2
-122.069394,36.97678,96.12,0.397,2
-122.069088,36.97678,93.75,0.393,2
-122.068782,36.97678,90.54,0.435,2
-122.068476,36.97678,87.73,0.527,2
-122.068169,36.97678,84.73,0.611,2
-122.067863,36.97678,81.93,0.728,2
-122.067557,36.97678,79.75,0.78,2
-122.067251,36.97678,78.04,0.797,2
-122.066944,36.97678,76.98,0.816,2
-122.066638,36.97678,76.85,0.815,2
-122.066332,36.97678,77.98,0.779,2
-122.066026,36.97678,81.67,0.642,2
-122.065719,36.97678,85.26,0.508,2
-122.065413,36.97678,87.83,0.494,2
-122.065107,36.97678,90.42,0.519,2
-122.0648,36.97678,92.89,0.472,2
-122.064494,36.97678,95.33,0.502,2
-122.064188,36.97678,97.47,0.507,2
-122.063882,36.97678,98.84,0.506,2
-122.063575,36.97678,100.29,0.399,2
-122.063269,36.97678,101.24,0.391,2
-122.062963,36.97678,100.31,0.404,2
-122.062657,36.97678,98.88,0.405,2
-122.06235,36.97678,97.33,0.363,2
-122.062044,36.97678,95.23,0.338,2
-122.061738,36.97678,92.11,0.484,2
-122.061432,36.97678,88.3,0.782,2
-122.061125,36.97678,85.8,0.841,2
-122.060819,36.97678,85.25,0.741,2
-122.060513,36.97678,86.59,0.547,2
-122.060207,36.97678,89.16,0.464,2
-122.0599,36.97678,93.23,0.43,2
-122.059594,36.97678,95.27,0.439,2
-122.059288,36.97678,95.84,0.361,2
-122.058982,36.97678,96.51,0.347,2
-122.058675,36.97678,97.26,0.433,2
-122.058369,36.97678,97.67,0.49,2
-122.058063,36.97678,97.79,0.503,2
-122.057757,36.97678,96.65,0.5,2
-122.05745,36.97678,97,0.439,2
-122.057144,36.97678,96.96,0.338,2
-122.056838,36.97678,96.58,0.281,2
-122.056532,36.97678,96.25,0.435,2
-122.056225,36.97678,96.31,0.511,2
-122.055919,36.97678,97.4,0.437,2
-122.055613,36.97678,98.52,0.398,2
-122.055307,36.97678,99.22,0.427,2
-122.055,36.97678,99.77,0.419,2
-122.054694,36.97678,100,0.39,2
-122.054388,36.97678,100.52,0.38,2
-122.054082,36.97678,100.93,0.38,2
-122.053775,36.97678,100.67,0.353,2
-122.053469,36.97678,100.72,0.507,2
-122.053163,36.97678,100.82,0.455,2
-122.052856,36.97678,101.16,0.338,2
-122.05255,36.97678,101.39,0.314,2
-122.052244,36.97678,101.47,0.408,2
-122.051938,36.97678,101.48,0.438,2
-122.051631,36.97678,101.43,0.344,2
-122.051325,36.97678,101.43,0.356,2
-122.051019,36.97678,101.51,0.455,2
-122.050713,36.97678,101.56,0.3,2
-122.050406,36.97678,101.57,0.307,2
-122.0501,36.97678,101.32,0.311,2
-122.049794,36.97678,101.75,0.395,2
-122.049488,36.97678,101.66,0.441,2
-122.049181,36.97678,101.46,0.465,2
-122.048875,36.97678,101.74,0.496,2
-122.048569,36.97678,102.22,0.504,2
-122.048263,36.97678,102.49,0.458,2
-122.047956,36.97678,102.68,0.39,2
-122.04765,36.97678,102.36,0.299,2
-122.047344,36.97678,102.26,0.224,2
-122.047038,36.97678,101.73,0.322,2
-122.046731,36.97678,100.32,0.384,2
-122.046425,36.97678,98.31,0.435,2
-122.046119,36.97678,96.5,0.597,2
-122.045813,36.97678,95.85,0.699,2
-122.045506,36.97678,96.14,0.67,2
-122.0452,36.97678,96.27,0.551,2
-122.044894,36.97678,96.21,0.403,2
-122.044588,36.97678,97.05,0.354,2
-122.044281,36.97678,97.51,0.525,2
-122.043975,36.97678,97.15,0.4,2
-122.043669,36.97678,97.28,0.41,2
-122.043363,36.97678,96.95,0.473,2
-122.043056,36.97678,96.37,0.366,2
-122.04275,36.97678,95.24,0.366,2
-122.042444,36.97678,94.12,0.505,2
-122.042138,36.97678,93.7,0.578,2
-122.041831,36.97678,93.95,0.531,2
-122.041525,36.97678,94.4,0.456,2
-122.041219,36.97678,94.91,0.356,2
-122.040913,36.97678,95.41,0.322,2
-122.040606,36.97678,95.33,0.506,2
-122.0403,36.97678,95.7,0.458,2
-122.039994,36.97678,96.52,0.481,2
-122.039687,36.97678,96.83,0.575,2
-122.039381,36.97678,96.94,0.499,2
-122.039075,36.97678,97.45,0.395,2
-122.038769,36.97678,97.72,0.427,2
-122.038462,36.97678,97.26,0.54,2
-122.038156,36.97678,96.28,0.592,2
-122.03785,36.97678,95.06,0.57,2
-122.037544,36.97678,94.86,0.553,2
-122.037237,36.97678,95.36,0.532,2
-122.036931,36.97678,96.15,0.489,2
-122.036625,36.97678,96.91,0.507,2
-122.036319,36.97678,97.57,0.44,2
-122.036012,36.97678,98.53,0.396,2
-122.035706,36.97678,99.39,0.337,2
-122.0354,36.97678,99.73,0.296,2
-122.081645,36.976474,83.96,0.517,2
-122.081338,36.976474,84.72,0.422,2
-122.081032,36.976474,84.32,0.522,2
-122.080726,36.976474,83.36,0.605,2
-122.08042,36.976474,81.86,0.708,2
-122.080113,36.976474,80.37,0.785,2
-122.079807,36.976474,79.31,0.795,2
-122.079501,36.976474,79.05,0.788,2
-122.079195,36.976474,79.69,0.712,2
-122.078888,36.976474,81.07,0.567,2
-122.078582,36.976474,82.4,0.468,2
-122.078276,36.976474,82.87,0.495,2
-122.07797,36.976474,82.6,0.574,2
-122.077663,36.976474,81.91,0.668,2
-122.077357,36.976474,81.5,0.69,2
-122.077051,36.976474,81.79,0.768,2
-122.076744,36.976474,83.22,0.755,2
-122.076438,36.976474,86.19,0.548,2
-122.076132,36.976474,88.87,0.41,2
-122.075826,36.976474,90.21,0.38,2
-122.075519,36.976474,89.88,0.379,2
-122.075213,36.976474,88.09,0.39,2
-122.074907,36.976474,85.39,0.499,2
-122.074601,36.976474,82.22,0.738,2
-122.074294,36.976474,78.98,0.85,2
-122.073988,36.976474,76.27,0.855,2
-122.073682,36.976474,74.93,0.857,2
-122.073376,36.976474,74.98,0.852,2
-122.073069,36.976474,77.81,0.849,2
-122.072763,36.976474,80.68,0.846,2
-122.072457,36.976474,83.54,0.823,2
-122.072151,36.976474,86.88,0.692,2
-122.071844,36.976474,90.3,0.48,2
-122.071538,36.976474,93.06,0.357,2
-122.071232,36.976474,94.46,0.369,2
-122.070926,36.976474,94.52,0.37,2
-122.070619,36.976474,93.72,0.467,2
-122.070313,36.976474,93.02,0.642,2
-122.070007,36.976474,95.28,0.473,2
-122.069701,36.976474,96.11,0.398,2
-122.069394,36.976474,95.94,0.399,2
-122.069088,36.976474,93.78,0.397,2
-122.068782,36.976474,90.69,0.425,2
-122.068476,36.976474,87.88,0.481,2
-122.068169,36.976474,84.7,0.518,2
-122.067863,36.976474,81.65,0.621,2
-122.067557,36.976474,79.06,0.783,2
-122.067251,36.976474,77.35,0.795,2
-122.066944,36.976474,76.55,0.8,2
-122.066638,36.976474,76.92,0.801,2
-122.066332,36.976474,78.54,0.764,2
-122.066026,36.976474,82.45,0.621,2
-122.065719,36.976474,86.04,0.492,2
-122.065413,36.976474,88.7,0.481,2
-122.065107,36.976474,91.44,0.498,2
-122.0648,36.976474,94.02,0.436,2
-122.064494,36.976474,96.46,0.42,2
-122.064188,36.976474,98.48,0.442,2
-122.063882,36.976474,99.64,0.392,2
-122.063575,36.976474,100.67,0.399,2
-122.063269,36.976474,101.09,0.394,2
-122.062963,36.976474,99.64,0.414,2
-122.062657,36.976474,97.94,0.433,2
-122.06235,36.976474,96.31,0.415,2
-122.062044,36.976474,94.09,0.408,2
-122.061738,36.976474,90.87,0.518,2
-122.061432,36.976474,87.24,0.73,2
-122.061125,36.976474,84.94,0.826,2
-122.060819,36.976474,84.83,0.749,2
-122.060513,36.976474,85.91,0.658,2
-122.060207,36.976474,88.53,0.599,2
-122.0599,36.976474,93,0.508,2
-122.059594,36.976474,95.31,0.482,2
-122.059288,36.976474,96.16,0.423,2
-122.058982,36.976474,97.07,0.386,2
-122.058675,36.976474,97.88,0.415,2
-122.058369,36.976474,98.18,0.449,2
-122.058063,36.976474,98.11,0.451,2
-122.057757,36.976474,96.85,0.478,2
-122.05745,36.976474,97.08,0.43,2
-122.057144,36.976474,96.9,0.303,2
-122.056838,36.976474,96.46,0.285,2
-122.056532,36.976474,96.15,0.483,2
-122.056225,36.976474,96.27,0.476,2
-122.055919,36.976474,97.46,0.401,2
-122.055613,36.976474,98.6,0.399,2
-122.055307,36.976474,99.27,0.461,2
-122.055,36.976474,99.78,0.503,2
-122.054694,36.976474,100.04,0.459,2
-122.054388,36.976474,100.66,0.353,2
-122.054082,36.976474,101.16,0.324,2
-122.053775,36.976474,100.88,0.397,2
-122.053469,36.976474,100.77,0.464,2
-122.053163,36.976474,100.68,0.386,2
-122.052856,36.976474,100.98,0.332,2
-122.05255,36.976474,101.38,0.35,2
-122.052244,36.976474,101.75,0.435,2
-122.051938,36.976474,102.03,0.443,2
-122.051631,36.976474,102.14,0.331,2
-122.051325,36.976474,102.07,0.318,2
-122.051019,36.976474,101.92,0.445,2
-122.050713,36.976474,101.69,0.354,2
-122.050406,36.976474,101.55,0.233,2
-122.0501,36.976474,101.31,0.182,2
-122.049794,36.976474,101.85,0.338,2
-122.049488,36.976474,101.78,0.395,2
-122.049181,36.976474,101.55,0.391,2
-122.048875,36.976474,101.77,0.371,2
-122.048569,36.976474,102.12,0.32,2
-122.048263,36.976474,102.25,0.288,2
-122.047956,36.976474,102.35,0.361,2
-122.04765,36.976474,102.06,0.439,2
-122.047344,36.976474,102.08,0.362,2
-122.047038,36.976474,101.71,0.416,2
-122.046731,36.976474,100.11,0.383,2
-122.046425,36.976474,97.55,0.48,2
-122.046119,36.976474,93.11,0.484,2
-122.045813,36.976474,92.66,0.579,2
-122.045506,36.976474,94.29,0.677,2
-122.0452,36.976474,94.86,0.657,2
-122.044894,36.976474,95.26,0.534,2
-122.044588,36.976474,96.48,0.382,2
-122.044281,36.976474,97.2,0.416,2
-122.043975,36.976474,97.12,0.401,2
-122.043669,36.976474,97.47,0.405,2
-122.043363,36.976474,97.16,0.436,2
-122.043056,36.976474,96.36,0.396,2
-122.04275,36.976474,95.16,0.436,2
-122.042444,36.976474,94.33,0.455,2
-122.042138,36.976474,94.06,0.45,2
-122.041831,36.976474,94.1,0.482,2
-122.041525,36.976474,94.29,0.529,2
-122.041219,36.976474,94.7,0.517,2
-122.040913,36.976474,95.29,0.482,2
-122.040606,36.976474,95.45,0.617,2
-122.0403,36.976474,95.66,0.697,2
-122.039994,36.976474,96.97,0.586,2
-122.039687,36.976474,97.42,0.44,2
-122.039381,36.976474,97.53,0.354,2
-122.039075,36.976474,97.95,0.335,2
-122.038769,36.976474,97.95,0.427,2
-122.038462,36.976474,97.11,0.553,2
-122.038156,36.976474,95.85,0.596,2
-122.03785,36.976474,94.68,0.598,2
-122.037544,36.976474,94.69,0.586,2
-122.037237,36.976474,95.46,0.593,2
-122.036931,36.976474,96.6,0.563,2
-122.036625,36.976474,97.58,0.477,2
-122.036319,36.976474,98.27,0.377,2
-122.036012,36.976474,99.12,0.334,2
-122.035706,36.976474,99.85,0.324,2
-122.0354,36.976474,100.14,0.321,2
-122.081645,36.976168,82.4,0.609,2
-122.081338,36.976168,83.35,0.438,2
-122.081032,36.976168,83.14,0.517,2
-122.080726,36.976168,82.44,0.573,2
-122.08042,36.976168,80.55,0.713,2
-122.080113,36.976168,78.57,0.797,2
-122.079807,36.976168,77.36,0.801,2
-122.079501,36.976168,77.01,0.783,2
-122.079195,36.976168,77.64,0.681,2
-122.078888,36.976168,78.9,0.539,2
-122.078582,36.976168,79.91,0.503,2
-122.078276,36.976168,80.06,0.603,2
-122.07797,36.976168,79.86,0.687,2
-122.077663,36.976168,80.15,0.731,2
-122.077357,36.976168,80.05,0.78,2
-122.077051,36.976168,81.24,0.785,2
-122.076744,36.976168,83.59,0.72,2
-122.076438,36.976168,86.95,0.495,2
-122.076132,36.976168,89.32,0.388,2
-122.075826,36.976168,89.83,0.381,2
-122.075519,36.976168,88.78,0.394,2
-122.075213,36.976168,86.52,0.468,2
-122.074907,36.976168,83.32,0.644,2
-122.074601,36.976168,79.98,0.819,2
-122.074294,36.976168,77.12,0.853,2
-122.073988,36.976168,75.37,0.85,2
-122.073682,36.976168,75.42,0.852,2
-122.073376,36.976168,76.37,0.842,2
-122.073069,36.976168,79.89,0.844,2
-122.072763,36.976168,83.14,0.814,2
-122.072457,36.976168,86.04,0.716,2
-122.072151,36.976168,88.96,0.544,2
-122.071844,36.976168,91.68,0.392,2
-122.071538,36.976168,93.7,0.355,2
-122.071232,36.976168,94.29,0.369,2
-122.070926,36.976168,93.37,0.4,2
-122.070619,36.976168,91.77,0.638,2
-122.070313,36.976168,91.58,0.631,2
-122.070007,36.976168,94.26,0.457,2
-122.069701,36.976168,95.56,0.396,2
-122.069394,36.976168,95.68,0.398,2
-122.069088,36.976168,93.59,0.402,2
-122.068782,36.976168,90.75,0.407,2
-122.068476,36.976168,88.17,0.439,2
-122.068169,36.976168,84.93,0.5,2
-122.067863,36.976168,81.86,0.578,2
-122.067557,36.976168,79.17,0.754,2
-122.067251,36.976168,77.32,0.798,2
-122.066944,36.976168,76.53,0.794,2
-122.066638,36.976168,77.16,0.785,2
-122.066332,36.976168,79.03,0.761,2
-122.066026,36.976168,83.13,0.679,2
-122.065719,36.976168,86.8,0.571,2
-122.065413,36.976168,89.61,0.491,2
-122.065107,36.976168,92.49,0.434,2
-122.0648,36.976168,95.1,0.364,2
-122.064494,36.976168,97.43,0.34,2
-122.064188,36.976168,99.29,0.454,2
-122.063882,36.976168,100.1,0.403,2
-122.063575,36.976168,100.63,0.433,2
-122.063269,36.976168,100.54,0.406,2
-122.062963,36.976168,98.75,0.425,2
-122.062657,36.976168,96.98,0.463,2
-122.06235,36.976168,95.23,0.528,2
-122.062044,36.976168,93.04,0.571,2
-122.061738,36.976168,90.37,0.569,2
-122.061432,36.976168,87.45,0.611,2
-122.061125,36.976168,85.15,0.755,2
-122.060819,36.976168,84.68,0.771,2
-122.060513,36.976168,85.46,0.751,2
-122.060207,36.976168,88.11,0.62,2
-122.0599,36.976168,92.7,0.434,2
-122.059594,36.976168,95.27,0.385,2
-122.059288,36.976168,96.63,0.375,2
-122.058982,36.976168,98.06,0.337,2
-122.058675,36.976168,99.1,0.337,2
-122.058369,36.976168,99.34,0.404,2
-122.058063,36.976168,99.01,0.458,2
-122.057757,36.976168,97.49,0.486,2
-122.05745,36.976168,97.49,0.487,2
-122.057144,36.976168,97.12,0.297,2
-122.056838,36.976168,96.49,0.287,2
-122.056532,36.976168,96.18,0.49,2
-122.056225,36.976168,96.31,0.459,2
-122.055919,36.976168,97.49,0.384,2
-122.055613,36.976168,98.59,0.358,2
-122.055307,36.976168,99.24,0.387,2
-122.055,36.976168,99.73,0.447,2
-122.054694,36.976168,100.04,0.449,2
-122.054388,36.976168,100.74,0.343,2
-122.054082,36.976168,101.31,0.297,2
-122.053775,36.976168,100.94,0.347,2
-122.053469,36.976168,100.52,0.338,2
-122.053163,36.976168,100.12,0.396,2
-122.052856,36.976168,100.29,0.363,2
-122.05255,36.976168,100.79,0.376,2
-122.052244,36.976168,101.41,0.395,2
-122.051938,36.976168,101.66,0.363,2
-122.051631,36.976168,101.5,0.323,2
-122.051325,36.976168,101.42,0.349,2
-122.051019,36.976168,101.2,0.449,2
-122.050713,36.976168,101.17,0.419,2
-122.050406,36.976168,100.95,0.286,2
-122.0501,36.976168,100.77,0.156,2
-122.049794,36.976168,101.19,0.183,2
-122.049488,36.976168,101.14,0.219,2
-122.049181,36.976168,100.92,0.202,2
-122.048875,36.976168,100.97,0.169,2
-122.048569,36.976168,101.1,0.143,2
-122.048263,36.976168,101.14,0.165,2
-122.047956,36.976168,101.25,0.312,2
-122.04765,36.976168,101.11,0.482,2
-122.047344,36.976168,101.39,0.327,2
-122.047038,36.976168,101.06,0.295,2
-122.046731,36.976168,99.48,0.312,2
-122.046425,36.976168,96.82,0.357,2
-122.046119,36.976168,93.54,0.401,2
-122.045813,36.976168,91.51,0.427,2
-122.045506,36.976168,92.33,0.542,2
-122.0452,36.976168,93.92,0.619,2
-122.044894,36.976168,94.53,0.533,2
-122.044588,36.976168,95.65,0.424,2
-122.044281,36.976168,96.56,0.324,2
-122.043975,36.976168,96.84,0.314,2
-122.043669,36.976168,97.02,0.453,2
-122.043363,36.976168,96.6,0.418,2
-122.043056,36.976168,95.66,0.421,2
-122.04275,36.976168,94.55,0.498,2
-122.042444,36.976168,94.03,0.543,2
-122.042138,36.976168,94.06,0.583,2
-122.041831,36.976168,94.27,0.616,2
-122.041525,36.976168,94.52,0.613,2
-122.041219,36.976168,94.9,0.595,2
-122.040913,36.976168,95.5,0.531,2
-122.040606,36.976168,96.05,0.46,2
-122.0403,36.976168,96.32,0.548,2
-122.039994,36.976168,97.48,0.522,2
-122.039687,36.976168,98.01,0.402,2
-122.039381,36.976168,98.27,0.318,2
-122.039075,36.976168,98.71,0.343,2
-122.038769,36.976168,98.59,0.453,2
-122.038462,36.976168,97.57,0.511,2
-122.038156,36.976168,96.18,0.423,2
-122.03785,36.976168,95.09,0.327,2
-122.037544,36.976168,95.17,0.426,2
-122.037237,36.976168,96.02,0.4,2
-122.036931,36.976168,97.19,0.404,2
-122.036625,36.976168,98.13,0.368,2
-122.036319,36.976168,98.72,0.328,2
-122.036012,36.976168,99.47,0.299,2
-122.035706,36.976168,100.06,0.325,2
-122.0354,36.976168,100.27,0.351,2
-122.081645,36.975862,81.66,0.578,2
-122.081338,36.975862,82.85,0.396,2
-122.081032,36.975862,83.07,0.423,2
-122.080726,36.975862,82.21,0.513,2
-122.08042,36.975862,80.1,0.669,2
-122.080113,36.975862,77.78,0.783,2
-122.079807,36.975862,76.58,0.802,2
-122.079501,36.975862,76.15,0.795,2
-122.079195,36.975862,76.33,0.753,2
-122.078888,36.975862,76.92,0.674,2
-122.078582,36.975862,77.48,0.653,2
-122.078276,36.975862,77.7,0.729,2
-122.07797,36.975862,78.4,0.773,2
-122.077663,36.975862,81.63,0.797,2
-122.077357,36.975862,82.09,0.792,2
-122.077051,36.975862,84.01,0.796,2
-122.076744,36.975862,86.9,0.689,2
-122.076438,36.975862,89.83,0.491,2
-122.076132,36.975862,91.6,0.399,2
-122.075826,36.975862,90.08,0.389,2
-122.075519,36.975862,87.31,0.418,2
-122.075213,36.975862,84.71,0.568,2
-122.074907,36.975862,81.47,0.8,2
-122.074601,36.975862,78.46,0.852,2
-122.074294,36.975862,76.07,0.846,2
-122.073988,36.975862,75.16,0.843,2
-122.073682,36.975862,76.28,0.854,2
-122.073376,36.975862,78.14,0.81,2
-122.073069,36.975862,82.49,0.681,2
-122.072763,36.975862,86.13,0.555,2
-122.072457,36.975862,88.84,0.462,2
-122.072151,36.975862,91.21,0.405,2
-122.071844,36.975862,93.29,0.376,2
-122.071538,36.975862,94.59,0.365,2
-122.071232,36.975862,94.1,0.391,2
-122.070926,36.975862,91.44,0.502,2
-122.070619,36.975862,89.6,0.745,2
-122.070313,36.975862,90.07,0.545,2
-122.070007,36.975862,91.43,0.423,2
-122.069701,36.975862,92.6,0.406,2
-122.069394,36.975862,92.8,0.408,2
-122.069088,36.975862,91.85,0.413,2
-122.068782,36.975862,90.07,0.441,2
-122.068476,36.975862,87.67,0.5,2
-122.068169,36.975862,84.69,0.58,2
-122.067863,36.975862,81.78,0.677,2
-122.067557,36.975862,79.35,0.774,2
-122.067251,36.975862,77.42,0.804,2
-122.066944,36.975862,76.53,0.817,2
-122.066638,36.975862,77.39,0.796,2
-122.066332,36.975862,79.4,0.775,2
-122.066026,36.975862,82.34,0.699,2
-122.065719,36.975862,85.49,0.607,2
-122.065413,36.975862,88.7,0.51,2
-122.065107,36.975862,92.66,0.433,2
-122.0648,36.975862,96.74,0.41,2
-122.064494,36.975862,98.78,0.406,2
-122.064188,36.975862,100.34,0.419,2
-122.063882,36.975862,99.86,0.408,2
-122.063575,36.975862,99.92,0.366,2
-122.063269,36.975862,99.54,0.443,2
-122.062963,36.975862,98.38,0.465,2
-122.062657,36.975862,97.05,0.484,2
-122.06235,36.975862,95.51,0.518,2
-122.062044,36.975862,93.66,0.547,2
-122.061738,36.975862,91.54,0.523,2
-122.061432,36.975862,89.24,0.486,2
-122.061125,36.975862,86.96,0.605,2
-122.060819,36.975862,84.76,0.762,2
-122.060513,36.975862,85.29,0.769,2
-122.060207,36.975862,87.54,0.566,2
-122.0599,36.975862,91.12,0.364,2
-122.059594,36.975862,93.71,0.316,2
-122.059288,36.975862,95.63,0.317,2
-122.058982,36.975862,97.54,0.288,2
-122.058675,36.975862,98.87,0.313,2
-122.058369,36.975862,99.25,0.393,2
-122.058063,36.975862,98.83,0.417,2
-122.057757,36.975862,97.34,0.423,2
-122.05745,36.975862,97.03,0.444,2
-122.057144,36.975862,96.65,0.297,2
-122.056838,36.975862,96.01,0.279,2
-122.056532,36.975862,95.57,0.43,2
-122.056225,36.975862,95.65,0.481,2
-122.055919,36.975862,96.63,0.41,2
-122.055613,36.975862,97.56,0.368,2
-122.055307,36.975862,98.09,0.425,2
-122.055,36.975862,98.61,0.454,2
-122.054694,36.975862,99.31,0.361,2
-122.054388,36.975862,100.01,0.312,2
-122.054082,36.975862,100.49,0.31,2
-122.053775,36.975862,100.5,0.324,2
-122.053469,36.975862,99.77,0.33,2
-122.053163,36.975862,99.15,0.43,2
-122.052856,36.975862,98.74,0.437,2
-122.05255,36.975862,99.08,0.395,2
-122.052244,36.975862,99.83,0.346,2
-122.051938,36.975862,100.15,0.29,2
-122.051631,36.975862,100.01,0.277,2
-122.051325,36.975862,99.99,0.369,2
-122.051019,36.975862,99.9,0.47,2
-122.050713,36.975862,100.52,0.437,2
-122.050406,36.975862,100.36,0.364,2
-122.0501,36.975862,100.25,0.235,2
-122.049794,36.975862,100.37,0.143,2
-122.049488,36.975862,100.26,0.093,2
-122.049181,36.975862,100.03,0.077,2
-122.048875,36.975862,99.83,0.076,2
-122.048569,36.975862,99.64,0.071,2
-122.048263,36.975862,99.55,0.107,2
-122.047956,36.975862,99.61,0.281,2
-122.04765,36.975862,99.55,0.506,2
-122.047344,36.975862,100.02,0.345,2
-122.047038,36.975862,99.83,0.255,2
-122.046731,36.975862,98.6,0.381,2
-122.046425,36.975862,96.41,0.38,2
-122.046119,36.975862,94.34,0.419,2
-122.045813,36.975862,92.48,0.373,2
-122.045506,36.975862,92.69,0.458,2
-122.0452,36.975862,94.17,0.592,2
-122.044894,36.975862,94.79,0.546,2
-122.044588,36.975862,95.02,0.412,2
-122.044281,36.975862,96.03,0.316,2
-122.043975,36.975862,96.47,0.403,2
-122.043669,36.975862,96.4,0.526,2
-122.043363,36.975862,95.76,0.411,2
-122.043056,36.975862,95.33,0.481,2
-122.04275,36.975862,94.7,0.579,2
-122.042444,36.975862,94.66,0.636,2
-122.042138,36.975862,95.28,0.634,2
-122.041831,36.975862,96.06,0.575,2
-122.041525,36.975862,96.68,0.479,2
-122.041219,36.975862,97.08,0.416,2
-122.040913,36.975862,97.42,0.423,2
-122.040606,36.975862,97.73,0.407,2
-122.0403,36.975862,98.11,0.453,2
-122.039994,36.975862,98.71,0.516,2
-122.039687,36.975862,99.23,0.396,2
-122.039381,36.975862,99.61,0.321,2
-122.039075,36.975862,99.84,0.357,2
-122.038769,36.975862,99.54,0.441,2
-122.038462,36.975862,98.57,0.494,2
-122.038156,36.975862,97.43,0.44,2
-122.03785,36.975862,96.81,0.329,2
-122.037544,36.975862,96.85,0.403,2
-122.037237,36.975862,97.37,0.346,2
-122.036931,36.975862,98.12,0.397,2
-122.036625,36.975862,98.82,0.45,2
-122.036319,36.975862,99.36,0.416,2
-122.036012,36.975862,100,0.29,2
-122.035706,36.975862,100.51,0.328,2
-122.0354,36.975862,100.71,0.397,2
-122.081645,36.975555,81.41,0.479,2
-122.081338,36.975555,82.48,0.366,2
-122.081032,36.975555,82.74,0.368,2
-122.080726,36.975555,81.74,0.431,2
-122.08042,36.975555,79.54,0.642,2
-122.080113,36.975555,77.21,0.782,2
-122.079807,36.975555,75.99,0.806,2
-122.079501,36.975555,75.42,0.789,2
-122.079195,36.975555,75.33,0.749,2
-122.078888,36.975555,75.5,0.731,2
-122.078582,36.975555,75.85,0.749,2
-122.078276,36.975555,76.32,0.778,2
-122.07797,36.975555,77.51,0.803,2
-122.077663,36.975555,81.14,0.807,2
-122.077357,36.975555,82.11,0.803,2
-122.077051,36.975555,84.66,0.78,2
-122.076744,36.975555,87.76,0.578,2
-122.076438,36.975555,90.09,0.411,2
-122.076132,36.975555,91.17,0.377,2
-122.075826,36.975555,89.13,0.383,2
-122.075519,36.975555,86.04,0.424,2
-122.075213,36.975555,83.21,0.593,2
-122.074907,36.975555,80.04,0.814,2
-122.074601,36.975555,77.47,0.852,2
-122.074294,36.975555,75.64,0.844,2
-122.073988,36.975555,75.24,0.845,2
-122.073682,36.975555,76.68,0.855,2
-122.073376,36.975555,79.81,0.695,2
-122.073069,36.975555,84.65,0.483,2
-122.072763,36.975555,88.36,0.386,2
-122.072457,36.975555,90.83,0.368,2
-122.072151,36.975555,92.75,0.374,2
-122.071844,36.975555,94.33,0.375,2
-122.071538,36.975555,95.04,0.368,2
-122.071232,36.975555,93.77,0.425,2
-122.070926,36.975555,90.32,0.629,2
-122.070619,36.975555,88.46,0.794,2
-122.070313,36.975555,89.11,0.532,2
-122.070007,36.975555,90.32,0.401,2
-122.069701,36.975555,91.46,0.393,2
-122.069394,36.975555,91.74,0.412,2
-122.069088,36.975555,90.99,0.434,2
-122.068782,36.975555,89.34,0.503,2
-122.068476,36.975555,87.03,0.606,2
-122.068169,36.975555,84.4,0.687,2
-122.067863,36.975555,81.81,0.746,2
-122.067557,36.975555,79.53,0.783,2
-122.067251,36.975555,77.47,0.792,2
-122.066944,36.975555,76.56,0.816,2
-122.066638,36.975555,77.66,0.802,2
-122.066332,36.975555,79.84,0.767,2
-122.066026,36.975555,82.79,0.629,2
-122.065719,36.975555,86.14,0.495,2
-122.065413,36.975555,89.59,0.414,2
-122.065107,36.975555,93.68,0.379,2
-122.0648,36.975555,97.76,0.37,2
-122.064494,36.975555,99.4,0.347,2
-122.064188,36.975555,100.46,0.352,2
-122.063882,36.975555,99.35,0.396,2
-122.063575,36.975555,99.2,0.368,2
-122.063269,36.975555,98.86,0.448,2
-122.062963,36.975555,98.1,0.48,2
-122.062657,36.975555,97.05,0.477,2
-122.06235,36.975555,95.67,0.47,2
-122.062044,36.975555,94,0.502,2
-122.061738,36.975555,92.16,0.517,2
-122.061432,36.975555,90.22,0.447,2
-122.061125,36.975555,88.09,0.448,2
-122.060819,36.975555,85.21,0.673,2
-122.060513,36.975555,84.48,0.806,2
-122.060207,36.975555,85.73,0.695,2
-122.0599,36.975555,88.55,0.559,2
-122.059594,36.975555,91.56,0.445,2
-122.059288,36.975555,94.09,0.41,2
-122.058982,36.975555,96.49,0.404,2
-122.058675,36.975555,98.16,0.405,2
-122.058369,36.975555,98.7,0.382,2
-122.058063,36.975555,98.29,0.324,2
-122.057757,36.975555,96.85,0.337,2
-122.05745,36.975555,96.22,0.388,2
-122.057144,36.975555,95.7,0.296,2
-122.056838,36.975555,95.16,0.269,2
-122.056532,36.975555,94.74,0.384,2
-122.056225,36.975555,94.96,0.472,2
-122.055919,36.975555,95.95,0.413,2
-122.055613,36.975555,96.92,0.371,2
-122.055307,36.975555,97.55,0.39,2
-122.055,36.975555,98.13,0.363,2
-122.054694,36.975555,98.77,0.281,2
-122.054388,36.975555,99.19,0.282,2
-122.054082,36.975555,99.33,0.331,2
-122.053775,36.975555,99.58,0.274,2
-122.053469,36.975555,98.76,0.292,2
-122.053163,36.975555,98.16,0.373,2
-122.052856,36.975555,97.35,0.4,2
-122.05255,36.975555,97.52,0.416,2
-122.052244,36.975555,98.24,0.365,2
-122.051938,36.975555,98.86,0.273,2
-122.051631,36.975555,99.2,0.253,2
-122.051325,36.975555,99.24,0.332,2
-122.051019,36.975555,99.29,0.385,2
-122.050713,36.975555,100.02,0.351,2
-122.050406,36.975555,100.02,0.326,2
-122.0501,36.975555,100.05,0.295,2
-122.049794,36.975555,100.32,0.166,2
-122.049488,36.975555,100.39,0.084,2
-122.049181,36.975555,100.3,0.067,2
-122.048875,36.975555,100.18,0.094,2
-122.048569,36.975555,100.03,0.125,2
-122.048263,36.975555,99.88,0.159,2
-122.047956,36.975555,99.82,0.294,2
-122.04765,36.975555,99.74,0.553,2
-122.047344,36.975555,100.28,0.432,2
-122.047038,36.975555,100.27,0.267,2
-122.046731,36.975555,99.49,0.356,2
-122.046425,36.975555,98.1,0.389,2
-122.046119,36.975555,96.61,0.438,2
-122.045813,36.975555,95.93,0.557,2
-122.045506,36.975555,95.67,0.622,2
-122.0452,36.975555,95.67,0.572,2
-122.044894,36.975555,95.64,0.48,2
-122.044588,36.975555,95.45,0.409,2
-122.044281,36.975555,96.19,0.35,2
-122.043975,36.975555,96.46,0.41,2
-122.043669,36.975555,96.17,0.488,2
-122.043363,36.975555,95.15,0.452,2
-122.043056,36.975555,94.72,0.556,2
-122.04275,36.975555,94.27,0.653,2
-122.042444,36.975555,94.55,0.67,2
-122.042138,36.975555,95.6,0.583,2
-122.041831,36.975555,96.85,0.503,2
-122.041525,36.975555,97.76,0.47,2
-122.041219,36.975555,98.21,0.422,2
-122.040913,36.975555,98.42,0.482,2
-122.040606,36.975555,98.63,0.547,2
-122.0403,36.975555,98.92,0.563,2
-122.039994,36.975555,99.53,0.586,2
-122.039687,36.975555,100.07,0.507,2
-122.039381,36.975555,100.41,0.389,2
-122.039075,36.975555,100.59,0.348,2
-122.038769,36.975555,100.3,0.374,2
-122.038462,36.975555,99.49,0.455,2
-122.038156,36.975555,98.29,0.555,2
-122.03785,36.975555,97.68,0.507,2
-122.037544,36.975555,97.49,0.431,2
-122.037237,36.975555,97.61,0.397,2
-122.036931,36.975555,98.02,0.458,2
-122.036625,36.975555,98.58,0.512,2
-122.081645,36.975249,81.02,0.474,2
-122.081338,36.975249,81.75,0.436,2
-122.081032,36.975249,81.77,0.468,2
-122.080726,36.975249,80.8,0.469,2
-122.08042,36.975249,78.77,0.661,2
-122.080113,36.975249,76.65,0.785,2
-122.079807,36.975249,75.45,0.801,2
-122.079501,36.975249,74.77,0.777,2
-122.079195,36.975249,74.45,0.762,2
-122.078888,36.975249,74.44,0.774,2
-122.078582,36.975249,74.82,0.785,2
-122.078276,36.975249,75.59,0.785,2
-122.07797,36.975249,77.32,0.804,2
-122.077663,36.975249,81.4,0.812,2
-122.077357,36.975249,82.97,0.805,2
-122.077051,36.975249,85.85,0.645,2
-122.076744,36.975249,88.7,0.444,2
-122.076438,36.975249,90.11,0.374,2
-122.076132,36.975249,90.41,0.38,2
-122.075826,36.975249,87.77,0.39,2
-122.075519,36.975249,84.32,0.455,2
-122.075213,36.975249,81.39,0.636,2
-122.074907,36.975249,78.51,0.825,2
-122.074601,36.975249,76.47,0.851,2
-122.074294,36.975249,75.12,0.851,2
-122.073988,36.975249,75.29,0.847,2
-122.073682,36.975249,77.4,0.85,2
-122.073376,36.975249,81.41,0.668,2
-122.073069,36.975249,86.6,0.435,2
-122.072763,36.975249,90.32,0.361,2
-122.072457,36.975249,92.71,0.357,2
-122.072151,36.975249,94.37,0.363,2
-122.071844,36.975249,95.35,0.367,2
-122.071538,36.975249,95.29,0.364,2
-122.071232,36.975249,93.68,0.402,2
-122.070926,36.975249,90.44,0.567,2
-122.070619,36.975249,88.5,0.781,2
-122.070313,36.975249,88.44,0.659,2
-122.070007,36.975249,89.31,0.474,2
-122.069701,36.975249,90.2,0.407,2
-122.069394,36.975249,90.52,0.397,2
-122.069088,36.975249,89.93,0.4,2
-122.068782,36.975249,88.56,0.451,2
-122.068476,36.975249,86.64,0.549,2
-122.068169,36.975249,84.36,0.653,2
-122.067863,36.975249,81.95,0.747,2
-122.067557,36.975249,79.63,0.778,2
-122.067251,36.975249,77.53,0.783,2
-122.066944,36.975249,76.75,0.785,2
-122.066638,36.975249,78,0.783,2
-122.066332,36.975249,80.22,0.746,2
-122.066026,36.975249,83.25,0.596,2
-122.065719,36.975249,86.81,0.441,2
-122.065413,36.975249,90.39,0.366,2
-122.065107,36.975249,94.37,0.358,2
-122.0648,36.975249,98.13,0.359,2
-122.064494,36.975249,99.46,0.364,2
-122.064188,36.975249,100.08,0.428,2
-122.063882,36.975249,98.7,0.384,2
-122.063575,36.975249,98.62,0.311,2
-122.063269,36.975249,98.55,0.371,2
-122.062963,36.975249,98.07,0.451,2
-122.062657,36.975249,97.23,0.469,2
-122.06235,36.975249,95.98,0.471,2
-122.062044,36.975249,94.23,0.538,2
-122.061738,36.975249,92.2,0.566,2
-122.061432,36.975249,90.16,0.474,2
-122.061125,36.975249,87.98,0.462,2
-122.060819,36.975249,85.29,0.595,2
-122.060513,36.975249,83.87,0.805,2
-122.060207,36.975249,83.67,0.831,2
-122.0599,36.975249,86.09,0.662,2
-122.059594,36.975249,89.74,0.447,2
-122.059288,36.975249,92.95,0.388,2
-122.058982,36.975249,95.75,0.373,2
-122.058675,36.975249,97.48,0.366,2
-122.058369,36.975249,97.94,0.376,2
-122.058063,36.975249,97.34,0.389,2
-122.057757,36.975249,95.42,0.433,2
-122.05745,36.975249,94.49,0.41,2
-122.057144,36.975249,93.63,0.284,2
-122.056838,36.975249,93.09,0.291,2
-122.056532,36.975249,93.01,0.388,2
-122.056225,36.975249,93.54,0.49,2
-122.055919,36.975249,95.05,0.382,2
-122.055613,36.975249,96.36,0.313,2
-122.055307,36.975249,97.13,0.334,2
-122.055,36.975249,97.65,0.347,2
-122.054694,36.975249,98.03,0.335,2
-122.054388,36.975249,98.35,0.303,2
-122.054082,36.975249,98.28,0.334,2
-122.053775,36.975249,98.39,0.294,2
-122.053469,36.975249,97.72,0.278,2
-122.053163,36.975249,97.31,0.368,2
-122.052856,36.975249,96.59,0.376,2
-122.05255,36.975249,96.73,0.456,2
-122.052244,36.975249,97.33,0.5,2
-122.051938,36.975249,97.86,0.402,2
-122.051631,36.975249,98.18,0.312,2
-122.051325,36.975249,98.3,0.359,2
-122.051019,36.975249,98.52,0.385,2
-122.050713,36.975249,99.39,0.426,2
-122.050406,36.975249,99.53,0.397,2
-122.0501,36.975249,99.71,0.288,2
-122.049794,36.975249,100.21,0.227,2
-122.049488,36.975249,100.63,0.18,2
-122.049181,36.975249,100.98,0.212,2
-122.048875,36.975249,101.23,0.263,2
-122.048569,36.975249,101.29,0.316,2
-122.048263,36.975249,101.22,0.353,2
-122.047956,36.975249,101.04,0.374,2
-122.04765,36.975249,100.7,0.463,2
-122.047344,36.975249,101.03,0.443,2
-122.047038,36.975249,100.99,0.249,2
-122.046731,36.975249,100.57,0.28,2
-122.046425,36.975249,99.84,0.412,2
-122.046119,36.975249,98.87,0.398,2
-122.045813,36.975249,98.28,0.459,2
-122.045506,36.975249,97.72,0.567,2
-122.0452,36.975249,97.24,0.592,2
-122.044894,36.975249,96.7,0.515,2
-122.044588,36.975249,96.14,0.418,2
-122.044281,36.975249,96.6,0.362,2
-122.043975,36.975249,96.72,0.376,2
-122.043669,36.975249,96.33,0.415,2
-122.043363,36.975249,95.3,0.427,2
-122.043056,36.975249,95.08,0.543,2
-122.04275,36.975249,94.84,0.654,2
-122.042444,36.975249,95.31,0.684,2
-122.042138,36.975249,96.53,0.589,2
-122.041831,36.975249,97.88,0.45,2
-122.041525,36.975249,98.77,0.39,2
-122.041219,36.975249,99.14,0.444,2
-122.040913,36.975249,99.3,0.551,2
-122.040606,36.975249,99.44,0.537,2
-122.0403,36.975249,99.47,0.566,2
-122.039994,36.975249,100.08,0.526,2
-122.039687,36.975249,100.61,0.399,2
-122.039381,36.975249,100.9,0.351,2
-122.039075,36.975249,101.06,0.341,2
-122.038769,36.975249,100.7,0.368,2
-122.038462,36.975249,100.32,0.396,2
-122.081338,36.974943,80.59,0.621,2
-122.081032,36.974943,80.52,0.652,2
-122.080726,36.974943,79.58,0.65,2
-122.08042,36.974943,77.92,0.736,2
-122.080113,36.974943,76.2,0.787,2
-122.079807,36.974943,75.07,0.782,2
-122.079501,36.974943,74.35,0.742,2
-122.079195,36.974943,73.99,0.736,2
-122.078888,36.974943,74.04,0.768,2
-122.078582,36.974943,74.52,0.801,2
-122.078276,36.974943,75.44,0.81,2
-122.07797,36.974943,77.02,0.811,2
-122.077663,36.974943,79.59,0.806,2
-122.077357,36.974943,81.8,0.718,2
-122.077051,36.974943,84.89,0.478,2
-122.076744,36.974943,87.23,0.368,2
-122.076438,36.974943,87.93,0.362,2
-122.076132,36.974943,87.58,0.415,2
-122.075826,36.974943,85.18,0.501,2
-122.075519,36.974943,81.99,0.622,2
-122.075213,36.974943,79.11,0.758,2
-122.074907,36.974943,76.79,0.842,2
-122.074601,36.974943,75.4,0.845,2
-122.074294,36.974943,74.59,0.853,2
-122.073988,36.974943,75.07,0.849,2
-122.073682,36.974943,77.93,0.798,2
-122.073376,36.974943,82.6,0.547,2
-122.073069,36.974943,87.76,0.386,2
-122.072763,36.974943,91.21,0.35,2
-122.072457,36.974943,93.48,0.357,2
-122.072151,36.974943,95.11,0.365,2
-122.071844,36.974943,95.95,0.366,2
-122.071538,36.974943,95.7,0.359,2
-122.071232,36.974943,94.19,0.365,2
-122.070926,36.974943,91.47,0.437,2
-122.070619,36.974943,89.43,0.648,2
-122.070313,36.974943,88.04,0.756,2
-122.070007,36.974943,87.68,0.643,2
-122.069701,36.974943,87.82,0.523,2
-122.069394,36.974943,88.05,0.445,2
-122.069088,36.974943,87.87,0.416,2
-122.068782,36.974943,87.18,0.427,2
-122.068476,36.974943,85.99,0.458,2
-122.068169,36.974943,84.27,0.516,2
-122.067863,36.974943,82.05,0.627,2
-122.067557,36.974943,79.73,0.737,2
-122.067251,36.974943,77.77,0.77,2
-122.066944,36.974943,77.15,0.768,2
-122.066638,36.974943,78.26,0.778,2
-122.066332,36.974943,80.34,0.749,2
-122.066026,36.974943,83.44,0.575,2
-122.065719,36.974943,87.07,0.426,2
-122.065413,36.974943,90.62,0.363,2
-122.065107,36.974943,94.33,0.371,2
-122.0648,36.974943,97.64,0.415,2
-122.064494,36.974943,98.91,0.448,2
-122.064188,36.974943,99.35,0.504,2
-122.063882,36.974943,97.75,0.471,2
-122.063575,36.974943,97.86,0.374,2
-122.063269,36.974943,98.03,0.392,2
-122.062963,36.974943,97.78,0.433,2
-122.062657,36.974943,97.07,0.414,2
-122.06235,36.974943,95.87,0.41,2
-122.062044,36.974943,93.68,0.49,2
-122.061738,36.974943,91.02,0.544,2
-122.061432,36.974943,88.72,0.509,2
-122.061125,36.974943,86.38,0.537,2
-122.060819,36.974943,84.3,0.585,2
-122.060513,36.974943,82.45,0.804,2
-122.060207,36.974943,82.17,0.828,2
-122.0599,36.974943,84.3,0.695,2
-122.059594,36.974943,87.98,0.501,2
-122.059288,36.974943,91.28,0.465,2
-122.058982,36.974943,94.99,0.445,2
-122.058675,36.974943,97.35,0.445,2
-122.058369,36.974943,97.7,0.482,2
-122.058063,36.974943,96.64,0.49,2
-122.057757,36.974943,93.81,0.459,2
-122.05745,36.974943,92.36,0.398,2
-122.057144,36.974943,90.75,0.289,2
-122.056838,36.974943,89.79,0.348,2
-122.056532,36.974943,89.75,0.529,2
-122.056225,36.974943,90.75,0.534,2
-122.055919,36.974943,92.6,0.406,2
-122.055613,36.974943,94.15,0.348,2
-122.055307,36.974943,95.18,0.374,2
-122.055,36.974943,96.6,0.428,2
-122.054694,36.974943,98.29,0.475,2
-122.054388,36.974943,98.66,0.44,2
-122.054082,36.974943,98.63,0.371,2
-122.053775,36.974943,97.66,0.306,2
-122.053469,36.974943,97.21,0.344,2
-122.053163,36.974943,96.99,0.419,2
-122.052856,36.974943,96.56,0.47,2
-122.05255,36.974943,96.66,0.535,2
-122.052244,36.974943,97.01,0.571,2
-122.051938,36.974943,97.32,0.518,2
-122.051631,36.974943,97.54,0.46,2
-122.051325,36.974943,97.67,0.497,2
-122.051019,36.974943,97.83,0.537,2
-122.050713,36.974943,98.15,0.568,2
-122.050406,36.974943,98.4,0.528,2
-122.0501,36.974943,98.75,0.317,2
-122.049794,36.974943,98.95,0.331,2
-122.049488,36.974943,99.67,0.352,2
-122.049181,36.974943,100.6,0.359,2
-122.048875,36.974943,102.34,0.323,2
-122.048569,36.974943,103.55,0.291,2
-122.048263,36.974943,103.65,0.283,2
-122.047956,36.974943,103.43,0.271,2
-122.04765,36.974943,102.81,0.297,2
-122.047344,36.974943,102.87,0.375,2
-122.047038,36.974943,102.85,0.303,2
-122.046731,36.974943,102.6,0.295,2
-122.046425,36.974943,102.18,0.39,2
-122.046119,36.974943,101.46,0.335,2
-122.045813,36.974943,100.37,0.318,2
-122.045506,36.974943,99.39,0.381,2
-122.0452,36.974943,98.75,0.507,2
-122.044894,36.974943,98.22,0.596,2
-122.044588,36.974943,97.8,0.551,2
-122.044281,36.974943,97.9,0.47,2
-122.043975,36.974943,97.83,0.435,2
-122.043669,36.974943,97.5,0.392,2
-122.043363,36.974943,96.72,0.422,2
-122.043056,36.974943,96.06,0.543,2
-122.04275,36.974943,95.84,0.652,2
-122.081338,36.974636,79.68,0.615,2
-122.081032,36.974636,79.44,0.6,2
-122.080726,36.974636,78.5,0.633,2
-122.08042,36.974636,77.25,0.638,2
-122.080113,36.974636,75.8,0.761,2
-122.079807,36.974636,74.78,0.774,2
-122.079501,36.974636,74.13,0.707,2
-122.079195,36.974636,73.9,0.701,2
-122.078888,36.974636,74.13,0.765,2
-122.078582,36.974636,74.79,0.817,2
-122.078276,36.974636,75.9,0.825,2
-122.07797,36.974636,77.42,0.811,2
-122.077663,36.974636,79.21,0.741,2
-122.077357,36.974636,81.66,0.544,2
-122.077051,36.974636,84.16,0.392,2
-122.076744,36.974636,85.78,0.367,2
-122.076438,36.974636,85.81,0.398,2
-122.076132,36.974636,84.57,0.523,2
-122.075826,36.974636,82.18,0.668,2
-122.075519,36.974636,79.4,0.787,2
-122.075213,36.974636,76.88,0.838,2
-122.074907,36.974636,74.99,0.835,2
-122.074601,36.974636,74.04,0.842,2
-122.074294,36.974636,74.18,0.853,2
-122.073988,36.974636,75.44,0.842,2
-122.073682,36.974636,78.4,0.739,2
-122.073376,36.974636,82.84,0.458,2
-122.073069,36.974636,87.63,0.344,2
-122.072763,36.974636,90.91,0.331,2
-122.072457,36.974636,93.2,0.351,2
-122.072151,36.974636,94.96,0.364,2
-122.071844,36.974636,96.03,0.362,2
-122.071538,36.974636,96.14,0.354,2
-122.071232,36.974636,95.04,0.353,2
-122.070926,36.974636,92.55,0.369,2
-122.070619,36.974636,90.41,0.482,2
-122.070313,36.974636,87.76,0.687,2
-122.070007,36.974636,85.81,0.73,2
-122.069701,36.974636,84.84,0.71,2
-122.069394,36.974636,84.6,0.657,2
-122.069088,36.974636,84.94,0.563,2
-122.068782,36.974636,85.24,0.463,2
-122.068476,36.974636,84.92,0.41,2
-122.068169,36.974636,83.73,0.448,2
-122.067863,36.974636,81.69,0.584,2
-122.067557,36.974636,79.41,0.751,2
-122.067251,36.974636,77.75,0.778,2
-122.066944,36.974636,77.09,0.792,2
-122.066638,36.974636,77.91,0.797,2
-122.066332,36.974636,79.91,0.757,2
-122.066026,36.974636,83.27,0.558,2
-122.065719,36.974636,87.07,0.409,2
-122.065413,36.974636,90.6,0.36,2
-122.065107,36.974636,93.94,0.396,2
-122.0648,36.974636,96.69,0.477,2
-122.064494,36.974636,97.9,0.504,2
-122.064188,36.974636,98.2,0.506,2
-122.063882,36.974636,96.29,0.506,2
-122.063575,36.974636,96.58,0.408,2
-122.063269,36.974636,96.79,0.413,2
-122.062963,36.974636,96.66,0.438,2
-122.062657,36.974636,96.01,0.407,2
-122.06235,36.974636,94.78,0.401,2
-122.062044,36.974636,92.95,0.426,2
-122.061738,36.974636,90.51,0.496,2
-122.061432,36.974636,87.83,0.571,2
-122.061125,36.974636,85.4,0.578,2
-122.060819,36.974636,83.01,0.69,2
-122.060513,36.974636,81.21,0.812,2
-122.060207,36.974636,81.26,0.79,2
-122.0599,36.974636,83.09,0.719,2
-122.059594,36.974636,86.54,0.568,2
-122.059288,36.974636,89.8,0.522,2
-122.058982,36.974636,93.75,0.464,2
-122.058675,36.974636,96.37,0.385,2
-122.058369,36.974636,96.9,0.346,2
-122.058063,36.974636,95.81,0.366,2
-122.057757,36.974636,92.69,0.449,2
-122.05745,36.974636,90.43,0.52,2
-122.057144,36.974636,88.17,0.484,2
-122.056838,36.974636,86.76,0.513,2
-122.056532,36.974636,86.59,0.588,2
-122.056225,36.974636,87.34,0.619,2
-122.055919,36.974636,88.87,0.561,2
-122.055613,36.974636,90.74,0.449,2
-122.055307,36.974636,92.27,0.425,2
-122.055,36.974636,94.21,0.531,2
-122.054694,36.974636,96.53,0.634,2
-122.054388,36.974636,97.24,0.586,2
-122.054082,36.974636,97.5,0.44,2
-122.053775,36.974636,96.66,0.376,2
-122.053469,36.974636,96.51,0.41,2
-122.053163,36.974636,96.5,0.415,2
-122.052856,36.974636,96.13,0.433,2
-122.05255,36.974636,96.15,0.373,2
-122.052244,36.974636,96.29,0.297,2
-122.051938,36.974636,96.38,0.322,2
-122.051631,36.974636,96.42,0.434,2
-122.051325,36.974636,96.44,0.522,2
-122.051019,36.974636,96.48,0.55,2
-122.050713,36.974636,96.54,0.537,2
-122.050406,36.974636,96.69,0.444,2
-122.0501,36.974636,97.05,0.372,2
-122.049794,36.974636,97.39,0.3,2
-122.049488,36.974636,98.53,0.262,2
-122.049181,36.974636,99.95,0.25,2
-122.048875,36.974636,102.32,0.247,2
-122.048569,36.974636,104,0.256,2
-122.048263,36.974636,104.35,0.286,2
-122.047956,36.974636,104.28,0.309,2
-122.04765,36.974636,103.74,0.307,2
-122.047344,36.974636,103.82,0.376,2
-122.047038,36.974636,103.88,0.425,2
-122.046731,36.974636,103.82,0.326,2
-122.046425,36.974636,103.59,0.335,2
-122.046119,36.974636,103.08,0.358,2
-122.045813,36.974636,101.93,0.302,2
-122.045506,36.974636,100.91,0.266,2
-122.0452,36.974636,100.27,0.304,2
-122.044894,36.974636,99.75,0.436,2
-122.044588,36.974636,99.32,0.605,2
-122.044281,36.974636,99.12,0.654,2
-122.081338,36.97433,78.3,0.568,2
-122.081032,36.97433,77.77,0.557,2
-122.080726,36.97433,76.9,0.588,2
-122.08042,36.97433,75.88,0.695,2
-122.080113,36.97433,75,0.79,2
-122.079807,36.97433,74.42,0.796,2
-122.079501,36.97433,74.12,0.755,2
-122.079195,36.97433,74.12,0.757,2
-122.078888,36.97433,74.6,0.79,2
-122.078582,36.97433,75.54,0.815,2
-122.078276,36.97433,76.88,0.816,2
-122.07797,36.97433,78.66,0.759,2
-122.077663,36.97433,80.59,0.594,2
-122.077357,36.97433,82.38,0.428,2
-122.077051,36.97433,83.73,0.389,2
-122.076744,36.97433,84.59,0.406,2
-122.076438,36.97433,83.83,0.516,2
-122.076132,36.97433,81.89,0.637,2
-122.075826,36.97433,79.34,0.752,2
-122.075519,36.97433,76.95,0.824,2
-122.075213,36.97433,75.07,0.836,2
-122.074907,36.97433,73.78,0.823,2
-122.074601,36.97433,73.42,0.832,2
-122.074294,36.97433,74.34,0.843,2
-122.073988,36.97433,76.15,0.846,2
-122.073682,36.97433,78.84,0.784,2
-122.073376,36.97433,82.47,0.562,2
-122.073069,36.97433,86.99,0.401,2
-122.072763,36.97433,90.09,0.358,2
-122.072457,36.97433,92.43,0.367,2
-122.072151,36.97433,94.4,0.376,2
-122.071844,36.97433,95.75,0.379,2
-122.071538,36.97433,96.23,0.38,2
-122.071232,36.97433,95.52,0.371,2
-122.070926,36.97433,93.26,0.348,2
-122.070619,36.97433,90.94,0.378,2
-122.070313,36.97433,87.63,0.481,2
-122.070007,36.97433,84.52,0.576,2
-122.069701,36.97433,82.76,0.7,2
-122.069394,36.97433,82.11,0.768,2
-122.069088,36.97433,82.54,0.681,2
-122.068782,36.97433,83.36,0.499,2
-122.068476,36.97433,83.57,0.391,2
-122.068169,36.97433,82.63,0.443,2
-122.067863,36.97433,80.71,0.602,2
-122.067557,36.97433,78.5,0.784,2
-122.067251,36.97433,77.06,0.793,2
-122.066944,36.97433,76.54,0.807,2
-122.066638,36.97433,77.32,0.809,2
-122.066332,36.97433,79.31,0.766,2
-122.066026,36.97433,82.77,0.577,2
-122.065719,36.97433,86.77,0.416,2
-122.065413,36.97433,90.44,0.355,2
-122.065107,36.97433,93.87,0.38,2
-122.0648,36.97433,96.61,0.469,2
-122.064494,36.97433,97.68,0.547,2
-122.064188,36.97433,97.84,0.5,2
-122.063882,36.97433,96.01,0.468,2
-122.063575,36.97433,96.04,0.451,2
-122.063269,36.97433,95.94,0.494,2
-122.062963,36.97433,95.69,0.514,2
-122.062657,36.97433,95.07,0.468,2
-122.06235,36.97433,93.82,0.457,2
-122.062044,36.97433,91.95,0.471,2
-122.061738,36.97433,89.54,0.541,2
-122.061432,36.97433,87.01,0.637,2
-122.061125,36.97433,84.8,0.645,2
-122.060819,36.97433,82.51,0.717,2
-122.060513,36.97433,80.66,0.801,2
-122.060207,36.97433,80.7,0.805,2
-122.0599,36.97433,82.24,0.791,2
-122.059594,36.97433,85.18,0.696,2
-122.059288,36.97433,88.37,0.573,2
-122.058982,36.97433,92.47,0.461,2
-122.058675,36.97433,95.39,0.357,2
-122.058369,36.97433,96.34,0.313,2
-122.058063,36.97433,95.39,0.381,2
-122.057757,36.97433,92.17,0.502,2
-122.05745,36.97433,89.62,0.594,2
-122.057144,36.97433,86.91,0.653,2
-122.056838,36.97433,85,0.716,2
-122.056532,36.97433,84.56,0.605,2
-122.056225,36.97433,84.94,0.596,2
-122.055919,36.97433,86.13,0.614,2
-122.055613,36.97433,88.15,0.501,2
-122.055307,36.97433,90.09,0.472,2
-122.055,36.97433,92.49,0.584,2
-122.054694,36.97433,95.19,0.637,2
-122.054388,36.97433,96.04,0.565,2
-122.054082,36.97433,96.49,0.456,2
-122.053775,36.97433,95.94,0.369,2
-122.053469,36.97433,95.98,0.489,2
-122.053163,36.97433,96.15,0.398,2
-122.052856,36.97433,95.86,0.446,2
-122.05255,36.97433,95.9,0.424,2
-122.052244,36.97433,96.1,0.334,2
-122.051938,36.97433,96.23,0.288,2
-122.051631,36.97433,96.25,0.34,2
-122.051325,36.97433,96.16,0.423,2
-122.051019,36.97433,95.99,0.435,2
-122.050713,36.97433,95.74,0.396,2
-122.050406,36.97433,95.56,0.348,2
-122.0501,36.97433,95.62,0.448,2
-122.049794,36.97433,95.56,0.407,2
-122.049488,36.97433,96.65,0.364,2
-122.049181,36.97433,98.28,0.32,2
-122.048875,36.97433,101,0.288,2
-122.048569,36.97433,102.99,0.312,2
-122.048263,36.97433,103.66,0.417,2
-122.047956,36.97433,103.94,0.492,2
-122.04765,36.97433,103.58,0.358,2
-122.047344,36.97433,103.79,0.308,2
-122.047038,36.97433,103.96,0.43,2
-122.046731,36.97433,104.05,0.327,2
-122.046425,36.97433,104.01,0.34,2
-122.081338,36.974024,76.39,0.733,2
-122.081032,36.974024,75.94,0.69,2
-122.080726,36.974024,76.01,0.621,2
-122.08042,36.974024,75.34,0.663,2
-122.080113,36.974024,74.83,0.774,2
-122.079807,36.974024,74.55,0.79,2
-122.079501,36.974024,74.63,0.794,2
-122.079195,36.974024,75,0.796,2
-122.078888,36.974024,75.57,0.805,2
-122.078582,36.974024,76.58,0.814,2
-122.078276,36.974024,78.14,0.778,2
-122.07797,36.974024,79.94,0.67,2
-122.077663,36.974024,81.36,0.535,2
-122.077357,36.974024,82.15,0.415,2
-122.077051,36.974024,82.54,0.368,2
-122.076744,36.974024,82.31,0.497,2
-122.076438,36.974024,80.8,0.718,2
-122.076132,36.974024,78.6,0.809,2
-122.075826,36.974024,76.37,0.845,2
-122.075519,36.974024,74.68,0.856,2
-122.075213,36.974024,73.6,0.848,2
-122.074907,36.974024,73.17,0.837,2
-122.074601,36.974024,73.63,0.83,2
-122.074294,36.974024,75.14,0.832,2
-122.073988,36.974024,77.33,0.854,2
-122.073682,36.974024,80.14,0.849,2
-122.073376,36.974024,83.04,0.78,2
-122.073069,36.974024,87.39,0.652,2
-122.072763,36.974024,90.16,0.508,2
-122.072457,36.974024,91.64,0.43,2
-122.072151,36.974024,93.14,0.411,2
-122.071844,36.974024,94.61,0.41,2
-122.071538,36.974024,95.33,0.393,2
-122.071232,36.974024,95.37,0.354,2
-122.070926,36.974024,94.87,0.332,2
-122.070619,36.974024,92.31,0.373,2
-122.070313,36.974024,88.51,0.518,2
-122.070007,36.974024,83.55,0.568,2
-122.069701,36.974024,81.38,0.68,2
-122.069394,36.974024,80.62,0.775,2
-122.069088,36.974024,81.97,0.741,2
-122.068782,36.974024,83.22,0.608,2
-122.068476,36.974024,83.33,0.534,2
-122.068169,36.974024,82.09,0.587,2
-122.067863,36.974024,79.53,0.686,2
-122.067557,36.974024,77.83,0.779,2
-122.067251,36.974024,76.51,0.801,2
-122.066944,36.974024,76.06,0.808,2
-122.066638,36.974024,76.83,0.803,2
-122.066332,36.974024,78.77,0.768,2
-122.066026,36.974024,82,0.639,2
-122.065719,36.974024,86.09,0.47,2
-122.065413,36.974024,90.08,0.366,2
-122.065107,36.974024,94.26,0.359,2
-122.0648,36.974024,97.82,0.413,2
-122.064494,36.974024,98.95,0.464,2
-122.064188,36.974024,99.01,0.432,2
-122.063882,36.974024,97.51,0.427,2
-122.063575,36.974024,97.03,0.448,2
-122.063269,36.974024,96.62,0.474,2
-122.062963,36.974024,94.93,0.463,2
-122.062657,36.974024,93.87,0.423,2
-122.06235,36.974024,92.64,0.395,2
-122.062044,36.974024,90.78,0.442,2
-122.061738,36.974024,88.49,0.579,2
-122.061432,36.974024,86.39,0.683,2
-122.061125,36.974024,84.83,0.634,2
-122.060819,36.974024,83.31,0.607,2
-122.060513,36.974024,81.63,0.726,2
-122.060207,36.974024,81.06,0.802,2
-122.0599,36.974024,82.21,0.829,2
-122.059594,36.974024,84.39,0.764,2
-122.059288,36.974024,86.91,0.705,2
-122.058982,36.974024,91.37,0.613,2
-122.058675,36.974024,94.9,0.441,2
-122.058369,36.974024,96.21,0.328,2
-122.058063,36.974024,95.34,0.367,2
-122.057757,36.974024,92.1,0.431,2
-122.05745,36.974024,89.75,0.462,2
-122.057144,36.974024,86.83,0.582,2
-122.056838,36.974024,84.53,0.698,2
-122.056532,36.974024,83.4,0.643,2
-122.056225,36.974024,83.09,0.641,2
-122.055919,36.974024,84.71,0.698,2
-122.055613,36.974024,87.09,0.616,2
-122.055307,36.974024,89.51,0.589,2
-122.055,36.974024,92.09,0.662,2
-122.054694,36.974024,94.4,0.667,2
-122.054388,36.974024,95.45,0.589,2
-122.054082,36.974024,95.95,0.508,2
-122.053775,36.974024,95.79,0.484,2
-122.053469,36.974024,96.01,0.573,2
-122.053163,36.974024,96.22,0.37,2
-122.052856,36.974024,96.11,0.396,2
-122.05255,36.974024,96.26,0.507,2
-122.052244,36.974024,96.62,0.437,2
-122.051938,36.974024,97.02,0.345,2
-122.051631,36.974024,97.27,0.34,2
-122.051325,36.974024,97.26,0.337,2
-122.051019,36.974024,97.1,0.336,2
-122.050713,36.974024,96.89,0.359,2
-122.050406,36.974024,96.19,0.244,2
-122.0501,36.974024,95.35,0.402,2
-122.049794,36.974024,94.71,0.514,2
-122.049488,36.974024,95.49,0.469,2
-122.049181,36.974024,97.01,0.388,2
-122.048875,36.974024,99.83,0.295,2
-122.048569,36.974024,101.91,0.28,2
-122.048263,36.974024,102.38,0.315,2
-122.081338,36.973718,74.92,0.808,2
-122.081032,36.973718,74.95,0.816,2
-122.080726,36.973718,77.2,0.821,2
-122.08042,36.973718,77.06,0.79,2
-122.080113,36.973718,77.08,0.786,2
-122.079807,36.973718,76.7,0.784,2
-122.079501,36.973718,77.13,0.788,2
-122.079195,36.973718,77.78,0.799,2
-122.078888,36.973718,77.67,0.787,2
-122.078582,36.973718,78.06,0.726,2
-122.078276,36.973718,79.44,0.627,2
-122.07797,36.973718,80.55,0.522,2
-122.077663,36.973718,81.14,0.437,2
-122.077357,36.973718,80.93,0.414,2
-122.077051,36.973718,80.22,0.498,2
-122.076744,36.973718,79.14,0.684,2
-122.076438,36.973718,77.59,0.829,2
-122.076132,36.973718,75.81,0.855,2
-122.075826,36.973718,74.29,0.851,2
-122.075519,36.973718,73.27,0.848,2
-122.075213,36.973718,72.88,0.846,2
-122.074907,36.973718,73.22,0.847,2
-122.074601,36.973718,74.43,0.85,2
-122.074294,36.973718,76.63,0.843,2
-122.073988,36.973718,79.65,0.806,2
-122.073682,36.973718,84.58,0.758,2
-122.073376,36.973718,87.33,0.756,2
-122.073069,36.973718,89.67,0.685,2
-122.072763,36.973718,90.84,0.529,2
-122.072457,36.973718,92.27,0.413,2
-122.072151,36.973718,93.86,0.366,2
-122.071844,36.973718,95.09,0.349,2
-122.071538,36.973718,95.66,0.335,2
-122.071232,36.973718,95.74,0.327,2
-122.070926,36.973718,95.51,0.349,2
-122.070619,36.973718,92.78,0.457,2
-122.070313,36.973718,88.79,0.691,2
-122.070007,36.973718,82.95,0.753,2
-122.069701,36.973718,80.29,0.775,2
-122.069394,36.973718,79.22,0.793,2
-122.069088,36.973718,80.58,0.779,2
-122.068782,36.973718,81.71,0.734,2
-122.068476,36.973718,81.82,0.725,2
-122.068169,36.973718,80.77,0.76,2
-122.067863,36.973718,78.47,0.783,2
-122.067557,36.973718,77.49,0.811,2
-122.067251,36.973718,76.45,0.818,2
-122.066944,36.973718,75.95,0.812,2
-122.066638,36.973718,76.7,0.789,2
-122.066332,36.973718,78.56,0.761,2
-122.066026,36.973718,81.39,0.719,2
-122.065719,36.973718,85.35,0.58,2
-122.065413,36.973718,89.62,0.409,2
-122.065107,36.973718,94.44,0.332,2
-122.0648,36.973718,98.57,0.399,2
-122.064494,36.973718,99.93,0.478,2
-122.064188,36.973718,100.04,0.394,2
-122.063882,36.973718,98.46,0.438,2
-122.063575,36.973718,97.11,0.406,2
-122.063269,36.973718,96.04,0.431,2
-122.062963,36.973718,93.34,0.377,2
-122.062657,36.973718,91.94,0.397,2
-122.06235,36.973718,90.82,0.417,2
-122.062044,36.973718,89.38,0.447,2
-122.061738,36.973718,87.6,0.597,2
-122.061432,36.973718,85.98,0.747,2
-122.061125,36.973718,85.13,0.657,2
-122.060819,36.973718,84.55,0.508,2
-122.060513,36.973718,83.5,0.543,2
-122.060207,36.973718,82.54,0.692,2
-122.0599,36.973718,82.71,0.785,2
-122.059594,36.973718,83.54,0.816,2
-122.059288,36.973718,85.17,0.81,2
-122.058982,36.973718,89.94,0.746,2
-122.058675,36.973718,93.87,0.549,2
-122.058369,36.973718,95.36,0.392,2
-122.058063,36.973718,94.59,0.422,2
-122.057757,36.973718,91.45,0.477,2
-122.05745,36.973718,89.45,0.448,2
-122.057144,36.973718,86.68,0.543,2
-122.056838,36.973718,84.23,0.692,2
-122.056532,36.973718,82.66,0.715,2
-122.056225,36.973718,81.78,0.714,2
-122.055919,36.973718,84.1,0.742,2
-122.055613,36.973718,87.11,0.696,2
-122.055307,36.973718,90.25,0.629,2
-122.055,36.973718,92.79,0.606,2
-122.054694,36.973718,94.33,0.585,2
-122.054388,36.973718,95.74,0.519,2
-122.054082,36.973718,96.58,0.467,2
-122.053775,36.973718,96.82,0.445,2
-122.053469,36.973718,96.97,0.36,2
-122.053163,36.973718,97.03,0.428,2
-122.052856,36.973718,97.07,0.346,2
-122.05255,36.973718,97.27,0.472,2
-122.052244,36.973718,97.67,0.467,2
-122.051938,36.973718,97.96,0.399,2
-122.051631,36.973718,98.24,0.352,2
-122.051325,36.973718,98.37,0.296,2
-122.051019,36.973718,98.4,0.254,2
-122.050713,36.973718,98.78,0.314,2
-122.050406,36.973718,97.88,0.297,2
-122.081338,36.973411,73.96,0.82,2
-122.081032,36.973411,74.44,0.815,2
-122.080726,36.973411,77.09,0.815,2
-122.08042,36.973411,77.5,0.801,2
-122.080113,36.973411,78,0.806,2
-122.079807,36.973411,77.86,0.799,2
-122.079501,36.973411,78.48,0.778,2
-122.079195,36.973411,79.25,0.755,2
-122.078888,36.973411,79.21,0.671,2
-122.078582,36.973411,79.5,0.568,2
-122.078276,36.973411,80.24,0.524,2
-122.07797,36.973411,80.17,0.547,2
-122.077663,36.973411,79.51,0.602,2
-122.077357,36.973411,78.45,0.689,2
-122.077051,36.973411,77.3,0.758,2
-122.076744,36.973411,76.14,0.823,2
-122.076438,36.973411,75.09,0.845,2
-122.076132,36.973411,73.91,0.843,2
-122.075826,36.973411,73.11,0.835,2
-122.075519,36.973411,72.81,0.837,2
-122.075213,36.973411,73.14,0.843,2
-122.074907,36.973411,74.24,0.846,2
-122.074601,36.973411,76.23,0.84,2
-122.074294,36.973411,79.2,0.767,2
-122.073988,36.973411,83.07,0.544,2
-122.073682,36.973411,87.68,0.461,2
-122.073376,36.973411,90.2,0.423,2
-122.073069,36.973411,92.22,0.399,2
-122.072763,36.973411,92.99,0.375,2
-122.072457,36.973411,94.09,0.345,2
-122.072151,36.973411,95.3,0.321,2
-122.071844,36.973411,96.13,0.319,2
-122.071538,36.973411,96.36,0.328,2
-122.071232,36.973411,96.17,0.337,2
-122.070926,36.973411,95.63,0.4,2
-122.070619,36.973411,92.81,0.586,2
-122.070313,36.973411,88.86,0.668,2
-122.070007,36.973411,83.25,0.655,2
-122.069701,36.973411,80.34,0.727,2
-122.069394,36.973411,78.7,0.786,2
-122.069088,36.973411,79.51,0.811,2
-122.068782,36.973411,80.38,0.8,2
-122.068476,36.973411,80.69,0.803,2
-122.068169,36.973411,80.07,0.825,2
-122.067863,36.973411,78.39,0.822,2
-122.067557,36.973411,78.1,0.816,2
-122.067251,36.973411,77.57,0.821,2
-122.066944,36.973411,76.98,0.825,2
-122.066638,36.973411,77.04,0.812,2
-122.066332,36.973411,78.17,0.813,2
-122.066026,36.973411,80.55,0.792,2
-122.065719,36.973411,84.05,0.702,2
-122.065413,36.973411,88.2,0.506,2
-122.065107,36.973411,93.25,0.362,2
-122.0648,36.973411,97.71,0.38,2
-122.064494,36.973411,99.57,0.42,2
-122.064188,36.973411,100.05,0.365,2
-122.063882,36.973411,98.21,0.456,2
-122.063575,36.973411,95.83,0.442,2
-122.063269,36.973411,93.66,0.556,2
-122.062963,36.973411,90.46,0.523,2
-122.062657,36.973411,89.26,0.563,2
-122.06235,36.973411,88.76,0.535,2
-122.062044,36.973411,88.08,0.494,2
-122.061738,36.973411,87,0.563,2
-122.061432,36.973411,85.81,0.68,2
-122.061125,36.973411,85.12,0.637,2
-122.060819,36.973411,85,0.432,2
-122.060513,36.973411,84.14,0.482,2
-122.060207,36.973411,83.3,0.565,2
-122.0599,36.973411,83.09,0.618,2
-122.059594,36.973411,82.85,0.75,2
-122.059288,36.973411,83.58,0.819,2
-122.058982,36.973411,88.05,0.825,2
-122.058675,36.973411,91.98,0.668,2
-122.058369,36.973411,93.71,0.481,2
-122.058063,36.973411,93.15,0.456,2
-122.057757,36.973411,90.21,0.519,2
-122.05745,36.973411,88.59,0.475,2
-122.057144,36.973411,86.38,0.482,2
-122.056838,36.973411,84.02,0.62,2
-122.056532,36.973411,82.14,0.733,2
-122.056225,36.973411,81.18,0.742,2
-122.055919,36.973411,83.78,0.729,2
-122.055613,36.973411,87.16,0.697,2
-122.055307,36.973411,90.76,0.564,2
-122.055,36.973411,93.67,0.442,2
-122.054694,36.973411,95.52,0.431,2
-122.054388,36.973411,97.25,0.44,2
-122.054082,36.973411,98.3,0.404,2
-122.081338,36.973105,73.52,0.813,2
-122.081032,36.973105,74.28,0.788,2
-122.080726,36.973105,76.17,0.766,2
-122.08042,36.973105,77.01,0.778,2
-122.080113,36.973105,77.95,0.782,2
-122.079807,36.973105,78.56,0.765,2
-122.079501,36.973105,79.63,0.691,2
-122.079195,36.973105,80.41,0.615,2
-122.078888,36.973105,80.42,0.559,2
-122.078582,36.973105,80.39,0.517,2
-122.078276,36.973105,80.41,0.528,2
-122.07797,36.973105,79.61,0.638,2
-122.077663,36.973105,77.9,0.794,2
-122.077357,36.973105,76.04,0.856,2
-122.077051,36.973105,74.71,0.859,2
-122.076744,36.973105,73.75,0.846,2
-122.076438,36.973105,73.11,0.838,2
-122.076132,36.973105,72.41,0.838,2
-122.075826,36.973105,72.27,0.837,2
-122.075519,36.973105,73,0.844,2
-122.075213,36.973105,74.54,0.849,2
-122.074907,36.973105,76.94,0.84,2
-122.074601,36.973105,80.08,0.774,2
-122.074294,36.973105,83.48,0.588,2
-122.073988,36.973105,87.3,0.363,2
-122.073682,36.973105,90.81,0.326,2
-122.073376,36.973105,92.85,0.333,2
-122.073069,36.973105,94.5,0.33,2
-122.072763,36.973105,95.29,0.328,2
-122.072457,36.973105,96.14,0.32,2
-122.072151,36.973105,96.95,0.313,2
-122.071844,36.973105,97.39,0.324,2
-122.071538,36.973105,97.3,0.341,2
-122.071232,36.973105,96.69,0.345,2
-122.070926,36.973105,95.51,0.363,2
-122.070619,36.973105,92.82,0.399,2
-122.070313,36.973105,89.26,0.398,2
-122.070007,36.973105,84.98,0.423,2
-122.069701,36.973105,82.43,0.608,2
-122.069394,36.973105,80.75,0.769,2
-122.069088,36.973105,81.22,0.819,2
-122.068782,36.973105,81.91,0.808,2
-122.068476,36.973105,82.42,0.774,2
-122.068169,36.973105,82.23,0.73,2
-122.067863,36.973105,80.98,0.699,2
-122.067557,36.973105,80.52,0.694,2
-122.067251,36.973105,79.79,0.709,2
-122.066944,36.973105,78.71,0.785,2
-122.066638,36.973105,78.24,0.825,2
-122.066332,36.973105,78.31,0.838,2
-122.066026,36.973105,79.34,0.818,2
-122.065719,36.973105,81.75,0.773,2
-122.065413,36.973105,85.29,0.617,2
-122.065107,36.973105,90.24,0.454,2
-122.0648,36.973105,94.95,0.394,2
-122.064494,36.973105,97.38,0.374,2
-122.064188,36.973105,98.43,0.349,2
-122.063882,36.973105,97.1,0.434,2
-122.063575,36.973105,94.34,0.472,2
-122.063269,36.973105,91.77,0.676,2
-122.062963,36.973105,88.05,0.747,2
-122.062657,36.973105,87.21,0.67,2
-122.06235,36.973105,87.33,0.535,2
-122.062044,36.973105,87.04,0.506,2
-122.061738,36.973105,86.25,0.564,2
-122.061432,36.973105,85.21,0.666,2
-122.061125,36.973105,84.28,0.748,2
-122.060819,36.973105,83.91,0.64,2
-122.060513,36.973105,83.44,0.562,2
-122.060207,36.973105,82.91,0.545,2
-122.0599,36.973105,82.82,0.536,2
-122.059594,36.973105,82.45,0.646,2
-122.059288,36.973105,82.64,0.775,2
-122.058982,36.973105,86.78,0.78,2
-122.058675,36.973105,90.57,0.577,2
-122.058369,36.973105,92.35,0.406,2
-122.058063,36.973105,91.82,0.426,2
-122.057757,36.973105,89.01,0.496,2
-122.05745,36.973105,87.66,0.513,2
-122.057144,36.973105,85.92,0.538,2
-122.056838,36.973105,83.92,0.67,2
-122.056532,36.973105,82.33,0.757,2
-122.056225,36.973105,81.97,0.729,2
-122.081032,36.972799,74.79,0.786,2
-122.080726,36.972799,76.08,0.71,2
-122.08042,36.972799,77.24,0.674,2
-122.080113,36.972799,78.34,0.712,2
-122.079807,36.972799,79.48,0.665,2
-122.079501,36.972799,80.75,0.565,2
-122.079195,36.972799,81.44,0.494,2
-122.078888,36.972799,81.44,0.481,2
-122.078582,36.972799,80.9,0.49,2
-122.078276,36.972799,79.84,0.563,2
-122.07797,36.972799,78.23,0.728,2
-122.077663,36.972799,76.19,0.856,2
-122.077357,36.972799,74.25,0.862,2
-122.077051,36.972799,72.9,0.859,2
-122.076744,36.972799,72.01,0.841,2
-122.076438,36.972799,71.61,0.835,2
-122.076132,36.972799,71.63,0.845,2
-122.075826,36.972799,72.37,0.846,2
-122.075519,36.972799,74.04,0.85,2
-122.075213,36.972799,76.53,0.848,2
-122.074907,36.972799,80.3,0.774,2
-122.074601,36.972799,84.85,0.59,2
-122.074294,36.972799,88.34,0.386,2
-122.073988,36.972799,91.54,0.322,2
-122.073682,36.972799,93.81,0.32,2
-122.073376,36.972799,95.36,0.326,2
-122.073069,36.972799,96.54,0.32,2
-122.072763,36.972799,97.55,0.32,2
-122.072457,36.972799,98.17,0.32,2
-122.072151,36.972799,98.57,0.32,2
-122.071844,36.972799,98.74,0.332,2
-122.071538,36.972799,98.5,0.347,2
-122.071232,36.972799,97.42,0.352,2
-122.070926,36.972799,95.24,0.365,2
-122.070619,36.972799,92.89,0.401,2
-122.070313,36.972799,89.99,0.438,2
-122.070007,36.972799,87.75,0.516,2
-122.069701,36.972799,86.13,0.688,2
-122.069394,36.972799,85,0.789,2
-122.069088,36.972799,85.13,0.806,2
-122.068782,36.972799,85.84,0.739,2
-122.068476,36.972799,86.85,0.611,2
-122.068169,36.972799,87.32,0.501,2
-122.067863,36.972799,86.66,0.474,2
-122.067557,36.972799,85.76,0.499,2
-122.067251,36.972799,84.41,0.581,2
-122.066944,36.972799,82.8,0.736,2
-122.066638,36.972799,81.41,0.829,2
-122.066332,36.972799,80.77,0.836,2
-122.066026,36.972799,79.43,0.819,2
-122.065719,36.972799,80.01,0.781,2
-122.065413,36.972799,82.38,0.694,2
-122.065107,36.972799,85.93,0.565,2
-122.0648,36.972799,89.71,0.464,2
-122.064494,36.972799,92.37,0.417,2
-122.064188,36.972799,93.81,0.39,2
-122.063882,36.972799,95.3,0.482,2
-122.063575,36.972799,93.52,0.541,2
-122.063269,36.972799,91.57,0.518,2
-122.062963,36.972799,87.8,0.655,2
-122.062657,36.972799,86.66,0.664,2
-122.06235,36.972799,86.55,0.534,2
-122.062044,36.972799,86.26,0.44,2
-122.061738,36.972799,85.29,0.524,2
-122.061432,36.972799,83.97,0.709,2
-122.061125,36.972799,83.1,0.757,2
-122.060819,36.972799,82.94,0.592,2
-122.060513,36.972799,82.54,0.543,2
-122.060207,36.972799,82.04,0.598,2
-122.0599,36.972799,81.8,0.602,2
-122.059594,36.972799,81.8,0.693,2
-122.059288,36.972799,82.23,0.781,2
-122.058982,36.972799,85.24,0.718,2
-122.058675,36.972799,88.1,0.497,2
-122.058369,36.972799,89.59,0.379,2
-122.058063,36.972799,90.13,0.414,2
-122.081032,36.972493,76.26,0.716,2
-122.080726,36.972493,77.86,0.65,2
-122.08042,36.972493,79.21,0.588,2
-122.080113,36.972493,80.12,0.636,2
-122.079807,36.972493,81.13,0.552,2
-122.079501,36.972493,82.01,0.491,2
-122.079195,36.972493,82.36,0.458,2
-122.078888,36.972493,82.02,0.454,2
-122.078582,36.972493,80.74,0.503,2
-122.078276,36.972493,78.72,0.65,2
-122.07797,36.972493,76.54,0.824,2
-122.077663,36.972493,74.61,0.874,2
-122.077357,36.972493,72.93,0.856,2
-122.077051,36.972493,71.72,0.855,2
-122.076744,36.972493,70.81,0.847,2
-122.076438,36.972493,70.73,0.843,2
-122.076132,36.972493,71.52,0.845,2
-122.075826,36.972493,73.1,0.846,2
-122.075519,36.972493,75.42,0.851,2
-122.075213,36.972493,78.51,0.793,2
-122.074907,36.972493,82.81,0.615,2
-122.074601,36.972493,87.64,0.402,2
-122.074294,36.972493,91.22,0.318,2
-122.073988,36.972493,94.21,0.316,2
-122.073682,36.972493,95.93,0.322,2
-122.073376,36.972493,97.06,0.324,2
-122.073069,36.972493,97.8,0.32,2
-122.072763,36.972493,98.39,0.324,2
-122.072457,36.972493,98.6,0.327,2
-122.072151,36.972493,98.64,0.33,2
-122.071844,36.972493,98.59,0.345,2
-122.071538,36.972493,98.31,0.364,2
-122.071232,36.972493,97.39,0.381,2
-122.070926,36.972493,95.58,0.444,2
-122.070619,36.972493,93.78,0.582,2
-122.070313,36.972493,91.68,0.656,2
-122.070007,36.972493,90.12,0.727,2
-122.069701,36.972493,88.96,0.769,2
-122.069394,36.972493,88.17,0.745,2
-122.069088,36.972493,88.77,0.678,2
-122.068782,36.972493,90.01,0.553,2
-122.068476,36.972493,91.55,0.443,2
-122.068169,36.972493,92.32,0.393,2
-122.067863,36.972493,91.62,0.399,2
-122.067557,36.972493,90.44,0.487,2
-122.067251,36.972493,88.52,0.653,2
-122.066944,36.972493,86.21,0.789,2
-122.066638,36.972493,83.9,0.83,2
-122.066332,36.972493,82.09,0.821,2
-122.066026,36.972493,79.54,0.812,2
-122.065719,36.972493,79.09,0.793,2
-122.065413,36.972493,80.55,0.742,2
-122.065107,36.972493,83.44,0.638,2
-122.0648,36.972493,86.84,0.535,2
-122.064494,36.972493,89.61,0.473,2
-122.064188,36.972493,91.88,0.426,2
-122.063882,36.972493,94.45,0.496,2
-122.063575,36.972493,93.61,0.486,2
-122.063269,36.972493,92.2,0.329,2
-122.062963,36.972493,88.51,0.487,2
-122.062657,36.972493,86.53,0.651,2
-122.06235,36.972493,85.6,0.597,2
-122.062044,36.972493,84.77,0.526,2
-122.061738,36.972493,83.88,0.601,2
-122.061432,36.972493,82.73,0.775,2
-122.061125,36.972493,82.08,0.75,2
-122.060819,36.972493,82.06,0.57,2
-122.060513,36.972493,81.69,0.564,2
-122.060207,36.972493,81.39,0.609,2
-122.0599,36.972493,81.2,0.666,2
-122.081032,36.972186,78.01,0.596,2
-122.080726,36.972186,79.89,0.553,2
-122.08042,36.972186,81.55,0.419,2
-122.080113,36.972186,82.27,0.451,2
-122.079807,36.972186,82.21,0.522,2
-122.079501,36.972186,82.25,0.506,2
-122.079195,36.972186,81.93,0.451,2
-122.078888,36.972186,80.99,0.465,2
-122.078582,36.972186,79.3,0.581,2
-122.078276,36.972186,77.15,0.744,2
-122.07797,36.972186,75.07,0.858,2
-122.077663,36.972186,73.35,0.87,2
-122.077357,36.972186,71.93,0.85,2
-122.077051,36.972186,70.97,0.835,2
-122.076744,36.972186,70.33,0.845,2
-122.076438,36.972186,70.56,0.859,2
-122.076132,36.972186,71.97,0.859,2
-122.075826,36.972186,74.2,0.861,2
-122.075519,36.972186,77.18,0.8,2
-122.075213,36.972186,80.88,0.627,2
-122.074907,36.972186,85.29,0.427,2
-122.074601,36.972186,89.6,0.322,2
-122.074294,36.972186,92.78,0.313,2
-122.073988,36.972186,95.38,0.322,2
-122.073682,36.972186,96.79,0.327,2
-122.073376,36.972186,97.6,0.322,2
-122.073069,36.972186,98.09,0.324,2
-122.072763,36.972186,98.54,0.33,2
-122.072457,36.972186,98.64,0.33,2
-122.072151,36.972186,98.56,0.338,2
-122.071844,36.972186,98.42,0.357,2
-122.071538,36.972186,98.2,0.372,2
-122.071232,36.972186,97.53,0.394,2
-122.070926,36.972186,96.25,0.461,2
-122.070619,36.972186,95.19,0.564,2
-122.070313,36.972186,93.95,0.563,2
-122.070007,36.972186,93.1,0.598,2
-122.069701,36.972186,92.31,0.584,2
-122.069394,36.972186,91.77,0.523,2
-122.069088,36.972186,92.59,0.456,2
-122.068782,36.972186,93.91,0.403,2
-122.068476,36.972186,95.43,0.378,2
-122.068169,36.972186,96.15,0.374,2
-122.067863,36.972186,95.47,0.376,2
-122.067557,36.972186,94.21,0.406,2
-122.067251,36.972186,92.02,0.513,2
-122.066944,36.972186,89.5,0.648,2
-122.066638,36.972186,86.68,0.78,2
-122.066332,36.972186,83.89,0.817,2
-122.066026,36.972186,80.18,0.824,2
-122.065719,36.972186,79.08,0.795,2
-122.065413,36.972186,79.97,0.731,2
-122.065107,36.972186,82.15,0.675,2
-122.0648,36.972186,85.02,0.613,2
-122.064494,36.972186,87.79,0.509,2
-122.064188,36.972186,90.53,0.41,2
-122.063882,36.972186,93.72,0.395,2
-122.063575,36.972186,93.96,0.426,2
-122.063269,36.972186,92.7,0.39,2
-122.062963,36.972186,88.76,0.532,2
-122.062657,36.972186,86.33,0.734,2
-122.06235,36.972186,84.73,0.779,2
-122.062044,36.972186,83.48,0.731,2
-122.061738,36.972186,82.93,0.7,2
-122.081032,36.97188,78.79,0.584,2
-122.080726,36.97188,81.06,0.451,2
-122.08042,36.97188,82.52,0.4,2
-122.080113,36.97188,82.78,0.559,2
-122.079807,36.97188,82.22,0.596,2
-122.079501,36.97188,81.32,0.569,2
-122.079195,36.97188,80.2,0.529,2
-122.078888,36.97188,78.79,0.59,2
-122.078582,36.97188,77.07,0.718,2
-122.078276,36.97188,75.31,0.818,2
-122.07797,36.97188,73.76,0.858,2
-122.077663,36.97188,72.38,0.863,2
-122.077357,36.97188,71.23,0.851,2
-122.077051,36.97188,70.54,0.847,2
-122.076744,36.97188,70.48,0.843,2
-122.076438,36.97188,71.21,0.853,2
-122.076132,36.97188,72.94,0.855,2
-122.075826,36.97188,75.54,0.843,2
-122.075519,36.97188,79.1,0.682,2
-122.075213,36.97188,83.1,0.461,2
-122.074907,36.97188,87.15,0.334,2
-122.074601,36.97188,90.67,0.316,2
-122.074294,36.97188,93.18,0.317,2
-122.073988,36.97188,95.35,0.326,2
-122.073682,36.97188,96.78,0.332,2
-122.073376,36.97188,97.4,0.325,2
-122.073069,36.97188,97.81,0.331,2
-122.072763,36.97188,98.32,0.34,2
-122.072457,36.97188,98.52,0.337,2
-122.072151,36.97188,98.51,0.342,2
-122.071844,36.97188,98.43,0.357,2
-122.071538,36.97188,98.31,0.368,2
-122.071232,36.97188,98.09,0.372,2
-122.070926,36.97188,97.55,0.385,2
-122.070619,36.97188,96.68,0.399,2
-122.070313,36.97188,96.23,0.388,2
-122.070007,36.97188,96.13,0.407,2
-122.069701,36.97188,95.72,0.403,2
-122.069394,36.97188,95.47,0.389,2
-122.069088,36.97188,96.32,0.385,2
-122.068782,36.97188,97.23,0.378,2
-122.068476,36.97188,98.13,0.374,2
-122.068169,36.97188,98.41,0.373,2
-122.067863,36.97188,97.79,0.367,2
-122.067557,36.97188,96.89,0.359,2
-122.067251,36.97188,94.95,0.368,2
-122.066944,36.97188,92.4,0.418,2
-122.066638,36.97188,89.34,0.627,2
-122.066332,36.97188,86.08,0.787,2
-122.066026,36.97188,81.7,0.823,2
-122.081032,36.971574,78.58,0.6,2
-122.080726,36.971574,80.91,0.427,2
-122.08042,36.971574,82.25,0.447,2
-122.080113,36.971574,82.48,0.661,2
-122.079807,36.971574,81.97,0.737,2
-122.079501,36.971574,80.87,0.667,2
-122.079195,36.971574,79.14,0.623,2
-122.078888,36.971574,77.18,0.714,2
-122.078582,36.971574,75.36,0.811,2
-122.078276,36.971574,73.92,0.841,2
-122.07797,36.971574,72.8,0.841,2
-122.077663,36.971574,71.78,0.842,2
-122.077357,36.971574,70.98,0.849,2
-122.077051,36.971574,70.78,0.855,2
-122.076744,36.971574,71.19,0.836,2
-122.076438,36.971574,72.34,0.841,2
-122.076132,36.971574,74.23,0.849,2
-122.075826,36.971574,76.9,0.82,2
-122.075519,36.971574,80.35,0.663,2
-122.075213,36.971574,84.08,0.47,2
-122.074907,36.971574,87.89,0.382,2
-122.074601,36.971574,91.23,0.389,2
-122.074294,36.971574,93.47,0.377,2
-122.073988,36.971574,95.18,0.33,2
-122.073682,36.971574,96.3,0.326,2
-122.073376,36.971574,96.98,0.316,2
-122.073069,36.971574,97.47,0.337,2
-122.072763,36.971574,98.1,0.361,2
-122.072457,36.971574,98.43,0.358,2
-122.072151,36.971574,98.56,0.354,2
-122.071844,36.971574,98.61,0.361,2
-122.071538,36.971574,98.63,0.365,2
-122.071232,36.971574,98.66,0.364,2
-122.070926,36.971574,98.5,0.368,2
-122.070619,36.971574,97.85,0.376,2
-122.070313,36.971574,97.88,0.381,2
-122.070007,36.971574,98.24,0.386,2
-122.069701,36.971574,98.24,0.388,2
-122.069394,36.971574,98.23,0.388,2
-122.069088,36.971574,99.08,0.388,2
-122.068782,36.971574,99.61,0.383,2
-122.068476,36.971574,99.93,0.38,2
-122.068169,36.971574,99.83,0.38,2
-122.067863,36.971574,99.3,0.372,2
-122.067557,36.971574,98.94,0.357,2
-122.081032,36.971268,77.9,0.682,2
-122.080726,36.971268,80.25,0.475,2
-122.08042,36.971268,82.18,0.356,2
-122.080113,36.971268,82.87,0.469,2
-122.079807,36.971268,82.3,0.579,2
-122.079501,36.971268,80.93,0.588,2
-122.079195,36.971268,78.69,0.625,2
-122.078888,36.971268,76.35,0.761,2
-122.078582,36.971268,74.4,0.834,2
-122.078276,36.971268,73,0.83,2
-122.07797,36.971268,72.05,0.825,2
-122.077663,36.971268,71.48,0.834,2
-122.077357,36.971268,71.42,0.847,2
-122.077051,36.971268,72.01,0.848,2
-122.076744,36.971268,72.81,0.855,2
-122.076438,36.971268,74.08,0.849,2
-122.076132,36.971268,75.84,0.841,2
-122.075826,36.971268,78.16,0.826,2
-122.075519,36.971268,80.83,0.776,2
-122.075213,36.971268,83.78,0.681,2
-122.074907,36.971268,87.48,0.626,2
-122.074601,36.971268,91.14,0.582,2
-122.074294,36.971268,93.51,0.447,2
-122.073988,36.971268,95.34,0.332,2
-122.073682,36.971268,96.42,0.323,2
-122.073376,36.971268,97.04,0.334,2
-122.073069,36.971268,97.48,0.355,2
-122.072763,36.971268,98.08,0.38,2
-122.072457,36.971268,98.43,0.387,2
-122.072151,36.971268,98.64,0.37,2
-122.071844,36.971268,98.79,0.359,2
-122.071538,36.971268,98.89,0.363,2
-122.071232,36.971268,99.01,0.367,2
-122.070926,36.971268,98.94,0.368,2
-122.070619,36.971268,98.44,0.376,2
-122.070313,36.971268,98.65,0.384,2
-122.070007,36.971268,99.15,0.389,2
-122.069701,36.971268,99.33,0.388,2
-122.081032,36.970961,77.14,0.737,2
-122.080726,36.970961,79.29,0.559,2
-122.08042,36.970961,81.51,0.402,2
-122.080113,36.970961,82.61,0.38,2
-122.079807,36.970961,82.01,0.434,2
-122.079501,36.970961,80.5,0.501,2
-122.079195,36.970961,78.06,0.642,2
-122.078888,36.970961,75.65,0.783,2
-122.078582,36.970961,73.68,0.826,2
-122.078276,36.970961,72.29,0.818,2
-122.07797,36.970961,72.16,0.823,2
-122.077663,36.970961,73.24,0.837,2
-122.077357,36.970961,74.08,0.851,2
-122.077051,36.970961,75.47,0.843,2
-122.076744,36.970961,76.95,0.818,2
-122.076438,36.970961,78.49,0.732,2
-122.076132,36.970961,79.98,0.712,2
-122.075826,36.970961,81.43,0.721,2
-122.075519,36.970961,83.22,0.741,2
-122.075213,36.970961,85.33,0.739,2
-122.074907,36.970961,88.28,0.675,2
-122.074601,36.970961,91.48,0.543,2
-122.074294,36.970961,93.8,0.403,2
-122.073988,36.970961,95.75,0.342,2
-122.073682,36.970961,96.99,0.342,2
-122.073376,36.970961,97.54,0.361,2
-122.073069,36.970961,97.68,0.374,2
-122.072763,36.970961,98.15,0.389,2
-122.072457,36.970961,98.41,0.395,2
-122.072151,36.970961,98.59,0.375,2
-122.071844,36.970961,98.75,0.351,2
-122.071538,36.970961,98.83,0.34,2
-122.080726,36.970655,78.1,0.639,2
-122.08042,36.970655,80.07,0.522,2
-122.080113,36.970655,81.18,0.385,2
-122.079807,36.970655,80.89,0.434,2
-122.079501,36.970655,79.3,0.56,2
-122.079195,36.970655,76.97,0.688,2
-122.078888,36.970655,74.73,0.798,2
-122.078582,36.970655,73.04,0.825,2
-122.078276,36.970655,72,0.817,2
-122.07797,36.970655,73.19,0.825,2
-122.077663,36.970655,76.42,0.838,2
-122.077357,36.970655,78.24,0.844,2
-122.077051,36.970655,80.48,0.788,2
-122.076744,36.970655,82.77,0.611,2
-122.076438,36.970655,84.7,0.466,2
-122.076132,36.970655,86.28,0.433,2
-122.075826,36.970655,87.05,0.433,2
-122.075519,36.970655,88.22,0.47,2
-122.075213,36.970655,88.95,0.52,2
-122.074907,36.970655,90.14,0.5,2
-122.074601,36.970655,92.09,0.401,2
-122.074294,36.970655,94.21,0.359,2
-122.073988,36.970655,96.03,0.357,2
-122.073682,36.970655,97.39,0.365,2
-122.073376,36.970655,97.95,0.378,2
-122.080726,36.970349,77.02,0.645,2
-122.08042,36.970349,78.64,0.497,2
-122.080113,36.970349,79.35,0.427,2
-122.079807,36.970349,78.78,0.576,2
-122.079501,36.970349,77.19,0.726,2
-122.079195,36.970349,75.27,0.79,2
-122.078888,36.970349,73.61,0.825,2
-122.078582,36.970349,72.57,0.822,2
-122.078276,36.970349,72.21,0.813,2
-122.07797,36.970349,74.05,0.823,2
-122.077663,36.970349,77.76,0.833,2
-122.077357,36.970349,79.78,0.824,2
-122.080726,36.970043,75.97,0.642,2
-122.08042,36.970043,77.17,0.5,2
-122.080113,36.970043,77.28,0.609,2
-122.079807,36.970043,76.49,0.766,2
-122.079501,36.970043,75.15,0.823,2
