"longitude","latitude","temperature","ndvi","valid_observations"
-117.252959,32.901152,86.94,0.21,1
-117.252655,32.901152,86.89,0.242,1
-117.252352,32.901152,86.84,0.351,1
-117.252048,32.901152,86.51,0.691,1
-117.251744,32.901152,86.99,0.746,1
-117.251441,32.901152,88,0.692,1
-117.251137,32.901152,88.99,0.687,1
-117.250833,32.901152,89.73,0.678,1
-117.25053,32.901152,90.11,0.649,1
-117.250226,32.901152,90.17,0.675,1
-117.249922,32.901152,90.04,0.728,1
-117.249619,32.901152,90.04,0.666,1
-117.249315,32.901152,90.01,0.601,1
-117.249011,32.901152,89.74,0.638,1
-117.248707,32.901152,89.4,0.7,1
-117.248404,32.901152,89.11,0.733,1
-117.2481,32.901152,88.99,0.675,1
-117.247796,32.901152,88.91,0.6,1
-117.247493,32.901152,88.94,0.567,1
-117.247189,32.901152,89.22,0.493,1
-117.246885,32.901152,89.31,0.52,1
-117.246582,32.901152,89.13,0.67,1
-117.246278,32.901152,89.03,0.762,1
-117.245974,32.901152,89.2,0.713,1
-117.24567,32.901152,88.33,0.617,2
-117.245367,32.901152,88.6,0.616,2
-117.252655,32.900848,87.2,0.26,1
-117.252352,32.900848,86.95,0.393,1
-117.252048,32.900848,86.5,0.69,1
-117.251744,32.900848,86.97,0.711,1
-117.251441,32.900848,88.06,0.656,1
-117.251137,32.900848,88.86,0.717,1
-117.250833,32.900848,89.38,0.724,1
-117.25053,32.900848,89.66,0.679,1
-117.250226,32.900848,89.65,0.693,1
-117.249922,32.900848,89.53,0.729,1
-117.249619,32.900848,89.49,0.704,1
-117.249315,32.900848,89.41,0.679,1
-117.249011,32.900848,89.9,0.704,1
-117.248707,32.900848,90.66,0.716,1
-117.248404,32.900848,90.39,0.674,1
-117.2481,32.900848,89.66,0.604,1
-117.247796,32.900848,88.25,0.566,1
-117.247493,32.900848,88.14,0.607,1
-117.247189,32.900848,88.43,0.542,1
-117.246885,32.900848,88.77,0.574,1
-117.246582,32.900848,88.92,0.708,1
-117.246278,32.900848,88.97,0.763,1
-117.245974,32.900848,89.2,0.705,1
-117.24567,32.900848,88.27,0.691,2
-117.245367,32.900848,88.45,0.714,2
-117.245063,32.900848,89.35,0.702,2
-117.244759,32.900848,90.88,0.567,2
-117.244456,32.900848,92.65,0.356,2
-117.244152,32.900848,93.95,0.288,2
-117.243848,32.900848,95.61,0.301,2
-117.243545,32.900848,96.96,0.195,2
-117.243241,32.900848,97.26,0.112,2
-117.242937,32.900848,97.39,0.224,3
-117.242633,32.900848,97.11,0.346,3
-117.24233,32.900848,96.55,0.365,3
-117.242026,32.900848,96.08,0.289,3
-117.241722,32.900848,95.57,0.136,4
-117.241419,32.900848,95.83,0.162,4
-117.241115,32.900848,96.02,0.263,4
-117.240811,32.900848,95.88,0.658,4
-117.240508,32.900848,95.41,0.598,4
-117.240204,32.900848,94.99,0.309,4
-117.2399,32.900848,94.68,0.145,4
-117.239596,32.900848,94.51,0.16,4
-117.239293,32.900848,94.53,0.316,4
-117.238989,32.900848,94.41,0.205,4
-117.238685,32.900848,94.59,0.092,4
-117.238382,32.900848,95.48,0.128,4
-117.238078,32.900848,96.71,0.212,4
-117.237774,32.900848,97.37,0.254,4
-117.252655,32.900544,87.32,0.331,1
-117.252352,32.900544,87.03,0.386,1
-117.252048,32.900544,86.52,0.596,1
-117.251744,32.900544,86.75,0.686,1
-117.251441,32.900544,87.8,0.669,1
-117.251137,32.900544,88.65,0.7,1
-117.250833,32.900544,88.96,0.713,1
-117.25053,32.900544,89.04,0.697,1
-117.250226,32.900544,89,0.697,1
-117.249922,32.900544,88.98,0.698,1
-117.249619,32.900544,88.97,0.683,1
-117.249315,32.900544,88.84,0.699,1
-117.249011,32.900544,89.47,0.707,1
-117.248707,32.900544,90.45,0.63,1
-117.248404,32.900544,90.02,0.531,1
-117.2481,32.900544,88.94,0.481,1
-117.247796,32.900544,87.16,0.526,1
-117.247493,32.900544,87.02,0.643,1
-117.247189,32.900544,87.71,0.542,1
-117.246885,32.900544,88.3,0.618,1
-117.246582,32.900544,88.7,0.739,1
-117.246278,32.900544,89.04,0.683,1
-117.245974,32.900544,89.21,0.649,1
-117.24567,32.900544,88.25,0.672,2
-117.245367,32.900544,88.43,0.729,2
-117.245063,32.900544,89.3,0.739,2
-117.244759,32.900544,90.66,0.622,2
-117.244456,32.900544,92.26,0.404,2
-117.244152,32.900544,93.37,0.367,2
-117.243848,32.900544,95.08,0.485,2
-117.243545,32.900544,96.81,0.372,2
-117.243241,32.900544,97.32,0.153,3
-117.242937,32.900544,97.3,0.252,3
-117.242633,32.900544,96.94,0.423,3
-117.24233,32.900544,96.36,0.349,3
-117.242026,32.900544,95.98,0.265,3
-117.241722,32.900544,95.65,0.113,4
-117.241419,32.900544,95.95,0.172,4
-117.241115,32.900544,96.02,0.269,4
-117.240811,32.900544,95.59,0.605,4
-117.240508,32.900544,94.9,0.555,4
-117.240204,32.900544,94.2,0.497,4
-117.2399,32.900544,93.52,0.465,4
-117.239596,32.900544,92.99,0.46,4
-117.239293,32.900544,92.61,0.504,4
-117.238989,32.900544,92.31,0.437,4
-117.238685,32.900544,92.55,0.349,4
-117.238382,32.900544,93.64,0.307,4
-117.238078,32.900544,95.03,0.24,4
-117.237774,32.900544,96.41,0.213,4
-117.237471,32.900544,97.75,0.275,4
-117.237167,32.900544,98.82,0.308,4
-117.236863,32.900544,99.6,0.283,4
-117.236559,32.900544,99.99,0.245,4
-117.236256,32.900544,100.04,0.231,4
-117.235952,32.900544,99.74,0.223,4
-117.235648,32.900544,99.57,0.184,4
-117.235345,32.900544,99.26,0.155,4
-117.235041,32.900544,98.65,0.139,4
-117.234737,32.900544,98.59,0.123,4
-117.234434,32.900544,98.14,0.217,4
-117.23413,32.900544,98.1,0.306,4
-117.233826,32.900544,98.7,0.327,4
-117.233522,32.900544,99.1,0.331,4
-117.233219,32.900544,99.21,0.318,4
-117.232915,32.900544,98.99,0.314,4
-117.232611,32.900544,98.78,0.312,4
-117.232308,32.900544,98.64,0.275,4
-117.232004,32.900544,98.43,0.234,4
-117.2317,32.900544,98.13,0.298,4
-117.231397,32.900544,97.75,0.41,4
-117.231093,32.900544,97.23,0.391,4
-117.230789,32.900544,96.18,0.393,4
-117.230485,32.900544,95.2,0.388,4
-117.252655,32.900241,87.55,0.236,1
-117.252352,32.900241,87.15,0.245,1
-117.252048,32.900241,86.38,0.527,1
-117.251744,32.900241,86.44,0.721,1
-117.251441,32.900241,87.45,0.725,1
-117.251137,32.900241,88.55,0.638,1
-117.250833,32.900241,88.74,0.648,1
-117.25053,32.900241,88.67,0.663,1
-117.250226,32.900241,88.48,0.703,1
-117.249922,32.900241,88.45,0.694,1
-117.249619,32.900241,88.56,0.654,1
-117.249315,32.900241,88.56,0.66,1
-117.249011,32.900241,89.26,0.633,1
-117.248707,32.900241,90.17,0.548,1
-117.248404,32.900241,89.51,0.505,1
-117.2481,32.900241,88.15,0.465,1
-117.247796,32.900241,86.28,0.515,1
-117.247493,32.900241,86.36,0.612,1
-117.247189,32.900241,87.21,0.575,1
-117.246885,32.900241,87.99,0.694,1
-117.246582,32.900241,88.56,0.766,1
-117.246278,32.900241,89.12,0.631,1
-117.245974,32.900241,89.61,0.567,1
-117.24567,32.900241,88.87,0.559,2
-117.245367,32.900241,88.92,0.677,2
-117.245063,32.900241,89.35,0.708,2
-117.244759,32.900241,90.38,0.598,2
-117.244456,32.900241,91.79,0.383,2
-117.244152,32.900241,92.94,0.31,2
-117.243848,32.900241,94.7,0.428,2
-117.243545,32.900241,96.59,0.391,2
-117.243241,32.900241,97.29,0.204,3
-117.242937,32.900241,97.19,0.254,3
-117.242633,32.900241,96.79,0.422,3
-117.24233,32.900241,96.26,0.38,3
-117.242026,32.900241,96.03,0.304,3
-117.241722,32.900241,95.92,0.225,4
-117.241419,32.900241,96.27,0.268,4
-117.241115,32.900241,96.27,0.275,4
-117.240811,32.900241,95.83,0.515,4
-117.240508,32.900241,95.13,0.557,4
-117.240204,32.900241,94.32,0.522,4
-117.2399,32.900241,93.48,0.53,4
-117.239596,32.900241,92.62,0.567,4
-117.239293,32.900241,91.81,0.559,4
-117.238989,32.900241,91.18,0.549,4
-117.238685,32.900241,91.25,0.561,4
-117.238382,32.900241,92.22,0.523,4
-117.238078,32.900241,93.39,0.347,4
-117.237774,32.900241,94.59,0.187,4
-117.237471,32.900241,95.93,0.179,4
-117.237167,32.900241,97.1,0.214,4
-117.236863,32.900241,98.04,0.233,4
-117.236559,32.900241,98.44,0.228,4
-117.236256,32.900241,98.31,0.268,4
-117.235952,32.900241,97.93,0.393,4
-117.235648,32.900241,97.88,0.333,4
-117.235345,32.900241,97.86,0.278,4
-117.235041,32.900241,97.63,0.281,4
-117.234737,32.900241,97.9,0.333,4
-117.234434,32.900241,97.66,0.414,4
-117.23413,32.900241,97.91,0.362,4
-117.233826,32.900241,98.74,0.335,4
-117.233522,32.900241,99.19,0.337,4
-117.233219,32.900241,99.19,0.345,4
-117.232915,32.900241,98.73,0.312,4
-117.232611,32.900241,98.26,0.232,4
-117.232308,32.900241,97.84,0.149,4
-117.232004,32.900241,97.2,0.161,4
-117.2317,32.900241,96.39,0.322,4
-117.231397,32.900241,95.67,0.465,4
-117.231093,32.900241,94.97,0.445,4
-117.230789,32.900241,93.89,0.482,4
-117.230485,32.900241,93.14,0.527,4
-117.230182,32.900241,92.82,0.455,4
-117.229878,32.900241,93.91,0.368,4
-117.229574,32.900241,95.09,0.352,4
-117.229271,32.900241,96.22,0.345,4
-117.228967,32.900241,97.09,0.295,4
-117.228663,32.900241,97.82,0.331,4
-117.22836,32.900241,98.42,0.357,4
-117.228056,32.900241,99.31,0.352,4
-117.2563,32.899937,72.31,-0.061,1
-117.252655,32.899937,87.68,0.143,1
-117.252352,32.899937,86.88,0.198,1
-117.252048,32.899937,86.55,0.377,1
-117.251744,32.899937,86.71,0.677,1
-117.251441,32.899937,87.66,0.725,1
-117.251137,32.899937,88.51,0.653,1
-117.250833,32.899937,88.46,0.704,1
-117.25053,32.899937,88.3,0.71,1
-117.250226,32.899937,88.09,0.731,1
-117.249922,32.899937,88.35,0.736,1
-117.249619,32.899937,88.71,0.712,1
-117.249315,32.899937,88.89,0.661,1
-117.249011,32.899937,89.57,0.557,1
-117.248707,32.899937,90.11,0.487,1
-117.248404,32.899937,89.18,0.522,1
-117.2481,32.899937,87.59,0.535,1
-117.247796,32.899937,85.65,0.542,1
-117.247493,32.899937,86.09,0.569,1
-117.247189,32.899937,87,0.618,1
-117.246885,32.899937,87.86,0.748,1
-117.246582,32.899937,88.52,0.749,1
-117.246278,32.899937,89.11,0.639,1
-117.245974,32.899937,88.3,0.529,1
-117.24567,32.899937,89.88,0.519,1
-117.245367,32.899937,90.35,0.634,1
-117.245063,32.899937,89.6,0.65,2
-117.244759,32.899937,89.81,0.627,2
-117.244456,32.899937,90.83,0.523,2
-117.244152,32.899937,92.14,0.401,2
-117.243848,32.899937,94.37,0.405,2
-117.243545,32.899937,96.57,0.39,2
-117.243241,32.899937,97.31,0.258,3
-117.242937,32.899937,97.08,0.245,3
-117.242633,32.899937,96.7,0.381,3
-117.24233,32.899937,96.29,0.447,3
-117.242026,32.899937,96.22,0.458,3
-117.241722,32.899937,96.24,0.321,4
-117.241419,32.899937,96.59,0.316,4
-117.241115,32.899937,96.61,0.185,4
-117.240811,32.899937,96.2,0.356,4
-117.240508,32.899937,95.64,0.404,4
-117.240204,32.899937,94.88,0.226,4
-117.2399,32.899937,93.96,0.183,4
-117.239596,32.899937,92.96,0.362,4
-117.239293,32.899937,91.98,0.506,4
-117.238989,32.899937,90.57,0.571,4
-117.238685,32.899937,89.87,0.616,4
-117.238382,32.899937,90.27,0.614,4
-117.238078,32.899937,91.39,0.477,4
-117.237774,32.899937,92.78,0.257,4
-117.237471,32.899937,94.13,0.118,4
-117.237167,32.899937,95.39,0.11,4
-117.236863,32.899937,96.36,0.15,4
-117.236559,32.899937,96.81,0.196,4
-117.236256,32.899937,96.47,0.293,4
-117.235952,32.899937,95.8,0.583,4
-117.235648,32.899937,95.59,0.508,4
-117.235345,32.899937,95.81,0.406,4
-117.235041,32.899937,95.97,0.386,4
-117.234737,32.899937,96.14,0.45,4
-117.234434,32.899937,96.23,0.489,4
-117.23413,32.899937,96.78,0.386,4
-117.233826,32.899937,97.86,0.324,4
-117.233522,32.899937,98.32,0.318,4
-117.233219,32.899937,98.11,0.301,4
-117.232915,32.899937,97.57,0.255,4
-117.232611,32.899937,97.06,0.176,4
-117.232308,32.899937,96.5,0.176,4
-117.232004,32.899937,95.66,0.316,4
-117.2317,32.899937,94.59,0.457,4
-117.231397,32.899937,93.57,0.485,4
-117.231093,32.899937,92.86,0.464,4
-117.230789,32.899937,92.42,0.464,4
-117.230485,32.899937,92.25,0.485,4
-117.230182,32.899937,92.54,0.494,4
-117.229878,32.899937,93.92,0.45,4
-117.229574,32.899937,95.6,0.349,4
-117.229271,32.899937,97.3,0.344,4
-117.228967,32.899937,98.42,0.272,4
-117.228663,32.899937,99.41,0.292,4
-117.22836,32.899937,100.26,0.28,4
-117.228056,32.899937,100.87,0.197,4
-117.227752,32.899937,101.2,0.205,4
-117.227448,32.899937,101.52,0.31,4
-117.2563,32.899633,72.42,-0.02,1
-117.252655,32.899633,87.45,0.182,1
-117.252352,32.899633,86.45,0.22,1
-117.252048,32.899633,86.62,0.329,1
-117.251744,32.899633,87.17,0.585,1
-117.251441,32.899633,88.11,0.665,1
-117.251137,32.899633,88.54,0.682,1
-117.250833,32.899633,88.41,0.725,1
-117.25053,32.899633,88.23,0.719,1
-117.250226,32.899633,88.09,0.694,1
-117.249922,32.899633,89.03,0.687,1
-117.249619,32.899633,89.86,0.671,1
-117.249315,32.899633,89.96,0.602,1
-117.249011,32.899633,90.21,0.504,1
-117.248707,32.899633,90.09,0.47,1
-117.248404,32.899633,88.91,0.51,1
-117.2481,32.899633,87.19,0.544,1
-117.247796,32.899633,85.21,0.613,1
-117.247493,32.899633,85.88,0.623,1
-117.247189,32.899633,86.81,0.723,1
-117.246885,32.899633,87.82,0.753,1
-117.246582,32.899633,88.54,0.705,1
-117.246278,32.899633,89.11,0.647,1
-117.245974,32.899633,85.36,0.613,2
-117.24567,32.899633,89.12,0.677,1
-117.245367,32.899633,90.42,0.665,1
-117.245063,32.899633,89.58,0.589,2
-117.244759,32.899633,89.58,0.556,2
-117.244456,32.899633,90.29,0.546,2
-117.244152,32.899633,91.68,0.451,2
-117.243848,32.899633,94.37,0.349,2
-117.243545,32.899633,96.68,0.294,2
-117.243241,32.899633,97.34,0.214,3
-117.242937,32.899633,97.26,0.173,3
-117.242633,32.899633,96.78,0.296,3
-117.24233,32.899633,96.43,0.455,3
-117.242026,32.899633,96.48,0.455,3
-117.241722,32.899633,96.59,0.32,4
-117.241419,32.899633,96.88,0.263,4
-117.241115,32.899633,96.91,0.17,4
-117.240811,32.899633,96.39,0.315,4
-117.240508,32.899633,95.99,0.287,4
-117.240204,32.899633,95.32,0.086,4
-117.2399,32.899633,94.28,0.048,4
-117.239596,32.899633,93.22,0.123,4
-117.239293,32.899633,92.13,0.353,4
-117.238989,32.899633,89.9,0.523,4
-117.238685,32.899633,88.42,0.588,4
-117.238382,32.899633,88.07,0.597,4
-117.238078,32.899633,89.13,0.552,4
-117.237774,32.899633,90.94,0.42,4
-117.237471,32.899633,92.51,0.228,4
-117.237167,32.899633,94.11,0.143,4
-117.236863,32.899633,95.11,0.275,4
-117.236559,32.899633,95.38,0.414,4
-117.236256,32.899633,94.94,0.413,4
-117.235952,32.899633,94.38,0.518,4
-117.235648,32.899633,94.12,0.538,4
-117.235345,32.899633,94.37,0.51,4
-117.235041,32.899633,94.65,0.437,4
-117.234737,32.899633,94.25,0.406,4
-117.234434,32.899633,94.51,0.429,4
-117.23413,32.899633,95.08,0.388,4
-117.233826,32.899633,96.2,0.319,4
-117.233522,32.899633,96.68,0.29,4
-117.233219,32.899633,96.33,0.314,4
-117.232915,32.899633,95.73,0.39,4
-117.232611,32.899633,95.19,0.42,4
-117.232308,32.899633,94.67,0.43,4
-117.232004,32.899633,94,0.459,4
-117.2317,32.899633,93.25,0.444,4
-117.231397,32.899633,92.59,0.4,4
-117.231093,32.899633,92.21,0.402,4
-117.230789,32.899633,92.65,0.454,4
-117.230485,32.899633,92.93,0.503,4
-117.230182,32.899633,93.69,0.512,4
-117.229878,32.899633,95.68,0.465,4
-117.229574,32.899633,97.49,0.423,4
-117.229271,32.899633,99.29,0.389,4
-117.228967,32.899633,100.37,0.161,4
-117.228663,32.899633,101.4,0.143,4
-117.22836,32.899633,102.26,0.139,4
-117.228056,32.899633,102.17,0.136,4
-117.227752,32.899633,101.75,0.222,4
-117.227448,32.899633,101.33,0.368,4
-117.227145,32.899633,101.1,0.391,4
-117.226841,32.899633,101.09,0.355,4
-117.226537,32.899633,100.94,0.335,4
-117.226234,32.899633,100.45,0.332,4
-117.22593,32.899633,100.32,0.367,4
-117.256604,32.89933,72.22,0.008,1
-117.2563,32.89933,72.37,-0.004,1
-117.252655,32.89933,87.24,0.215,1
-117.252352,32.89933,86.25,0.242,1
-117.252048,32.89933,86.62,0.412,1
-117.251744,32.89933,87.47,0.574,1
-117.251441,32.89933,88.35,0.664,1
-117.251137,32.89933,88.65,0.689,1
-117.250833,32.89933,88.52,0.721,1
-117.25053,32.89933,88.39,0.704,1
-117.250226,32.89933,88.26,0.69,1
-117.249922,32.89933,89.15,0.681,1
-117.249619,32.89933,89.9,0.619,1
-117.249315,32.89933,89.91,0.528,1
-117.249011,32.89933,90.03,0.469,1
-117.248707,32.89933,89.73,0.476,1
-117.248404,32.89933,88.47,0.525,1
-117.2481,32.89933,86.92,0.543,1
-117.247796,32.89933,85.21,0.61,1
-117.247493,32.89933,85.84,0.647,1
-117.247189,32.89933,86.69,0.757,1
-117.246885,32.89933,87.69,0.738,1
-117.246582,32.89933,88.44,0.675,1
-117.246278,32.89933,89.04,0.645,1
-117.245974,32.89933,85.26,0.656,2
-117.24567,32.89933,89.05,0.693,1
-117.245367,32.89933,90.26,0.689,1
-117.245063,32.89933,89.52,0.567,2
-117.244759,32.89933,89.57,0.51,2
-117.244456,32.89933,90.22,0.557,2
-117.244152,32.89933,91.65,0.498,2
-117.243848,32.89933,94.46,0.358,2
-117.243545,32.89933,96.7,0.275,2
-117.243241,32.89933,97.29,0.222,3
-117.242937,32.89933,97.37,0.181,3
-117.242633,32.89933,96.93,0.251,3
-117.24233,32.89933,96.77,0.389,3
-117.242026,32.89933,96.84,0.407,4
-117.241722,32.89933,97.04,0.319,4
-117.241419,32.89933,97.26,0.285,4
-117.241115,32.89933,97.28,0.421,4
-117.240811,32.89933,96.79,0.464,4
-117.240508,32.89933,96.44,0.387,4
-117.240204,32.89933,95.74,0.258,4
-117.2399,32.89933,94.64,0.133,4
-117.239596,32.89933,93.5,0.07,4
-117.239293,32.89933,92.37,0.185,4
-117.238989,32.89933,90.07,0.429,4
-117.238685,32.89933,88.34,0.547,4
-117.238382,32.89933,87.41,0.572,4
-117.238078,32.89933,87.75,0.57,4
-117.237774,32.89933,89.21,0.505,4
-117.237471,32.89933,90.97,0.357,4
-117.237167,32.89933,92.89,0.252,4
-117.236863,32.89933,93.87,0.379,4
-117.236559,32.89933,93.94,0.505,4
-117.236256,32.89933,93.68,0.435,4
-117.235952,32.89933,93.44,0.403,4
-117.235648,32.89933,93.26,0.484,4
-117.235345,32.89933,93.41,0.569,4
-117.235041,32.89933,93.65,0.461,4
-117.234737,32.89933,93.19,0.397,4
-117.234434,32.89933,93.39,0.376,4
-117.23413,32.89933,93.8,0.348,4
-117.233826,32.89933,94.73,0.293,4
-117.233522,32.89933,95.1,0.335,4
-117.233219,32.89933,94.63,0.483,4
-117.232915,32.89933,93.84,0.602,4
-117.232611,32.89933,93.25,0.588,4
-117.232308,32.89933,93.03,0.501,4
-117.232004,32.89933,93.02,0.407,4
-117.2317,32.89933,93.1,0.325,4
-117.231397,32.89933,93.31,0.333,4
-117.231093,32.89933,93.82,0.413,4
-117.230789,32.89933,94.93,0.431,4
-117.230485,32.89933,95.48,0.5,4
-117.230182,32.89933,96.19,0.5,4
-117.229878,32.89933,97.83,0.428,4
-117.229574,32.89933,99.26,0.439,4
-117.229271,32.89933,100.74,0.321,4
-117.228967,32.89933,101.72,0.107,4
-117.228663,32.89933,102.61,0.165,4
-117.22836,32.89933,103.26,0.231,4
-117.228056,32.89933,102.85,0.293,4
-117.227752,32.89933,101.73,0.432,4
-117.227448,32.89933,100.4,0.556,4
-117.227145,32.89933,99.62,0.517,4
-117.226841,32.89933,99.59,0.418,4
-117.226537,32.89933,99.87,0.366,4
-117.226234,32.89933,100.03,0.358,4
-117.22593,32.89933,99.78,0.36,4
-117.225626,32.89933,98.91,0.342,4
-117.225323,32.89933,98.5,0.381,4
-117.256907,32.899026,72.08,0.01,1
-117.256604,32.899026,72.19,0.011,1
-117.2563,32.899026,72.35,-0.002,1
-117.252352,32.899026,87.27,0.214,1
-117.252048,32.899026,87.99,0.34,1
-117.251744,32.899026,89.05,0.528,1
-117.251441,32.899026,89.93,0.693,1
-117.251137,32.899026,90.28,0.685,1
-117.250833,32.899026,90.35,0.707,1
-117.25053,32.899026,90.32,0.688,1
-117.250226,32.899026,90.18,0.69,1
-117.249922,32.899026,90.28,0.717,1
-117.249619,32.899026,90.34,0.632,1
-117.249315,32.899026,90.21,0.518,1
-117.249011,32.899026,89.62,0.481,1
-117.248707,32.899026,88.39,0.483,1
-117.248404,32.899026,87.32,0.505,1
-117.2481,32.899026,86.37,0.459,1
-117.247796,32.899026,85.63,0.52,1
-117.247493,32.899026,85.87,0.666,1
-117.247189,32.899026,86.51,0.739,1
-117.246885,32.899026,87.3,0.731,1
-117.246582,32.899026,88.14,0.661,1
-117.246278,32.899026,88.88,0.6,1
-117.245974,32.899026,87.82,0.658,1
-117.24567,32.899026,89.45,0.684,1
-117.245367,32.899026,90.01,0.685,1
-117.245063,32.899026,89.49,0.589,2
-117.244759,32.899026,89.69,0.552,2
-117.244456,32.899026,90.52,0.593,2
-117.244152,32.899026,92.05,0.507,2
-117.243848,32.899026,94.48,0.325,2
-117.243545,32.899026,96.16,0.236,2
-117.243241,32.899026,96.6,0.233,3
-117.242937,32.899026,97.09,0.22,3
-117.242633,32.899026,97.16,0.253,3
-117.24233,32.899026,97.06,0.359,4
-117.242026,32.899026,97.22,0.404,4
-117.241722,32.899026,97.46,0.292,4
-117.241419,32.899026,97.62,0.271,4
-117.241115,32.899026,97.63,0.384,4
-117.240811,32.899026,97.38,0.416,4
-117.240508,32.899026,96.95,0.408,4
-117.240204,32.899026,96.16,0.339,4
-117.2399,32.899026,94.84,0.248,4
-117.239596,32.899026,93.54,0.127,4
-117.239293,32.899026,92.31,0.195,4
-117.238989,32.899026,90.51,0.426,4
-117.238685,32.899026,88.93,0.548,4
-117.238382,32.899026,87.78,0.572,4
-117.238078,32.899026,87.7,0.571,4
-117.237774,32.899026,88.7,0.513,4
-117.237471,32.899026,90.29,0.415,4
-117.237167,32.899026,92.15,0.373,4
-117.236863,32.899026,93.12,0.418,4
-117.236559,32.899026,93.35,0.444,4
-117.236256,32.899026,93.3,0.406,4
-117.235952,32.899026,92.93,0.382,4
-117.235648,32.899026,92.8,0.443,4
-117.235345,32.899026,92.85,0.579,4
-117.235041,32.899026,92.96,0.535,4
-117.234737,32.899026,92.71,0.395,4
-117.234434,32.899026,92.59,0.342,4
-117.23413,32.899026,92.64,0.363,4
-117.233826,32.899026,92.98,0.432,4
-117.233522,32.899026,93.13,0.515,4
-117.233219,32.899026,92.78,0.53,4
-117.232915,32.899026,92.22,0.474,4
-117.232611,32.899026,91.97,0.428,4
-117.232308,32.899026,92.29,0.409,4
-117.232004,32.899026,93.02,0.37,4
-117.2317,32.899026,93.91,0.322,4
-117.231397,32.899026,94.99,0.377,4
-117.231093,32.899026,96.48,0.512,4
-117.230789,32.899026,98.08,0.414,4
-117.230485,32.899026,98.77,0.284,4
-117.230182,32.899026,99.16,0.348,4
-117.229878,32.899026,99.67,0.366,4
-117.229574,32.899026,100.28,0.359,4
-117.229271,32.899026,101.08,0.362,4
-117.228967,32.899026,102.08,0.259,4
-117.228663,32.899026,102.77,0.288,4
-117.22836,32.899026,103.21,0.237,4
-117.228056,32.899026,102.84,0.289,4
-117.227752,32.899026,101.26,0.447,4
-117.227448,32.899026,99.31,0.602,4
-117.227145,32.899026,98.27,0.666,4
-117.226841,32.899026,98.37,0.618,4
-117.226537,32.899026,98.98,0.513,4
-117.226234,32.899026,99.46,0.428,4
-117.22593,32.899026,99.41,0.387,4
-117.225626,32.899026,98.88,0.348,4
-117.225323,32.899026,98.44,0.279,4
-117.225019,32.899026,98.04,0.239,4
-117.224715,32.899026,97.96,0.271,4
-117.257211,32.898722,71.92,0.01,1
-117.256907,32.898722,72.04,0.022,1
-117.256604,32.898722,72.18,0.026,1
-117.2563,32.898722,72.35,-0.003,1
-117.252352,32.898722,88.08,0.233,1
-117.252048,32.898722,88.95,0.251,1
-117.251744,32.898722,89.98,0.491,1
-117.251441,32.898722,90.8,0.681,1
-117.251137,32.898722,91.25,0.71,1
-117.250833,32.898722,91.53,0.736,1
-117.25053,32.898722,91.6,0.708,1
-117.250226,32.898722,91.46,0.683,1
-117.249922,32.898722,91.01,0.685,1
-117.249619,32.898722,90.58,0.628,1
-117.249315,32.898722,90.31,0.574,1
-117.249011,32.898722,89.17,0.567,1
-117.248707,32.898722,87.37,0.537,1
-117.248404,32.898722,86.62,0.509,1
-117.2481,32.898722,86.06,0.46,1
-117.247796,32.898722,85.74,0.492,1
-117.247493,32.898722,85.82,0.561,1
-117.247189,32.898722,86.22,0.62,1
-117.246885,32.898722,86.86,0.639,1
-117.246582,32.898722,87.73,0.571,1
-117.246278,32.898722,88.47,0.553,1
-117.245974,32.898722,88.93,0.642,1
-117.24567,32.898722,89.37,0.721,1
-117.245367,32.898722,89.76,0.72,1
-117.245063,32.898722,89.69,0.638,2
-117.244759,32.898722,90.2,0.584,2
-117.244456,32.898722,91.05,0.641,2
-117.244152,32.898722,92.38,0.583,2
-117.243848,32.898722,94.53,0.357,2
-117.243545,32.898722,96.11,0.236,2
-117.243241,32.898722,96.46,0.254,3
-117.242937,32.898722,96.97,0.208,3
-117.242633,32.898722,97.59,0.2,3
-117.24233,32.898722,97.51,0.334,4
-117.242026,32.898722,97.7,0.357,4
-117.241722,32.898722,97.98,0.241,4
-117.241419,32.898722,98.23,0.13,4
-117.241115,32.898722,98.2,0.122,4
-117.240811,32.898722,97.99,0.22,4
-117.240508,32.898722,97.38,0.322,4
-117.240204,32.898722,96.39,0.179,4
-117.2399,32.898722,94.83,0.18,4
-117.239596,32.898722,93.38,0.295,4
-117.239293,32.898722,92.06,0.408,4
-117.238989,32.898722,90.42,0.461,4
-117.238685,32.898722,88.79,0.484,4
-117.238382,32.898722,87.7,0.497,4
-117.238078,32.898722,87.78,0.526,4
-117.237774,32.898722,88.6,0.524,4
-117.237471,32.898722,89.62,0.431,4
-117.237167,32.898722,90.97,0.345,4
-117.236863,32.898722,91.87,0.354,4
-117.236559,32.898722,92.42,0.385,4
-117.236256,32.898722,92.65,0.43,4
-117.235952,32.898722,92.29,0.356,4
-117.235648,32.898722,92.23,0.371,4
-117.235345,32.898722,92.23,0.426,4
-117.235041,32.898722,92.23,0.494,4
-117.234737,32.898722,91.95,0.367,4
-117.234434,32.898722,91.53,0.366,4
-117.23413,32.898722,91.15,0.501,4
-117.233826,32.898722,90.97,0.522,4
-117.233522,32.898722,91.05,0.467,4
-117.233219,32.898722,91.13,0.404,4
-117.232915,32.898722,91.37,0.338,4
-117.232611,32.898722,91.79,0.308,4
-117.232308,32.898722,92.64,0.316,4
-117.232004,32.898722,94,0.332,4
-117.2317,32.898722,95.49,0.365,4
-117.231397,32.898722,97.16,0.399,4
-117.231093,32.898722,99.26,0.367,4
-117.230789,32.898722,101.11,0.28,4
-117.230485,32.898722,101.73,0.208,4
-117.230182,32.898722,101.91,0.166,4
-117.229878,32.898722,101.78,0.179,4
-117.229574,32.898722,101.48,0.283,4
-117.229271,32.898722,101.62,0.35,4
-117.228967,32.898722,102.29,0.473,4
-117.228663,32.898722,102.76,0.345,4
-117.22836,32.898722,103.12,0.152,4
-117.228056,32.898722,102.68,0.107,4
-117.227752,32.898722,101.02,0.314,4
-117.227448,32.898722,99.04,0.512,4
-117.227145,32.898722,98.08,0.614,4
-117.226841,32.898722,98.33,0.587,4
-117.226537,32.898722,99.07,0.472,4
-117.226234,32.898722,99.61,0.398,4
-117.22593,32.898722,99.53,0.38,4
-117.225626,32.898722,98.98,0.315,4
-117.225323,32.898722,98.56,0.197,4
-117.225019,32.898722,98.32,0.225,4
-117.224715,32.898722,98.47,0.333,4
-117.224411,32.898722,98.83,0.429,4
-117.224108,32.898722,99.28,0.448,4
-117.257515,32.898418,71.77,0.059,1
-117.257211,32.898418,71.87,0.02,1
-117.256907,32.898418,71.99,0.027,1
-117.256604,32.898418,72.14,0.025,1
-117.2563,32.898418,72.32,-0.012,1
-117.252352,32.898418,88.3,0.281,1
-117.252048,32.898418,89.04,0.306,1
-117.251744,32.898418,89.87,0.529,1
-117.251441,32.898418,90.59,0.669,1
-117.251137,32.898418,91.16,0.689,1
-117.250833,32.898418,91.62,0.696,1
-117.25053,32.898418,91.79,0.677,1
-117.250226,32.898418,91.65,0.639,1
-117.249922,32.898418,91.1,0.57,1
-117.249619,32.898418,90.52,0.509,1
-117.249315,32.898418,90.07,0.535,1
-117.249011,32.898418,88.72,0.589,1
-117.248707,32.898418,86.84,0.553,1
-117.248404,32.898418,86.29,0.471,1
-117.2481,32.898418,85.8,0.457,1
-117.247796,32.898418,85.48,0.48,1
-117.247493,32.898418,85.52,0.503,1
-117.247189,32.898418,85.8,0.568,1
-117.246885,32.898418,86.47,0.551,1
-117.246582,32.898418,87.17,0.558,1
-117.246278,32.898418,87.83,0.613,1
-117.245974,32.898418,88.44,0.65,1
-117.24567,32.898418,88.96,0.746,1
-117.245367,32.898418,89.73,0.71,1
-117.245063,32.898418,90.39,0.641,2
-117.244759,32.898418,91.14,0.582,2
-117.244456,32.898418,91.71,0.684,2
-117.244152,32.898418,92.54,0.721,2
-117.243848,32.898418,94.45,0.476,2
-117.243545,32.898418,96.16,0.246,2
-117.243241,32.898418,96.66,0.172,2
-117.242937,32.898418,97.13,0.092,2
-117.242633,32.898418,97.64,0.197,2
-117.24233,32.898418,97.59,0.384,4
-117.242026,32.898418,97.73,0.311,4
-117.241722,32.898418,98.03,0.268,4
-117.241419,32.898418,98.51,0.106,4
-117.241115,32.898418,98.79,0.128,4
-117.240811,32.898418,98.49,0.19,4
-117.240508,32.898418,97.74,0.301,4
-117.240204,32.898418,96.53,0.255,4
-117.2399,32.898418,94.68,0.307,4
-117.239596,32.898418,93.03,0.524,4
-117.239293,32.898418,91.67,0.624,4
-117.238989,32.898418,90.15,0.608,4
-117.238685,32.898418,88.72,0.592,4
-117.238382,32.898418,87.69,0.572,4
-117.238078,32.898418,87.69,0.577,4
-117.237774,32.898418,88.32,0.612,4
-117.237471,32.898418,88.85,0.568,4
-117.237167,32.898418,89.59,0.473,4
-117.236863,32.898418,90.32,0.482,4
-117.236559,32.898418,91.03,0.523,4
-117.236256,32.898418,91.5,0.564,4
-117.235952,32.898418,91.28,0.548,4
-117.235648,32.898418,91.25,0.511,4
-117.235345,32.898418,91.25,0.423,4
-117.235041,32.898418,91.28,0.489,4
-117.234737,32.898418,90.88,0.558,4
-117.234434,32.898418,90.37,0.55,4
-117.23413,32.898418,89.91,0.602,4
-117.233826,32.898418,89.75,0.569,4
-117.233522,32.898418,90.07,0.503,4
-117.233219,32.898418,90.79,0.456,4
-117.232915,32.898418,91.78,0.41,4
-117.232611,32.898418,93.01,0.344,4
-117.232308,32.898418,94.47,0.308,4
-117.232004,32.898418,96.08,0.31,4
-117.2317,32.898418,97.75,0.302,4
-117.231397,32.898418,99.58,0.25,4
-117.231093,32.898418,101.65,0.126,4
-117.230789,32.898418,103.25,0.081,4
-117.230485,32.898418,103.55,0.106,4
-117.230182,32.898418,103.29,0.111,4
-117.229878,32.898418,102.6,0.214,4
-117.229574,32.898418,101.75,0.381,4
-117.229271,32.898418,101.62,0.45,4
-117.228967,32.898418,102.11,0.555,4
-117.228663,32.898418,102.34,0.235,4
-117.22836,32.898418,102.47,0.113,4
-117.228056,32.898418,102.18,0.091,4
-117.227752,32.898418,100.95,0.231,4
-117.227448,32.898418,99.51,0.382,4
-117.227145,32.898418,98.96,0.447,4
-117.226841,32.898418,99.47,0.436,4
-117.226537,32.898418,100.33,0.38,4
-117.226234,32.898418,100.74,0.356,4
-117.22593,32.898418,100.31,0.341,4
-117.225626,32.898418,99.47,0.231,4
-117.225323,32.898418,98.92,0.163,4
-117.225019,32.898418,98.72,0.224,4
-117.224715,32.898418,99.04,0.394,4
-117.224411,32.898418,99.45,0.397,4
-117.224108,32.898418,100.08,0.582,4
-117.223804,32.898418,102.07,0.264,4
-117.2235,32.898418,104.31,0.08,4
-117.257818,32.898115,71.73,0.05,1
-117.257515,32.898115,71.75,0.053,1
-117.257211,32.898115,71.8,0.019,1
-117.256907,32.898115,71.9,0.032,1
-117.256604,32.898115,72.05,0.026,1
-117.2563,32.898115,72.25,-0.001,1
-117.255996,32.898115,74.17,-0.026,1
-117.252352,32.898115,88.49,0.259,1
-117.252048,32.898115,89.04,0.301,1
-117.251744,32.898115,89.69,0.474,1
-117.251441,32.898115,90.39,0.596,1
-117.251137,32.898115,91.16,0.643,1
-117.250833,32.898115,91.82,0.68,1
-117.25053,32.898115,92.09,0.648,1
-117.250226,32.898115,91.9,0.591,1
-117.249922,32.898115,91.17,0.495,1
-117.249619,32.898115,90.36,0.476,1
-117.249315,32.898115,89.7,0.513,1
-117.249011,32.898115,88.13,0.544,1
-117.248707,32.898115,86.07,0.568,1
-117.248404,32.898115,85.51,0.491,1
-117.2481,32.898115,85.13,0.479,1
-117.247796,32.898115,84.96,0.526,1
-117.247493,32.898115,85.1,0.584,1
-117.247189,32.898115,85.6,0.584,1
-117.246885,32.898115,86.52,0.498,1
-117.246582,32.898115,87.11,0.596,1
-117.246278,32.898115,87.64,0.681,1
-117.245974,32.898115,88.28,0.705,1
-117.24567,32.898115,85.51,0.693,2
-117.245367,32.898115,85.28,0.635,2
-117.245063,32.898115,89.95,0.531,2
-117.244759,32.898115,92.28,0.427,2
-117.244456,32.898115,92.26,0.618,2
-117.244152,32.898115,92.44,0.739,2
-117.243848,32.898115,94.01,0.517,2
-117.243545,32.898115,95.61,0.261,2
-117.243241,32.898115,96.06,0.164,2
-117.242937,32.898115,96.63,0.157,2
-117.242633,32.898115,97.33,0.291,2
-117.24233,32.898115,97.71,0.416,3
-117.242026,32.898115,98.02,0.29,3
-117.241722,32.898115,98.25,0.204,3
-117.241419,32.898115,98.3,0.201,4
-117.241115,32.898115,98.86,0.206,4
-117.240811,32.898115,98.76,0.209,4
-117.240508,32.898115,98.01,0.347,4
-117.240204,32.898115,96.67,0.499,4
-117.2399,32.898115,94.52,0.606,4
-117.239596,32.898115,92.69,0.63,4
-117.239293,32.898115,91.31,0.559,4
-117.238989,32.898115,90.07,0.552,4
-117.238685,32.898115,88.93,0.584,4
-117.238382,32.898115,88.04,0.62,4
-117.238078,32.898115,87.93,0.647,4
-117.237774,32.898115,88.34,0.652,4
-117.237471,32.898115,88.67,0.647,4
-117.237167,32.898115,89.14,0.653,4
-117.236863,32.898115,89.73,0.684,4
-117.236559,32.898115,90.38,0.688,4
-117.236256,32.898115,90.8,0.69,4
-117.235952,32.898115,90.77,0.647,4
-117.235648,32.898115,90.62,0.567,4
-117.235345,32.898115,90.41,0.561,4
-117.235041,32.898115,90.38,0.603,4
-117.234737,32.898115,90.02,0.562,4
-117.234434,32.898115,89.82,0.552,4
-117.23413,32.898115,89.84,0.584,4
-117.233826,32.898115,90.05,0.592,4
-117.233522,32.898115,90.79,0.536,4
-117.233219,32.898115,91.91,0.454,4
-117.232915,32.898115,93.25,0.444,4
-117.232611,32.898115,94.72,0.43,4
-117.232308,32.898115,96.32,0.337,4
-117.232004,32.898115,98,0.217,4
-117.2317,32.898115,99.71,0.147,4
-117.231397,32.898115,101.47,0.137,4
-117.231093,32.898115,103.16,0.125,4
-117.230789,32.898115,104.26,0.105,4
-117.230485,32.898115,104.25,0.121,4
-117.230182,32.898115,103.46,0.177,4
-117.229878,32.898115,102.41,0.315,4
-117.229574,32.898115,101.23,0.389,4
-117.229271,32.898115,100.98,0.505,4
-117.228967,32.898115,101.14,0.463,4
-117.228663,32.898115,101.22,0.348,4
-117.22836,32.898115,101.41,0.302,4
-117.228056,32.898115,101.18,0.283,4
-117.227752,32.898115,100.5,0.319,4
-117.227448,32.898115,99.81,0.36,4
-117.227145,32.898115,99.89,0.35,4
-117.226841,32.898115,100.82,0.328,4
-117.226537,32.898115,101.83,0.325,4
-117.226234,32.898115,102.08,0.324,4
-117.22593,32.898115,101.29,0.267,4
-117.225626,32.898115,100.06,0.157,4
-117.225323,32.898115,99.3,0.164,4
-117.225019,32.898115,99.04,0.262,4
-117.224715,32.898115,99.36,0.431,4
-117.224411,32.898115,99.72,0.507,4
-117.224108,32.898115,100.37,0.336,4
-117.223804,32.898115,102.39,0.064,4
-117.2235,32.898115,104.68,0.046,4
-117.223197,32.898115,106.84,0.041,4
-117.257818,32.897811,71.76,0.052,1
-117.257515,32.897811,71.73,0.041,1
-117.257211,32.897811,71.72,0.03,1
-117.256907,32.897811,71.78,0.046,1
-117.256604,32.897811,71.95,0.036,1
-117.2563,32.897811,72.16,0.021,1
-117.255996,32.897811,72.43,-0.014,1
-117.252352,32.897811,88.77,0.228,1
-117.252048,32.897811,89.12,0.313,1
-117.251744,32.897811,89.61,0.422,1
-117.251441,32.897811,90.49,0.511,1
-117.251137,32.897811,91.74,0.617,1
-117.250833,32.897811,92.6,0.699,1
-117.25053,32.897811,92.7,0.653,1
-117.250226,32.897811,92.32,0.588,1
-117.249922,32.897811,91.36,0.505,1
-117.249619,32.897811,90.26,0.416,1
-117.249315,32.897811,89.39,0.363,1
-117.249011,32.897811,87.62,0.427,1
-117.248707,32.897811,85.33,0.556,1
-117.248404,32.897811,84.67,0.547,1
-117.2481,32.897811,84.41,0.562,1
-117.247796,32.897811,84.62,0.591,1
-117.247493,32.897811,85.13,0.594,1
-117.247189,32.897811,85.87,0.561,1
-117.246885,32.897811,86.81,0.537,1
-117.246582,32.897811,87.55,0.635,1
-117.246278,32.897811,88.16,0.697,1
-117.245974,32.897811,88.8,0.651,1
-117.24567,32.897811,85.7,0.607,2
-117.245367,32.897811,86.11,0.576,2
-117.245063,32.897811,90.69,0.401,2
-117.244759,32.897811,92.56,0.363,2
-117.244456,32.897811,92.18,0.601,2
-117.244152,32.897811,92.06,0.718,2
-117.243848,32.897811,93.66,0.515,2
-117.243545,32.897811,95.4,0.288,2
-117.243241,32.897811,95.78,0.215,2
-117.242937,32.897811,96.12,0.215,2
-117.242633,32.897811,96.38,0.299,2
-117.24233,32.897811,96.78,0.368,3
-117.242026,32.897811,97.18,0.33,3
-117.241722,32.897811,97.57,0.298,3
-117.241419,32.897811,97.95,0.251,3
-117.241115,32.897811,98.43,0.161,4
-117.240811,32.897811,98.51,0.19,4
-117.240508,32.897811,98,0.33,4
-117.240204,32.897811,96.81,0.407,4
-117.2399,32.897811,94.58,0.51,4
-117.239596,32.897811,92.77,0.357,4
-117.239293,32.897811,91.42,0.207,4
-117.238989,32.897811,91.1,0.355,3
-117.238685,32.897811,90.29,0.54,4
-117.238382,32.897811,89.44,0.619,4
-117.238078,32.897811,88.99,0.617,4
-117.237774,32.897811,88.8,0.593,4
-117.237471,32.897811,89.06,0.622,4
-117.237167,32.897811,89.48,0.674,4
-117.236863,32.897811,90.11,0.662,4
-117.236559,32.897811,90.76,0.601,4
-117.236256,32.897811,91.18,0.548,4
-117.235952,32.897811,91.42,0.472,4
-117.235648,32.897811,90.6,0.443,4
-117.235345,32.897811,90.02,0.618,4
-117.235041,32.897811,90.05,0.53,4
-117.234737,32.897811,90.14,0.423,4
-117.234434,32.897811,90.45,0.41,4
-117.23413,32.897811,90.81,0.524,4
-117.233826,32.897811,91.45,0.566,4
-117.233522,32.897811,92.66,0.536,4
-117.233219,32.897811,93.94,0.481,4
-117.232915,32.897811,95.31,0.489,4
-117.232611,32.897811,96.67,0.491,4
-117.232308,32.897811,98.02,0.346,4
-117.232004,32.897811,99.51,0.176,4
-117.2317,32.897811,101,0.122,4
-117.231397,32.897811,102.39,0.1,4
-117.231093,32.897811,103.59,0.145,4
-117.230789,32.897811,104.31,0.209,4
-117.230485,32.897811,103.91,0.339,4
-117.230182,32.897811,102.87,0.396,4
-117.229878,32.897811,102.76,0.365,4
-117.229574,32.897811,101.53,0.429,4
-117.229271,32.897811,100.93,0.454,4
-117.228967,32.897811,100.73,0.432,4
-117.228663,32.897811,100.67,0.379,4
-117.22836,32.897811,100.79,0.325,4
-117.228056,32.897811,100.04,0.305,4
-117.227752,32.897811,99.69,0.323,4
-117.227448,32.897811,99.64,0.329,4
-117.227145,32.897811,100.25,0.3,4
-117.226841,32.897811,101.53,0.282,4
-117.226537,32.897811,102.62,0.3,4
-117.226234,32.897811,102.8,0.284,4
-117.22593,32.897811,101.8,0.218,4
-117.225626,32.897811,100.21,0.17,4
-117.225323,32.897811,99.39,0.166,4
-117.225019,32.897811,99.08,0.313,4
-117.224715,32.897811,99.37,0.498,4
-117.224411,32.897811,99.59,0.516,4
-117.224108,32.897811,100.17,0.133,4
-117.223804,32.897811,101.6,0.103,4
-117.2235,32.897811,103.54,0.142,4
-117.223197,32.897811,105.37,0.087,4
-117.222893,32.897811,106.06,0.193,4
-117.222589,32.897811,105.71,0.335,4
-117.258122,32.897507,71.81,0.054,1
-117.257818,32.897507,71.77,0.057,1
-117.257515,32.897507,71.72,0.057,1
-117.257211,32.897507,71.69,0.035,1
-117.256907,32.897507,71.74,0.041,1
-117.256604,32.897507,71.9,0.022,1
-117.2563,32.897507,72.11,0.02,1
-117.255996,32.897507,72.31,0,1
-117.252352,32.897507,89.02,0.194,1
-117.252048,32.897507,89.17,0.249,1
-117.251744,32.897507,89.47,0.419,1
-117.251441,32.897507,90.42,0.511,1
-117.251137,32.897507,91.93,0.535,1
-117.250833,32.897507,93.02,0.596,1
-117.25053,32.897507,92.89,0.544,1
-117.250226,32.897507,91.95,0.501,1
-117.249922,32.897507,90.77,0.512,1
-117.249619,32.897507,89.7,0.475,1
-117.249315,32.897507,88.75,0.401,1
-117.249011,32.897507,86.97,0.433,1
-117.248707,32.897507,84.74,0.537,1
-117.248404,32.897507,84.11,0.54,1
-117.2481,32.897507,84.06,0.529,1
-117.247796,32.897507,84.63,0.517,1
-117.247493,32.897507,85.53,0.449,1
-117.247189,32.897507,86.29,0.489,1
-117.246885,32.897507,87.19,0.59,1
-117.246582,32.897507,88.01,0.728,1
-117.246278,32.897507,88.79,0.7,1
-117.245974,32.897507,89.18,0.666,1
-117.24567,32.897507,85.9,0.627,2
-117.245367,32.897507,88.87,0.632,3
-117.245063,32.897507,91.16,0.533,2
-117.244759,32.897507,91.82,0.554,2
-117.244456,32.897507,91.85,0.664,2
-117.244152,32.897507,91.89,0.707,2
-117.243848,32.897507,93.42,0.535,2
-117.243545,32.897507,95.15,0.355,2
-117.243241,32.897507,95.5,0.254,2
-117.242937,32.897507,95.75,0.085,2
-117.242633,32.897507,95.91,0.111,2
-117.24233,32.897507,96.25,0.243,3
-117.242026,32.897507,96.64,0.374,3
-117.241722,32.897507,97.11,0.322,3
-117.241419,32.897507,97.88,0.36,3
-117.241115,32.897507,98.3,0.129,4
-117.240811,32.897507,98.71,0.188,4
-117.240508,32.897507,98.57,0.247,4
-117.240204,32.897507,97.65,0.349,4
-117.2399,32.897507,95.7,0.338,4
-117.239596,32.897507,94.11,0.144,4
-117.239293,32.897507,92.85,0.092,4
-117.238989,32.897507,92.15,0.301,4
-117.238685,32.897507,91.47,0.523,4
-117.238382,32.897507,90.89,0.605,4
-117.238078,32.897507,90.44,0.582,4
-117.237774,32.897507,90.22,0.528,4
-117.237471,32.897507,90.46,0.518,4
-117.237167,32.897507,90.94,0.558,4
-117.236863,32.897507,91.69,0.544,4
-117.236559,32.897507,92.36,0.436,4
-117.236256,32.897507,92.59,0.322,4
-117.235952,32.897507,92.1,0.355,4
-117.235648,32.897507,90.32,0.509,4
-117.235345,32.897507,89.35,0.635,4
-117.235041,32.897507,89.68,0.485,4
-117.234737,32.897507,90.2,0.404,4
-117.234434,32.897507,91.04,0.417,4
-117.23413,32.897507,92.06,0.471,4
-117.233826,32.897507,93.18,0.438,4
-117.233522,32.897507,94.71,0.4,4
-117.233219,32.897507,96.1,0.405,4
-117.232915,32.897507,97.29,0.422,4
-117.232611,32.897507,98.29,0.433,4
-117.232308,32.897507,99.18,0.334,4
-117.232004,32.897507,100.15,0.194,4
-117.2317,32.897507,101.17,0.156,4
-117.231397,32.897507,102.11,0.124,4
-117.231093,32.897507,102.76,0.105,4
-117.230789,32.897507,102.93,0.186,4
-117.230485,32.897507,102.44,0.377,4
-117.230182,32.897507,101.57,0.432,4
-117.229878,32.897507,101.98,0.341,4
-117.229574,32.897507,100.87,0.403,4
-117.229271,32.897507,99.86,0.403,4
-117.228967,32.897507,99.25,0.412,4
-117.228663,32.897507,98.94,0.371,4
-117.22836,32.897507,99,0.361,4
-117.228056,32.897507,98.42,0.347,4
-117.227752,32.897507,98.42,0.367,4
-117.227448,32.897507,98.79,0.345,4
-117.227145,32.897507,99.62,0.281,4
-117.226841,32.897507,100.89,0.25,4
-117.226537,32.897507,101.9,0.26,4
-117.226234,32.897507,102.1,0.235,4
-117.22593,32.897507,101.28,0.182,4
-117.225626,32.897507,99.92,0.17,4
-117.225323,32.897507,99.17,0.173,4
-117.225019,32.897507,98.69,0.343,4
-117.224715,32.897507,98.74,0.556,4
-117.224411,32.897507,98.8,0.453,4
-117.224108,32.897507,99.31,0.22,4
-117.223804,32.897507,100.55,0.26,4
-117.2235,32.897507,102,0.284,4
-117.223197,32.897507,103.4,0.243,4
-117.222893,32.897507,104.11,0.234,4
-117.222589,32.897507,104.18,0.161,4
-117.222286,32.897507,103.9,0.26,4
-117.221982,32.897507,103.98,0.303,4
-117.258426,32.897204,71.81,0.063,1
-117.258122,32.897204,71.81,0.048,1
-117.257818,32.897204,71.79,0.075,1
-117.257515,32.897204,71.77,0.037,1
-117.257211,32.897204,71.74,0.041,1
-117.256907,32.897204,71.78,0.042,1
-117.256604,32.897204,71.89,0.023,1
-117.2563,32.897204,72.06,0.019,1
-117.255996,32.897204,72.2,0.001,1
-117.252352,32.897204,89.31,0.21,1
-117.252048,32.897204,89.21,0.289,1
-117.251744,32.897204,89.39,0.459,1
-117.251441,32.897204,90.36,0.481,1
-117.251137,32.897204,91.83,0.44,1
-117.250833,32.897204,92.84,0.438,1
-117.25053,32.897204,92.66,0.415,1
-117.250226,32.897204,91.65,0.406,1
-117.249922,32.897204,90.29,0.468,1
-117.249619,32.897204,89.05,0.542,1
-117.249315,32.897204,88,0.555,1
-117.249011,32.897204,86.2,0.529,1
-117.248707,32.897204,84.12,0.513,1
-117.248404,32.897204,83.72,0.496,1
-117.2481,32.897204,83.96,0.482,1
-117.247796,32.897204,84.81,0.469,1
-117.247493,32.897204,85.98,0.376,1
-117.247189,32.897204,86.68,0.487,1
-117.246885,32.897204,87.46,0.67,1
-117.246582,32.897204,88.45,0.73,1
-117.246278,32.897204,89.23,0.676,1
-117.245974,32.897204,89.35,0.682,1
-117.24567,32.897204,87.4,0.656,2
-117.245367,32.897204,88.88,0.708,3
-117.245063,32.897204,89.94,0.706,3
-117.244759,32.897204,90.9,0.718,2
-117.244456,32.897204,91.61,0.7,2
-117.244152,32.897204,91.91,0.7,2
-117.243848,32.897204,93.53,0.565,2
-117.243545,32.897204,95.38,0.304,2
-117.243241,32.897204,95.79,0.134,2
-117.242937,32.897204,96,0.058,2
-117.242633,32.897204,95.96,0.085,2
-117.24233,32.897204,96.01,0.216,3
-117.242026,32.897204,96.27,0.383,3
-117.241722,32.897204,96.74,0.411,3
-117.241419,32.897204,97.89,0.485,3
-117.241115,32.897204,98.38,0.153,4
-117.240811,32.897204,99.06,0.183,4
-117.240508,32.897204,99.22,0.172,4
-117.240204,32.897204,98.65,0.252,4
-117.2399,32.897204,97.26,0.317,4
-117.239596,32.897204,96.03,0.172,4
-117.239293,32.897204,94.98,0.106,4
-117.238989,32.897204,94.33,0.185,4
-117.238685,32.897204,93.61,0.344,4
-117.238382,32.897204,92.81,0.453,4
-117.238078,32.897204,92.06,0.441,4
-117.237774,32.897204,91.56,0.385,4
-117.237471,32.897204,91.6,0.382,4
-117.237167,32.897204,92.04,0.436,4
-117.236863,32.897204,92.78,0.461,4
-117.236559,32.897204,93.45,0.356,4
-117.236256,32.897204,93.53,0.277,4
-117.235952,32.897204,92.36,0.417,4
-117.235648,32.897204,89.89,0.593,4
-117.235345,32.897204,88.93,0.635,4
-117.235041,32.897204,89.81,0.569,4
-117.234737,32.897204,90.79,0.538,4
-117.234434,32.897204,92.06,0.523,4
-117.23413,32.897204,93.61,0.502,4
-117.233826,32.897204,95.31,0.344,4
-117.233522,32.897204,97.1,0.204,4
-117.233219,32.897204,98.26,0.166,4
-117.232915,32.897204,99.01,0.217,4
-117.232611,32.897204,99.54,0.341,4
-117.232308,32.897204,99.93,0.39,4
-117.232004,32.897204,100.26,0.29,4
-117.2317,32.897204,100.57,0.21,4
-117.231397,32.897204,100.89,0.248,4
-117.231093,32.897204,101.15,0.308,4
-117.230789,32.897204,101.27,0.305,4
-117.230485,32.897204,101.09,0.315,4
-117.230182,32.897204,100.79,0.41,4
-117.229878,32.897204,101.77,0.208,4
-117.229574,32.897204,100.94,0.262,4
-117.229271,32.897204,99.99,0.37,4
-117.228967,32.897204,99.26,0.394,4
-117.228663,32.897204,98.77,0.364,4
-117.22836,32.897204,98.81,0.407,4
-117.228056,32.897204,98.27,0.391,4
-117.227752,32.897204,98.24,0.41,4
-117.227448,32.897204,98.58,0.434,4
-117.227145,32.897204,99.18,0.381,4
-117.226841,32.897204,100.04,0.295,4
-117.226537,32.897204,100.81,0.244,4
-117.226234,32.897204,101.08,0.2,4
-117.22593,32.897204,100.51,0.152,4
-117.225626,32.897204,99.36,0.14,4
-117.225323,32.897204,98.62,0.172,4
-117.225019,32.897204,97.78,0.393,4
-117.224715,32.897204,97.48,0.561,4
-117.224411,32.897204,97.27,0.393,4
-117.224108,32.897204,97.87,0.275,4
-117.223804,32.897204,98.97,0.323,4
-117.2235,32.897204,100.08,0.36,4
-117.223197,32.897204,101.15,0.373,4
-117.222893,32.897204,101.91,0.297,4
-117.222589,32.897204,102.45,0.253,4
-117.222286,32.897204,102.88,0.3,4
-117.221982,32.897204,103.65,0.268,4
-117.221678,32.897204,105,0.186,4
-117.221374,32.897204,106.36,0.127,4
-117.221071,32.897204,106.93,0.108,4
-117.258426,32.8969,71.81,0.064,1
-117.258122,32.8969,71.82,0.042,1
-117.257818,32.8969,71.82,0.065,1
-117.257515,32.8969,71.82,0.042,1
-117.257211,32.8969,71.82,0.051,1
-117.256907,32.8969,71.84,0.046,1
-117.256604,32.8969,71.9,0.028,1
-117.2563,32.8969,71.99,0.021,1
-117.255996,32.8969,72.14,-0.002,1
-117.252352,32.8969,89.56,0.197,1
-117.252048,32.8969,89.19,0.333,1
-117.251744,32.8969,89.38,0.447,1
-117.251441,32.8969,90.24,0.418,1
-117.251137,32.8969,91.4,0.363,1
-117.250833,32.8969,92.1,0.355,1
-117.25053,32.8969,91.82,0.35,1
-117.250226,32.8969,90.77,0.333,1
-117.249922,32.8969,89.45,0.395,1
-117.249619,32.8969,88.32,0.512,1
-117.249315,32.8969,87.32,0.568,1
-117.249011,32.8969,85.52,0.554,1
-117.248707,32.8969,83.66,0.541,1
-117.248404,32.8969,83.81,0.529,1
-117.2481,32.8969,84.41,0.501,1
-117.247796,32.8969,85.27,0.492,1
-117.247493,32.8969,86.19,0.516,1
-117.247189,32.8969,86.91,0.607,1
-117.246885,32.8969,87.81,0.706,1
-117.246582,32.8969,88.91,0.68,1
-117.246278,32.8969,89.51,0.669,1
-117.245974,32.8969,89.42,0.696,1
-117.24567,32.8969,89.34,0.651,3
-117.245367,32.8969,89.26,0.71,3
-117.245063,32.8969,89.49,0.75,3
-117.244759,32.8969,90.53,0.754,2
-117.244456,32.8969,91.43,0.729,2
-117.244152,32.8969,91.97,0.719,2
-117.243848,32.8969,93.8,0.593,2
-117.243545,32.8969,95.83,0.287,2
-117.243241,32.8969,96.36,0.062,2
-117.242937,32.8969,96.57,0.056,2
-117.242633,32.8969,96.28,0.083,2
-117.24233,32.8969,95.9,0.2,3
-117.242026,32.8969,96.11,0.381,3
-117.241722,32.8969,96.79,0.441,3
-117.241419,32.8969,98.05,0.434,3
-117.241115,32.8969,98.51,0.182,4
-117.240811,32.8969,99.44,0.203,4
-117.240508,32.8969,99.91,0.25,4
-117.240204,32.8969,99.64,0.227,4
-117.2399,32.8969,98.62,0.316,4
-117.239596,32.8969,97.66,0.236,4
-117.239293,32.8969,96.76,0.126,4
-117.238989,32.8969,96.21,0.12,4
-117.238685,32.8969,95.5,0.244,4
-117.238382,32.8969,94.49,0.362,4
-117.238078,32.8969,93.35,0.377,4
-117.237774,32.8969,92.46,0.355,4
-117.237471,32.8969,92.2,0.374,4
-117.237167,32.8969,92.42,0.416,4
-117.236863,32.8969,93,0.414,4
-117.236559,32.8969,93.52,0.332,4
-117.236256,32.8969,93.39,0.372,4
-117.235952,32.8969,92.08,0.582,4
-117.235648,32.8969,89.73,0.672,4
-117.235345,32.8969,89.37,0.618,4
-117.235041,32.8969,90.68,0.57,4
-117.234737,32.8969,92,0.588,4
-117.234434,32.8969,93.52,0.504,4
-117.23413,32.8969,95.38,0.435,4
-117.233826,32.8969,97.27,0.265,4
-117.233522,32.8969,99.08,0.137,4
-117.233219,32.8969,100.13,0.146,4
-117.232915,32.8969,100.42,0.238,4
-117.232611,32.8969,100.29,0.361,4
-117.232308,32.8969,100.14,0.425,4
-117.232004,32.8969,100.12,0.38,4
-117.2317,32.8969,100.1,0.339,4
-117.231397,32.8969,100.06,0.406,4
-117.231093,32.8969,100.12,0.475,4
-117.230789,32.8969,100.33,0.396,4
-117.230485,32.8969,100.43,0.329,4
-117.230182,32.8969,100.56,0.471,4
-117.229878,32.8969,102,0.321,4
-117.229574,32.8969,101.53,0.217,4
-117.229271,32.8969,100.9,0.372,4
-117.228967,32.8969,100.37,0.401,4
-117.228663,32.8969,99.93,0.346,4
-117.22836,32.8969,100.14,0.347,4
-117.228056,32.8969,99.75,0.338,4
-117.227752,32.8969,99.52,0.343,4
-117.227448,32.8969,99.44,0.404,4
-117.227145,32.8969,99.48,0.466,4
-117.226841,32.8969,99.73,0.434,4
-117.226537,32.8969,100.08,0.321,4
-117.226234,32.8969,100.26,0.208,4
-117.22593,32.8969,99.78,0.133,4
-117.225626,32.8969,98.7,0.121,4
-117.225323,32.8969,97.86,0.232,4
-117.225019,32.8969,96.55,0.476,4
-117.224715,32.8969,95.7,0.494,4
-117.224411,32.8969,95.29,0.35,4
-117.224108,32.8969,95.85,0.329,4
-117.223804,32.8969,96.91,0.394,4
-117.2235,32.8969,97.94,0.446,4
-117.223197,32.8969,98.93,0.449,4
-117.222893,32.8969,99.76,0.456,4
-117.222589,32.8969,100.61,0.444,4
-117.222286,32.8969,101.47,0.387,4
-117.221982,32.8969,102.8,0.27,4
-117.221678,32.8969,104.71,0.179,4
-117.221374,32.8969,106.49,0.142,4
-117.221071,32.8969,107.79,0.146,4
-117.220767,32.8969,108.69,0.167,4
-117.259033,32.896596,71.73,0.105,1
-117.258729,32.896596,71.8,0.072,1
-117.258426,32.896596,71.82,0.067,1
-117.258122,32.896596,71.83,0.059,1
-117.257818,32.896596,71.84,0.075,1
-117.257515,32.896596,71.85,0.067,1
-117.257211,32.896596,71.86,0.069,1
-117.256907,32.896596,71.87,0.048,1
-117.256604,32.896596,71.89,0.023,1
-117.2563,32.896596,71.94,0.017,1
-117.255996,32.896596,72.12,-0.003,1
-117.252352,32.896596,89.55,0.165,1
-117.252048,32.896596,89.06,0.28,1
-117.251744,32.896596,89.28,0.314,1
-117.251441,32.896596,89.94,0.312,1
-117.251137,32.896596,90.71,0.3,1
-117.250833,32.896596,91.08,0.293,1
-117.25053,32.896596,90.61,0.341,1
-117.250226,32.896596,89.57,0.414,1
-117.249922,32.896596,88.48,0.508,1
-117.249619,32.896596,87.74,0.571,1
-117.249315,32.896596,87.17,0.579,1
-117.249011,32.896596,85.76,0.57,1
-117.248707,32.896596,84.18,0.564,1
-117.248404,32.896596,84.52,0.57,1
-117.2481,32.896596,85.11,0.569,1
-117.247796,32.896596,85.76,0.579,1
-117.247493,32.896596,86.35,0.653,1
-117.247189,32.896596,87.06,0.703,1
-117.246885,32.896596,88.05,0.692,1
-117.246582,32.896596,89.06,0.664,1
-117.246278,32.896596,89.58,0.669,1
-117.245974,32.896596,89.59,0.656,2
-117.24567,32.896596,89.42,0.61,2
-117.245367,32.896596,89.41,0.67,2
-117.245063,32.896596,89.7,0.747,2
-117.244759,32.896596,90.49,0.752,2
-117.244456,32.896596,91.28,0.732,2
-117.244152,32.896596,92.89,0.722,2
-117.243848,32.896596,94.93,0.598,2
-117.243545,32.896596,96.21,0.314,2
-117.243241,32.896596,96.84,0.111,2
-117.242937,32.896596,97.05,0.098,2
-117.242633,32.896596,96.56,0.09,2
-117.24233,32.896596,95.87,0.197,3
-117.242026,32.896596,96.12,0.379,3
-117.241722,32.896596,97.05,0.449,3
-117.241419,32.896596,98.38,0.361,3
-117.241115,32.896596,98.82,0.143,4
-117.240811,32.896596,99.88,0.161,4
-117.240508,32.896596,100.54,0.252,4
-117.240204,32.896596,100.39,0.184,4
-117.2399,32.896596,99.43,0.305,4
-117.239596,32.896596,98.52,0.259,4
-117.239293,32.896596,97.64,0.14,4
-117.238989,32.896596,97.12,0.158,4
-117.238685,32.896596,96.4,0.288,4
-117.238382,32.896596,95.28,0.435,4
-117.238078,32.896596,93.9,0.505,4
-117.237774,32.896596,92.72,0.475,4
-117.237471,32.896596,92.23,0.415,4
-117.237167,32.896596,92.21,0.38,4
-117.236863,32.896596,92.48,0.375,4
-117.236559,32.896596,92.76,0.422,4
-117.236256,32.896596,92.58,0.609,4
-117.235952,32.896596,91.92,0.687,4
-117.235648,32.896596,90.59,0.688,4
-117.235345,32.896596,90.93,0.642,4
-117.235041,32.896596,92.44,0.617,4
-117.234737,32.896596,93.91,0.574,4
-117.234434,32.896596,95.49,0.395,4
-117.23413,32.896596,97.27,0.265,4
-117.233826,32.896596,98.93,0.165,4
-117.233522,32.896596,100.6,0.125,4
-117.233219,32.896596,101.61,0.21,4
-117.232915,32.896596,101.68,0.356,4
-117.232611,32.896596,101.01,0.463,4
-117.232308,32.896596,100.32,0.482,4
-117.232004,32.896596,100.09,0.496,4
-117.2317,32.896596,100.04,0.568,4
-117.231397,32.896596,99.99,0.591,4
-117.231093,32.896596,100.04,0.55,4
-117.230789,32.896596,100.25,0.45,4
-117.230485,32.896596,100.53,0.374,4
-117.230182,32.896596,100.87,0.384,4
-117.229878,32.896596,102.53,0.449,4
-117.229574,32.896596,102.3,0.276,4
-117.229271,32.896596,101.86,0.322,4
-117.228967,32.896596,101.63,0.402,4
-117.228663,32.896596,101.54,0.361,4
-117.22836,32.896596,102.04,0.333,4
-117.228056,32.896596,101.79,0.32,4
-117.227752,32.896596,101.31,0.303,4
-117.227448,32.896596,100.72,0.319,4
-117.227145,32.896596,100.2,0.403,4
-117.226841,32.896596,99.88,0.476,4
-117.226537,32.896596,99.71,0.385,4
-117.226234,32.896596,99.58,0.213,4
-117.22593,32.896596,99.04,0.134,4
-117.225626,32.896596,97.98,0.152,4
-117.225323,32.896596,97,0.349,4
-117.225019,32.896596,95.35,0.461,4
-117.224715,32.896596,94.17,0.425,4
-117.224411,32.896596,93.71,0.353,4
-117.224108,32.896596,94.18,0.477,4
-117.223804,32.896596,95.19,0.511,4
-117.2235,32.896596,96.15,0.481,4
-117.223197,32.896596,96.94,0.443,4
-117.222893,32.896596,97.65,0.413,4
-117.222589,32.896596,98.49,0.459,4
-117.222286,32.896596,99.48,0.378,4
-117.221982,32.896596,101.09,0.33,4
-117.221678,32.896596,103.26,0.298,4
-117.221374,32.896596,105.22,0.205,4
-117.221071,32.896596,106.88,0.184,4
-117.220767,32.896596,107.77,0.229,4
-117.259033,32.896293,71.7,0.107,1
-117.258729,32.896293,71.79,0.055,1
-117.258426,32.896293,71.84,0.082,1
-117.258122,32.896293,71.85,0.085,1
-117.257818,32.896293,71.85,0.094,1
-117.257515,32.896293,71.86,0.11,1
-117.257211,32.896293,71.88,0.108,1
-117.256907,32.896293,71.9,0.046,1
-117.256604,32.896293,71.92,0.026,1
-117.2563,32.896293,71.97,0.019,1
-117.255996,32.896293,72.17,0.008,1
-117.252352,32.896293,89.07,0.165,1
-117.252048,32.896293,88.81,0.204,1
-117.251744,32.896293,88.99,0.181,1
-117.251441,32.896293,89.41,0.211,1
-117.251137,32.896293,89.91,0.255,1
-117.250833,32.896293,90.02,0.288,1
-117.25053,32.896293,89.43,0.42,1
-117.250226,32.896293,88.45,0.545,1
-117.249922,32.896293,87.75,0.568,1
-117.249619,32.896293,87.56,0.542,1
-117.249315,32.896293,87.55,0.525,1
-117.249011,32.896293,86.69,0.51,1
-117.248707,32.896293,85.4,0.5,1
-117.248404,32.896293,85.57,0.545,1
-117.2481,32.896293,85.74,0.639,1
-117.247796,32.896293,86.07,0.696,1
-117.247493,32.896293,86.54,0.707,1
-117.247189,32.896293,87.13,0.717,1
-117.246885,32.896293,87.9,0.704,1
-117.246582,32.896293,88.85,0.645,1
-117.246278,32.896293,89.22,0.628,1
-117.245974,32.896293,89.02,0.647,2
-117.24567,32.896293,88.8,0.657,2
-117.245367,32.896293,89.08,0.679,2
-117.245063,32.896293,89.6,0.74,2
-117.244759,32.896293,90.32,0.741,2
-117.244456,32.896293,91.1,0.723,2
-117.244152,32.896293,93.33,0.731,2
-117.243848,32.896293,95.54,0.603,2
-117.243545,32.896293,96.42,0.334,2
-117.243241,32.896293,97.07,0.256,2
-117.242937,32.896293,97.23,0.322,2
-117.242633,32.896293,96.69,0.159,2
-117.24233,32.896293,96.02,0.166,3
-117.242026,32.896293,96.39,0.271,3
-117.241722,32.896293,97.33,0.457,3
-117.241419,32.896293,98.54,0.428,3
-117.241115,32.896293,99.12,0.157,4
-117.240811,32.896293,100.24,0.139,4
-117.240508,32.896293,100.91,0.185,4
-117.240204,32.896293,100.82,0.157,4
-117.2399,32.896293,99.76,0.286,4
-117.239596,32.896293,98.67,0.216,4
-117.239293,32.896293,97.64,0.117,4
-117.238989,32.896293,97,0.228,4
-117.238685,32.896293,96.17,0.456,4
-117.238382,32.896293,95.01,0.555,4
-117.238078,32.896293,93.59,0.518,4
-117.237774,32.896293,92.31,0.484,4
-117.237471,32.896293,91.65,0.467,4
-117.237167,32.896293,91.44,0.436,4
-117.236863,32.896293,91.57,0.462,4
-117.236559,32.896293,91.83,0.641,4
-117.236256,32.896293,92.09,0.752,4
-117.235952,32.896293,92.61,0.642,4
-117.235648,32.896293,92.44,0.498,4
-117.235345,32.896293,92.84,0.492,4
-117.235041,32.896293,94.52,0.554,4
-117.234737,32.896293,96.21,0.52,4
-117.234434,32.896293,97.74,0.399,4
-117.23413,32.896293,99.16,0.386,4
-117.233826,32.896293,100.41,0.3,4
-117.233522,32.896293,101.78,0.257,4
-117.233219,32.896293,102.5,0.333,4
-117.232915,32.896293,102.23,0.426,4
-117.232611,32.896293,101.29,0.482,4
-117.232308,32.896293,100.5,0.457,4
-117.232004,32.896293,100.31,0.444,4
-117.2317,32.896293,100.31,0.498,4
-117.231397,32.896293,100.34,0.476,4
-117.231093,32.896293,100.48,0.482,4
-117.230789,32.896293,100.8,0.41,4
-117.230485,32.896293,101.13,0.34,4
-117.230182,32.896293,101.53,0.218,4
-117.229878,32.896293,103.25,0.252,4
-117.229574,32.896293,103.13,0.154,4
-117.229271,32.896293,102.86,0.145,4
-117.228967,32.896293,102.82,0.354,4
-117.228663,32.896293,102.86,0.367,4
-117.22836,32.896293,103.34,0.321,4
-117.228056,32.896293,102.99,0.289,4
-117.227752,32.896293,102.41,0.264,4
-117.227448,32.896293,101.55,0.254,4
-117.227145,32.896293,100.58,0.298,4
-117.226841,32.896293,99.84,0.384,4
-117.226537,32.896293,99.35,0.331,4
-117.226234,32.896293,98.98,0.173,4
-117.22593,32.896293,98.34,0.128,4
-117.225626,32.896293,97.21,0.185,4
-117.225323,32.896293,96.05,0.375,4
-117.225019,32.896293,94.35,0.402,4
-117.224715,32.896293,93.3,0.493,4
-117.224411,32.896293,93.03,0.467,4
-117.224108,32.896293,93.53,0.522,4
-117.223804,32.896293,94.48,0.487,4
-117.2235,32.896293,95.25,0.449,4
-117.223197,32.896293,95.7,0.439,4
-117.222893,32.896293,95.98,0.374,4
-117.222589,32.896293,96.52,0.432,4
-117.222286,32.896293,97.56,0.358,4
-117.221982,32.896293,99.05,0.359,4
-117.221678,32.896293,100.89,0.395,4
-117.221374,32.896293,102.73,0.346,4
-117.221071,32.896293,104.81,0.251,4
-117.220767,32.896293,106.28,0.163,4
-117.220463,32.896293,106.52,0.105,4
-117.259337,32.895989,71.56,0.092,1
-117.259033,32.895989,71.66,0.11,1
-117.258729,32.895989,71.75,0.08,1
-117.258426,32.895989,71.81,0.084,1
-117.258122,32.895989,71.83,0.094,1
-117.257818,32.895989,71.84,0.097,1
-117.257515,32.895989,71.86,0.104,1
-117.257211,32.895989,71.91,0.082,1
-117.256907,32.895989,71.95,0.018,1
-117.256604,32.895989,71.99,0.021,1
-117.2563,32.895989,72.07,0.029,1
-117.255996,32.895989,72.26,0.023,1
-117.252352,32.895989,88.86,0.208,1
-117.252048,32.895989,88.76,0.234,1
-117.251744,32.895989,88.81,0.271,1
-117.251441,32.895989,88.97,0.335,1
-117.251137,32.895989,89.17,0.409,1
-117.250833,32.895989,89,0.35,1
-117.25053,32.895989,88.44,0.345,1
-117.250226,32.895989,87.77,0.434,1
-117.249922,32.895989,87.49,0.469,1
-117.249619,32.895989,87.73,0.449,1
-117.249315,32.895989,88.17,0.451,1
-117.249011,32.895989,88.17,0.47,1
-117.248707,32.895989,87.82,0.482,1
-117.248404,32.895989,87.98,0.509,1
-117.2481,32.895989,88.09,0.639,1
-117.247796,32.895989,88.16,0.725,1
-117.247493,32.895989,88.45,0.699,1
-117.247189,32.895989,88.77,0.736,1
-117.246885,32.895989,89.18,0.718,1
-117.246582,32.895989,89.72,0.556,1
-117.246278,32.895989,89.27,0.661,2
-117.245974,32.895989,87.68,0.676,2
-117.24567,32.895989,87.34,0.727,2
-117.245367,32.895989,88.01,0.712,2
-117.245063,32.895989,88.9,0.748,2
-117.244759,32.895989,89.38,0.752,3
-117.244456,32.895989,90.1,0.712,3
-117.244152,32.895989,91.43,0.711,3
-117.243848,32.895989,93.07,0.622,3
-117.243545,32.895989,94.64,0.374,3
-117.243241,32.895989,95.6,0.208,3
-117.242937,32.895989,95.96,0.208,3
-117.242633,32.895989,96.3,0.149,3
-117.24233,32.895989,96.2,0.096,3
-117.242026,32.895989,96.66,0.213,3
-117.241722,32.895989,97.36,0.381,3
-117.241419,32.895989,98.28,0.351,3
-117.241115,32.895989,99.13,0.296,4
-117.240811,32.895989,100.35,0.211,4
-117.240508,32.895989,100.91,0.227,4
-117.240204,32.895989,100.88,0.296,4
-117.2399,32.895989,99.98,0.253,4
-117.239596,32.895989,98.79,0.14,4
-117.239293,32.895989,97.52,0.087,4
-117.238989,32.895989,96.47,0.226,4
-117.238685,32.895989,95.36,0.488,4
-117.238382,32.895989,94.1,0.583,4
-117.238078,32.895989,92.88,0.498,4
-117.237774,32.895989,91.81,0.427,4
-117.237471,32.895989,91.02,0.415,4
-117.237167,32.895989,90.71,0.457,4
-117.236863,32.895989,90.93,0.556,4
-117.236559,32.895989,91.65,0.629,4
-117.236256,32.895989,92.23,0.651,4
-117.235952,32.895989,91.45,0.553,4
-117.235648,32.895989,92.53,0.306,4
-117.235345,32.895989,93.85,0.235,4
-117.235041,32.895989,95.4,0.322,4
-117.234737,32.895989,98.78,0.378,4
-117.234434,32.895989,100.35,0.407,4
-117.23413,32.895989,101.49,0.526,4
-117.233826,32.895989,101.9,0.417,4
-117.233522,32.895989,102.51,0.321,4
-117.233219,32.895989,102.78,0.294,4
-117.232915,32.895989,102.42,0.354,4
-117.232611,32.895989,101.62,0.429,4
-117.232308,32.895989,101.06,0.32,4
-117.232004,32.895989,101.08,0.144,4
-117.2317,32.895989,101.21,0.136,4
-117.231397,32.895989,101.25,0.202,4
-117.231093,32.895989,101.22,0.335,4
-117.230789,32.895989,101.25,0.381,4
-117.230485,32.895989,101.44,0.396,4
-117.230182,32.895989,101.71,0.192,4
-117.229878,32.895989,102.46,0.144,4
-117.229574,32.895989,102.49,0.121,4
-117.229271,32.895989,102.4,0.203,4
-117.228967,32.895989,102.44,0.306,4
-117.228663,32.895989,102.36,0.282,4
-117.22836,32.895989,102.39,0.253,4
-117.228056,32.895989,102.43,0.242,4
-117.227752,32.895989,102.04,0.238,4
-117.227448,32.895989,101.04,0.241,4
-117.227145,32.895989,99.86,0.287,4
-117.226841,32.895989,99.01,0.345,4
-117.226537,32.895989,98.52,0.27,4
-117.226234,32.895989,98.13,0.136,4
-117.22593,32.895989,97.62,0.155,4
-117.225626,32.895989,96.77,0.271,4
-117.225323,32.895989,95.63,0.379,4
-117.225019,32.895989,94.25,0.338,4
-117.224715,32.895989,93.33,0.483,4
-117.224411,32.895989,93.22,0.653,4
-117.224108,32.895989,93.84,0.612,4
-117.223804,32.895989,94.86,0.495,4
-117.2235,32.895989,95.38,0.457,4
-117.223197,32.895989,95.47,0.475,4
-117.222893,32.895989,95.42,0.399,4
-117.222589,32.895989,95.69,0.36,4
-117.222286,32.895989,96.55,0.332,4
-117.221982,32.895989,97.79,0.353,4
-117.221678,32.895989,99.23,0.407,4
-117.221374,32.895989,100.77,0.405,4
-117.221071,32.895989,102.82,0.313,4
-117.220767,32.895989,104.78,0.211,4
-117.220463,32.895989,105.85,0.147,4
-117.22016,32.895989,106.38,0.1,4
-117.259641,32.895685,71.49,0.106,1
-117.259337,32.895685,71.52,0.094,1
-117.259033,32.895685,71.58,0.108,1
-117.258729,32.895685,71.65,0.093,1
-117.258426,32.895685,71.71,0.074,1
-117.258122,32.895685,71.75,0.091,1
-117.257818,32.895685,71.79,0.079,1
-117.257515,32.895685,71.85,0.069,1
-117.257211,32.895685,71.92,0.062,1
-117.256907,32.895685,71.99,0.036,1
-117.256604,32.895685,72.06,0.028,1
-117.2563,32.895685,72.16,0.029,1
-117.255996,32.895685,72.33,0.023,1
-117.255692,32.895685,72.55,-0.021,1
-117.255389,32.895685,72.91,-0.074,1
-117.255085,32.895685,73.18,-0.094,1
-117.252655,32.895685,88.79,0.225,1
-117.252352,32.895685,88.76,0.306,1
-117.252048,32.895685,88.74,0.342,1
-117.251744,32.895685,88.68,0.371,1
-117.251441,32.895685,88.62,0.39,1
-117.251137,32.895685,88.57,0.441,1
-117.250833,32.895685,88.21,0.385,1
-117.25053,32.895685,87.78,0.335,1
-117.250226,32.895685,87.42,0.375,1
-117.249922,32.895685,87.41,0.452,1
-117.249619,32.895685,87.92,0.468,1
-117.249315,32.895685,88.7,0.45,1
-117.249011,32.895685,89.07,0.47,1
-117.248707,32.895685,88.98,0.487,1
-117.248404,32.895685,89.11,0.491,1
-117.2481,32.895685,89.14,0.574,1
-117.247796,32.895685,88.97,0.658,1
-117.247493,32.895685,89,0.652,1
-117.247189,32.895685,89,0.628,1
-117.246885,32.895685,89.01,0.659,1
-117.246582,32.895685,87.77,0.587,2
-117.246278,32.895685,87.55,0.626,2
-117.245974,32.895685,85.69,0.687,2
-117.24567,32.895685,85.57,0.744,2
-117.245367,32.895685,86.61,0.709,2
-117.245063,32.895685,87.99,0.717,2
-117.244759,32.895685,89.21,0.753,2
-117.244456,32.895685,90.33,0.741,2
-117.244152,32.895685,91.1,0.723,3
-117.243848,32.895685,92.1,0.672,3
-117.243545,32.895685,93.72,0.458,3
-117.243241,32.895685,94.99,0.2,3
-117.242937,32.895685,95.7,0.138,3
-117.242633,32.895685,96.51,0.13,3
-117.24233,32.895685,96.63,0.123,3
-117.242026,32.895685,96.89,0.187,3
-117.241722,32.895685,97.28,0.363,3
-117.241419,32.895685,98.09,0.355,4
-117.241115,32.895685,98.87,0.381,4
-117.240811,32.895685,99.82,0.336,4
-117.240508,32.895685,100.46,0.272,4
-117.240204,32.895685,100.6,0.271,4
-117.2399,32.895685,99.89,0.242,4
-117.239596,32.895685,98.76,0.149,4
-117.239293,32.895685,97.44,0.111,4
-117.238989,32.895685,96.26,0.288,4
-117.238685,32.895685,94.99,0.515,4
-117.238382,32.895685,93.61,0.587,4
-117.238078,32.895685,92.34,0.531,4
-117.237774,32.895685,91.22,0.49,4
-117.237471,32.895685,90.34,0.529,4
-117.237167,32.895685,90.04,0.615,4
-117.236863,32.895685,90.52,0.648,4
-117.236559,32.895685,91.67,0.552,4
-117.236256,32.895685,92.88,0.538,4
-117.235952,32.895685,92.63,0.42,4
-117.235648,32.895685,94.04,0.364,4
-117.235345,32.895685,95.7,0.231,4
-117.235041,32.895685,97.36,0.176,4
-117.234737,32.895685,100.45,0.381,4
-117.234434,32.895685,101.75,0.453,4
-117.23413,32.895685,102.55,0.398,4
-117.233826,32.895685,102.46,0.258,4
-117.233522,32.895685,102.54,0.342,4
-117.233219,32.895685,102.47,0.351,4
-117.232915,32.895685,102.21,0.392,4
-117.232611,32.895685,101.85,0.431,4
-117.232308,32.895685,101.71,0.274,4
-117.232004,32.895685,102.04,0.092,4
-117.2317,32.895685,102.39,0.101,4
-117.231397,32.895685,102.38,0.227,4
-117.231093,32.895685,101.97,0.361,4
-117.230789,32.895685,101.58,0.394,4
-117.230485,32.895685,101.37,0.361,4
-117.230182,32.895685,101.34,0.312,4
-117.229878,32.895685,101.88,0.242,4
-117.229574,32.895685,101.92,0.265,4
-117.229271,32.895685,101.99,0.263,4
-117.228967,32.895685,102.09,0.254,4
-117.228663,32.895685,101.97,0.25,4
-117.22836,32.895685,101.73,0.246,4
-117.228056,32.895685,101.43,0.248,4
-117.227752,32.895685,100.84,0.249,4
-117.227448,32.895685,99.84,0.284,4
-117.227145,32.895685,98.79,0.339,4
-117.226841,32.895685,98.11,0.31,4
-117.226537,32.895685,97.71,0.191,4
-117.226234,32.895685,97.38,0.131,4
-117.22593,32.895685,96.98,0.219,4
-117.225626,32.895685,96.35,0.329,4
-117.225323,32.895685,95.63,0.325,4
-117.225019,32.895685,94.82,0.317,4
-117.224715,32.895685,94.36,0.437,4
-117.224411,32.895685,94.35,0.625,4
-117.224108,32.895685,95.09,0.553,4
-117.223804,32.895685,96.57,0.422,4
-117.2235,32.895685,96.77,0.413,4
-117.223197,32.895685,96.45,0.506,4
-117.222893,32.895685,96.28,0.435,4
-117.222589,32.895685,96.41,0.399,4
-117.222286,32.895685,97.1,0.338,4
-117.221982,32.895685,98.16,0.345,4
-117.221678,32.895685,99.36,0.374,4
-117.221374,32.895685,100.63,0.375,4
-117.221071,32.895685,101.84,0.356,4
-117.220767,32.895685,103.12,0.32,4
-117.220463,32.895685,104.47,0.229,4
-117.22016,32.895685,105.26,0.121,4
-117.259641,32.895381,71.5,0.12,1
-117.259337,32.895381,71.49,0.102,1
-117.259033,32.895381,71.5,0.096,1
-117.258729,32.895381,71.53,0.118,1
-117.258426,32.895381,71.59,0.073,1
-117.258122,32.895381,71.65,0.106,1
-117.257818,32.895381,71.72,0.065,1
-117.257515,32.895381,71.82,0.051,1
-117.257211,32.895381,71.92,0.038,1
-117.256907,32.895381,72.02,0.032,1
-117.256604,32.895381,72.11,0.038,1
-117.2563,32.895381,72.22,0.033,1
-117.255996,32.895381,72.35,0.014,1
-117.255692,32.895381,72.52,-0.028,1
-117.255389,32.895381,72.84,-0.075,1
-117.255085,32.895381,73.34,-0.129,1
-117.254781,32.895381,74.14,-0.172,1
-117.254478,32.895381,75.46,-0.186,1
-117.254174,32.895381,77.54,-0.203,1
-117.25387,32.895381,81.42,-0.08,1
-117.253567,32.895381,87.42,0.087,1
-117.253263,32.895381,88.74,0.171,1
-117.252959,32.895381,88.69,0.17,1
-117.252655,32.895381,88.75,0.166,1
-117.252352,32.895381,88.86,0.306,1
-117.252048,32.895381,89.12,0.39,1
-117.251744,32.895381,89.31,0.45,1
-117.251441,32.895381,89.3,0.457,1
-117.251137,32.895381,89.09,0.451,1
-117.250833,32.895381,88.37,0.472,1
-117.25053,32.895381,87.69,0.479,1
-117.250226,32.895381,87.36,0.476,1
-117.249922,32.895381,87.5,0.523,1
-117.249619,32.895381,88.19,0.509,1
-117.249315,32.895381,89.15,0.434,1
-117.249011,32.895381,89.65,0.429,1
-117.248707,32.895381,89.62,0.452,1
-117.248404,32.895381,89.77,0.472,1
-117.2481,32.895381,89.7,0.505,1
-117.247796,32.895381,89.31,0.578,1
-117.247493,32.895381,89.09,0.612,1
-117.247189,32.895381,88.85,0.592,1
-117.246885,32.895381,88.63,0.579,1
-117.246582,32.895381,86.59,0.657,2
-117.246278,32.895381,86.24,0.685,2
-117.245974,32.895381,84.43,0.704,2
-117.24567,32.895381,84.43,0.688,2
-117.245367,32.895381,85.57,0.667,2
-117.245063,32.895381,87.26,0.691,2
-117.244759,32.895381,88.82,0.741,2
-117.244456,32.895381,90.01,0.736,2
-117.244152,32.895381,91.01,0.716,2
-117.243848,32.895381,91.96,0.708,2
-117.243545,32.895381,93.18,0.576,2
-117.243241,32.895381,94.65,0.297,2
-117.242937,32.895381,95.98,0.091,2
-117.242633,32.895381,97.07,0.067,2
-117.24233,32.895381,97.35,0.113,2
-117.242026,32.895381,97.4,0.155,2
-117.241722,32.895381,97.19,0.327,3
-117.241419,32.895381,97.79,0.399,4
-117.241115,32.895381,98.27,0.382,4
-117.240811,32.895381,99.24,0.316,4
-117.240508,32.895381,99.97,0.285,4
-117.240204,32.895381,100.18,0.314,4
-117.2399,32.895381,99.69,0.278,4
-117.239596,32.895381,98.73,0.158,4
-117.239293,32.895381,97.56,0.101,4
-117.238989,32.895381,96.48,0.227,4
-117.238685,32.895381,95.27,0.49,4
-117.238382,32.895381,93.9,0.563,4
-117.238078,32.895381,92.65,0.535,4
-117.237774,32.895381,91.61,0.627,4
-117.237471,32.895381,90.87,0.685,4
-117.237167,32.895381,90.68,0.666,4
-117.236863,32.895381,91.18,0.652,4
-117.236559,32.895381,92.4,0.556,4
-117.236256,32.895381,93.85,0.443,4
-117.235952,32.895381,93.86,0.436,4
-117.235648,32.895381,95.37,0.422,4
-117.235345,32.895381,96.99,0.282,4
-117.235041,32.895381,98.32,0.27,4
-117.234737,32.895381,101.15,0.552,4
-117.234434,32.895381,102.11,0.53,4
-117.23413,32.895381,102.53,0.302,4
-117.233826,32.895381,102.07,0.249,4
-117.233522,32.895381,101.91,0.311,4
-117.233219,32.895381,101.83,0.361,4
-117.232915,32.895381,101.79,0.439,4
-117.232611,32.895381,101.76,0.395,4
-117.232308,32.895381,101.91,0.231,4
-117.232004,32.895381,102.5,0.151,4
-117.2317,32.895381,103,0.18,4
-117.231397,32.895381,102.88,0.285,4
-117.231093,32.895381,102.17,0.424,4
-117.230789,32.895381,101.38,0.426,4
-117.230485,32.895381,100.75,0.338,4
-117.230182,32.895381,100.27,0.406,4
-117.229878,32.895381,100.41,0.299,4
-117.229574,32.895381,100.16,0.255,4
-117.229271,32.895381,100.16,0.245,4
-117.228967,32.895381,100.26,0.257,4
-117.228663,32.895381,100.27,0.271,4
-117.22836,32.895381,100.16,0.273,4
-117.228056,32.895381,99.82,0.268,4
-117.227752,32.895381,99.21,0.287,4
-117.227448,32.895381,98.38,0.385,4
-117.227145,32.895381,97.62,0.405,4
-117.226841,32.895381,97.11,0.273,4
-117.226537,32.895381,96.79,0.129,4
-117.226234,32.895381,96.62,0.14,4
-117.22593,32.895381,96.52,0.271,4
-117.225626,32.895381,96.42,0.316,4
-117.225323,32.895381,96.4,0.298,4
-117.225019,32.895381,96.23,0.313,4
-117.224715,32.895381,96.19,0.35,4
-117.224411,32.895381,96.4,0.427,4
-117.224108,32.895381,97.03,0.392,4
-117.223804,32.895381,98.2,0.407,4
-117.2235,32.895381,97.77,0.419,4
-117.223197,32.895381,96.81,0.533,4
-117.222893,32.895381,96.26,0.48,4
-117.222589,32.895381,96.34,0.502,4
-117.222286,32.895381,97.04,0.413,4
-117.221982,32.895381,98.04,0.371,4
-117.221678,32.895381,99.08,0.335,4
-117.221374,32.895381,100.03,0.298,4
-117.221071,32.895381,100.85,0.304,4
-117.220767,32.895381,101.81,0.371,4
-117.220463,32.895381,103,0.41,4
-117.22016,32.895381,104.09,0.306,4
-117.219856,32.895381,104.73,0.199,4
-117.259944,32.895078,71.58,0.1,1
-117.259641,32.895078,71.56,0.124,1
-117.259337,32.895078,71.52,0.125,1
-117.259033,32.895078,71.5,0.09,1
-117.258729,32.895078,71.51,0.113,1
-117.258426,32.895078,71.55,0.049,1
-117.258122,32.895078,71.61,0.114,1
-117.257818,32.895078,71.69,0.055,1
-117.257515,32.895078,71.8,0.055,1
-117.257211,32.895078,71.91,0.028,1
-117.256907,32.895078,72.04,0.036,1
-117.256604,32.895078,72.14,0.038,1
-117.2563,32.895078,72.24,0.03,1
-117.255996,32.895078,72.34,0.009,1
-117.255692,32.895078,72.47,-0.021,1
-117.255389,32.895078,72.76,-0.069,1
-117.255085,32.895078,73.26,-0.113,1
-117.254781,32.895078,74.04,-0.142,1
-117.254478,32.895078,75.43,-0.184,1
-117.254174,32.895078,77.66,-0.191,1
-117.25387,32.895078,81.12,-0.094,1
-117.253567,32.895078,87.33,0.111,1
-117.253263,32.895078,88.38,0.168,1
-117.252959,32.895078,88.57,0.202,1
-117.252655,32.895078,88.84,0.158,1
-117.252352,32.895078,89.25,0.252,1
-117.252048,32.895078,89.97,0.423,1
-117.251744,32.895078,90.68,0.45,1
-117.251441,32.895078,90.99,0.435,1
-117.251137,32.895078,90.62,0.522,1
-117.250833,32.895078,89.25,0.587,1
-117.25053,32.895078,87.91,0.574,1
-117.250226,32.895078,87.4,0.532,1
-117.249922,32.895078,87.33,0.514,1
-117.249619,32.895078,87.75,0.469,1
-117.249315,32.895078,88.6,0.413,1
-117.249011,32.895078,89.12,0.417,1
-117.248707,32.895078,89.28,0.429,1
-117.248404,32.895078,89.55,0.42,1
-117.2481,32.895078,89.6,0.437,1
-117.247796,32.895078,89.64,0.472,1
-117.247493,32.895078,89.26,0.494,1
-117.247189,32.895078,88.89,0.52,1
-117.246885,32.895078,88.54,0.507,1
-117.246582,32.895078,86.4,0.667,2
-117.246278,32.895078,86.02,0.68,2
-117.245974,32.895078,84.16,0.695,2
-117.24567,32.895078,84.17,0.715,2
-117.245367,32.895078,85.42,0.706,2
-117.245063,32.895078,87.26,0.669,2
-117.244759,32.895078,88.79,0.709,2
-117.244456,32.895078,89.83,0.739,2
-117.244152,32.895078,90.77,0.709,2
-117.243848,32.895078,91.73,0.664,2
-117.243545,32.895078,92.72,0.6,2
-117.243241,32.895078,94.05,0.397,2
-117.242937,32.895078,95.77,0.118,2
-117.242633,32.895078,97.15,0.085,2
-117.24233,32.895078,97.59,0.138,2
-117.242026,32.895078,97.54,0.225,2
-117.241722,32.895078,97.22,0.337,3
-117.241419,32.895078,97.51,0.291,4
-117.241115,32.895078,98.02,0.296,4
-117.240811,32.895078,98.96,0.383,4
-117.240508,32.895078,99.66,0.33,4
-117.240204,32.895078,99.75,0.428,4
-117.2399,32.895078,99.48,0.375,4
-117.239596,32.895078,98.85,0.221,4
-117.239293,32.895078,98.01,0.117,4
-117.238989,32.895078,97.01,0.161,4
-117.238685,32.895078,95.82,0.389,4
-117.238382,32.895078,94.62,0.524,4
-117.238078,32.895078,93.66,0.539,4
-117.237774,32.895078,92.95,0.556,4
-117.237471,32.895078,92.54,0.533,4
-117.237167,32.895078,92.52,0.553,4
-117.236863,32.895078,92.93,0.592,4
-117.236559,32.895078,93.88,0.511,4
-117.236256,32.895078,95.12,0.305,4
-117.235952,32.895078,95.65,0.333,4
-117.235648,32.895078,96.84,0.449,4
-117.235345,32.895078,98.31,0.364,4
-117.235041,32.895078,99.31,0.451,4
-117.234737,32.895078,101.47,0.495,4
-117.234434,32.895078,101.98,0.471,4
-117.23413,32.895078,102.01,0.349,4
-117.233826,32.895078,101.63,0.267,4
-117.233522,32.895078,101.47,0.246,4
-117.233219,32.895078,101.42,0.346,4
-117.232915,32.895078,101.33,0.426,4
-117.232611,32.895078,101.31,0.345,4
-117.232308,32.895078,101.57,0.244,4
-117.232004,32.895078,102.13,0.256,4
-117.2317,32.895078,102.57,0.331,4
-117.231397,32.895078,102.44,0.432,4
-117.231093,32.895078,101.82,0.489,4
-117.230789,32.895078,101.25,0.421,4
-117.230485,32.895078,100.37,0.331,4
-117.230182,32.895078,99.56,0.445,4
-117.229878,32.895078,99.23,0.368,4
-117.229574,32.895078,98.56,0.312,4
-117.229271,32.895078,98.22,0.303,4
-117.228967,32.895078,98.24,0.29,4
-117.228663,32.895078,98.3,0.287,4
-117.22836,32.895078,98.35,0.297,4
-117.228056,32.895078,97.9,0.33,4
-117.227752,32.895078,97.38,0.406,4
-117.227448,32.895078,96.86,0.487,4
-117.227145,32.895078,96.41,0.413,4
-117.226841,32.895078,96.13,0.225,4
-117.226537,32.895078,96.02,0.103,4
-117.226234,32.895078,96.12,0.155,4
-117.22593,32.895078,96.4,0.295,4
-117.225626,32.895078,96.9,0.32,4
-117.225323,32.895078,97.59,0.339,4
-117.225019,32.895078,98.07,0.327,4
-117.224715,32.895078,98.55,0.295,4
-117.224411,32.895078,98.96,0.32,4
-117.224108,32.895078,99.4,0.299,4
-117.223804,32.895078,99.63,0.354,4
-117.2235,32.895078,98.39,0.414,4
-117.223197,32.895078,96.53,0.502,4
-117.222893,32.895078,95.68,0.509,4
-117.222589,32.895078,95.84,0.559,4
-117.222286,32.895078,96.72,0.509,4
-117.221982,32.895078,97.82,0.434,4
-117.221678,32.895078,98.75,0.361,4
-117.221374,32.895078,99.39,0.303,4
-117.221071,32.895078,99.83,0.3,4
-117.220767,32.895078,100.38,0.394,4
-117.220463,32.895078,101.24,0.533,4
-117.22016,32.895078,102.29,0.52,4
-117.219856,32.895078,103.12,0.318,4
-117.260248,32.894774,71.61,0.141,1
-117.259944,32.894774,71.64,0.123,1
-117.259641,32.894774,71.62,0.127,1
-117.259337,32.894774,71.59,0.143,1
-117.259033,32.894774,71.57,0.089,1
-117.258729,32.894774,71.57,0.111,1
-117.258426,32.894774,71.59,0.061,1
-117.258122,32.894774,71.63,0.094,1
-117.257818,32.894774,71.7,0.058,1
-117.257515,32.894774,71.79,0.039,1
-117.257211,32.894774,71.9,0.046,1
-117.256907,32.894774,72.01,0.04,1
-117.256604,32.894774,72.12,0.03,1
-117.2563,32.894774,72.2,0.022,1
-117.255996,32.894774,72.29,0.015,1
-117.255692,32.894774,72.4,-0.015,1
-117.255389,32.894774,72.67,-0.067,1
-117.255085,32.894774,73.14,-0.111,1
-117.254781,32.894774,73.94,-0.135,1
-117.254478,32.894774,75.44,-0.174,1
-117.254174,32.894774,77.68,-0.2,1
-117.25387,32.894774,79.78,-0.111,1
-117.253263,32.894774,87.86,0.17,1
-117.252959,32.894774,88.51,0.18,1
-117.252655,32.894774,89.14,0.159,1
-117.252352,32.894774,89.95,0.201,1
-117.252048,32.894774,91.15,0.224,1
-117.251744,32.894774,92.31,0.19,1
-117.251441,32.894774,92.88,0.268,1
-117.251137,32.894774,92.28,0.526,1
-117.250833,32.894774,90.3,0.649,1
-117.25053,32.894774,88.38,0.624,1
-117.250226,32.894774,87.61,0.541,1
-117.249922,32.894774,86.53,0.481,1
-117.249619,32.894774,85.93,0.443,1
-117.249315,32.894774,86.55,0.43,1
-117.249011,32.894774,87.08,0.453,1
-117.248707,32.894774,87.55,0.457,1
-117.248404,32.894774,88.04,0.428,1
-117.2481,32.894774,88.64,0.404,1
-117.247796,32.894774,90.08,0.392,1
-117.247493,32.894774,89.56,0.401,1
-117.247189,32.894774,89.08,0.504,1
-117.246885,32.894774,88.67,0.526,1
-117.246582,32.894774,86.79,0.665,2
-117.246278,32.894774,86.64,0.653,2
-117.245974,32.894774,84.63,0.701,2
-117.24567,32.894774,84.76,0.701,2
-117.245367,32.894774,86.06,0.687,2
-117.245063,32.894774,87.69,0.661,2
-117.244759,32.894774,89.02,0.679,2
-117.244456,32.894774,89.99,0.709,2
-117.244152,32.894774,90.92,0.705,2
-117.243848,32.894774,91.81,0.686,2
-117.243545,32.894774,92.57,0.68,2
-117.243241,32.894774,93.75,0.534,2
-117.242937,32.894774,95.7,0.211,2
-117.242633,32.894774,97.29,0.131,2
-117.24233,32.894774,97.7,0.202,2
-117.242026,32.894774,97.61,0.288,2
-117.241722,32.894774,97.37,0.353,2
-117.241419,32.894774,97.43,0.287,4
-117.241115,32.894774,98,0.323,4
-117.240811,32.894774,98.79,0.327,4
-117.240508,32.894774,99.37,0.227,4
-117.240204,32.894774,99.43,0.352,4
-117.2399,32.894774,99.52,0.412,4
-117.239596,32.894774,99.23,0.278,4
-117.239293,32.894774,98.7,0.139,4
-117.238989,32.894774,97.74,0.118,4
-117.238685,32.894774,96.62,0.285,4
-117.238382,32.894774,95.71,0.508,4
-117.238078,32.894774,95.13,0.477,4
-117.237774,32.894774,94.89,0.272,4
-117.237471,32.894774,94.88,0.27,4
-117.237167,32.894774,94.97,0.469,4
-117.236863,32.894774,95.18,0.655,4
-117.236559,32.894774,95.61,0.594,4
-117.236256,32.894774,96.36,0.435,4
-117.235952,32.894774,97.23,0.4,4
-117.235648,32.894774,98.37,0.473,4
-117.235345,32.894774,99.55,0.553,4
-117.235041,32.894774,100.61,0.613,4
-117.234737,32.894774,101.72,0.614,4
-117.234434,32.894774,101.97,0.605,4
-117.23413,32.894774,101.88,0.566,4
-117.233826,32.894774,101.81,0.431,4
-117.233522,32.894774,101.67,0.37,4
-117.233219,32.894774,101.53,0.406,4
-117.232915,32.894774,101.06,0.306,4
-117.232611,32.894774,100.74,0.141,4
-117.232308,32.894774,100.89,0.077,4
-117.232004,32.894774,101.19,0.114,4
-117.2317,32.894774,101.44,0.211,4
-117.231397,32.894774,101.35,0.264,4
-117.231093,32.894774,101.07,0.293,4
-117.230789,32.894774,101.14,0.371,4
-117.230485,32.894774,100.29,0.271,4
-117.230182,32.894774,99.38,0.407,4
-117.229878,32.894774,98.76,0.403,4
-117.229574,32.894774,97.83,0.382,4
-117.229271,32.894774,97.23,0.361,4
-117.228967,32.894774,97.06,0.334,4
-117.228663,32.894774,97,0.318,4
-117.22836,32.894774,96.99,0.327,4
-117.228056,32.894774,96.2,0.453,4
-117.227752,32.894774,95.67,0.558,4
-117.227448,32.894774,95.44,0.508,4
-117.227145,32.894774,95.3,0.346,4
-117.226841,32.894774,95.28,0.167,4
-117.226537,32.894774,95.4,0.092,4
-117.226234,32.894774,95.7,0.181,4
-117.22593,32.894774,96.33,0.295,4
-117.225626,32.894774,97.41,0.327,4
-117.225323,32.894774,98.64,0.364,4
-117.225019,32.894774,99.52,0.328,4
-117.224715,32.894774,100.45,0.344,4
-117.224411,32.894774,101.11,0.378,4
-117.224108,32.894774,101.52,0.278,4
-117.223804,32.894774,100.46,0.266,4
-117.2235,32.894774,98.45,0.461,4
-117.223197,32.894774,95.92,0.564,4
-117.222893,32.894774,95.02,0.627,4
-117.222589,32.894774,95.37,0.613,4
-117.222286,32.894774,96.54,0.541,4
-117.221982,32.894774,97.85,0.442,4
-117.221678,32.894774,98.69,0.361,4
-117.221374,32.894774,99.04,0.315,4
-117.221071,32.894774,99.22,0.365,4
-117.220767,32.894774,99.53,0.515,4
-117.220463,32.894774,100.12,0.61,4
-117.22016,32.894774,101.07,0.526,4
-117.219856,32.894774,102.18,0.354,4
-117.219552,32.894774,103.01,0.247,4
-117.260552,32.89447,71.5,0.151,1
-117.260248,32.89447,71.6,0.15,1
-117.259944,32.89447,71.64,0.126,1
-117.259641,32.89447,71.64,0.14,1
-117.259337,32.89447,71.64,0.121,1
-117.259033,32.89447,71.63,0.116,1
-117.258729,32.89447,71.64,0.099,1
-117.258426,32.89447,71.65,0.09,1
-117.258122,32.89447,71.66,0.112,1
-117.257818,32.89447,71.7,0.054,1
-117.257515,32.89447,71.77,0.069,1
-117.257211,32.89447,71.85,0.052,1
-117.256907,32.89447,71.94,0.043,1
-117.256604,32.89447,72.04,0.028,1
-117.2563,32.89447,72.14,0.016,1
-117.255996,32.89447,72.23,0.005,1
-117.255692,32.89447,72.34,-0.034,1
-117.255389,32.89447,72.57,-0.087,1
-117.255085,32.89447,73,-0.127,1
-117.254781,32.89447,73.91,-0.138,1
-117.254478,32.89447,75.57,-0.161,1
-117.254174,32.89447,77.65,-0.217,1
-117.25387,32.89447,80.12,-0.094,1
-117.253263,32.89447,87.67,0.18,1
-117.252959,32.89447,88.56,0.172,1
-117.252655,32.89447,89.66,0.135,1
-117.252352,32.89447,91.02,0.177,1
-117.252048,32.89447,92.75,0.194,1
-117.251744,32.89447,94.11,0.149,1
-117.251441,32.89447,94.6,0.193,1
-117.251137,32.89447,93.65,0.443,1
-117.250833,32.89447,91.44,0.595,1
-117.25053,32.89447,89.32,0.635,1
-117.250226,32.89447,88.18,0.591,1
-117.249922,32.89447,86.56,0.54,1
-117.249619,32.89447,85.46,0.506,1
-117.249315,32.89447,85.85,0.477,1
-117.249011,32.89447,86.41,0.464,1
-117.248707,32.89447,87.02,0.473,1
-117.248404,32.89447,87.66,0.479,1
-117.2481,32.89447,88.51,0.412,1
-117.247796,32.89447,90.02,0.41,1
-117.247493,32.89447,89.37,0.447,1
-117.247189,32.89447,88.75,0.512,1
-117.246885,32.89447,88.32,0.587,1
-117.246582,32.89447,86.71,0.638,2
-117.246278,32.89447,86.81,0.615,2
-117.245974,32.89447,85.13,0.663,2
-117.24567,32.89447,85.42,0.688,2
-117.245367,32.89447,86.56,0.73,2
-117.245063,32.89447,88,0.701,2
-117.244759,32.89447,89.27,0.679,2
-117.244456,32.89447,90.29,0.698,2
-117.244152,32.89447,91.41,0.667,2
-117.243848,32.89447,92.31,0.645,2
-117.243545,32.89447,92.84,0.685,2
-117.243241,32.89447,93.79,0.558,2
-117.242937,32.89447,95.48,0.237,2
-117.242633,32.89447,96.96,0.107,2
-117.24233,32.89447,97.25,0.12,2
-117.242026,32.89447,97.16,0.151,2
-117.241722,32.89447,96.99,0.278,2
-117.241419,32.89447,97,0.382,4
-117.241115,32.89447,97.4,0.349,4
-117.240811,32.89447,98.02,0.342,4
-117.240508,32.89447,98.56,0.21,4
-117.240204,32.89447,98.84,0.255,4
-117.2399,32.89447,99.2,0.322,4
-117.239596,32.89447,99.14,0.287,4
-117.239293,32.89447,98.88,0.254,4
-117.238989,32.89447,98.31,0.279,4
-117.238685,32.89447,97.67,0.369,4
-117.238382,32.89447,97.08,0.48,4
-117.238078,32.89447,96.72,0.413,4
-117.237774,32.89447,96.77,0.214,4
-117.237471,32.89447,97.01,0.185,4
-117.237167,32.89447,97.13,0.331,4
-117.236863,32.89447,97.07,0.506,4
-117.236559,32.89447,97.03,0.565,4
-117.236256,32.89447,97.23,0.505,4
-117.235952,32.89447,97.57,0.478,4
-117.235648,32.89447,98.46,0.582,4
-117.235345,32.89447,99.57,0.666,4
-117.235041,32.89447,100.57,0.449,4
-117.234737,32.89447,101.78,0.389,4
-117.234434,32.89447,102.23,0.35,4
-117.23413,32.89447,102.21,0.432,4
-117.233826,32.89447,102.02,0.407,4
-117.233522,32.89447,101.62,0.435,4
-117.233219,32.89447,101.19,0.435,4
-117.232915,32.89447,100.54,0.233,4
-117.232611,32.89447,100.14,0.054,4
-117.232308,32.89447,100.16,0.038,4
-117.232004,32.89447,100.22,0.09,4
-117.2317,32.89447,100.24,0.13,4
-117.231397,32.89447,100.12,0.075,4
-117.231093,32.89447,100.01,0.121,4
-117.230789,32.89447,100.26,0.336,4
-117.230485,32.89447,99.6,0.334,4
-117.230182,32.89447,98.78,0.38,4
-117.229878,32.89447,98.21,0.432,4
-117.229574,32.89447,97.28,0.436,4
-117.229271,32.89447,96.57,0.469,4
-117.228967,32.89447,96.27,0.465,4
-117.228663,32.89447,96.05,0.457,4
-117.22836,32.89447,95.87,0.455,4
-117.228056,32.89447,95.03,0.543,4
-117.227752,32.89447,94.59,0.561,4
-117.227448,32.89447,94.5,0.448,4
-117.227145,32.89447,94.48,0.275,4
-117.226841,32.89447,94.58,0.142,4
-117.226537,32.89447,94.81,0.141,4
-117.226234,32.89447,95.26,0.244,4
-117.22593,32.89447,96.13,0.327,4
-117.225626,32.89447,97.58,0.362,4
-117.225323,32.89447,99.15,0.351,4
-117.225019,32.89447,100.38,0.395,4
-117.224715,32.89447,101.7,0.452,4
-117.224411,32.89447,102.53,0.347,4
-117.224108,32.89447,103.07,0.271,4
-117.223804,32.89447,101.43,0.363,4
-117.2235,32.89447,99.12,0.572,4
-117.223197,32.89447,96.38,0.649,4
-117.222893,32.89447,95.55,0.687,4
-117.222589,32.89447,96.07,0.604,4
-117.222286,32.89447,97.42,0.491,4
-117.221982,32.89447,98.74,0.389,4
-117.221678,32.89447,99.38,0.33,4
-117.221374,32.89447,99.46,0.314,4
-117.221071,32.89447,99.44,0.433,4
-117.220767,32.89447,99.57,0.608,4
-117.220463,32.89447,100.02,0.603,4
-117.22016,32.89447,100.85,0.471,4
-117.219856,32.89447,101.83,0.385,4
-117.219552,32.89447,102.68,0.337,4
-117.219249,32.89447,103.3,0.292,4
-117.260855,32.894167,71.35,0.14,1
-117.260552,32.894167,71.43,0.136,1
-117.260248,32.894167,71.5,0.167,1
-117.259944,32.894167,71.56,0.152,1
-117.259641,32.894167,71.59,0.124,1
-117.259337,32.894167,71.61,0.101,1
-117.259033,32.894167,71.63,0.142,1
-117.258729,32.894167,71.66,0.088,1
-117.258426,32.894167,71.67,0.107,1
-117.258122,32.894167,71.68,0.118,1
-117.257818,32.894167,71.7,0.032,1
-117.257515,32.894167,71.72,0.091,1
-117.257211,32.894167,71.77,0.041,1
-117.256907,32.894167,71.83,0.038,1
-117.256604,32.894167,71.94,0.022,1
-117.2563,32.894167,72.06,0.019,1
-117.253263,32.894167,87.39,0.132,1
-117.252959,32.894167,88.79,0.169,1
-117.252655,32.894167,90.32,0.121,1
-117.252352,32.894167,92.13,0.166,1
-117.252048,32.894167,94.28,0.185,1
-117.251744,32.894167,95.89,0.154,1
-117.251441,32.894167,96.03,0.148,1
-117.251137,32.894167,94.81,0.246,1
-117.250833,32.894167,92.8,0.421,1
-117.25053,32.894167,90.84,0.554,1
-117.250226,32.894167,89.4,0.582,1
-117.249922,32.894167,87.14,0.579,1
-117.249619,32.894167,85.39,0.569,1
-117.249315,32.894167,85.47,0.509,1
-117.249011,32.894167,86.05,0.434,1
-117.248707,32.894167,86.75,0.431,1
-117.248404,32.894167,87.39,0.471,1
-117.2481,32.894167,88.12,0.436,1
-117.247796,32.894167,89.57,0.439,1
-117.247493,32.894167,88.91,0.5,1
-117.247189,32.894167,88.36,0.548,1
-117.246885,32.894167,88.1,0.614,1
-117.246582,32.894167,87.34,0.555,1
-117.246278,32.894167,86.89,0.557,2
-117.245974,32.894167,85.63,0.574,2
-117.24567,32.894167,85.96,0.675,2
-117.245367,32.894167,86.92,0.754,2
-117.245063,32.894167,88.13,0.741,2
-117.244759,32.894167,89.36,0.704,2
-117.244456,32.894167,90.55,0.681,2
-117.244152,32.894167,91.85,0.624,2
-117.243848,32.894167,92.72,0.62,2
-117.243545,32.894167,93.09,0.677,2
-117.243241,32.894167,93.79,0.582,2
-117.242937,32.894167,95.15,0.321,2
-117.242633,32.894167,96.62,0.153,2
-117.24233,32.894167,96.8,0.139,2
-117.242026,32.894167,96.84,0.157,2
-117.241722,32.894167,96.78,0.246,2
-117.241419,32.894167,96.09,0.451,4
-117.241115,32.894167,96.33,0.312,4
-117.240811,32.894167,96.92,0.443,4
-117.240508,32.894167,97.65,0.318,4
-117.240204,32.894167,98.21,0.298,4
-117.2399,32.894167,98.93,0.272,4
-117.239596,32.894167,99.18,0.268,4
-117.239293,32.894167,99.23,0.378,4
-117.238989,32.894167,99,0.488,4
-117.238685,32.894167,98.75,0.492,4
-117.238382,32.894167,98.57,0.496,4
-117.238078,32.894167,98.54,0.525,4
-117.237774,32.894167,98.78,0.46,4
-117.237471,32.894167,99,0.342,4
-117.237167,32.894167,99.03,0.325,4
-117.236863,32.894167,98.76,0.382,4
-117.236559,32.894167,98.44,0.4,4
-117.236256,32.894167,98.27,0.458,4
-117.235952,32.894167,98.33,0.587,4
-117.235648,32.894167,98.93,0.592,4
-117.235345,32.894167,99.73,0.408,4
-117.235041,32.894167,100.58,0.199,4
-117.234737,32.894167,101.82,0.246,4
-117.234434,32.894167,102.4,0.237,4
-117.23413,32.894167,102.54,0.188,4
-117.233826,32.894167,102.46,0.203,4
-117.233522,32.894167,101.83,0.357,4
-117.233219,32.894167,101,0.465,4
-117.232915,32.894167,100.11,0.364,4
-117.232611,32.894167,99.63,0.176,4
-117.232308,32.894167,99.62,0.082,4
-117.232004,32.894167,99.59,0.106,4
-117.2317,32.894167,99.48,0.125,4
-117.231397,32.894167,99.27,0.047,4
-117.231093,32.894167,99.24,0.093,4
-117.230789,32.894167,99.64,0.299,4
-117.230485,32.894167,99.14,0.396,4
-117.230182,32.894167,98.5,0.426,4
-117.229878,32.894167,98.11,0.463,4
-117.229574,32.894167,97.33,0.43,4
-117.229271,32.894167,96.68,0.438,4
-117.228967,32.894167,96.32,0.458,4
-117.228663,32.894167,95.93,0.538,4
-117.22836,32.894167,95.61,0.605,4
-117.228056,32.894167,94.69,0.566,4
-117.227752,32.894167,94.23,0.474,4
-117.227448,32.894167,94.15,0.364,4
-117.227145,32.894167,94.13,0.214,4
-117.226841,32.894167,94.18,0.154,4
-117.226537,32.894167,94.41,0.279,4
-117.226234,32.894167,94.98,0.425,4
-117.22593,32.894167,96.13,0.476,4
-117.225626,32.894167,97.8,0.462,4
-117.225323,32.894167,99.42,0.321,4
-117.225019,32.894167,101.06,0.483,4
-117.224715,32.894167,102.57,0.36,4
-117.224411,32.894167,103.58,0.159,4
-117.224108,32.894167,104.24,0.17,4
-117.223804,32.894167,102.37,0.333,4
-117.2235,32.894167,100.28,0.512,4
-117.223197,32.894167,97.79,0.66,4
-117.222893,32.894167,97.36,0.64,4
-117.222589,32.894167,97.89,0.553,4
-117.222286,32.894167,99.1,0.415,4
-117.221982,32.894167,100.13,0.334,4
-117.221678,32.894167,100.4,0.315,4
-117.221374,32.894167,100.17,0.311,4
-117.221071,32.894167,99.93,0.362,4
-117.220767,32.894167,99.98,0.444,4
-117.220463,32.894167,100.43,0.458,4
-117.22016,32.894167,101.17,0.418,4
-117.219856,32.894167,101.98,0.388,4
-117.219552,32.894167,102.65,0.36,4
-117.219249,32.894167,103.2,0.297,4
-117.261463,32.893863,71.23,0.132,1
-117.261159,32.893863,71.26,0.165,1
-117.260855,32.893863,71.3,0.159,1
-117.260552,32.893863,71.34,0.134,1
-117.260248,32.893863,71.39,0.151,1
-117.259944,32.893863,71.45,0.137,1
-117.259641,32.893863,71.51,0.123,1
-117.259337,32.893863,71.55,0.091,1
-117.259033,32.893863,71.6,0.155,1
-117.258729,32.893863,71.65,0.108,1
-117.258426,32.893863,71.68,0.085,1
-117.258122,32.893863,71.71,0.12,1
-117.257818,32.893863,71.7,0.022,1
-117.257515,32.893863,71.69,0.08,1
-117.257211,32.893863,71.7,0.053,1
-117.256907,32.893863,71.76,0.037,1
-117.256604,32.893863,71.87,0.04,1
-117.2563,32.893863,72.02,0.027,1
-117.253263,32.893863,87.25,0.125,1
-117.252959,32.893863,88.8,0.142,1
-117.252655,32.893863,90.64,0.114,1
-117.252352,32.893863,92.6,0.144,1
-117.252048,32.893863,94.72,0.165,1
-117.251744,32.893863,96.53,0.152,1
-117.251441,32.893863,97.01,0.137,1
-117.251137,32.893863,96.07,0.145,1
-117.250833,32.893863,94.27,0.214,1
-117.25053,32.893863,92.42,0.379,1
-117.250226,32.893863,90.67,0.525,1
-117.249922,32.893863,88.11,0.573,1
-117.249619,32.893863,85.97,0.561,1
-117.249315,32.893863,85.49,0.51,1
-117.249011,32.893863,85.75,0.423,1
-117.248707,32.893863,86.23,0.387,1
-117.248404,32.893863,86.71,0.426,1
-117.2481,32.893863,86.93,0.432,1
-117.247796,32.893863,87.08,0.425,1
-117.247493,32.893863,86.53,0.489,1
-117.247189,32.893863,86.15,0.586,1
-117.246885,32.893863,86.3,0.515,1
-117.246582,32.893863,86.38,0.427,1
-117.246278,32.893863,86.11,0.554,1
-117.245974,32.893863,85.57,0.552,2
-117.24567,32.893863,86.14,0.624,2
-117.245367,32.893863,87.04,0.715,2
-117.245063,32.893863,88.13,0.738,2
-117.244759,32.893863,89.35,0.696,2
-117.244456,32.893863,90.56,0.651,2
-117.244152,32.893863,91.74,0.638,2
-117.243848,32.893863,92.55,0.669,2
-117.243545,32.893863,93,0.686,2
-117.243241,32.893863,93.64,0.573,2
-117.242937,32.893863,94.93,0.331,2
-117.242633,32.893863,96.63,0.161,2
-117.24233,32.893863,96.87,0.253,2
-117.242026,32.893863,97.04,0.235,2
-117.241722,32.893863,96.99,0.192,2
-117.241419,32.893863,95.15,0.413,4
-117.241115,32.893863,95.55,0.308,4
-117.240811,32.893863,95.92,0.375,4
-117.240508,32.893863,96.79,0.261,4
-117.240204,32.893863,97.66,0.283,4
-117.2399,32.893863,98.65,0.305,4
-117.239596,32.893863,99.28,0.284,4
-117.239293,32.893863,99.64,0.365,4
-117.238989,32.893863,99.79,0.434,4
-117.238685,32.893863,99.92,0.362,4
-117.238382,32.893863,100.05,0.279,4
-117.238078,32.893863,100.45,0.293,4
-117.237774,32.893863,101.02,0.334,4
-117.237471,32.893863,101.21,0.302,4
-117.237167,32.893863,101.12,0.23,4
-117.236863,32.893863,100.78,0.298,4
-117.236559,32.893863,100.39,0.383,4
-117.236256,32.893863,100.11,0.356,4
-117.235952,32.893863,100.57,0.372,4
-117.235648,32.893863,100.74,0.441,4
-117.235345,32.893863,101.16,0.413,4
-117.235041,32.893863,101.78,0.412,4
-117.234737,32.893863,101.84,0.355,4
-117.234434,32.893863,102.33,0.4,4
-117.23413,32.893863,102.66,0.246,4
-117.233826,32.893863,102.77,0.156,4
-117.233522,32.893863,102.07,0.286,4
-117.233219,32.893863,100.98,0.418,4
-117.232915,32.893863,100.46,0.44,4
-117.232611,32.893863,100.43,0.392,4
-117.232308,32.893863,100.41,0.358,4
-117.232004,32.893863,100.36,0.357,4
-117.2317,32.893863,100.21,0.267,4
-117.231397,32.893863,99.98,0.088,4
-117.231093,32.893863,99.61,0.076,4
-117.230789,32.893863,98.92,0.201,4
-117.230485,32.893863,98.57,0.397,4
-117.230182,32.893863,98.15,0.496,4
-117.229878,32.893863,98.4,0.458,4
-117.229574,32.893863,97.78,0.347,4
-117.229271,32.893863,97.2,0.307,4
-117.228967,32.893863,95.91,0.339,4
-117.228663,32.893863,95.24,0.414,4
-117.22836,32.893863,94.84,0.493,4
-117.228056,32.893863,94.25,0.478,4
-117.227752,32.893863,93.9,0.414,4
-117.227448,32.893863,93.76,0.312,4
-117.227145,32.893863,93.68,0.165,4
-117.226841,32.893863,93.67,0.157,4
-117.226537,32.893863,93.85,0.378,4
-117.226234,32.893863,94.48,0.556,4
-117.22593,32.893863,96,0.547,4
-117.225626,32.893863,98.26,0.468,4
-117.225323,32.893863,99.9,0.172,4
-117.225019,32.893863,101.93,0.181,4
-117.224715,32.893863,103.54,0.196,4
-117.224411,32.893863,104.77,0.112,4
-117.224108,32.893863,105.37,0.115,4
-117.223804,32.893863,104.51,0.135,4
-117.2235,32.893863,102.88,0.268,4
-117.223197,32.893863,101.06,0.517,4
-117.222893,32.893863,99.97,0.593,4
-117.222589,32.893863,100.08,0.518,4
-117.222286,32.893863,100.84,0.38,4
-117.221982,32.893863,101.36,0.314,4
-117.221678,32.893863,101.27,0.307,4
-117.221374,32.893863,100.81,0.308,4
-117.221071,32.893863,100.58,0.316,4
-117.220767,32.893863,100.76,0.329,4
-117.220463,32.893863,101.25,0.343,4
-117.22016,32.893863,101.87,0.364,4
-117.219856,32.893863,102.21,0.363,4
-117.219552,32.893863,102.44,0.323,4
-117.219249,32.893863,102.65,0.304,4
-117.218945,32.893863,103,0.351,4
-117.261463,32.893559,71.21,0.159,1
-117.261159,32.893559,71.23,0.167,1
-117.260855,32.893559,71.27,0.159,1
-117.260552,32.893559,71.3,0.134,1
-117.260248,32.893559,71.34,0.136,1
-117.259944,32.893559,71.39,0.152,1
-117.259641,32.893559,71.44,0.133,1
-117.259337,32.893559,71.5,0.088,1
-117.259033,32.893559,71.56,0.136,1
-117.258729,32.893559,71.62,0.142,1
-117.258426,32.893559,71.68,0.073,1
-117.258122,32.893559,71.72,0.085,1
-117.257818,32.893559,71.69,0.051,1
-117.257515,32.893559,71.65,0.095,1
-117.257211,32.893559,71.65,0.071,1
-117.256907,32.893559,71.73,0.042,1
-117.256604,32.893559,71.89,0.038,1
-117.2563,32.893559,72.07,0.01,1
-117.252352,32.893559,93.07,0.142,1
-117.252048,32.893559,94.9,0.176,1
-117.251744,32.893559,96.74,0.158,1
-117.251441,32.893559,97.63,0.135,1
-117.251137,32.893559,97,0.131,1
-117.250833,32.893559,95.37,0.154,1
-117.25053,32.893559,93.57,0.387,1
-117.250226,32.893559,91.65,0.58,1
-117.249922,32.893559,88.71,0.608,1
-117.249619,32.893559,86.19,0.601,1
-117.249315,32.893559,85.41,0.578,1
-117.249011,32.893559,85.24,0.514,1
-117.248707,32.893559,85.21,0.482,1
-117.248404,32.893559,85.35,0.495,1
-117.2481,32.893559,85.35,0.5,1
-117.247796,32.893559,85.02,0.524,1
-117.247493,32.893559,84.78,0.544,1
-117.247189,32.893559,84.65,0.62,1
-117.246885,32.893559,85.05,0.463,1
-117.246582,32.893559,85.38,0.428,1
-117.246278,32.893559,85.54,0.579,1
-117.245974,32.893559,85.27,0.525,2
-117.24567,32.893559,85.94,0.571,2
-117.245367,32.893559,86.97,0.63,2
-117.245063,32.893559,88.06,0.674,2
-117.244759,32.893559,89.15,0.695,2
-117.244456,32.893559,90.25,0.682,2
-117.244152,32.893559,91.35,0.672,2
-117.243848,32.893559,92.18,0.699,2
-117.243545,32.893559,92.68,0.716,2
-117.243241,32.893559,93.33,0.611,2
-117.242937,32.893559,94.74,0.39,2
-117.242633,32.893559,96.71,0.262,2
-117.24233,32.893559,97.12,0.277,2
-117.242026,32.893559,97.44,0.146,2
-117.241722,32.893559,97.44,0.156,2
-117.241419,32.893559,95.13,0.312,4
-117.241115,32.893559,95.47,0.32,4
-117.240811,32.893559,95.67,0.3,4
-117.240508,32.893559,96.3,0.142,4
-117.240204,32.893559,97.36,0.111,4
-117.2399,32.893559,98.56,0.184,4
-117.239596,32.893559,99.47,0.266,4
-117.239293,32.893559,100.18,0.389,4
-117.238989,32.893559,100.65,0.28,4
-117.238685,32.893559,101,0.112,4
-117.238382,32.893559,101.29,0.073,4
-117.238078,32.893559,101.77,0.098,4
-117.237774,32.893559,102.33,0.154,4
-117.237471,32.893559,102.5,0.204,4
-117.237167,32.893559,102.53,0.206,4
-117.236863,32.893559,102.29,0.332,4
-117.236559,32.893559,101.88,0.539,4
-117.236256,32.893559,101.57,0.552,4
-117.235952,32.893559,101.97,0.523,4
-117.235648,32.893559,101.72,0.538,4
-117.235345,32.893559,101.67,0.611,4
-117.235041,32.893559,102.02,0.604,4
-117.234737,32.893559,101.95,0.341,4
-117.234434,32.893559,102.65,0.474,4
-117.23413,32.893559,102.95,0.302,4
-117.233826,32.893559,103.06,0.159,4
-117.233522,32.893559,102.38,0.306,4
-117.233219,32.893559,101.26,0.337,4
-117.232915,32.893559,100.86,0.352,4
-117.232611,32.893559,100.9,0.45,4
-117.232308,32.893559,100.8,0.49,4
-117.232004,32.893559,100.67,0.437,4
-117.2317,32.893559,100.46,0.378,4
-117.231397,32.893559,100.18,0.412,4
-117.231093,32.893559,99.72,0.381,4
-117.230789,32.893559,98.74,0.346,4
-117.230485,32.893559,98.52,0.344,4
-117.230182,32.893559,98.31,0.444,4
-117.229878,32.893559,98.93,0.41,4
-117.229574,32.893559,98.48,0.361,4
-117.229271,32.893559,97.96,0.297,4
-117.228967,32.893559,96.4,0.295,4
-117.228663,32.893559,95.57,0.366,4
-117.22836,32.893559,94.87,0.395,4
-117.228056,32.893559,94.15,0.413,4
-117.227752,32.893559,93.73,0.383,4
-117.227448,32.893559,93.57,0.274,4
-117.227145,32.893559,93.56,0.136,4
-117.226841,32.893559,93.63,0.149,4
-117.226537,32.893559,93.83,0.358,4
-117.226234,32.893559,94.45,0.539,4
-117.22593,32.893559,95.97,0.541,4
-117.225626,32.893559,98.26,0.406,4
-117.225323,32.893559,99.94,0.133,4
-117.225019,32.893559,101.98,0.056,4
-117.224715,32.893559,103.6,0.093,4
-117.224411,32.893559,105.14,0.115,4
-117.224108,32.893559,105.84,0.09,4
-117.223804,32.893559,105.72,0.087,4
-117.2235,32.893559,104.85,0.109,4
-117.223197,32.893559,103.91,0.207,4
-117.222893,32.893559,102.73,0.388,4
-117.222589,32.893559,102.48,0.332,4
-117.222286,32.893559,102.64,0.262,4
-117.221982,32.893559,102.64,0.281,4
-117.221678,32.893559,102.29,0.311,4
-117.221374,32.893559,101.76,0.312,4
-117.221071,32.893559,101.55,0.31,4
-117.220767,32.893559,101.86,0.328,4
-117.220463,32.893559,102.47,0.342,4
-117.22016,32.893559,103.09,0.32,4
-117.219856,32.893559,103.23,0.296,4
-117.219552,32.893559,103.05,0.283,4
-117.219249,32.893559,102.71,0.296,4
-117.218945,32.893559,102.68,0.376,4
-117.261766,32.893256,71.1,0.202,1
-117.261463,32.893256,71.14,0.2,1
-117.261159,32.893256,71.22,0.179,1
-117.260855,32.893256,71.28,0.148,1
-117.260552,32.893256,71.31,0.136,1
-117.260248,32.893256,71.33,0.141,1
-117.259944,32.893256,71.36,0.139,1
-117.259641,32.893256,71.39,0.109,1
-117.259337,32.893256,71.44,0.094,1
-117.259033,32.893256,71.49,0.118,1
-117.258729,32.893256,71.56,0.12,1
-117.258426,32.893256,71.63,0.105,1
-117.258122,32.893256,71.66,0.044,1
-117.257818,32.893256,71.61,0.091,1
-117.257515,32.893256,71.57,0.088,1
-117.257211,32.893256,71.62,0.058,1
-117.256907,32.893256,71.77,0.051,1
-117.256604,32.893256,71.97,0.027,1
-117.2563,32.893256,72.19,0.017,1
-117.252352,32.893256,93.48,0.124,1
-117.252048,32.893256,95.11,0.156,1
-117.251744,32.893256,96.64,0.172,1
-117.251441,32.893256,97.39,0.136,1
-117.251137,32.893256,97.07,0.131,1
-117.250833,32.893256,95.9,0.151,1
-117.25053,32.893256,94.37,0.418,1
-117.250226,32.893256,92.57,0.572,1
-117.249922,32.893256,89.64,0.596,1
-117.249619,32.893256,87.04,0.626,1
-117.249315,32.893256,85.95,0.623,1
-117.249011,32.893256,85.2,0.61,1
-117.248707,32.893256,84.74,0.604,1
-117.248404,32.893256,84.58,0.623,1
-117.2481,32.893256,84.47,0.613,1
-117.247796,32.893256,84.1,0.599,1
-117.247493,32.893256,84.01,0.601,1
-117.247189,32.893256,83.89,0.644,1
-117.246885,32.893256,83.98,0.642,1
-117.246582,32.893256,84.3,0.617,1
-117.246278,32.893256,84.81,0.557,1
-117.245974,32.893256,84.6,0.548,2
-117.24567,32.893256,85.43,0.579,2
-117.245367,32.893256,86.55,0.606,2
-117.245063,32.893256,87.63,0.667,2
-117.244759,32.893256,88.76,0.707,2
-117.244456,32.893256,89.94,0.696,2
-117.244152,32.893256,91.16,0.685,2
-117.243848,32.893256,92.07,0.705,2
-117.243545,32.893256,92.55,0.712,2
-117.243241,32.893256,93.18,0.624,2
-117.242937,32.893256,94.62,0.434,2
-117.242633,32.893256,96.79,0.303,2
-117.24233,32.893256,97.58,0.31,2
-117.242026,32.893256,98.16,0.294,2
-117.241722,32.893256,98.21,0.363,2
-117.241419,32.893256,95.65,0.372,4
-117.241115,32.893256,95.86,0.344,4
-117.240811,32.893256,96,0.381,4
-117.240508,32.893256,96.54,0.172,4
-117.240204,32.893256,97.52,0.109,4
-117.2399,32.893256,98.78,0.169,4
-117.239596,32.893256,99.77,0.301,4
-117.239293,32.893256,100.61,0.429,4
-117.238989,32.893256,101.26,0.299,4
-117.238685,32.893256,101.8,0.134,4
-117.238382,32.893256,102.11,0.144,4
-117.238078,32.893256,102.42,0.201,4
-117.237774,32.893256,102.8,0.26,4
-117.237471,32.893256,102.99,0.32,4
-117.237167,32.893256,103.22,0.309,4
-117.236863,32.893256,103.2,0.392,4
-117.236559,32.893256,103,0.357,4
-117.236256,32.893256,102.75,0.284,4
-117.235952,32.893256,102.96,0.242,4
-117.235648,32.893256,102.39,0.21,4
-117.235345,32.893256,101.99,0.27,4
-117.235041,32.893256,102.2,0.417,4
-117.234737,32.893256,102.17,0.506,4
-117.234434,32.893256,102.98,0.43,4
-117.23413,32.893256,103.24,0.217,4
-117.233826,32.893256,103.21,0.216,4
-117.233522,32.893256,102.67,0.403,4
-117.233219,32.893256,101.89,0.53,4
-117.232915,32.893256,101.67,0.579,4
-117.232611,32.893256,101.63,0.572,4
-117.232308,32.893256,101.35,0.495,4
-117.232004,32.893256,101.06,0.335,4
-117.2317,32.893256,100.69,0.188,4
-117.231397,32.893256,100.33,0.287,4
-117.231093,32.893256,99.81,0.482,4
-117.230789,32.893256,98.81,0.462,4
-117.230485,32.893256,98.64,0.289,4
-117.230182,32.893256,98.56,0.371,4
-117.229878,32.893256,99.35,0.442,4
-117.229574,32.893256,98.99,0.396,4
-117.229271,32.893256,98.55,0.323,4
-117.228967,32.893256,97.09,0.308,4
-117.228663,32.893256,96.15,0.368,4
-117.22836,32.893256,95.09,0.439,4
-117.228056,32.893256,93.97,0.464,4
-117.227752,32.893256,93.4,0.402,4
-117.227448,32.893256,93.31,0.252,4
-117.227145,32.893256,93.45,0.129,4
-117.226841,32.893256,93.73,0.152,4
-117.226537,32.893256,94.25,0.264,4
-117.226234,32.893256,95.07,0.373,4
-117.22593,32.893256,96.49,0.422,4
-117.225626,32.893256,98.57,0.294,4
-117.225323,32.893256,100.17,0.114,4
-117.225019,32.893256,101.79,0.058,4
-117.224715,32.893256,103.33,0.087,4
-117.224411,32.893256,104.95,0.149,4
-117.224108,32.893256,106.27,0.135,4
-117.223804,32.893256,107.06,0.097,4
-117.2235,32.893256,107.17,0.078,4
-117.223197,32.893256,106.61,0.082,4
-117.222893,32.893256,105.04,0.177,4
-117.222589,32.893256,104.05,0.21,4
-117.222286,32.893256,103.51,0.23,4
-117.221982,32.893256,103.07,0.313,4
-117.221678,32.893256,102.5,0.359,4
-117.221374,32.893256,101.9,0.338,4
-117.221071,32.893256,101.76,0.325,4
-117.220767,32.893256,102.29,0.341,4
-117.220463,32.893256,103.18,0.339,4
-117.22016,32.893256,103.96,0.299,4
-117.219856,32.893256,104.02,0.268,4
-117.219552,32.893256,103.49,0.281,4
-117.219249,32.893256,102.67,0.289,4
-117.218945,32.893256,102.31,0.31,4
-117.218641,32.893256,102.44,0.403,4
-117.26207,32.892952,71,0.161,1
-117.261766,32.892952,71.03,0.182,1
-117.261463,32.892952,71.1,0.177,1
-117.261159,32.892952,71.19,0.19,1
-117.260855,32.892952,71.28,0.18,1
-117.260552,32.892952,71.33,0.118,1
-117.260248,32.892952,71.34,0.119,1
-117.259944,32.892952,71.34,0.124,1
-117.259641,32.892952,71.34,0.111,1
-117.259337,32.892952,71.35,0.127,1
-117.259033,32.892952,71.38,0.196,1
-117.258729,32.892952,71.42,0.069,1
-117.258426,32.892952,71.47,0.197,1
-117.258122,32.892952,71.5,0.119,1
-117.257818,32.892952,71.5,0.109,1
-117.257515,32.892952,71.5,0.148,1
-117.257211,32.892952,71.6,0.076,1
-117.256907,32.892952,71.8,0.045,1
-117.256604,32.892952,72.03,0.017,1
-117.2563,32.892952,72.27,0.006,1
-117.252048,32.892952,94.8,0.142,1
-117.251744,32.892952,95.83,0.188,1
-117.251441,32.892952,96.58,0.169,1
-117.251137,32.892952,96.68,0.157,1
-117.250833,32.892952,96.23,0.14,1
-117.25053,32.892952,95.2,0.223,1
-117.250226,32.892952,93.71,0.386,1
-117.249922,32.892952,92.35,0.563,1
-117.249619,32.892952,91.12,0.663,1
-117.249315,32.892952,89.85,0.669,1
-117.249011,32.892952,89.06,0.65,1
-117.248707,32.892952,88.91,0.63,1
-117.248404,32.892952,88.69,0.625,1
-117.2481,32.892952,87.87,0.612,1
-117.247796,32.892952,84.54,0.576,1
-117.247493,32.892952,84.4,0.562,1
-117.247189,32.892952,84.22,0.585,1
-117.246885,32.892952,84.01,0.638,1
-117.246582,32.892952,84.02,0.634,1
-117.246278,32.892952,84.23,0.602,1
-117.245974,32.892952,83.83,0.584,2
-117.24567,32.892952,84.62,0.585,2
-117.245367,32.892952,85.83,0.577,2
-117.245063,32.892952,87.04,0.64,2
-117.244759,32.892952,88.38,0.691,2
-117.244456,32.892952,89.77,0.691,2
-117.244152,32.892952,92.31,0.686,2
-117.243848,32.892952,94.39,0.701,2
-117.243545,32.892952,94.64,0.717,2
-117.243241,32.892952,94.94,0.618,2
-117.242937,32.892952,95.53,0.352,2
-117.242633,32.892952,96.43,0.256,2
-117.24233,32.892952,97.67,0.461,2
-117.242026,32.892952,98.47,0.357,2
-117.241722,32.892952,98.52,0.447,2
-117.241419,32.892952,95.86,0.404,4
-117.241115,32.892952,96.07,0.305,4
-117.240811,32.892952,96.24,0.361,4
-117.240508,32.892952,96.84,0.302,4
-117.240204,32.892952,97.78,0.125,4
-117.2399,32.892952,99.37,0.192,4
-117.239596,32.892952,100.41,0.327,4
-117.239293,32.892952,101.18,0.361,4
-117.238989,32.892952,101.44,0.332,4
-117.238685,32.892952,101.78,0.238,4
-117.238382,32.892952,102.15,0.189,4
-117.238078,32.892952,102,0.182,4
-117.237774,32.892952,101.72,0.151,4
-117.237471,32.892952,102.19,0.179,4
-117.237167,32.892952,103.24,0.273,4
-117.236863,32.892952,103.48,0.394,4
-117.236559,32.892952,103.51,0.289,4
-117.236256,32.892952,103.42,0.162,4
-117.235952,32.892952,103.58,0.135,4
-117.235648,32.892952,102.94,0.072,4
-117.235345,32.892952,102.45,0.085,4
-117.235041,32.892952,102.57,0.196,4
-117.234737,32.892952,102.67,0.229,4
-117.234434,32.892952,103.24,0.171,4
-117.23413,32.892952,103.28,0.189,4
-117.233826,32.892952,103.06,0.294,4
-117.233522,32.892952,102.65,0.312,4
-117.233219,32.892952,102.2,0.377,4
-117.232915,32.892952,102.21,0.433,4
-117.232611,32.892952,102.22,0.416,4
-117.232308,32.892952,101.89,0.365,4
-117.232004,32.892952,101.49,0.248,4
-117.2317,32.892952,101.01,0.123,4
-117.231397,32.892952,100.55,0.2,4
-117.231093,32.892952,99.97,0.463,4
-117.230789,32.892952,99.04,0.471,4
-117.230485,32.892952,98.81,0.156,4
-117.230182,32.892952,98.68,0.179,4
-117.229878,32.892952,99.34,0.364,4
-117.229574,32.892952,99.06,0.366,4
-117.229271,32.892952,98.63,0.348,4
-117.228967,32.892952,97.32,0.327,4
-117.228663,32.892952,96.29,0.37,4
-117.22836,32.892952,94.99,0.507,4
-117.228056,32.892952,93.61,0.551,4
-117.227752,32.892952,93.04,0.444,4
-117.227448,32.892952,93.21,0.238,4
-117.227145,32.892952,93.73,0.113,4
-117.226841,32.892952,94.44,0.169,4
-117.226537,32.892952,95.28,0.27,4
-117.226234,32.892952,96.28,0.294,4
-117.22593,32.892952,97.72,0.235,4
-117.225626,32.892952,99.59,0.086,4
-117.225323,32.892952,100.85,0.035,4
-117.225019,32.892952,102.17,0.041,4
-117.224715,32.892952,103.6,0.089,4
-117.224411,32.892952,105.12,0.127,4
-117.224108,32.892952,106.64,0.189,4
-117.223804,32.892952,107.67,0.173,4
-117.2235,32.892952,108.22,0.095,4
-117.223197,32.892952,108.02,0.073,4
-117.222893,32.892952,106.36,0.086,4
-117.222589,32.892952,104.67,0.167,4
-117.222286,32.892952,103.4,0.322,4
-117.221982,32.892952,102.46,0.404,4
-117.221678,32.892952,101.7,0.395,4
-117.221374,32.892952,101.08,0.344,4
-117.221071,32.892952,100.96,0.309,4
-117.220767,32.892952,101.63,0.303,4
-117.220463,32.892952,102.8,0.286,4
-117.22016,32.892952,103.74,0.256,4
-117.219856,32.892952,103.78,0.235,4
-117.219552,32.892952,103.06,0.266,4
-117.219249,32.892952,102.1,0.292,4
-117.218945,32.892952,101.83,0.312,4
-117.218641,32.892952,102.14,0.367,4
-117.26207,32.892648,70.93,0.197,1
-117.261766,32.892648,70.97,0.206,1
-117.261463,32.892648,71.05,0.194,1
-117.261159,32.892648,71.15,0.191,1
-117.260855,32.892648,71.24,0.177,1
-117.260552,32.892648,71.31,0.117,1
-117.260248,32.892648,71.35,0.126,1
-117.259944,32.892648,71.36,0.135,1
-117.259641,32.892648,71.34,0.08,1
-117.259337,32.892648,71.31,0.114,1
-117.259033,32.892648,71.27,0.214,1
-117.258729,32.892648,71.26,0.057,1
-117.258426,32.892648,71.28,0.153,1
-117.258122,32.892648,71.32,0.157,1
-117.257818,32.892648,71.39,0.078,1
-117.257515,32.892648,71.45,0.121,1
-117.257211,32.892648,71.54,0.053,1
-117.256907,32.892648,71.72,0.032,1
-117.256604,32.892648,71.96,0.014,1
-117.2563,32.892648,72.21,0.007,1
-117.252048,32.892648,93.42,0.147,1
-117.251744,32.892648,94.38,0.178,1
-117.251441,32.892648,95.35,0.245,1
-117.251137,32.892648,95.94,0.238,1
-117.250833,32.892648,96.02,0.174,1
-117.25053,32.892648,95.47,0.18,1
-117.250226,32.892648,94.47,0.405,1
-117.249922,32.892648,93.59,0.62,1
-117.249619,32.892648,92.62,0.674,1
-117.249315,32.892648,91.34,0.675,1
-117.249011,32.892648,90.44,0.66,1
-117.248707,32.892648,90.18,0.642,1
-117.248404,32.892648,89.97,0.658,1
-117.2481,32.892648,89.22,0.622,1
-117.247796,32.892648,85.92,0.565,1
-117.247493,32.892648,85.72,0.565,1
-117.247189,32.892648,85.46,0.571,1
-117.246885,32.892648,85.16,0.609,1
-117.246582,32.892648,84.91,0.633,1
-117.246278,32.892648,84.72,0.656,1
-117.245974,32.892648,84.02,0.607,2
-117.24567,32.892648,84.56,0.575,2
-117.245367,32.892648,85.52,0.575,2
-117.245063,32.892648,86.88,0.583,2
-117.244759,32.892648,88.45,0.625,2
-117.244456,32.892648,90,0.645,2
-117.244152,32.892648,92.43,0.656,2
-117.243848,32.892648,94.16,0.701,2
-117.243545,32.892648,94.1,0.743,2
-117.243241,32.892648,94.33,0.67,2
-117.242937,32.892648,95.17,0.404,2
-117.242633,32.892648,96.46,0.201,2
-117.24233,32.892648,97.99,0.337,2
-117.242026,32.892648,98.88,0.317,2
-117.241722,32.892648,98.95,0.373,2
-117.241419,32.892648,96.65,0.386,4
-117.241115,32.892648,96.87,0.384,4
-117.240811,32.892648,97.03,0.335,4
-117.240508,32.892648,97.77,0.352,4
-117.240204,32.892648,98.54,0.156,4
-117.2399,32.892648,99.98,0.165,4
-117.239596,32.892648,100.9,0.329,4
-117.239293,32.892648,101.53,0.386,4
-117.238989,32.892648,101.62,0.303,4
-117.238685,32.892648,101.76,0.186,4
-117.238382,32.892648,101.98,0.142,4
-117.238078,32.892648,101.76,0.153,4
-117.237774,32.892648,101.49,0.168,4
-117.237471,32.892648,101.73,0.227,4
-117.237167,32.892648,102.31,0.336,4
-117.236863,32.892648,102.81,0.431,4
-117.236559,32.892648,102.83,0.406,4
-117.236256,32.892648,102.68,0.24,4
-117.235952,32.892648,102.78,0.167,4
-117.235648,32.892648,102.21,0.092,4
-117.235345,32.892648,101.89,0.087,4
-117.235041,32.892648,101.92,0.284,4
-117.234737,32.892648,102.98,0.342,4
-117.234434,32.892648,103.39,0.266,4
-117.23413,32.892648,103.23,0.22,4
-117.233826,32.892648,102.51,0.178,4
-117.233522,32.892648,101.9,0.18,4
-117.233219,32.892648,101.63,0.279,4
-117.232915,32.892648,101.97,0.321,4
-117.232611,32.892648,102.25,0.371,4
-117.232308,32.892648,102.03,0.411,4
-117.232004,32.892648,101.65,0.276,4
-117.2317,32.892648,101.13,0.151,4
-117.231397,32.892648,100.6,0.271,4
-117.231093,32.892648,100.05,0.509,4
-117.230789,32.892648,99.43,0.407,4
-117.230485,32.892648,99.11,0.092,4
-117.230182,32.892648,98.84,0.064,4
-117.229878,32.892648,98.99,0.188,4
-117.229574,32.892648,98.67,0.321,4
-117.229271,32.892648,98.3,0.348,4
-117.228967,32.892648,97.2,0.334,4
-117.228663,32.892648,96.12,0.378,4
-117.22836,32.892648,94.75,0.543,4
-117.228056,32.892648,93.26,0.585,4
-117.227752,32.892648,92.81,0.432,4
-117.227448,32.892648,93.31,0.217,4
-117.227145,32.892648,94.24,0.106,4
-117.226841,32.892648,95.33,0.176,4
-117.226537,32.892648,96.42,0.267,4
-117.226234,32.892648,97.53,0.226,4
-117.22593,32.892648,98.95,0.134,4
-117.225626,32.892648,100.67,0.04,4
-117.225323,32.892648,101.77,0.024,4
-117.225019,32.892648,102.99,0.021,4
-117.224715,32.892648,104.33,0.068,4
-117.224411,32.892648,105.62,0.105,4
-117.224108,32.892648,106.99,0.186,4
-117.223804,32.892648,107.57,0.222,4
-117.2235,32.892648,107.99,0.137,4
-117.223197,32.892648,107.87,0.1,4
-117.222893,32.892648,106.45,0.088,4
-117.222589,32.892648,104.42,0.184,4
-117.222286,32.892648,102.69,0.415,4
-117.221982,32.892648,101.43,0.504,4
-117.221678,32.892648,100.44,0.462,4
-117.221374,32.892648,99.73,0.376,4
-117.221071,32.892648,99.6,0.293,4
-117.220767,32.892648,100.32,0.26,4
-117.220463,32.892648,101.61,0.251,4
-117.22016,32.892648,102.57,0.241,4
-117.219856,32.892648,102.59,0.237,4
-117.219552,32.892648,101.9,0.252,4
-117.219249,32.892648,101.15,0.291,4
-117.218945,32.892648,101.31,0.319,4
-117.218641,32.892648,101.81,0.4,4
-117.218337,32.892648,102.68,0.367,4
-117.262374,32.892344,70.9,0.274,1
-117.26207,32.892344,70.9,0.256,1
-117.261766,32.892344,70.93,0.274,1
-117.261463,32.892344,71,0.212,1
-117.261159,32.892344,71.1,0.168,1
-117.260855,32.892344,71.2,0.175,1
-117.260552,32.892344,71.3,0.13,1
-117.260248,32.892344,71.38,0.131,1
-117.259944,32.892344,71.43,0.115,1
-117.259641,32.892344,71.44,0.088,1
-117.259337,32.892344,71.35,0.097,1
-117.259033,32.892344,71.22,0.128,1
-117.258729,32.892344,71.17,0.073,1
-117.258426,32.892344,71.2,0.136,1
-117.258122,32.892344,71.25,0.111,1
-117.257818,32.892344,71.33,0.066,1
-117.257515,32.892344,71.41,0.057,1
-117.257211,32.892344,71.52,0.043,1
-117.256907,32.892344,71.66,0.033,1
-117.256604,32.892344,71.85,0.022,1
-117.2563,32.892344,72.07,0.002,1
-117.252048,32.892344,91.9,0.182,1
-117.251744,32.892344,92.83,0.226,1
-117.251441,32.892344,93.91,0.278,1
-117.251137,32.892344,94.8,0.295,1
-117.250833,32.892344,95.48,0.233,1
-117.25053,32.892344,95.6,0.185,1
-117.250226,32.892344,95.18,0.406,1
-117.249922,32.892344,94.71,0.639,1
-117.249619,32.892344,93.98,0.686,1
-117.249315,32.892344,92.73,0.677,1
-117.249011,32.892344,91.78,0.66,1
-117.248707,32.892344,91.5,0.673,1
-117.248404,32.892344,91.25,0.728,1
-117.2481,32.892344,90.6,0.701,1
-117.247796,32.892344,87.23,0.673,1
-117.247493,32.892344,87.14,0.684,1
-117.247189,32.892344,86.98,0.635,1
-117.246885,32.892344,86.82,0.616,1
-117.246582,32.892344,86.48,0.642,1
-117.246278,32.892344,86.16,0.643,1
-117.245974,32.892344,85.22,0.635,2
-117.24567,32.892344,85.31,0.598,2
-117.245367,32.892344,85.9,0.57,2
-117.245063,32.892344,87.14,0.572,2
-117.244759,32.892344,88.79,0.59,2
-117.244456,32.892344,90.29,0.618,2
-117.244152,32.892344,92.41,0.655,2
-117.243848,32.892344,93.77,0.707,2
-117.243545,32.892344,93.48,0.745,2
-117.243241,32.892344,93.75,0.686,2
-117.242937,32.892344,94.85,0.49,2
-117.242633,32.892344,96.33,0.273,2
-117.24233,32.892344,97.99,0.239,2
-117.242026,32.892344,98.97,0.244,2
-117.241722,32.892344,99.25,0.26,2
-117.241419,32.892344,97.64,0.289,4
-117.241115,32.892344,97.84,0.409,4
-117.240811,32.892344,97.92,0.351,4
-117.240508,32.892344,98.42,0.303,4
-117.240204,32.892344,99.01,0.139,4
-117.2399,32.892344,100.34,0.067,4
-117.239596,32.892344,101.18,0.161,4
-117.239293,32.892344,101.67,0.28,4
-117.238989,32.892344,101.58,0.292,4
-117.238685,32.892344,101.47,0.272,4
-117.238382,32.892344,101.49,0.311,4
-117.238078,32.892344,101.21,0.33,4
-117.237774,32.892344,100.98,0.315,4
-117.237471,32.892344,101.4,0.328,4
-117.237167,32.892344,102.26,0.312,4
-117.236863,32.892344,102.92,0.346,4
-117.236559,32.892344,102.73,0.42,4
-117.236256,32.892344,102.2,0.372,4
-117.235952,32.892344,101.99,0.254,4
-117.235648,32.892344,101.35,0.15,4
-117.235345,32.892344,101.26,0.109,4
-117.235041,32.892344,101.37,0.338,4
-117.234737,32.892344,102.28,0.366,4
-117.234434,32.892344,102.49,0.359,4
-117.23413,32.892344,102.13,0.201,4
-117.233826,32.892344,101.24,0.162,4
-117.233522,32.892344,100.56,0.255,4
-117.233219,32.892344,100.48,0.368,4
-117.232915,32.892344,101.26,0.342,4
-117.232611,32.892344,101.98,0.352,4
-117.232308,32.892344,102.01,0.384,4
-117.232004,32.892344,101.7,0.272,4
-117.2317,32.892344,101.15,0.277,4
-117.231397,32.892344,100.57,0.452,4
-117.231093,32.892344,100.02,0.471,4
-117.230789,32.892344,99.38,0.241,4
-117.230485,32.892344,99,0.089,4
-117.230182,32.892344,98.64,0.089,4
-117.229878,32.892344,98.66,0.257,4
-117.229574,32.892344,98.23,0.318,4
-117.229271,32.892344,97.82,0.304,4
-117.228967,32.892344,96.68,0.312,4
-117.228663,32.892344,95.54,0.364,4
-117.22836,32.892344,94.25,0.565,4
-117.228056,32.892344,93.09,0.586,4
-117.227752,32.892344,92.9,0.389,4
-117.227448,32.892344,93.67,0.184,4
-117.227145,32.892344,94.88,0.11,4
-117.226841,32.892344,96.15,0.195,4
-117.226537,32.892344,97.33,0.254,4
-117.226234,32.892344,98.5,0.155,4
-117.22593,32.892344,99.94,0.068,4
-117.225626,32.892344,101.65,0.049,4
-117.225323,32.892344,102.62,0.055,4
-117.225019,32.892344,103.69,0.047,4
-117.224715,32.892344,104.8,0.035,4
-117.224411,32.892344,105.83,0.05,4
-117.224108,32.892344,106.86,0.129,4
-117.223804,32.892344,107.18,0.225,4
-117.2235,32.892344,107.48,0.186,4
-117.223197,32.892344,107.06,0.132,4
-117.222893,32.892344,105.62,0.127,4
-117.222589,32.892344,103.69,0.27,4
-117.222286,32.892344,101.93,0.555,4
-117.221982,32.892344,100.5,0.625,4
-117.221678,32.892344,99.32,0.571,4
-117.221374,32.892344,98.53,0.512,4
-117.221071,32.892344,98.52,0.41,4
-117.220767,32.892344,99.38,0.315,4
-117.220463,32.892344,100.6,0.274,4
-117.22016,32.892344,101.3,0.252,4
-117.219856,32.892344,101.14,0.252,4
-117.219552,32.892344,100.61,0.253,4
-117.219249,32.892344,100.24,0.265,4
-117.218945,32.892344,100.69,0.27,4
-117.218641,32.892344,101.22,0.265,4
-117.218337,32.892344,101.99,0.408,4
-117.218034,32.892344,102.36,0.359,4
-117.262678,32.892041,70.9,0.186,1
-117.262374,32.892041,70.91,0.168,1
-117.26207,32.892041,70.93,0.224,1
-117.261766,32.892041,70.95,0.214,1
-117.261463,32.892041,71,0.159,1
-117.261159,32.892041,71.08,0.173,1
-117.260855,32.892041,71.18,0.182,1
-117.260552,32.892041,71.29,0.139,1
-117.260248,32.892041,71.43,0.127,1
-117.259944,32.892041,71.54,0.108,1
-117.259641,32.892041,71.56,0.106,1
-117.259337,32.892041,71.43,0.118,1
-117.259033,32.892041,71.22,0.089,1
-117.258729,32.892041,71.14,0.075,1
-117.258426,32.892041,71.21,0.103,1
-117.258122,32.892041,71.29,0.069,1
-117.257818,32.892041,71.37,0.09,1
-117.257515,32.892041,71.46,0.046,1
-117.257211,32.892041,71.55,0.04,1
-117.256907,32.892041,71.66,0.033,1
-117.256604,32.892041,71.79,0.033,1
-117.2563,32.892041,71.97,0.002,1
-117.252048,32.892041,91.12,0.229,1
-117.251744,32.892041,92.23,0.355,1
-117.251441,32.892041,93.43,0.378,1
-117.251137,32.892041,94.47,0.351,1
-117.250833,32.892041,95.44,0.289,1
-117.25053,32.892041,96.01,0.206,1
-117.250226,32.892041,96.09,0.328,1
-117.249922,32.892041,95.99,0.566,1
-117.249619,32.892041,95.32,0.673,1
-117.249315,32.892041,93.96,0.679,1
-117.249011,32.892041,93.01,0.686,1
-117.248707,32.892041,92.86,0.68,1
-117.248404,32.892041,92.64,0.701,1
-117.2481,32.892041,91.95,0.707,1
-117.247796,32.892041,88.58,0.678,1
-117.247493,32.892041,88.5,0.685,1
-117.247189,32.892041,88.35,0.691,1
-117.246885,32.892041,88.15,0.703,1
-117.246582,32.892041,87.82,0.698,1
-117.246278,32.892041,87.37,0.683,1
-117.245974,32.892041,86.63,0.693,2
-117.24567,32.892041,86.39,0.656,2
-117.245367,32.892041,86.68,0.618,2
-117.245063,32.892041,87.75,0.611,2
-117.244759,32.892041,89.23,0.614,2
-117.244456,32.892041,90.43,0.63,2
-117.244152,32.892041,92.15,0.657,2
-117.243848,32.892041,93.26,0.683,2
-117.243545,32.892041,92.95,0.695,2
-117.243241,32.892041,93.39,0.654,2
-117.242937,32.892041,94.6,0.481,2
-117.242633,32.892041,96.01,0.23,2
-117.24233,32.892041,97.65,0.228,2
-117.242026,32.892041,98.75,0.276,2
-117.241722,32.892041,99.39,0.224,2
-117.241419,32.892041,98.38,0.279,4
-117.241115,32.892041,98.58,0.443,4
-117.240811,32.892041,98.43,0.366,4
-117.240508,32.892041,98.58,0.231,4
-117.240204,32.892041,98.98,0.15,4
-117.2399,32.892041,100.3,0.077,4
-117.239596,32.892041,101.17,0.082,4
-117.239293,32.892041,101.61,0.16,4
-117.238989,32.892041,101.42,0.274,4
-117.238685,32.892041,101.16,0.314,4
-117.238382,32.892041,101.01,0.328,4
-117.238078,32.892041,100.64,0.3,4
-117.237774,32.892041,100.45,0.262,4
-117.237471,32.892041,101.02,0.327,4
-117.237167,32.892041,102.08,0.272,4
-117.236863,32.892041,102.78,0.165,4
-117.236559,32.892041,102.13,0.292,4
-117.236256,32.892041,100.81,0.47,4
-117.235952,32.892041,99.88,0.404,4
-117.235648,32.892041,98.92,0.218,4
-117.235345,32.892041,99,0.172,4
-117.235041,32.892041,99.33,0.278,4
-117.234737,32.892041,100.39,0.371,4
-117.234434,32.892041,100.54,0.623,4
-117.23413,32.892041,100.03,0.5,4
-117.233826,32.892041,99.09,0.449,4
-117.233522,32.892041,98.53,0.551,4
-117.233219,32.892041,98.8,0.591,4
-117.232915,32.892041,100.15,0.478,4
-117.232611,32.892041,101.4,0.348,4
-117.232308,32.892041,101.71,0.238,4
-117.232004,32.892041,101.53,0.206,4
-117.2317,32.892041,101.05,0.396,4
-117.231397,32.892041,100.49,0.533,4
-117.231093,32.892041,99.98,0.389,4
-117.230789,32.892041,99.4,0.17,4
-117.230485,32.892041,99.04,0.089,4
-117.230182,32.892041,98.64,0.156,4
-117.229878,32.892041,98.53,0.345,4
-117.229574,32.892041,97.94,0.351,4
-117.229271,32.892041,97.41,0.322,4
-117.228967,32.892041,96.12,0.34,4
-117.228663,32.892041,95.06,0.419,4
-117.22836,32.892041,94.01,0.57,4
-117.228056,32.892041,93.17,0.541,4
-117.227752,32.892041,93.31,0.338,4
-117.227448,32.892041,94.3,0.151,4
-117.227145,32.892041,95.56,0.115,4
-117.226841,32.892041,96.76,0.219,4
-117.226537,32.892041,97.86,0.256,4
-117.226234,32.892041,98.99,0.139,4
-117.22593,32.892041,100.41,0.064,4
-117.225626,32.892041,102.13,0.069,4
-117.225323,32.892041,103.06,0.078,4
-117.225019,32.892041,103.92,0.072,4
-117.224715,32.892041,104.84,0.058,4
-117.224411,32.892041,105.63,0.051,4
-117.224108,32.892041,106.37,0.08,4
-117.223804,32.892041,106.4,0.211,4
-117.2235,32.892041,106.54,0.288,4
-117.223197,32.892041,106.06,0.237,4
-117.222893,32.892041,104.86,0.233,4
-117.222589,32.892041,103.38,0.321,4
-117.222286,32.892041,101.8,0.542,4
-117.221982,32.892041,100.2,0.593,4
-117.221678,32.892041,98.79,0.527,4
-117.221374,32.892041,97.89,0.563,4
-117.221071,32.892041,97.88,0.596,4
-117.220767,32.892041,98.71,0.512,4
-117.220463,32.892041,99.68,0.406,4
-117.22016,32.892041,100.04,0.321,4
-117.219856,32.892041,99.78,0.305,4
-117.219552,32.892041,99.45,0.29,4
-117.219249,32.892041,99.44,0.249,4
-117.218945,32.892041,100.01,0.177,4
-117.218641,32.892041,100.41,0.116,4
-117.218337,32.892041,100.98,0.276,4
-117.218034,32.892041,101.58,0.348,4
-117.21773,32.892041,100.74,0.145,4
-117.262678,32.891737,70.95,0.144,1
-117.262374,32.891737,70.97,0.15,1
-117.26207,32.891737,71,0.185,1
-117.261766,32.891737,71.02,0.148,1
-117.261463,32.891737,71.06,0.138,1
-117.261159,32.891737,71.11,0.179,1
-117.260855,32.891737,71.18,0.169,1
-117.260552,32.891737,71.3,0.172,1
-117.260248,32.891737,71.45,0.2,1
-117.259944,32.891737,71.58,0.105,1
-117.259641,32.891737,71.6,0.118,1
-117.259337,32.891737,71.44,0.141,1
-117.259033,32.891737,71.24,0.076,1
-117.258729,32.891737,71.18,0.091,1
-117.258426,32.891737,71.27,0.108,1
-117.258122,32.891737,71.38,0.051,1
-117.257818,32.891737,71.47,0.089,1
-117.257515,32.891737,71.54,0.035,1
-117.257211,32.891737,71.62,0.056,1
-117.256907,32.891737,71.71,0.041,1
-117.256604,32.891737,71.8,0.031,1
-117.2563,32.891737,71.96,0.006,1
-117.252048,32.891737,91.35,0.23,1
-117.251744,32.891737,92.75,0.353,1
-117.251441,32.891737,94.24,0.353,1
-117.251137,32.891737,95.45,0.292,1
-117.250833,32.891737,96.59,0.242,1
-117.25053,32.891737,97.36,0.176,1
-117.250226,32.891737,97.69,0.237,1
-117.249922,32.891737,97.77,0.443,1
-117.249619,32.891737,97,0.614,1
-117.249315,32.891737,95.43,0.694,1
-117.249011,32.891737,94.46,0.732,1
-117.248707,32.891737,94.42,0.706,1
-117.248404,32.891737,94.25,0.677,1
-117.2481,32.891737,93.42,0.67,1
-117.247796,32.891737,89.84,0.64,1
-117.247493,32.891737,89.74,0.609,1
-117.247189,32.891737,89.56,0.636,1
-117.246885,32.891737,89.24,0.711,1
-117.246582,32.891737,88.94,0.737,2
-117.246278,32.891737,88.4,0.751,2
-117.245974,32.891737,87.76,0.748,2
-117.24567,32.891737,87.36,0.732,2
-117.245367,32.891737,87.6,0.692,2
-117.245063,32.891737,88.55,0.659,2
-117.244759,32.891737,89.71,0.642,2
-117.244456,32.891737,90.45,0.64,2
-117.244152,32.891737,91.8,0.673,2
-117.243848,32.891737,92.8,0.684,2
-117.243545,32.891737,92.49,0.652,2
-117.243241,32.891737,92.87,0.602,3
-117.242937,32.891737,93.98,0.429,3
-117.242633,32.891737,95.12,0.211,3
-117.24233,32.891737,96.63,0.25,3
-117.242026,32.891737,97.92,0.317,3
-117.241722,32.891737,99.01,0.21,3
-117.241419,32.891737,98.69,0.296,4
-117.241115,32.891737,98.76,0.384,4
-117.240811,32.891737,98.33,0.263,4
-117.240508,32.891737,98.15,0.181,4
-117.240204,32.891737,98.49,0.195,4
-117.2399,32.891737,99.94,0.159,4
-117.239596,32.891737,100.94,0.17,4
-117.239293,32.891737,101.45,0.221,4
-117.238989,32.891737,101.24,0.283,4
-117.238685,32.891737,100.88,0.215,4
-117.238382,32.891737,100.62,0.129,4
-117.238078,32.891737,100.18,0.109,4
-117.237774,32.891737,100.01,0.146,4
-117.237471,32.891737,100.66,0.263,4
-117.237167,32.891737,101.73,0.231,4
-117.236863,32.891737,102.23,0.115,4
-117.236559,32.891737,100.91,0.267,4
-117.236256,32.891737,98.8,0.522,4
-117.235952,32.891737,97.15,0.563,4
-117.235648,32.891737,95.96,0.422,4
-117.235345,32.891737,96.11,0.308,4
-117.235041,32.891737,96.56,0.185,4
-117.234737,32.891737,97.69,0.257,4
-117.234434,32.891737,97.68,0.593,4
-117.23413,32.891737,96.98,0.665,4
-117.233826,32.891737,96.08,0.641,4
-117.233522,32.891737,95.87,0.685,4
-117.233219,32.891737,96.71,0.657,4
-117.232915,32.891737,98.66,0.534,4
-117.232611,32.891737,100.41,0.378,4
-117.232308,32.891737,101.04,0.221,4
-117.232004,32.891737,101.09,0.241,4
-117.2317,32.891737,100.81,0.45,4
-117.231397,32.891737,100.43,0.469,4
-117.231093,32.891737,100.03,0.398,4
-117.230789,32.891737,99.54,0.317,4
-117.230485,32.891737,99.24,0.366,4
-117.230182,32.891737,98.82,0.358,4
-117.229878,32.891737,98.51,0.43,4
-117.229574,32.891737,97.67,0.468,4
-117.229271,32.891737,97,0.506,4
-117.228967,32.891737,95.71,0.472,4
-117.228663,32.891737,94.99,0.468,4
-117.22836,32.891737,94.41,0.505,4
-117.228056,32.891737,93.75,0.45,4
-117.227752,32.891737,93.98,0.284,4
-117.227448,32.891737,94.98,0.127,4
-117.227145,32.891737,96.12,0.127,4
-117.226841,32.891737,97.12,0.237,4
-117.226537,32.891737,98.05,0.279,4
-117.226234,32.891737,99.05,0.209,4
-117.22593,32.891737,100.35,0.125,4
-117.225626,32.891737,102.06,0.091,4
-117.225323,32.891737,103.05,0.086,4
-117.225019,32.891737,103.88,0.087,4
-117.224715,32.891737,104.63,0.095,4
-117.224411,32.891737,105.21,0.08,4
-117.224108,32.891737,105.72,0.068,4
-117.223804,32.891737,105.46,0.095,4
-117.2235,32.891737,105.54,0.232,4
-117.223197,32.891737,105.29,0.248,4
-117.222893,32.891737,104.49,0.218,4
-117.222589,32.891737,103.48,0.224,4
-117.222286,32.891737,102.09,0.445,4
-117.221982,32.891737,100.43,0.594,4
-117.221678,32.891737,98.9,0.53,4
-117.221374,32.891737,97.89,0.508,4
-117.221071,32.891737,97.69,0.564,4
-117.220767,32.891737,98.27,0.527,4
-117.220463,32.891737,98.96,0.425,4
-117.22016,32.891737,99.01,0.335,4
-117.219856,32.891737,98.63,0.255,4
-117.219552,32.891737,98.36,0.207,4
-117.219249,32.891737,98.42,0.204,4
-117.218945,32.891737,99.01,0.206,4
-117.218641,32.891737,99.35,0.19,4
-117.218337,32.891737,99.75,0.326,4
-117.218034,32.891737,100.18,0.318,4
-117.21773,32.891737,99.64,0.14,4
-117.263285,32.891433,70.89,0.156,1
-117.262981,32.891433,70.92,0.161,1
-117.262678,32.891433,70.97,0.208,1
-117.262374,32.891433,71.02,0.217,1
-117.26207,32.891433,71.06,0.177,1
-117.261766,32.891433,71.08,0.125,1
-117.261463,32.891433,71.1,0.153,1
-117.261159,32.891433,71.14,0.198,1
-117.260855,32.891433,71.19,0.153,1
-117.260552,32.891433,71.28,0.152,1
-117.260248,32.891433,71.41,0.209,1
-117.259944,32.891433,71.51,0.096,1
-117.259641,32.891433,71.52,0.114,1
-117.259337,32.891433,71.42,0.13,1
-117.259033,32.891433,71.28,0.065,1
-117.258729,32.891433,71.27,0.094,1
-117.258426,32.891433,71.35,0.104,1
-117.258122,32.891433,71.45,0.05,1
-117.257818,32.891433,71.55,0.079,1
-117.257515,32.891433,71.62,0.045,1
-117.257211,32.891433,71.69,0.06,1
-117.256907,32.891433,71.76,0.044,1
-117.256604,32.891433,71.85,0.021,1
-117.2563,32.891433,71.99,0.01,1
-117.252048,32.891433,92.14,0.16,1
-117.251744,32.891433,93.94,0.235,1
-117.251441,32.891433,95.89,0.281,1
-117.251137,32.891433,97.45,0.239,1
-117.250833,32.891433,98.91,0.191,1
-117.25053,32.891433,99.97,0.16,1
-117.250226,32.891433,100.42,0.175,1
-117.249922,32.891433,100.29,0.281,1
-117.249619,32.891433,99.1,0.438,1
-117.249315,32.891433,97.15,0.586,1
-117.249011,32.891433,96.04,0.697,1
-117.248707,32.891433,95.95,0.729,1
-117.248404,32.891433,95.65,0.72,1
-117.2481,32.891433,94.66,0.683,1
-117.247796,32.891433,90.97,0.605,1
-117.247493,32.891433,90.73,0.629,1
-117.247189,32.891433,90.53,0.627,1
-117.246885,32.891433,90.29,0.653,1
-117.246582,32.891433,90.16,0.667,2
-117.246278,32.891433,89.7,0.683,2
-117.245974,32.891433,89.04,0.7,2
-117.24567,32.891433,88.56,0.733,2
-117.245367,32.891433,88.77,0.68,2
-117.245063,32.891433,89.46,0.645,2
-117.244759,32.891433,90.21,0.624,2
-117.244456,32.891433,90.51,0.617,2
-117.244152,32.891433,91.55,0.67,2
-117.243848,32.891433,92.51,0.702,2
-117.243545,32.891433,92.2,0.68,2
-117.243241,32.891433,92.35,0.659,3
-117.242937,32.891433,93.16,0.51,3
-117.242633,32.891433,93.96,0.257,3
-117.24233,32.891433,95.24,0.199,3
-117.242026,32.891433,96.59,0.292,3
-117.241722,32.891433,97.87,0.205,3
-117.241419,32.891433,98.53,0.281,4
-117.241115,32.891433,98.46,0.232,4
-117.240811,32.891433,97.59,0.291,4
-117.240508,32.891433,97.17,0.416,4
-117.240204,32.891433,97.61,0.396,4
-117.2399,32.891433,99.28,0.279,4
-117.239596,32.891433,100.45,0.229,4
-117.239293,32.891433,101.03,0.219,4
-117.238989,32.891433,100.8,0.24,4
-117.238685,32.891433,100.35,0.166,4
-117.238382,32.891433,100.04,0.08,4
-117.238078,32.891433,99.64,0.08,4
-117.237774,32.891433,99.53,0.111,4
-117.237471,32.891433,100.13,0.17,4
-117.237167,32.891433,100.96,0.178,4
-117.236863,32.891433,101.1,0.156,4
-117.236559,32.891433,99.38,0.327,4
-117.236256,32.891433,96.92,0.562,4
-117.235952,32.891433,94.83,0.638,4
-117.235648,32.891433,93.76,0.579,4
-117.235345,32.891433,93.87,0.339,4
-117.235041,32.891433,94.21,0.123,4
-117.234737,32.891433,95.15,0.193,4
-117.234434,32.891433,94.75,0.484,4
-117.23413,32.891433,93.79,0.591,4
-117.233826,32.891433,92.92,0.64,4
-117.233522,32.891433,93.14,0.649,4
-117.233219,32.891433,94.51,0.504,4
-117.232915,32.891433,96.85,0.316,4
-117.232611,32.891433,98.95,0.25,4
-117.232308,32.891433,99.97,0.254,4
-117.232004,32.891433,100.41,0.348,4
-117.2317,32.891433,100.56,0.505,4
-117.231397,32.891433,100.49,0.403,4
-117.231093,32.891433,100.26,0.34,4
-117.230789,32.891433,99.86,0.162,4
-117.230485,32.891433,99.66,0.225,4
-117.230182,32.891433,99.16,0.363,4
-117.229878,32.891433,98.53,0.505,4
-117.229574,32.891433,97.38,0.533,4
-117.229271,32.891433,96.74,0.618,4
-117.228967,32.891433,95.75,0.529,4
-117.228663,32.891433,95.4,0.424,4
-117.22836,32.891433,95.26,0.393,4
-117.228056,32.891433,94.91,0.382,4
-117.227752,32.891433,95.07,0.243,4
-117.227448,32.891433,95.74,0.12,4
-117.227145,32.891433,96.51,0.179,4
-117.226841,32.891433,97.19,0.296,4
-117.226537,32.891433,97.84,0.333,4
-117.226234,32.891433,98.61,0.296,4
-117.22593,32.891433,99.78,0.204,4
-117.225626,32.891433,101.43,0.131,4
-117.225323,32.891433,102.45,0.103,4
-117.225019,32.891433,103.37,0.103,4
-117.224715,32.891433,104.09,0.09,4
-117.224411,32.891433,104.46,0.07,4
-117.224108,32.891433,104.81,0.059,4
-117.223804,32.891433,104.52,0.119,4
-117.2235,32.891433,104.72,0.264,4
-117.223197,32.891433,104.77,0.285,4
-117.222893,32.891433,104.37,0.256,4
-117.222589,32.891433,103.69,0.231,4
-117.222286,32.891433,102.46,0.413,4
-117.221982,32.891433,100.82,0.575,4
-117.221678,32.891433,99.28,0.549,4
-117.221374,32.891433,98.3,0.476,4
-117.221071,32.891433,97.96,0.453,4
-117.220767,32.891433,98.12,0.42,4
-117.220463,32.891433,98.35,0.338,4
-117.22016,32.891433,98.08,0.224,4
-117.219856,32.891433,97.49,0.144,4
-117.219552,32.891433,97.07,0.168,4
-117.219249,32.891433,97,0.259,4
-117.218945,32.891433,97.56,0.376,4
-117.218641,32.891433,97.99,0.437,4
-117.218337,32.891433,98.27,0.53,4
-117.218034,32.891433,98.56,0.435,4
-117.21773,32.891433,97.95,0.255,4
-117.217426,32.891433,97.9,0.225,4
-117.263285,32.89113,70.89,0.226,1
-117.262981,32.89113,70.91,0.138,1
-117.262678,32.89113,70.95,0.191,1
-117.262374,32.89113,71,0.244,1
-117.26207,32.89113,71.06,0.169,1
-117.261766,32.89113,71.11,0.12,1
-117.261463,32.89113,71.14,0.174,1
-117.261159,32.89113,71.17,0.187,1
-117.260855,32.89113,71.2,0.142,1
-117.260552,32.89113,71.26,0.152,1
-117.260248,32.89113,71.33,0.161,1
-117.259944,32.89113,71.4,0.109,1
-117.259641,32.89113,71.44,0.105,1
-117.259337,32.89113,71.43,0.11,1
-117.259033,32.89113,71.39,0.079,1
-117.258729,32.89113,71.4,0.103,1
-117.258426,32.89113,71.45,0.106,1
-117.258122,32.89113,71.52,0.079,1
-117.257818,32.89113,71.6,0.081,1
-117.257515,32.89113,71.66,0.066,1
-117.257211,32.89113,71.73,0.058,1
-117.256907,32.89113,71.8,0.034,1
-117.256604,32.89113,71.89,0.017,1
-117.2563,32.89113,72.03,0.007,1
-117.252048,32.89113,92.93,0.117,1
-117.251744,32.89113,95.06,0.212,1
-117.251441,32.89113,97.42,0.26,1
-117.251137,32.89113,99.41,0.244,1
-117.250833,32.89113,101.31,0.23,1
-117.25053,32.89113,102.73,0.226,1
-117.250226,32.89113,103.29,0.195,1
-117.249922,32.89113,102.89,0.174,1
-117.249619,32.89113,101.25,0.212,1
-117.249315,32.89113,98.99,0.319,1
-117.249011,32.89113,97.73,0.476,1
-117.248707,32.89113,97.48,0.623,1
-117.248404,32.89113,96.97,0.702,1
-117.2481,32.89113,95.83,0.689,1
-117.247796,32.89113,91.85,0.69,1
-117.247493,32.89113,91.58,0.716,1
-117.247189,32.89113,91.34,0.699,1
-117.246885,32.89113,91.06,0.659,2
-117.246582,32.89113,91.09,0.636,2
-117.246278,32.89113,90.82,0.624,2
-117.245974,32.89113,90.41,0.623,2
-117.24567,32.89113,90.06,0.655,2
-117.245367,32.89113,90.08,0.636,2
-117.245063,32.89113,90.38,0.628,2
-117.244759,32.89113,90.66,0.634,2
-117.244456,32.89113,90.56,0.636,2
-117.244152,32.89113,91.35,0.658,2
-117.243848,32.89113,92.25,0.704,2
-117.243545,32.89113,91.97,0.734,2
-117.243241,32.89113,92.08,0.684,3
-117.242937,32.89113,92.76,0.479,3
-117.242633,32.89113,93.36,0.207,3
-117.24233,32.89113,94.41,0.191,3
-117.242026,32.89113,95.75,0.407,3
-117.241722,32.89113,97.13,0.324,3
-117.241419,32.89113,98.25,0.266,4
-117.241115,32.89113,97.82,0.31,4
-117.240811,32.89113,96.56,0.444,4
-117.240508,32.89113,95.96,0.591,4
-117.240204,32.89113,96.5,0.609,4
-117.2399,32.89113,98.12,0.505,4
-117.239596,32.89113,99.4,0.352,4
-117.239293,32.89113,100.08,0.223,4
-117.238989,32.89113,99.79,0.216,4
-117.238685,32.89113,99.21,0.211,4
-117.238382,32.89113,98.87,0.179,4
-117.238078,32.89113,98.57,0.145,4
-117.237774,32.89113,98.57,0.114,4
-117.237471,32.89113,99.1,0.17,4
-117.237167,32.89113,99.61,0.216,4
-117.236863,32.89113,99.46,0.198,4
-117.236559,32.89113,97.77,0.383,4
-117.236256,32.89113,95.09,0.54,4
-117.235952,32.89113,93.26,0.674,4
-117.235648,32.89113,92.52,0.65,4
-117.235345,32.89113,92.44,0.598,4
-117.235041,32.89113,92.49,0.494,4
-117.234737,32.89113,93.11,0.533,4
-117.234434,32.89113,92.38,0.557,4
-117.23413,32.89113,91.27,0.526,4
-117.233826,32.89113,90.63,0.585,4
-117.233522,32.89113,91.24,0.593,4
-117.233219,32.89113,92.82,0.409,4
-117.232915,32.89113,95.11,0.186,4
-117.232611,32.89113,97.23,0.1,4
-117.232308,32.89113,98.58,0.155,4
-117.232004,32.89113,99.58,0.344,4
-117.2317,32.89113,100.29,0.512,4
-117.231397,32.89113,100.68,0.369,4
-117.231093,32.89113,100.76,0.201,4
-117.230789,32.89113,100.57,0.068,4
-117.230485,32.89113,100.45,0.088,4
-117.230182,32.89113,99.87,0.136,4
-117.229878,32.89113,98.87,0.272,4
-117.229574,32.89113,97.53,0.471,4
-117.229271,32.89113,96.89,0.481,4
-117.228967,32.89113,96.15,0.451,4
-117.228663,32.89113,96.12,0.377,4
-117.22836,32.89113,96.26,0.349,4
-117.228056,32.89113,96.06,0.34,4
-117.227752,32.89113,96.08,0.224,4
-117.227448,32.89113,96.37,0.12,4
-117.227145,32.89113,96.71,0.218,4
-117.226841,32.89113,96.93,0.372,4
-117.226537,32.89113,97.09,0.427,4
-117.226234,32.89113,97.49,0.43,4
-117.22593,32.89113,98.53,0.354,4
-117.225626,32.89113,100.31,0.238,4
-117.225323,32.89113,101.55,0.162,4
-117.225019,32.89113,102.57,0.113,4
-117.224715,32.89113,103.33,0.119,4
-117.224411,32.89113,103.83,0.126,4
-117.224108,32.89113,104.12,0.112,4
-117.223804,32.89113,103.82,0.167,4
-117.2235,32.89113,104.07,0.148,4
-117.223197,32.89113,104.33,0.187,4
-117.222893,32.89113,104.44,0.299,4
-117.222589,32.89113,104.04,0.357,4
-117.222286,32.89113,103.01,0.42,4
-117.221982,32.89113,101.52,0.45,4
-117.221678,32.89113,100.05,0.491,4
-117.221374,32.89113,98.95,0.525,4
-117.221071,32.89113,98.21,0.494,4
-117.220767,32.89113,97.76,0.418,4
-117.220463,32.89113,97.5,0.299,4
-117.22016,32.89113,97.01,0.17,4
-117.219856,32.89113,96.3,0.186,4
-117.219552,32.89113,95.69,0.314,4
-117.219249,32.89113,95.54,0.408,4
-117.218945,32.89113,96.25,0.535,4
-117.218641,32.89113,96.73,0.51,4
-117.218337,32.89113,96.95,0.542,4
-117.218034,32.89113,96.97,0.509,4
-117.21773,32.89113,95.93,0.477,4
-117.217426,32.89113,95.88,0.465,4
-117.263589,32.890826,70.9,0.244,1
-117.263285,32.890826,70.88,0.202,1
-117.262981,32.890826,70.88,0.135,1
-117.262678,32.890826,70.9,0.182,1
-117.262374,32.890826,70.94,0.228,1
-117.26207,32.890826,71.03,0.165,1
-117.261766,32.890826,71.12,0.143,1
-117.261463,32.890826,71.19,0.159,1
-117.261159,32.890826,71.23,0.148,1
-117.260855,32.890826,71.25,0.159,1
-117.260552,32.890826,71.27,0.171,1
-117.260248,32.890826,71.3,0.131,1
-117.259944,32.890826,71.34,0.133,1
-117.259641,32.890826,71.4,0.126,1
-117.259337,32.890826,71.46,0.08,1
-117.259033,32.890826,71.5,0.092,1
-117.258729,32.890826,71.52,0.108,1
-117.258426,32.890826,71.53,0.099,1
-117.258122,32.890826,71.56,0.086,1
-117.257818,32.890826,71.61,0.071,1
-117.257515,32.890826,71.68,0.066,1
-117.257211,32.890826,71.75,0.06,1
-117.256907,32.890826,71.82,0.027,1
-117.256604,32.890826,71.91,0.01,1
-117.2563,32.890826,72.04,0.012,1
-117.252048,32.890826,93.54,0.122,1
-117.251744,32.890826,95.76,0.197,1
-117.251441,32.890826,98.22,0.235,1
-117.251137,32.890826,100.42,0.263,1
-117.250833,32.890826,102.49,0.279,1
-117.25053,32.890826,104.08,0.282,1
-117.250226,32.890826,104.72,0.249,1
-117.249922,32.890826,104.25,0.188,1
-117.249619,32.890826,102.56,0.146,1
-117.249315,32.890826,100.41,0.152,1
-117.249011,32.890826,99.17,0.207,1
-117.248707,32.890826,98.63,0.316,1
-117.248404,32.890826,97.91,0.444,1
-117.2481,32.890826,97.29,0.54,1
-117.247796,32.890826,96.31,0.664,1
-117.247493,32.890826,96.1,0.726,1
-117.247189,32.890826,95.84,0.744,1
-117.246885,32.890826,95.26,0.729,2
-117.246582,32.890826,95.24,0.685,2
-117.246278,32.890826,95.07,0.645,2
-117.245974,32.890826,94.72,0.631,2
-117.24567,32.890826,94.48,0.638,2
-117.245367,32.890826,94.4,0.64,2
-117.245063,32.890826,93.84,0.676,2
-117.244759,32.890826,93.46,0.675,2
-117.244456,32.890826,93.01,0.648,2
-117.244152,32.890826,92.2,0.647,2
-117.243848,32.890826,91.36,0.649,2
-117.243545,32.890826,91.12,0.629,3
-117.243241,32.890826,91.79,0.573,3
-117.242937,32.890826,92.62,0.457,3
-117.242633,32.890826,93.47,0.37,3
-117.24233,32.890826,94.48,0.353,3
-117.242026,32.890826,95.71,0.342,3
-117.241722,32.890826,96.94,0.185,3
-117.241419,32.890826,97.89,0.143,4
-117.241115,32.890826,97.16,0.239,4
-117.240811,32.890826,95.99,0.447,4
-117.240508,32.890826,95.44,0.579,4
-117.240204,32.890826,95.65,0.609,4
-117.2399,32.890826,96.74,0.582,4
-117.239596,32.890826,97.84,0.504,4
-117.239293,32.890826,98.39,0.448,4
-117.238989,32.890826,97.16,0.369,4
-117.238685,32.890826,95.88,0.295,4
-117.238382,32.890826,95.45,0.285,4
-117.238078,32.890826,95.73,0.26,4
-117.237774,32.890826,96.69,0.205,4
-117.237471,32.890826,97.35,0.245,4
-117.237167,32.890826,97.7,0.315,4
-117.236863,32.890826,97.28,0.342,4
-117.236559,32.890826,95.59,0.493,4
-117.236256,32.890826,93.31,0.537,4
-117.235952,32.890826,91.91,0.596,4
-117.235648,32.890826,91.39,0.685,4
-117.235345,32.890826,91.11,0.697,4
-117.235041,32.890826,90.87,0.616,4
-117.234737,32.890826,90.76,0.6,4
-117.234434,32.890826,90.02,0.586,4
-117.23413,32.890826,89.09,0.551,4
-117.233826,32.890826,88.7,0.609,4
-117.233522,32.890826,89.43,0.6,4
-117.233219,32.890826,90.9,0.48,4
-117.232915,32.890826,92.52,0.279,4
-117.232611,32.890826,94.12,0.12,4
-117.232308,32.890826,95.67,0.102,4
-117.232004,32.890826,97.06,0.248,4
-117.2317,32.890826,98.27,0.438,4
-117.231397,32.890826,99.19,0.353,4
-117.231093,32.890826,99.91,0.215,4
-117.230789,32.890826,100.64,0.188,4
-117.230485,32.890826,100.46,0.126,4
-117.230182,32.890826,99.72,0.102,4
-117.229878,32.890826,98.37,0.149,4
-117.229574,32.890826,97.02,0.359,4
-117.229271,32.890826,96.31,0.408,4
-117.228967,32.890826,96.04,0.392,4
-117.228663,32.890826,96.04,0.397,4
-117.22836,32.890826,96.2,0.407,4
-117.228056,32.890826,96.54,0.332,4
-117.227752,32.890826,96.79,0.224,4
-117.227448,32.890826,96.94,0.136,4
-117.227145,32.890826,96.99,0.232,4
-117.226841,32.890826,96.77,0.413,4
-117.226537,32.890826,96.41,0.504,4
-117.226234,32.890826,96.44,0.549,4
-117.22593,32.890826,97.28,0.476,4
-117.225626,32.890826,98.93,0.274,4
-117.225323,32.890826,100.45,0.098,4
-117.225019,32.890826,101.69,0.068,4
-117.224715,32.890826,102.47,0.195,4
-117.224411,32.890826,103.11,0.108,4
-117.224108,32.890826,103.55,0.117,4
-117.223804,32.890826,103.34,0.152,4
-117.2235,32.890826,103.6,0.11,4
-117.223197,32.890826,103.87,0.112,4
-117.222893,32.890826,104.31,0.155,4
-117.222589,32.890826,104.26,0.199,4
-117.222286,32.890826,103.52,0.256,4
-117.221982,32.890826,102.26,0.357,4
-117.221678,32.890826,100.79,0.45,4
-117.221374,32.890826,99.39,0.507,4
-117.221071,32.890826,98.05,0.487,4
-117.220767,32.890826,96.95,0.393,4
-117.220463,32.890826,96.22,0.285,4
-117.22016,32.890826,95.84,0.2,4
-117.219856,32.890826,95.79,0.27,4
-117.219552,32.890826,95.22,0.407,4
-117.219249,32.890826,95.26,0.437,4
-117.218945,32.890826,96.58,0.448,4
-117.218641,32.890826,97.45,0.434,4
-117.218337,32.890826,97.48,0.426,4
-117.218034,32.890826,96.84,0.436,4
-117.21773,32.890826,94.35,0.513,4
-117.217426,32.890826,93.74,0.57,4
-117.217123,32.890826,93.74,0.422,4
-117.263589,32.890522,70.89,0.157,1
-117.263285,32.890522,70.88,0.152,1
-117.262981,32.890522,70.87,0.151,1
-117.262678,32.890522,70.89,0.18,1
-117.262374,32.890522,70.92,0.188,1
-117.26207,32.890522,71.02,0.147,1
-117.261766,32.890522,71.16,0.228,1
-117.261463,32.890522,71.26,0.222,1
-117.261159,32.890522,71.3,0.126,1
-117.260855,32.890522,71.3,0.162,1
-117.260552,32.890522,71.3,0.187,1
-117.260248,32.890522,71.31,0.121,1
-117.259944,32.890522,71.35,0.146,1
-117.259641,32.890522,71.4,0.118,1
-117.259337,32.890522,71.46,0.079,1
-117.259033,32.890522,71.51,0.095,1
-117.258729,32.890522,71.53,0.119,1
-117.258426,32.890522,71.53,0.127,1
-117.258122,32.890522,71.55,0.079,1
-117.257818,32.890522,71.61,0.069,1
-117.257515,32.890522,71.68,0.068,1
-117.257211,32.890522,71.76,0.051,1
-117.256907,32.890522,71.84,0.046,1
-117.256604,32.890522,71.94,0.014,1
-117.2563,32.890522,72.06,-0.011,1
-117.255996,32.890522,72.19,-0.041,1
-117.255692,32.890522,72.27,-0.059,1
-117.252048,32.890522,94.02,0.247,1
-117.251744,32.890522,96.13,0.335,1
-117.251441,32.890522,98.43,0.37,1
-117.251137,32.890522,100.48,0.382,1
-117.250833,32.890522,102.38,0.356,1
-117.25053,32.890522,103.81,0.316,1
-117.250226,32.890522,104.24,0.263,1
-117.249922,32.890522,103.72,0.197,1
-117.249619,32.890522,102.32,0.146,1
-117.249315,32.890522,100.74,0.125,1
-117.249011,32.890522,99.99,0.123,1
-117.248707,32.890522,99.57,0.134,1
-117.248404,32.890522,98.89,0.17,1
-117.2481,32.890522,98.02,0.212,1
-117.247796,32.890522,96.53,0.291,2
-117.247493,32.890522,96.37,0.422,2
-117.247189,32.890522,96.31,0.559,2
-117.246885,32.890522,96.28,0.636,2
-117.246582,32.890522,96.22,0.67,2
-117.246278,32.890522,96.05,0.673,2
-117.245974,32.890522,95.78,0.69,2
-117.24567,32.890522,95.62,0.685,2
-117.245367,32.890522,95.55,0.69,2
-117.245063,32.890522,94.84,0.597,2
-117.244759,32.890522,94.23,0.551,2
-117.244456,32.890522,93.6,0.605,2
-117.244152,32.890522,92.56,0.651,2
-117.243848,32.890522,91.84,0.45,2
-117.243545,32.890522,91.95,0.184,2
-117.243241,32.890522,92.53,0.186,3
-117.242937,32.890522,93.38,0.11,3
-117.242633,32.890522,94.22,0.135,3
-117.24233,32.890522,95.18,0.274,3
-117.242026,32.890522,96.18,0.22,3
-117.241722,32.890522,97.06,0.191,3
-117.241419,32.890522,97.47,0.121,4
-117.241115,32.890522,96.91,0.204,4
-117.240811,32.890522,96.13,0.39,4
-117.240508,32.890522,95.82,0.331,4
-117.240204,32.890522,95.84,0.383,4
-117.2399,32.890522,96.6,0.355,4
-117.239596,32.890522,97.32,0.39,4
-117.239293,32.890522,97.28,0.462,4
-117.238989,32.890522,94.94,0.533,4
-117.238685,32.890522,92.88,0.515,4
-117.238382,32.890522,92.38,0.435,4
-117.238078,32.890522,92.98,0.396,4
-117.237774,32.890522,94.42,0.362,4
-117.237471,32.890522,95.25,0.309,4
-117.237167,32.890522,95.61,0.313,4
-117.236863,32.890522,95.13,0.342,4
-117.236559,32.890522,93.71,0.413,4
-117.236256,32.890522,92.08,0.429,4
-117.235952,32.890522,91.37,0.468,4
-117.235648,32.890522,91,0.601,4
-117.235345,32.890522,90.66,0.66,4
-117.235041,32.890522,90.34,0.634,4
-117.234737,32.890522,90.14,0.654,4
-117.234434,32.890522,89.61,0.683,4
-117.23413,32.890522,88.99,0.699,4
-117.233826,32.890522,88.57,0.695,4
-117.233522,32.890522,88.92,0.653,4
-117.233219,32.890522,90,0.61,4
-117.232915,32.890522,91.33,0.548,4
-117.232611,32.890522,92.8,0.428,4
-117.232308,32.890522,94.41,0.321,4
-117.232004,32.890522,96,0.293,4
-117.2317,32.890522,97.53,0.268,4
-117.231397,32.890522,98.9,0.196,4
-117.231093,32.890522,100,0.151,4
-117.230789,32.890522,100.89,0.218,4
-117.230485,32.890522,100.6,0.228,4
-117.230182,32.890522,99.73,0.255,4
-117.229878,32.890522,98.49,0.307,4
-117.229574,32.890522,97.39,0.439,4
-117.229271,32.890522,96.64,0.472,4
-117.228967,32.890522,96.1,0.433,4
-117.228663,32.890522,95.89,0.461,4
-117.22836,32.890522,95.98,0.47,4
-117.228056,32.890522,96.46,0.339,4
-117.227752,32.890522,96.92,0.23,4
-117.227448,32.890522,97.21,0.141,4
-117.227145,32.890522,97.2,0.231,4
-117.226841,32.890522,96.75,0.45,4
-117.226537,32.890522,96.16,0.549,4
-117.226234,32.890522,96.04,0.526,4
-117.22593,32.890522,96.89,0.405,4
-117.225626,32.890522,98.61,0.227,4
-117.225323,32.890522,100.17,0.078,4
-117.225019,32.890522,101.46,0.089,4
-117.224715,32.890522,102.38,0.213,4
-117.224411,32.890522,103.09,0.04,4
-117.224108,32.890522,103.58,0.117,4
-117.223804,32.890522,103.44,0.166,4
-117.2235,32.890522,103.73,0.152,4
-117.223197,32.890522,103.89,0.144,4
-117.222893,32.890522,104.12,0.124,4
-117.222589,32.890522,103.92,0.115,4
-117.222286,32.890522,103.24,0.183,4
-117.221982,32.890522,102.15,0.32,4
-117.221678,32.890522,100.77,0.436,4
-117.221374,32.890522,99.17,0.468,4
-117.221071,32.890522,97.43,0.441,4
-117.220767,32.890522,95.86,0.448,4
-117.220463,32.890522,94.77,0.45,4
-117.22016,32.890522,94.29,0.355,4
-117.219856,32.890522,94.46,0.365,4
-117.219552,32.890522,94.2,0.42,4
-117.219249,32.890522,94.78,0.383,4
-117.218945,32.890522,96.91,0.349,4
-117.218641,32.890522,98.16,0.339,4
-117.218337,32.890522,97.86,0.301,4
-117.218034,32.890522,96.48,0.379,4
-117.21773,32.890522,93.31,0.517,4
-117.217426,32.890522,92.39,0.554,4
-117.217123,32.890522,92.44,0.473,4
-117.263589,32.890219,70.87,0.149,1
-117.263285,32.890219,70.9,0.166,1
-117.262981,32.890219,70.92,0.171,1
-117.262678,32.890219,70.94,0.145,1
-117.262374,32.890219,70.98,0.185,1
-117.26207,32.890219,71.07,0.157,1
-117.261766,32.890219,71.2,0.163,1
-117.261463,32.890219,71.29,0.194,1
-117.261159,32.890219,71.32,0.154,1
-117.260855,32.890219,71.32,0.13,1
-117.260552,32.890219,71.32,0.144,1
-117.260248,32.890219,71.33,0.126,1
-117.259944,32.890219,71.35,0.154,1
-117.259641,32.890219,71.38,0.11,1
-117.259337,32.890219,71.41,0.116,1
-117.259033,32.890219,71.45,0.092,1
-117.258729,32.890219,71.45,0.106,1
-117.258426,32.890219,71.45,0.12,1
-117.258122,32.890219,71.5,0.094,1
-117.257818,32.890219,71.58,0.068,1
-117.257515,32.890219,71.68,0.061,1
-117.257211,32.890219,71.78,0.066,1
-117.256907,32.890219,71.87,0.051,1
-117.256604,32.890219,71.97,0.027,1
-117.2563,32.890219,72.08,-0.008,1
-117.255996,32.890219,72.2,-0.008,1
-117.255692,32.890219,72.28,-0.014,1
-117.255389,32.890219,72.31,-0.035,1
-117.252048,32.890219,94.3,0.378,1
-117.251744,32.890219,96.24,0.484,1
-117.251441,32.890219,98.27,0.501,1
-117.251137,32.890219,99.99,0.527,1
-117.250833,32.890219,101.48,0.5,1
-117.25053,32.890219,102.55,0.357,1
-117.250226,32.890219,102.7,0.211,1
-117.249922,32.890219,102.07,0.145,1
-117.249619,32.890219,101.02,0.123,1
-117.249315,32.890219,100.25,0.115,1
-117.249011,32.890219,100.29,0.118,1
-117.248707,32.890219,100.23,0.117,1
-117.248404,32.890219,99.61,0.114,1
-117.2481,32.890219,98.28,0.118,2
-117.247796,32.890219,97.45,0.134,2
-117.247493,32.890219,97.1,0.169,2
-117.247189,32.890219,96.86,0.222,2
-117.246885,32.890219,96.68,0.3,2
-117.246582,32.890219,96.5,0.368,2
-117.246278,32.890219,96.32,0.43,2
-117.245974,32.890219,96.13,0.491,2
-117.24567,32.890219,96.06,0.555,2
-117.245367,32.890219,96.04,0.576,2
-117.245063,32.890219,95.35,0.386,2
-117.244759,32.890219,94.69,0.37,2
-117.244456,32.890219,94.04,0.583,2
-117.244152,32.890219,93.09,0.634,2
-117.243848,32.890219,92.34,0.363,2
-117.243545,32.890219,92.49,0.106,3
-117.243241,32.890219,93.44,0.103,3
-117.242937,32.890219,94.41,0.092,3
-117.242633,32.890219,95.12,0.13,3
-117.24233,32.890219,95.84,0.276,3
-117.242026,32.890219,96.52,0.319,3
-117.241722,32.890219,97.09,0.406,3
-117.241419,32.890219,97.07,0.4,4
-117.241115,32.890219,97.04,0.396,4
-117.240811,32.890219,96.9,0.335,4
-117.240508,32.890219,96.97,0.2,4
-117.240204,32.890219,97.15,0.279,4
-117.2399,32.890219,97.65,0.486,4
-117.239596,32.890219,97.92,0.591,4
-117.239293,32.890219,96.9,0.516,4
-117.238989,32.890219,93.45,0.573,4
-117.238685,32.890219,90.61,0.639,4
-117.238382,32.890219,89.83,0.588,4
-117.238078,32.890219,90.61,0.536,4
-117.237774,32.890219,92.35,0.477,4
-117.237471,32.890219,93.23,0.382,4
-117.237167,32.890219,93.6,0.337,4
-117.236863,32.890219,93.21,0.388,4
-117.236559,32.890219,92.22,0.423,4
-117.236256,32.890219,91.36,0.389,4
-117.235952,32.890219,91.25,0.298,4
-117.235648,32.890219,91.18,0.306,4
-117.235345,32.890219,91.08,0.404,4
-117.235041,32.890219,90.9,0.462,4
-117.234737,32.890219,90.84,0.492,4
-117.234434,32.890219,90.48,0.559,4
-117.23413,32.890219,89.99,0.663,4
-117.233826,32.890219,89.54,0.717,4
-117.233522,32.890219,89.5,0.718,4
-117.233219,32.890219,90,0.661,4
-117.232915,32.890219,90.85,0.519,4
-117.232611,32.890219,91.98,0.36,4
-117.232308,32.890219,93.42,0.324,4
-117.232004,32.890219,94.98,0.293,4
-117.2317,32.890219,96.56,0.118,4
-117.231397,32.890219,98.07,0.099,4
-117.231093,32.890219,99.38,0.103,4
-117.230789,32.890219,100.42,0.104,4
-117.230485,32.890219,100.15,0.189,4
-117.230182,32.890219,99.19,0.443,4
-117.229878,32.890219,97.99,0.483,4
-117.229574,32.890219,96.99,0.494,4
-117.229271,32.890219,96.29,0.476,4
-117.228967,32.890219,95.69,0.466,4
-117.228663,32.890219,95.36,0.491,4
-117.22836,32.890219,95.45,0.461,4
-117.228056,32.890219,96.18,0.311,4
-117.227752,32.890219,97.01,0.196,4
-117.227448,32.890219,97.54,0.122,4
-117.227145,32.890219,97.56,0.205,4
-117.226841,32.890219,97.11,0.401,4
-117.226537,32.890219,96.59,0.464,4
-117.226234,32.890219,96.57,0.368,4
-117.22593,32.890219,97.45,0.261,4
-117.225626,32.890219,99.12,0.196,4
-117.225323,32.890219,100.52,0.14,4
-117.225019,32.890219,101.63,0.147,4
-117.224715,32.890219,102.49,0.136,4
-117.224411,32.890219,103.02,0.046,4
-117.224108,32.890219,103.46,0.108,4
-117.223804,32.890219,103.26,0.144,4
-117.2235,32.890219,103.5,0.18,4
-117.223197,32.890219,103.57,0.228,4
-117.222893,32.890219,103.55,0.255,4
-117.222589,32.890219,103.15,0.223,4
-117.222286,32.890219,102.46,0.253,4
-117.221982,32.890219,101.51,0.344,4
-117.221678,32.890219,100.19,0.439,4
-117.221374,32.890219,98.49,0.474,4
-117.221071,32.890219,96.54,0.449,4
-117.220767,32.890219,94.8,0.505,4
-117.220463,32.890219,93.66,0.591,4
-117.22016,32.890219,93.23,0.491,4
-117.219856,32.890219,93.55,0.481,4
-117.219552,32.890219,93.71,0.445,4
-117.219249,32.890219,95.08,0.366,4
-117.218945,32.890219,97.68,0.302,4
-117.218641,32.890219,98.93,0.286,4
-117.218337,32.890219,98.17,0.294,4
-117.218034,32.890219,96.22,0.47,4
-117.21773,32.890219,92.52,0.556,4
-117.217426,32.890219,91.46,0.577,4
-117.217123,32.890219,91.49,0.578,4
-117.216819,32.890219,91.86,0.484,4
-117.263589,32.889915,70.9,0.175,1
-117.263285,32.889915,70.94,0.17,1
-117.262981,32.889915,70.98,0.209,1
-117.262678,32.889915,71.02,0.162,1
-117.262374,32.889915,71.07,0.178,1
-117.26207,32.889915,71.13,0.158,1
-117.261766,32.889915,71.2,0.137,1
-117.261463,32.889915,71.25,0.167,1
-117.261159,32.889915,71.28,0.171,1
-117.260855,32.889915,71.29,0.134,1
-117.260552,32.889915,71.29,0.118,1
-117.260248,32.889915,71.3,0.135,1
-117.259944,32.889915,71.32,0.15,1
-117.259641,32.889915,71.33,0.111,1
-117.259337,32.889915,71.35,0.107,1
-117.259033,32.889915,71.37,0.093,1
-117.258729,32.889915,71.38,0.11,1
-117.258426,32.889915,71.38,0.111,1
-117.258122,32.889915,71.45,0.076,1
-117.257818,32.889915,71.56,0.068,1
-117.257515,32.889915,71.68,0.055,1
-117.257211,32.889915,71.8,0.059,1
-117.256907,32.889915,71.9,0.053,1
-117.256604,32.889915,72.01,0.032,1
-117.2563,32.889915,72.12,0.009,1
-117.255996,32.889915,72.23,0,1
-117.255692,32.889915,72.34,-0.03,1
-117.255389,32.889915,72.41,-0.064,1
-117.252048,32.889915,94.25,0.273,1
-117.251744,32.889915,96.04,0.39,1
-117.251441,32.889915,97.82,0.373,1
-117.251137,32.889915,99.18,0.386,1
-117.250833,32.889915,100.32,0.4,1
-117.25053,32.889915,101.06,0.261,1
-117.250226,32.889915,100.99,0.151,1
-117.249922,32.889915,100.12,0.173,1
-117.249619,32.889915,99.17,0.187,1
-117.249315,32.889915,99.16,0.149,1
-117.249011,32.889915,99.95,0.129,1
-117.248707,32.889915,100.3,0.119,1
-117.248404,32.889915,100.22,0.117,1
-117.2481,32.889915,99.65,0.116,1
-117.247796,32.889915,97.8,0.121,2
-117.247493,32.889915,97.46,0.126,2
-117.247189,32.889915,97.19,0.133,2
-117.246885,32.889915,96.98,0.138,2
-117.246582,32.889915,96.76,0.149,2
-117.246278,32.889915,96.58,0.17,2
-117.245974,32.889915,96.34,0.195,2
-117.24567,32.889915,96.32,0.24,2
-117.245367,32.889915,96.34,0.287,2
-117.245063,32.889915,95.73,0.266,2
-117.244759,32.889915,95.08,0.343,2
-117.244456,32.889915,94.46,0.436,2
-117.244152,32.889915,93.72,0.378,2
-117.243848,32.889915,93.31,0.26,2
-117.243545,32.889915,93.65,0.199,3
-117.243241,32.889915,94.64,0.168,3
-117.242937,32.889915,95.62,0.171,3
-117.242633,32.889915,96.04,0.213,3
-117.24233,32.889915,96.25,0.369,3
-117.242026,32.889915,96.5,0.527,3
-117.241722,32.889915,96.89,0.575,3
-117.241419,32.889915,96.58,0.529,4
-117.241115,32.889915,96.92,0.483,4
-117.240811,32.889915,97.32,0.353,4
-117.240508,32.889915,97.8,0.183,4
-117.240204,32.889915,98.27,0.191,4
-117.2399,32.889915,98.04,0.522,4
-117.239596,32.889915,97.69,0.681,4
-117.239293,32.889915,95.79,0.57,4
-117.238989,32.889915,92.41,0.585,4
-117.238685,32.889915,89.59,0.65,4
-117.238382,32.889915,88.48,0.626,4
-117.238078,32.889915,88.96,0.622,4
-117.237774,32.889915,90.19,0.623,4
-117.237471,32.889915,90.99,0.543,4
-117.237167,32.889915,91.32,0.467,4
-117.236863,32.889915,91.06,0.552,4
-117.236559,32.889915,90.52,0.598,4
-117.236256,32.889915,90.29,0.562,4
-117.235952,32.889915,90.15,0.459,4
-117.235648,32.889915,90.45,0.454,4
-117.235345,32.889915,90.83,0.404,4
-117.235041,32.889915,91.79,0.3,4
-117.234737,32.889915,92.21,0.263,4
-117.234434,32.889915,92.2,0.312,4
-117.23413,32.889915,91.94,0.43,4
-117.233826,32.889915,91.43,0.588,4
-117.233522,32.889915,91.05,0.691,4
-117.233219,32.889915,91,0.566,4
-117.232915,32.889915,91.14,0.332,4
-117.232611,32.889915,91.62,0.323,4
-117.232308,32.889915,92.56,0.469,4
-117.232004,32.889915,93.76,0.391,4
-117.2317,32.889915,95.09,0.148,4
-117.231397,32.889915,96.51,0.079,4
-117.231093,32.889915,97.92,0.112,4
-117.230789,32.889915,99.16,0.171,4
-117.230485,32.889915,99.07,0.258,4
-117.230182,32.889915,97.96,0.422,4
-117.229878,32.889915,95.87,0.5,4
-117.229574,32.889915,94.91,0.453,4
-117.229271,32.889915,94.26,0.455,4
-117.228967,32.889915,94.36,0.503,4
-117.228663,32.889915,94.22,0.533,4
-117.22836,32.889915,94.53,0.442,4
-117.228056,32.889915,95.78,0.281,4
-117.227752,32.889915,97.08,0.171,4
-117.227448,32.889915,97.8,0.117,4
-117.227145,32.889915,97.87,0.186,4
-117.226841,32.889915,97.52,0.266,4
-117.226537,32.889915,97.22,0.192,4
-117.226234,32.889915,97.43,0.085,4
-117.22593,32.889915,98.47,0.087,4
-117.225626,32.889915,100.13,0.186,4
-117.225323,32.889915,101.27,0.243,4
-117.225019,32.889915,102.05,0.206,4
-117.224715,32.889915,102.46,0.083,4
-117.224411,32.889915,102.8,0.029,4
-117.224108,32.889915,103.04,0.091,4
-117.223804,32.889915,102.85,0.128,4
-117.2235,32.889915,102.94,0.203,4
-117.223197,32.889915,102.74,0.282,4
-117.222893,32.889915,102.09,0.367,4
-117.222589,32.889915,101.46,0.332,4
-117.222286,32.889915,100.79,0.352,4
-117.221982,32.889915,99.9,0.399,4
-117.221678,32.889915,98.59,0.428,4
-117.221374,32.889915,96.87,0.448,4
-117.221071,32.889915,95.22,0.453,4
-117.220767,32.889915,93.93,0.511,4
-117.220463,32.889915,92.95,0.58,4
-117.22016,32.889915,92.7,0.524,4
-117.219856,32.889915,93.24,0.535,4
-117.219552,32.889915,93.81,0.429,4
-117.219249,32.889915,95.65,0.335,4
-117.218945,32.889915,98.09,0.289,4
-117.218641,32.889915,98.96,0.327,4
-117.218337,32.889915,97.75,0.442,4
-117.218034,32.889915,95.58,0.659,4
-117.21773,32.889915,91.84,0.633,4
-117.217426,32.889915,90.76,0.601,4
-117.217123,32.889915,90.66,0.626,4
-117.216819,32.889915,90.87,0.576,4
-117.216515,32.889915,91.03,0.466,4
-117.263589,32.889611,70.92,0.161,1
-117.263285,32.889611,70.96,0.217,1
-117.262981,32.889611,70.99,0.181,1
-117.262678,32.889611,71.04,0.162,1
-117.262374,32.889611,71.09,0.18,1
-117.26207,32.889611,71.13,0.17,1
-117.261766,32.889611,71.17,0.15,1
-117.261463,32.889611,71.2,0.201,1
-117.261159,32.889611,71.21,0.197,1
-117.260855,32.889611,71.22,0.119,1
-117.260552,32.889611,71.23,0.129,1
-117.260248,32.889611,71.24,0.137,1
-117.259944,32.889611,71.25,0.119,1
-117.259641,32.889611,71.27,0.124,1
-117.259337,32.889611,71.3,0.122,1
-117.259033,32.889611,71.33,0.089,1
-117.258729,32.889611,71.36,0.1,1
-117.258426,32.889611,71.4,0.092,1
-117.258122,32.889611,71.46,0.064,1
-117.257818,32.889611,71.56,0.079,1
-117.257515,32.889611,71.7,0.062,1
-117.257211,32.889611,71.82,0.067,1
-117.256907,32.889611,71.94,0.053,1
-117.256604,32.889611,72.05,0.031,1
-117.2563,32.889611,72.16,0.014,1
-117.255996,32.889611,72.27,-0.012,1
-117.255692,32.889611,72.39,-0.041,1
-117.255389,32.889611,72.46,-0.054,1
-117.252048,32.889611,94.29,0.152,1
-117.251744,32.889611,95.9,0.226,1
-117.251441,32.889611,97.42,0.255,1
-117.251137,32.889611,98.36,0.247,1
-117.250833,32.889611,99.1,0.206,1
-117.25053,32.889611,99.55,0.154,1
-117.250226,32.889611,99.44,0.176,1
-117.249922,32.889611,98.79,0.291,1
-117.249619,32.889611,98.28,0.329,1
-117.249315,32.889611,98.49,0.226,1
-117.249011,32.889611,99.2,0.14,1
-117.248707,32.889611,99.89,0.107,1
-117.248404,32.889611,100.06,0.092,1
-117.2481,32.889611,99.59,0.103,1
-117.247796,32.889611,97.81,0.111,2
-117.247493,32.889611,97.58,0.119,2
-117.247189,32.889611,97.37,0.123,2
-117.246885,32.889611,97.18,0.125,2
-117.246582,32.889611,96.97,0.122,2
-117.246278,32.889611,96.86,0.112,2
-117.245974,32.889611,96.64,0.107,2
-117.24567,32.889611,96.74,0.112,2
-117.245367,32.889611,96.84,0.125,2
-117.245063,32.889611,96.3,0.169,2
-117.244759,32.889611,95.7,0.31,2
-117.244456,32.889611,95.12,0.293,2
-117.244152,32.889611,94.69,0.139,2
-117.243848,32.889611,94.48,0.146,2
-117.243545,32.889611,94.68,0.25,3
-117.243241,32.889611,95.63,0.253,3
-117.242937,32.889611,96.41,0.234,3
-117.242633,32.889611,96.46,0.233,3
-117.24233,32.889611,96.2,0.483,3
-117.242026,32.889611,96.02,0.692,3
-117.241722,32.889611,96.25,0.71,3
-117.241419,32.889611,96.11,0.642,4
-117.241115,32.889611,96.45,0.545,4
-117.240811,32.889611,96.9,0.381,4
-117.240508,32.889611,97.61,0.18,4
-117.240204,32.889611,98.38,0.212,4
-117.2399,32.889611,97.41,0.513,4
-117.239596,32.889611,96.32,0.682,4
-117.239293,32.889611,94,0.536,4
-117.238989,32.889611,91.56,0.565,4
-117.238685,32.889611,89.3,0.673,4
-117.238382,32.889611,87.97,0.663,4
-117.238078,32.889611,87.9,0.663,4
-117.237774,32.889611,88.13,0.671,4
-117.237471,32.889611,88.66,0.606,4
-117.237167,32.889611,88.85,0.501,4
-117.236863,32.889611,88.66,0.539,4
-117.236559,32.889611,88.44,0.562,4
-117.236256,32.889611,88.4,0.547,4
-117.235952,32.889611,87.89,0.584,4
-117.235648,32.889611,88.48,0.671,4
-117.235345,32.889611,89.3,0.621,4
-117.235041,32.889611,91.83,0.465,4
-117.234737,32.889611,92.91,0.321,4
-117.234434,32.889611,93.46,0.256,4
-117.23413,32.889611,93.59,0.26,4
-117.233826,32.889611,93.21,0.362,4
-117.233522,32.889611,92.75,0.443,4
-117.233219,32.889611,92.38,0.361,4
-117.232915,32.889611,91.94,0.35,4
-117.232611,32.889611,91.7,0.51,4
-117.232308,32.889611,91.95,0.606,4
-117.232004,32.889611,92.53,0.539,4
-117.2317,32.889611,93.47,0.404,4
-117.231397,32.889611,94.78,0.275,4
-117.231093,32.889611,96.23,0.227,4
-117.230789,32.889611,97.67,0.274,4
-117.230485,32.889611,97.66,0.35,4
-117.230182,32.889611,96.24,0.41,4
-117.229878,32.889611,93.08,0.53,4
-117.229574,32.889611,92.19,0.497,4
-117.229271,32.889611,91.73,0.461,4
-117.228967,32.889611,92.69,0.548,4
-117.228663,32.889611,92.86,0.575,4
-117.22836,32.889611,93.58,0.411,4
-117.228056,32.889611,95.47,0.27,4
-117.227752,32.889611,97.19,0.165,4
-117.227448,32.889611,98,0.128,4
-117.227145,32.889611,98.06,0.189,4
-117.226841,32.889611,97.82,0.192,4
-117.226537,32.889611,97.74,0.091,4
-117.226234,32.889611,98.22,0.04,4
-117.22593,32.889611,99.48,0.07,4
-117.225626,32.889611,101.16,0.172,4
-117.225323,32.889611,102.01,0.292,4
-117.225019,32.889611,102.41,0.189,4
-117.224715,32.889611,102.28,0.056,4
-117.224411,32.889611,102.47,0.035,4
-117.224108,32.889611,102.43,0.067,4
-117.223804,32.889611,102.04,0.089,4
-117.2235,32.889611,101.8,0.274,4
-117.223197,32.889611,101.42,0.402,4
-117.222893,32.889611,100.24,0.348,4
-117.222589,32.889611,99.5,0.335,4
-117.222286,32.889611,98.9,0.423,4
-117.221982,32.889611,98.1,0.449,4
-117.221678,32.889611,96.89,0.43,4
-117.221374,32.889611,95.29,0.41,4
-117.221071,32.889611,94.08,0.462,4
-117.220767,32.889611,93.35,0.601,4
-117.220463,32.889611,92.59,0.633,4
-117.22016,32.889611,92.56,0.549,4
-117.219856,32.889611,93.39,0.546,4
-117.219552,32.889611,94.42,0.437,4
-117.219249,32.889611,96.52,0.324,4
-117.218945,32.889611,98.51,0.305,4
-117.218641,32.889611,98.83,0.47,4
-117.218337,32.889611,97.35,0.645,4
-117.218034,32.889611,94.11,0.7,4
-117.21773,32.889611,91.65,0.657,4
-117.217426,32.889611,90.81,0.603,4
-117.217123,32.889611,90.5,0.6,4
-117.216819,32.889611,90.45,0.608,4
-117.216515,32.889611,90.76,0.513,4
-117.263285,32.889307,70.92,0.255,1
-117.262981,32.889307,70.92,0.166,1
-117.262678,32.889307,70.96,0.181,1
-117.262374,32.889307,71.03,0.199,1
-117.26207,32.889307,71.1,0.182,1
-117.261766,32.889307,71.15,0.155,1
-117.261463,32.889307,71.17,0.281,1
-117.261159,32.889307,71.17,0.285,1
-117.260855,32.889307,71.17,0.111,1
-117.260552,32.889307,71.18,0.13,1
-117.260248,32.889307,71.18,0.131,1
-117.259944,32.889307,71.19,0.098,1
-117.259641,32.889307,71.21,0.131,1
-117.259337,32.889307,71.24,0.149,1
-117.259033,32.889307,71.31,0.079,1
-117.258729,32.889307,71.4,0.085,1
-117.258426,32.889307,71.47,0.108,1
-117.258122,32.889307,71.55,0.069,1
-117.257818,32.889307,71.65,0.074,1
-117.257515,32.889307,71.75,0.068,1
-117.257211,32.889307,71.86,0.078,1
-117.256907,32.889307,71.97,0.074,1
-117.256604,32.889307,72.07,0.063,1
-117.2563,32.889307,72.18,0.036,1
-117.255996,32.889307,72.28,-0.004,1
-117.255692,32.889307,72.38,-0.036,1
-117.255389,32.889307,72.43,-0.047,1
-117.252048,32.889307,94.18,0.133,1
-117.251744,32.889307,95.39,0.163,1
-117.251441,32.889307,96.53,0.183,1
-117.251137,32.889307,97.16,0.185,1
-117.250833,32.889307,97.67,0.165,1
-117.25053,32.889307,97.96,0.173,1
-117.250226,32.889307,97.87,0.238,1
-117.249922,32.889307,97.49,0.319,1
-117.249619,32.889307,97.37,0.356,1
-117.249315,32.889307,98.03,0.322,1
-117.249011,32.889307,99.22,0.236,1
-117.248707,32.889307,100.32,0.141,1
-117.248404,32.889307,100.68,0.08,1
-117.2481,32.889307,100.21,0.076,1
-117.247796,32.889307,97.96,0.082,2
-117.247493,32.889307,97.85,0.093,2
-117.247189,32.889307,97.68,0.108,2
-117.246885,32.889307,97.47,0.109,2
-117.246582,32.889307,97.3,0.113,2
-117.246278,32.889307,97.3,0.111,2
-117.245974,32.889307,97.29,0.108,2
-117.24567,32.889307,97.64,0.106,2
-117.245367,32.889307,97.98,0.11,2
-117.245063,32.889307,97.53,0.198,2
-117.244759,32.889307,96.99,0.379,2
-117.244456,32.889307,96.54,0.323,2
-117.244152,32.889307,96.13,0.129,2
-117.243848,32.889307,95.84,0.134,3
-117.243545,32.889307,95.85,0.288,3
-117.243241,32.889307,96.39,0.344,3
-117.242937,32.889307,96.77,0.198,3
-117.242633,32.889307,96.45,0.211,3
-117.24233,32.889307,95.77,0.414,3
-117.242026,32.889307,95.24,0.647,3
-117.241722,32.889307,95.38,0.705,3
-117.241419,32.889307,95.58,0.666,3
-117.241115,32.889307,95.7,0.567,3
-117.240811,32.889307,96.01,0.412,4
-117.240508,32.889307,96.87,0.19,4
-117.240204,32.889307,97.85,0.295,4
-117.2399,32.889307,97.52,0.34,4
-117.239596,32.889307,96.33,0.383,4
-117.239293,32.889307,93.62,0.373,4
-117.238989,32.889307,90.91,0.515,4
-117.238685,32.889307,88.77,0.664,4
-117.238382,32.889307,87.62,0.664,4
-117.238078,32.889307,87.4,0.63,4
-117.237774,32.889307,87.24,0.63,4
-117.237471,32.889307,87.35,0.62,4
-117.237167,32.889307,87.21,0.555,4
-117.236863,32.889307,86.91,0.571,4
-117.236559,32.889307,86.75,0.59,4
-117.236256,32.889307,86.82,0.602,4
-117.235952,32.889307,86.24,0.684,4
-117.235648,32.889307,87.13,0.707,4
-117.235345,32.889307,88.18,0.678,4
-117.235041,32.889307,91.26,0.616,4
-117.234737,32.889307,92.92,0.51,4
-117.234434,32.889307,94.01,0.422,4
-117.23413,32.889307,94.5,0.376,4
-117.233826,32.889307,94.37,0.315,4
-117.233522,32.889307,94.02,0.238,4
-117.233219,32.889307,93.59,0.272,4
-117.232915,32.889307,92.92,0.454,4
-117.232611,32.889307,92.26,0.592,4
-117.232308,32.889307,91.89,0.596,4
-117.232004,32.889307,91.83,0.591,4
-117.2317,32.889307,92.33,0.584,4
-117.231397,32.889307,93.49,0.485,4
-117.231093,32.889307,94.81,0.378,4
-117.230789,32.889307,95.96,0.329,4
-117.230485,32.889307,95.58,0.397,4
-117.230182,32.889307,94.08,0.45,4
-117.229878,32.889307,91.02,0.555,4
-117.229574,32.889307,90.22,0.648,4
-117.229271,32.889307,90.06,0.604,4
-117.228967,32.889307,91.51,0.608,4
-117.228663,32.889307,92.08,0.531,4
-117.22836,32.889307,93.29,0.349,4
-117.228056,32.889307,95.56,0.254,4
-117.227752,32.889307,97.42,0.166,4
-117.227448,32.889307,98.19,0.138,4
-117.227145,32.889307,98.23,0.2,4
-117.226841,32.889307,98.07,0.287,4
-117.226537,32.889307,98.2,0.288,4
-117.226234,32.889307,98.96,0.173,4
-117.22593,32.889307,100.43,0.15,4
-117.225626,32.889307,102.06,0.248,4
-117.225323,32.889307,102.52,0.273,4
-117.225019,32.889307,102.49,0.161,4
-117.224715,32.889307,102,0.11,4
-117.224411,32.889307,101.99,0.071,4
-117.224108,32.889307,101.73,0.031,4
-117.223804,32.889307,101.13,0.048,4
-117.2235,32.889307,100.66,0.215,4
-117.223197,32.889307,100.21,0.335,4
-117.222893,32.889307,98.95,0.324,4
-117.222589,32.889307,98.17,0.373,4
-117.222286,32.889307,97.61,0.465,4
-117.221982,32.889307,96.9,0.469,4
-117.221678,32.889307,95.87,0.455,4
-117.221374,32.889307,94.54,0.45,4
-117.221071,32.889307,93.6,0.53,4
-117.220767,32.889307,93.12,0.665,4
-117.220463,32.889307,92.6,0.612,4
-117.22016,32.889307,92.8,0.466,4
-117.219856,32.889307,93.92,0.449,4
-117.219552,32.889307,95.42,0.398,4
-117.219249,32.889307,97.69,0.317,4
-117.218945,32.889307,99.36,0.316,4
-117.218641,32.889307,99.06,0.534,4
-117.218337,32.889307,97.65,0.665,4
-117.218034,32.889307,94.12,0.657,4
-117.21773,32.889307,92.62,0.612,4
-117.217426,32.889307,91.86,0.64,4
-117.217123,32.889307,91.29,0.633,4
-117.216819,32.889307,90.91,0.603,4
-117.216515,32.889307,90.82,0.556,4
-117.216212,32.889307,90.92,0.498,4
-117.262981,32.889004,70.81,0.142,1
-117.262678,32.889004,70.85,0.196,1
-117.262374,32.889004,70.96,0.181,1
-117.26207,32.889004,71.08,0.152,1
-117.261766,32.889004,71.15,0.141,1
-117.261463,32.889004,71.17,0.249,1
-117.261159,32.889004,71.16,0.256,1
-117.260855,32.889004,71.16,0.12,1
-117.260552,32.889004,71.16,0.135,1
-117.260248,32.889004,71.17,0.128,1
-117.259944,32.889004,71.17,0.112,1
-117.259641,32.889004,71.19,0.144,1
-117.259337,32.889004,71.24,0.129,1
-117.259033,32.889004,71.34,0.089,1
-117.258729,32.889004,71.46,0.082,1
-117.258426,32.889004,71.55,0.098,1
-117.258122,32.889004,71.64,0.07,1
-117.257818,32.889004,71.72,0.081,1
-117.257515,32.889004,71.81,0.067,1
-117.257211,32.889004,71.9,0.073,1
-117.256907,32.889004,71.99,0.094,1
-117.256604,32.889004,72.08,0.095,1
-117.2563,32.889004,72.17,0.06,1
-117.255996,32.889004,72.26,0.007,1
-117.255692,32.889004,72.33,-0.039,1
-117.255389,32.889004,72.37,-0.06,1
-117.252048,32.889004,93.73,0.128,1
-117.251744,32.889004,94.51,0.138,1
-117.251441,32.889004,95.31,0.148,1
-117.251137,32.889004,95.86,0.161,1
-117.250833,32.889004,96.47,0.224,1
-117.25053,32.889004,96.82,0.282,1
-117.250226,32.889004,96.82,0.315,1
-117.249922,32.889004,96.59,0.323,1
-117.249619,32.889004,96.69,0.367,1
-117.249315,32.889004,97.72,0.412,1
-117.249011,32.889004,99.27,0.316,1
-117.248707,32.889004,100.46,0.177,1
-117.248404,32.889004,100.93,0.12,1
-117.2481,32.889004,100.79,0.078,1
-117.247796,32.889004,99.66,0.067,1
-117.247493,32.889004,97.44,0.074,2
-117.247189,32.889004,97.17,0.085,2
-117.246885,32.889004,96.79,0.092,2
-117.246582,32.889004,96.58,0.092,2
-117.246278,32.889004,96.71,0.093,2
-117.245974,32.889004,96.97,0.093,2
-117.24567,32.889004,97.56,0.093,2
-117.245367,32.889004,98.17,0.104,2
-117.245063,32.889004,98.5,0.215,2
-117.244759,32.889004,98.56,0.365,2
-117.244456,32.889004,98.32,0.298,3
-117.244152,32.889004,97.98,0.143,3
-117.243848,32.889004,97.62,0.158,3
-117.243545,32.889004,97.2,0.331,3
-117.243241,32.889004,97.02,0.423,3
-117.242937,32.889004,96.86,0.209,3
-117.242633,32.889004,96.25,0.234,3
-117.24233,32.889004,95.4,0.319,3
-117.242026,32.889004,94.73,0.363,3
-117.241722,32.889004,94.84,0.395,3
-117.241419,32.889004,95.07,0.408,3
-117.241115,32.889004,95.17,0.392,3
-117.240811,32.889004,95.14,0.313,4
-117.240508,32.889004,95.91,0.203,4
-117.240204,32.889004,96.89,0.303,4
-117.2399,32.889004,96.63,0.298,4
-117.239596,32.889004,95.36,0.293,4
-117.239293,32.889004,92.88,0.348,4
-117.238989,32.889004,90.34,0.485,4
-117.238685,32.889004,88.6,0.622,4
-117.238382,32.889004,87.8,0.628,4
-117.238078,32.889004,87.34,0.557,4
-117.237774,32.889004,86.72,0.573,4
-117.237471,32.889004,86.35,0.646,4
-117.237167,32.889004,85.87,0.664,4
-117.236863,32.889004,85.34,0.696,4
-117.236559,32.889004,85,0.713,4
-117.236256,32.889004,85.01,0.726,4
-117.235952,32.889004,85.98,0.71,4
-117.235648,32.889004,86.88,0.686,4
-117.235345,32.889004,88.02,0.689,4
-117.235041,32.889004,90.42,0.666,4
-117.234737,32.889004,92.32,0.625,4
-117.234434,32.889004,93.69,0.61,4
-117.23413,32.889004,94.37,0.58,4
-117.233826,32.889004,94.94,0.508,4
-117.233522,32.889004,95.07,0.373,4
-117.233219,32.889004,94.83,0.261,4
-117.232915,32.889004,94.68,0.27,4
-117.232611,32.889004,94.37,0.382,4
-117.232308,32.889004,93.75,0.506,4
-117.232004,32.889004,93.32,0.566,4
-117.2317,32.889004,93.41,0.557,4
-117.231397,32.889004,94.1,0.529,4
-117.231093,32.889004,94.75,0.447,4
-117.230789,32.889004,94.5,0.382,4
-117.230485,32.889004,93.52,0.503,4
-117.230182,32.889004,92.01,0.6,4
-117.229878,32.889004,89.93,0.639,4
-117.229574,32.889004,89.75,0.738,4
-117.229271,32.889004,89.91,0.667,4
-117.228967,32.889004,91.15,0.518,4
-117.228663,32.889004,92.13,0.43,4
-117.22836,32.889004,93.79,0.307,4
-117.228056,32.889004,95.71,0.245,4
-117.227752,32.889004,97.19,0.178,4
-117.227448,32.889004,97.81,0.158,4
-117.227145,32.889004,97.78,0.222,4
-117.226841,32.889004,97.71,0.346,4
-117.226537,32.889004,98.05,0.38,4
-117.226234,32.889004,99.06,0.25,4
-117.22593,32.889004,100.82,0.216,4
-117.225626,32.889004,102.95,0.282,4
-117.225323,32.889004,103.21,0.314,4
-117.225019,32.889004,102.84,0.203,4
-117.224715,32.889004,101.95,0.133,4
-117.224411,32.889004,101.77,0.077,4
-117.224108,32.889004,101.61,0.029,4
-117.223804,32.889004,101.19,0.044,4
-117.2235,32.889004,100.75,0.199,4
-117.223197,32.889004,100.24,0.404,4
-117.222893,32.889004,98.86,0.542,4
-117.222589,32.889004,97.87,0.491,4
-117.222286,32.889004,97.16,0.459,4
-117.221982,32.889004,96.41,0.424,4
-117.221678,32.889004,95.48,0.419,4
-117.221374,32.889004,94.41,0.448,4
-117.221071,32.889004,93.6,0.528,4
-117.220767,32.889004,93.14,0.566,4
-117.220463,32.889004,92.81,0.422,4
-117.22016,32.889004,93.07,0.334,4
-117.219856,32.889004,94.18,0.337,4
-117.219552,32.889004,96.05,0.309,4
-117.219249,32.889004,98.35,0.3,4
-117.218945,32.889004,100.5,0.31,4
-117.218641,32.889004,100.24,0.408,4
-117.218337,32.889004,99.25,0.535,4
-117.218034,32.889004,96.91,0.498,4
-117.21773,32.889004,95.7,0.423,4
-117.217426,32.889004,94.79,0.556,4
-117.217123,32.889004,93.99,0.666,4
-117.216819,32.889004,93.25,0.613,4
-117.216515,32.889004,92.64,0.588,4
-117.216212,32.889004,92.26,0.525,4
-117.262981,32.8887,70.75,0.145,1
-117.262678,32.8887,70.81,0.21,1
-117.262374,32.8887,70.94,0.174,1
-117.26207,32.8887,71.08,0.132,1
-117.261766,32.8887,71.16,0.153,1
-117.261463,32.8887,71.17,0.192,1
-117.261159,32.8887,71.16,0.173,1
-117.260855,32.8887,71.16,0.138,1
-117.260552,32.8887,71.18,0.146,1
-117.260248,32.8887,71.21,0.117,1
-117.259944,32.8887,71.23,0.127,1
-117.259641,32.8887,71.25,0.158,1
-117.259337,32.8887,71.29,0.118,1
-117.259033,32.8887,71.36,0.097,1
-117.258729,32.8887,71.46,0.081,1
-117.258426,32.8887,71.56,0.095,1
-117.258122,32.8887,71.65,0.089,1
-117.257818,32.8887,71.73,0.098,1
-117.257515,32.8887,71.82,0.073,1
-117.257211,32.8887,71.9,0.069,1
-117.256907,32.8887,71.98,0.078,1
-117.256604,32.8887,72.06,0.088,1
-117.2563,32.8887,72.15,0.052,1
-117.255996,32.8887,72.23,0.004,1
-117.255692,32.8887,72.29,-0.026,1
-117.255389,32.8887,72.32,-0.04,1
-117.252048,32.8887,92.79,0.114,1
-117.251744,32.8887,93.39,0.121,1
-117.251441,32.8887,94.09,0.133,1
-117.251137,32.8887,94.66,0.169,1
-117.250833,32.8887,95.38,0.296,1
-117.25053,32.8887,95.82,0.367,1
-117.250226,32.8887,95.93,0.35,1
-117.249922,32.8887,95.86,0.344,1
-117.249619,32.8887,96.2,0.384,1
-117.249315,32.8887,97.58,0.335,1
-117.249011,32.8887,99.34,0.173,1
-117.248707,32.8887,100.45,0.148,1
-117.248404,32.8887,100.86,0.169,1
-117.2481,32.8887,100.9,0.174,1
-117.247796,32.8887,100.71,0.171,1
-117.247493,32.8887,99.62,0.139,1
-117.247189,32.8887,98.91,0.092,1
-117.246885,32.8887,96.34,0.087,2
-117.246582,32.8887,95.92,0.083,2
-117.246278,32.8887,96.2,0.085,2
-117.245974,32.8887,96.65,0.078,2
-117.24567,32.8887,97.39,0.092,2
-117.245367,32.8887,98.14,0.105,2
-117.245063,32.8887,98.97,0.152,2
-117.244759,32.8887,99.57,0.225,2
-117.244456,32.8887,99.69,0.234,2
-117.244152,32.8887,99.4,0.192,2
-117.243848,32.8887,98.84,0.196,3
-117.243545,32.8887,98.12,0.269,3
-117.243241,32.8887,97.36,0.306,3
-117.242937,32.8887,96.77,0.244,3
-117.242633,32.8887,96.08,0.301,3
-117.24233,32.8887,95.45,0.219,3
-117.242026,32.8887,94.88,0.233,3
-117.241722,32.8887,94.89,0.212,3
-117.241419,32.8887,95.08,0.187,3
-117.241115,32.8887,95.11,0.272,3
-117.240811,32.8887,94.66,0.301,4
-117.240508,32.8887,95.18,0.359,4
-117.240204,32.8887,96.02,0.386,4
-117.2399,32.8887,95.27,0.417,4
-117.239596,32.8887,93.97,0.411,4
-117.239293,32.8887,92.25,0.414,4
-117.238989,32.8887,90.45,0.455,4
-117.238685,32.8887,89.23,0.577,4
-117.238382,32.8887,88.69,0.624,4
-117.238078,32.8887,88.14,0.544,4
-117.237774,32.8887,87.36,0.545,4
-117.237471,32.8887,86.9,0.613,4
-117.237167,32.8887,86.34,0.624,4
-117.236863,32.8887,85.68,0.667,4
-117.236559,32.8887,85.2,0.683,4
-117.236256,32.8887,85.06,0.68,4
-117.235952,32.8887,86.37,0.656,4
-117.235648,32.8887,87,0.64,4
-117.235345,32.8887,88,0.649,4
-117.235041,32.8887,90.11,0.581,4
-117.234737,32.8887,92,0.54,4
-117.234434,32.8887,93.33,0.551,4
-117.23413,32.8887,94.03,0.566,4
-117.233826,32.8887,94.95,0.6,4
-117.233522,32.8887,95.46,0.561,4
-117.233219,32.8887,95.63,0.439,4
-117.232915,32.8887,96.03,0.298,4
-117.232611,32.8887,96.19,0.231,4
-117.232308,32.8887,95.74,0.297,4
-117.232004,32.8887,95.19,0.41,4
-117.2317,32.8887,94.76,0.468,4
-117.231397,32.8887,94.64,0.525,4
-117.231093,32.8887,94.53,0.507,4
-117.230789,32.8887,93.46,0.503,4
-117.230485,32.8887,92.02,0.664,4
-117.230182,32.8887,90.48,0.763,4
-117.229878,32.8887,89.02,0.76,4
-117.229574,32.8887,89.23,0.753,4
-117.229271,32.8887,89.75,0.615,4
-117.228967,32.8887,91.14,0.44,4
-117.228663,32.8887,92.52,0.379,4
-117.22836,32.8887,94.37,0.29,4
-117.228056,32.8887,96.05,0.257,4
-117.227752,32.8887,97.2,0.186,4
-117.227448,32.8887,97.57,0.195,4
-117.227145,32.8887,97.41,0.261,4
-117.226841,32.8887,97.37,0.347,4
-117.226537,32.8887,97.97,0.388,4
-117.226234,32.8887,99.25,0.249,4
-117.22593,32.8887,101.16,0.174,4
-117.225626,32.8887,103.39,0.265,4
-117.225323,32.8887,103.54,0.415,4
-117.225019,32.8887,102.98,0.281,4
-117.224715,32.8887,101.83,0.111,4
-117.224411,32.8887,101.62,0.103,4
-117.224108,32.8887,101.8,0.11,4
-117.223804,32.8887,101.79,0.14,4
-117.2235,32.8887,101.6,0.412,4
-117.223197,32.8887,101.12,0.38,4
-117.222893,32.8887,99.56,0.389,4
-117.222589,32.8887,98.33,0.357,4
-117.222286,32.8887,97.34,0.443,4
-117.221982,32.8887,96.29,0.469,4
-117.221678,32.8887,95.18,0.413,4
-117.221374,32.8887,94.1,0.408,4
-117.221071,32.8887,93.38,0.51,4
-117.220767,32.8887,93.05,0.535,4
-117.220463,32.8887,92.9,0.38,4
-117.22016,32.8887,93.36,0.344,4
-117.219856,32.8887,94.73,0.33,4
-117.219552,32.8887,96.74,0.316,4
-117.219249,32.8887,98.99,0.304,4
-117.218945,32.8887,101.3,0.308,4
-117.218641,32.8887,101.59,0.326,4
-117.218337,32.8887,101.33,0.375,4
-117.218034,32.8887,99.76,0.312,4
-117.21773,32.8887,98.69,0.247,4
-117.217426,32.8887,97.64,0.275,4
-117.217123,32.8887,96.54,0.485,4
-117.216819,32.8887,95.41,0.572,4
-117.216515,32.8887,94.23,0.604,4
-117.216212,32.8887,93.15,0.617,4
-117.215908,32.8887,92.04,0.58,4
-117.215604,32.8887,91.38,0.546,4
-117.262678,32.888396,70.87,0.189,1
-117.262374,32.888396,70.97,0.153,1
-117.26207,32.888396,71.08,0.131,1
-117.261766,32.888396,71.14,0.16,1
-117.261463,32.888396,71.16,0.155,1
-117.261159,32.888396,71.16,0.134,1
-117.260855,32.888396,71.17,0.144,1
-117.260552,32.888396,71.2,0.132,1
-117.260248,32.888396,71.25,0.115,1
-117.259944,32.888396,71.3,0.13,1
-117.259641,32.888396,71.33,0.154,1
-117.259337,32.888396,71.33,0.103,1
-117.259033,32.888396,71.34,0.108,1
-117.258729,32.888396,71.38,0.082,1
-117.258426,32.888396,71.46,0.078,1
-117.258122,32.888396,71.57,0.118,1
-117.257818,32.888396,71.66,0.099,1
-117.257515,32.888396,71.76,0.078,1
-117.257211,32.888396,71.85,0.095,1
-117.256907,32.888396,71.93,0.08,1
-117.256604,32.888396,72.01,0.064,1
-117.2563,32.888396,72.09,0.042,1
-117.255996,32.888396,72.18,0.011,1
-117.255692,32.888396,72.26,-0.015,1
-117.255389,32.888396,72.31,-0.027,1
-117.252048,32.888396,91.79,0.11,1
-117.251744,32.888396,92.35,0.115,1
-117.251441,32.888396,93.02,0.153,1
-117.251137,32.888396,93.61,0.186,1
-117.250833,32.888396,94.34,0.303,1
-117.25053,32.888396,94.83,0.388,1
-117.250226,32.888396,95.06,0.392,1
-117.249922,32.888396,95.16,0.374,1
-117.249619,32.888396,95.82,0.359,1
-117.249315,32.888396,97.55,0.282,1
-117.249011,32.888396,99.31,0.153,1
-117.248707,32.888396,100.12,0.125,1
-117.248404,32.888396,100.19,0.123,1
-117.2481,32.888396,100.12,0.129,1
-117.247796,32.888396,99.94,0.154,1
-117.247493,32.888396,99.58,0.164,1
-117.247189,32.888396,98.75,0.168,1
-117.246885,32.888396,97.57,0.237,1
-117.246582,32.888396,95.61,0.218,2
-117.246278,32.888396,95.81,0.165,2
-117.245974,32.888396,96.28,0.145,2
-117.24567,32.888396,97.01,0.16,2
-117.245367,32.888396,97.82,0.16,2
-117.245063,32.888396,98.84,0.163,2
-117.244759,32.888396,99.68,0.205,2
-117.244456,32.888396,100.07,0.202,2
-117.244152,32.888396,100.01,0.157,2
-117.243848,32.888396,99.39,0.168,2
-117.243545,32.888396,98.32,0.224,3
-117.243241,32.888396,97.34,0.238,3
-117.242937,32.888396,96.64,0.256,3
-117.242633,32.888396,95.94,0.374,3
-117.24233,32.888396,95.54,0.181,3
-117.242026,32.888396,95.12,0.368,3
-117.241722,32.888396,95.18,0.325,3
-117.241419,32.888396,95.4,0.213,3
-117.241115,32.888396,95.32,0.211,3
-117.240811,32.888396,94.72,0.391,4
-117.240508,32.888396,94.91,0.573,4
-117.240204,32.888396,95.47,0.59,4
-117.2399,32.888396,94.28,0.602,4
-117.239596,32.888396,93.08,0.59,4
-117.239293,32.888396,91.69,0.592,4
-117.238989,32.888396,90.65,0.554,4
-117.238685,32.888396,89.98,0.602,4
-117.238382,32.888396,89.44,0.674,4
-117.238078,32.888396,88.71,0.612,4
-117.237774,32.888396,87.93,0.528,4
-117.237471,32.888396,87.9,0.479,4
-117.237167,32.888396,87.52,0.467,4
-117.236863,32.888396,86.99,0.545,4
-117.236559,32.888396,86.52,0.619,4
-117.236256,32.888396,86.33,0.621,4
-117.235952,32.888396,87.3,0.615,4
-117.235648,32.888396,87.58,0.606,4
-117.235345,32.888396,88.47,0.611,4
-117.235041,32.888396,90.52,0.482,4
-117.234737,32.888396,92.17,0.364,4
-117.234434,32.888396,93.27,0.383,4
-117.23413,32.888396,93.93,0.465,4
-117.233826,32.888396,94.93,0.534,4
-117.233522,32.888396,95.64,0.546,4
-117.233219,32.888396,96.04,0.512,4
-117.232915,32.888396,96.78,0.453,4
-117.232611,32.888396,97.4,0.343,4
-117.232308,32.888396,97.32,0.222,4
-117.232004,32.888396,96.79,0.2,4
-117.2317,32.888396,95.96,0.274,4
-117.231397,32.888396,95.29,0.366,4
-117.231093,32.888396,94.63,0.443,4
-117.230789,32.888396,93.44,0.57,4
-117.230485,32.888396,92.23,0.725,4
-117.230182,32.888396,91.05,0.751,4
-117.229878,32.888396,89.87,0.745,4
-117.229574,32.888396,90.13,0.732,4
-117.229271,32.888396,90.71,0.672,4
-117.228967,32.888396,92.16,0.505,4
-117.228663,32.888396,93.55,0.381,4
-117.22836,32.888396,95.19,0.268,4
-117.228056,32.888396,96.51,0.275,4
-117.227752,32.888396,97.31,0.201,4
-117.227448,32.888396,97.38,0.248,4
-117.227145,32.888396,96.98,0.305,4
-117.226841,32.888396,96.93,0.339,4
-117.226537,32.888396,97.76,0.423,4
-117.226234,32.888396,99.32,0.294,4
-117.22593,32.888396,101.34,0.146,4
-117.225626,32.888396,103.51,0.234,4
-117.225323,32.888396,103.54,0.28,4
-117.225019,32.888396,102.95,0.348,4
-117.224715,32.888396,101.83,0.234,4
-117.224411,32.888396,101.79,0.117,4
-117.224108,32.888396,102.33,0.248,4
-117.223804,32.888396,102.74,0.189,4
-117.2235,32.888396,102.82,0.25,4
-117.223197,32.888396,102.35,0.121,4
-117.222893,32.888396,100.68,0.074,4
-117.222589,32.888396,99.27,0.169,4
-117.222286,32.888396,97.94,0.395,4
-117.221982,32.888396,96.42,0.549,4
-117.221678,32.888396,94.88,0.53,4
-117.221374,32.888396,93.56,0.49,4
-117.221071,32.888396,92.76,0.521,4
-117.220767,32.888396,92.42,0.514,4
-117.220463,32.888396,92.4,0.413,4
-117.22016,32.888396,93.2,0.326,4
-117.219856,32.888396,94.89,0.334,4
-117.219552,32.888396,96.84,0.345,4
-117.219249,32.888396,98.92,0.321,4
-117.218945,32.888396,101.44,0.314,4
-117.218641,32.888396,102.42,0.315,4
-117.218337,32.888396,102.99,0.324,4
-117.218034,32.888396,102.11,0.222,4
-117.21773,32.888396,101.61,0.148,4
-117.217426,32.888396,100.75,0.165,4
-117.217123,32.888396,99.61,0.367,4
-117.216819,32.888396,98.22,0.514,4
-117.216515,32.888396,96.5,0.545,4
-117.216212,32.888396,94.77,0.574,4
-117.215908,32.888396,92.99,0.611,4
-117.215604,32.888396,91.95,0.629,4
-117.262374,32.888093,71,0.209,1
-117.26207,32.888093,71.04,0.159,1
-117.261766,32.888093,71.09,0.196,1
-117.261463,32.888093,71.13,0.189,1
-117.261159,32.888093,71.15,0.117,1
-117.260855,32.888093,71.18,0.125,1
-117.260552,32.888093,71.21,0.129,1
-117.260248,32.888093,71.27,0.131,1
-117.259944,32.888093,71.32,0.106,1
-117.259641,32.888093,71.35,0.155,1
-117.259337,32.888093,71.32,0.079,1
-117.259033,32.888093,71.26,0.146,1
-117.258729,32.888093,71.27,0.096,1
-117.258426,32.888093,71.35,0.084,1
-117.258122,32.888093,71.45,0.108,1
-117.257818,32.888093,71.55,0.085,1
-117.257515,32.888093,71.65,0.088,1
-117.257211,32.888093,71.73,0.086,1
-117.256907,32.888093,71.81,0.072,1
-117.256604,32.888093,71.9,0.07,1
-117.2563,32.888093,71.99,0.05,1
-117.255996,32.888093,72.11,0.005,1
-117.255692,32.888093,72.23,-0.025,1
-117.255389,32.888093,72.3,-0.029,1
-117.252048,32.888093,90.92,0.21,1
-117.251744,32.888093,91.51,0.17,1
-117.251441,32.888093,92.22,0.159,1
-117.251137,32.888093,92.85,0.201,1
-117.250833,32.888093,93.49,0.307,1
-117.25053,32.888093,93.9,0.397,1
-117.250226,32.888093,94.15,0.397,1
-117.249922,32.888093,94.4,0.348,1
-117.249619,32.888093,95.31,0.334,1
-117.249315,32.888093,97.19,0.346,1
-117.249011,32.888093,98.74,0.325,1
-117.248707,32.888093,99.06,0.289,1
-117.248404,32.888093,98.71,0.252,1
-117.2481,32.888093,98.42,0.221,1
-117.247796,32.888093,98.12,0.164,1
-117.247493,32.888093,97.74,0.103,1
-117.247189,32.888093,97.07,0.152,1
-117.246885,32.888093,96.4,0.459,1
-117.246582,32.888093,96.18,0.561,1
-117.246278,32.888093,96.5,0.551,1
-117.245974,32.888093,95.86,0.495,2
-117.24567,32.888093,96.09,0.394,2
-117.245367,32.888093,96.91,0.276,2
-117.245063,32.888093,98.09,0.273,2
-117.244759,32.888093,99.09,0.286,2
-117.244456,32.888093,99.62,0.255,2
-117.244152,32.888093,99.64,0.223,2
-117.243848,32.888093,99.09,0.221,2
-117.243545,32.888093,98.18,0.257,2
-117.243241,32.888093,97.39,0.268,2
-117.242937,32.888093,96.74,0.232,2
-117.242633,32.888093,95.98,0.283,3
-117.24233,32.888093,95.66,0.178,3
-117.242026,32.888093,95.36,0.313,3
-117.241722,32.888093,95.48,0.264,3
-117.241419,32.888093,95.75,0.267,3
-117.241115,32.888093,95.45,0.186,3
-117.240811,32.888093,94.79,0.348,4
-117.240508,32.888093,95,0.618,4
-117.240204,32.888093,95.1,0.763,4
-117.2399,32.888093,93.78,0.776,4
-117.239596,32.888093,92.84,0.685,4
-117.239293,32.888093,92.05,0.629,4
-117.238989,32.888093,91.52,0.593,4
-117.238685,32.888093,90.85,0.634,4
-117.238382,32.888093,89.9,0.696,4
-117.238078,32.888093,88.78,0.652,4
-117.237774,32.888093,87.87,0.537,4
-117.237471,32.888093,87.99,0.434,4
-117.237167,32.888093,87.87,0.438,4
-117.236863,32.888093,87.59,0.524,4
-117.236559,32.888093,87.31,0.592,4
-117.236256,32.888093,87.15,0.623,4
-117.235952,32.888093,87.85,0.635,4
-117.235648,32.888093,87.93,0.599,4
-117.235345,32.888093,88.81,0.586,4
-117.235041,32.888093,90.88,0.456,4
-117.234737,32.888093,92.38,0.379,4
-117.234434,32.888093,93.28,0.375,4
-117.23413,32.888093,93.88,0.38,4
-117.233826,32.888093,94.88,0.382,4
-117.233522,32.888093,95.59,0.39,4
-117.233219,32.888093,95.99,0.399,4
-117.232915,32.888093,96.79,0.408,4
-117.232611,32.888093,97.56,0.407,4
-117.232308,32.888093,97.75,0.363,4
-117.232004,32.888093,97.4,0.285,4
-117.2317,32.888093,96.37,0.238,4
-117.231397,32.888093,95.44,0.212,4
-117.231093,32.888093,94.89,0.214,4
-117.230789,32.888093,93.95,0.305,4
-117.230485,32.888093,93.63,0.423,4
-117.230182,32.888093,93.26,0.479,4
-117.229878,32.888093,92.37,0.544,4
-117.229574,32.888093,92.7,0.551,4
-117.229271,32.888093,93.15,0.568,4
-117.228967,32.888093,94.27,0.52,4
-117.228663,32.888093,95.25,0.372,4
-117.22836,32.888093,96.34,0.276,4
-117.228056,32.888093,97.26,0.305,4
-117.227752,32.888093,97.74,0.213,4
-117.227448,32.888093,97.52,0.242,4
-117.227145,32.888093,96.96,0.328,4
-117.226841,32.888093,96.95,0.375,4
-117.226537,32.888093,97.94,0.471,4
-117.226234,32.888093,99.61,0.357,4
-117.22593,32.888093,101.47,0.081,4
-117.225626,32.888093,103.12,0.083,4
-117.225323,32.888093,103.13,0.136,4
-117.225019,32.888093,102.72,0.377,4
-117.224715,32.888093,102,0.359,4
-117.224411,32.888093,102.19,0.175,4
-117.224108,32.888093,102.91,0.193,4
-117.223804,32.888093,103.52,0.208,4
-117.2235,32.888093,103.65,0.251,4
-117.223197,32.888093,103.14,0.17,4
-117.222893,32.888093,101.72,0.111,4
-117.222589,32.888093,100.31,0.134,4
-117.222286,32.888093,98.74,0.303,4
-117.221982,32.888093,96.86,0.524,4
-117.221678,32.888093,94.96,0.63,4
-117.221374,32.888093,93.41,0.632,4
-117.221071,32.888093,92.44,0.609,4
-117.220767,32.888093,91.99,0.555,4
-117.220463,32.888093,92.04,0.451,4
-117.22016,32.888093,92.87,0.352,4
-117.219856,32.888093,94.38,0.35,4
-117.219552,32.888093,96.05,0.342,4
-117.219249,32.888093,97.91,0.322,4
-117.218945,32.888093,100.56,0.321,4
-117.218641,32.888093,102.03,0.319,4
-117.218337,32.888093,103.23,0.295,4
-117.218034,32.888093,103.27,0.194,4
-117.21773,32.888093,103.62,0.146,4
-117.217426,32.888093,103.42,0.172,4
-117.217123,32.888093,102.54,0.29,4
-117.216819,32.888093,100.98,0.416,4
-117.216515,32.888093,99.01,0.483,4
-117.216212,32.888093,96.95,0.553,4
-117.215908,32.888093,94.83,0.617,4
-117.215604,32.888093,93.06,0.644,4
-117.2153,32.888093,92.32,0.65,4
-117.262374,32.887789,70.98,0.154,1
-117.26207,32.887789,71.01,0.149,1
-117.261766,32.887789,71.06,0.167,1
-117.261463,32.887789,71.11,0.146,1
-117.261159,32.887789,71.15,0.107,1
-117.260855,32.887789,71.19,0.123,1
-117.260552,32.887789,71.21,0.151,1
-117.260248,32.887789,71.24,0.146,1
-117.259944,32.887789,71.28,0.097,1
-117.259641,32.887789,71.3,0.145,1
-117.259337,32.887789,71.26,0.077,1
-117.259033,32.887789,71.21,0.137,1
-117.258729,32.887789,71.23,0.107,1
-117.258426,32.887789,71.3,0.115,1
-117.258122,32.887789,71.39,0.083,1
-117.257818,32.887789,71.48,0.079,1
-117.257515,32.887789,71.56,0.078,1
-117.257211,32.887789,71.63,0.068,1
-117.256907,32.887789,71.71,0.068,1
-117.256604,32.887789,71.79,0.069,1
-117.2563,32.887789,71.9,0.037,1
-117.255996,32.887789,72.06,-0.002,1
-117.255692,32.887789,72.24,-0.032,1
-117.255389,32.887789,72.34,-0.052,1
-117.252048,32.887789,90.66,0.311,1
-117.251744,32.887789,91.26,0.234,1
-117.251441,32.887789,92,0.218,1
-117.251137,32.887789,92.68,0.245,1
-117.250833,32.887789,92.8,0.345,1
-117.25053,32.887789,92.78,0.407,1
-117.250226,32.887789,92.92,0.368,1
-117.249922,32.887789,93.14,0.305,1
-117.249619,32.887789,93.97,0.283,1
-117.249315,32.887789,95.52,0.306,1
-117.249011,32.887789,96.91,0.35,1
-117.248707,32.887789,97.51,0.368,1
-117.248404,32.887789,97.06,0.392,1
-117.2481,32.887789,96.55,0.454,1
-117.247796,32.887789,96.08,0.406,1
-117.247493,32.887789,95.71,0.282,1
-117.247189,32.887789,95.33,0.283,1
-117.246885,32.887789,94.85,0.451,1
-117.246582,32.887789,94.7,0.573,1
-117.246278,32.887789,95.04,0.64,1
-117.245974,32.887789,95.22,0.62,1
-117.24567,32.887789,94.72,0.521,2
-117.245367,32.887789,95.34,0.397,2
-117.245063,32.887789,96.73,0.389,2
-117.244759,32.887789,97.82,0.375,2
-117.244456,32.887789,98.33,0.357,2
-117.244152,32.887789,98.36,0.343,2
-117.243848,32.887789,97.95,0.281,2
-117.243545,32.887789,97.27,0.258,2
-117.243241,32.887789,96.68,0.312,2
-117.242937,32.887789,96.28,0.327,2
-117.242633,32.887789,96.03,0.311,2
-117.24233,32.887789,95.72,0.202,2
-117.242026,32.887789,95.68,0.202,2
-117.241722,32.887789,95.87,0.217,3
-117.241419,32.887789,95.96,0.238,3
-117.241115,32.887789,95.5,0.167,3
-117.240811,32.887789,95.03,0.233,4
-117.240508,32.887789,95.19,0.551,4
-117.240204,32.887789,95.09,0.721,4
-117.2399,32.887789,94.93,0.743,4
-117.239596,32.887789,94.61,0.655,4
-117.239293,32.887789,94.07,0.604,4
-117.238989,32.887789,93.51,0.567,4
-117.238685,32.887789,92.43,0.583,4
-117.238382,32.887789,90.98,0.627,4
-117.238078,32.887789,89.12,0.611,4
-117.237774,32.887789,87.33,0.581,4
-117.237471,32.887789,87.34,0.557,4
-117.237167,32.887789,87.48,0.528,4
-117.236863,32.887789,87.51,0.529,4
-117.236559,32.887789,87.5,0.5,4
-117.236256,32.887789,87.38,0.517,4
-117.235952,32.887789,87.28,0.582,4
-117.235648,32.887789,87.35,0.621,4
-117.235345,32.887789,88.07,0.627,4
-117.235041,32.887789,90.47,0.51,4
-117.234737,32.887789,91.85,0.469,4
-117.234434,32.887789,92.59,0.464,4
-117.23413,32.887789,93.17,0.419,4
-117.233826,32.887789,94.26,0.389,4
-117.233522,32.887789,94.99,0.368,4
-117.233219,32.887789,95.33,0.337,4
-117.232915,32.887789,96.11,0.343,4
-117.232611,32.887789,96.95,0.419,4
-117.232308,32.887789,97.05,0.465,4
-117.232004,32.887789,96.41,0.431,4
-117.2317,32.887789,95.14,0.434,4
-117.231397,32.887789,94.4,0.445,4
-117.231093,32.887789,94.48,0.354,4
-117.230789,32.887789,93.87,0.19,4
-117.230485,32.887789,94.28,0.149,4
-117.230182,32.887789,94.64,0.183,4
-117.229878,32.887789,95.19,0.23,4
-117.229574,32.887789,95.64,0.276,4
-117.229271,32.887789,96.03,0.336,4
-117.228967,32.887789,96.56,0.368,4
-117.228663,32.887789,97.04,0.282,4
-117.22836,32.887789,97.56,0.267,4
-117.228056,32.887789,98.32,0.299,4
-117.227752,32.887789,98.62,0.225,4
-117.227448,32.887789,98.27,0.271,4
-117.227145,32.887789,97.79,0.349,4
-117.226841,32.887789,97.89,0.4,4
-117.226537,32.887789,98.88,0.483,4
-117.226234,32.887789,100.39,0.345,4
-117.22593,32.887789,101.65,0.089,4
-117.225626,32.887789,102.06,0.056,4
-117.225323,32.887789,102.18,0.093,4
-117.225019,32.887789,102.06,0.215,4
-117.224715,32.887789,102.12,0.397,4
-117.224411,32.887789,102.52,0.329,4
-117.224108,32.887789,103.27,0.272,4
-117.223804,32.887789,104.04,0.285,4
-117.2235,32.887789,104.1,0.31,4
-117.223197,32.887789,103.53,0.313,4
-117.222893,32.887789,102.79,0.232,4
-117.222589,32.887789,101.58,0.147,4
-117.222286,32.887789,99.89,0.228,4
-117.221982,32.887789,97.86,0.461,4
-117.221678,32.887789,95.82,0.626,4
-117.221374,32.887789,94.19,0.636,4
-117.221071,32.887789,93,0.603,4
-117.220767,32.887789,92.28,0.574,4
-117.220463,32.887789,92.22,0.48,4
-117.22016,32.887789,92.63,0.355,4
-117.219856,32.887789,93.44,0.326,4
-117.219552,32.887789,94.73,0.311,4
-117.219249,32.887789,96.44,0.313,4
-117.218945,32.887789,99.16,0.322,4
-117.218641,32.887789,100.9,0.328,4
-117.218337,32.887789,102.51,0.304,4
-117.218034,32.887789,103.4,0.218,4
-117.21773,32.887789,104.54,0.173,4
-117.217426,32.887789,105.09,0.164,4
-117.217123,32.887789,104.74,0.196,4
-117.216819,32.887789,103.53,0.223,4
-117.216515,32.887789,101.67,0.319,4
-117.216212,32.887789,99.55,0.485,4
-117.215908,32.887789,97.44,0.583,4
-117.215604,32.887789,95.49,0.608,4
-117.2153,32.887789,94.23,0.624,4
-117.26207,32.887485,71.02,0.209,1
-117.261766,32.887485,71.04,0.183,1
-117.261463,32.887485,71.09,0.139,1
-117.261159,32.887485,71.14,0.115,1
-117.260855,32.887485,71.17,0.137,1
-117.260552,32.887485,71.18,0.155,1
-117.260248,32.887485,71.2,0.116,1
-117.259944,32.887485,71.22,0.121,1
-117.259641,32.887485,71.24,0.144,1
-117.259337,32.887485,71.23,0.096,1
-117.259033,32.887485,71.22,0.119,1
-117.258729,32.887485,71.25,0.14,1
-117.258426,32.887485,71.32,0.146,1
-117.258122,32.887485,71.4,0.091,1
-117.257818,32.887485,71.48,0.097,1
-117.257515,32.887485,71.56,0.073,1
-117.257211,32.887485,71.63,0.059,1
-117.256907,32.887485,71.69,0.084,1
-117.256604,32.887485,71.77,0.055,1
-117.2563,32.887485,71.88,0.018,1
-117.255996,32.887485,72.05,0.009,1
-117.255692,32.887485,72.26,-0.003,1
-117.255389,32.887485,72.38,-0.015,1
-117.252048,32.887485,90.26,0.312,1
-117.251744,32.887485,90.87,0.23,1
-117.251441,32.887485,91.58,0.278,1
-117.251137,32.887485,92.22,0.29,1
-117.250833,32.887485,92.21,0.382,1
-117.25053,32.887485,92.01,0.404,1
-117.250226,32.887485,92.01,0.366,1
-117.249922,32.887485,92.09,0.383,1
-117.249619,32.887485,92.57,0.394,1
-117.249315,32.887485,93.57,0.376,1
-117.249011,32.887485,94.53,0.396,1
-117.248707,32.887485,95.09,0.416,1
-117.248404,32.887485,94.73,0.469,1
-117.2481,32.887485,94.29,0.542,1
-117.247796,32.887485,94,0.578,1
-117.247493,32.887485,93.77,0.483,1
-117.247189,32.887485,93.59,0.415,1
-117.246885,32.887485,93.41,0.371,1
-117.246582,32.887485,93.42,0.246,1
-117.246278,32.887485,93.8,0.281,1
-117.245974,32.887485,93.94,0.308,1
-117.24567,32.887485,93.28,0.339,2
-117.245367,32.887485,94.01,0.364,2
-117.245063,32.887485,95.67,0.345,2
-117.244759,32.887485,97,0.318,2
-117.244456,32.887485,97.52,0.342,2
-117.244152,32.887485,97.48,0.383,2
-117.243848,32.887485,97.22,0.33,2
-117.243545,32.887485,96.82,0.231,2
-117.243241,32.887485,96.43,0.26,2
-117.242937,32.887485,96.1,0.325,2
-117.242633,32.887485,95.94,0.26,2
-117.24233,32.887485,95.74,0.284,2
-117.242026,32.887485,95.92,0.263,2
-117.241722,32.887485,96.38,0.228,2
-117.241419,32.887485,96.28,0.31,3
-117.241115,32.887485,95.73,0.189,3
-117.240811,32.887485,95.34,0.269,4
-117.240508,32.887485,95.48,0.545,4
-117.240204,32.887485,95.49,0.675,4
-117.2399,32.887485,95.42,0.682,4
-117.239596,32.887485,95.2,0.631,4
-117.239293,32.887485,94.83,0.597,4
-117.238989,32.887485,94.22,0.506,4
-117.238685,32.887485,92.78,0.507,4
-117.238382,32.887485,90.92,0.603,4
-117.238078,32.887485,88.78,0.634,4
-117.237774,32.887485,86.86,0.645,4
-117.237471,32.887485,86.82,0.634,4
-117.237167,32.887485,87,0.577,4
-117.236863,32.887485,87.11,0.539,4
-117.236559,32.887485,87.26,0.465,4
-117.236256,32.887485,87.27,0.455,4
-117.235952,32.887485,87.37,0.468,4
-117.235648,32.887485,87.43,0.527,4
-117.235345,32.887485,87.91,0.545,4
-117.235041,32.887485,89.87,0.537,4
-117.234737,32.887485,90.85,0.583,4
-117.234434,32.887485,91.46,0.617,4
-117.23413,32.887485,91.98,0.592,4
-117.233826,32.887485,93.03,0.546,4
-117.233522,32.887485,93.77,0.477,4
-117.233219,32.887485,94.09,0.415,4
-117.232915,32.887485,94.82,0.409,4
-117.232611,32.887485,95.57,0.413,4
-117.232308,32.887485,95.38,0.401,4
-117.232004,32.887485,94.28,0.439,4
-117.2317,32.887485,92.9,0.538,4
-117.231397,32.887485,92.56,0.66,4
-117.231093,32.887485,93.3,0.652,4
-117.230789,32.887485,93.48,0.387,4
-117.230485,32.887485,94.66,0.265,4
-117.230182,32.887485,95.61,0.223,4
-117.229878,32.887485,96.62,0.161,4
-117.229574,32.887485,97.44,0.152,4
-117.229271,32.887485,97.89,0.152,4
-117.228967,32.887485,98.28,0.162,4
-117.228663,32.887485,98.41,0.15,4
-117.22836,32.887485,98.54,0.164,4
-117.228056,32.887485,98.9,0.155,4
-117.227752,32.887485,98.97,0.126,4
-117.227448,32.887485,98.69,0.208,4
-117.227145,32.887485,98.5,0.26,4
-117.226841,32.887485,98.75,0.307,4
-117.226537,32.887485,99.57,0.412,4
-117.226234,32.887485,100.73,0.335,4
-117.22593,32.887485,101.67,0.192,4
-117.225626,32.887485,101.98,0.155,4
-117.225323,32.887485,102.19,0.183,4
-117.225019,32.887485,102.31,0.194,4
-117.224715,32.887485,102.59,0.336,4
-117.224411,32.887485,103.12,0.271,4
-117.224108,32.887485,103.83,0.189,4
-117.223804,32.887485,104.51,0.17,4
-117.2235,32.887485,104.49,0.272,4
-117.223197,32.887485,103.92,0.342,4
-117.222893,32.887485,103.17,0.186,4
-117.222589,32.887485,101.97,0.074,4
-117.222286,32.887485,100.29,0.129,4
-117.221982,32.887485,98.32,0.343,4
-117.221678,32.887485,96.42,0.526,4
-117.221374,32.887485,94.9,0.526,4
-117.221071,32.887485,93.74,0.482,4
-117.220767,32.887485,92.96,0.557,4
-117.220463,32.887485,92.68,0.585,4
-117.22016,32.887485,92.66,0.416,4
-117.219856,32.887485,92.96,0.372,4
-117.219552,32.887485,93.88,0.385,4
-117.219249,32.887485,95.44,0.419,4
-117.218945,32.887485,98.14,0.402,4
-117.218641,32.887485,99.98,0.358,4
-117.218337,32.887485,101.77,0.338,4
-117.218034,32.887485,102.95,0.3,4
-117.21773,32.887485,104.55,0.207,4
-117.217426,32.887485,105.84,0.177,4
-117.217123,32.887485,106.51,0.154,4
-117.216819,32.887485,106.08,0.135,4
-117.216515,32.887485,104.6,0.192,4
-117.216212,32.887485,102.61,0.266,4
-117.215908,32.887485,100.38,0.333,4
-117.215604,32.887485,98.05,0.463,4
-117.2153,32.887485,95.8,0.599,4
-117.214997,32.887485,94.41,0.638,4
-117.26207,32.887182,71.01,0.156,1
-117.261766,32.887182,71.03,0.169,1
-117.261463,32.887182,71.05,0.139,1
-117.261159,32.887182,71.09,0.112,1
-117.260855,32.887182,71.13,0.143,1
-117.260552,32.887182,71.16,0.145,1
-117.260248,32.887182,71.18,0.119,1
-117.259944,32.887182,71.19,0.138,1
-117.259641,32.887182,71.21,0.175,1
-117.259337,32.887182,71.23,0.091,1
-117.259033,32.887182,71.24,0.121,1
-117.258729,32.887182,71.27,0.106,1
-117.258426,32.887182,71.34,0.122,1
-117.258122,32.887182,71.42,0.094,1
-117.257818,32.887182,71.51,0.115,1
-117.257515,32.887182,71.6,0.088,1
-117.257211,32.887182,71.68,0.046,1
-117.256907,32.887182,71.76,0.084,1
-117.256604,32.887182,71.83,0.06,1
-117.2563,32.887182,71.92,0.028,1
-117.255996,32.887182,72.04,0.024,1
-117.255692,32.887182,72.21,0.006,1
-117.255389,32.887182,72.32,-0.015,1
-117.252048,32.887182,90.1,0.314,1
-117.251744,32.887182,90.62,0.244,1
-117.251441,32.887182,91.22,0.265,1
-117.251137,32.887182,91.69,0.287,1
-117.250833,32.887182,91.5,0.388,1
-117.25053,32.887182,91.17,0.448,1
-117.250226,32.887182,91.14,0.446,1
-117.249922,32.887182,91.15,0.47,1
-117.249619,32.887182,91.31,0.482,1
-117.249315,32.887182,91.8,0.44,1
-117.249011,32.887182,92.29,0.421,1
-117.248707,32.887182,92.62,0.473,1
-117.248404,32.887182,92.28,0.533,1
-117.2481,32.887182,91.92,0.565,1
-117.247796,32.887182,91.91,0.563,1
-117.247493,32.887182,91.94,0.547,1
-117.247189,32.887182,92.07,0.546,1
-117.246885,32.887182,92.39,0.338,1
-117.246582,32.887182,92.92,0.144,1
-117.246278,32.887182,93.51,0.125,1
-117.245974,32.887182,93.6,0.14,1
-117.24567,32.887182,92.53,0.248,2
-117.245367,32.887182,93.18,0.296,2
-117.245063,32.887182,94.94,0.235,2
-117.244759,32.887182,96.31,0.239,2
-117.244456,32.887182,96.82,0.293,2
-117.244152,32.887182,96.81,0.374,2
-117.243848,32.887182,96.64,0.357,2
-117.243545,32.887182,96.32,0.23,2
-117.243241,32.887182,95.95,0.3,2
-117.242937,32.887182,95.6,0.35,2
-117.242633,32.887182,95.48,0.339,2
-117.24233,32.887182,95.4,0.35,2
-117.242026,32.887182,95.81,0.302,2
-117.241722,32.887182,96.42,0.22,2
-117.241419,32.887182,96.31,0.295,3
-117.241115,32.887182,95.84,0.227,3
-117.240811,32.887182,95.57,0.314,4
-117.240508,32.887182,95.68,0.512,4
-117.240204,32.887182,95.9,0.639,4
-117.2399,32.887182,96.07,0.674,4
-117.239596,32.887182,96.02,0.653,4
-117.239293,32.887182,95.62,0.624,4
-117.238989,32.887182,94.76,0.525,4
-117.238685,32.887182,93.12,0.529,4
-117.238382,32.887182,91.18,0.643,4
-117.238078,32.887182,88.97,0.665,4
-117.237774,32.887182,86.96,0.626,4
-117.237471,32.887182,86.71,0.616,4
-117.237167,32.887182,86.56,0.641,4
-117.236863,32.887182,86.59,0.601,4
-117.236559,32.887182,86.69,0.533,4
-117.236256,32.887182,86.79,0.51,4
-117.235952,32.887182,87.12,0.425,4
-117.235648,32.887182,87.42,0.388,4
-117.235345,32.887182,87.8,0.401,4
-117.235041,32.887182,89.28,0.459,4
-117.234737,32.887182,89.97,0.509,4
-117.234434,32.887182,90.42,0.578,4
-117.23413,32.887182,90.82,0.643,4
-117.233826,32.887182,91.75,0.654,4
-117.233522,32.887182,92.36,0.606,4
-117.233219,32.887182,92.59,0.526,4
-117.232915,32.887182,93.27,0.438,4
-117.232611,32.887182,93.89,0.37,4
-117.232308,32.887182,93.45,0.404,4
-117.232004,32.887182,92.15,0.559,4
-117.2317,32.887182,90.94,0.703,4
-117.231397,32.887182,91.01,0.771,4
-117.231093,32.887182,92.19,0.674,4
-117.230789,32.887182,92.85,0.427,4
-117.230485,32.887182,94.58,0.346,4
-117.230182,32.887182,96.01,0.333,4
-117.229878,32.887182,97.47,0.282,4
-117.229574,32.887182,98.54,0.277,4
-117.229271,32.887182,98.99,0.31,4
-117.228967,32.887182,99.23,0.274,4
-117.228663,32.887182,99.16,0.172,4
-117.22836,32.887182,99.04,0.138,4
-117.228056,32.887182,99.13,0.079,4
-117.227752,32.887182,99.1,0.038,4
-117.227448,32.887182,98.97,0.065,4
-117.227145,32.887182,99.01,0.099,4
-117.226841,32.887182,99.36,0.151,4
-117.226537,32.887182,100.02,0.241,4
-117.226234,32.887182,100.86,0.289,4
-117.22593,32.887182,101.53,0.297,4
-117.225626,32.887182,101.82,0.305,4
-117.225323,32.887182,102.17,0.278,4
-117.225019,32.887182,102.47,0.234,4
-117.224715,32.887182,102.87,0.282,4
-117.224411,32.887182,103.42,0.134,4
-117.224108,32.887182,104.05,0.121,4
-117.223804,32.887182,104.68,0.094,4
-117.2235,32.887182,104.66,0.129,4
-117.223197,32.887182,104.12,0.235,4
-117.222893,32.887182,103.4,0.148,4
-117.222589,32.887182,102.22,0.087,4
-117.222286,32.887182,100.58,0.122,4
-117.221982,32.887182,98.77,0.281,4
-117.221678,32.887182,97.16,0.47,4
-117.221374,32.887182,95.9,0.497,4
-117.221071,32.887182,94.84,0.412,4
-117.220767,32.887182,94.01,0.462,4
-117.220463,32.887182,93.55,0.602,4
-117.22016,32.887182,93.13,0.572,4
-117.219856,32.887182,92.95,0.522,4
-117.219552,32.887182,93.53,0.53,4
-117.219249,32.887182,95,0.524,4
-117.218945,32.887182,97.64,0.526,4
-117.218641,32.887182,99.47,0.437,4
-117.218337,32.887182,101.34,0.361,4
-117.218034,32.887182,102.7,0.341,4
-117.21773,32.887182,104.7,0.235,4
-117.217426,32.887182,106.59,0.17,4
-117.217123,32.887182,107.91,0.151,4
-117.216819,32.887182,108.05,0.133,4
-117.216515,32.887182,107.1,0.143,4
-117.216212,32.887182,105.49,0.109,4
-117.215908,32.887182,103.37,0.145,4
-117.215604,32.887182,100.94,0.334,4
-117.2153,32.887182,98.45,0.54,4
-117.214997,32.887182,96.67,0.664,4
-117.214693,32.887182,96.05,0.747,4
-117.261766,32.886878,71.01,0.198,1
-117.261463,32.886878,71.01,0.162,1
-117.261159,32.886878,71.04,0.139,1
-117.260855,32.886878,71.09,0.15,1
-117.260552,32.886878,71.14,0.127,1
-117.260248,32.886878,71.18,0.129,1
-117.259944,32.886878,71.2,0.11,1
-117.259641,32.886878,71.21,0.157,1
-117.259337,32.886878,71.22,0.092,1
-117.259033,32.886878,71.25,0.117,1
-117.258729,32.886878,71.29,0.113,1
-117.258426,32.886878,71.36,0.117,1
-117.258122,32.886878,71.46,0.121,1
-117.257818,32.886878,71.55,0.144,1
-117.257515,32.886878,71.65,0.125,1
-117.257211,32.886878,71.75,0.128,1
-117.256907,32.886878,71.85,0.115,1
-117.256604,32.886878,71.91,0.049,1
-117.2563,32.886878,71.94,0.023,1
-117.255996,32.886878,71.98,0.037,1
-117.255692,32.886878,72.08,0.011,1
-117.255389,32.886878,72.15,-0.028,1
-117.252048,32.886878,90.04,0.3,1
-117.251744,32.886878,90.45,0.282,1
-117.251441,32.886878,90.89,0.238,1
-117.251137,32.886878,91.08,0.291,1
-117.250833,32.886878,90.69,0.46,1
-117.25053,32.886878,90.32,0.554,1
-117.250226,32.886878,90.4,0.536,1
-117.249922,32.886878,90.55,0.511,1
-117.249619,32.886878,90.72,0.521,1
-117.249315,32.886878,91.03,0.468,1
-117.249011,32.886878,91.23,0.375,1
-117.248707,32.886878,91.3,0.481,1
-117.248404,32.886878,90.92,0.539,1
-117.2481,32.886878,90.61,0.561,1
-117.247796,32.886878,90.65,0.53,1
-117.247493,32.886878,90.89,0.56,1
-117.247189,32.886878,91.29,0.613,1
-117.246885,32.886878,91.95,0.395,1
-117.246582,32.886878,92.89,0.148,1
-117.246278,32.886878,93.79,0.124,1
-117.245974,32.886878,93.97,0.132,1
-117.24567,32.886878,92.64,0.244,2
-117.245367,32.886878,93.04,0.303,2
-117.245063,32.886878,94.6,0.229,2
-117.244759,32.886878,95.84,0.247,2
-117.244456,32.886878,96.38,0.282,2
-117.244152,32.886878,96.47,0.326,2
-117.243848,32.886878,96.35,0.358,2
-117.243545,32.886878,96.02,0.305,2
-117.243241,32.886878,95.53,0.366,2
-117.242937,32.886878,95.06,0.376,2
-117.242633,32.886878,94.93,0.466,2
-117.24233,32.886878,94.98,0.397,2
-117.242026,32.886878,95.53,0.408,2
-117.241722,32.886878,96.27,0.232,2
-117.241419,32.886878,96.19,0.175,3
-117.241115,32.886878,96.01,0.188,3
-117.240811,32.886878,95.8,0.279,4
-117.240508,32.886878,95.82,0.461,4
-117.240204,32.886878,96.08,0.611,4
-117.2399,32.886878,96.42,0.677,4
-117.239596,32.886878,96.51,0.651,4
-117.239293,32.886878,96.04,0.624,4
-117.238989,32.886878,95.04,0.554,4
-117.238685,32.886878,93.43,0.526,4
-117.238382,32.886878,91.64,0.579,4
-117.238078,32.886878,89.5,0.599,4
-117.237774,32.886878,87.33,0.589,4
-117.237471,32.886878,86.78,0.614,4
-117.237167,32.886878,86.43,0.642,4
-117.236863,32.886878,86.3,0.582,4
-117.236559,32.886878,86.18,0.544,4
-117.236256,32.886878,86.04,0.597,4
-117.235952,32.886878,86.33,0.525,4
-117.235648,32.886878,86.76,0.443,4
-117.235345,32.886878,87.37,0.349,4
-117.235041,32.886878,88.65,0.392,4
-117.234737,32.886878,89.21,0.4,4
-117.234434,32.886878,89.56,0.439,4
-117.23413,32.886878,89.85,0.525,4
-117.233826,32.886878,90.63,0.596,4
-117.233522,32.886878,91.02,0.617,4
-117.233219,32.886878,91,0.574,4
-117.232915,32.886878,91.46,0.47,4
-117.232611,32.886878,91.94,0.467,4
-117.232308,32.886878,91.54,0.607,4
-117.232004,32.886878,90.57,0.713,4
-117.2317,32.886878,89.78,0.788,4
-117.231397,32.886878,90.28,0.786,4
-117.231093,32.886878,91.62,0.645,4
-117.230789,32.886878,92.43,0.388,4
-117.230485,32.886878,94.41,0.34,4
-117.230182,32.886878,96.22,0.312,4
-117.229878,32.886878,98.05,0.318,4
-117.229574,32.886878,99.28,0.338,4
-117.229271,32.886878,99.68,0.415,4
-117.228967,32.886878,99.74,0.386,4
-117.228663,32.886878,99.49,0.263,4
-117.22836,32.886878,99.19,0.271,4
-117.228056,32.886878,99.12,0.17,4
-117.227752,32.886878,98.93,0.083,4
-117.227448,32.886878,98.77,0.129,4
-117.227145,32.886878,98.94,0.157,4
-117.226841,32.886878,99.39,0.145,4
-117.226537,32.886878,100.04,0.169,4
-117.226234,32.886878,100.77,0.172,4
-117.22593,32.886878,101.37,0.168,4
-117.225626,32.886878,101.72,0.192,4
-117.225323,32.886878,102.2,0.194,4
-117.225019,32.886878,102.62,0.194,4
-117.224715,32.886878,103.07,0.193,4
-117.224411,32.886878,103.52,0.16,4
-117.224108,32.886878,104.03,0.157,4
-117.223804,32.886878,104.61,0.134,4
-117.2235,32.886878,104.63,0.145,4
-117.223197,32.886878,104.14,0.27,4
-117.222893,32.886878,103.49,0.255,4
-117.222589,32.886878,102.32,0.186,4
-117.222286,32.886878,100.69,0.198,4
-117.221982,32.886878,99.01,0.279,4
-117.221678,32.886878,97.69,0.43,4
-117.221374,32.886878,96.73,0.505,4
-117.221071,32.886878,95.83,0.435,4
-117.220767,32.886878,95.01,0.428,4
-117.220463,32.886878,94.42,0.551,4
-117.22016,32.886878,93.69,0.588,4
-117.219856,32.886878,93.19,0.449,4
-117.219552,32.886878,93.48,0.427,4
-117.219249,32.886878,94.76,0.415,4
-117.218945,32.886878,97.42,0.423,4
-117.218641,32.886878,99.37,0.38,4
-117.218337,32.886878,101.3,0.335,4
-117.218034,32.886878,102.76,0.251,4
-117.21773,32.886878,104.88,0.222,4
-117.217426,32.886878,107,0.157,4
-117.217123,32.886878,108.39,0.119,4
-117.216819,32.886878,108.69,0.106,4
-117.216515,32.886878,108.15,0.146,4
-117.216212,32.886878,107.04,0.112,4
-117.215908,32.886878,105.37,0.097,4
-117.215604,32.886878,103.26,0.188,4
-117.2153,32.886878,101.03,0.334,4
-117.214997,32.886878,99.02,0.533,4
-117.214693,32.886878,97.87,0.693,4
-117.261159,32.886574,71.04,0.171,1
-117.260855,32.886574,71.08,0.162,1
-117.260552,32.886574,71.14,0.136,1
-117.260248,32.886574,71.19,0.137,1
-117.259944,32.886574,71.21,0.118,1
-117.259641,32.886574,71.22,0.112,1
-117.259337,32.886574,71.22,0.098,1
-117.259033,32.886574,71.26,0.102,1
-117.258729,32.886574,71.31,0.119,1
-117.258426,32.886574,71.39,0.08,1
-117.258122,32.886574,71.49,0.117,1
-117.257818,32.886574,71.58,0.116,1
-117.257515,32.886574,71.69,0.162,1
-117.257211,32.886574,71.81,0.209,1
-117.256907,32.886574,71.91,0.143,1
-117.256604,32.886574,71.94,0.063,1
-117.2563,32.886574,71.92,0.029,1
-117.255996,32.886574,71.89,0.016,1
-117.255692,32.886574,71.96,-0.008,1
-117.255389,32.886574,72.14,-0.041,1
-117.255085,32.886574,72.53,-0.086,1
-117.254781,32.886574,72.77,-0.102,1
-117.252352,32.886574,89.65,0.228,1
-117.252048,32.886574,90.04,0.274,1
-117.251744,32.886574,90.34,0.309,1
-117.251441,32.886574,90.59,0.255,1
-117.251137,32.886574,90.53,0.354,1
-117.250833,32.886574,89.96,0.534,1
-117.25053,32.886574,89.61,0.563,1
-117.250226,32.886574,89.87,0.494,1
-117.249922,32.886574,90.32,0.474,1
-117.249619,32.886574,90.78,0.48,1
-117.249315,32.886574,91.24,0.426,1
-117.249011,32.886574,91.46,0.371,1
-117.248707,32.886574,91.53,0.436,1
-117.248404,32.886574,91.21,0.468,1
-117.2481,32.886574,90.98,0.456,1
-117.247796,32.886574,91.01,0.371,1
-117.247493,32.886574,91.23,0.513,1
-117.247189,32.886574,91.68,0.648,1
-117.246885,32.886574,92.36,0.509,1
-117.246582,32.886574,93.38,0.252,1
-117.246278,32.886574,94.47,0.267,1
-117.245974,32.886574,94.66,0.254,1
-117.24567,32.886574,93.16,0.22,2
-117.245367,32.886574,93.26,0.267,2
-117.245063,32.886574,94.48,0.32,2
-117.244759,32.886574,95.54,0.338,2
-117.244456,32.886574,96.18,0.268,2
-117.244152,32.886574,96.49,0.216,2
-117.243848,32.886574,96.52,0.274,2
-117.243545,32.886574,96.24,0.349,2
-117.243241,32.886574,95.67,0.406,2
-117.242937,32.886574,95.09,0.4,2
-117.242633,32.886574,94.93,0.41,2
-117.24233,32.886574,95.06,0.418,2
-117.242026,32.886574,95.64,0.521,2
-117.241722,32.886574,96.34,0.399,2
-117.241419,32.886574,96.28,0.236,3
-117.241115,32.886574,96.33,0.169,3
-117.240811,32.886574,96.09,0.239,3
-117.240508,32.886574,95.93,0.417,3
-117.240204,32.886574,96.14,0.605,4
-117.2399,32.886574,96.54,0.663,4
-117.239596,32.886574,96.66,0.639,4
-117.239293,32.886574,96.19,0.609,4
-117.238989,32.886574,95.22,0.518,4
-117.238685,32.886574,93.75,0.468,4
-117.238382,32.886574,92.13,0.511,4
-117.238078,32.886574,90.05,0.542,4
-117.237774,32.886574,87.75,0.566,4
-117.237471,32.886574,86.99,0.616,4
-117.237167,32.886574,86.53,0.624,4
-117.236863,32.886574,86.06,0.612,4
-117.236559,32.886574,85.65,0.597,4
-117.236256,32.886574,85.29,0.649,4
-117.235952,32.886574,85.45,0.621,4
-117.235648,32.886574,85.71,0.61,4
-117.235345,32.886574,86.39,0.464,4
-117.235041,32.886574,87.79,0.462,4
-117.234737,32.886574,88.39,0.402,4
-117.234434,32.886574,88.73,0.357,4
-117.23413,32.886574,89,0.368,4
-117.233826,32.886574,89.72,0.444,4
-117.233522,32.886574,89.91,0.511,4
-117.233219,32.886574,89.57,0.565,4
-117.232915,32.886574,89.75,0.605,4
-117.232611,32.886574,90.16,0.668,4
-117.232308,32.886574,90.08,0.703,4
-117.232004,32.886574,89.81,0.648,4
-117.2317,32.886574,89.62,0.669,4
-117.231397,32.886574,90.08,0.666,4
-117.231093,32.886574,91.22,0.606,4
-117.230789,32.886574,92.13,0.434,4
-117.230485,32.886574,94.18,0.438,4
-117.230182,32.886574,96.38,0.36,4
-117.229878,32.886574,98.56,0.308,4
-117.229574,32.886574,99.91,0.316,4
-117.229271,32.886574,100.23,0.354,4
-117.228967,32.886574,100.17,0.356,4
-117.228663,32.886574,99.77,0.291,4
-117.22836,32.886574,99.32,0.298,4
-117.228056,32.886574,99.04,0.196,4
-117.227752,32.886574,98.68,0.143,4
-117.227448,32.886574,98.4,0.238,4
-117.227145,32.886574,98.52,0.288,4
-117.226841,32.886574,99,0.252,4
-117.226537,32.886574,99.74,0.24,4
-117.226234,32.886574,100.59,0.208,4
-117.22593,32.886574,101.29,0.161,4
-117.225626,32.886574,101.81,0.158,4
-117.225323,32.886574,102.41,0.166,4
-117.225019,32.886574,102.87,0.154,4
-117.224715,32.886574,103.27,0.127,4
-117.224411,32.886574,103.56,0.126,4
-117.224108,32.886574,103.88,0.136,4
-117.223804,32.886574,104.38,0.169,4
-117.2235,32.886574,104.4,0.207,4
-117.223197,32.886574,104,0.253,4
-117.222893,32.886574,103.45,0.243,4
-117.222589,32.886574,102.31,0.21,4
-117.222286,32.886574,100.71,0.279,4
-117.221982,32.886574,99.14,0.348,4
-117.221678,32.886574,97.98,0.412,4
-117.221374,32.886574,97.19,0.449,4
-117.221071,32.886574,96.47,0.424,4
-117.220767,32.886574,95.75,0.39,4
-117.220463,32.886574,95.02,0.431,4
-117.22016,32.886574,93.99,0.554,4
-117.219856,32.886574,93.17,0.415,4
-117.219552,32.886574,93.46,0.357,4
-117.219249,32.886574,94.77,0.346,4
-117.218945,32.886574,97.35,0.329,4
-117.218641,32.886574,99.25,0.331,4
-117.218337,32.886574,101.1,0.323,4
-117.218034,32.886574,102.66,0.197,4
-117.21773,32.886574,104.71,0.193,4
-117.217426,32.886574,106.53,0.19,4
-117.217123,32.886574,107.44,0.16,4
-117.216819,32.886574,107.7,0.144,4
-117.216515,32.886574,107.48,0.149,4
-117.216212,32.886574,106.9,0.095,4
-117.215908,32.886574,105.88,0.06,4
-117.215604,32.886574,104.47,0.093,4
-117.2153,32.886574,102.87,0.147,4
-117.214997,32.886574,101.3,0.263,4
-117.214693,32.886574,100.02,0.455,4
-117.214389,32.886574,99.02,0.607,4
-117.260855,32.88627,71.12,0.224,1
-117.260552,32.88627,71.17,0.206,1
-117.260248,32.88627,71.2,0.137,1
-117.259944,32.88627,71.22,0.158,1
-117.259641,32.88627,71.22,0.171,1
-117.259337,32.88627,71.23,0.141,1
-117.259033,32.88627,71.27,0.142,1
-117.258729,32.88627,71.34,0.169,1
-117.258426,32.88627,71.42,0.111,1
-117.258122,32.88627,71.51,0.204,1
-117.257818,32.88627,71.62,0.099,1
-117.257515,32.88627,71.73,0.147,1
-117.257211,32.88627,71.85,0.184,1
-117.256907,32.88627,71.94,0.145,1
-117.256604,32.88627,71.95,0.079,1
-117.25387,32.88627,77.72,-0.192,1
-117.253567,32.88627,83.07,-0.097,1
-117.253263,32.88627,85.33,0.067,1
-117.252959,32.88627,87.03,0.145,1
-117.252655,32.88627,88.72,0.181,1
-117.252352,32.88627,89.79,0.249,1
-117.252048,32.88627,90.24,0.282,1
-117.251744,32.88627,90.36,0.29,1
-117.251441,32.88627,90.37,0.284,1
-117.251137,32.88627,90.09,0.413,1
-117.250833,32.88627,89.41,0.54,1
-117.25053,32.88627,89.11,0.507,1
-117.250226,32.88627,89.57,0.431,1
-117.249922,32.88627,90.27,0.407,1
-117.249619,32.88627,91,0.339,1
-117.249315,32.88627,91.7,0.278,1
-117.249011,32.88627,92.12,0.354,1
-117.248707,32.88627,92.46,0.398,1
-117.248404,32.88627,92.47,0.423,1
-117.2481,32.88627,92.55,0.387,1
-117.247796,32.88627,92.67,0.314,1
-117.247493,32.88627,92.9,0.405,1
-117.247189,32.88627,93.18,0.534,1
-117.246885,32.88627,93.72,0.49,1
-117.246582,32.88627,94.52,0.386,1
-117.246278,32.88627,95.41,0.43,1
-117.245974,32.88627,95.41,0.428,1
-117.24567,32.88627,93.73,0.299,2
-117.245367,32.88627,93.57,0.329,2
-117.245063,32.88627,94.49,0.411,2
-117.244759,32.88627,95.4,0.38,2
-117.244456,32.88627,96.17,0.282,2
-117.244152,32.88627,96.77,0.227,2
-117.243848,32.88627,97.09,0.226,2
-117.243545,32.88627,96.97,0.24,2
-117.243241,32.88627,96.49,0.253,2
-117.242937,32.88627,95.95,0.236,2
-117.242633,32.88627,95.83,0.22,2
-117.24233,32.88627,95.94,0.236,2
-117.242026,32.88627,96.42,0.3,2
-117.241722,32.88627,96.89,0.424,2
-117.241419,32.88627,96.66,0.468,3
-117.241115,32.88627,96.66,0.444,3
-117.240811,32.88627,96.44,0.294,3
-117.240508,32.88627,96.32,0.351,3
-117.240204,32.88627,96.16,0.524,3
-117.2399,32.88627,96.58,0.636,3
-117.239596,32.88627,96.75,0.624,4
-117.239293,32.88627,96.26,0.609,4
-117.238989,32.88627,95.37,0.528,4
-117.238685,32.88627,94.07,0.513,4
-117.238382,32.88627,92.54,0.593,4
-117.238078,32.88627,90.47,0.568,4
-117.237774,32.88627,88.11,0.53,4
-117.237471,32.88627,87.23,0.593,4
-117.237167,32.88627,86.64,0.581,4
-117.236863,32.88627,85.96,0.618,4
-117.236559,32.88627,85.28,0.665,4
-117.236256,32.88627,84.81,0.696,4
-117.235952,32.88627,84.81,0.656,4
-117.235648,32.88627,84.97,0.673,4
-117.235345,32.88627,85.35,0.643,4
-117.235041,32.88627,86.92,0.604,4
-117.234737,32.88627,87.55,0.553,4
-117.234434,32.88627,87.97,0.474,4
-117.23413,32.88627,88.33,0.421,4
-117.233826,32.88627,89.05,0.424,4
-117.233522,32.88627,89.05,0.467,4
-117.233219,32.88627,88.45,0.556,4
-117.232915,32.88627,88.56,0.641,4
-117.232611,32.88627,89.18,0.67,4
-117.232308,32.88627,89.52,0.642,4
-117.232004,32.88627,89.78,0.576,4
-117.2317,32.88627,90.05,0.539,4
-117.231397,32.88627,90.55,0.536,4
-117.231093,32.88627,91.42,0.539,4
-117.230789,32.88627,91.9,0.453,4
-117.230485,32.88627,93.86,0.444,4
-117.230182,32.88627,96.52,0.342,4
-117.229878,32.88627,99.16,0.302,4
-117.229574,32.88627,100.56,0.305,4
-117.229271,32.88627,100.93,0.31,4
-117.228967,32.88627,100.9,0.312,4
-117.228663,32.88627,100.3,0.269,4
-117.22836,32.88627,99.66,0.268,4
-117.228056,32.88627,99.15,0.185,4
-117.227752,32.88627,98.59,0.168,4
-117.227448,32.88627,98.22,0.25,4
-117.227145,32.88627,98.35,0.296,4
-117.226841,32.88627,98.93,0.198,4
-117.226537,32.88627,99.72,0.071,4
-117.226234,32.88627,100.59,0.141,4
-117.22593,32.88627,101.42,0.27,4
-117.225626,32.88627,102.15,0.264,4
-117.225323,32.88627,102.87,0.259,4
-117.225019,32.88627,103.26,0.321,4
-117.224715,32.88627,103.56,0.265,4
-117.224411,32.88627,103.65,0.197,4
-117.224108,32.88627,103.73,0.157,4
-117.223804,32.88627,103.94,0.169,4
-117.2235,32.88627,103.92,0.257,4
-117.223197,32.88627,103.6,0.251,4
-117.222893,32.88627,103.2,0.157,4
-117.222589,32.88627,102.13,0.143,4
-117.222286,32.88627,100.59,0.197,4
-117.221982,32.88627,99.15,0.196,4
-117.221678,32.88627,98.13,0.264,4
-117.221374,32.88627,97.49,0.383,4
-117.221071,32.88627,96.94,0.426,4
-117.220767,32.88627,96.26,0.406,4
-117.220463,32.88627,95.34,0.412,4
-117.22016,32.88627,94.06,0.568,4
-117.219856,32.88627,93.11,0.563,4
-117.219552,32.88627,93.33,0.359,4
-117.219249,32.88627,94.4,0.344,4
-117.218945,32.88627,96.65,0.351,4
-117.218641,32.88627,98.23,0.354,4
-117.218337,32.88627,99.86,0.309,4
-117.218034,32.88627,101.15,0.191,4
-117.21773,32.88627,102.98,0.186,4
-117.217426,32.88627,104.69,0.219,4
-117.217123,32.88627,105.41,0.225,4
-117.216819,32.88627,105.33,0.243,4
-117.216515,32.88627,105.27,0.3,4
-117.216212,32.88627,105.35,0.209,4
-117.215908,32.88627,105.17,0.125,4
-117.215604,32.88627,104.66,0.149,4
-117.2153,32.88627,103.91,0.14,4
-117.214997,32.88627,102.96,0.116,4
-117.214693,32.88627,101.91,0.167,4
-117.214389,32.88627,100.93,0.271,4
-117.260855,32.885967,71.18,0.191,1
-117.260552,32.885967,71.2,0.15,1
-117.260248,32.885967,71.22,0.144,1
-117.259944,32.885967,71.23,0.199,1
-117.259641,32.885967,71.24,0.134,1
-117.259337,32.885967,71.25,0.176,1
-117.259033,32.885967,71.28,0.13,1
-117.258729,32.885967,71.34,0.285,1
-117.258426,32.885967,71.43,0.067,1
-117.258122,32.885967,71.52,0.294,1
-117.257818,32.885967,71.63,0.192,1
-117.257515,32.885967,71.75,0.134,1
-117.257211,32.885967,71.86,0.112,1
-117.256907,32.885967,71.94,0.095,1
-117.256604,32.885967,71.94,0.095,1
-117.25387,32.885967,76.89,-0.21,1
-117.253567,32.885967,79.39,-0.108,1
-117.252959,32.885967,86.44,0.127,1
-117.252655,32.885967,88.08,0.161,1
-117.252352,32.885967,89.03,0.232,1
-117.252048,32.885967,89.45,0.273,1
-117.251744,32.885967,89.53,0.248,1
-117.251441,32.885967,89.4,0.295,1
-117.251137,32.885967,88.97,0.436,1
-117.250833,32.885967,88.52,0.52,1
-117.25053,32.885967,88.55,0.474,1
-117.250226,32.885967,89.16,0.386,1
-117.249922,32.885967,90.19,0.307,1
-117.249619,32.885967,91.29,0.25,1
-117.249315,32.885967,92.08,0.29,1
-117.249011,32.885967,92.67,0.402,1
-117.248707,32.885967,93.22,0.463,1
-117.248404,32.885967,93.62,0.458,1
-117.2481,32.885967,94.02,0.381,1
-117.247796,32.885967,94.22,0.376,1
-117.247493,32.885967,94.6,0.36,1
-117.247189,32.885967,94.9,0.409,1
-117.246885,32.885967,95.31,0.395,1
-117.246582,32.885967,95.85,0.323,1
-117.246278,32.885967,96.39,0.314,1
-117.245974,32.885967,97.18,0.377,1
-117.24567,32.885967,95.61,0.342,2
-117.245367,32.885967,95.22,0.385,2
-117.245063,32.885967,95.83,0.472,2
-117.244759,32.885967,96.57,0.41,2
-117.244456,32.885967,97.45,0.32,2
-117.244152,32.885967,98.03,0.284,2
-117.243848,32.885967,98.2,0.242,2
-117.243545,32.885967,98.27,0.269,2
-117.243241,32.885967,98.01,0.319,2
-117.242937,32.885967,97.64,0.225,2
-117.242633,32.885967,97.45,0.082,2
-117.24233,32.885967,97.54,0.126,2
-117.242026,32.885967,97.76,0.195,2
-117.241722,32.885967,97.97,0.254,2
-117.241419,32.885967,97.53,0.235,3
-117.241115,32.885967,97.22,0.29,3
-117.240811,32.885967,97.49,0.222,3
-117.240508,32.885967,97.55,0.194,3
-117.240204,32.885967,97.58,0.269,3
-117.2399,32.885967,98.42,0.486,3
-117.239596,32.885967,98.18,0.506,4
-117.239293,32.885967,97.32,0.51,4
-117.238989,32.885967,96.15,0.476,4
-117.238685,32.885967,94.7,0.44,4
-117.238382,32.885967,93.21,0.531,4
-117.238078,32.885967,91.01,0.58,4
-117.237774,32.885967,88.45,0.531,4
-117.237471,32.885967,87.52,0.587,4
-117.237167,32.885967,86.89,0.57,4
-117.236863,32.885967,86.22,0.572,4
-117.236559,32.885967,85.62,0.606,4
-117.236256,32.885967,85.21,0.695,4
-117.235952,32.885967,87.52,0.691,4
-117.235648,32.885967,87.46,0.696,4
-117.235345,32.885967,87.59,0.687,4
-117.235041,32.885967,87.31,0.651,4
-117.234737,32.885967,87.55,0.639,4
-117.234434,32.885967,87.96,0.6,4
-117.23413,32.885967,88.36,0.522,4
-117.233826,32.885967,88.24,0.503,4
-117.233522,32.885967,87.78,0.545,4
-117.233219,32.885967,87.25,0.609,4
-117.232915,32.885967,86.99,0.648,4
-117.232611,32.885967,87.53,0.632,4
-117.232308,32.885967,88.7,0.582,3
-117.232004,32.885967,89.74,0.539,3
-117.2317,32.885967,90.45,0.539,3
-117.231397,32.885967,90.91,0.588,3
-117.231093,32.885967,91.31,0.547,3
-117.230789,32.885967,91.28,0.437,3
-117.230485,32.885967,92.85,0.377,3
-117.230182,32.885967,95.2,0.271,4
-117.229878,32.885967,99.12,0.272,4
-117.229574,32.885967,100.64,0.289,4
-117.229271,32.885967,100.92,0.301,4
-117.228967,32.885967,101,0.296,4
-117.228663,32.885967,100.58,0.26,4
-117.22836,32.885967,99.94,0.258,4
-117.228056,32.885967,99.23,0.172,4
-117.227752,32.885967,98.55,0.171,4
-117.227448,32.885967,98.26,0.251,4
-117.227145,32.885967,98.55,0.276,4
-117.226841,32.885967,99.2,0.187,4
-117.226537,32.885967,99.95,0.107,4
-117.226234,32.885967,100.74,0.19,4
-117.22593,32.885967,101.7,0.23,4
-117.225626,32.885967,102.79,0.146,4
-117.225323,32.885967,103.52,0.171,4
-117.225019,32.885967,103.83,0.27,4
-117.224715,32.885967,104.17,0.231,4
-117.224411,32.885967,104.07,0.115,4
-117.224108,32.885967,103.94,0.144,4
-117.223804,32.885967,102.55,0.154,4
-117.2235,32.885967,102.26,0.168,4
-117.223197,32.885967,101.85,0.244,4
-117.222893,32.885967,102.04,0.305,4
-117.222589,32.885967,101.28,0.272,4
-117.222286,32.885967,99.91,0.255,4
-117.221982,32.885967,98.68,0.229,4
-117.221678,32.885967,97.85,0.269,4
-117.221374,32.885967,97.41,0.357,4
-117.221071,32.885967,96.92,0.431,4
-117.220767,32.885967,96.03,0.477,4
-117.220463,32.885967,94.89,0.456,4
-117.22016,32.885967,93.39,0.528,4
-117.219856,32.885967,92.21,0.63,4
-117.219552,32.885967,92.21,0.472,4
-117.219249,32.885967,92.84,0.354,4
-117.218945,32.885967,94.25,0.39,4
-117.218641,32.885967,95.34,0.396,4
-117.218337,32.885967,96.51,0.362,4
-117.218034,32.885967,98.61,0.274,4
-117.21773,32.885967,100.33,0.305,4
-117.217426,32.885967,101.77,0.364,4
-117.217123,32.885967,102.38,0.349,4
-117.216819,32.885967,102.44,0.299,4
-117.216515,32.885967,102.63,0.334,4
-117.216212,32.885967,103.29,0.333,4
-117.215908,32.885967,104.07,0.301,4
-117.215604,32.885967,104.5,0.28,4
-117.2153,32.885967,104.45,0.242,4
-117.214997,32.885967,104.09,0.216,4
-117.214693,32.885967,103.58,0.207,4
-117.214389,32.885967,102.89,0.278,4
-117.214086,32.885967,102.51,0.486,4
-117.260552,32.885663,71.2,0.368,1
-117.260248,32.885663,71.21,0.255,1
-117.259944,32.885663,71.23,0.302,1
-117.259641,32.885663,71.25,0.141,1
-117.259337,32.885663,71.26,0.207,1
-117.259033,32.885663,71.29,0.123,1
-117.258729,32.885663,71.33,0.257,1
-117.258426,32.885663,71.4,0.113,1
-117.258122,32.885663,71.48,0.18,1
-117.257818,32.885663,71.59,0.184,1
-117.257515,32.885663,71.73,0.148,1
-117.257211,32.885663,71.85,0.136,1
-117.256907,32.885663,71.91,0.147,1
-117.256604,32.885663,71.89,0.143,1
-117.252048,32.885663,89.13,0.239,1
-117.251744,32.885663,89.16,0.237,1
-117.251441,32.885663,88.9,0.301,1
-117.251137,32.885663,88.35,0.4,1
-117.250833,32.885663,88.02,0.501,1
-117.25053,32.885663,88.29,0.514,1
-117.250226,32.885663,89.02,0.432,1
-117.249922,32.885663,90.05,0.324,1
-117.249619,32.885663,91.11,0.325,1
-117.249315,32.885663,91.88,0.492,1
-117.249011,32.885663,92.61,0.585,1
-117.248707,32.885663,93.34,0.473,1
-117.248404,32.885663,93.95,0.469,1
-117.2481,32.885663,94.51,0.317,1
-117.247796,32.885663,94.85,0.258,1
-117.247493,32.885663,95.41,0.339,1
-117.247189,32.885663,95.95,0.392,1
-117.246885,32.885663,96.47,0.325,1
-117.246582,32.885663,96.91,0.267,1
-117.246278,32.885663,97.3,0.307,1
-117.245974,32.885663,97.86,0.306,1
-117.24567,32.885663,96.4,0.313,2
-117.245367,32.885663,95.97,0.396,2
-117.245063,32.885663,96.43,0.396,2
-117.244759,32.885663,97.05,0.329,2
-117.244456,32.885663,97.81,0.313,2
-117.244152,32.885663,98.28,0.351,2
-117.243848,32.885663,98.44,0.349,2
-117.243545,32.885663,98.65,0.353,2
-117.243241,32.885663,98.64,0.483,2
-117.242937,32.885663,98.5,0.491,2
-117.242633,32.885663,98.46,0.193,2
-117.24233,32.885663,98.58,0.19,2
-117.242026,32.885663,98.7,0.264,2
-117.241722,32.885663,98.76,0.289,2
-117.241419,32.885663,98.07,0.253,3
-117.241115,32.885663,97.39,0.36,3
-117.240811,32.885663,97.47,0.365,3
-117.240508,32.885663,97.79,0.199,3
-117.240204,32.885663,98.57,0.176,3
-117.2399,32.885663,99.17,0.19,3
-117.239596,32.885663,98.95,0.171,3
-117.239293,32.885663,97.79,0.171,4
-117.238989,32.885663,96.4,0.18,4
-117.238685,32.885663,95.04,0.294,4
-117.238382,32.885663,93.51,0.488,4
-117.238078,32.885663,91.05,0.572,4
-117.237774,32.885663,88.26,0.572,4
-117.237471,32.885663,87.38,0.606,4
-117.237167,32.885663,86.8,0.61,4
-117.236863,32.885663,86.45,0.556,4
-117.236559,32.885663,85.96,0.593,4
-117.236256,32.885663,85.68,0.652,4
-117.235952,32.885663,88.15,0.65,4
-117.235648,32.885663,88.04,0.658,4
-117.235345,32.885663,88,0.647,4
-117.235041,32.885663,87.35,0.556,4
-117.234737,32.885663,87.34,0.585,4
-117.234434,32.885663,87.56,0.605,4
-117.23413,32.885663,87.85,0.575,4
-117.233826,32.885663,87.69,0.579,4
-117.233522,32.885663,87.41,0.626,4
-117.233219,32.885663,87.18,0.654,4
-117.232915,32.885663,87.39,0.633,4
-117.232611,32.885663,88.33,0.574,3
-117.232308,32.885663,89.68,0.491,3
-117.232004,32.885663,91,0.425,3
-117.2317,32.885663,91.58,0.449,3
-117.231397,32.885663,91.33,0.588,3
-117.231093,32.885663,90.87,0.609,3
-117.230789,32.885663,90.25,0.55,3
-117.230485,32.885663,92.11,0.396,3
-117.230182,32.885663,95.13,0.188,4
-117.229878,32.885663,99.16,0.136,4
-117.229574,32.885663,100.75,0.258,4
-117.229271,32.885663,101.26,0.302,4
-117.228967,32.885663,101.3,0.307,4
-117.228663,32.885663,100.97,0.283,4
-117.22836,32.885663,100.33,0.233,4
-117.228056,32.885663,99.59,0.153,4
-117.227752,32.885663,99.01,0.151,4
-117.227448,32.885663,98.89,0.228,4
-117.227145,32.885663,99.29,0.267,4
-117.226841,32.885663,100.03,0.203,4
-117.226537,32.885663,100.86,0.124,4
-117.226234,32.885663,101.64,0.116,4
-117.22593,32.885663,102.48,0.09,4
-117.225626,32.885663,103.45,0.063,4
-117.225323,32.885663,104.05,0.086,4
-117.225019,32.885663,103.95,0.148,4
-117.224715,32.885663,104,0.174,4
-117.224411,32.885663,103.66,0.068,4
-117.224108,32.885663,103.5,0.086,4
-117.223804,32.885663,102.14,0.115,4
-117.2235,32.885663,101.72,0.207,4
-117.223197,32.885663,101.46,0.226,4
-117.222893,32.885663,101.64,0.36,4
-117.222589,32.885663,100.97,0.423,4
-117.222286,32.885663,99.81,0.346,4
-117.221982,32.885663,98.83,0.253,4
-117.221678,32.885663,98.25,0.218,4
-117.221374,32.885663,97.94,0.245,4
-117.221071,32.885663,97.41,0.359,4
-117.220767,32.885663,96.37,0.505,4
-117.220463,32.885663,95.05,0.55,4
-117.22016,32.885663,93.46,0.566,4
-117.219856,32.885663,92.16,0.67,4
-117.219552,32.885663,91.92,0.613,4
-117.219249,32.885663,92.11,0.392,4
-117.218945,32.885663,93.06,0.369,4
-117.218641,32.885663,93.65,0.402,4
-117.218337,32.885663,94.36,0.417,4
-117.218034,32.885663,95.97,0.407,4
-117.21773,32.885663,97.17,0.49,4
-117.217426,32.885663,98.29,0.523,4
-117.217123,32.885663,98.93,0.466,4
-117.216819,32.885663,99.35,0.4,4
-117.216515,32.885663,100.02,0.404,4
-117.216212,32.885663,101.25,0.406,4
-117.215908,32.885663,103.13,0.387,4
-117.215604,32.885663,104.58,0.361,4
-117.2153,32.885663,104.89,0.34,4
-117.214997,32.885663,104.76,0.367,4
-117.214693,32.885663,104.52,0.408,4
-117.214389,32.885663,104.27,0.395,4
-117.214086,32.885663,104.11,0.436,4
-117.260552,32.885359,71.16,NA,1
-117.260248,32.885359,71.17,0.434,1
-117.259944,32.885359,71.2,NA,1
-117.259641,32.885359,71.22,NA,1
-117.259337,32.885359,71.25,0.477,1
-117.259033,32.885359,71.28,0.368,1
-117.258729,32.885359,71.32,0.392,1
-117.258426,32.885359,71.36,0.162,1
-117.258122,32.885359,71.43,0.214,1
-117.257818,32.885359,71.55,0.193,1
-117.257515,32.885359,71.7,0.126,1
-117.257211,32.885359,71.8,0.091,1
-117.256907,32.885359,71.82,0.124,1
-117.256604,32.885359,71.77,0.135,1
-117.252048,32.885359,88.95,0.259,1
-117.251744,32.885359,88.91,0.229,1
-117.251441,32.885359,88.46,0.294,1
-117.251137,32.885359,87.79,0.396,1
-117.250833,32.885359,87.54,0.551,1
-117.25053,32.885359,88.01,0.603,1
-117.250226,32.885359,88.9,0.532,1
-117.249922,32.885359,89.99,0.444,1
-117.249619,32.885359,91,0.464,1
-117.249315,32.885359,91.73,0.578,1
-117.249011,32.885359,92.48,0.543,1
-117.248707,32.885359,93.26,0.423,1
-117.248404,32.885359,93.92,0.399,1
-117.2481,32.885359,94.51,0.411,1
-117.247796,32.885359,94.86,0.373,1
-117.247493,32.885359,95.49,0.373,1
-117.247189,32.885359,96.17,0.375,1
-117.246885,32.885359,97,0.335,1
-117.246582,32.885359,97.54,0.317,1
-117.246278,32.885359,97.95,0.383,1
-117.245974,32.885359,96.39,0.359,2
-117.24567,32.885359,96.11,0.385,2
-117.245367,32.885359,96.49,0.38,2
-117.245063,32.885359,96.89,0.291,2
-117.244759,32.885359,97.37,0.275,2
-117.244456,32.885359,97.97,0.33,2
-117.244152,32.885359,98.28,0.369,2
-117.243848,32.885359,98.3,0.335,2
-117.243545,32.885359,98.49,0.297,2
-117.243241,32.885359,98.57,0.398,2
-117.242937,32.885359,98.64,0.341,2
-117.242633,32.885359,98.77,0.194,2
-117.24233,32.885359,99,0.125,2
-117.242026,32.885359,99.17,0.195,2
-117.241722,32.885359,99.14,0.213,2
-117.241419,32.885359,98.17,0.222,3
-117.241115,32.885359,97.26,0.272,3
-117.240811,32.885359,97.26,0.366,3
-117.240508,32.885359,97.89,0.236,3
-117.240204,32.885359,99.08,0.143,3
-117.2399,32.885359,99.96,0.113,3
-117.239596,32.885359,99.56,0.101,3
-117.239293,32.885359,98.27,0.079,4
-117.238989,32.885359,96.83,0.101,4
-117.238685,32.885359,95.36,0.304,4
-117.238382,32.885359,93.65,0.514,4
-117.238078,32.885359,90.96,0.564,4
-117.237774,32.885359,87.96,0.606,4
-117.237471,32.885359,87.02,0.618,4
-117.237167,32.885359,86.56,0.625,4
-117.236863,32.885359,86.45,0.564,4
-117.236559,32.885359,86.24,0.578,4
-117.236256,32.885359,86.02,0.607,4
-117.235952,32.885359,88.37,0.583,4
-117.235648,32.885359,88.26,0.584,4
-117.235345,32.885359,88.17,0.564,4
-117.235041,32.885359,87.41,0.463,4
-117.234737,32.885359,87.2,0.465,4
-117.234434,32.885359,87.2,0.559,4
-117.23413,32.885359,87.33,0.673,4
-117.233826,32.885359,87.3,0.718,4
-117.233522,32.885359,87.46,0.675,4
-117.233219,32.885359,87.69,0.611,4
-117.232915,32.885359,88.35,0.552,4
-117.232611,32.885359,89.71,0.474,3
-117.232308,32.885359,91.26,0.401,3
-117.232004,32.885359,92.53,0.393,3
-117.2317,32.885359,92.67,0.468,3
-117.231397,32.885359,91.45,0.581,3
-117.231093,32.885359,90.16,0.646,3
-117.230789,32.885359,89.26,0.61,3
-117.230485,32.885359,91.83,0.414,3
-117.230182,32.885359,95.83,0.151,3
-117.229878,32.885359,99.81,0.109,3
-117.229574,32.885359,101.5,0.219,3
-117.229271,32.885359,102.26,0.314,3
-117.228967,32.885359,101.6,0.336,4
-117.228663,32.885359,101.16,0.283,4
-117.22836,32.885359,100.5,0.161,4
-117.228056,32.885359,99.76,0.099,4
-117.227752,32.885359,99.28,0.14,4
-117.227448,32.885359,99.34,0.209,4
-117.227145,32.885359,99.9,0.231,4
-117.226841,32.885359,100.72,0.202,4
-117.226537,32.885359,101.57,0.156,4
-117.226234,32.885359,102.34,0.113,4
-117.22593,32.885359,103.13,0.077,4
-117.225626,32.885359,103.99,0.043,4
-117.225323,32.885359,104.32,0.041,4
-117.225019,32.885359,103.87,0.072,4
-117.224715,32.885359,103.64,0.11,4
-117.224411,32.885359,102.96,0.087,4
-117.224108,32.885359,102.96,0.062,4
-117.223804,32.885359,102.04,0.067,4
-117.2235,32.885359,101.69,0.172,4
-117.223197,32.885359,101.27,0.237,4
-117.222893,32.885359,101.42,0.25,4
-117.222589,32.885359,100.87,0.39,4
-117.222286,32.885359,99.92,0.382,4
-117.221982,32.885359,99.23,0.255,4
-117.221678,32.885359,98.86,0.151,4
-117.221374,32.885359,98.59,0.165,4
-117.221071,32.885359,97.97,0.295,4
-117.220767,32.885359,96.79,0.463,4
-117.220463,32.885359,95.37,0.618,4
-117.22016,32.885359,93.76,0.644,4
-117.219856,32.885359,92.37,0.673,4
-117.219552,32.885359,91.77,0.626,4
-117.219249,32.885359,91.55,0.488,4
-117.218945,32.885359,92.11,0.359,4
-117.218641,32.885359,92.34,0.418,4
-117.218337,32.885359,92.71,0.393,4
-117.218034,32.885359,93.9,0.385,4
-117.21773,32.885359,94.65,0.482,4
-117.217426,32.885359,95.4,0.511,4
-117.217123,32.885359,96.1,0.524,4
-117.216819,32.885359,96.77,0.545,4
-117.216515,32.885359,97.78,0.572,4
-117.216212,32.885359,99.47,0.577,4
-117.215908,32.885359,101.84,0.544,4
-117.215604,32.885359,103.61,0.466,4
-117.2153,32.885359,103.99,0.345,4
-117.214997,32.885359,103.9,0.244,4
-117.214693,32.885359,103.79,0.225,4
-117.214389,32.885359,103.76,0.217,4
-117.214086,32.885359,103.73,0.218,4
-117.213782,32.885359,103.5,0.246,4
-117.260248,32.885056,71.1,0.52,1
-117.259944,32.885056,71.12,NA,1
-117.259641,32.885056,71.16,NA,1
-117.259337,32.885056,71.2,0.606,1
-117.259033,32.885056,71.26,0.671,1
-117.258729,32.885056,71.33,0.601,1
-117.258426,32.885056,71.38,0.188,1
-117.258122,32.885056,71.45,0.754,1
-117.257818,32.885056,71.56,0.392,1
-117.257515,32.885056,71.68,0.144,1
-117.257211,32.885056,71.75,0.089,1
-117.256907,32.885056,71.72,0.136,1
-117.256604,32.885056,71.64,0.14,1
-117.251744,32.885056,88.64,0.196,1
-117.251441,32.885056,88.09,0.287,1
-117.251137,32.885056,87.41,0.396,1
-117.250833,32.885056,86.82,0.519,1
-117.25053,32.885056,87.25,0.502,1
-117.250226,32.885056,88.48,0.393,1
-117.249922,32.885056,89.91,0.38,1
-117.249619,32.885056,91.11,0.482,1
-117.249315,32.885056,91.78,0.533,1
-117.249011,32.885056,92.46,0.434,1
-117.248707,32.885056,93.17,0.354,1
-117.248404,32.885056,93.77,0.351,1
-117.2481,32.885056,94.31,0.393,1
-117.247796,32.885056,94.79,0.361,1
-117.247493,32.885056,95.38,0.325,1
-117.247189,32.885056,96.19,0.359,1
-117.246885,32.885056,97.22,0.33,1
-117.246582,32.885056,98.05,0.35,1
-117.246278,32.885056,98.46,0.44,1
-117.245974,32.885056,97.03,0.393,2
-117.24567,32.885056,96.82,0.35,2
-117.245367,32.885056,97.25,0.338,2
-117.245063,32.885056,97.51,0.367,2
-117.244759,32.885056,97.84,0.353,2
-117.244456,32.885056,98.3,0.336,2
-117.244152,32.885056,98.41,0.365,2
-117.243848,32.885056,98.26,0.319,2
-117.243545,32.885056,98.33,0.297,2
-117.243241,32.885056,98.36,0.449,2
-117.242937,32.885056,98.51,0.344,2
-117.242633,32.885056,98.86,0.237,2
-117.24233,32.885056,99.22,0.174,2
-117.242026,32.885056,99.46,0.201,2
-117.241722,32.885056,99.34,0.254,2
-117.241419,32.885056,98.11,0.23,3
-117.241115,32.885056,97.01,0.241,3
-117.240811,32.885056,96.77,0.356,3
-117.240508,32.885056,97.55,0.243,3
-117.240204,32.885056,98.85,0.144,3
-117.2399,32.885056,99.65,0.086,3
-117.239596,32.885056,99.29,0.088,3
-117.239293,32.885056,97.9,0.085,4
-117.238989,32.885056,96.4,0.114,4
-117.238685,32.885056,94.91,0.315,4
-117.238382,32.885056,92.99,0.538,4
-117.238078,32.885056,90.56,0.597,4
-117.237774,32.885056,88.29,0.608,4
-117.237471,32.885056,87.27,0.605,4
-117.237167,32.885056,86.9,0.621,4
-117.236863,32.885056,87.06,0.599,4
-117.236559,32.885056,87.09,0.547,4
-117.236256,32.885056,86.76,0.571,4
-117.235952,32.885056,88.1,0.565,4
-117.235648,32.885056,87.86,0.533,4
-117.235345,32.885056,87.69,0.544,4
-117.235041,32.885056,87.28,0.538,4
-117.234737,32.885056,87.13,0.557,4
-117.234434,32.885056,87.12,0.625,4
-117.23413,32.885056,87.28,0.687,4
-117.233826,32.885056,87.51,0.71,4
-117.233522,32.885056,88.13,0.65,4
-117.233219,32.885056,88.94,0.55,4
-117.232915,32.885056,90.23,0.455,4
-117.232611,32.885056,91.96,0.36,3
-117.232308,32.885056,93.46,0.324,3
-117.232004,32.885056,94.42,0.402,3
-117.2317,32.885056,93.81,0.5,3
-117.231397,32.885056,91.61,0.575,3
-117.231093,32.885056,89.88,0.648,3
-117.230789,32.885056,89.88,0.633,3
-117.230485,32.885056,92.52,0.512,3
-117.230182,32.885056,96.16,0.324,3
-117.229878,32.885056,99.44,0.239,3
-117.229574,32.885056,101.19,0.217,3
-117.229271,32.885056,102.28,0.239,3
-117.228967,32.885056,102.43,0.281,4
-117.228663,32.885056,101.71,0.289,4
-117.22836,32.885056,100.8,0.139,4
-117.228056,32.885056,99.87,0.076,4
-117.227752,32.885056,99.36,0.112,4
-117.227448,32.885056,99.5,0.164,4
-117.227145,32.885056,100.1,0.164,4
-117.226841,32.885056,100.89,0.15,4
-117.226537,32.885056,101.66,0.16,4
-117.226234,32.885056,102.33,0.115,4
-117.22593,32.885056,103.01,0.09,4
-117.225626,32.885056,103.67,0.067,4
-117.225323,32.885056,103.8,0.084,4
-117.225019,32.885056,103.22,0.127,4
-117.224715,32.885056,102.64,0.154,4
-117.224411,32.885056,101.9,0.099,4
-117.224108,32.885056,102.21,0.07,4
-117.223804,32.885056,102.04,0.056,4
-117.2235,32.885056,102.24,0.104,4
-117.223197,32.885056,101.91,0.21,4
-117.222893,32.885056,101.77,0.203,4
-117.222589,32.885056,101.16,0.294,4
-117.222286,32.885056,100.37,0.441,4
-117.221982,32.885056,99.92,0.389,4
-117.221678,32.885056,99.77,0.232,4
-117.221374,32.885056,99.53,0.191,4
-117.221071,32.885056,98.8,0.253,4
-117.220767,32.885056,97.52,0.374,4
-117.220463,32.885056,96.08,0.547,4
-117.22016,32.885056,94.51,0.622,4
-117.219856,32.885056,93.12,0.615,4
-117.219552,32.885056,92.21,0.592,4
-117.219249,32.885056,91.6,0.625,4
-117.218945,32.885056,91.49,0.466,4
-117.218641,32.885056,91.38,0.505,4
-117.218337,32.885056,91.52,0.488,4
-117.218034,32.885056,92.6,0.483,4
-117.21773,32.885056,93.37,0.537,4
-117.217426,32.885056,94.2,0.522,4
-117.217123,32.885056,95.1,0.532,4
-117.216819,32.885056,95.97,0.563,4
-117.216515,32.885056,97.14,0.56,4
-117.216212,32.885056,98.94,0.537,4
-117.215908,32.885056,100.9,0.491,4
-117.215604,32.885056,102.13,0.402,4
-117.2153,32.885056,102.31,0.261,4
-117.214997,32.885056,101.94,0.122,4
-117.214693,32.885056,101.66,0.094,4
-117.214389,32.885056,101.64,0.117,4
-117.214086,32.885056,101.77,0.101,4
-117.213782,32.885056,101.61,0.103,4
-117.213478,32.885056,100.73,0.252,4
-117.260248,32.884752,71.07,0.322,1
-117.259944,32.884752,71.08,0.315,1
-117.259641,32.884752,71.1,0.327,1
-117.259337,32.884752,71.17,0.412,1
-117.259033,32.884752,71.28,0.463,1
-117.258729,32.884752,71.39,0.444,1
-117.258426,32.884752,71.47,0.111,1
-117.258122,32.884752,71.54,0.753,1
-117.257818,32.884752,71.62,0.401,1
-117.257515,32.884752,71.71,0.188,1
-117.257211,32.884752,71.73,0.114,1
-117.256907,32.884752,71.66,0.174,1
-117.256604,32.884752,71.57,0.183,1
-117.251441,32.884752,87.75,0.309,1
-117.251137,32.884752,87.31,0.404,1
-117.250833,32.884752,85.87,0.504,1
-117.25053,32.884752,85.9,0.494,1
-117.250226,32.884752,87.57,0.385,1
-117.249922,32.884752,89.58,0.334,1
-117.249619,32.884752,91.17,0.404,1
-117.249315,32.884752,91.8,0.472,1
-117.249011,32.884752,92.41,0.455,1
-117.248707,32.884752,92.99,0.37,1
-117.248404,32.884752,93.49,0.457,1
-117.2481,32.884752,93.99,0.516,1
-117.247796,32.884752,94.81,0.405,1
-117.247493,32.884752,95.35,0.314,1
-117.247189,32.884752,96.23,0.4,1
-117.246885,32.884752,97.29,0.366,1
-117.246582,32.884752,98.21,0.387,1
-117.246278,32.884752,98.67,0.446,1
-117.245974,32.884752,98.77,0.35,2
-117.24567,32.884752,98.09,0.259,2
-117.245367,32.884752,98.11,0.287,2
-117.245063,32.884752,98.17,0.347,2
-117.244759,32.884752,98.4,0.324,2
-117.244456,32.884752,98.93,0.317,2
-117.244152,32.884752,98.89,0.396,2
-117.243848,32.884752,98.41,0.386,2
-117.243545,32.884752,98.19,0.316,2
-117.243241,32.884752,98.07,0.403,2
-117.242937,32.884752,98.29,0.345,2
-117.242633,32.884752,98.9,0.253,2
-117.24233,32.884752,99.35,0.248,2
-117.242026,32.884752,99.61,0.196,2
-117.241722,32.884752,99.28,0.328,2
-117.241419,32.884752,98,0.387,3
-117.241115,32.884752,96.9,0.38,3
-117.240811,32.884752,96.19,0.407,3
-117.240508,32.884752,96.83,0.345,3
-117.240204,32.884752,97.9,0.277,3
-117.2399,32.884752,98.32,0.218,3
-117.239596,32.884752,97.92,0.179,3
-117.239293,32.884752,96.6,0.184,4
-117.238989,32.884752,95.17,0.211,4
-117.238685,32.884752,93.65,0.337,4
-117.238382,32.884752,91.58,0.549,4
-117.238078,32.884752,89.81,0.652,4
-117.237774,32.884752,88.88,0.613,4
-117.237471,32.884752,87.99,0.588,4
-117.237167,32.884752,87.86,0.588,4
-117.236863,32.884752,88.21,0.613,4
-117.236559,32.884752,88.3,0.522,4
-117.236256,32.884752,87.81,0.487,4
-117.235952,32.884752,87.41,0.581,4
-117.235648,32.884752,86.91,0.572,4
-117.235345,32.884752,86.69,0.614,4
-117.235041,32.884752,86.93,0.665,4
-117.234737,32.884752,87.13,0.664,4
-117.234434,32.884752,87.47,0.612,4
-117.23413,32.884752,88.08,0.623,4
-117.233826,32.884752,88.69,0.677,4
-117.233522,32.884752,89.6,0.63,4
-117.233219,32.884752,90.74,0.474,4
-117.232915,32.884752,92.48,0.382,4
-117.232611,32.884752,94.45,0.327,3
-117.232308,32.884752,95.84,0.26,3
-117.232004,32.884752,96.41,0.347,3
-117.2317,32.884752,94.89,0.479,3
-117.231397,32.884752,91.82,0.573,3
-117.231093,32.884752,90.05,0.674,3
-117.230789,32.884752,91.49,0.696,3
-117.230485,32.884752,93.92,0.639,3
-117.230182,32.884752,96.85,0.541,3
-117.229878,32.884752,99.23,0.324,3
-117.229574,32.884752,101.1,0.146,3
-117.229271,32.884752,102.54,0.11,3
-117.228967,32.884752,103.7,0.16,3
-117.228663,32.884752,102.57,0.239,4
-117.22836,32.884752,101.19,0.137,4
-117.228056,32.884752,99.9,0.079,4
-117.227752,32.884752,99.27,0.075,4
-117.227448,32.884752,99.43,0.129,4
-117.227145,32.884752,99.96,0.143,4
-117.226841,32.884752,100.58,0.095,4
-117.226537,32.884752,101.12,0.119,4
-117.226234,32.884752,101.57,0.174,4
-117.22593,32.884752,102.01,0.239,4
-117.225626,32.884752,102.4,0.203,4
-117.225323,32.884752,102.44,0.166,4
-117.225019,32.884752,101.84,0.154,4
-117.224715,32.884752,101.24,0.153,4
-117.224411,32.884752,100.84,0.142,4
-117.224108,32.884752,101.47,0.075,4
-117.223804,32.884752,102.13,0.057,4
-117.2235,32.884752,102.69,0.101,4
-117.223197,32.884752,102.58,0.191,4
-117.222893,32.884752,102.23,0.28,4
-117.222589,32.884752,101.6,0.269,4
-117.222286,32.884752,100.97,0.372,4
-117.221982,32.884752,100.73,0.455,4
-117.221678,32.884752,100.78,0.4,4
-117.221374,32.884752,100.6,0.363,4
-117.221071,32.884752,99.78,0.398,4
-117.220767,32.884752,98.41,0.416,4
-117.220463,32.884752,96.94,0.454,4
-117.22016,32.884752,95.44,0.551,4
-117.219856,32.884752,94.07,0.564,4
-117.219552,32.884752,92.89,0.61,4
-117.219249,32.884752,91.91,0.665,4
-117.218945,32.884752,91.1,0.58,4
-117.218641,32.884752,90.72,0.584,4
-117.218337,32.884752,90.8,0.592,4
-117.218034,32.884752,92.02,0.581,4
-117.21773,32.884752,93.12,0.601,4
-117.217426,32.884752,94.37,0.575,4
-117.217123,32.884752,95.63,0.528,4
-117.216819,32.884752,96.77,0.471,4
-117.216515,32.884752,97.98,0.401,4
-117.216212,32.884752,99.46,0.419,4
-117.215908,32.884752,100.58,0.429,4
-117.215604,32.884752,101,0.365,4
-117.2153,32.884752,100.69,0.306,4
-117.214997,32.884752,99.8,0.277,4
-117.214693,32.884752,99.26,0.293,4
-117.214389,32.884752,99.25,0.313,4
-117.214086,32.884752,99.56,0.299,4
-117.213782,32.884752,99.68,0.275,4
-117.213478,32.884752,100.2,0.374,4
-117.259944,32.884448,71.08,0.163,1
-117.259641,32.884448,71.11,0.112,1
-117.259337,32.884448,71.18,0.163,1
-117.259033,32.884448,71.31,0.183,1
-117.258729,32.884448,71.45,0.173,1
-117.258426,32.884448,71.55,0.079,1
-117.258122,32.884448,71.62,0.428,1
-117.257818,32.884448,71.68,0.23,1
-117.257515,32.884448,71.74,0.211,1
-117.257211,32.884448,71.74,0.179,1
-117.256907,32.884448,71.66,0.228,1
-117.256604,32.884448,71.59,0.235,1
-117.251441,32.884448,86.91,0.341,1
-117.251137,32.884448,86.68,0.43,1
-117.250833,32.884448,85.65,0.465,1
-117.25053,32.884448,85.8,0.498,1
-117.250226,32.884448,87.54,0.418,1
-117.249922,32.884448,89.67,0.31,1
-117.249619,32.884448,91.28,0.362,1
-117.249315,32.884448,91.99,0.477,1
-117.249011,32.884448,92.61,0.572,1
-117.248707,32.884448,93.14,0.48,1
-117.248404,32.884448,93.54,0.556,1
-117.2481,32.884448,93.97,0.477,1
-117.247796,32.884448,94.74,0.498,1
-117.247493,32.884448,95.24,0.435,1
-117.247189,32.884448,96.04,0.534,1
-117.246885,32.884448,96.97,0.337,1
-117.246582,32.884448,97.76,0.456,1
-117.246278,32.884448,98.23,0.448,1
-117.245974,32.884448,99.79,0.367,1
-117.24567,32.884448,99.48,0.321,1
-117.245367,32.884448,98.48,0.319,2
-117.245063,32.884448,98.14,0.298,2
-117.244759,32.884448,98.61,0.258,2
-117.244456,32.884448,99.31,0.252,2
-117.244152,32.884448,99.23,0.317,2
-117.243848,32.884448,98.45,0.348,2
-117.243545,32.884448,97.93,0.251,2
-117.243241,32.884448,97.69,0.174,2
-117.242937,32.884448,97.98,0.162,2
-117.242633,32.884448,98.65,0.181,2
-117.24233,32.884448,99.15,0.212,2
-117.242026,32.884448,99.28,0.187,2
-117.241722,32.884448,98.82,0.34,3
-117.241419,32.884448,97.84,0.446,3
-117.241115,32.884448,96.97,0.381,3
-117.240811,32.884448,96.31,0.399,3
-117.240508,32.884448,96.66,0.371,3
-117.240204,32.884448,97.29,0.307,3
-117.2399,32.884448,97.41,0.245,3
-117.239596,32.884448,96.99,0.192,3
-117.239293,32.884448,95.88,0.233,4
-117.238989,32.884448,94.53,0.269,4
-117.238685,32.884448,92.96,0.35,4
-117.238382,32.884448,90.93,0.536,4
-117.238078,32.884448,89.32,0.643,4
-117.237774,32.884448,88.52,0.621,4
-117.237471,32.884448,87.75,0.595,4
-117.237167,32.884448,87.89,0.575,4
-117.236863,32.884448,88.42,0.575,4
-117.236559,32.884448,88.48,0.527,4
-117.236256,32.884448,87.71,0.489,4
-117.235952,32.884448,86.96,0.656,4
-117.235648,32.884448,86.29,0.681,4
-117.235345,32.884448,86.26,0.65,4
-117.235041,32.884448,86.82,0.628,4
-117.234737,32.884448,87.43,0.604,4
-117.234434,32.884448,88.27,0.533,4
-117.23413,32.884448,89.35,0.625,4
-117.233826,32.884448,90.21,0.717,4
-117.233522,32.884448,91.22,0.578,4
-117.233219,32.884448,92.47,0.343,4
-117.232915,32.884448,94.29,0.265,4
-117.232611,32.884448,96.23,0.272,3
-117.232308,32.884448,97.5,0.256,3
-117.232004,32.884448,97.76,0.354,3
-117.2317,32.884448,95.5,0.502,3
-117.231397,32.884448,91.98,0.566,3
-117.231093,32.884448,90.3,0.656,3
-117.230789,32.884448,92.1,0.697,3
-117.230485,32.884448,94.26,0.623,3
-117.230182,32.884448,96.65,0.521,3
-117.229878,32.884448,98.78,0.276,3
-117.229574,32.884448,100.88,0.081,3
-117.229271,32.884448,102.7,0.051,3
-117.228967,32.884448,104.24,0.08,3
-117.228663,32.884448,102.98,0.146,4
-117.22836,32.884448,101.23,0.117,4
-117.228056,32.884448,99.68,0.081,4
-117.227752,32.884448,98.97,0.082,4
-117.227448,32.884448,99.08,0.144,4
-117.227145,32.884448,99.48,0.137,4
-117.226841,32.884448,99.93,0.058,4
-117.226537,32.884448,100.26,0.125,4
-117.226234,32.884448,100.49,0.26,4
-117.22593,32.884448,100.68,0.259,4
-117.225626,32.884448,100.83,0.244,4
-117.225323,32.884448,100.74,0.207,4
-117.225019,32.884448,100.27,0.215,4
-117.224715,32.884448,100.09,0.233,4
-117.224411,32.884448,100.12,0.186,4
-117.224108,32.884448,100.99,0.093,4
-117.223804,32.884448,101.78,0.095,4
-117.2235,32.884448,102.39,0.153,4
-117.223197,32.884448,102.44,0.252,4
-117.222893,32.884448,102.32,0.342,4
-117.222589,32.884448,101.93,0.302,4
-117.222286,32.884448,101.52,0.257,4
-117.221982,32.884448,101.42,0.39,4
-117.221678,32.884448,101.55,0.459,4
-117.221374,32.884448,101.44,0.426,4
-117.221071,32.884448,100.63,0.452,4
-117.220767,32.884448,99.2,0.442,4
-117.220463,32.884448,97.71,0.419,4
-117.22016,32.884448,96.2,0.486,4
-117.219856,32.884448,94.71,0.549,4
-117.219552,32.884448,93.3,0.575,4
-117.219249,32.884448,92.03,0.621,4
-117.218945,32.884448,90.88,0.622,4
-117.218641,32.884448,90.36,0.513,4
-117.218337,32.884448,90.49,0.496,4
-117.218034,32.884448,91.88,0.473,4
-117.21773,32.884448,93.17,0.517,4
-117.217426,32.884448,94.75,0.531,4
-117.217123,32.884448,96.4,0.568,4
-117.216819,32.884448,97.81,0.459,4
-117.216515,32.884448,98.98,0.329,4
-117.216212,32.884448,100.07,0.345,4
-117.215908,32.884448,100.69,0.422,4
-117.215604,32.884448,100.53,0.458,4
-117.2153,32.884448,99.52,0.468,4
-117.214997,32.884448,98,0.471,4
-117.214693,32.884448,97.23,0.483,4
-117.214389,32.884448,97.37,0.505,4
-117.214086,32.884448,97.88,0.489,4
-117.213782,32.884448,98.34,0.465,4
-117.213478,32.884448,99.38,0.458,4
-117.213175,32.884448,101.01,0.339,4
-117.259641,32.884145,71.18,0.095,1
-117.259337,32.884145,71.24,0.132,1
-117.259033,32.884145,71.35,0.177,1
-117.258729,32.884145,71.47,0.115,1
-117.258426,32.884145,71.56,0.136,1
-117.258122,32.884145,71.63,0.137,1
-117.257818,32.884145,71.7,0.104,1
-117.257515,32.884145,71.75,0.18,1
-117.257211,32.884145,71.74,0.154,1
-117.256907,32.884145,71.69,0.251,1
-117.256604,32.884145,71.67,0.269,1
-117.2563,32.884145,71.74,0.247,1
-117.255996,32.884145,71.85,0.263,1
-117.251441,32.884145,86.15,0.429,1
-117.251137,32.884145,86.22,0.382,1
-117.250833,32.884145,85.71,0.304,1
-117.25053,32.884145,85.91,0.364,1
-117.250226,32.884145,87.3,0.391,1
-117.249922,32.884145,89.23,0.37,1
-117.249619,32.884145,90.94,0.421,1
-117.249315,32.884145,91.8,0.467,1
-117.249011,32.884145,92.54,0.532,1
-117.248707,32.884145,93.14,0.456,1
-117.248404,32.884145,93.58,0.555,1
-117.2481,32.884145,94,0.364,1
-117.247796,32.884145,94.72,0.538,1
-117.247493,32.884145,95.12,0.487,1
-117.247189,32.884145,95.69,0.474,1
-117.246885,32.884145,96.37,0.369,1
-117.246582,32.884145,96.92,0.516,1
-117.246278,32.884145,97.33,0.464,1
-117.245974,32.884145,98.89,0.426,1
-117.24567,32.884145,99.63,0.401,1
-117.245367,32.884145,98.35,0.33,2
-117.245063,32.884145,97.64,0.291,2
-117.244759,32.884145,98.23,0.276,2
-117.244456,32.884145,99.04,0.27,2
-117.244152,32.884145,98.93,0.286,2
-117.243848,32.884145,97.98,0.289,2
-117.243545,32.884145,97.38,0.235,2
-117.243241,32.884145,97.2,0.141,2
-117.242937,32.884145,97.56,0.109,2
-117.242633,32.884145,98.19,0.157,2
-117.24233,32.884145,98.63,0.18,2
-117.242026,32.884145,98.82,0.116,2
-117.241722,32.884145,98.67,0.244,3
-117.241419,32.884145,98.13,0.319,3
-117.241115,32.884145,97.47,0.264,3
-117.240811,32.884145,96.58,0.342,3
-117.240508,32.884145,96.38,0.251,3
-117.240204,32.884145,96.46,0.24,3
-117.2399,32.884145,96.37,0.22,3
-117.239596,32.884145,96,0.159,3
-117.239293,32.884145,95.08,0.175,4
-117.238989,32.884145,93.79,0.203,4
-117.238685,32.884145,92.23,0.333,4
-117.238382,32.884145,90.42,0.558,4
-117.238078,32.884145,88.98,0.659,4
-117.237774,32.884145,88.24,0.658,4
-117.237471,32.884145,87.81,0.623,4
-117.237167,32.884145,88.18,0.599,4
-117.236863,32.884145,88.69,0.569,4
-117.236559,32.884145,88.56,0.563,4
-117.236256,32.884145,87.51,0.538,4
-117.235952,32.884145,86.59,0.703,4
-117.235648,32.884145,86.12,0.671,4
-117.235345,32.884145,86.54,0.589,4
-117.235041,32.884145,87.51,0.45,2
-117.234737,32.884145,89.27,0.399,3
-117.234434,32.884145,89.89,0.476,4
-117.23413,32.884145,90.86,0.671,4
-117.233826,32.884145,91.83,0.697,4
-117.233522,32.884145,92.9,0.408,4
-117.233219,32.884145,94.15,0.181,4
-117.232915,32.884145,95.93,0.177,4
-117.232611,32.884145,97.75,0.197,3
-117.232308,32.884145,98.6,0.22,3
-117.232004,32.884145,98.28,0.331,3
-117.2317,32.884145,95.75,0.494,3
-117.231397,32.884145,92.31,0.621,3
-117.231093,32.884145,90.9,0.66,3
-117.230789,32.884145,92.42,0.675,3
-117.230485,32.884145,94.23,0.614,3
-117.230182,32.884145,96.34,0.448,3
-117.229878,32.884145,98.47,0.213,3
-117.229574,32.884145,100.89,0.098,3
-117.229271,32.884145,103.03,0.067,3
-117.228967,32.884145,105.05,0.069,3
-117.228663,32.884145,103.38,0.118,4
-117.22836,32.884145,101.1,0.121,4
-117.228056,32.884145,99.28,0.089,4
-117.227752,32.884145,98.43,0.106,4
-117.227448,32.884145,98.37,0.136,4
-117.227145,32.884145,98.52,0.098,4
-117.226841,32.884145,98.89,0.047,4
-117.226537,32.884145,99.35,0.102,4
-117.226234,32.884145,99.67,0.185,4
-117.22593,32.884145,99.82,0.158,4
-117.225626,32.884145,99.8,0.239,4
-117.225323,32.884145,99.61,0.358,4
-117.225019,32.884145,99.26,0.378,4
-117.224715,32.884145,99.4,0.234,4
-117.224411,32.884145,99.73,0.114,4
-117.224108,32.884145,100.5,0.127,4
-117.223804,32.884145,101.16,0.155,4
-117.2235,32.884145,101.81,0.198,4
-117.223197,32.884145,102.11,0.298,4
-117.222893,32.884145,102.35,0.412,4
-117.222589,32.884145,102.31,0.401,4
-117.222286,32.884145,102.13,0.251,4
-117.221982,32.884145,102.11,0.227,4
-117.221678,32.884145,102.21,0.256,4
-117.221374,32.884145,102.09,0.262,4
-117.221071,32.884145,101.36,0.299,4
-117.220767,32.884145,100.03,0.377,4
-117.220463,32.884145,98.54,0.494,4
-117.22016,32.884145,96.98,0.426,4
-117.219856,32.884145,95.37,0.567,4
-117.219552,32.884145,93.78,0.57,4
-117.219249,32.884145,92.3,0.596,4
-117.218945,32.884145,90.95,0.648,4
-117.218641,32.884145,90.32,0.503,4
-117.218337,32.884145,90.41,0.435,4
-117.218034,32.884145,91.81,0.413,4
-117.21773,32.884145,93.12,0.43,4
-117.217426,32.884145,94.77,0.494,4
-117.217123,32.884145,96.51,0.561,4
-117.216819,32.884145,97.99,0.361,4
-117.216515,32.884145,99.13,0.208,4
-117.216212,32.884145,100.01,0.236,4
-117.215908,32.884145,100.17,0.356,4
-117.215604,32.884145,99.28,0.495,4
-117.2153,32.884145,97.51,0.586,4
-117.214997,32.884145,95.65,0.6,4
-117.214693,32.884145,94.97,0.577,4
-117.214389,32.884145,95.36,0.599,4
-117.214086,32.884145,96.12,0.587,4
-117.213782,32.884145,97.02,0.525,4
-117.213478,32.884145,98.58,0.464,4
-117.213175,32.884145,100.72,0.343,4
-117.259337,32.883841,71.3,0.157,1
-117.259033,32.883841,71.36,0.165,1
-117.258729,32.883841,71.43,0.076,1
-117.258426,32.883841,71.51,0.204,1
-117.258122,32.883841,71.59,0.11,1
-117.257818,32.883841,71.66,0.087,1
-117.257515,32.883841,71.71,0.151,1
-117.257211,32.883841,71.71,0.108,1
-117.256907,32.883841,71.69,0.232,1
-117.256604,32.883841,71.7,0.265,1
-117.2563,32.883841,71.81,0.257,1
-117.255996,32.883841,71.88,0.279,1
-117.251137,32.883841,85.96,0.409,1
-117.250833,32.883841,86.14,0.462,1
-117.25053,32.883841,86.84,0.535,1
-117.250226,32.883841,87.96,0.565,1
-117.249922,32.883841,89.35,0.556,1
-117.249619,32.883841,90.71,0.524,1
-117.249315,32.883841,91.71,0.491,1
-117.249011,32.883841,92.53,0.454,1
-117.248707,32.883841,93.03,0.441,1
-117.248404,32.883841,93.6,0.472,1
-117.2481,32.883841,93.97,0.382,1
-117.247796,32.883841,93.63,0.494,1
-117.247493,32.883841,93.94,0.458,1
-117.247189,32.883841,94.42,0.349,1
-117.246885,32.883841,94.66,0.414,1
-117.246582,32.883841,94.84,0.505,1
-117.246278,32.883841,94.93,0.537,1
-117.245974,32.883841,98.19,0.537,1
-117.24567,32.883841,99.6,0.424,1
-117.245367,32.883841,99.55,0.386,1
-117.245063,32.883841,98.28,0.362,2
-117.244759,32.883841,97.93,0.371,2
-117.244456,32.883841,98.7,0.406,2
-117.244152,32.883841,98.16,0.333,2
-117.243848,32.883841,96.7,0.248,2
-117.243545,32.883841,96.28,0.285,2
-117.243241,32.883841,96.3,0.269,2
-117.242937,32.883841,96.54,0.227,2
-117.242633,32.883841,96.46,0.214,2
-117.24233,32.883841,96.92,0.163,2
-117.242026,32.883841,97.08,0.176,3
-117.241722,32.883841,97.38,0.175,3
-117.241419,32.883841,97.1,0.307,3
-117.241115,32.883841,96.66,0.268,3
-117.240811,32.883841,96.44,0.268,3
-117.240508,32.883841,95.79,0.211,3
-117.240204,32.883841,95.29,0.361,3
-117.2399,32.883841,94.91,0.275,3
-117.239596,32.883841,94.6,0.107,3
-117.239293,32.883841,93.98,0.07,4
-117.238989,32.883841,93.06,0.113,4
-117.238685,32.883841,91.8,0.261,4
-117.238382,32.883841,90.19,0.483,4
-117.238078,32.883841,88.92,0.625,4
-117.237774,32.883841,88.42,0.666,4
-117.237471,32.883841,88.35,0.642,4
-117.237167,32.883841,88.76,0.625,4
-117.236863,32.883841,89.12,0.554,4
-117.236559,32.883841,88.77,0.493,4
-117.236256,32.883841,87.62,0.594,4
-117.235952,32.883841,86.63,0.719,4
-117.235648,32.883841,86.65,0.614,4
-117.235345,32.883841,87.5,0.441,4
-117.235041,32.883841,89.18,0.204,2
-117.234737,32.883841,90.35,0.202,3
-117.234434,32.883841,90.41,0.465,4
-117.23413,32.883841,91.22,0.656,4
-117.233826,32.883841,92.67,0.549,4
-117.233522,32.883841,94.05,0.263,4
-117.233219,32.883841,95.26,0.156,4
-117.232915,32.883841,97.13,0.294,4
-117.232611,32.883841,98.98,0.365,3
-117.232308,32.883841,99.37,0.256,3
-117.232004,32.883841,98.48,0.255,3
-117.2317,32.883841,95.7,0.47,3
-117.231397,32.883841,92.71,0.669,3
-117.231093,32.883841,91.69,0.655,3
-117.230789,32.883841,92.66,0.65,3
-117.230485,32.883841,94.07,0.649,3
-117.230182,32.883841,96.05,0.39,3
-117.229878,32.883841,98.89,0.17,3
-117.229574,32.883841,101.9,0.114,3
-117.229271,32.883841,104.41,0.065,3
-117.228967,32.883841,105.97,0.077,3
-117.228663,32.883841,103.57,0.132,4
-117.22836,32.883841,100.93,0.12,4
-117.228056,32.883841,99.05,0.075,4
-117.227752,32.883841,98.07,0.151,4
-117.227448,32.883841,97.73,0.179,4
-117.227145,32.883841,97.7,0.118,4
-117.226841,32.883841,98.1,0.101,4
-117.226537,32.883841,98.91,0.107,4
-117.226234,32.883841,99.7,0.14,4
-117.22593,32.883841,99.83,0.206,4
-117.225626,32.883841,98.8,0.295,4
-117.225323,32.883841,98.29,0.452,4
-117.225019,32.883841,98.51,0.321,4
-117.224715,32.883841,99.76,0.335,4
-117.224411,32.883841,99.78,0.174,4
-117.224108,32.883841,100.2,0.228,4
-117.223804,32.883841,100.83,0.193,4
-117.2235,32.883841,101.55,0.219,4
-117.223197,32.883841,102.19,0.426,4
-117.222893,32.883841,102.63,0.528,4
-117.222589,32.883841,102.86,0.356,4
-117.222286,32.883841,102.89,0.204,4
-117.221982,32.883841,102.83,0.165,4
-117.221678,32.883841,102.72,0.148,4
-117.221374,32.883841,102.5,0.132,4
-117.221071,32.883841,101.95,0.134,4
-117.220767,32.883841,100.92,0.269,4
-117.220463,32.883841,99.56,0.519,4
-117.22016,32.883841,97.95,0.482,4
-117.219856,32.883841,96.02,0.459,4
-117.219552,32.883841,94.28,0.575,4
-117.219249,32.883841,92.72,0.61,4
-117.218945,32.883841,91.33,0.69,4
-117.218641,32.883841,90.6,0.66,4
-117.218337,32.883841,90.51,0.469,4
-117.218034,32.883841,91.14,0.438,4
-117.21773,32.883841,92.13,0.513,4
-117.217426,32.883841,93.51,0.553,4
-117.217123,32.883841,94.95,0.415,4
-117.216819,32.883841,96.2,0.192,4
-117.216515,32.883841,97.21,0.127,4
-117.216212,32.883841,98.02,0.241,4
-117.215908,32.883841,97.97,0.373,4
-117.215604,32.883841,96.62,0.48,4
-117.2153,32.883841,94.5,0.599,4
-117.214997,32.883841,92.94,0.653,4
-117.214693,32.883841,93.01,0.585,4
-117.214389,32.883841,93.72,0.516,4
-117.214086,32.883841,94.65,0.556,4
-117.213782,32.883841,95.45,0.535,4
-117.213478,32.883841,97.23,0.301,4
-117.213175,32.883841,99.46,0.258,4
-117.212871,32.883841,101.88,0.223,4
-117.259337,32.883537,71.31,0.173,1
-117.259033,32.883537,71.34,0.169,1
-117.258729,32.883537,71.39,0.065,1
-117.258426,32.883537,71.46,0.224,1
-117.258122,32.883537,71.54,0.118,1
-117.257818,32.883537,71.62,0.107,1
-117.257515,32.883537,71.66,0.142,1
-117.257211,32.883537,71.65,0.143,1
-117.256907,32.883537,71.64,0.194,1
-117.256604,32.883537,71.67,0.273,1
-117.2563,32.883537,71.8,0.303,1
-117.255996,32.883537,71.88,0.299,1
-117.251137,32.883537,85.98,0.648,1
-117.250833,32.883537,86.35,0.693,1
-117.25053,32.883537,87.13,0.736,1
-117.250226,32.883537,88.13,0.636,1
-117.249922,32.883537,89.28,0.526,1
-117.249619,32.883537,90.49,0.545,1
-117.249315,32.883537,91.59,0.486,1
-117.249011,32.883537,92.49,0.346,1
-117.248707,32.883537,93.06,0.384,1
-117.248404,32.883537,93.77,0.46,1
-117.2481,32.883537,94.17,0.513,1
-117.247796,32.883537,93.53,0.437,1
-117.247493,32.883537,93.91,0.345,1
-117.247189,32.883537,94.11,0.277,1
-117.246885,32.883537,94,0.341,1
-117.246582,32.883537,93.59,0.524,1
-117.246278,32.883537,93.12,0.654,1
-117.245974,32.883537,96.94,0.65,1
-117.24567,32.883537,98.61,0.5,1
-117.245367,32.883537,99.09,0.46,1
-117.245063,32.883537,97.75,0.429,2
-117.244759,32.883537,97.01,0.42,2
-117.244456,32.883537,97.64,0.441,2
-117.244152,32.883537,96.96,0.399,2
-117.243848,32.883537,95.48,0.344,2
-117.243545,32.883537,95.32,0.308,2
-117.243241,32.883537,95.52,0.246,2
-117.242937,32.883537,95.74,0.282,2
-117.242633,32.883537,95.38,0.283,2
-117.24233,32.883537,95.81,0.308,2
-117.242026,32.883537,96.09,0.301,3
-117.241722,32.883537,96.74,0.24,3
-117.241419,32.883537,97.06,0.232,3
-117.241115,32.883537,96.51,0.338,3
-117.240811,32.883537,96.4,0.262,3
-117.240508,32.883537,95.24,0.2,3
-117.240204,32.883537,94.35,0.285,3
-117.2399,32.883537,93.86,0.27,3
-117.239596,32.883537,93.68,0.217,3
-117.239293,32.883537,93.21,0.175,4
-117.238989,32.883537,92.43,0.145,4
-117.238685,32.883537,91.4,0.233,4
-117.238382,32.883537,90.03,0.415,4
-117.238078,32.883537,89.03,0.52,4
-117.237774,32.883537,88.95,0.548,4
-117.237471,32.883537,89.02,0.589,4
-117.237167,32.883537,89.27,0.594,4
-117.236863,32.883537,89.44,0.578,4
-117.236559,32.883537,89.09,0.624,4
-117.236256,32.883537,88.27,0.718,4
-117.235952,32.883537,87.61,0.685,4
-117.235648,32.883537,87.92,0.586,4
-117.235345,32.883537,89.87,0.355,3
-117.235041,32.883537,90.74,0.132,3
-117.234737,32.883537,90.88,0.165,4
-117.234434,32.883537,91.53,0.416,4
-117.23413,32.883537,92.54,0.478,4
-117.233826,32.883537,93.92,0.347,4
-117.233522,32.883537,95.22,0.25,4
-117.233219,32.883537,96.25,0.253,4
-117.232915,32.883537,97.94,0.383,4
-117.232611,32.883537,99.56,0.419,3
-117.232308,32.883537,99.48,0.219,3
-117.232004,32.883537,98.08,0.219,3
-117.2317,32.883537,95.42,0.501,3
-117.231397,32.883537,93.05,0.674,3
-117.231093,32.883537,92.34,0.652,3
-117.230789,32.883537,92.97,0.644,3
-117.230485,32.883537,93.64,0.596,3
-117.230182,32.883537,95.87,0.4,3
-117.229878,32.883537,99.27,0.162,3
-117.229574,32.883537,102.82,0.113,3
-117.229271,32.883537,105.41,0.071,3
-117.228967,32.883537,106.16,0.058,3
-117.228663,32.883537,103.16,0.128,4
-117.22836,32.883537,100.46,0.12,4
-117.228056,32.883537,98.79,0.092,4
-117.227752,32.883537,97.81,0.175,4
-117.227448,32.883537,97.31,0.256,4
-117.227145,32.883537,97.15,0.218,4
-117.226841,32.883537,97.63,0.131,4
-117.226537,32.883537,98.76,0.098,4
-117.226234,32.883537,100.03,0.165,4
-117.22593,32.883537,100.42,0.312,4
-117.225626,32.883537,99.15,0.439,4
-117.225323,32.883537,99.26,0.39,4
-117.225019,32.883537,99.74,0.175,4
-117.224715,32.883537,100.84,0.218,4
-117.224411,32.883537,100.46,0.279,4
-117.224108,32.883537,100.29,0.169,4
-117.223804,32.883537,100.47,0.072,4
-117.2235,32.883537,101.2,0.134,4
-117.223197,32.883537,102.35,0.293,4
-117.222893,32.883537,103.2,0.312,4
-117.222589,32.883537,103.59,0.2,4
-117.222286,32.883537,103.65,0.149,4
-117.221982,32.883537,103.46,0.166,4
-117.221678,32.883537,103.12,0.144,4
-117.221374,32.883537,102.73,0.094,4
-117.221071,32.883537,102.25,0.062,4
-117.220767,32.883537,101.51,0.132,4
-117.220463,32.883537,100.41,0.39,4
-117.22016,32.883537,98.91,0.52,4
-117.219856,32.883537,96.91,0.364,4
-117.219552,32.883537,95.15,0.486,4
-117.219249,32.883537,93.62,0.549,4
-117.218945,32.883537,92.3,0.625,4
-117.218641,32.883537,91.43,0.725,4
-117.218337,32.883537,91.05,0.602,4
-117.218034,32.883537,91.26,0.542,4
-117.21773,32.883537,91.84,0.582,4
-117.217426,32.883537,92.73,0.537,4
-117.217123,32.883537,93.69,0.409,4
-117.216819,32.883537,94.57,0.282,4
-117.216515,32.883537,95.4,0.281,4
-117.216212,32.883537,96.14,0.362,4
-117.215908,32.883537,95.94,0.453,4
-117.215604,32.883537,94.47,0.54,4
-117.2153,32.883537,92.6,0.605,4
-117.214997,32.883537,91.67,0.605,4
-117.214693,32.883537,92.4,0.523,4
-117.214389,32.883537,93.29,0.455,4
-117.214086,32.883537,94.18,0.49,4
-117.213782,32.883537,94.8,0.382,4
-117.213478,32.883537,96.36,0.094,4
-117.213175,32.883537,98.19,0.138,4
-117.212871,32.883537,100.34,0.268,4
-117.212567,32.883537,101.3,0.353,4
-117.259033,32.883233,71.33,0.142,1
-117.258729,32.883233,71.37,0.11,1
-117.258426,32.883233,71.43,0.178,1
-117.258122,32.883233,71.51,0.132,1
-117.257818,32.883233,71.57,0.147,1
-117.257515,32.883233,71.59,0.184,1
-117.257211,32.883233,71.58,0.16,1
-117.256907,32.883233,71.57,0.226,1
-117.256604,32.883233,71.62,0.286,1
-117.2563,32.883233,71.76,0.403,1
-117.255996,32.883233,71.85,0.514,1
-117.251137,32.883233,86.31,0.49,1
-117.250833,32.883233,86.58,0.522,1
-117.25053,32.883233,87.22,0.642,1
-117.250226,32.883233,88.11,0.706,1
-117.249922,32.883233,89.24,0.617,1
-117.249619,32.883233,90.52,0.54,1
-117.249315,32.883233,91.72,0.511,1
-117.249011,32.883233,92.68,0.399,1
-117.248707,32.883233,93.22,0.413,1
-117.248404,32.883233,93.98,0.575,1
-117.2481,32.883233,94.4,0.546,1
-117.247796,32.883233,93.57,0.571,1
-117.247493,32.883233,94.24,0.289,1
-117.247189,32.883233,93.99,0.313,1
-117.246885,32.883233,93.81,0.293,1
-117.246582,32.883233,92.95,0.525,1
-117.246278,32.883233,92.1,0.676,1
-117.245974,32.883233,95.34,0.606,1
-117.24567,32.883233,96.88,0.445,1
-117.245367,32.883233,97.61,0.333,1
-117.245063,32.883233,96.61,0.266,2
-117.244759,32.883233,95.99,0.263,2
-117.244456,32.883233,96.51,0.31,2
-117.244152,32.883233,95.77,0.374,2
-117.243848,32.883233,94.51,0.436,2
-117.243545,32.883233,94.61,0.45,2
-117.243241,32.883233,94.97,0.397,2
-117.242937,32.883233,95.31,0.284,2
-117.242633,32.883233,95.13,0.231,2
-117.24233,32.883233,95.62,0.296,2
-117.242026,32.883233,96.15,0.263,3
-117.241722,32.883233,97.07,0.247,3
-117.241419,32.883233,97.71,0.236,3
-117.241115,32.883233,97.12,0.281,3
-117.240811,32.883233,96.41,0.22,3
-117.240508,32.883233,94.97,0.118,3
-117.240204,32.883233,94.05,0.091,3
-117.2399,32.883233,93.57,0.066,3
-117.239596,32.883233,93.01,0.047,4
-117.239293,32.883233,92.56,0.067,4
-117.238989,32.883233,92.01,0.107,4
-117.238685,32.883233,91.19,0.24,4
-117.238382,32.883233,90.12,0.422,4
-117.238078,32.883233,89.32,0.477,4
-117.237774,32.883233,89.4,0.432,4
-117.237471,32.883233,89.41,0.412,4
-117.237167,32.883233,89.6,0.417,4
-117.236863,32.883233,89.81,0.471,4
-117.236559,32.883233,89.83,0.611,4
-117.236256,32.883233,89.63,0.66,4
-117.235952,32.883233,89.45,0.575,4
-117.235648,32.883233,89.97,0.507,4
-117.235345,32.883233,91.39,0.336,4
-117.235041,32.883233,92.29,0.134,4
-117.234737,32.883233,93.2,0.104,4
-117.234434,32.883233,93.93,0.208,4
-117.23413,32.883233,94.61,0.307,4
-117.233826,32.883233,95.49,0.338,4
-117.233522,32.883233,96.33,0.304,4
-117.233219,32.883233,96.9,0.281,4
-117.232915,32.883233,98.06,0.31,4
-117.232611,32.883233,99.2,0.327,3
-117.232308,32.883233,98.68,0.277,3
-117.232004,32.883233,96.97,0.284,3
-117.2317,32.883233,94.6,0.486,3
-117.231397,32.883233,92.79,0.574,3
-117.231093,32.883233,92.33,0.592,3
-117.230789,32.883233,92.66,0.6,3
-117.230485,32.883233,93.7,0.581,3
-117.230182,32.883233,95.82,0.432,3
-117.229878,32.883233,99.77,0.2,3
-117.229574,32.883233,103.64,0.076,3
-117.229271,32.883233,105.58,0.045,3
-117.228967,32.883233,105.87,0.06,3
-117.228663,32.883233,102.67,0.136,4
-117.22836,32.883233,100.12,0.143,4
-117.228056,32.883233,98.76,0.128,4
-117.227752,32.883233,97.93,0.187,4
-117.227448,32.883233,97.44,0.235,4
-117.227145,32.883233,97.34,0.245,4
-117.226841,32.883233,97.92,0.211,4
-117.226537,32.883233,99.13,0.128,4
-117.226234,32.883233,100.43,0.142,4
-117.22593,32.883233,100.95,0.214,4
-117.225626,32.883233,100.1,0.28,4
-117.225323,32.883233,100.38,0.247,4
-117.225019,32.883233,100.54,0.21,4
-117.224715,32.883233,101.69,0.229,4
-117.224411,32.883233,100.83,0.138,4
-117.224108,32.883233,100.18,0.077,4
-117.223804,32.883233,100.17,0.06,4
-117.2235,32.883233,101.06,0.141,4
-117.223197,32.883233,102.64,0.193,4
-117.222893,32.883233,103.82,0.156,4
-117.222589,32.883233,104.05,0.145,4
-117.222286,32.883233,103.77,0.123,4
-117.221982,32.883233,103.44,0.115,4
-117.221678,32.883233,103.09,0.144,4
-117.221374,32.883233,102.74,0.167,4
-117.221071,32.883233,102.41,0.14,4
-117.220767,32.883233,101.92,0.101,4
-117.220463,32.883233,101.13,0.163,4
-117.22016,32.883233,99.85,0.288,4
-117.219856,32.883233,97.94,0.294,4
-117.219552,32.883233,96.28,0.441,4
-117.219249,32.883233,94.92,0.554,4
-117.218945,32.883233,93.72,0.632,4
-117.218641,32.883233,92.72,0.705,4
-117.218337,32.883233,92.03,0.675,4
-117.218034,32.883233,91.77,0.584,4
-117.21773,32.883233,91.8,0.539,4
-117.217426,32.883233,92.12,0.547,4
-117.217123,32.883233,92.59,0.505,4
-117.216819,32.883233,93.17,0.45,4
-117.216515,32.883233,93.8,0.438,4
-117.216212,32.883233,94.4,0.427,4
-117.215908,32.883233,94.12,0.483,4
-117.215604,32.883233,92.89,0.581,4
-117.2153,32.883233,91.67,0.609,4
-117.214997,32.883233,91.36,0.578,4
-117.214693,32.883233,92.35,0.488,4
-117.214389,32.883233,93.26,0.443,4
-117.214086,32.883233,94.09,0.442,4
-117.213782,32.883233,94.45,0.262,4
-117.213478,32.883233,95.48,0.097,4
-117.213175,32.883233,96.7,0.146,4
-117.212871,32.883233,98.48,0.366,4
-117.212567,32.883233,99.46,0.452,4
-117.259033,32.88293,71.35,0.151,1
-117.258729,32.88293,71.39,0.12,1
-117.258426,32.88293,71.42,0.173,1
-117.258122,32.88293,71.46,0.124,1
-117.257818,32.88293,71.51,0.199,1
-117.257515,32.88293,71.51,0.23,1
-117.257211,32.88293,71.5,0.168,1
-117.256907,32.88293,71.51,0.332,1
-117.256604,32.88293,71.59,0.319,1
-117.2563,32.88293,71.73,0.602,1
-117.255996,32.88293,71.89,0.903,1
-117.255692,32.88293,71.99,0.865,1
-117.251137,32.88293,87.2,0.3,1
-117.250833,32.88293,87.36,0.339,1
-117.25053,32.88293,87.81,0.461,1
-117.250226,32.88293,88.58,0.584,1
-117.249922,32.88293,89.68,0.608,1
-117.249619,32.88293,91.04,0.573,1
-117.249315,32.88293,92.35,0.509,1
-117.249011,32.88293,93.13,0.412,1
-117.248707,32.88293,93.08,0.371,1
-117.248404,32.88293,93.83,0.517,1
-117.2481,32.88293,94.29,0.427,1
-117.247796,32.88293,95.1,0.391,1
-117.247493,32.88293,94.88,0.404,1
-117.247189,32.88293,94.55,0.433,1
-117.246885,32.88293,94.21,0.413,1
-117.246582,32.88293,93.63,0.409,1
-117.246278,32.88293,92.9,0.539,1
-117.245974,32.88293,93.87,0.638,1
-117.24567,32.88293,94.63,0.471,1
-117.245367,32.88293,95.64,0.278,1
-117.245063,32.88293,95.33,0.23,2
-117.244759,32.88293,95.03,0.247,2
-117.244456,32.88293,95.16,0.274,2
-117.244152,32.88293,94.67,0.348,2
-117.243848,32.88293,94.3,0.445,2
-117.243545,32.88293,94.6,0.46,2
-117.243241,32.88293,95.15,0.363,2
-117.242937,32.88293,95.66,0.238,2
-117.242633,32.88293,96.09,0.185,2
-117.24233,32.88293,96.76,0.296,2
-117.242026,32.88293,97.48,0.25,3
-117.241722,32.88293,98.57,0.287,3
-117.241419,32.88293,99.2,0.259,3
-117.241115,32.88293,98.41,0.306,3
-117.240811,32.88293,96.51,0.259,3
-117.240508,32.88293,94.95,0.108,3
-117.240204,32.88293,94.15,0.065,3
-117.2399,32.88293,93.59,0.077,3
-117.239596,32.88293,92.81,0.063,4
-117.239293,32.88293,92.21,0.064,4
-117.238989,32.88293,91.53,0.152,4
-117.238685,32.88293,90.7,0.334,4
-117.238382,32.88293,89.83,0.541,4
-117.238078,32.88293,89.22,0.634,4
-117.237774,32.88293,89.4,0.568,4
-117.237471,32.88293,89.36,0.519,4
-117.237167,32.88293,89.57,0.489,4
-117.236863,32.88293,89.91,0.397,4
-117.236559,32.88293,90.32,0.366,4
-117.236256,32.88293,90.71,0.406,4
-117.235952,32.88293,91.03,0.45,4
-117.235648,32.88293,92.18,0.354,4
-117.235345,32.88293,94.07,0.196,4
-117.235041,32.88293,96.04,0.132,4
-117.234737,32.88293,97.07,0.141,4
-117.234434,32.88293,97.61,0.217,4
-117.23413,32.88293,97.84,0.305,4
-117.233826,32.88293,97.74,0.362,4
-117.233522,32.88293,97.6,0.349,4
-117.233219,32.88293,97.49,0.317,4
-117.232915,32.88293,97.86,0.329,4
-117.232611,32.88293,98.21,0.352,3
-117.232308,32.88293,97.29,0.377,3
-117.232004,32.88293,95.44,0.493,3
-117.2317,32.88293,93.32,0.638,3
-117.231397,32.88293,91.9,0.613,3
-117.231093,32.88293,91.42,0.635,3
-117.230789,32.88293,90.77,0.631,3
-117.230485,32.88293,93.2,0.636,3
-117.230182,32.88293,95.34,0.498,3
-117.229878,32.88293,100.24,0.231,3
-117.229574,32.88293,104.12,0.081,3
-117.229271,32.88293,105.33,0.06,3
-117.228967,32.88293,105.34,0.079,3
-117.228663,32.88293,102.31,0.133,4
-117.22836,32.88293,100.09,0.136,4
-117.228056,32.88293,99.1,0.162,4
-117.227752,32.88293,98.51,0.173,4
-117.227448,32.88293,98.15,0.145,4
-117.227145,32.88293,98.26,0.157,4
-117.226841,32.88293,98.95,0.166,4
-117.226537,32.88293,99.93,0.104,4
-117.226234,32.88293,100.86,0.11,4
-117.22593,32.88293,101.09,0.23,4
-117.225626,32.88293,100.19,0.305,4
-117.225323,32.88293,100.54,0.277,4
-117.225019,32.88293,100.62,0.329,4
-117.224715,32.88293,101.85,0.244,4
-117.224411,32.88293,101.06,0.066,4
-117.224108,32.88293,100.46,0.051,4
-117.223804,32.88293,100.42,0.089,4
-117.2235,32.88293,101.5,0.218,4
-117.223197,32.88293,103.21,0.198,4
-117.222893,32.88293,104.29,0.165,4
-117.222589,32.88293,104.35,0.138,4
-117.222286,32.88293,103.87,0.105,4
-117.221982,32.88293,103.34,0.113,4
-117.221678,32.88293,102.96,0.166,4
-117.221374,32.88293,102.74,0.183,4
-117.221071,32.88293,102.54,0.17,4
-117.220767,32.88293,102.26,0.201,4
-117.220463,32.88293,101.79,0.253,4
-117.22016,32.88293,100.88,0.316,4
-117.219856,32.88293,99.41,0.314,4
-117.219552,32.88293,98.04,0.39,4
-117.219249,32.88293,96.75,0.599,4
-117.218945,32.88293,95.65,0.668,4
-117.218641,32.88293,94.63,0.661,4
-117.218337,32.88293,93.6,0.652,4
-117.218034,32.88293,92.96,0.602,4
-117.21773,32.88293,92.36,0.538,4
-117.217426,32.88293,92.06,0.516,4
-117.217123,32.88293,92.08,0.494,4
-117.216819,32.88293,92.34,0.493,4
-117.216515,32.88293,92.73,0.524,4
-117.216212,32.88293,93.12,0.511,4
-117.215908,32.88293,92.39,0.517,4
-117.215604,32.88293,91.07,0.543,4
-117.2153,32.88293,90.54,0.514,4
-117.214997,32.88293,90.74,0.467,4
-117.214693,32.88293,91.76,0.386,4
-117.214389,32.88293,92.64,0.348,4
-117.214086,32.88293,93.48,0.379,4
-117.213782,32.88293,94.16,0.31,4
-117.213478,32.88293,94.82,0.273,4
-117.213175,32.88293,95.54,0.366,4
-117.212871,32.88293,96.81,0.503,4
-117.212567,32.88293,97.76,0.545,4
-117.212263,32.88293,98.58,0.507,4
-117.258729,32.882626,71.4,0.102,1
-117.258426,32.882626,71.41,0.191,1
-117.258122,32.882626,71.43,0.13,1
-117.257818,32.882626,71.44,0.168,1
-117.257515,32.882626,71.44,0.269,1
-117.257211,32.882626,71.43,0.183,1
-117.256907,32.882626,71.45,0.571,1
-117.256604,32.882626,71.56,0.485,1
-117.2563,32.882626,71.73,0.542,1
-117.255996,32.882626,71.91,0.903,1
-117.255692,32.882626,72,NA,1
-117.250833,32.882626,87.73,0.375,1
-117.25053,32.882626,88.04,0.46,1
-117.250226,32.882626,88.79,0.516,1
-117.249922,32.882626,89.95,0.499,1
-117.249619,32.882626,91.4,0.517,1
-117.249315,32.882626,92.76,0.52,1
-117.249011,32.882626,93.51,0.496,1
-117.248707,32.882626,93.46,0.484,1
-117.248404,32.882626,94.15,0.469,1
-117.2481,32.882626,94.34,0.28,1
-117.247796,32.882626,94.8,0.252,1
-117.247493,32.882626,94.39,0.493,1
-117.247189,32.882626,93.95,0.505,1
-117.246885,32.882626,93.54,0.59,1
-117.246582,32.882626,92.94,0.573,1
-117.246278,32.882626,92.27,0.572,1
-117.245974,32.882626,93.26,0.674,1
-117.24567,32.882626,94.23,0.469,1
-117.245367,32.882626,95.45,0.274,1
-117.245063,32.882626,96.12,0.282,1
-117.244759,32.882626,96.2,0.292,1
-117.244456,32.882626,95.38,0.262,1
-117.244152,32.882626,94.07,0.336,2
-117.243848,32.882626,93.72,0.479,2
-117.243545,32.882626,94.24,0.486,2
-117.243241,32.882626,94.93,0.341,2
-117.242937,32.882626,95.43,0.262,2
-117.242633,32.882626,96.17,0.188,2
-117.24233,32.882626,96.95,0.272,2
-117.242026,32.882626,97.69,0.193,3
-117.241722,32.882626,98.83,0.141,3
-117.241419,32.882626,99.25,0.16,3
-117.241115,32.882626,98.38,0.276,3
-117.240811,32.882626,96.61,0.295,3
-117.240508,32.882626,95.29,0.139,3
-117.240204,32.882626,94.56,0.089,3
-117.2399,32.882626,93.68,0.053,3
-117.239596,32.882626,92.78,0.041,4
-117.239293,32.882626,92.15,0.081,4
-117.238989,32.882626,91.4,0.25,4
-117.238685,32.882626,90.59,0.381,4
-117.238382,32.882626,89.87,0.464,4
-117.238078,32.882626,89.44,0.608,4
-117.237774,32.882626,89.65,0.622,4
-117.237471,32.882626,89.53,0.637,4
-117.237167,32.882626,89.63,0.638,4
-117.236863,32.882626,89.95,0.582,4
-117.236559,32.882626,90.53,0.472,4
-117.236256,32.882626,91.28,0.465,4
-117.235952,32.882626,92.21,0.432,4
-117.235648,32.882626,94.16,0.285,4
-117.235345,32.882626,96.59,0.168,4
-117.235041,32.882626,98.65,0.132,4
-117.234737,32.882626,99.76,0.14,4
-117.234434,32.882626,100.32,0.16,4
-117.23413,32.882626,100.35,0.227,4
-117.233826,32.882626,99.67,0.297,4
-117.233522,32.882626,98.84,0.32,4
-117.233219,32.882626,98.13,0.34,4
-117.232915,32.882626,97.72,0.37,4
-117.232611,32.882626,97.52,0.36,3
-117.232308,32.882626,96.66,0.38,3
-117.232004,32.882626,94.78,0.521,3
-117.2317,32.882626,92.88,0.63,3
-117.231397,32.882626,91.67,0.647,3
-117.231093,32.882626,91.24,0.69,3
-117.230789,32.882626,90.51,0.639,3
-117.230485,32.882626,91.56,0.642,3
-117.230182,32.882626,94.32,0.522,3
-117.229878,32.882626,100.57,0.22,3
-117.229574,32.882626,104.06,0.097,3
-117.229271,32.882626,105.14,0.064,3
-117.228967,32.882626,104.88,0.112,3
-117.228663,32.882626,102.18,0.152,4
-117.22836,32.882626,100.4,0.136,4
-117.228056,32.882626,99.84,0.194,4
-117.227752,32.882626,99.45,0.211,4
-117.227448,32.882626,99.28,0.16,4
-117.227145,32.882626,99.56,0.15,4
-117.226841,32.882626,100.11,0.17,4
-117.226537,32.882626,100.78,0.182,4
-117.226234,32.882626,101.38,0.225,4
-117.22593,32.882626,101.36,0.286,4
-117.225626,32.882626,100.32,0.29,4
-117.225323,32.882626,100.35,0.369,4
-117.225019,32.882626,100.6,0.386,4
-117.224715,32.882626,101.69,0.323,4
-117.224411,32.882626,101.56,0.14,4
-117.224108,32.882626,101.27,0.114,4
-117.223804,32.882626,101.42,0.149,4
-117.2235,32.882626,102.48,0.246,4
-117.223197,32.882626,103.95,0.24,4
-117.222893,32.882626,104.69,0.264,4
-117.222589,32.882626,104.55,0.187,4
-117.222286,32.882626,103.95,0.184,4
-117.221982,32.882626,103.33,0.21,4
-117.221678,32.882626,102.96,0.204,4
-117.221374,32.882626,102.82,0.233,4
-117.221071,32.882626,102.7,0.266,4
-117.220767,32.882626,102.57,0.279,4
-117.220463,32.882626,102.41,0.334,4
-117.22016,32.882626,102.02,0.376,4
-117.219856,32.882626,101.29,0.321,4
-117.219552,32.882626,100.4,0.428,4
-117.219249,32.882626,99.28,0.623,4
-117.218945,32.882626,98.13,0.571,4
-117.218641,32.882626,97.11,0.526,4
-117.218337,32.882626,95.81,0.564,4
-117.218034,32.882626,94.88,0.628,4
-117.21773,32.882626,93.56,0.643,4
-117.217426,32.882626,92.62,0.605,4
-117.217123,32.882626,92.2,0.566,4
-117.216819,32.882626,92.13,0.596,4
-117.216515,32.882626,92.27,0.638,4
-117.216212,32.882626,92.47,0.62,4
-117.215908,32.882626,91.11,0.591,4
-117.215604,32.882626,89.41,0.578,4
-117.2153,32.882626,89.38,0.549,4
-117.214997,32.882626,89.74,0.513,4
-117.214693,32.882626,90.59,0.476,4
-117.214389,32.882626,91.42,0.452,4
-117.214086,32.882626,92.4,0.437,4
-117.213782,32.882626,94.01,0.39,4
-117.213478,32.882626,94.59,0.413,4
-117.213175,32.882626,95.12,0.485,4
-117.212871,32.882626,96.03,0.539,4
-117.212567,32.882626,97,0.549,4
-117.212263,32.882626,98.05,0.527,4
-117.21196,32.882626,98.91,0.524,4
-117.258729,32.882322,71.41,0.099,1
-117.258426,32.882322,71.43,0.179,1
-117.258122,32.882322,71.44,0.176,1
-117.257818,32.882322,71.43,0.159,1
-117.257515,32.882322,71.41,0.251,1
-117.257211,32.882322,71.4,0.215,1
-117.256907,32.882322,71.43,0.479,1
-117.256604,32.882322,71.56,0.51,1
-117.2563,32.882322,71.76,NA,1
-117.255996,32.882322,71.95,NA,1
-117.255692,32.882322,72.03,NA,1
-117.250833,32.882322,88.09,0.464,1
-117.25053,32.882322,88.38,0.508,1
-117.250226,32.882322,89.24,0.489,1
-117.249922,32.882322,90.58,0.451,1
-117.249619,32.882322,92.03,0.501,1
-117.249315,32.882322,93.21,0.511,1
-117.249011,32.882322,93.75,0.493,1
-117.248707,32.882322,93.49,0.446,1
-117.248404,32.882322,94.03,0.462,1
-117.2481,32.882322,94.16,0.215,1
-117.247796,32.882322,94.58,0.164,1
-117.247493,32.882322,94.1,0.52,1
-117.247189,32.882322,93.61,0.466,1
-117.246885,32.882322,93.15,0.665,1
-117.246582,32.882322,92.63,0.663,1
-117.246278,32.882322,92.07,0.59,1
-117.245974,32.882322,93.14,0.691,1
-117.24567,32.882322,94.3,0.48,1
-117.245367,32.882322,95.64,0.282,1
-117.245063,32.882322,96.22,0.288,1
-117.244759,32.882322,96.1,0.287,1
-117.244456,32.882322,95.15,0.25,1
-117.244152,32.882322,93.83,0.324,2
-117.243848,32.882322,93.58,0.413,2
-117.243545,32.882322,94.18,0.37,2
-117.243241,32.882322,94.94,0.333,2
-117.242937,32.882322,95.53,0.272,2
-117.242633,32.882322,96.35,0.186,2
-117.24233,32.882322,97.16,0.27,2
-117.242026,32.882322,97.65,0.178,3
-117.241722,32.882322,98.72,0.069,3
-117.241419,32.882322,99.08,0.119,3
-117.241115,32.882322,98.5,0.24,3
-117.240811,32.882322,97.05,0.203,3
-117.240508,32.882322,95.98,0.106,3
-117.240204,32.882322,95.28,0.076,3
-117.2399,32.882322,93.91,0.078,4
-117.239596,32.882322,92.97,0.075,4
-117.239293,32.882322,92.32,0.11,4
-117.238989,32.882322,91.42,0.242,4
-117.238685,32.882322,90.6,0.348,4
-117.238382,32.882322,90.03,0.43,4
-117.238078,32.882322,89.81,0.552,4
-117.237774,32.882322,90,0.58,4
-117.237471,32.882322,89.78,0.599,4
-117.237167,32.882322,89.72,0.58,4
-117.236863,32.882322,89.87,0.563,4
-117.236559,32.882322,90.32,0.551,4
-117.236256,32.882322,91.12,0.565,4
-117.235952,32.882322,92.39,0.497,4
-117.235648,32.882322,94.89,0.288,4
-117.235345,32.882322,97.66,0.176,4
-117.235041,32.882322,99.65,0.09,4
-117.234737,32.882322,100.79,0.197,4
-117.234434,32.882322,101.38,0.209,4
-117.23413,32.882322,101.4,0.193,4
-117.233826,32.882322,100.63,0.214,4
-117.233522,32.882322,99.58,0.254,4
-117.233219,32.882322,98.61,0.333,4
-117.232915,32.882322,97.54,0.425,4
-117.232611,32.882322,96.68,0.433,4
-117.232308,32.882322,95.94,0.4,3
-117.232004,32.882322,94.4,0.476,3
-117.2317,32.882322,92.95,0.582,3
-117.231397,32.882322,92.08,0.631,3
-117.231093,32.882322,91.61,0.662,3
-117.230789,32.882322,90.86,0.591,3
-117.230485,32.882322,91.81,0.6,3
-117.230182,32.882322,95.02,0.514,3
-117.229878,32.882322,101.3,0.206,3
-117.229574,32.882322,104.13,0.093,3
-117.229271,32.882322,105.08,0.078,3
-117.228967,32.882322,103.85,0.131,4
-117.228663,32.882322,101.8,0.17,4
-117.22836,32.882322,100.74,0.139,4
-117.228056,32.882322,100.46,0.201,4
-117.227752,32.882322,100.12,0.284,4
-117.227448,32.882322,100.09,0.273,4
-117.227145,32.882322,100.52,0.244,4
-117.226841,32.882322,100.95,0.263,4
-117.226537,32.882322,101.36,0.299,4
-117.226234,32.882322,101.53,0.323,4
-117.22593,32.882322,100.91,0.309,4
-117.225626,32.882322,100.06,0.293,4
-117.225323,32.882322,99.82,0.36,4
-117.225019,32.882322,100.12,0.386,4
-117.224715,32.882322,101.6,0.307,4
-117.224411,32.882322,102,0.209,4
-117.224108,32.882322,102.22,0.182,4
-117.223804,32.882322,102.66,0.17,4
-117.2235,32.882322,103.47,0.182,4
-117.223197,32.882322,104.44,0.218,4
-117.222893,32.882322,104.79,0.221,4
-117.222589,32.882322,104.54,0.203,4
-117.222286,32.882322,103.96,0.257,4
-117.221982,32.882322,103.38,0.288,4
-117.221678,32.882322,103.05,0.361,4
-117.221374,32.882322,102.92,0.535,4
-117.221071,32.882322,102.84,0.586,4
-117.220767,32.882322,102.85,0.399,4
-117.220463,32.882322,103.08,0.234,4
-117.22016,32.882322,103.31,0.271,4
-117.219856,32.882322,103.22,0.332,4
-117.219552,32.882322,102.89,0.435,4
-117.219249,32.882322,102.11,0.503,4
-117.218945,32.882322,100.92,0.296,4
-117.218641,32.882322,99.92,0.341,4
-117.218337,32.882322,98.23,0.489,4
-117.218034,32.882322,96.48,0.632,4
-117.21773,32.882322,94.31,0.69,4
-117.217426,32.882322,92.94,0.709,4
-117.217123,32.882322,92.27,0.668,4
-117.216819,32.882322,91.97,0.645,4
-117.216515,32.882322,91.89,0.636,4
-117.216212,32.882322,91.94,0.626,4
-117.215908,32.882322,90.59,0.617,4
-117.215604,32.882322,89.08,0.605,4
-117.2153,32.882322,89.25,0.606,4
-117.214997,32.882322,89.54,0.624,4
-117.214693,32.882322,90.17,0.622,4
-117.214389,32.882322,90.92,0.608,4
-117.214086,32.882322,91.98,0.583,4
-117.213782,32.882322,94.03,0.534,4
-117.213478,32.882322,94.84,0.531,4
-117.213175,32.882322,95.54,0.551,4
-117.212871,32.882322,96.66,0.559,4
-117.212567,32.882322,98,0.501,4
-117.212263,32.882322,99.27,0.465,4
-117.21196,32.882322,100.11,0.489,4
-117.258426,32.882019,71.49,0.217,1
-117.258122,32.882019,71.51,0.189,1
-117.257818,32.882019,71.49,0.208,1
-117.257515,32.882019,71.45,0.24,1
-117.257211,32.882019,71.43,0.26,1
-117.256907,32.882019,71.47,0.367,1
-117.256604,32.882019,71.62,0.497,1
-117.2563,32.882019,71.83,NA,1
-117.255996,32.882019,72,NA,1
-117.255692,32.882019,72.08,NA,1
-117.250833,32.882019,88.23,0.454,1
-117.25053,32.882019,88.61,0.46,1
-117.250226,32.882019,89.67,0.382,1
-117.249922,32.882019,91.17,0.34,1
-117.249619,32.882019,92.61,0.411,1
-117.249315,32.882019,93.57,0.404,1
-117.249011,32.882019,93.77,0.428,1
-117.248707,32.882019,93.23,0.424,1
-117.248404,32.882019,93.7,0.458,1
-117.2481,32.882019,94.02,0.31,1
-117.247796,32.882019,94.77,0.19,1
-117.247493,32.882019,94.51,0.448,1
-117.247189,32.882019,94.08,0.376,1
-117.246885,32.882019,93.62,0.555,1
-117.246582,32.882019,93.12,0.664,1
-117.246278,32.882019,92.61,0.676,1
-117.245974,32.882019,93.82,0.692,1
-117.24567,32.882019,94.98,0.484,1
-117.245367,32.882019,96.17,0.299,1
-117.245063,32.882019,96.46,0.275,1
-117.244759,32.882019,96.17,0.261,1
-117.244456,32.882019,95.25,0.251,1
-117.244152,32.882019,94.06,0.328,2
-117.243848,32.882019,93.94,0.384,2
-117.243545,32.882019,94.47,0.326,2
-117.243241,32.882019,95.1,0.274,2
-117.242937,32.882019,95.6,0.272,2
-117.242633,32.882019,96.37,0.258,2
-117.24233,32.882019,97.16,0.299,2
-117.242026,32.882019,97.47,0.149,3
-117.241722,32.882019,98.43,0.068,3
-117.241419,32.882019,98.69,0.064,3
-117.241115,32.882019,98.39,0.074,3
-117.240811,32.882019,97.47,0.09,3
-117.240508,32.882019,96.75,0.072,3
-117.240204,32.882019,96.16,0.066,3
-117.2399,32.882019,94.89,0.066,4
-117.239596,32.882019,93.92,0.077,4
-117.239293,32.882019,93.07,0.136,4
-117.238989,32.882019,91.89,0.223,4
-117.238685,32.882019,90.9,0.309,4
-117.238382,32.882019,90.43,0.443,4
-117.238078,32.882019,90.41,0.56,4
-117.237774,32.882019,90.65,0.549,4
-117.237471,32.882019,90.35,0.556,4
-117.237167,32.882019,90.08,0.549,4
-117.236863,32.882019,89.94,0.57,4
-117.236559,32.882019,90.05,0.563,4
-117.236256,32.882019,90.55,0.633,4
-117.235952,32.882019,91.91,0.565,4
-117.235648,32.882019,94.66,0.284,4
-117.235345,32.882019,97.46,0.198,4
-117.235041,32.882019,99.34,0.179,4
-117.234737,32.882019,100.36,0.287,4
-117.234434,32.882019,100.94,0.364,4
-117.23413,32.882019,101.04,0.409,4
-117.233826,32.882019,100.5,0.281,4
-117.233522,32.882019,99.69,0.212,4
-117.233219,32.882019,98.84,0.294,4
-117.232915,32.882019,97.78,0.371,4
-117.232611,32.882019,96.62,0.39,4
-117.232308,32.882019,95.8,0.405,4
-117.232004,32.882019,95.06,0.493,3
-117.2317,32.882019,93.84,0.619,3
-117.231397,32.882019,93.04,0.633,3
-117.231093,32.882019,92.49,0.664,3
-117.230789,32.882019,91.61,0.571,3
-117.230485,32.882019,92.67,0.514,3
-117.230182,32.882019,96.18,0.437,3
-117.229878,32.882019,102.09,0.244,3
-117.229574,32.882019,104.24,0.122,3
-117.229271,32.882019,104.74,0.095,3
-117.228967,32.882019,103.47,0.145,3
-117.228663,32.882019,102.06,0.172,3
-117.22836,32.882019,101.69,0.131,3
-117.228056,32.882019,101.97,0.179,3
-117.227752,32.882019,101.33,0.251,4
-117.227448,32.882019,100.94,0.257,4
-117.227145,32.882019,101.45,0.27,4
-117.226841,32.882019,101.78,0.357,4
-117.226537,32.882019,102.04,0.47,4
-117.226234,32.882019,101.83,0.531,4
-117.22593,32.882019,100.61,0.521,4
-117.225626,32.882019,100.11,0.494,4
-117.225323,32.882019,99.76,0.558,4
-117.225019,32.882019,100.13,0.526,4
-117.224715,32.882019,101.88,0.304,4
-117.224411,32.882019,102.7,0.207,4
-117.224108,32.882019,103.24,0.175,4
-117.223804,32.882019,103.8,0.17,4
-117.2235,32.882019,104.33,0.153,4
-117.223197,32.882019,104.81,0.141,4
-117.222893,32.882019,104.94,0.126,4
-117.222589,32.882019,104.68,0.172,4
-117.222286,32.882019,104.18,0.233,4
-117.221982,32.882019,103.7,0.404,4
-117.221678,32.882019,103.42,0.636,4
-117.221374,32.882019,103.29,0.787,4
-117.221071,32.882019,103.23,0.762,4
-117.220767,32.882019,103.36,0.495,4
-117.220463,32.882019,103.91,0.195,4
-117.22016,32.882019,104.6,0.15,4
-117.219856,32.882019,104.95,0.238,4
-117.219552,32.882019,104.97,0.239,4
-117.219249,32.882019,104.5,0.227,4
-117.218945,32.882019,103.43,0.171,4
-117.218641,32.882019,102.35,0.383,4
-117.218337,32.882019,100.32,0.557,4
-117.218034,32.882019,98.06,0.649,4
-117.21773,32.882019,95.42,0.648,4
-117.217426,32.882019,93.93,0.69,4
-117.217123,32.882019,93.17,0.652,4
-117.216819,32.882019,92.7,0.601,4
-117.216515,32.882019,92.42,0.564,4
-117.216212,32.882019,92.25,0.568,4
-117.215908,32.882019,90.79,0.571,4
-117.215604,32.882019,89.37,0.524,4
-117.2153,32.882019,89.77,0.492,4
-117.214997,32.882019,90.25,0.519,4
-117.214693,32.882019,90.9,0.558,4
-117.214389,32.882019,91.51,0.63,4
-117.214086,32.882019,92.43,0.704,4
-117.213782,32.882019,94.85,0.692,4
-117.213478,32.882019,95.91,0.65,4
-117.213175,32.882019,96.94,0.576,4
-117.212871,32.882019,98.68,0.552,4
-117.212567,32.882019,100.58,0.408,4
-117.212263,32.882019,102.03,0.37,4
-117.21196,32.882019,102.51,0.408,4
-117.211656,32.882019,102.75,0.32,4
-117.258122,32.881715,71.58,0.169,1
-117.257818,32.881715,71.56,0.234,1
-117.257515,32.881715,71.52,0.223,1
-117.257211,32.881715,71.5,0.268,1
-117.256907,32.881715,71.56,0.481,1
-117.256604,32.881715,71.72,0.652,1
-117.2563,32.881715,71.9,NA,1
-117.255996,32.881715,72.03,NA,1
-117.255692,32.881715,72.09,0.635,1
-117.255389,32.881715,72.11,0.831,1
-117.255085,32.881715,72.11,0.662,1
-117.250833,32.881715,87.96,0.419,1
-117.25053,32.881715,88.53,0.428,1
-117.250226,32.881715,89.84,0.367,1
-117.249922,32.881715,91.46,0.329,1
-117.249619,32.881715,92.88,0.389,1
-117.249315,32.881715,93.72,0.403,1
-117.249011,32.881715,93.71,0.422,1
-117.248707,32.881715,92.92,0.351,1
-117.248404,32.881715,93.35,0.35,1
-117.2481,32.881715,94.06,0.345,1
-117.247796,32.881715,95.4,0.177,1
-117.247493,32.881715,95.64,0.355,1
-117.247189,32.881715,95.48,0.289,1
-117.246885,32.881715,95.07,0.427,1
-117.246582,32.881715,94.57,0.573,1
-117.246278,32.881715,94.09,0.658,1
-117.245974,32.881715,95.34,0.65,1
-117.24567,32.881715,96.23,0.442,1
-117.245367,32.881715,96.88,0.274,1
-117.245063,32.881715,96.7,0.264,1
-117.244759,32.881715,96.26,0.272,1
-117.244456,32.881715,95.53,0.272,1
-117.244152,32.881715,94.59,0.305,2
-117.243848,32.881715,94.52,0.344,2
-117.243545,32.881715,94.87,0.386,2
-117.243241,32.881715,95.25,0.357,2
-117.242937,32.881715,95.54,0.265,2
-117.242633,32.881715,96.08,0.232,2
-117.24233,32.881715,96.47,0.328,3
-117.242026,32.881715,97.09,0.226,3
-117.241722,32.881715,97.9,0.194,3
-117.241419,32.881715,98.07,0.085,3
-117.241115,32.881715,97.89,0.057,3
-117.240811,32.881715,97.36,0.082,3
-117.240508,32.881715,97.03,0.071,3
-117.240204,32.881715,96.7,0.09,3
-117.2399,32.881715,95.72,0.098,4
-117.239596,32.881715,94.92,0.102,4
-117.239293,32.881715,94.07,0.186,4
-117.238989,32.881715,92.74,0.311,4
-117.238685,32.881715,91.56,0.334,4
-117.238382,32.881715,91.05,0.4,4
-117.238078,32.881715,91.18,0.547,4
-117.237774,32.881715,91.62,0.466,4
-117.237471,32.881715,91.38,0.392,4
-117.237167,32.881715,90.99,0.449,4
-117.236863,32.881715,90.61,0.508,4
-117.236559,32.881715,90.29,0.543,4
-117.236256,32.881715,90.27,0.678,4
-117.235952,32.881715,91.57,0.562,4
-117.235648,32.881715,94.35,0.229,4
-117.235345,32.881715,96.88,0.14,4
-117.235041,32.881715,98.31,0.176,4
-117.234737,32.881715,99.11,0.274,4
-117.234434,32.881715,99.66,0.315,4
-117.23413,32.881715,99.94,0.422,4
-117.233826,32.881715,99.78,0.291,4
-117.233522,32.881715,99.41,0.188,4
-117.233219,32.881715,98.92,0.263,4
-117.232915,32.881715,98.46,0.328,4
-117.232611,32.881715,97.92,0.341,3
-117.232308,32.881715,97.04,0.369,3
-117.232004,32.881715,96.17,0.463,3
-117.2317,32.881715,95.02,0.566,3
-117.231397,32.881715,94.15,0.562,3
-117.231093,32.881715,93.52,0.624,3
-117.230789,32.881715,92.41,0.604,3
-117.230485,32.881715,93.9,0.406,3
-117.230182,32.881715,97.67,0.232,3
-117.229878,32.881715,102.81,0.177,3
-117.229574,32.881715,104.21,0.192,3
-117.229271,32.881715,104.22,0.212,3
-117.228967,32.881715,103.35,0.249,3
-117.228663,32.881715,102.29,0.185,3
-117.22836,32.881715,102.39,0.106,3
-117.228056,32.881715,102.96,0.156,3
-117.227752,32.881715,102.9,0.252,3
-117.227448,32.881715,102.39,0.259,3
-117.227145,32.881715,102.2,0.284,4
-117.226841,32.881715,102.38,0.442,4
-117.226537,32.881715,102.5,0.596,4
-117.226234,32.881715,102.05,0.647,4
-117.22593,32.881715,100.52,0.642,4
-117.225626,32.881715,100,0.582,4
-117.225323,32.881715,99.85,0.54,4
-117.225019,32.881715,100.44,0.374,4
-117.224715,32.881715,102.51,0.225,4
-117.224411,32.881715,103.56,0.138,4
-117.224108,32.881715,104.11,0.139,4
-117.223804,32.881715,104.61,0.15,4
-117.2235,32.881715,104.98,0.163,4
-117.223197,32.881715,105.19,0.134,4
-117.222893,32.881715,105.13,0.129,4
-117.222589,32.881715,104.89,0.153,4
-117.222286,32.881715,104.55,0.201,4
-117.221982,32.881715,104.22,0.378,4
-117.221678,32.881715,103.99,0.6,4
-117.221374,32.881715,103.85,0.663,4
-117.221071,32.881715,103.79,0.541,4
-117.220767,32.881715,104.01,0.341,4
-117.220463,32.881715,104.84,0.216,4
-117.22016,32.881715,105.8,0.259,4
-117.219856,32.881715,106.27,0.205,4
-117.219552,32.881715,106.35,0.166,4
-117.219249,32.881715,105.99,0.191,4
-117.218945,32.881715,105.07,0.267,4
-117.218641,32.881715,103.88,0.455,4
-117.218337,32.881715,101.86,0.59,4
-117.218034,32.881715,99.73,0.611,4
-117.21773,32.881715,97.26,0.615,4
-117.217426,32.881715,95.76,0.698,4
-117.217123,32.881715,94.84,0.65,4
-117.216819,32.881715,94.15,0.549,4
-117.216515,32.881715,93.59,0.511,4
-117.216212,32.881715,93.03,0.524,4
-117.215908,32.881715,91.23,0.524,4
-117.215604,32.881715,89.8,0.477,4
-117.2153,32.881715,90.55,0.425,4
-117.214997,32.881715,91.46,0.42,4
-117.214693,32.881715,92.47,0.446,4
-117.214389,32.881715,93.25,0.532,4
-117.214086,32.881715,94.23,0.635,4
-117.213782,32.881715,96.66,0.576,4
-117.213478,32.881715,97.83,0.451,4
-117.213175,32.881715,99.05,0.411,4
-117.212871,32.881715,101.14,0.481,4
-117.212567,32.881715,103.27,0.293,4
-117.212263,32.881715,104.72,0.324,4
-117.21196,32.881715,105.04,0.368,4
-117.211656,32.881715,104.69,0.324,4
-117.257818,32.881411,71.57,0.266,1
-117.257515,32.881411,71.54,0.201,1
-117.257211,32.881411,71.55,0.219,1
-117.256907,32.881411,71.65,0.518,1
-117.256604,32.881411,71.81,0.564,1
-117.2563,32.881411,71.96,NA,1
-117.255996,32.881411,72.05,NA,1
-117.255692,32.881411,72.07,0.618,1
-117.255389,32.881411,72.08,0.784,1
-117.255085,32.881411,72.1,0.833,1
-117.254781,32.881411,72.17,NA,1
-117.254478,32.881411,72.32,0.899,1
-117.254174,32.881411,72.88,0.804,1
-117.25387,32.881411,75.07,0.234,1
-117.253567,32.881411,72.74,0.132,1
-117.250833,32.881411,87.51,0.478,1
-117.25053,32.881411,88.24,0.507,1
-117.250226,32.881411,89.82,0.445,1
-117.249922,32.881411,91.57,0.345,1
-117.249619,32.881411,92.97,0.389,1
-117.249315,32.881411,93.7,0.438,1
-117.249011,32.881411,93.56,0.378,1
-117.248707,32.881411,92.64,0.296,1
-117.248404,32.881411,93.12,0.327,1
-117.2481,32.881411,94.17,0.387,1
-117.247796,32.881411,96.08,0.349,1
-117.247493,32.881411,96.81,0.402,1
-117.247189,32.881411,96.84,0.324,1
-117.246885,32.881411,96.61,0.338,1
-117.246582,32.881411,96.24,0.355,1
-117.246278,32.881411,95.83,0.372,1
-117.245974,32.881411,96.95,0.421,1
-117.24567,32.881411,97.4,0.332,1
-117.245367,32.881411,97.43,0.239,1
-117.245063,32.881411,96.88,0.265,1
-117.244759,32.881411,96.38,0.289,1
-117.244456,32.881411,95.76,0.265,1
-117.244152,32.881411,94.92,0.261,2
-117.243848,32.881411,94.8,0.288,2
-117.243545,32.881411,94.98,0.311,2
-117.243241,32.881411,95.16,0.28,2
-117.242937,32.881411,95.24,0.304,2
-117.242633,32.881411,95.61,0.33,2
-117.24233,32.881411,95.93,0.451,2
-117.242026,32.881411,96.23,0.246,3
-117.241722,32.881411,96.91,0.234,3
-117.241419,32.881411,97.15,0.112,3
-117.241115,32.881411,97.02,0.052,3
-117.240811,32.881411,96.66,0.116,3
-117.240508,32.881411,96.69,0.201,3
-117.240204,32.881411,96.76,0.221,3
-117.2399,32.881411,96.18,0.225,4
-117.239596,32.881411,95.54,0.192,4
-117.239293,32.881411,94.63,0.297,4
-117.238989,32.881411,93.23,0.431,4
-117.238685,32.881411,92.09,0.394,4
-117.238382,32.881411,91.72,0.392,4
-117.238078,32.881411,92.09,0.46,4
-117.237774,32.881411,92.8,0.282,4
-117.237471,32.881411,92.6,0.179,4
-117.237167,32.881411,92.04,0.351,4
-117.236863,32.881411,91.39,0.493,4
-117.236559,32.881411,90.82,0.509,4
-117.236256,32.881411,90.71,0.558,4
-117.235952,32.881411,92.18,0.486,4
-117.235648,32.881411,94.81,0.305,4
-117.235345,32.881411,96.97,0.238,4
-117.235041,32.881411,98.03,0.268,4
-117.234737,32.881411,98.56,0.293,4
-117.234434,32.881411,98.89,0.317,4
-117.23413,32.881411,99.12,0.341,4
-117.233826,32.881411,99.13,0.261,4
-117.233522,32.881411,99.11,0.189,4
-117.233219,32.881411,99.01,0.188,4
-117.232915,32.881411,99.01,0.255,4
-117.232611,32.881411,98.86,0.326,3
-117.232308,32.881411,98.01,0.356,3
-117.232004,32.881411,97.07,0.476,3
-117.2317,32.881411,96.11,0.562,3
-117.231397,32.881411,95.24,0.524,3
-117.231093,32.881411,94.46,0.584,3
-117.230789,32.881411,93.13,0.611,3
-117.230485,32.881411,94.98,0.357,3
-117.230182,32.881411,98.78,0.131,3
-117.229878,32.881411,103.02,0.122,3
-117.229574,32.881411,103.88,0.261,3
-117.229271,32.881411,103.59,0.215,3
-117.228967,32.881411,102.82,0.213,3
-117.228663,32.881411,102.16,0.135,3
-117.22836,32.881411,102.68,0.101,3
-117.228056,32.881411,103.3,0.237,3
-117.227752,32.881411,103.62,0.283,3
-117.227448,32.881411,103.23,0.209,3
-117.227145,32.881411,102.55,0.232,4
-117.226841,32.881411,102.44,0.326,4
-117.226537,32.881411,102.38,0.399,4
-117.226234,32.881411,101.7,0.499,4
-117.22593,32.881411,99.96,0.521,4
-117.225626,32.881411,99.47,0.436,4
-117.225323,32.881411,99.65,0.319,4
-117.225019,32.881411,100.52,0.33,4
-117.224715,32.881411,102.82,0.371,4
-117.224411,32.881411,103.94,0.34,4
-117.224108,32.881411,104.52,0.243,4
-117.223804,32.881411,105.09,0.172,4
-117.2235,32.881411,105.45,0.224,4
-117.223197,32.881411,105.62,0.23,4
-117.222893,32.881411,105.54,0.144,4
-117.222589,32.881411,105.4,0.118,4
-117.222286,32.881411,105.21,0.141,4
-117.221982,32.881411,104.99,0.179,4
-117.221678,32.881411,104.78,0.238,4
-117.221374,32.881411,104.62,0.253,4
-117.221071,32.881411,104.54,0.218,4
-117.220767,32.881411,104.86,0.231,4
-117.220463,32.881411,105.88,0.261,4
-117.22016,32.881411,106.88,0.24,4
-117.219856,32.881411,107.15,0.196,4
-117.219552,32.881411,107.06,0.169,4
-117.219249,32.881411,106.73,0.156,4
-117.218945,32.881411,106,0.176,4
-117.218641,32.881411,104.97,0.271,4
-117.218337,32.881411,103.46,0.337,4
-117.218034,32.881411,102.19,0.415,4
-117.21773,32.881411,100.29,0.566,4
-117.217426,32.881411,98.66,0.719,4
-117.217123,32.881411,97.26,0.728,4
-117.216819,32.881411,96.23,0.617,4
-117.216515,32.881411,95.4,0.518,4
-117.216212,32.881411,94.61,0.532,4
-117.215908,32.881411,92.51,0.58,4
-117.215604,32.881411,90.69,0.562,4
-117.2153,32.881411,91.33,0.532,4
-117.214997,32.881411,92.56,0.537,4
-117.214693,32.881411,94.15,0.508,4
-117.214389,32.881411,95.62,0.416,4
-117.214086,32.881411,97,0.37,4
-117.213782,32.881411,98.86,0.372,4
-117.213478,32.881411,100.04,0.36,4
-117.213175,32.881411,101.25,0.365,4
-117.212871,32.881411,103.09,0.452,4
-117.212567,32.881411,104.89,0.269,4
-117.212263,32.881411,106.28,0.399,4
-117.21196,32.881411,106.65,0.368,4
-117.211656,32.881411,106.24,0.254,4
-117.211352,32.881411,105.71,0.232,4
-117.257818,32.881108,71.52,0.254,1
-117.257515,32.881108,71.52,0.185,1
-117.257211,32.881108,71.56,0.188,1
-117.256907,32.881108,71.69,0.361,1
-117.256604,32.881108,71.86,0.424,1
-117.2563,32.881108,71.99,0.635,1
-117.255996,32.881108,72.05,0.692,1
-117.255692,32.881108,72.05,0.499,1
-117.255389,32.881108,72.04,0.572,1
-117.255085,32.881108,72.06,NA,1
-117.254781,32.881108,72.14,NA,1
-117.254478,32.881108,72.27,0.864,1
-117.254174,32.881108,72.49,0.637,1
-117.25387,32.881108,72.96,0.35,1
-117.253567,32.881108,72.58,0.229,1
-117.253263,32.881108,72.97,NA,1
-117.250833,32.881108,87.14,0.482,1
-117.25053,32.881108,88,0.519,1
-117.250226,32.881108,89.77,0.458,1
-117.249922,32.881108,91.59,0.351,1
-117.249619,32.881108,92.92,0.384,1
-117.249315,32.881108,93.49,0.413,1
-117.249011,32.881108,93.27,0.355,1
-117.248707,32.881108,92.34,0.244,1
-117.248404,32.881108,92.94,0.425,1
-117.2481,32.881108,94.19,0.525,1
-117.247796,32.881108,96.31,0.27,1
-117.247493,32.881108,97.17,0.328,1
-117.247189,32.881108,97.31,0.346,1
-117.246885,32.881108,97.23,0.314,1
-117.246582,32.881108,96.98,0.386,1
-117.246278,32.881108,96.63,0.243,1
-117.245974,32.881108,97.71,0.233,1
-117.24567,32.881108,97.95,0.312,1
-117.245367,32.881108,97.67,0.296,1
-117.245063,32.881108,96.91,0.296,1
-117.244759,32.881108,96.32,0.317,1
-117.244456,32.881108,95.7,0.288,1
-117.244152,32.881108,94.83,0.24,2
-117.243848,32.881108,94.59,0.217,2
-117.243545,32.881108,94.59,0.231,2
-117.243241,32.881108,94.61,0.259,2
-117.242937,32.881108,94.58,0.32,2
-117.242633,32.881108,94.92,0.312,2
-117.24233,32.881108,95.24,0.273,2
-117.242026,32.881108,95.27,0.226,3
-117.241722,32.881108,95.71,0.273,3
-117.241419,32.881108,95.93,0.24,3
-117.241115,32.881108,95.97,0.173,3
-117.240811,32.881108,95.75,0.213,3
-117.240508,32.881108,96.17,0.296,3
-117.240204,32.881108,96.74,0.371,3
-117.2399,32.881108,96.54,0.379,4
-117.239596,32.881108,95.9,0.349,4
-117.239293,32.881108,94.78,0.479,4
-117.238989,32.881108,93.26,0.552,4
-117.238685,32.881108,92.23,0.488,4
-117.238382,32.881108,92.15,0.489,4
-117.238078,32.881108,92.77,0.411,4
-117.237774,32.881108,93.62,0.157,4
-117.237471,32.881108,93.44,0.094,4
-117.237167,32.881108,92.82,0.275,4
-117.236863,32.881108,92.14,0.488,4
-117.236559,32.881108,91.58,0.496,4
-117.236256,32.881108,91.87,0.525,4
-117.235952,32.881108,93.64,0.441,4
-117.235648,32.881108,96.13,0.397,4
-117.235345,32.881108,97.88,0.352,4
-117.235041,32.881108,98.95,0.442,4
-117.234737,32.881108,99.48,0.382,4
-117.234434,32.881108,99.59,0.321,4
-117.23413,32.881108,99.42,0.359,4
-117.233826,32.881108,99.15,0.315,4
-117.233522,32.881108,99.04,0.203,4
-117.233219,32.881108,99.01,0.134,4
-117.232915,32.881108,99.33,0.236,4
-117.232611,32.881108,99.53,0.367,3
-117.232308,32.881108,98.84,0.32,3
-117.232004,32.881108,98.05,0.317,3
-117.2317,32.881108,97.21,0.286,3
-117.231397,32.881108,96.27,0.275,3
-117.231093,32.881108,95.33,0.65,3
-117.230789,32.881108,93.75,0.644,3
-117.230485,32.881108,95.67,0.357,3
-117.230182,32.881108,99.1,0.181,3
-117.229878,32.881108,102.47,0.193,3
-117.229574,32.881108,103.11,0.233,3
-117.229271,32.881108,102.66,0.224,3
-117.228967,32.881108,102.15,0.275,3
-117.228663,32.881108,101.94,0.2,3
-117.22836,32.881108,102.76,0.126,3
-117.228056,32.881108,103.39,0.25,3
-117.227752,32.881108,103.75,0.263,3
-117.227448,32.881108,104.33,0.17,3
-117.227145,32.881108,104.26,0.162,3
-117.226841,32.881108,103.33,0.172,3
-117.226537,32.881108,102.78,0.215,3
-117.226234,32.881108,102.22,0.304,3
-117.22593,32.881108,100.94,0.295,3
-117.225626,32.881108,100.5,0.301,3
-117.225323,32.881108,99.18,0.323,4
-117.225019,32.881108,100.19,0.445,4
-117.224715,32.881108,102.58,0.465,4
-117.224411,32.881108,103.72,0.481,4
-117.224108,32.881108,104.48,0.401,4
-117.223804,32.881108,105.16,0.211,4
-117.2235,32.881108,105.64,0.229,4
-117.223197,32.881108,105.94,0.23,4
-117.222893,32.881108,106.06,0.139,4
-117.222589,32.881108,106.12,0.11,4
-117.222286,32.881108,106.11,0.183,4
-117.221982,32.881108,106,0.234,4
-117.221678,32.881108,105.82,0.224,4
-117.221374,32.881108,105.63,0.231,4
-117.221071,32.881108,105.56,0.259,4
-117.220767,32.881108,105.89,0.221,4
-117.220463,32.881108,106.77,0.13,4
-117.22016,32.881108,107.61,0.103,4
-117.219856,32.881108,107.71,0.128,4
-117.219552,32.881108,107.48,0.169,4
-117.219249,32.881108,107.18,0.179,4
-117.218945,32.881108,106.74,0.143,4
-117.218641,32.881108,106.17,0.161,4
-117.218337,32.881108,105.51,0.177,4
-117.218034,32.881108,105.13,0.198,4
-117.21773,32.881108,103.85,0.348,4
-117.217426,32.881108,102.19,0.615,4
-117.217123,32.881108,100.42,0.727,4
-117.216819,32.881108,99.04,0.609,4
-117.216515,32.881108,97.93,0.391,4
-117.216212,32.881108,96.91,0.398,4
-117.215908,32.881108,94.7,0.601,4
-117.215604,32.881108,92.55,0.699,4
-117.2153,32.881108,92.69,0.619,4
-117.214997,32.881108,93.86,0.503,4
-117.214693,32.881108,95.57,0.489,4
-117.214389,32.881108,97.15,0.437,4
-117.214086,32.881108,98.66,0.307,4
-117.213782,32.881108,100.08,0.313,4
-117.213478,32.881108,101.31,0.422,4
-117.213175,32.881108,102.57,0.475,4
-117.212871,32.881108,104.12,0.403,4
-117.212567,32.881108,105.46,0.295,4
-117.212263,32.881108,106.69,0.425,4
-117.21196,32.881108,107.19,0.385,4
-117.211656,32.881108,106.89,0.325,4
-117.211352,32.881108,106.2,0.294,4
-117.257515,32.880804,71.46,0.175,1
-117.257211,32.880804,71.54,0.211,1
-117.256907,32.880804,71.71,0.295,1
-117.256604,32.880804,71.9,0.364,1
-117.2563,32.880804,72.02,0.541,1
-117.255996,32.880804,72.05,0.554,1
-117.255692,32.880804,72.03,0.416,1
-117.255389,32.880804,72.02,0.567,1
-117.255085,32.880804,72.04,0.819,1
-117.254781,32.880804,72.11,NA,1
-117.254478,32.880804,72.22,0.629,1
-117.254174,32.880804,72.31,0.796,1
-117.25387,32.880804,72.22,0.522,1
-117.253567,32.880804,72.5,0.28,1
-117.253263,32.880804,72.67,0.043,1
-117.252959,32.880804,73.56,-0.228,1
-117.252655,32.880804,74.87,-0.259,1
-117.252352,32.880804,76.44,-0.247,1
-117.252048,32.880804,80.96,-0.033,1
-117.251441,32.880804,84.99,0.118,1
-117.251137,32.880804,85.78,0.215,1
-117.250833,32.880804,86.71,0.421,1
-117.25053,32.880804,87.94,0.508,1
-117.250226,32.880804,89.73,0.378,1
-117.249922,32.880804,91.09,0.241,1
-117.249619,32.880804,91.71,0.272,1
-117.249315,32.880804,92.16,0.358,1
-117.249011,32.880804,92.03,0.404,1
-117.248707,32.880804,91.41,0.347,1
-117.248404,32.880804,91.73,0.576,1
-117.2481,32.880804,93.12,0.536,1
-117.247796,32.880804,95.59,0.362,1
-117.247493,32.880804,96.31,0.294,1
-117.247189,32.880804,96.49,0.365,1
-117.246885,32.880804,96.5,0.411,1
-117.246582,32.880804,96.36,0.477,1
-117.246278,32.880804,96.08,0.452,1
-117.245974,32.880804,96.24,0.398,1
-117.24567,32.880804,96.09,0.405,1
-117.245367,32.880804,95.75,0.35,1
-117.245063,32.880804,95.45,0.311,1
-117.244759,32.880804,95.24,0.344,1
-117.244456,32.880804,94.55,0.346,1
-117.244152,32.880804,93.95,0.287,2
-117.243848,32.880804,94.14,0.245,2
-117.243545,32.880804,93.91,0.22,2
-117.243241,32.880804,93.9,0.145,2
-117.242937,32.880804,94.24,0.17,2
-117.242633,32.880804,94.65,0.204,2
-117.24233,32.880804,95.01,0.158,2
-117.242026,32.880804,95.14,0.109,3
-117.241722,32.880804,95.42,0.102,3
-117.241419,32.880804,95.53,0.179,3
-117.241115,32.880804,95.52,0.147,3
-117.240811,32.880804,95.7,0.302,3
-117.240508,32.880804,96.64,0.385,3
-117.240204,32.880804,97.72,0.321,3
-117.2399,32.880804,98.01,0.288,4
-117.239596,32.880804,97.39,0.297,4
-117.239293,32.880804,96.15,0.435,4
-117.238989,32.880804,93.81,0.513,4
-117.238685,32.880804,92,0.496,4
-117.238382,32.880804,91.9,0.528,4
-117.238078,32.880804,92.61,0.48,4
-117.237774,32.880804,94,0.32,4
-117.237471,32.880804,93.88,0.251,4
-117.237167,32.880804,93.57,0.41,4
-117.236863,32.880804,93.28,0.574,4
-117.236559,32.880804,92.87,0.674,4
-117.236256,32.880804,93.61,0.64,4
-117.235952,32.880804,95.19,0.394,4
-117.235648,32.880804,97.55,0.408,4
-117.235345,32.880804,99.04,0.345,4
-117.235041,32.880804,100.09,0.339,4
-117.234737,32.880804,100.68,0.295,4
-117.234434,32.880804,100.69,0.217,4
-117.23413,32.880804,100.1,0.232,4
-117.233826,32.880804,99.67,0.216,4
-117.233522,32.880804,99.34,0.205,4
-117.233219,32.880804,99.05,0.191,4
-117.232915,32.880804,99.01,0.168,4
-117.232611,32.880804,98.99,0.169,3
-117.232308,32.880804,98.78,0.121,3
-117.232004,32.880804,98.42,0.081,3
-117.2317,32.880804,97.61,0.182,3
-117.231397,32.880804,96.45,0.327,3
-117.231093,32.880804,95.03,0.617,3
-117.230789,32.880804,94.76,0.521,3
-117.230485,32.880804,96.41,0.321,3
-117.230182,32.880804,98.65,0.254,3
-117.229878,32.880804,100.79,0.312,3
-117.229574,32.880804,101.26,0.352,3
-117.229271,32.880804,100.94,0.294,3
-117.228967,32.880804,100.45,0.317,3
-117.228663,32.880804,100.4,0.224,3
-117.22836,32.880804,101.13,0.156,3
-117.228056,32.880804,101.76,0.266,3
-117.227752,32.880804,102.15,0.276,3
-117.227448,32.880804,102.37,0.19,3
-117.227145,32.880804,101.69,0.195,3
-117.226841,32.880804,100.33,0.256,3
-117.226537,32.880804,99.64,0.308,3
-117.226234,32.880804,99.73,0.344,3
-117.22593,32.880804,100.1,0.459,3
-117.225626,32.880804,100.37,0.523,3
-117.225323,32.880804,100.8,0.451,3
-117.225019,32.880804,100.2,0.382,4
-117.224715,32.880804,102.25,0.449,4
-117.224411,32.880804,103.45,0.522,4
-117.224108,32.880804,104.42,0.502,4
-117.223804,32.880804,105.06,0.295,4
-117.2235,32.880804,105.6,0.283,4
-117.223197,32.880804,106.02,0.218,4
-117.222893,32.880804,106.59,0.14,4
-117.222589,32.880804,106.94,0.18,4
-117.222286,32.880804,107.08,0.294,4
-117.221982,32.880804,107.07,0.266,4
-117.221678,32.880804,106.94,0.171,4
-117.221374,32.880804,106.81,0.211,4
-117.221071,32.880804,106.88,0.286,4
-117.220767,32.880804,107.3,0.237,4
-117.220463,32.880804,107.91,0.172,4
-117.22016,32.880804,108.49,0.191,4
-117.219856,32.880804,108.67,0.167,4
-117.219552,32.880804,108.56,0.174,4
-117.219249,32.880804,108.32,0.138,4
-117.218945,32.880804,108.07,0.185,4
-117.218641,32.880804,108.07,0.256,4
-117.218337,32.880804,108.06,0.148,4
-117.218034,32.880804,107.63,0.115,4
-117.21773,32.880804,106.77,0.196,4
-117.217426,32.880804,105.3,0.374,4
-117.217123,32.880804,103.64,0.459,4
-117.216819,32.880804,102.12,0.373,4
-117.216515,32.880804,100.75,0.235,4
-117.216212,32.880804,99.46,0.326,4
-117.215908,32.880804,97.96,0.573,4
-117.215604,32.880804,96.67,0.705,4
-117.2153,32.880804,96.24,0.68,4
-117.214997,32.880804,96.6,0.583,4
-117.214693,32.880804,97.78,0.537,4
-117.214389,32.880804,98.77,0.549,4
-117.214086,32.880804,99.6,0.438,4
-117.213782,32.880804,99.55,0.339,4
-117.213478,32.880804,100.8,0.418,4
-117.213175,32.880804,102.15,0.574,4
-117.212871,32.880804,103.72,0.429,4
-117.212567,32.880804,105.03,0.311,4
-117.212263,32.880804,106.05,0.322,4
-117.21196,32.880804,106.54,0.364,4
-117.211656,32.880804,106.41,0.361,4
-117.211352,32.880804,105.91,0.319,4
-117.211049,32.880804,105.1,0.261,4
-117.257515,32.8805,71.4,0.155,1
-117.257211,32.8805,71.52,0.203,1
-117.256907,32.8805,71.73,0.382,1
-117.256604,32.8805,71.93,0.375,1
-117.2563,32.8805,72.03,0.509,1
-117.255996,32.8805,72.05,0.58,1
-117.255692,32.8805,72.03,0.416,1
-117.255389,32.8805,72.03,0.576,1
-117.255085,32.8805,72.06,0.768,1
-117.254781,32.8805,72.12,0.526,1
-117.254478,32.8805,72.2,0.598,1
-117.254174,32.8805,72.26,0.706,1
-117.25387,32.8805,72.35,0.368,1
-117.253567,32.8805,74.64,0.13,1
-117.253263,32.8805,72.69,0.032,1
-117.252959,32.8805,73.27,-0.122,1
-117.252655,32.8805,74.38,-0.225,1
-117.252352,32.8805,75.81,-0.27,1
-117.251744,32.8805,82.79,0.075,1
-117.251441,32.8805,84.17,0.147,1
-117.251137,32.8805,85.55,0.217,1
-117.250833,32.8805,86.63,0.384,1
-117.25053,32.8805,87.89,0.484,1
-117.250226,32.8805,89.51,0.344,1
-117.249922,32.8805,90.61,0.236,1
-117.249619,32.8805,91.01,0.37,1
-117.249315,32.8805,91.44,0.471,1
-117.249011,32.8805,91.36,0.431,1
-117.248707,32.8805,90.85,0.41,1
-117.248404,32.8805,91.53,0.467,1
-117.2481,32.8805,92.85,0.414,1
-117.247796,32.8805,94.94,0.335,1
-117.247493,32.8805,95.43,0.375,1
-117.247189,32.8805,95.61,0.398,1
-117.246885,32.8805,95.65,0.444,1
-117.246582,32.8805,95.59,0.523,1
-117.246278,32.8805,95.44,0.483,1
-117.245974,32.8805,95.64,0.422,1
-117.24567,32.8805,95.54,0.425,1
-117.245367,32.8805,95.2,0.424,1
-117.245063,32.8805,94.81,0.396,1
-117.244759,32.8805,94.48,0.349,1
-117.244456,32.8805,93.74,0.329,1
-117.244152,32.8805,93.16,0.32,2
-117.243848,32.8805,93.39,0.326,2
-117.243545,32.8805,93.16,0.37,2
-117.243241,32.8805,93.16,0.287,2
-117.242937,32.8805,93.55,0.346,2
-117.242633,32.8805,93.99,0.299,2
-117.24233,32.8805,94.41,0.181,2
-117.242026,32.8805,94.76,0.153,3
-117.241722,32.8805,95.11,0.253,3
-117.241419,32.8805,95.35,0.304,3
-117.241115,32.8805,95.48,0.105,3
-117.240811,32.8805,95.81,0.287,3
-117.240508,32.8805,96.82,0.461,3
-117.240204,32.8805,97.81,0.331,3
-117.2399,32.8805,97.88,0.345,4
-117.239596,32.8805,97.18,0.307,4
-117.239293,32.8805,96.16,0.235,4
-117.238989,32.8805,94.08,0.314,4
-117.238685,32.8805,92.2,0.437,4
-117.238382,32.8805,91.74,0.518,4
-117.238078,32.8805,92.16,0.591,4
-117.237774,32.8805,93.58,0.532,4
-117.237471,32.8805,93.62,0.396,4
-117.237167,32.8805,93.69,0.539,4
-117.236863,32.8805,93.86,0.575,4
-117.236559,32.8805,93.89,0.601,4
-117.236256,32.8805,94.97,0.487,4
-117.235952,32.8805,96.68,0.267,4
-117.235648,32.8805,98.89,0.267,4
-117.235345,32.8805,100.27,0.198,4
-117.235041,32.8805,101.33,0.182,4
-117.234737,32.8805,101.83,0.21,4
-117.234434,32.8805,101.63,0.146,4
-117.23413,32.8805,100.8,0.164,4
-117.233826,32.8805,99.95,0.169,4
-117.233522,32.8805,99.09,0.238,4
-117.233219,32.8805,98.47,0.32,4
-117.232915,32.8805,98.23,0.291,4
-117.232611,32.8805,98.18,0.195,3
-117.232308,32.8805,98.34,0.095,3
-117.232004,32.8805,98.28,0.09,3
-117.2317,32.8805,97.93,0.205,3
-117.231397,32.8805,97.3,0.293,3
-117.231093,32.8805,96.55,0.41,3
-117.230789,32.8805,96.36,0.339,3
-117.230485,32.8805,97.2,0.342,3
-117.230182,32.8805,98.03,0.469,3
-117.229878,32.8805,100.05,0.476,3
-117.229574,32.8805,100.48,0.417,3
-117.229271,32.8805,100.45,0.317,3
-117.228967,32.8805,100.22,0.292,3
-117.228663,32.8805,100.04,0.172,3
-117.22836,32.8805,100.17,0.145,3
-117.228056,32.8805,100.53,0.32,3
-117.227752,32.8805,100.76,0.367,3
-117.227448,32.8805,100.33,0.294,3
-117.227145,32.8805,99.05,0.35,3
-117.226841,32.8805,97.86,0.496,3
-117.226537,32.8805,97.72,0.633,3
-117.226234,32.8805,98.3,0.706,3
-117.22593,32.8805,99.08,0.596,3
-117.225626,32.8805,99.78,0.444,3
-117.225323,32.8805,100.49,0.232,3
-117.225019,32.8805,100.51,0.118,4
-117.224715,32.8805,101.97,0.265,4
-117.224411,32.8805,103.04,0.503,4
-117.224108,32.8805,104,0.421,4
-117.223804,32.8805,104.67,0.268,4
-117.2235,32.8805,105.31,0.253,4
-117.223197,32.8805,105.81,0.223,4
-117.222893,32.8805,106.42,0.158,4
-117.222589,32.8805,106.83,0.149,4
-117.222286,32.8805,107.06,0.174,4
-117.221982,32.8805,107.16,0.138,4
-117.221678,32.8805,107.13,0.096,4
-117.221374,32.8805,107.13,0.119,4
-117.221071,32.8805,107.37,0.151,4
-117.220767,32.8805,107.88,0.153,4
-117.220463,32.8805,108.39,0.155,4
-117.22016,32.8805,108.74,0.219,4
-117.219856,32.8805,108.78,0.248,4
-117.219552,32.8805,108.67,0.201,4
-117.219249,32.8805,108.58,0.166,4
-117.218945,32.8805,108.62,0.152,4
-117.218641,32.8805,109.2,0.259,4
-117.218337,32.8805,109.65,0.185,4
-117.218034,32.8805,109.63,0.143,4
-117.21773,32.8805,109.3,0.181,4
-117.217426,32.8805,108.39,0.18,4
-117.217123,32.8805,107.09,0.194,4
-117.216819,32.8805,105.52,0.191,4
-117.216515,32.8805,103.87,0.172,4
-117.216212,32.8805,102.34,0.262,4
-117.215908,32.8805,100.61,0.395,4
-117.215604,32.8805,99.03,0.486,4
-117.2153,32.8805,98.16,0.597,4
-117.214997,32.8805,97.79,0.673,4
-117.214693,32.8805,98.06,0.657,4
-117.214389,32.8805,98.23,0.601,4
-117.214086,32.8805,98.6,0.542,4
-117.213782,32.8805,98.37,0.519,4
-117.213478,32.8805,99.52,0.587,4
-117.213175,32.8805,100.95,0.681,4
-117.212871,32.8805,102.67,0.462,4
-117.212567,32.8805,104.12,0.293,4
-117.212263,32.8805,105.26,0.271,4
-117.21196,32.8805,105.96,0.341,4
-117.211656,32.8805,106.1,0.274,4
-117.211352,32.8805,105.79,0.243,4
-117.211049,32.8805,105.01,0.318,4
-117.257211,32.880196,71.56,0.221,1
-117.256907,32.880196,71.75,0.354,1
-117.256604,32.880196,71.97,0.361,1
-117.2563,32.880196,72.05,0.353,1
-117.255996,32.880196,72.04,0.411,1
-117.255692,32.880196,72.02,0.375,1
-117.255389,32.880196,72.03,0.459,1
-117.255085,32.880196,72.07,0.632,1
-117.254781,32.880196,72.13,0.465,1
-117.254478,32.880196,72.19,0.686,1
-117.254174,32.880196,72.23,0.407,1
-117.25387,32.880196,72.11,0.238,1
-117.253567,32.880196,72.27,0.089,1
-117.253263,32.880196,72.52,-0.003,1
-117.252959,32.880196,72.97,-0.15,1
-117.252655,32.880196,73.91,-0.252,1
-117.252352,32.880196,75.21,-0.247,1
-117.252048,32.880196,76.74,-0.146,1
-117.251744,32.880196,80.77,0.025,1
-117.251441,32.880196,83.95,0.131,1
-117.251137,32.880196,85.37,0.217,1
-117.250833,32.880196,86.55,0.36,1
-117.25053,32.880196,87.68,0.423,1
-117.250226,32.880196,89.06,0.37,1
-117.249922,32.880196,90.06,0.378,1
-117.249619,32.880196,90.5,0.513,1
-117.249315,32.880196,90.98,0.571,1
-117.249011,32.880196,91.1,0.494,1
-117.248707,32.880196,90.91,0.506,1
-117.248404,32.880196,91.8,0.46,1
-117.2481,32.880196,92.87,0.415,1
-117.247796,32.880196,93.74,0.425,1
-117.247493,32.880196,94.07,0.462,1
-117.247189,32.880196,94.23,0.425,1
-117.246885,32.880196,94.35,0.437,1
-117.246582,32.880196,94.34,0.434,1
-117.246278,32.880196,94.24,0.356,1
-117.245974,32.880196,94.88,0.357,1
-117.24567,32.880196,95.03,0.397,1
-117.245367,32.880196,94.7,0.448,1
-117.245063,32.880196,94.05,0.526,1
-117.244759,32.880196,93.43,0.555,1
-117.244456,32.880196,92.7,0.516,1
-117.244152,32.880196,92.21,0.448,2
-117.243848,32.880196,92.47,0.413,2
-117.243545,32.880196,92.53,0.412,2
-117.243241,32.880196,92.73,0.301,2
-117.242937,32.880196,93.23,0.445,2
-117.242633,32.880196,93.77,0.299,2
-117.24233,32.880196,94.18,0.212,2
-117.242026,32.880196,94.52,0.129,3
-117.241722,32.880196,94.84,0.347,3
-117.241419,32.880196,95.15,0.336,3
-117.241115,32.880196,95.46,0.13,3
-117.240811,32.880196,96.07,0.179,3
-117.240508,32.880196,96.92,0.317,3
-117.240204,32.880196,97.71,0.371,3
-117.2399,32.880196,97.64,0.468,4
-117.239596,32.880196,96.81,0.501,4
-117.239293,32.880196,95.75,0.434,4
-117.238989,32.880196,93.61,0.426,4
-117.238685,32.880196,91.78,0.471,4
-117.238382,32.880196,91.46,0.521,4
-117.238078,32.880196,91.9,0.611,4
-117.237774,32.880196,93.4,0.559,4
-117.237471,32.880196,93.59,0.341,4
-117.237167,32.880196,93.93,0.32,4
-117.236863,32.880196,94.46,0.274,4
-117.236559,32.880196,95.22,0.248,4
-117.236256,32.880196,96.66,0.186,4
-117.235952,32.880196,98.19,0.133,4
-117.235648,32.880196,100.07,0.131,4
-117.235345,32.880196,101.33,0.125,4
-117.235041,32.880196,102.26,0.173,4
-117.234737,32.880196,102.69,0.214,4
-117.234434,32.880196,102.34,0.208,4
-117.23413,32.880196,101.29,0.236,4
-117.233826,32.880196,100.17,0.237,4
-117.233522,32.880196,99.04,0.267,4
-117.233219,32.880196,98.16,0.305,4
-117.232915,32.880196,97.6,0.28,4
-117.232611,32.880196,97.25,0.249,3
-117.232308,32.880196,97.4,0.259,3
-117.232004,32.880196,97.84,0.276,3
-117.2317,32.880196,98.18,0.293,3
-117.231397,32.880196,98.07,0.354,3
-117.231093,32.880196,97.91,0.441,3
-117.230789,32.880196,97.79,0.442,3
-117.230485,32.880196,98.13,0.44,3
-117.230182,32.880196,98.3,0.498,3
-117.229878,32.880196,100.2,0.492,3
-117.229574,32.880196,100.67,0.427,3
-117.229271,32.880196,100.79,0.402,3
-117.228967,32.880196,100.39,0.319,3
-117.228663,32.880196,99.66,0.154,3
-117.22836,32.880196,99.01,0.145,3
-117.228056,32.880196,98.67,0.312,3
-117.227752,32.880196,98.37,0.401,3
-117.227448,32.880196,97.42,0.394,3
-117.227145,32.880196,95.92,0.439,3
-117.226841,32.880196,95.17,0.534,3
-117.226537,32.880196,95.91,0.614,3
-117.226234,32.880196,97.33,0.596,3
-117.22593,32.880196,98.89,0.371,3
-117.225626,32.880196,99.8,0.158,3
-117.225323,32.880196,101,0.061,3
-117.225019,32.880196,101.97,0.06,3
-117.224715,32.880196,102.17,0.144,4
-117.224411,32.880196,102.93,0.355,4
-117.224108,32.880196,103.71,0.24,4
-117.223804,32.880196,104.3,0.197,4
-117.2235,32.880196,104.91,0.193,4
-117.223197,32.880196,105.4,0.173,4
-117.222893,32.880196,105.99,0.13,4
-117.222589,32.880196,106.42,0.11,4
-117.222286,32.880196,106.7,0.107,4
-117.221982,32.880196,106.89,0.102,4
-117.221678,32.880196,107.03,0.107,4
-117.221374,32.880196,107.24,0.142,4
-117.221071,32.880196,107.71,0.167,4
-117.220767,32.880196,108.47,0.137,4
-117.220463,32.880196,109.09,0.119,4
-117.22016,32.880196,109.35,0.178,4
-117.219856,32.880196,109.19,0.237,4
-117.219552,32.880196,108.97,0.201,4
-117.219249,32.880196,108.95,0.167,4
-117.218945,32.880196,109.23,0.198,4
-117.218641,32.880196,110.31,0.287,4
-117.218337,32.880196,111.09,0.201,4
-117.218034,32.880196,111.54,0.218,4
-117.21773,32.880196,111.83,0.327,4
-117.217426,32.880196,111.53,0.272,4
-117.217123,32.880196,110.59,0.223,4
-117.216819,32.880196,108.91,0.195,4
-117.216515,32.880196,106.91,0.162,4
-117.216212,32.880196,105.07,0.161,4
-117.215908,32.880196,103.13,0.188,4
-117.215604,32.880196,101.35,0.244,4
-117.2153,32.880196,100.2,0.365,4
-117.214997,32.880196,99.4,0.522,4
-117.214693,32.880196,99.08,0.646,4
-117.214389,32.880196,98.55,0.676,4
-117.214086,32.880196,98.25,0.619,4
-117.213782,32.880196,97.52,0.547,4
-117.213478,32.880196,98.43,0.581,4
-117.213175,32.880196,99.7,0.644,4
-117.212871,32.880196,101.45,0.519,4
-117.212567,32.880196,102.98,0.316,4
-117.212263,32.880196,104.39,0.307,4
-117.21196,32.880196,105.48,0.34,4
-117.211656,32.880196,105.93,0.291,4
-117.211352,32.880196,105.79,0.262,4
-117.211049,32.880196,105.1,0.38,4
-117.210745,32.880196,104.15,0.312,4
-117.210441,32.880196,103.68,0.191,4
-117.257211,32.879893,71.56,0.224,1
-117.256907,32.879893,71.82,0.317,1
-117.256604,32.879893,72,0.322,1
-117.2563,32.879893,72.04,0.34,1
-117.255996,32.879893,72.01,0.378,1
-117.255692,32.879893,71.98,0.358,1
-117.255389,32.879893,72,0.351,1
-117.255085,32.879893,72.05,0.374,1
-117.254781,32.879893,72.11,0.428,1
-117.254478,32.879893,72.17,0.546,1
-117.254174,32.879893,72.34,0.302,1
-117.25387,32.879893,73.12,0.138,1
-117.253567,32.879893,73.26,0.027,1
-117.253263,32.879893,73.44,-0.033,1
-117.252959,32.879893,72.84,-0.152,1
-117.252655,32.879893,73.55,-0.227,1
-117.252352,32.879893,74.71,-0.269,1
-117.252048,32.879893,76.16,-0.201,1
-117.251441,32.879893,83.88,0.119,1
-117.251137,32.879893,85.18,0.188,1
-117.250833,32.879893,86.19,0.344,1
-117.25053,32.879893,87.21,0.44,1
-117.250226,32.879893,88.54,0.458,1
-117.249922,32.879893,89.63,0.507,1
-117.249619,32.879893,90.4,0.545,1
-117.249315,32.879893,90.99,0.558,1
-117.249011,32.879893,91.54,0.536,1
-117.248707,32.879893,92.26,0.434,1
-117.248404,32.879893,92.88,0.495,1
-117.2481,32.879893,93.32,0.604,1
-117.247796,32.879893,91.51,0.633,1
-117.247493,32.879893,91.8,0.613,1
-117.247189,32.879893,91.97,0.555,1
-117.246885,32.879893,92.28,0.418,1
-117.246582,32.879893,92.3,0.378,1
-117.246278,32.879893,92.09,0.43,1
-117.245974,32.879893,93.67,0.38,1
-117.24567,32.879893,94.33,0.369,1
-117.245367,32.879893,94.12,0.416,1
-117.245063,32.879893,93.38,0.52,1
-117.244759,32.879893,92.62,0.602,1
-117.244456,32.879893,91.98,0.602,1
-117.244152,32.879893,91.46,0.522,2
-117.243848,32.879893,91.56,0.408,2
-117.243545,32.879893,91.93,0.317,2
-117.243241,32.879893,92.36,0.186,2
-117.242937,32.879893,93.14,0.191,2
-117.242633,32.879893,93.78,0.173,2
-117.24233,32.879893,94.11,0.183,2
-117.242026,32.879893,94.38,0.056,3
-117.241722,32.879893,94.58,0.085,3
-117.241419,32.879893,94.84,0.087,3
-117.241115,32.879893,95.16,0.119,3
-117.240811,32.879893,95.88,0.204,3
-117.240508,32.879893,96.69,0.273,3
-117.240204,32.879893,97.23,0.264,3
-117.2399,32.879893,96.46,0.354,4
-117.239596,32.879893,95.16,0.458,4
-117.239293,32.879893,93.69,0.526,4
-117.238989,32.879893,92.42,0.556,4
-117.238685,32.879893,92.03,0.527,4
-117.238382,32.879893,92.23,0.493,4
-117.238078,32.879893,92.75,0.546,4
-117.237774,32.879893,93.86,0.582,4
-117.237471,32.879893,94.31,0.375,4
-117.237167,32.879893,94.81,0.177,4
-117.236863,32.879893,95.51,0.118,4
-117.236559,32.879893,96.55,0.09,4
-117.236256,32.879893,98.08,0.093,4
-117.235952,32.879893,99.29,0.098,4
-117.235648,32.879893,100.84,0.096,4
-117.235345,32.879893,102.07,0.098,4
-117.235041,32.879893,102.99,0.108,4
-117.234737,32.879893,103.33,0.203,4
-117.234434,32.879893,102.86,0.204,4
-117.23413,32.879893,101.7,0.204,4
-117.233826,32.879893,100.18,0.186,4
-117.233522,32.879893,98.76,0.174,4
-117.233219,32.879893,97.73,0.209,4
-117.232915,32.879893,97.56,0.201,4
-117.232611,32.879893,97.94,0.164,3
-117.232308,32.879893,98.09,0.223,3
-117.232004,32.879893,98.83,0.28,3
-117.2317,32.879893,99.73,0.311,3
-117.231397,32.879893,99.88,0.511,3
-117.231093,32.879893,100.06,0.554,3
-117.230789,32.879893,100.23,0.485,3
-117.230485,32.879893,100.44,0.442,3
-117.230182,32.879893,100.77,0.411,3
-117.229878,32.879893,101.72,0.446,3
-117.229574,32.879893,101.9,0.383,3
-117.229271,32.879893,101.75,0.39,3
-117.228967,32.879893,100.93,0.285,3
-117.228663,32.879893,99.49,0.139,3
-117.22836,32.879893,97.97,0.162,3
-117.228056,32.879893,96.92,0.341,3
-117.227752,32.879893,96.09,0.465,3
-117.227448,32.879893,95.14,0.531,3
-117.227145,32.879893,94.13,0.59,3
-117.226841,32.879893,93.66,0.563,3
-117.226537,32.879893,94.58,0.443,3
-117.226234,32.879893,96.8,0.287,3
-117.22593,32.879893,99.17,0.138,3
-117.225626,32.879893,100.4,0.059,3
-117.225323,32.879893,101.83,0.128,3
-117.225019,32.879893,102.82,0.248,3
-117.224715,32.879893,102.35,0.264,4
-117.224411,32.879893,102.9,0.243,4
-117.224108,32.879893,103.29,0.189,4
-117.223804,32.879893,103.91,0.147,4
-117.2235,32.879893,104.37,0.185,4
-117.223197,32.879893,104.76,0.146,4
-117.222893,32.879893,105.15,0.142,4
-117.222589,32.879893,105.49,0.153,4
-117.222286,32.879893,105.8,0.139,4
-117.221982,32.879893,106.02,0.128,4
-117.221678,32.879893,106.3,0.131,4
-117.221374,32.879893,106.82,0.151,4
-117.221071,32.879893,107.65,0.179,4
-117.220767,32.879893,108.78,0.168,4
-117.220463,32.879893,109.63,0.14,4
-117.22016,32.879893,109.86,0.166,4
-117.219856,32.879893,109.4,0.179,4
-117.219552,32.879893,109,0.148,4
-117.219249,32.879893,109.01,0.134,4
-117.218945,32.879893,109.55,0.174,4
-117.218641,32.879893,110.85,0.303,4
-117.218337,32.879893,111.82,0.211,4
-117.218034,32.879893,112.87,0.363,4
-117.21773,32.879893,113.66,0.451,4
-117.217426,32.879893,113.73,0.447,4
-117.217123,32.879893,113.04,0.423,4
-117.216819,32.879893,111.24,0.34,4
-117.216515,32.879893,108.93,0.235,4
-117.216212,32.879893,106.97,0.17,4
-117.215908,32.879893,105.34,0.15,4
-117.215604,32.879893,103.87,0.165,4
-117.2153,32.879893,102.7,0.198,4
-117.214997,32.879893,101.79,0.257,4
-117.214693,32.879893,101.11,0.375,4
-117.214389,32.879893,100.38,0.469,4
-117.214086,32.879893,99.7,0.496,4
-117.213782,32.879893,98.63,0.377,4
-117.213478,32.879893,98.93,0.362,4
-117.213175,32.879893,99.67,0.516,4
-117.212871,32.879893,100.89,0.528,4
-117.212567,32.879893,102.2,0.402,4
-117.212263,32.879893,103.71,0.361,4
-117.21196,32.879893,105.08,0.339,4
-117.211656,32.879893,105.85,0.312,4
-117.211352,32.879893,105.95,0.247,4
-117.211049,32.879893,105.44,0.285,4
-117.210745,32.879893,104.63,0.259,4
-117.210441,32.879893,104.07,0.216,4
-117.210138,32.879893,103.83,0.245,4
-117.256907,32.879589,71.98,0.318,1
-117.256604,32.879589,72.01,0.289,1
-117.2563,32.879589,72.01,0.342,1
-117.255996,32.879589,71.96,0.38,1
-117.255692,32.879589,71.93,0.338,1
-117.255389,32.879589,71.94,0.343,1
-117.255085,32.879589,72,0.322,1
-117.254781,32.879589,72.05,0.298,1
-117.254478,32.879589,72.12,0.314,1
-117.254174,32.879589,72.55,0.195,1
-117.25387,32.879589,74.92,0.086,1
-117.253567,32.879589,73.78,-0.004,1
-117.253263,32.879589,73.91,-0.055,1
-117.252959,32.879589,72.74,-0.117,1
-117.252655,32.879589,73.27,-0.212,1
-117.252352,32.879589,74.32,-0.243,1
-117.252048,32.879589,75.75,-0.253,1
-117.251744,32.879589,79.52,-0.086,1
-117.251441,32.879589,83.55,0.115,1
-117.251137,32.879589,84.83,0.156,1
-117.250833,32.879589,85.72,0.331,1
-117.25053,32.879589,86.65,0.528,1
-117.250226,32.879589,87.93,0.584,1
-117.249922,32.879589,89.09,0.515,1
-117.249619,32.879589,90.05,0.41,1
-117.249315,32.879589,90.87,0.432,1
-117.249011,32.879589,91.54,0.498,1
-117.248707,32.879589,92.25,0.246,1
-117.248404,32.879589,92.64,0.337,1
-117.2481,32.879589,92.74,0.636,1
-117.247796,32.879589,90.3,0.745,1
-117.247493,32.879589,90.46,0.671,1
-117.247189,32.879589,90.52,0.62,1
-117.246885,32.879589,90.75,0.502,1
-117.246582,32.879589,90.82,0.415,1
-117.246278,32.879589,90.62,0.426,1
-117.245974,32.879589,92.14,0.393,1
-117.24567,32.879589,92.9,0.377,1
-117.245367,32.879589,93.11,0.406,1
-117.245063,32.879589,93.01,0.483,1
-117.244759,32.879589,92.72,0.498,1
-117.244456,32.879589,92.14,0.493,1
-117.244152,32.879589,91.53,0.478,2
-117.243848,32.879589,91.73,0.361,2
-117.243545,32.879589,92.23,0.271,2
-117.243241,32.879589,92.77,0.176,2
-117.242937,32.879589,93.53,0.146,2
-117.242633,32.879589,93.83,0.228,2
-117.24233,32.879589,94.12,0.32,2
-117.242026,32.879589,94.32,0.23,3
-117.241722,32.879589,94.4,0.275,3
-117.241419,32.879589,94.52,0.374,3
-117.241115,32.879589,94.8,0.284,3
-117.240811,32.879589,95.57,0.362,3
-117.240508,32.879589,96.29,0.346,4
-117.240204,32.879589,96.51,0.248,4
-117.2399,32.879589,95.01,0.268,4
-117.239596,32.879589,93.31,0.266,4
-117.239293,32.879589,91.45,0.422,4
-117.238989,32.879589,91.36,0.605,4
-117.238685,32.879589,92.8,0.577,4
-117.238382,32.879589,93.37,0.439,4
-117.238078,32.879589,93.9,0.393,4
-117.237774,32.879589,94.62,0.529,4
-117.237471,32.879589,95.39,0.436,4
-117.237167,32.879589,96.02,0.197,4
-117.236863,32.879589,96.71,0.094,4
-117.236559,32.879589,97.63,0.054,4
-117.236256,32.879589,98.85,0.06,4
-117.235952,32.879589,99.69,0.094,4
-117.235648,32.879589,101.02,0.13,4
-117.235345,32.879589,102.27,0.104,4
-117.235041,32.879589,103.29,0.099,4
-117.234737,32.879589,103.57,0.206,4
-117.234434,32.879589,103.02,0.18,4
-117.23413,32.879589,101.88,0.124,4
-117.233826,32.879589,100.15,0.1,4
-117.233522,32.879589,98.59,0.137,4
-117.233219,32.879589,97.48,0.245,4
-117.232915,32.879589,97.46,0.295,4
-117.232611,32.879589,98.52,0.199,4
-117.232308,32.879589,99.31,0.125,3
-117.232004,32.879589,100.27,0.222,3
-117.2317,32.879589,101.34,0.371,3
-117.231397,32.879589,101.92,0.54,3
-117.231093,32.879589,102.38,0.491,3
-117.230789,32.879589,102.68,0.414,3
-117.230485,32.879589,102.99,0.376,3
-117.230182,32.879589,103.41,0.369,3
-117.229878,32.879589,103.27,0.372,3
-117.229574,32.879589,103.1,0.273,3
-117.229271,32.879589,102.74,0.286,3
-117.228967,32.879589,101.44,0.222,3
-117.228663,32.879589,99.27,0.136,3
-117.22836,32.879589,96.84,0.213,3
-117.228056,32.879589,95.18,0.447,3
-117.227752,32.879589,94.19,0.646,3
-117.227448,32.879589,93.5,0.656,3
-117.227145,32.879589,93.45,0.488,3
-117.226841,32.879589,93.78,0.331,2
-117.226537,32.879589,94.54,0.258,3
-117.226234,32.879589,97.19,0.097,3
-117.22593,32.879589,100.06,0.075,3
-117.225626,32.879589,101.67,0.194,3
-117.225323,32.879589,102.97,0.371,3
-117.225019,32.879589,103.83,0.339,3
-117.224715,32.879589,102.62,0.238,4
-117.224411,32.879589,102.91,0.211,4
-117.224108,32.879589,102.86,0.133,4
-117.223804,32.879589,103.35,0.114,4
-117.2235,32.879589,103.67,0.248,4
-117.223197,32.879589,103.96,0.145,4
-117.222893,32.879589,104.13,0.112,4
-117.222589,32.879589,104.37,0.166,4
-117.222286,32.879589,104.67,0.155,4
-117.221982,32.879589,104.89,0.115,4
-117.221678,32.879589,105.26,0.122,4
-117.221374,32.879589,106.05,0.142,4
-117.221071,32.879589,107.3,0.168,4
-117.220767,32.879589,108.81,0.225,4
-117.220463,32.879589,109.86,0.237,4
-117.22016,32.879589,110.07,0.231,4
-117.219856,32.879589,109.44,0.184,4
-117.219552,32.879589,108.98,0.178,4
-117.219249,32.879589,109.11,0.158,4
-117.218945,32.879589,109.85,0.176,4
-117.218641,32.879589,111.09,0.267,4
-117.218337,32.879589,112.15,0.228,4
-117.218034,32.879589,113.55,0.437,4
-117.21773,32.879589,114.4,0.447,4
-117.217426,32.879589,114.67,0.453,4
-117.217123,32.879589,114.16,0.44,4
-117.216819,32.879589,112.28,0.446,4
-117.216515,32.879589,109.89,0.447,4
-117.216212,32.879589,108.04,0.345,4
-117.215908,32.879589,106.83,0.206,4
-117.215604,32.879589,105.88,0.148,4
-117.2153,32.879589,104.98,0.146,4
-117.214997,32.879589,104.18,0.151,4
-117.214693,32.879589,103.49,0.17,4
-117.214389,32.879589,102.92,0.229,4
-117.214086,32.879589,102.33,0.301,4
-117.213782,32.879589,101.1,0.231,4
-117.213478,32.879589,100.79,0.158,4
-117.213175,32.879589,100.74,0.361,4
-117.212871,32.879589,101.22,0.518,4
-117.212567,32.879589,102.16,0.464,4
-117.212263,32.879589,103.62,0.282,4
-117.21196,32.879589,105.02,0.286,4
-117.211656,32.879589,105.79,0.32,4
-117.211352,32.879589,105.9,0.257,4
-117.211049,32.879589,105.55,0.207,4
-117.210745,32.879589,104.97,0.179,4
-117.210441,32.879589,104.36,0.184,4
-117.210138,32.879589,104.04,0.207,4
-117.256604,32.879285,72.01,0.225,1
-117.2563,32.879285,71.97,0.334,1
-117.255996,32.879285,71.91,0.423,1
-117.255692,32.879285,71.88,0.322,1
-117.255389,32.879285,71.9,0.335,1
-117.255085,32.879285,71.95,0.345,1
-117.254781,32.879285,72.01,0.236,1
-117.254478,32.879285,72.07,0.204,1
-117.254174,32.879285,72.5,0.119,1
-117.25387,32.879285,74.89,0.055,1
-117.253567,32.879285,73.76,-0.005,1
-117.253263,32.879285,73.89,-0.048,1
-117.252959,32.879285,74.65,-0.078,1
-117.252655,32.879285,73.46,-0.152,1
-117.252352,32.879285,74.16,-0.193,1
-117.252048,32.879285,75.66,-0.238,1
-117.251744,32.879285,77.27,-0.176,1
-117.251441,32.879285,82.58,0.053,1
-117.251137,32.879285,84.73,0.154,1
-117.250833,32.879285,85.52,0.324,1
-117.25053,32.879285,86.36,0.492,1
-117.250226,32.879285,87.58,0.478,1
-117.249922,32.879285,88.75,0.353,1
-117.249619,32.879285,89.84,0.319,1
-117.249315,32.879285,90.91,0.393,1
-117.249011,32.879285,91.84,0.386,1
-117.248707,32.879285,92.58,0.255,1
-117.248404,32.879285,92.69,0.278,1
-117.2481,32.879285,92.47,0.519,1
-117.247796,32.879285,89.79,0.658,1
-117.247493,32.879285,89.68,0.535,1
-117.247189,32.879285,89.35,0.568,1
-117.246885,32.879285,89.27,0.553,1
-117.246582,32.879285,89.35,0.453,1
-117.246278,32.879285,89.17,0.482,1
-117.245974,32.879285,90.7,0.546,1
-117.24567,32.879285,91.6,0.474,1
-117.245367,32.879285,92.35,0.358,1
-117.245063,32.879285,93.04,0.343,1
-117.244759,32.879285,93.33,0.354,1
-117.244456,32.879285,92.85,0.376,1
-117.244152,32.879285,92.05,0.399,2
-117.243848,32.879285,92.1,0.346,2
-117.243545,32.879285,92.52,0.305,2
-117.243241,32.879285,93.02,0.24,2
-117.242937,32.879285,93.79,0.29,2
-117.242633,32.879285,94.1,0.276,2
-117.24233,32.879285,94.36,0.314,2
-117.242026,32.879285,94.5,0.255,3
-117.241722,32.879285,94.54,0.462,3
-117.241419,32.879285,94.6,0.526,3
-117.241115,32.879285,94.86,0.301,3
-117.240811,32.879285,95.55,0.428,3
-117.240508,32.879285,96.11,0.397,3
-117.240204,32.879285,96.08,0.279,4
-117.2399,32.879285,94.32,0.294,4
-117.239596,32.879285,92.35,0.293,4
-117.239293,32.879285,90.61,0.46,4
-117.238989,32.879285,90.91,0.641,4
-117.238685,32.879285,92.63,0.605,4
-117.238382,32.879285,93.43,0.471,4
-117.238078,32.879285,94.22,0.378,4
-117.237774,32.879285,95.29,0.416,4
-117.237471,32.879285,96.34,0.307,4
-117.237167,32.879285,97.11,0.151,4
-117.236863,32.879285,97.77,0.118,4
-117.236559,32.879285,98.46,0.127,4
-117.236256,32.879285,99.29,0.103,4
-117.235952,32.879285,99.72,0.1,4
-117.235648,32.879285,100.79,0.321,4
-117.235345,32.879285,101.94,0.455,4
-117.235041,32.879285,102.98,0.361,4
-117.234737,32.879285,103.44,0.205,4
-117.234434,32.879285,103.02,0.164,4
-117.23413,32.879285,102.05,0.106,4
-117.233826,32.879285,100.57,0.086,4
-117.233522,32.879285,99.13,0.147,4
-117.233219,32.879285,97.85,0.253,4
-117.232915,32.879285,97.41,0.324,4
-117.232611,32.879285,98.07,0.241,4
-117.232308,32.879285,99.02,0.102,4
-117.232004,32.879285,100.67,0.167,3
-117.2317,32.879285,101.81,0.29,3
-117.231397,32.879285,102.65,0.407,3
-117.231093,32.879285,103.43,0.363,3
-117.230789,32.879285,103.92,0.277,3
-117.230485,32.879285,104.38,0.279,3
-117.230182,32.879285,104.47,0.4,3
-117.229878,32.879285,103.99,0.413,3
-117.229574,32.879285,103.57,0.345,3
-117.229271,32.879285,103.07,0.298,3
-117.228967,32.879285,101.36,0.207,3
-117.228663,32.879285,98.58,0.141,3
-117.22836,32.879285,95.6,0.24,3
-117.228056,32.879285,93.77,0.508,3
-117.227752,32.879285,92.95,0.586,3
-117.227448,32.879285,92.81,0.416,3
-117.227145,32.879285,93.57,0.246,2
-117.226841,32.879285,94.66,0.174,2
-117.226537,32.879285,96.02,0.177,3
-117.226234,32.879285,98.84,0.175,3
-117.22593,32.879285,101.56,0.22,3
-117.225626,32.879285,102.98,0.374,3
-117.225323,32.879285,104.17,0.337,3
-117.225019,32.879285,104.91,0.257,3
-117.224715,32.879285,103.13,0.204,4
-117.224411,32.879285,102.96,0.214,4
-117.224108,32.879285,102.54,0.068,4
-117.223804,32.879285,102.76,0.075,4
-117.2235,32.879285,102.97,0.251,4
-117.223197,32.879285,103.18,0.182,4
-117.222893,32.879285,103.28,0.107,4
-117.222589,32.879285,103.44,0.143,4
-117.222286,32.879285,103.66,0.159,4
-117.221982,32.879285,103.88,0.131,4
-117.221678,32.879285,104.23,0.15,4
-117.221374,32.879285,105.11,0.152,4
-117.221071,32.879285,106.69,0.116,4
-117.220767,32.879285,108.41,0.17,4
-117.220463,32.879285,109.5,0.205,4
-117.22016,32.879285,109.71,0.226,4
-117.219856,32.879285,109.19,0.209,4
-117.219552,32.879285,108.9,0.169,4
-117.219249,32.879285,109.21,0.118,4
-117.218945,32.879285,110.05,0.119,4
-117.218641,32.879285,111.14,0.204,4
-117.218337,32.879285,112.23,0.243,4
-117.218034,32.879285,113.47,0.387,4
-117.21773,32.879285,114.16,0.433,4
-117.217426,32.879285,114.5,0.451,4
-117.217123,32.879285,114.1,0.332,4
-117.216819,32.879285,112.23,0.359,4
-117.216515,32.879285,109.99,0.498,4
-117.216212,32.879285,108.4,0.444,4
-117.215908,32.879285,107.45,0.265,4
-117.215604,32.879285,106.81,0.192,4
-117.2153,32.879285,106.23,0.172,4
-117.214997,32.879285,105.73,0.138,4
-117.214693,32.879285,105.32,0.144,4
-117.214389,32.879285,105.01,0.185,4
-117.214086,32.879285,104.61,0.236,4
-117.213782,32.879285,103.4,0.285,4
-117.213478,32.879285,102.82,0.15,4
-117.213175,32.879285,102.26,0.326,4
-117.212871,32.879285,102.05,0.533,4
-117.212567,32.879285,102.52,0.553,4
-117.212263,32.879285,103.77,0.311,4
-117.21196,32.879285,105.06,0.251,4
-117.211656,32.879285,105.67,0.337,4
-117.211352,32.879285,105.66,0.307,4
-117.211049,32.879285,105.4,0.257,4
-117.210745,32.879285,105,0.255,4
-117.210441,32.879285,104.49,0.25,4
-117.210138,32.879285,103.86,0.293,4
-117.209834,32.879285,103.35,0.381,4
-117.255996,32.878982,71.87,0.386,1
-117.255692,32.878982,71.87,0.314,1
-117.255389,32.878982,71.91,0.324,1
-117.255085,32.878982,71.96,0.274,1
-117.254781,32.878982,72.01,0.207,1
-117.254478,32.878982,72.07,0.138,1
-117.254174,32.878982,72.5,0.069,1
-117.25387,32.878982,74.88,0.027,1
-117.253567,32.878982,73.16,-0.007,1
-117.253263,32.878982,73.29,-0.034,1
-117.252959,32.878982,76,-0.071,1
-117.252655,32.878982,73.71,-0.114,1
-117.252352,32.878982,74.26,-0.173,1
-117.252048,32.878982,75.89,-0.191,1
-117.251744,32.878982,79.54,-0.123,1
-117.251137,32.878982,85.2,0.14,1
-117.250833,32.878982,85.99,0.284,1
-117.25053,32.878982,87.01,0.437,1
-117.250226,32.878982,88.14,0.392,1
-117.249922,32.878982,89.12,0.316,1
-117.249619,32.878982,90.01,0.368,1
-117.249315,32.878982,91.14,0.346,1
-117.249011,32.878982,92.13,0.297,1
-117.248707,32.878982,92.5,0.273,1
-117.248404,32.878982,92.37,0.347,1
-117.2481,32.878982,91.89,0.399,1
-117.247796,32.878982,89.92,0.39,1
-117.247493,32.878982,89.18,0.399,1
-117.247189,32.878982,88.3,0.528,1
-117.246885,32.878982,88.17,0.462,1
-117.246582,32.878982,87.8,0.558,1
-117.246278,32.878982,87.55,0.659,1
-117.245974,32.878982,89.3,0.669,1
-117.24567,32.878982,90.55,0.578,1
-117.245367,32.878982,91.76,0.402,1
-117.245063,32.878982,92.96,0.32,1
-117.244759,32.878982,93.6,0.323,1
-117.244456,32.878982,93.2,0.376,1
-117.244152,32.878982,92.17,0.406,2
-117.243848,32.878982,91.9,0.329,2
-117.243545,32.878982,92.19,0.312,2
-117.243241,32.878982,92.78,0.301,2
-117.242937,32.878982,94.06,0.434,2
-117.242633,32.878982,94.33,0.175,2
-117.24233,32.878982,94.55,0.147,2
-117.242026,32.878982,94.66,0.204,3
-117.241722,32.878982,94.77,0.303,3
-117.241419,32.878982,94.87,0.313,3
-117.241115,32.878982,95.18,0.211,3
-117.240811,32.878982,95.89,0.292,3
-117.240508,32.878982,96.21,0.41,3
-117.240204,32.878982,96.16,0.473,3
-117.2399,32.878982,93.65,0.461,4
-117.239596,32.878982,91.15,0.434,4
-117.239293,32.878982,89.83,0.544,4
-117.238989,32.878982,90.62,0.658,4
-117.238685,32.878982,92.47,0.636,4
-117.238382,32.878982,93.38,0.564,4
-117.238078,32.878982,94.48,0.526,4
-117.237774,32.878982,95.94,0.524,4
-117.237471,32.878982,97.15,0.421,4
-117.237167,32.878982,98.08,0.316,4
-117.236863,32.878982,98.7,0.296,4
-117.236559,32.878982,99.18,0.304,4
-117.236256,32.878982,99.67,0.309,4
-117.235952,32.878982,99.9,0.157,4
-117.235648,32.878982,100.8,0.472,4
-117.235345,32.878982,101.84,0.663,4
-117.235041,32.878982,102.66,0.513,4
-117.234737,32.878982,103.3,0.275,4
-117.234434,32.878982,103.36,0.165,4
-117.23413,32.878982,102.69,0.095,4
-117.233826,32.878982,101.53,0.077,4
-117.233522,32.878982,100.24,0.112,4
-117.233219,32.878982,98.89,0.176,4
-117.232915,32.878982,98.03,0.232,4
-117.232611,32.878982,98.02,0.187,4
-117.232308,32.878982,98.52,0.079,4
-117.232004,32.878982,99.98,0.092,4
-117.2317,32.878982,102,0.161,3
-117.231397,32.878982,103.2,0.32,3
-117.231093,32.878982,104.34,0.349,3
-117.230789,32.878982,105.01,0.252,3
-117.230485,32.878982,105.35,0.3,3
-117.230182,32.878982,105.21,0.422,3
-117.229878,32.878982,104.15,0.425,3
-117.229574,32.878982,103.38,0.469,3
-117.229271,32.878982,102.59,0.413,3
-117.228967,32.878982,100.74,0.238,3
-117.228663,32.878982,97.95,0.133,3
-117.22836,32.878982,95.16,0.27,3
-117.228056,32.878982,93.53,0.586,3
-117.227752,32.878982,92.97,0.51,3
-117.227448,32.878982,93.11,0.231,3
-117.227145,32.878982,93.97,0.154,3
-117.226841,32.878982,95.56,0.11,3
-117.226537,32.878982,97.93,0.123,3
-117.226234,32.878982,100.75,0.18,3
-117.22593,32.878982,103.33,0.19,3
-117.225626,32.878982,104.49,0.298,3
-117.225323,32.878982,105.34,0.303,3
-117.225019,32.878982,105.73,0.28,3
-117.224715,32.878982,102.58,0.248,4
-117.224411,32.878982,102.02,0.15,4
-117.224108,32.878982,101.32,0.074,4
-117.223804,32.878982,101.33,0.108,4
-117.2235,32.878982,101.19,0.253,4
-117.223197,32.878982,101.47,0.216,4
-117.222893,32.878982,102.51,0.159,4
-117.222589,32.878982,103.09,0.178,4
-117.222286,32.878982,103.24,0.16,4
-117.221982,32.878982,103.37,0.117,4
-117.221678,32.878982,103.65,0.114,4
-117.221374,32.878982,104.58,0.126,4
-117.221071,32.878982,106.23,0.12,4
-117.220767,32.878982,107.83,0.128,4
-117.220463,32.878982,108.7,0.188,4
-117.22016,32.878982,108.83,0.229,4
-117.219856,32.878982,108.38,0.215,4
-117.219552,32.878982,108.36,0.166,4
-117.219249,32.878982,108.76,0.119,4
-117.218945,32.878982,109.66,0.128,4
-117.218641,32.878982,110.65,0.216,4
-117.218337,32.878982,111.62,0.219,4
-117.218034,32.878982,112.23,0.317,4
-117.21773,32.878982,112.75,0.389,4
-117.217426,32.878982,113.02,0.45,4
-117.217123,32.878982,112.61,0.378,4
-117.216819,32.878982,110.99,0.365,4
-117.216515,32.878982,109.18,0.424,4
-117.216212,32.878982,107.95,0.356,4
-117.215908,32.878982,107.24,0.232,4
-117.215604,32.878982,106.81,0.274,4
-117.2153,32.878982,106.45,0.397,4
-117.214997,32.878982,106.03,0.339,4
-117.214693,32.878982,105.38,0.159,4
-117.214389,32.878982,105.34,0.154,4
-117.214086,32.878982,105.25,0.176,4
-117.213782,32.878982,105.05,0.244,4
-117.213478,32.878982,104.43,0.151,4
-117.213175,32.878982,103.67,0.301,4
-117.212871,32.878982,103.01,0.658,4
-117.212567,32.878982,103.24,0.636,4
-117.212263,32.878982,104.18,0.43,4
-117.21196,32.878982,105.11,0.278,4
-117.211656,32.878982,105.48,0.291,4
-117.211352,32.878982,105.37,0.356,4
-117.211049,32.878982,105.05,0.334,4
-117.210745,32.878982,104.7,0.296,4
-117.210441,32.878982,104.32,0.282,4
-117.210138,32.878982,103.93,0.258,4
-117.209834,32.878982,103.71,0.242,4
-117.255996,32.878678,71.87,0.331,1
-117.255692,32.878678,71.89,0.302,1
-117.255389,32.878678,71.95,0.293,1
-117.255085,32.878678,72.02,0.196,1
-117.254781,32.878678,72.08,0.168,1
-117.254478,32.878678,72.13,0.12,1
-117.254174,32.878678,72.52,0.064,1
-117.25387,32.878678,74.83,0.012,1
-117.253567,32.878678,72.09,-0.035,1
-117.253263,32.878678,72.2,-0.064,1
-117.252959,32.878678,73.32,-0.116,1
-117.252655,32.878678,73.35,-0.125,1
-117.252352,32.878678,74.45,-0.228,1
-117.252048,32.878678,76.26,-0.214,1
-117.251137,32.878678,86.14,0.097,1
-117.250833,32.878678,86.85,0.212,1
-117.25053,32.878678,88.03,0.368,1
-117.250226,32.878678,89.07,0.388,1
-117.249922,32.878678,89.81,0.376,1
-117.249619,32.878678,90.38,0.391,1
-117.249315,32.878678,91.25,0.272,1
-117.249011,32.878678,91.95,0.25,1
-117.248707,32.878678,92,0.342,1
-117.248404,32.878678,91.79,0.397,1
-117.2481,32.878678,91.24,0.355,1
-117.247796,32.878678,89.44,0.297,1
-117.247493,32.878678,88.04,0.481,1
-117.247189,32.878678,87.26,0.473,1
-117.246885,32.878678,86.84,0.476,1
-117.246582,32.878678,86.31,0.666,1
-117.246278,32.878678,86.36,0.717,1
-117.245974,32.878678,88.43,0.678,1
-117.24567,32.878678,90.11,0.611,1
-117.245367,32.878678,91.59,0.488,1
-117.245063,32.878678,92.86,0.38,1
-117.244759,32.878678,93.61,0.341,1
-117.244456,32.878678,93.38,0.379,1
-117.244152,32.878678,92.37,0.407,2
-117.243848,32.878678,92,0.347,2
-117.243545,32.878678,92.35,0.31,2
-117.243241,32.878678,93.05,0.291,2
-117.242937,32.878678,94.53,0.352,2
-117.242633,32.878678,94.71,0.172,2
-117.24233,32.878678,94.81,0.171,2
-117.242026,32.878678,94.89,0.324,3
-117.241722,32.878678,94.96,0.278,3
-117.241419,32.878678,95.09,0.33,3
-117.241115,32.878678,95.41,0.25,3
-117.240811,32.878678,96.19,0.406,3
-117.240508,32.878678,96.42,0.67,3
-117.240204,32.878678,96.17,0.762,3
-117.2399,32.878678,93.08,0.679,3
-117.239596,32.878678,90.65,0.539,4
-117.239293,32.878678,89.87,0.52,4
-117.238989,32.878678,90.78,0.598,4
-117.238685,32.878678,92.44,0.636,4
-117.238382,32.878678,93.35,0.589,4
-117.238078,32.878678,94.58,0.529,4
-117.237774,32.878678,96.16,0.563,4
-117.237471,32.878678,97.45,0.509,4
-117.237167,32.878678,98.34,0.324,4
-117.236863,32.878678,98.86,0.268,4
-117.236559,32.878678,99.22,0.341,4
-117.236256,32.878678,99.45,0.411,4
-117.235952,32.878678,99.52,0.154,4
-117.235648,32.878678,100.46,0.27,4
-117.235345,32.878678,101.45,0.323,4
-117.235041,32.878678,102.12,0.349,4
-117.234737,32.878678,102.73,0.27,4
-117.234434,32.878678,103.04,0.209,4
-117.23413,32.878678,102.74,0.149,4
-117.233826,32.878678,101.91,0.143,4
-117.233522,32.878678,100.65,0.151,4
-117.233219,32.878678,99.18,0.145,4
-117.232915,32.878678,98.27,0.148,4
-117.232611,32.878678,98.09,0.156,4
-117.232308,32.878678,98.25,0.174,4
-117.232004,32.878678,99.15,0.169,4
-117.2317,32.878678,100.73,0.185,4
-117.231397,32.878678,102.91,0.373,3
-117.231093,32.878678,104.12,0.427,3
-117.230789,32.878678,105.17,0.345,3
-117.230485,32.878678,105.72,0.315,3
-117.230182,32.878678,105.53,0.41,3
-117.229878,32.878678,104.13,0.414,3
-117.229574,32.878678,103.06,0.464,3
-117.229271,32.878678,101.97,0.44,3
-117.228967,32.878678,100.12,0.27,3
-117.228663,32.878678,97.82,0.134,3
-117.22836,32.878678,95.85,0.267,3
-117.228056,32.878678,94.93,0.536,3
-117.227752,32.878678,94.93,0.409,3
-117.227448,32.878678,95.4,0.144,3
-117.227145,32.878678,96.38,0.128,3
-117.226841,32.878678,98.05,0.135,3
-117.226537,32.878678,100.29,0.115,3
-117.226234,32.878678,102.79,0.079,3
-117.22593,32.878678,105.04,0.081,3
-117.225626,32.878678,106.02,0.198,3
-117.225323,32.878678,106.51,0.263,3
-117.225019,32.878678,106.42,0.232,3
-117.224715,32.878678,102.89,0.201,4
-117.224411,32.878678,101.66,0.14,4
-117.224108,32.878678,100.66,0.113,4
-117.223804,32.878678,100.49,0.184,4
-117.2235,32.878678,100.5,0.237,4
-117.223197,32.878678,100.94,0.154,4
-117.222893,32.878678,102.14,0.108,4
-117.222589,32.878678,102.85,0.188,4
-117.222286,32.878678,103.13,0.203,4
-117.221982,32.878678,103.35,0.149,4
-117.221678,32.878678,103.71,0.125,4
-117.221374,32.878678,104.59,0.163,4
-117.221071,32.878678,105.99,0.24,4
-117.220767,32.878678,107.17,0.277,4
-117.220463,32.878678,107.68,0.305,4
-117.22016,32.878678,107.73,0.254,4
-117.219856,32.878678,107.44,0.181,4
-117.219552,32.878678,107.54,0.243,4
-117.219249,32.878678,107.87,0.257,4
-117.218945,32.878678,108.48,0.247,4
-117.218641,32.878678,109.11,0.225,4
-117.218337,32.878678,109.66,0.15,4
-117.218034,32.878678,109.86,0.234,4
-117.21773,32.878678,110.17,0.283,4
-117.217426,32.878678,110.39,0.211,4
-117.217123,32.878678,110.1,0.275,4
-117.216819,32.878678,109.04,0.38,4
-117.216515,32.878678,107.9,0.454,4
-117.216212,32.878678,107.21,0.358,4
-117.215908,32.878678,106.85,0.229,4
-117.215604,32.878678,106.59,0.274,4
-117.2153,32.878678,106.39,0.371,4
-117.214997,32.878678,106.09,0.376,4
-117.214693,32.878678,105.52,0.212,4
-117.214389,32.878678,105.61,0.105,4
-117.214086,32.878678,105.67,0.12,4
-117.213782,32.878678,105.77,0.122,4
-117.213478,32.878678,105.41,0.133,4
-117.213175,32.878678,104.86,0.182,4
-117.212871,32.878678,104.18,0.531,4
-117.212567,32.878678,104.15,0.59,4
-117.212263,32.878678,104.59,0.41,4
-117.21196,32.878678,104.88,0.225,4
-117.211656,32.878678,104.91,0.205,4
-117.211352,32.878678,104.67,0.26,4
-117.211049,32.878678,104.29,0.268,4
-117.210745,32.878678,104.04,0.3,4
-117.210441,32.878678,103.85,0.339,4
-117.210138,32.878678,103.7,0.3,4
-117.209834,32.878678,103.72,0.273,4
-117.20953,32.878678,103.79,0.32,4
-117.255692,32.878374,71.9,0.281,1
-117.255389,32.878374,71.99,0.255,1
-117.255085,32.878374,72.09,0.183,1
-117.254781,32.878374,72.16,0.134,1
-117.254478,32.878374,72.2,0.108,1
-117.254174,32.878374,72.25,0.075,1
-117.25387,32.878374,72.5,0.013,1
-117.253567,32.878374,72.12,-0.033,1
-117.253263,32.878374,72.03,-0.121,1
-117.252959,32.878374,72.33,-0.199,1
-117.252655,32.878374,73.19,-0.195,1
-117.252352,32.878374,74.65,-0.208,1
-117.252048,32.878374,76.55,-0.227,1
-117.251441,32.878374,85,0.091,1
-117.251137,32.878374,86.15,0.1,1
-117.250833,32.878374,87.66,0.163,1
-117.25053,32.878374,88.92,0.299,1
-117.250226,32.878374,89.83,0.371,1
-117.249922,32.878374,90.27,0.337,1
-117.249619,32.878374,90.45,0.329,1
-117.249315,32.878374,90.91,0.326,1
-117.249011,32.878374,91.23,0.317,1
-117.248707,32.878374,91.15,0.335,1
-117.248404,32.878374,91.02,0.321,1
-117.2481,32.878374,90.53,0.266,1
-117.247796,32.878374,88.6,0.274,1
-117.247493,32.878374,86.98,0.492,1
-117.247189,32.878374,86.04,0.53,1
-117.246885,32.878374,85.52,0.601,1
-117.246582,32.878374,85.34,0.698,1
-117.246278,32.878374,85.83,0.645,1
-117.245974,32.878374,88.14,0.512,1
-117.24567,32.878374,90.05,0.447,1
-117.245367,32.878374,91.55,0.433,1
-117.245063,32.878374,92.73,0.452,1
-117.244759,32.878374,93.56,0.495,1
-117.244456,32.878374,93.67,0.503,1
-117.244152,32.878374,93,0.448,2
-117.243848,32.878374,92.93,0.349,2
-117.243545,32.878374,93.8,0.225,2
-117.243241,32.878374,94.95,0.151,2
-117.242937,32.878374,96.38,0.182,2
-117.242633,32.878374,96.36,0.187,2
-117.24233,32.878374,96.07,0.151,2
-117.242026,32.878374,95.77,0.272,3
-117.241722,32.878374,95.7,0.171,3
-117.241419,32.878374,95.65,0.325,3
-117.241115,32.878374,95.81,0.236,3
-117.240811,32.878374,96.52,0.393,3
-117.240508,32.878374,96.8,0.58,3
-117.240204,32.878374,96.22,0.651,3
-117.2399,32.878374,93.04,0.676,3
-117.239596,32.878374,90.95,0.588,3
-117.239293,32.878374,90.77,0.481,4
-117.238989,32.878374,91.78,0.481,4
-117.238685,32.878374,93.08,0.492,4
-117.238382,32.878374,93.76,0.381,4
-117.238078,32.878374,94.86,0.254,4
-117.237774,32.878374,96.3,0.324,4
-117.237471,32.878374,97.41,0.464,4
-117.237167,32.878374,98.17,0.292,4
-117.236863,32.878374,98.59,0.185,4
-117.236559,32.878374,98.83,0.156,4
-117.236256,32.878374,98.85,0.167,4
-117.235952,32.878374,98.87,0.103,4
-117.235648,32.878374,99.89,0.058,4
-117.235345,32.878374,100.86,0.071,4
-117.235041,32.878374,101.47,0.098,4
-117.234737,32.878374,102,0.097,4
-117.234434,32.878374,102.29,0.116,4
-117.23413,32.878374,102.07,0.134,4
-117.233826,32.878374,101.4,0.16,4
-117.233522,32.878374,100.21,0.157,4
-117.233219,32.878374,98.83,0.13,4
-117.232915,32.878374,98.04,0.197,4
-117.232611,32.878374,97.86,0.335,4
-117.232308,32.878374,97.84,0.391,4
-117.232004,32.878374,98.62,0.382,4
-117.2317,32.878374,100.32,0.322,3
-117.231397,32.878374,101.78,0.398,3
-117.231093,32.878374,103.48,0.321,3
-117.230789,32.878374,104.83,0.313,3
-117.230485,32.878374,105.69,0.332,3
-117.230182,32.878374,105.75,0.376,3
-117.229878,32.878374,104.22,0.402,3
-117.229574,32.878374,102.95,0.468,3
-117.229271,32.878374,101.62,0.467,3
-117.228967,32.878374,99.76,0.247,3
-117.228663,32.878374,97.99,0.128,3
-117.22836,32.878374,96.97,0.295,3
-117.228056,32.878374,96.91,0.414,3
-117.227752,32.878374,97.52,0.313,3
-117.227448,32.878374,98.19,0.197,3
-117.227145,32.878374,99.02,0.152,3
-117.226841,32.878374,100.5,0.113,3
-117.226537,32.878374,102.35,0.103,3
-117.226234,32.878374,104.58,0.074,3
-117.22593,32.878374,106.96,0.084,3
-117.225626,32.878374,107.85,0.194,3
-117.225323,32.878374,108.1,0.197,3
-117.225019,32.878374,107.47,0.227,3
-117.224715,32.878374,103.6,0.201,4
-117.224411,32.878374,101.82,0.111,4
-117.224108,32.878374,100.5,0.06,4
-117.223804,32.878374,100.12,0.113,4
-117.2235,32.878374,99.44,0.338,4
-117.223197,32.878374,100.2,0.164,4
-117.222893,32.878374,101.69,0.084,4
-117.222589,32.878374,102.7,0.126,4
-117.222286,32.878374,103.32,0.203,4
-117.221982,32.878374,103.85,0.193,4
-117.221678,32.878374,104.43,0.134,4
-117.221374,32.878374,105.24,0.128,4
-117.221071,32.878374,106.18,0.132,4
-117.220767,32.878374,106.92,0.146,4
-117.220463,32.878374,107.31,0.159,4
-117.22016,32.878374,107.41,0.17,4
-117.219856,32.878374,107.1,0.208,4
-117.219552,32.878374,107.11,0.325,4
-117.219249,32.878374,107.15,0.364,4
-117.218945,32.878374,107.3,0.378,4
-117.218641,32.878374,107.52,0.288,4
-117.218337,32.878374,107.61,0.214,4
-117.218034,32.878374,107.34,0.329,4
-117.21773,32.878374,107.27,0.358,4
-117.217426,32.878374,107.33,0.248,4
-117.217123,32.878374,107.24,0.217,4
-117.216819,32.878374,106.9,0.296,4
-117.216515,32.878374,106.49,0.315,4
-117.216212,32.878374,106.31,0.262,4
-117.215908,32.878374,106.34,0.231,4
-117.215604,32.878374,106.34,0.215,4
-117.2153,32.878374,106.29,0.188,4
-117.214997,32.878374,106.04,0.191,4
-117.214693,32.878374,105.47,0.187,4
-117.214389,32.878374,105.56,0.127,4
-117.214086,32.878374,105.71,0.119,4
-117.213782,32.878374,106.05,0.142,4
-117.213478,32.878374,106.07,0.131,4
-117.213175,32.878374,105.88,0.121,4
-117.212871,32.878374,105.43,0.307,4
-117.212567,32.878374,105.05,0.408,4
-117.212263,32.878374,104.83,0.39,4
-117.21196,32.878374,104.64,0.315,4
-117.211656,32.878374,104.22,0.285,4
-117.211352,32.878374,103.59,0.241,4
-117.211049,32.878374,103.04,0.258,4
-117.210745,32.878374,102.9,0.405,4
-117.210441,32.878374,102.97,0.455,4
-117.210138,32.878374,103.1,0.309,4
-117.209834,32.878374,103.4,0.226,4
-117.20953,32.878374,103.64,0.286,4
-117.255692,32.878071,71.89,0.276,1
-117.255389,32.878071,72,0.203,1
-117.255085,32.878071,72.13,0.155,1
-117.254781,32.878071,72.22,0.123,1
-117.254478,32.878071,72.25,0.085,1
-117.254174,32.878071,72.5,0.072,1
-117.25387,32.878071,74.5,0.018,1
-117.253567,32.878071,74.5,-0.046,1
-117.253263,32.878071,72.17,-0.128,1
-117.252959,32.878071,72.33,-0.193,1
-117.252655,32.878071,73.25,-0.188,1
-117.252352,32.878071,74.9,-0.198,1
-117.252048,32.878071,76.71,-0.202,1
-117.251441,32.878071,85.04,0.116,1
-117.251137,32.878071,86.45,0.115,1
-117.250833,32.878071,88.19,0.139,1
-117.25053,32.878071,89.42,0.204,1
-117.250226,32.878071,90.05,0.249,1
-117.249922,32.878071,90.15,0.259,1
-117.249619,32.878071,90.06,0.283,1
-117.249315,32.878071,90.28,0.302,1
-117.249011,32.878071,90.45,0.333,1
-117.248707,32.878071,90.41,0.331,1
-117.248404,32.878071,90.39,0.236,1
-117.2481,32.878071,89.99,0.194,1
-117.247796,32.878071,88.11,0.298,1
-117.247493,32.878071,86.59,0.478,1
-117.247189,32.878071,85.57,0.607,1
-117.246885,32.878071,85.26,0.65,1
-117.246582,32.878071,85.53,0.609,1
-117.246278,32.878071,86.32,0.494,1
-117.245974,32.878071,88.38,0.419,1
-117.24567,32.878071,90.22,0.43,1
-117.245367,32.878071,91.73,0.385,1
-117.245063,32.878071,92.86,0.326,1
-117.244759,32.878071,93.76,0.385,1
-117.244456,32.878071,94.23,0.417,1
-117.244152,32.878071,94.17,0.338,2
-117.243848,32.878071,94.64,0.32,2
-117.243545,32.878071,95.96,0.307,2
-117.243241,32.878071,97.99,0.245,2
-117.242937,32.878071,99.84,0.201,2
-117.242633,32.878071,99.4,0.129,2
-117.24233,32.878071,98.32,0.134,3
-117.242026,32.878071,97.55,0.241,3
-117.241722,32.878071,96.97,0.227,3
-117.241419,32.878071,96.69,0.322,3
-117.241115,32.878071,96.46,0.29,3
-117.240811,32.878071,96.78,0.29,3
-117.240508,32.878071,96.74,0.227,3
-117.240204,32.878071,96.01,0.221,3
-117.2399,32.878071,93.62,0.386,3
-117.239596,32.878071,92.08,0.503,3
-117.239293,32.878071,92.06,0.498,3
-117.238989,32.878071,92.86,0.46,3
-117.238685,32.878071,93.75,0.408,4
-117.238382,32.878071,94.27,0.335,4
-117.238078,32.878071,95.16,0.301,4
-117.237774,32.878071,96.3,0.342,4
-117.237471,32.878071,97.19,0.316,4
-117.237167,32.878071,97.89,0.194,4
-117.236863,32.878071,98.3,0.128,4
-117.236559,32.878071,98.52,0.087,4
-117.236256,32.878071,98.43,0.062,4
-117.235952,32.878071,98.49,0.071,4
-117.235648,32.878071,99.5,0.052,4
-117.235345,32.878071,100.41,0.05,4
-117.235041,32.878071,100.84,0.062,4
-117.234737,32.878071,101.19,0.065,4
-117.234434,32.878071,101.16,0.116,4
-117.23413,32.878071,100.85,0.15,4
-117.233826,32.878071,100.45,0.14,4
-117.233522,32.878071,99.62,0.13,4
-117.233219,32.878071,98.49,0.122,4
-117.232915,32.878071,97.73,0.124,4
-117.232611,32.878071,97.38,0.171,4
-117.232308,32.878071,97.3,0.287,4
-117.232004,32.878071,97.98,0.397,4
-117.2317,32.878071,99.27,0.305,3
-117.231397,32.878071,100.75,0.405,3
-117.231093,32.878071,102.75,0.437,3
-117.230789,32.878071,103.95,0.34,3
-117.230485,32.878071,105.02,0.22,3
-117.230182,32.878071,105.35,0.279,3
-117.229878,32.878071,104.06,0.376,3
-117.229574,32.878071,103.01,0.425,3
-117.229271,32.878071,101.5,0.385,3
-117.228967,32.878071,99.52,0.204,3
-117.228663,32.878071,98.01,0.134,3
-117.22836,32.878071,97.73,0.324,3
-117.228056,32.878071,98.41,0.338,3
-117.227752,32.878071,99.39,0.215,3
-117.227448,32.878071,100.13,0.127,3
-117.227145,32.878071,100.83,0.093,3
-117.226841,32.878071,101.97,0.16,3
-117.226537,32.878071,103.63,0.181,3
-117.226234,32.878071,105.97,0.129,3
-117.22593,32.878071,107.97,0.099,3
-117.225626,32.878071,108.93,0.11,3
-117.225323,32.878071,109.15,0.188,3
-117.225019,32.878071,108.01,0.267,3
-117.224715,32.878071,104.8,0.158,4
-117.224411,32.878071,102.25,0.088,4
-117.224108,32.878071,100.54,0.055,4
-117.223804,32.878071,99.61,0.131,4
-117.2235,32.878071,98.52,0.431,4
-117.223197,32.878071,99.04,0.246,4
-117.222893,32.878071,100.58,0.125,4
-117.222589,32.878071,101.87,0.136,4
-117.222286,32.878071,102.89,0.213,4
-117.221982,32.878071,103.8,0.216,4
-117.221678,32.878071,104.58,0.149,4
-117.221374,32.878071,105.32,0.128,4
-117.221071,32.878071,105.89,0.12,4
-117.220767,32.878071,106.18,0.119,4
-117.220463,32.878071,106.62,0.112,4
-117.22016,32.878071,106.85,0.138,4
-117.219856,32.878071,106.73,0.227,4
-117.219552,32.878071,106.65,0.296,4
-117.219249,32.878071,106.5,0.362,4
-117.218945,32.878071,106.55,0.417,4
-117.218641,32.878071,106.46,0.351,4
-117.218337,32.878071,106.26,0.279,4
-117.218034,32.878071,105.8,0.308,4
-117.21773,32.878071,105.37,0.361,4
-117.217426,32.878071,105.21,0.322,4
-117.217123,32.878071,105.18,0.234,4
-117.216819,32.878071,105.21,0.165,4
-117.216515,32.878071,105.19,0.127,4
-117.216212,32.878071,105.25,0.206,4
-117.215908,32.878071,105.58,0.289,4
-117.215604,32.878071,105.93,0.224,4
-117.2153,32.878071,105.98,0.128,4
-117.214997,32.878071,105.74,0.126,4
-117.214693,32.878071,105.19,0.196,4
-117.214389,32.878071,105.24,0.152,4
-117.214086,32.878071,105.44,0.106,4
-117.213782,32.878071,106.03,0.128,4
-117.213478,32.878071,106.38,0.127,4
-117.213175,32.878071,106.43,0.146,4
-117.212871,32.878071,106.2,0.212,4
-117.212567,32.878071,105.73,0.281,4
-117.212263,32.878071,105.12,0.387,4
-117.21196,32.878071,104.51,0.362,4
-117.211656,32.878071,103.5,0.318,4
-117.211352,32.878071,102.39,0.178,4
-117.211049,32.878071,101.66,0.144,4
-117.210745,32.878071,101.61,0.363,4
-117.210441,32.878071,101.96,0.373,4
-117.210138,32.878071,102.39,0.15,4
-117.209834,32.878071,102.95,0.124,4
-117.20953,32.878071,103.37,0.198,4
-117.255389,32.877767,72.02,0.213,1
-117.255085,32.877767,72.16,0.157,1
-117.254781,32.877767,72.25,0.112,1
-117.254478,32.877767,72.28,0.076,1
-117.254174,32.877767,72.28,0.046,1
-117.25387,32.877767,72.27,0.002,1
-117.253567,32.877767,72.3,-0.037,1
-117.253263,32.877767,72.42,-0.097,1
-117.252959,32.877767,72.51,-0.17,1
-117.252655,32.877767,73.24,-0.216,1
-117.252352,32.877767,74.64,-0.207,1
-117.252048,32.877767,76.41,-0.211,1
-117.251137,32.877767,86.76,0.136,1
-117.250833,32.877767,88.01,0.17,1
-117.25053,32.877767,89.71,0.221,1
-117.250226,32.877767,90.28,0.265,1
-117.249922,32.877767,90.05,0.323,1
-117.249619,32.877767,89.88,0.367,1
-117.249315,32.877767,90.02,0.36,1
-117.249011,32.877767,90.32,0.363,1
-117.248707,32.877767,90.62,0.339,1
-117.248404,32.877767,90.74,0.329,1
-117.2481,32.877767,90.43,0.342,1
-117.247796,32.877767,89.26,0.515,1
-117.247493,32.877767,88.19,0.604,1
-117.247189,32.877767,87.66,0.568,1
-117.246885,32.877767,87.63,0.541,1
-117.246582,32.877767,87.99,0.493,1
-117.246278,32.877767,88.79,0.376,1
-117.245974,32.877767,89.49,0.336,1
-117.24567,32.877767,90.74,0.427,1
-117.245367,32.877767,92.28,0.381,1
-117.245063,32.877767,93.37,0.319,1
-117.244759,32.877767,94.25,0.411,1
-117.244456,32.877767,95.24,0.405,1
-117.244152,32.877767,96.14,0.275,1
-117.243848,32.877767,97.12,0.281,1
-117.243545,32.877767,98.82,0.321,2
-117.243241,32.877767,101.55,0.44,2
-117.242937,32.877767,103.01,0.464,2
-117.242633,32.877767,102.11,0.43,2
-117.24233,32.877767,100.86,0.323,3
-117.242026,32.877767,99.5,0.19,3
-117.241722,32.877767,98.49,0.344,3
-117.241419,32.877767,97.64,0.334,3
-117.241115,32.877767,96.94,0.266,3
-117.240811,32.877767,96.76,0.193,3
-117.240508,32.877767,96.29,0.105,3
-117.240204,32.877767,95.42,0.104,3
-117.2399,32.877767,94.53,0.185,3
-117.239596,32.877767,94.17,0.233,3
-117.239293,32.877767,94.28,0.326,3
-117.238989,32.877767,94.47,0.467,3
-117.238685,32.877767,94.49,0.492,3
-117.238382,32.877767,94.65,0.401,4
-117.238078,32.877767,95.35,0.392,4
-117.237774,32.877767,96.18,0.453,4
-117.237471,32.877767,96.93,0.287,4
-117.237167,32.877767,97.65,0.202,4
-117.236863,32.877767,98.17,0.179,4
-117.236559,32.877767,98.38,0.081,4
-117.236256,32.877767,98.46,0.063,4
-117.235952,32.877767,98.46,0.078,4
-117.235648,32.877767,99.41,0.058,4
-117.235345,32.877767,100.22,0.051,4
-117.235041,32.877767,100.29,0.069,4
-117.234737,32.877767,100.31,0.067,4
-117.234434,32.877767,100.03,0.12,4
-117.23413,32.877767,99.55,0.179,4
-117.233826,32.877767,99.85,0.133,4
-117.233522,32.877767,99.74,0.116,4
-117.233219,32.877767,98.8,0.115,4
-117.232915,32.877767,97.79,0.111,4
-117.232611,32.877767,96.91,0.192,4
-117.232308,32.877767,96.87,0.305,4
-117.232004,32.877767,97.77,0.401,3
-117.2317,32.877767,98.43,0.282,3
-117.231397,32.877767,99.95,0.382,3
-117.231093,32.877767,101.89,0.469,3
-117.230789,32.877767,103.17,0.374,3
-117.230485,32.877767,104.43,0.222,3
-117.230182,32.877767,105,0.26,3
-117.229878,32.877767,103.93,0.338,3
-117.229574,32.877767,103.04,0.348,3
-117.229271,32.877767,101.47,0.275,3
-117.228967,32.877767,99.64,0.152,3
-117.228663,32.877767,98.35,0.141,3
-117.22836,32.877767,98.38,0.268,3
-117.228056,32.877767,99.53,0.288,3
-117.227752,32.877767,100.67,0.201,3
-117.227448,32.877767,101.34,0.166,3
-117.227145,32.877767,101.96,0.207,3
-117.226841,32.877767,102.87,0.228,3
-117.226537,32.877767,104.42,0.159,3
-117.226234,32.877767,106.44,0.135,3
-117.22593,32.877767,106.9,0.187,3
-117.225626,32.877767,108.07,0.131,3
-117.225323,32.877767,108.03,0.124,3
-117.225019,32.877767,106.2,0.197,4
-117.224715,32.877767,104.98,0.169,4
-117.224411,32.877767,102.18,0.121,4
-117.224108,32.877767,100.25,0.121,4
-117.223804,32.877767,98.69,0.193,4
-117.2235,32.877767,97.81,0.357,4
-117.223197,32.877767,97.75,0.259,4
-117.222893,32.877767,98.81,0.169,4
-117.222589,32.877767,100.14,0.236,4
-117.222286,32.877767,101.42,0.294,4
-117.221982,32.877767,102.57,0.241,4
-117.221678,32.877767,103.52,0.198,4
-117.221374,32.877767,104.35,0.209,4
-117.221071,32.877767,104.65,0.19,4
-117.220767,32.877767,104.43,0.171,4
-117.220463,32.877767,105.07,0.153,4
-117.22016,32.877767,105.57,0.163,4
-117.219856,32.877767,105.92,0.175,4
-117.219552,32.877767,105.84,0.178,4
-117.219249,32.877767,105.59,0.259,4
-117.218945,32.877767,105.74,0.379,4
-117.218641,32.877767,105.59,0.348,4
-117.218337,32.877767,105.39,0.26,4
-117.218034,32.877767,105.08,0.193,4
-117.21773,32.877767,104.72,0.167,4
-117.217426,32.877767,104.49,0.193,4
-117.217123,32.877767,104.4,0.182,4
-117.216819,32.877767,104.39,0.172,4
-117.216515,32.877767,104.44,0.19,4
-117.216212,32.877767,104.58,0.255,4
-117.215908,32.877767,105.07,0.313,4
-117.215604,32.877767,105.62,0.273,4
-117.2153,32.877767,105.65,0.182,4
-117.214997,32.877767,105.34,0.153,4
-117.214693,32.877767,104.77,0.192,4
-117.214389,32.877767,104.71,0.167,4
-117.214086,32.877767,104.93,0.103,4
-117.213782,32.877767,105.72,0.18,4
-117.213478,32.877767,106.25,0.211,4
-117.213175,32.877767,106.5,0.239,4
-117.212871,32.877767,106.53,0.287,4
-117.212567,32.877767,106.21,0.313,4
-117.212263,32.877767,105.6,0.37,4
-117.21196,32.877767,104.71,0.339,4
-117.211656,32.877767,103.28,0.263,4
-117.211352,32.877767,101.8,0.115,4
-117.211049,32.877767,100.98,0.057,4
-117.210745,32.877767,101.04,0.26,4
-117.210441,32.877767,101.45,0.285,4
-117.210138,32.877767,101.88,0.101,4
-117.209834,32.877767,102.82,0.089,4
-117.20953,32.877767,103.35,0.166,4
-117.255389,32.877463,72.06,0.169,1
-117.255085,32.877463,72.18,0.125,1
-117.254781,32.877463,72.26,0.1,1
-117.254478,32.877463,72.3,0.068,1
-117.254174,32.877463,72.33,0.043,1
-117.25387,32.877463,72.36,0.017,1
-117.253567,32.877463,72.41,-0.028,1
-117.253263,32.877463,72.53,-0.084,1
-117.252959,32.877463,72.55,-0.132,1
-117.252655,32.877463,73.13,-0.171,1
-117.252352,32.877463,74.37,-0.186,1
-117.252048,32.877463,76.04,-0.221,1
-117.251744,32.877463,79.5,-0.17,1
-117.251137,32.877463,86.27,0.159,1
-117.250833,32.877463,88,0.196,1
-117.25053,32.877463,89.43,0.248,1
-117.250226,32.877463,89.61,0.359,1
-117.249922,32.877463,89.1,0.498,1
-117.249619,32.877463,88.7,0.566,1
-117.249315,32.877463,88.77,0.532,1
-117.249011,32.877463,89.1,0.527,1
-117.248707,32.877463,89.47,0.545,1
-117.248404,32.877463,89.64,0.575,1
-117.2481,32.877463,89.41,0.604,1
-117.247796,32.877463,88.45,0.683,1
-117.247493,32.877463,87.66,0.694,1
-117.247189,32.877463,87.42,0.608,1
-117.246885,32.877463,87.62,0.572,1
-117.246582,32.877463,88.2,0.572,1
-117.246278,32.877463,89.14,0.457,1
-117.245974,32.877463,89.95,0.289,1
-117.24567,32.877463,91.23,0.319,1
-117.245367,32.877463,92.76,0.367,1
-117.245063,32.877463,93.79,0.369,1
-117.244759,32.877463,94.55,0.388,1
-117.244456,32.877463,95.46,0.372,1
-117.244152,32.877463,96.47,0.324,1
-117.243848,32.877463,97.89,0.336,1
-117.243545,32.877463,100.4,0.436,2
-117.243241,32.877463,104.1,0.602,2
-117.242937,32.877463,105.57,0.648,2
-117.242633,32.877463,104.07,0.641,3
-117.24233,32.877463,102.53,0.538,3
-117.242026,32.877463,101.03,0.361,3
-117.241722,32.877463,99.73,0.33,3
-117.241419,32.877463,98.5,0.274,3
-117.241115,32.877463,97.4,0.205,3
-117.240811,32.877463,96.83,0.281,3
-117.240508,32.877463,96.06,0.207,3
-117.240204,32.877463,95.17,0.142,3
-117.2399,32.877463,94.39,0.182,3
-117.239596,32.877463,94.01,0.27,3
-117.239293,32.877463,94.06,0.363,3
-117.238989,32.877463,94.27,0.438,3
-117.238685,32.877463,94.37,0.466,3
-117.238382,32.877463,94.59,0.453,4
-117.238078,32.877463,95.24,0.481,4
-117.237774,32.877463,96.01,0.527,4
-117.237471,32.877463,96.71,0.311,4
-117.237167,32.877463,97.46,0.189,4
-117.236863,32.877463,98.01,0.148,4
-117.236559,32.877463,98.28,0.085,4
-117.236256,32.877463,98.59,0.065,4
-117.235952,32.877463,98.7,0.064,4
-117.235648,32.877463,99.61,0.054,4
-117.235345,32.877463,100.37,0.04,4
-117.235041,32.877463,100.28,0.088,4
-117.234737,32.877463,100.21,0.112,4
-117.234434,32.877463,100.02,0.148,4
-117.23413,32.877463,99.42,0.219,4
-117.233826,32.877463,99.73,0.167,4
-117.233522,32.877463,99.75,0.133,4
-117.233219,32.877463,98.89,0.139,4
-117.232915,32.877463,97.9,0.155,4
-117.232611,32.877463,97.09,0.237,4
-117.232308,32.877463,97.05,0.307,4
-117.232004,32.877463,97.32,0.444,3
-117.2317,32.877463,97.72,0.446,3
-117.231397,32.877463,99.08,0.366,3
-117.231093,32.877463,100.92,0.401,3
-117.230789,32.877463,102.43,0.401,3
-117.230485,32.877463,103.67,0.342,3
-117.230182,32.877463,104.21,0.333,3
-117.229878,32.877463,103.48,0.32,3
-117.229574,32.877463,102.75,0.312,3
-117.229271,32.877463,101.18,0.24,3
-117.228967,32.877463,99.46,0.133,3
-117.228663,32.877463,98.44,0.144,3
-117.22836,32.877463,98.54,0.28,3
-117.228056,32.877463,99.62,0.311,3
-117.227752,32.877463,100.73,0.262,3
-117.227448,32.877463,101.33,0.317,3
-117.227145,32.877463,101.76,0.404,3
-117.226841,32.877463,102.44,0.34,3
-117.226537,32.877463,103.74,0.202,3
-117.226234,32.877463,105.28,0.205,3
-117.22593,32.877463,105.13,0.283,3
-117.225626,32.877463,106.4,0.156,3
-117.225323,32.877463,105.89,0.082,4
-117.225019,32.877463,104.1,0.135,4
-117.224715,32.877463,102.83,0.14,4
-117.224411,32.877463,100.2,0.16,4
-117.224108,32.877463,98.54,0.348,4
-117.223804,32.877463,97.01,0.438,4
-117.2235,32.877463,96.12,0.451,4
-117.223197,32.877463,96.13,0.42,4
-117.222893,32.877463,97.28,0.407,4
-117.222589,32.877463,98.69,0.407,4
-117.222286,32.877463,100.03,0.333,4
-117.221982,32.877463,101.25,0.292,4
-117.221678,32.877463,102.28,0.315,4
-117.221374,32.877463,103.19,0.26,4
-117.221071,32.877463,103.62,0.159,4
-117.220767,32.877463,103.66,0.147,4
-117.220463,32.877463,104.72,0.157,4
-117.22016,32.877463,105.51,0.125,4
-117.219856,32.877463,106.03,0.123,4
-117.219552,32.877463,105.91,0.145,4
-117.219249,32.877463,105.59,0.236,4
-117.218945,32.877463,105.64,0.377,4
-117.218641,32.877463,105.56,0.341,4
-117.218337,32.877463,105.53,0.204,4
-117.218034,32.877463,105.47,0.131,4
-117.21773,32.877463,105.33,0.103,4
-117.217426,32.877463,105.21,0.11,4
-117.217123,32.877463,105.12,0.094,4
-117.216819,32.877463,105.07,0.137,4
-117.216515,32.877463,105.06,0.224,4
-117.216212,32.877463,105.13,0.252,4
-117.215908,32.877463,105.53,0.241,4
-117.215604,32.877463,105.96,0.246,4
-117.2153,32.877463,105.85,0.228,4
-117.214997,32.877463,105.32,0.2,4
-117.214693,32.877463,104.51,0.236,4
-117.214389,32.877463,104.3,0.249,4
-117.214086,32.877463,104.53,0.151,4
-117.213782,32.877463,105.29,0.198,4
-117.213478,32.877463,105.86,0.235,4
-117.213175,32.877463,106.2,0.25,4
-117.212871,32.877463,106.39,0.236,4
-117.212567,32.877463,106.33,0.203,4
-117.212263,32.877463,105.97,0.223,4
-117.21196,32.877463,105.05,0.197,4
-117.211656,32.877463,103.5,0.168,4
-117.211352,32.877463,101.96,0.123,4
-117.211049,32.877463,101.2,0.102,4
-117.210745,32.877463,101.24,0.211,4
-117.210441,32.877463,101.4,0.258,4
-117.255085,32.877159,72.19,0.114,1
-117.254781,32.877159,72.24,0.091,1
-117.254478,32.877159,72.3,0.061,1
-117.254174,32.877159,72.35,0.045,1
-117.25387,32.877159,72.4,0.017,1
-117.253567,32.877159,72.47,-0.026,1
-117.253263,32.877159,72.57,-0.066,1
-117.252959,32.877159,72.48,-0.113,1
-117.252655,32.877159,72.94,-0.143,1
-117.252352,32.877159,73.99,-0.17,1
-117.252048,32.877159,75.49,-0.237,1
-117.251744,32.877159,77.21,-0.22,1
-117.251441,32.877159,80.93,-0.071,1
-117.251137,32.877159,85.81,0.163,1
-117.250833,32.877159,87.52,0.202,1
-117.25053,32.877159,88.66,0.237,1
-117.250226,32.877159,88.61,0.339,1
-117.249922,32.877159,88.13,0.448,1
-117.249619,32.877159,87.87,0.485,1
-117.249315,32.877159,88.02,0.507,1
-117.249011,32.877159,88.29,0.564,1
-117.248707,32.877159,88.62,0.594,1
-117.248404,32.877159,88.73,0.625,1
-117.2481,32.877159,88.57,0.649,1
-117.247796,32.877159,87.95,0.637,1
-117.247493,32.877159,87.53,0.678,1
-117.247189,32.877159,87.54,0.678,1
-117.246885,32.877159,87.96,0.645,1
-117.246582,32.877159,88.73,0.643,1
-117.246278,32.877159,89.79,0.534,1
-117.245974,32.877159,90.7,0.355,1
-117.24567,32.877159,92.06,0.304,1
-117.245367,32.877159,93.55,0.323,1
-117.245063,32.877159,94.42,0.353,1
-117.244759,32.877159,94.98,0.423,1
-117.244456,32.877159,95.73,0.423,1
-117.244152,32.877159,96.93,0.351,1
-117.243848,32.877159,98.83,0.365,1
-117.243545,32.877159,101.72,0.41,2
-117.243241,32.877159,106.05,0.539,2
-117.242937,32.877159,107.25,0.506,2
-117.242633,32.877159,105.44,0.529,3
-117.24233,32.877159,103.24,0.647,3
-117.242026,32.877159,101.51,0.387,3
-117.241722,32.877159,100.19,0.232,3
-117.241419,32.877159,98.84,0.116,3
-117.241115,32.877159,97.46,0.13,3
-117.240811,32.877159,96.61,0.457,3
-117.240508,32.877159,95.73,0.455,3
-117.240204,32.877159,94.85,0.229,3
-117.2399,32.877159,94.03,0.231,3
-117.239596,32.877159,93.65,0.312,3
-117.239293,32.877159,93.7,0.414,3
-117.238989,32.877159,93.87,0.449,3
-117.238685,32.877159,94.06,0.414,3
-117.238382,32.877159,94.47,0.464,4
-117.238078,32.877159,95.19,0.52,4
-117.237774,32.877159,95.94,0.518,4
-117.237471,32.877159,96.6,0.381,4
-117.237167,32.877159,97.28,0.309,4
-117.236863,32.877159,97.71,0.22,4
-117.236559,32.877159,98.08,0.164,4
-117.236256,32.877159,98.55,0.104,4
-117.235952,32.877159,98.72,0.099,4
-117.235648,32.877159,99.61,0.132,4
-117.235345,32.877159,100.33,0.113,4
-117.235041,32.877159,100.21,0.142,4
-117.234737,32.877159,100.21,0.17,4
-117.234434,32.877159,100.15,0.194,4
-117.23413,32.877159,99.8,0.211,4
-117.233826,32.877159,100.27,0.191,4
-117.233522,32.877159,100.44,0.185,4
-117.233219,32.877159,99.97,0.176,4
-117.232915,32.877159,99.41,0.151,3
-117.232611,32.877159,98.65,0.179,3
-117.232308,32.877159,98.26,0.313,3
-117.232004,32.877159,97.69,0.562,3
-117.2317,32.877159,97.76,0.641,3
-117.231397,32.877159,98.81,0.447,3
-117.231093,32.877159,100.29,0.492,3
-117.230789,32.877159,101.63,0.517,3
-117.230485,32.877159,102.58,0.415,3
-117.230182,32.877159,103.34,0.335,3
-117.229878,32.877159,102.95,0.234,3
-117.229574,32.877159,102.33,0.289,3
-117.229271,32.877159,100.74,0.229,3
-117.228967,32.877159,99.15,0.133,3
-117.228663,32.877159,98.45,0.137,3
-117.22836,32.877159,98.67,0.271,3
-117.228056,32.877159,99.64,0.311,3
-117.227752,32.877159,100.61,0.246,3
-117.227448,32.877159,101.07,0.337,3
-117.227145,32.877159,101.31,0.535,3
-117.226841,32.877159,101.75,0.562,3
-117.226537,32.877159,102.63,0.442,3
-117.226234,32.877159,103.34,0.328,3
-117.22593,32.877159,102.74,0.309,3
-117.225626,32.877159,103.77,0.179,3
-117.225323,32.877159,103.53,0.141,3
-117.225019,32.877159,101.44,0.202,3
-117.224715,32.877159,100.63,0.298,3
-117.224411,32.877159,98.08,0.47,3
-117.224108,32.877159,96.86,0.699,3
-117.223804,32.877159,95.76,0.758,3
-117.2235,32.877159,94.68,0.745,4
-117.223197,32.877159,94.85,0.742,4
-117.222893,32.877159,96.18,0.718,4
-117.222589,32.877159,97.63,0.621,4
-117.222286,32.877159,99,0.444,4
-117.221982,32.877159,100.25,0.337,4
-117.221678,32.877159,101.28,0.293,4
-117.221374,32.877159,102.21,0.198,4
-117.221071,32.877159,102.72,0.115,4
-117.220767,32.877159,103,0.106,4
-117.220463,32.877159,104.45,0.128,4
-117.22016,32.877159,105.54,0.097,4
-117.219856,32.877159,106.01,0.084,4
-117.219552,32.877159,105.77,0.119,4
-117.219249,32.877159,105.34,0.224,4
-117.218945,32.877159,105.38,0.393,4
-117.218641,32.877159,105.27,0.337,4
-117.218337,32.877159,105.27,0.214,4
-117.218034,32.877159,105.32,0.187,4
-117.21773,32.877159,105.42,0.183,4
-117.217426,32.877159,105.51,0.175,4
-117.217123,32.877159,105.57,0.147,4
-117.216819,32.877159,105.62,0.155,4
-117.216515,32.877159,105.71,0.194,4
-117.216212,32.877159,105.85,0.219,4
-117.215908,32.877159,106.22,0.239,4
-117.215604,32.877159,106.54,0.262,4
-117.2153,32.877159,106.29,0.256,4
-117.214997,32.877159,105.64,0.221,4
-117.214693,32.877159,104.67,0.211,4
-117.214389,32.877159,104.31,0.271,4
-117.214086,32.877159,104.41,0.191,4
-117.213782,32.877159,104.98,0.283,4
-117.213478,32.877159,105.41,0.227,4
-117.213175,32.877159,105.81,0.252,4
-117.212871,32.877159,106.25,0.17,4
-117.212567,32.877159,106.48,0.163,4
-117.212263,32.877159,106.42,0.302,4
-117.21196,32.877159,105.59,0.176,4
-117.211656,32.877159,104.14,0.102,4
-117.211352,32.877159,102.81,0.103,4
-117.211049,32.877159,102.21,0.112,4
-117.254781,32.876856,72.18,0.083,1
-117.254478,32.876856,72.23,0.061,1
-117.254174,32.876856,72.29,0.047,1
-117.25387,32.876856,72.36,0.022,1
-117.253567,32.876856,72.45,-0.01,1
-117.253263,32.876856,72.54,-0.046,1
-117.252959,32.876856,72.4,-0.088,1
-117.252655,32.876856,72.8,-0.118,1
-117.252352,32.876856,73.69,-0.141,1
-117.252048,32.876856,74.95,-0.188,1
-117.251744,32.876856,76.59,-0.192,1
-117.251137,32.876856,85.81,0.197,1
-117.250833,32.876856,86.69,0.235,1
-117.25053,32.876856,87.67,0.285,1
-117.250226,32.876856,87.84,0.322,1
-117.249922,32.876856,87.8,0.336,1
-117.249619,32.876856,87.88,0.315,1
-117.249315,32.876856,88.1,0.352,1
-117.249011,32.876856,88.33,0.443,1
-117.248707,32.876856,88.58,0.476,1
-117.248404,32.876856,88.69,0.496,1
-117.2481,32.876856,88.64,0.512,1
-117.247796,32.876856,88.29,0.539,1
-117.247493,32.876856,88.12,0.633,1
-117.247189,32.876856,88.24,0.674,1
-117.246885,32.876856,88.76,0.624,1
-117.246582,32.876856,89.6,0.564,1
-117.246278,32.876856,90.75,0.358,1
-117.245974,32.876856,91.78,0.248,1
-117.24567,32.876856,93.2,0.291,1
-117.245367,32.876856,94.62,0.315,1
-117.245063,32.876856,95.26,0.337,1
-117.244759,32.876856,95.56,0.48,1
-117.244456,32.876856,96.14,0.548,1
-117.244152,32.876856,97.5,0.455,1
-117.243848,32.876856,99.79,0.417,1
-117.243545,32.876856,102.57,0.405,2
-117.243241,32.876856,106.77,0.56,2
-117.242937,32.876856,107.53,0.408,2
-117.242633,32.876856,105.83,0.416,2
-117.24233,32.876856,103.44,0.563,2
-117.242026,32.876856,101.06,0.361,3
-117.241722,32.876856,99.87,0.316,3
-117.241419,32.876856,98.64,0.154,3
-117.241115,32.876856,97.14,0.199,3
-117.240811,32.876856,96.28,0.401,3
-117.240508,32.876856,95.52,0.463,3
-117.240204,32.876856,94.66,0.325,3
-117.2399,32.876856,93.73,0.344,3
-117.239596,32.876856,93.28,0.396,3
-117.239293,32.876856,93.48,0.483,3
-117.238989,32.876856,93.74,0.521,3
-117.238685,32.876856,93.96,0.42,3
-117.238382,32.876856,94.56,0.34,4
-117.238078,32.876856,95.36,0.338,4
-117.237774,32.876856,96.1,0.373,4
-117.237471,32.876856,96.61,0.317,4
-117.237167,32.876856,97.01,0.326,4
-117.236863,32.876856,97.3,0.274,4
-117.236559,32.876856,97.63,0.256,4
-117.236256,32.876856,98.13,0.217,4
-117.235952,32.876856,98.23,0.243,4
-117.235648,32.876856,98.99,0.359,4
-117.235345,32.876856,99.62,0.282,4
-117.235041,32.876856,99.44,0.231,4
-117.234737,32.876856,99.61,0.2,4
-117.234434,32.876856,99.84,0.197,4
-117.23413,32.876856,99.75,0.234,4
-117.233826,32.876856,100.57,0.311,4
-117.233522,32.876856,101.48,0.284,3
-117.233219,32.876856,101.5,0.197,3
-117.232915,32.876856,100.95,0.152,3
-117.232611,32.876856,100.22,0.153,3
-117.232308,32.876856,99.75,0.315,3
-117.232004,32.876856,99.16,0.554,3
-117.2317,32.876856,99.22,0.649,3
-117.231397,32.876856,100.07,0.515,3
-117.231093,32.876856,101.18,0.376,3
-117.230789,32.876856,101.93,0.347,3
-117.230485,32.876856,102.54,0.305,3
-117.230182,32.876856,103.08,0.292,3
-117.229878,32.876856,102.74,0.181,3
-117.229574,32.876856,101.99,0.303,3
-117.229271,32.876856,100.32,0.227,3
-117.228967,32.876856,98.85,0.119,3
-117.228663,32.876856,98.4,0.127,3
-117.22836,32.876856,98.64,0.272,3
-117.228056,32.876856,99.42,0.324,3
-117.227752,32.876856,100.19,0.304,3
-117.227448,32.876856,100.63,0.394,3
-117.227145,32.876856,100.94,0.53,3
-117.226841,32.876856,101.24,0.542,3
-117.226537,32.876856,101.69,0.423,3
-117.226234,32.876856,101.69,0.28,3
-117.22593,32.876856,100.79,0.238,3
-117.225626,32.876856,101.25,0.158,3
-117.225323,32.876856,100.74,0.203,3
-117.225019,32.876856,98.25,0.383,3
-117.224715,32.876856,97.76,0.598,3
-117.224411,32.876856,95.72,0.76,3
-117.224108,32.876856,95.21,0.793,3
-117.223804,32.876856,94.83,0.782,3
-117.2235,32.876856,93.78,0.786,4
-117.223197,32.876856,94.2,0.805,4
-117.222893,32.876856,95.75,0.799,4
-117.222589,32.876856,97.3,0.7,4
-117.222286,32.876856,98.73,0.528,4
-117.221982,32.876856,100.07,0.39,4
-117.221678,32.876856,101.23,0.329,4
-117.221374,32.876856,102.24,0.277,4
-117.221071,32.876856,102.76,0.21,4
-117.220767,32.876856,102.99,0.187,4
-117.220463,32.876856,104.36,0.197,4
-117.22016,32.876856,105.52,0.234,4
-117.219856,32.876856,105.87,0.204,4
-117.219552,32.876856,105.52,0.176,4
-117.219249,32.876856,105.04,0.165,4
-117.218945,32.876856,105.02,0.289,4
-117.218641,32.876856,104.73,0.278,4
-117.218337,32.876856,104.55,0.201,4
-117.218034,32.876856,104.45,0.316,4
-117.21773,32.876856,104.52,0.364,4
-117.217426,32.876856,104.71,0.364,4
-117.217123,32.876856,104.97,0.315,4
-117.216819,32.876856,105.25,0.226,4
-117.216515,32.876856,105.59,0.174,4
-117.216212,32.876856,105.98,0.189,4
-117.215908,32.876856,106.54,0.211,4
-117.215604,32.876856,106.93,0.206,4
-117.2153,32.876856,106.64,0.192,4
-117.214997,32.876856,106.01,0.165,4
-117.214693,32.876856,105.06,0.168,4
-117.214389,32.876856,104.57,0.253,4
-117.214086,32.876856,104.34,0.182,4
-117.213782,32.876856,104.58,0.332,4
-117.213478,32.876856,104.8,0.268,4
-117.213175,32.876856,105.38,0.288,4
-117.212871,32.876856,106.19,0.204,4
-117.212567,32.876856,106.69,0.183,4
-117.212263,32.876856,106.74,0.264,4
-117.21196,32.876856,106.08,0.134,4
-117.211656,32.876856,104.94,0.108,4
-117.254478,32.876552,72.14,0.062,1
-117.254174,32.876552,72.18,0.046,1
-117.25387,32.876552,72.27,0.025,1
-117.253567,32.876552,72.4,-0.008,1
-117.253263,32.876552,72.53,-0.035,1
-117.252959,32.876552,74.44,-0.058,1
-117.252655,32.876552,73.17,-0.103,1
-117.252352,32.876552,73.56,-0.127,1
-117.252048,32.876552,74.63,-0.167,1
-117.251744,32.876552,76.25,-0.175,1
-117.251441,32.876552,79.98,-0.078,1
-117.251137,32.876552,84.62,0.126,1
-117.250833,32.876552,86.08,0.223,1
-117.25053,32.876552,86.97,0.249,1
-117.250226,32.876552,87.53,0.227,1
-117.249922,32.876552,87.96,0.212,1
-117.249619,32.876552,88.37,0.223,1
-117.249315,32.876552,88.71,0.288,1
-117.249011,32.876552,89.02,0.356,1
-117.248707,32.876552,89.35,0.382,1
-117.248404,32.876552,89.52,0.365,1
-117.2481,32.876552,89.63,0.363,1
-117.247796,32.876552,89.51,0.426,1
-117.247493,32.876552,89.5,0.537,1
-117.247189,32.876552,89.74,0.627,1
-117.246885,32.876552,90.24,0.636,1
-117.246582,32.876552,90.93,0.59,1
-117.246278,32.876552,92.07,0.386,1
-117.245974,32.876552,93.16,0.307,1
-117.24567,32.876552,94.55,0.369,1
-117.245367,32.876552,95.74,0.383,1
-117.245063,32.876552,96.1,0.468,1
-117.244759,32.876552,96.17,0.546,1
-117.244456,32.876552,96.62,0.482,1
-117.244152,32.876552,97.93,0.436,1
-117.243848,32.876552,100.06,0.44,1
-117.243545,32.876552,102.22,0.448,2
-117.243241,32.876552,105.41,0.568,2
-117.242937,32.876552,105.78,0.484,2
-117.242633,32.876552,104.54,0.464,2
-117.24233,32.876552,102.79,0.477,2
-117.242026,32.876552,100.32,0.287,3
-117.241722,32.876552,99.17,0.231,3
-117.241419,32.876552,97.95,0.168,3
-117.241115,32.876552,96.64,0.274,3
-117.240811,32.876552,96.14,0.44,3
-117.240508,32.876552,95.46,0.428,3
-117.240204,32.876552,94.64,0.359,3
-117.2399,32.876552,93.92,0.364,3
-117.239596,32.876552,93.54,0.499,3
-117.239293,32.876552,93.69,0.582,3
-117.238989,32.876552,93.86,0.543,3
-117.238685,32.876552,94.15,0.42,3
-117.238382,32.876552,95.02,0.27,4
-117.238078,32.876552,95.86,0.231,4
-117.237774,32.876552,96.47,0.22,4
-117.237471,32.876552,96.72,0.183,4
-117.237167,32.876552,96.86,0.178,4
-117.236863,32.876552,96.97,0.273,4
-117.236559,32.876552,97.16,0.266,4
-117.236256,32.876552,97.51,0.149,4
-117.235952,32.876552,97.35,0.258,4
-117.235648,32.876552,97.85,0.522,4
-117.235345,32.876552,98.33,0.407,4
-117.235041,32.876552,97.91,0.317,4
-117.234737,32.876552,97.7,0.389,4
-117.234434,32.876552,98.16,0.341,4
-117.23413,32.876552,98.69,0.265,4
-117.233826,32.876552,100.55,0.336,3
-117.233522,32.876552,102.11,0.315,3
-117.233219,32.876552,102.23,0.189,3
-117.232915,32.876552,101.89,0.177,3
-117.232611,32.876552,101.43,0.235,3
-117.232308,32.876552,101.26,0.282,3
-117.232004,32.876552,101.17,0.304,3
-117.2317,32.876552,101.63,0.322,3
-117.231397,32.876552,102.6,0.259,3
-117.231093,32.876552,103.25,0.159,3
-117.230789,32.876552,103.59,0.122,3
-117.230485,32.876552,103.61,0.202,3
-117.230182,32.876552,103.61,0.286,3
-117.229878,32.876552,102.76,0.264,3
-117.229574,32.876552,101.64,0.334,3
-117.229271,32.876552,99.97,0.226,3
-117.228967,32.876552,98.72,0.114,3
-117.228663,32.876552,98.39,0.13,3
-117.22836,32.876552,98.52,0.246,3
-117.228056,32.876552,99.07,0.274,3
-117.227752,32.876552,99.62,0.22,3
-117.227448,32.876552,99.95,0.197,3
-117.227145,32.876552,100.29,0.289,3
-117.226841,32.876552,100.58,0.414,3
-117.226537,32.876552,100.68,0.349,3
-117.226234,32.876552,100.06,0.235,3
-117.22593,32.876552,98.76,0.156,3
-117.225626,32.876552,98.58,0.15,3
-117.225323,32.876552,97.65,0.342,3
-117.225019,32.876552,95.13,0.656,3
-117.224715,32.876552,95.33,0.782,3
-117.224411,32.876552,94.35,0.661,3
-117.224108,32.876552,94.46,0.562,3
-117.223804,32.876552,94.66,0.539,3
-117.2235,32.876552,95.06,0.528,3
-117.223197,32.876552,94.93,0.439,4
-117.222893,32.876552,96.03,0.348,4
-117.222589,32.876552,97.6,0.279,4
-117.222286,32.876552,99.1,0.276,4
-117.221982,32.876552,100.65,0.307,4
-117.221678,32.876552,102.1,0.272,4
-117.221374,32.876552,103.3,0.213,4
-117.221071,32.876552,103.81,0.237,4
-117.220767,32.876552,103.8,0.262,4
-117.220463,32.876552,104.77,0.223,4
-117.22016,32.876552,105.43,0.237,4
-117.219856,32.876552,105.54,0.258,4
-117.219552,32.876552,105.24,0.244,4
-117.219249,32.876552,104.78,0.257,4
-117.218945,32.876552,104.68,0.411,4
-117.218641,32.876552,104.2,0.374,4
-117.218337,32.876552,103.75,0.232,4
-117.218034,32.876552,103.4,0.529,4
-117.21773,32.876552,103.21,0.683,4
-117.217426,32.876552,103.28,0.655,4
-117.217123,32.876552,103.55,0.521,4
-117.216819,32.876552,103.99,0.329,4
-117.216515,32.876552,104.6,0.229,4
-117.216212,32.876552,105.3,0.198,4
-117.215908,32.876552,106.18,0.148,4
-117.215604,32.876552,106.84,0.112,4
-117.2153,32.876552,106.79,0.11,4
-117.214997,32.876552,106.33,0.138,4
-117.214693,32.876552,105.47,0.2,4
-117.214389,32.876552,104.87,0.252,4
-117.214086,32.876552,104.26,0.214,4
-117.213782,32.876552,104.23,0.283,4
-117.213478,32.876552,104.1,0.23,4
-117.213175,32.876552,104.86,0.205,4
-117.212871,32.876552,106.17,0.196,4
-117.212567,32.876552,106.96,0.162,4
-117.212263,32.876552,106.98,0.182,4
-117.21196,32.876552,106.54,0.174,4
-117.254478,32.876248,72.05,0.057,1
-117.254174,32.876248,72.09,0.043,1
-117.25387,32.876248,72.2,0.016,1
-117.253567,32.876248,72.38,0.006,1
-117.253263,32.876248,72.56,-0.02,1
-117.252959,32.876248,75.68,-0.048,1
-117.252655,32.876248,73.49,-0.097,1
-117.252352,32.876248,73.57,-0.159,1
-117.252048,32.876248,74.55,-0.2,1
-117.251744,32.876248,76.2,-0.211,1
-117.251137,32.876248,84.87,0.139,1
-117.250833,32.876248,85.79,0.209,1
-117.25053,32.876248,86.72,0.246,1
-117.250226,32.876248,87.51,0.207,1
-117.249922,32.876248,88.2,0.152,1
-117.249619,32.876248,88.82,0.187,1
-117.249315,32.876248,89.33,0.314,1
-117.249011,32.876248,89.81,0.352,1
-117.248707,32.876248,90.29,0.348,1
-117.248404,32.876248,90.54,0.349,1
-117.2481,32.876248,90.85,0.37,1
-117.247796,32.876248,90.94,0.407,1
-117.247493,32.876248,91.2,0.411,1
-117.247189,32.876248,91.7,0.536,1
-117.246885,32.876248,92.29,0.542,1
-117.246582,32.876248,92.9,0.495,1
-117.246278,32.876248,93.94,0.371,1
-117.245974,32.876248,94.88,0.302,1
-117.24567,32.876248,95.91,0.322,1
-117.245367,32.876248,96.69,0.391,1
-117.245063,32.876248,96.79,0.49,1
-117.244759,32.876248,96.78,0.477,1
-117.244456,32.876248,97.17,0.394,1
-117.244152,32.876248,98.08,0.401,1
-117.243848,32.876248,99.31,0.392,1
-117.243545,32.876248,100.43,0.373,2
-117.243241,32.876248,102.3,0.44,2
-117.242937,32.876248,102.6,0.46,2
-117.242633,32.876248,102.08,0.421,2
-117.24233,32.876248,101.09,0.37,2
-117.242026,32.876248,99.56,0.205,3
-117.241722,32.876248,98.6,0.19,3
-117.241419,32.876248,97.49,0.151,3
-117.241115,32.876248,96.34,0.276,3
-117.240811,32.876248,96.09,0.414,3
-117.240508,32.876248,95.6,0.289,3
-117.240204,32.876248,95,0.317,3
-117.2399,32.876248,94.56,0.403,3
-117.239596,32.876248,94.35,0.504,3
-117.239293,32.876248,94.26,0.536,3
-117.238989,32.876248,94.11,0.509,3
-117.238685,32.876248,94.51,0.364,3
-117.238382,32.876248,95.72,0.198,4
-117.238078,32.876248,96.64,0.297,4
-117.237774,32.876248,97.18,0.268,4
-117.237471,32.876248,97.14,0.248,4
-117.237167,32.876248,97.01,0.426,4
-117.236863,32.876248,96.94,0.597,4
-117.236559,32.876248,96.96,0.575,4
-117.236256,32.876248,97.09,0.112,4
-117.235952,32.876248,96.68,0.162,4
-117.235648,32.876248,96.87,0.345,4
-117.235345,32.876248,97.06,0.411,4
-117.235041,32.876248,95.87,0.499,4
-117.234737,32.876248,95.19,0.665,4
-117.234434,32.876248,96.32,0.547,3
-117.23413,32.876248,97.74,0.322,3
-117.233826,32.876248,99.65,0.37,3
-117.233522,32.876248,101.11,0.347,3
-117.233219,32.876248,101.6,0.149,3
-117.232915,32.876248,101.82,0.081,3
-117.232611,32.876248,101.87,0.101,3
-117.232308,32.876248,102.04,0.107,3
-117.232004,32.876248,102.41,0.085,3
-117.2317,32.876248,103.46,0.099,3
-117.231397,32.876248,104.69,0.121,3
-117.231093,32.876248,105.26,0.174,3
-117.230789,32.876248,105.17,0.17,3
-117.230485,32.876248,104.69,0.204,3
-117.230182,32.876248,104.12,0.201,3
-117.229878,32.876248,102.69,0.18,3
-117.229574,32.876248,101.31,0.239,3
-117.229271,32.876248,99.8,0.156,3
-117.228967,32.876248,98.85,0.091,3
-117.228663,32.876248,98.56,0.145,3
-117.22836,32.876248,98.56,0.228,3
-117.228056,32.876248,98.89,0.258,3
-117.227752,32.876248,99.17,0.197,3
-117.227448,32.876248,99.24,0.183,3
-117.227145,32.876248,99.4,0.282,3
-117.226841,32.876248,99.61,0.363,3
-117.226537,32.876248,99.49,0.38,3
-117.226234,32.876248,98.26,0.298,3
-117.22593,32.876248,96.05,0.235,3
-117.225626,32.876248,95.06,0.411,3
-117.225323,32.876248,94.41,0.682,3
-117.225019,32.876248,93.89,0.741,3
-117.224715,32.876248,95.13,0.557,3
-117.224411,32.876248,94.99,0.42,3
-117.224108,32.876248,95.7,0.359,3
-117.223804,32.876248,96.09,0.331,3
-117.2235,32.876248,95.75,0.29,4
-117.223197,32.876248,95.99,0.144,4
-117.222893,32.876248,97.07,0.065,4
-117.222589,32.876248,98.3,0.053,4
-117.222286,32.876248,99.69,0.123,4
-117.221982,32.876248,101.35,0.197,4
-117.221678,32.876248,103,0.19,4
-117.221374,32.876248,104.31,0.179,4
-117.221071,32.876248,104.74,0.226,4
-117.220767,32.876248,104.45,0.258,4
-117.220463,32.876248,104.86,0.244,4
-117.22016,32.876248,105.06,0.246,4
-117.219856,32.876248,105.07,0.277,4
-117.219552,32.876248,104.83,0.25,4
-117.219249,32.876248,104.52,0.288,4
-117.218945,32.876248,104.48,0.381,4
-117.218641,32.876248,104.04,0.339,4
-117.218337,32.876248,103.52,0.247,4
-117.218034,32.876248,103.09,0.402,4
-117.21773,32.876248,102.71,0.521,4
-117.217426,32.876248,102.52,0.549,4
-117.217123,32.876248,102.6,0.611,4
-117.216819,32.876248,102.99,0.542,4
-117.216515,32.876248,103.67,0.307,4
-117.216212,32.876248,104.53,0.154,4
-117.215908,32.876248,105.56,0.128,4
-117.215604,32.876248,106.43,0.097,4
-117.2153,32.876248,106.71,0.094,4
-117.214997,32.876248,106.6,0.143,4
-117.214693,32.876248,105.94,0.2,4
-117.214389,32.876248,104.98,0.239,4
-117.214086,32.876248,104.11,0.174,4
-117.213782,32.876248,103.92,0.133,4
-117.213478,32.876248,103.79,0.116,4
-117.213175,32.876248,104.58,0.096,4
-117.212871,32.876248,105.89,0.128,4
-117.212567,32.876248,106.8,0.23,4
-117.254174,32.875945,72.04,0.054,1
-117.25387,32.875945,72.19,0.017,1
-117.253567,32.875945,72.4,0.022,1
-117.253263,32.875945,72.62,-0.027,1
-117.252959,32.875945,75.68,-0.054,1
-117.252655,32.875945,73.57,-0.078,1
-117.252352,32.875945,73.62,-0.13,1
-117.252048,32.875945,74.63,-0.198,1
-117.251744,32.875945,76.34,-0.225,1
-117.251137,32.875945,84.17,0.156,1
-117.250833,32.875945,84.73,0.191,1
-117.25053,32.875945,85.71,0.2,1
-117.250226,32.875945,86.6,0.161,1
-117.249922,32.875945,87.54,0.156,1
-117.249619,32.875945,88.55,0.222,1
-117.249315,32.875945,89.21,0.326,1
-117.249011,32.875945,89.88,0.362,1
-117.248707,32.875945,90.87,0.377,1
-117.248404,32.875945,91.23,0.38,1
-117.2481,32.875945,91.47,0.378,1
-117.247796,32.875945,89.92,0.384,1
-117.247493,32.875945,90.65,0.338,1
-117.247189,32.875945,91.47,0.332,1
-117.246885,32.875945,92.06,0.386,1
-117.246582,32.875945,92.84,0.379,1
-117.246278,32.875945,93.79,0.336,1
-117.245974,32.875945,95.58,0.284,1
-117.24567,32.875945,96.91,0.319,1
-117.245367,32.875945,97.56,0.436,1
-117.245063,32.875945,97.62,0.447,1
-117.244759,32.875945,97.57,0.354,1
-117.244456,32.875945,97.84,0.338,1
-117.244152,32.875945,98.28,0.439,1
-117.243848,32.875945,98.55,0.487,1
-117.243545,32.875945,98.5,0.364,2
-117.243241,32.875945,99.43,0.359,2
-117.242937,32.875945,100.02,0.399,2
-117.242633,32.875945,99.98,0.309,2
-117.24233,32.875945,99.49,0.218,2
-117.242026,32.875945,98.9,0.137,3
-117.241722,32.875945,98.09,0.29,3
-117.241419,32.875945,97.14,0.274,3
-117.241115,32.875945,96.15,0.312,3
-117.240811,32.875945,96.14,0.333,3
-117.240508,32.875945,96.27,0.217,3
-117.240204,32.875945,96,0.392,3
-117.2399,32.875945,95.33,0.504,3
-117.239596,32.875945,94.81,0.537,3
-117.239293,32.875945,94.45,0.454,3
-117.238989,32.875945,94.25,0.346,3
-117.238685,32.875945,94.93,0.254,3
-117.238382,32.875945,96.38,0.202,4
-117.238078,32.875945,97.44,0.411,4
-117.237774,32.875945,97.95,0.423,4
-117.237471,32.875945,97.73,0.339,4
-117.237167,32.875945,97.42,0.638,4
-117.236863,32.875945,97.21,0.666,4
-117.236559,32.875945,97.16,0.499,4
-117.236256,32.875945,97.17,0.106,4
-117.235952,32.875945,96.99,0.116,4
-117.235648,32.875945,97.03,0.285,4
-117.235345,32.875945,97.01,0.37,4
-117.235041,32.875945,96.71,0.579,4
-117.234737,32.875945,96.49,0.741,4
-117.234434,32.875945,97.04,0.6,3
-117.23413,32.875945,97.81,0.34,3
-117.233826,32.875945,98.55,0.355,3
-117.233522,32.875945,99.25,0.314,3
-117.233219,32.875945,99.88,0.104,3
-117.232915,32.875945,100.4,0.026,3
-117.232611,32.875945,100.87,0.031,3
-117.232308,32.875945,101.36,0.044,3
-117.232004,32.875945,102.15,0.053,3
-117.2317,32.875945,103.46,0.061,3
-117.231397,32.875945,104.79,0.122,3
-117.231093,32.875945,105.37,0.199,3
-117.230789,32.875945,104.97,0.204,3
-117.230485,32.875945,104.4,0.209,3
-117.230182,32.875945,103.56,0.178,3
-117.229878,32.875945,102.74,0.133,3
-117.229574,32.875945,101.44,0.167,3
-117.229271,32.875945,100.12,0.125,3
-117.228967,32.875945,99.38,0.077,3
-117.228663,32.875945,99.13,0.104,3
-117.22836,32.875945,99.12,0.137,3
-117.228056,32.875945,99.33,0.195,3
-117.227752,32.875945,99.31,0.303,3
-117.227448,32.875945,98.97,0.38,3
-117.227145,32.875945,98.75,0.348,3
-117.226841,32.875945,98.6,0.292,3
-117.226537,32.875945,98.08,0.346,3
-117.226234,32.875945,96.63,0.447,3
-117.22593,32.875945,94.64,0.617,3
-117.225626,32.875945,94.43,0.711,3
-117.225323,32.875945,95.01,0.685,3
-117.225019,32.875945,95.52,0.562,3
-117.224715,32.875945,94.61,0.405,3
-117.224411,32.875945,95.47,0.252,3
-117.224108,32.875945,96.58,0.193,3
-117.223804,32.875945,97.18,0.221,3
-117.2235,32.875945,96.74,0.236,4
-117.223197,32.875945,96.84,0.163,4
-117.222893,32.875945,97.12,0.128,4
-117.222589,32.875945,97.63,0.131,4
-117.222286,32.875945,98.58,0.163,4
-117.221982,32.875945,99.84,0.229,4
-117.221678,32.875945,101.25,0.239,4
-117.221374,32.875945,102.45,0.215,4
-117.221071,32.875945,103.12,0.258,4
-117.220767,32.875945,103.52,0.263,4
-117.220463,32.875945,103.72,0.262,4
-117.22016,32.875945,103.83,0.307,4
-117.219856,32.875945,104.33,0.31,4
-117.219552,32.875945,104.21,0.256,4
-117.219249,32.875945,104.14,0.307,4
-117.218945,32.875945,103.9,0.309,4
-117.218641,32.875945,103.71,0.265,4
-117.218337,32.875945,103.44,0.239,4
-117.218034,32.875945,103.95,0.156,4
-117.21773,32.875945,103.83,0.192,4
-117.217426,32.875945,103.55,0.438,4
-117.217123,32.875945,103.42,0.644,4
-117.216819,32.875945,103.55,0.534,4
-117.216515,32.875945,104.01,0.223,4
-117.216212,32.875945,104.67,0.087,4
-117.215908,32.875945,105.29,0.117,4
-117.215604,32.875945,105.81,0.105,4
-117.2153,32.875945,106.27,0.116,4
-117.214997,32.875945,106.51,0.145,4
-117.214693,32.875945,106.25,0.151,4
-117.214389,32.875945,105.2,0.165,4
-117.214086,32.875945,104.24,0.112,4
-117.213782,32.875945,103.91,0.147,4
-117.213478,32.875945,103.93,0.095,4
-117.213175,32.875945,104.66,0.059,4
-117.212871,32.875945,105.68,0.089,4
-117.254174,32.875641,72.02,0.046,1
-117.25387,32.875641,72.21,0.038,1
-117.253567,32.875641,72.46,0.005,1
-117.253263,32.875641,72.7,-0.039,1
-117.252959,32.875641,72.9,-0.063,1
-117.252655,32.875641,73.1,-0.091,1
-117.252352,32.875641,73.69,-0.144,1
-117.252048,32.875641,74.79,-0.233,1
-117.251744,32.875641,76.56,-0.236,1
-117.251137,32.875641,84,0.189,1
-117.250833,32.875641,84.61,0.207,1
-117.25053,32.875641,85.67,0.193,1
-117.250226,32.875641,86.61,0.162,1
-117.249922,32.875641,87.62,0.192,1
-117.249619,32.875641,88.71,0.252,1
-117.249315,32.875641,89.43,0.31,1
-117.249011,32.875641,90.22,0.336,1
-117.248707,32.875641,91.34,0.354,1
-117.248404,32.875641,91.78,0.318,1
-117.2481,32.875641,92.08,0.348,1
-117.247796,32.875641,90.31,0.343,1
-117.247493,32.875641,90.82,0.341,1
-117.247189,32.875641,91.56,0.318,1
-117.246885,32.875641,91.96,0.479,1
-117.246582,32.875641,92.9,0.476,1
-117.246278,32.875641,94.14,0.37,1
-117.245974,32.875641,96.09,0.282,1
-117.24567,32.875641,97.47,0.348,1
-117.245367,32.875641,98.29,0.415,1
-117.245063,32.875641,98.56,0.369,1
-117.244759,32.875641,98.61,0.342,1
-117.244456,32.875641,98.84,0.363,1
-117.244152,32.875641,98.54,0.414,1
-117.243848,32.875641,97.79,0.439,2
-117.243545,32.875641,98.05,0.234,2
-117.243241,32.875641,98.38,0.283,2
-117.242937,32.875641,98.81,0.275,2
-117.242633,32.875641,98.78,0.254,2
-117.24233,32.875641,98.65,0.192,2
-117.242026,32.875641,98.16,0.208,3
-117.241722,32.875641,97.43,0.249,3
-117.241419,32.875641,96.77,0.134,3
-117.241115,32.875641,96.34,0.142,3
-117.240811,32.875641,96.68,0.14,3
-117.240508,32.875641,96.94,0.203,3
-117.240204,32.875641,96.9,0.325,3
-117.2399,32.875641,96.17,0.315,3
-117.239596,32.875641,95.36,0.383,3
-117.239293,32.875641,94.83,0.454,3
-117.238989,32.875641,94.74,0.433,3
-117.238685,32.875641,95.51,0.328,3
-117.238382,32.875641,96.85,0.198,4
-117.238078,32.875641,97.84,0.273,4
-117.237774,32.875641,98.27,0.306,4
-117.237471,32.875641,98.07,0.229,4
-117.237167,32.875641,97.78,0.304,4
-117.236863,32.875641,97.59,0.285,4
-117.236559,32.875641,97.53,0.215,4
-117.236256,32.875641,97.51,0.118,4
-117.235952,32.875641,97.37,0.31,4
-117.235648,32.875641,97.43,0.488,4
-117.235345,32.875641,97.55,0.448,4
-117.235041,32.875641,97.57,0.458,4
-117.234737,32.875641,97.53,0.574,4
-117.234434,32.875641,97.97,0.552,3
-117.23413,32.875641,98.45,0.388,3
-117.233826,32.875641,98.83,0.344,3
-117.233522,32.875641,99.23,0.312,3
-117.233219,32.875641,99.65,0.16,3
-117.232915,32.875641,100.07,0.047,3
-117.232611,32.875641,100.51,0.033,3
-117.232308,32.875641,101.07,0.032,3
-117.232004,32.875641,101.89,0.038,3
-117.2317,32.875641,103.07,0.065,3
-117.231397,32.875641,104.28,0.133,3
-117.231093,32.875641,104.98,0.088,3
-117.230789,32.875641,104.89,0.12,3
-117.230485,32.875641,104.45,0.173,3
-117.230182,32.875641,103.49,0.085,3
-117.229878,32.875641,102.53,0.143,3
-117.229574,32.875641,101.18,0.213,3
-117.229271,32.875641,99.93,0.149,3
-117.228967,32.875641,99.24,0.117,3
-117.228663,32.875641,98.86,0.188,3
-117.22836,32.875641,98.69,0.278,3
-117.228056,32.875641,98.8,0.297,3
-117.227752,32.875641,98.62,0.298,3
-117.227448,32.875641,98,0.351,3
-117.227145,32.875641,97.42,0.407,3
-117.226841,32.875641,96.98,0.42,3
-117.226537,32.875641,96.43,0.497,3
-117.226234,32.875641,95.37,0.669,3
-117.22593,32.875641,93.87,0.729,3
-117.225626,32.875641,94.12,0.624,3
-117.225323,32.875641,95.23,0.496,3
-117.225019,32.875641,96.25,0.363,3
-117.224715,32.875641,95.97,0.268,3
-117.224411,32.875641,97.16,0.173,3
-117.224108,32.875641,98.42,0.113,3
-117.223804,32.875641,99.2,0.1,3
-117.2235,32.875641,98.4,0.151,4
-117.223197,32.875641,98.08,0.163,4
-117.222893,32.875641,98.16,0.107,4
-117.222589,32.875641,98.34,0.144,4
-117.222286,32.875641,98.88,0.172,4
-117.221982,32.875641,99.77,0.16,4
-117.221678,32.875641,100.71,0.16,4
-117.221374,32.875641,101.49,0.162,4
-117.221071,32.875641,102.01,0.196,4
-117.220767,32.875641,102.37,0.238,4
-117.220463,32.875641,102.53,0.281,4
-117.22016,32.875641,102.72,0.34,4
-117.219856,32.875641,103.47,0.31,4
-117.219552,32.875641,103.55,0.268,4
-117.219249,32.875641,103.72,0.408,4
-117.218945,32.875641,103.8,0.333,4
-117.218641,32.875641,103.96,0.346,4
-117.218337,32.875641,104.02,0.28,4
-117.218034,32.875641,104.91,0.141,4
-117.21773,32.875641,105.05,0.184,4
-117.217426,32.875641,104.92,0.416,4
-117.217123,32.875641,104.75,0.548,4
-117.216819,32.875641,104.67,0.451,4
-117.216515,32.875641,104.79,0.198,4
-117.216212,32.875641,105.07,0.072,4
-117.215908,32.875641,105.38,0.078,4
-117.215604,32.875641,105.66,0.042,4
-117.2153,32.875641,106.01,0.04,4
-117.214997,32.875641,106.2,0.068,4
-117.214693,32.875641,105.86,0.118,4
-117.214389,32.875641,104.93,0.179,4
-117.214086,32.875641,104.09,0.13,4
-117.213782,32.875641,103.73,0.161,4
-117.213478,32.875641,103.89,0.062,4
-117.213175,32.875641,104.46,0.091,4
-117.25387,32.875337,72.25,0.022,1
-117.253567,32.875337,72.51,0.004,1
-117.253263,32.875337,72.75,-0.032,1
-117.252959,32.875337,72.76,-0.063,1
-117.252655,32.875337,73.13,-0.108,1
-117.252352,32.875337,73.83,-0.172,1
-117.252048,32.875337,75.09,-0.272,1
-117.251744,32.875337,76.9,-0.228,1
-117.251137,32.875337,84.1,0.185,1
-117.250833,32.875337,84.91,0.204,1
-117.25053,32.875337,86.08,0.17,1
-117.250226,32.875337,87.02,0.15,1
-117.249922,32.875337,87.97,0.21,1
-117.249619,32.875337,89,0.272,1
-117.249315,32.875337,89.67,0.294,1
-117.249011,32.875337,90.44,0.311,1
-117.248707,32.875337,91.57,0.364,1
-117.248404,32.875337,92.02,0.345,1
-117.2481,32.875337,92.3,0.392,1
-117.247796,32.875337,90.33,0.364,1
-117.247493,32.875337,90.58,0.309,1
-117.247189,32.875337,90.65,0.37,1
-117.246885,32.875337,90.82,0.521,1
-117.246582,32.875337,91.64,0.544,1
-117.246278,32.875337,92.87,0.478,1
-117.245974,32.875337,95.22,0.365,1
-117.24567,32.875337,96.93,0.346,1
-117.245367,32.875337,98.05,0.342,1
-117.245063,32.875337,98.72,0.349,1
-117.244759,32.875337,99.12,0.334,1
-117.244456,32.875337,99.39,0.284,1
-117.244152,32.875337,99.02,0.289,1
-117.243848,32.875337,98.43,0.284,2
-117.243545,32.875337,98.37,0.253,2
-117.243241,32.875337,98.36,0.348,2
-117.242937,32.875337,98.63,0.245,2
-117.242633,32.875337,98.6,0.21,2
-117.24233,32.875337,98.51,0.273,2
-117.242026,32.875337,98.03,0.408,3
-117.241722,32.875337,97.36,0.272,3
-117.241419,32.875337,96.9,0.123,3
-117.241115,32.875337,96.72,0.127,3
-117.240811,32.875337,97.16,0.176,3
-117.240508,32.875337,97.43,0.163,3
-117.240204,32.875337,97.4,0.148,3
-117.2399,32.875337,96.75,0.132,3
-117.239596,32.875337,96.01,0.233,3
-117.239293,32.875337,95.53,0.395,3
-117.238989,32.875337,95.49,0.469,3
-117.238685,32.875337,96.05,0.418,3
-117.238382,32.875337,96.96,0.323,4
-117.238078,32.875337,97.74,0.292,4
-117.237774,32.875337,98.11,0.283,4
-117.237471,32.875337,98.05,0.317,4
-117.237167,32.875337,97.91,0.202,4
-117.236863,32.875337,97.82,0.101,4
-117.236559,32.875337,97.78,0.138,4
-117.236256,32.875337,97.77,0.091,4
-117.235952,32.875337,97.66,0.477,4
-117.235648,32.875337,97.9,0.58,4
-117.235345,32.875337,98.29,0.525,4
-117.235041,32.875337,98.59,0.281,4
-117.234737,32.875337,98.93,0.231,4
-117.234434,32.875337,99.87,0.355,3
-117.23413,32.875337,100.45,0.391,3
-117.233826,32.875337,100.63,0.331,3
-117.233522,32.875337,100.82,0.296,3
-117.233219,32.875337,100.97,0.188,3
-117.232915,32.875337,101.1,0.042,3
-117.232611,32.875337,101.29,0.033,3
-117.232308,32.875337,101.59,0.033,3
-117.232004,32.875337,102.07,0.03,3
-117.2317,32.875337,102.81,0.047,3
-117.231397,32.875337,103.67,0.104,3
-117.231093,32.875337,104.45,0.08,3
-117.230789,32.875337,104.6,0.099,3
-117.230485,32.875337,104.41,0.166,3
-117.230182,32.875337,103.36,0.172,3
-117.229878,32.875337,102.31,0.175,3
-117.229574,32.875337,100.92,0.232,3
-117.229271,32.875337,99.54,0.169,3
-117.228967,32.875337,98.59,0.134,3
-117.228663,32.875337,97.83,0.253,3
-117.22836,32.875337,97.3,0.393,3
-117.228056,32.875337,97.26,0.389,3
-117.227752,32.875337,97.17,0.335,3
-117.227448,32.875337,96.74,0.381,3
-117.227145,32.875337,96.27,0.49,3
-117.226841,32.875337,95.89,0.599,3
-117.226537,32.875337,95.63,0.72,3
-117.226234,32.875337,95.25,0.75,3
-117.22593,32.875337,94.42,0.63,3
-117.225626,32.875337,94.64,0.474,3
-117.225323,32.875337,95.88,0.376,3
-117.225019,32.875337,97.32,0.227,3
-117.224715,32.875337,97.37,0.135,3
-117.224411,32.875337,98.29,0.096,3
-117.224108,32.875337,99.13,0.101,3
-117.223804,32.875337,99.83,0.093,3
-117.2235,32.875337,98.87,0.162,4
-117.223197,32.875337,98.47,0.189,4
-117.222893,32.875337,98.53,0.166,4
-117.222589,32.875337,98.67,0.2,4
-117.222286,32.875337,99.12,0.191,4
-117.221982,32.875337,99.67,0.168,4
-117.221678,32.875337,100.05,0.193,4
-117.221374,32.875337,100.41,0.194,4
-117.221071,32.875337,100.81,0.187,4
-117.220767,32.875337,101.22,0.198,4
-117.220463,32.875337,101.52,0.19,4
-117.22016,32.875337,101.78,0.231,4
-117.219856,32.875337,102.47,0.235,4
-117.219552,32.875337,102.67,0.285,4
-117.219249,32.875337,102.95,0.366,4
-117.218945,32.875337,103.25,0.354,4
-117.218641,32.875337,103.67,0.402,4
-117.218337,32.875337,104.06,0.254,4
-117.218034,32.875337,105.29,0.248,4
-117.21773,32.875337,105.78,0.289,4
-117.217426,32.875337,105.92,0.389,4
-117.217123,32.875337,105.93,0.44,4
-117.216819,32.875337,105.82,0.431,4
-117.216515,32.875337,105.65,0.31,4
-117.216212,32.875337,105.53,0.188,4
-117.215908,32.875337,105.42,0.149,4
-117.215604,32.875337,105.34,0.13,4
-117.2153,32.875337,105.38,0.135,4
-117.214997,32.875337,105.32,0.138,4
-117.214693,32.875337,104.99,0.169,4
-117.214389,32.875337,104.28,0.24,4
-117.214086,32.875337,103.59,0.154,4
-117.213782,32.875337,103.53,0.197,4
-117.25387,32.875034,72.27,0.002,1
-117.253567,32.875034,72.51,-0.013,1
-117.253263,32.875034,72.73,-0.036,1
-117.252959,32.875034,72.75,-0.054,1
-117.252655,32.875034,73.17,-0.1,1
-117.252352,32.875034,74,-0.159,1
-117.252048,32.875034,75.42,-0.221,1
-117.251744,32.875034,77.26,-0.198,1
-117.251441,32.875034,81.35,-0.008,1
-117.251137,32.875034,84.16,0.172,1
-117.250833,32.875034,85.49,0.205,1
-117.25053,32.875034,86.79,0.155,1
-117.250226,32.875034,87.71,0.148,1
-117.249922,32.875034,88.39,0.205,1
-117.249619,32.875034,89.02,0.249,1
-117.249315,32.875034,89.51,0.249,1
-117.249011,32.875034,90.03,0.286,1
-117.248707,32.875034,90.6,0.356,1
-117.248404,32.875034,90.95,0.392,1
-117.2481,32.875034,91.28,0.394,1
-117.247796,32.875034,90.52,0.36,1
-117.247493,32.875034,90.37,0.306,1
-117.247189,32.875034,89.91,0.435,1
-117.246885,32.875034,89.91,0.606,1
-117.246582,32.875034,90.68,0.639,1
-117.246278,32.875034,91.76,0.648,1
-117.245974,32.875034,93.82,0.565,1
-117.24567,32.875034,95.64,0.391,1
-117.245367,32.875034,97.2,0.298,1
-117.245063,32.875034,98.46,0.309,1
-117.244759,32.875034,99.32,0.305,1
-117.244456,32.875034,99.34,0.264,1
-117.244152,32.875034,98.74,0.247,2
-117.243848,32.875034,98.85,0.248,2
-117.243545,32.875034,98.76,0.258,2
-117.243241,32.875034,98.67,0.336,2
-117.242937,32.875034,98.65,0.184,2
-117.242633,32.875034,98.58,0.204,2
-117.24233,32.875034,98.51,0.208,2
-117.242026,32.875034,98.16,0.315,3
-117.241722,32.875034,97.71,0.192,3
-117.241419,32.875034,97.25,0.226,3
-117.241115,32.875034,97.05,0.283,3
-117.240811,32.875034,96.97,0.274,3
-117.240508,32.875034,96.92,0.305,3
-117.240204,32.875034,97.16,0.224,3
-117.2399,32.875034,97.49,0.161,3
-117.239596,32.875034,97.38,0.249,3
-117.239293,32.875034,96.91,0.431,3
-117.238989,32.875034,96.24,0.517,3
-117.238685,32.875034,95.82,0.519,4
-117.238382,32.875034,96.15,0.488,4
-117.238078,32.875034,97,0.314,4
-117.237774,32.875034,98.06,0.31,4
-117.237471,32.875034,98.14,0.474,4
-117.237167,32.875034,98.17,0.289,4
-117.236863,32.875034,98.2,0.114,4
-117.236559,32.875034,98.2,0.241,4
-117.236256,32.875034,98.21,0.164,4
-117.235952,32.875034,98.34,0.439,4
-117.235648,32.875034,98.67,0.602,4
-117.235345,32.875034,99.2,0.562,4
-117.235041,32.875034,99.52,0.26,4
-117.234737,32.875034,100.13,0.155,4
-117.234434,32.875034,101.69,0.289,3
-117.23413,32.875034,102.5,0.378,3
-117.233826,32.875034,102.69,0.304,3
-117.233522,32.875034,102.86,0.264,3
-117.233219,32.875034,102.92,0.223,3
-117.232915,32.875034,102.77,0.098,3
-117.232611,32.875034,102.5,0.043,3
-117.232308,32.875034,102.38,0.032,3
-117.232004,32.875034,102.27,0.046,3
-117.2317,32.875034,102.4,0.079,3
-117.231397,32.875034,102.82,0.107,3
-117.231093,32.875034,103.51,0.074,3
-117.230789,32.875034,103.75,0.113,3
-117.230485,32.875034,103.88,0.168,3
-117.230182,32.875034,103.15,0.24,3
-117.229878,32.875034,102.09,0.265,3
-117.229574,32.875034,100.54,0.23,3
-117.229271,32.875034,98.96,0.16,3
-117.228967,32.875034,97.66,0.128,3
-117.228663,32.875034,96.32,0.326,3
-117.22836,32.875034,95.23,0.475,3
-117.228056,32.875034,94.94,0.461,3
-117.227752,32.875034,95.16,0.446,3
-117.227448,32.875034,95.49,0.539,3
-117.227145,32.875034,95.87,0.675,3
-117.226841,32.875034,96.19,0.738,3
-117.226537,32.875034,96.58,0.718,3
-117.226234,32.875034,96.71,0.6,3
-117.22593,32.875034,96.2,0.404,3
-117.225626,32.875034,96.76,0.264,3
-117.225323,32.875034,97.7,0.189,3
-117.225019,32.875034,98.74,0.206,3
-117.224715,32.875034,98.29,0.142,3
-117.224411,32.875034,98.7,0.163,3
-117.224108,32.875034,99.3,0.201,3
-117.223804,32.875034,99.62,0.207,3
-117.2235,32.875034,99.27,0.167,4
-117.223197,32.875034,99.15,0.186,4
-117.222893,32.875034,99.08,0.204,4
-117.222589,32.875034,99.31,0.208,4
-117.222286,32.875034,99.85,0.188,4
-117.221982,32.875034,100.24,0.205,4
-117.221678,32.875034,100.31,0.28,4
-117.221374,32.875034,100.44,0.276,4
-117.221071,32.875034,100.87,0.188,4
-117.220767,32.875034,101.13,0.191,4
-117.220463,32.875034,101.29,0.194,4
-117.22016,32.875034,101.33,0.263,4
-117.219856,32.875034,101.59,0.313,4
-117.219552,32.875034,101.98,0.289,4
-117.219249,32.875034,102.38,0.228,4
-117.218945,32.875034,102.87,0.209,4
-117.218641,32.875034,103.41,0.227,4
-117.218337,32.875034,103.96,0.201,4
-117.218034,32.875034,105.1,0.288,4
-117.21773,32.875034,105.84,0.313,4
-117.217426,32.875034,106.25,0.318,4
-117.217123,32.875034,106.42,0.322,4
-117.216819,32.875034,106.3,0.338,4
-117.216515,32.875034,105.94,0.321,4
-117.216212,32.875034,105.45,0.277,4
-117.215908,32.875034,104.96,0.226,4
-117.215604,32.875034,104.58,0.191,4
-117.2153,32.875034,104.29,0.193,4
-117.214997,32.875034,104.03,0.163,4
-117.214693,32.875034,103.86,0.166,4
-117.214389,32.875034,103.47,0.221,4
-117.253567,32.87473,72.48,-0.017,1
-117.253263,32.87473,72.66,-0.033,1
-117.252959,32.87473,74,-0.052,1
-117.252655,32.87473,73.46,-0.097,1
-117.252352,32.87473,74.15,-0.192,1
-117.252048,32.87473,75.68,-0.234,1
-117.251744,32.87473,77.53,-0.175,1
-117.251441,32.87473,81.54,0.046,1
-117.251137,32.87473,84.49,0.197,1
-117.250833,32.87473,86,0.21,1
-117.25053,32.87473,87.38,0.186,1
-117.250226,32.87473,88.24,0.169,1
-117.249922,32.87473,88.53,0.18,1
-117.249619,32.87473,88.56,0.2,1
-117.249315,32.87473,88.87,0.225,1
-117.249011,32.87473,89.02,0.298,1
-117.248707,32.87473,88.51,0.346,1
-117.248404,32.87473,88.71,0.399,1
-117.2481,32.87473,89.17,0.363,1
-117.247796,32.87473,90.84,0.371,1
-117.247493,32.87473,90.38,0.412,1
-117.247189,32.87473,90,0.548,1
-117.246885,32.87473,90.2,0.665,1
-117.246582,32.87473,90.97,0.654,1
-117.246278,32.87473,92.1,0.662,1
-117.245974,32.87473,93.04,0.616,1
-117.24567,32.87473,94.5,0.49,1
-117.245367,32.87473,96.42,0.36,1
-117.245063,32.87473,98.23,0.325,1
-117.244759,32.87473,99.48,0.296,1
-117.244456,32.87473,99.47,0.244,1
-117.244152,32.87473,98.87,0.278,2
-117.243848,32.87473,99.14,0.289,2
-117.243545,32.87473,99.05,0.214,2
-117.243241,32.87473,98.85,0.193,2
-117.242937,32.87473,98.45,0.094,2
-117.242633,32.87473,98.41,0.137,2
-117.24233,32.87473,98.42,0.103,2
-117.242026,32.87473,98.2,0.139,3
-117.241722,32.87473,97.93,0.122,3
-117.241419,32.87473,97.59,0.188,3
-117.241115,32.87473,97.39,0.306,3
-117.240811,32.87473,96.37,0.284,3
-117.240508,32.87473,95.92,0.367,3
-117.240204,32.87473,96.69,0.216,3
-117.2399,32.87473,98.45,0.143,3
-117.239596,32.87473,99.15,0.251,3
-117.239293,32.87473,98.66,0.351,3
-117.238989,32.87473,97.11,0.393,4
-117.238685,32.87473,95.29,0.497,4
-117.238382,32.87473,94.98,0.569,4
-117.238078,32.87473,95.99,0.397,4
-117.237774,32.87473,98.05,0.323,4
-117.237471,32.87473,98.17,0.43,4
-117.237167,32.87473,98.31,0.337,4
-117.236863,32.87473,98.46,0.168,4
-117.236559,32.87473,98.57,0.188,4
-117.236256,32.87473,98.65,0.182,4
-117.235952,32.87473,99.09,0.279,4
-117.235648,32.87473,99.45,0.411,4
-117.235345,32.87473,99.86,0.39,4
-117.235041,32.87473,100.03,0.204,4
-117.234737,32.87473,100.73,0.15,4
-117.234434,32.87473,102.6,0.238,3
-117.23413,32.87473,103.55,0.34,3
-117.233826,32.87473,103.86,0.288,3
-117.233522,32.87473,104.24,0.282,3
-117.233219,32.87473,104.44,0.298,3
-117.232915,32.87473,104.2,0.171,3
-117.232611,32.87473,103.52,0.092,3
-117.232308,32.87473,102.92,0.087,3
-117.232004,32.87473,102.26,0.112,3
-117.2317,32.87473,101.71,0.125,3
-117.231397,32.87473,101.79,0.085,3
-117.231093,32.87473,102.55,0.067,3
-117.230789,32.87473,103.1,0.11,3
-117.230485,32.87473,103.44,0.122,3
-117.230182,32.87473,102.92,0.171,3
-117.229878,32.87473,102.03,0.209,3
-117.229574,32.87473,100.43,0.251,3
-117.229271,32.87473,98.63,0.149,3
-117.228967,32.87473,96.89,0.114,3
-117.228663,32.87473,95.01,0.361,3
-117.22836,32.87473,93.49,0.563,3
-117.228056,32.87473,93.26,0.647,3
-117.227752,32.87473,94.08,0.709,3
-117.227448,32.87473,95.25,0.743,3
-117.227145,32.87473,96.52,0.711,3
-117.226841,32.87473,97.8,0.601,3
-117.226537,32.87473,99.16,0.47,3
-117.226234,32.87473,99.87,0.369,3
-117.22593,32.87473,99.27,0.295,3
-117.225626,32.87473,99.29,0.173,3
-117.225323,32.87473,99.65,0.17,3
-117.225019,32.87473,100.11,0.218,3
-117.224715,32.87473,99.16,0.139,3
-117.224411,32.87473,99.23,0.162,3
-117.224108,32.87473,99.58,0.18,3
-117.223804,32.87473,99.6,0.222,4
-117.2235,32.87473,99.89,0.188,4
-117.223197,32.87473,100.17,0.158,4
-117.222893,32.87473,100.01,0.175,4
-117.222589,32.87473,100.24,0.2,4
-117.222286,32.87473,100.94,0.2,4
-117.221982,32.87473,101.43,0.229,4
-117.221678,32.87473,101.59,0.267,4
-117.221374,32.87473,101.75,0.234,4
-117.221071,32.87473,101.95,0.187,4
-117.220767,32.87473,102.09,0.177,4
-117.220463,32.87473,102.11,0.186,4
-117.22016,32.87473,101.92,0.259,4
-117.219856,32.87473,101.77,0.356,4
-117.219552,32.87473,101.93,0.346,4
-117.219249,32.87473,102.22,0.274,4
-117.218945,32.87473,102.98,0.163,4
-117.218641,32.87473,103.43,0.139,4
-117.218337,32.87473,103.96,0.248,4
-117.218034,32.87473,104.92,0.26,4
-117.21773,32.87473,105.78,0.186,4
-117.217426,32.87473,106.3,0.174,4
-117.217123,32.87473,106.45,0.196,4
-117.216819,32.87473,106.21,0.207,4
-117.216515,32.87473,105.69,0.221,4
-117.216212,32.87473,104.94,0.268,4
-117.215908,32.87473,104.11,0.242,4
-117.215604,32.87473,103.44,0.151,4
-117.2153,32.87473,102.98,0.145,4
-117.214997,32.87473,102.78,0.104,4
-117.253263,32.874426,72.59,-0.041,1
-117.252959,32.874426,75.74,-0.066,1
-117.252655,32.874426,73.86,-0.125,1
-117.252352,32.874426,74.28,-0.223,1
-117.252048,32.874426,75.87,-0.24,1
-117.251744,32.874426,78.94,-0.116,1
-117.251441,32.874426,82.34,0.122,1
-117.251137,32.874426,84.48,0.218,1
-117.250833,32.874426,85.92,0.201,1
-117.25053,32.874426,87.21,0.205,1
-117.250226,32.874426,88,0.219,1
-117.249922,32.874426,88.24,0.238,1
-117.249619,32.874426,88.21,0.259,1
-117.249315,32.874426,88.41,0.28,1
-117.249011,32.874426,88.43,0.387,1
-117.248707,32.874426,87.65,0.433,1
-117.248404,32.874426,87.85,0.463,1
-117.2481,32.874426,88.39,0.385,1
-117.247796,32.874426,89.95,0.365,1
-117.247493,32.874426,89.44,0.473,1
-117.247189,32.874426,89.14,0.593,1
-117.246885,32.874426,89.48,0.645,1
-117.246582,32.874426,90.38,0.49,1
-117.246278,32.874426,91.6,0.51,1
-117.245974,32.874426,92.61,0.564,1
-117.24567,32.874426,94.26,0.504,1
-117.245367,32.874426,96.39,0.36,1
-117.245063,32.874426,98.27,0.323,1
-117.244759,32.874426,99.48,0.319,1
-117.244456,32.874426,99.29,0.282,1
-117.244152,32.874426,98.5,0.334,2
-117.243848,32.874426,98.88,0.331,2
-117.243545,32.874426,98.81,0.229,2
-117.243241,32.874426,98.56,0.122,2
-117.242937,32.874426,98.11,0.088,2
-117.242633,32.874426,98.14,0.145,2
-117.24233,32.874426,98.34,0.16,2
-117.242026,32.874426,98.33,0.206,3
-117.241722,32.874426,98.24,0.175,3
-117.241419,32.874426,98.06,0.219,3
-117.241115,32.874426,97.88,0.427,3
-117.240811,32.874426,96.4,0.458,3
-117.240508,32.874426,96.21,0.359,3
-117.240204,32.874426,97.31,0.171,3
-117.2399,32.874426,99.29,0.107,4
-117.239596,32.874426,100.23,0.157,4
-117.239293,32.874426,99.85,0.15,4
-117.238989,32.874426,98.21,0.172,4
-117.238685,32.874426,96.06,0.342,4
-117.238382,32.874426,95.15,0.478,4
-117.238078,32.874426,95.59,0.438,4
-117.237774,32.874426,97.47,0.363,4
-117.237471,32.874426,97.52,0.293,4
-117.237167,32.874426,97.72,0.226,4
-117.236863,32.874426,98.02,0.15,4
-117.236559,32.874426,98.28,0.119,4
-117.236256,32.874426,98.52,0.131,4
-117.235952,32.874426,99.04,0.138,4
-117.235648,32.874426,99.29,0.321,4
-117.235345,32.874426,99.59,0.235,4
-117.235041,32.874426,99.88,0.106,4
-117.234737,32.874426,100.61,0.097,4
-117.234434,32.874426,102.47,0.152,3
-117.23413,32.874426,103.57,0.293,3
-117.233826,32.874426,104.1,0.319,3
-117.233522,32.874426,104.75,0.276,3
-117.233219,32.874426,105.27,0.261,3
-117.232915,32.874426,105.31,0.187,3
-117.232611,32.874426,104.59,0.101,3
-117.232308,32.874426,103.53,0.088,3
-117.232004,32.874426,102.42,0.117,3
-117.2317,32.874426,101.42,0.115,3
-117.231397,32.874426,101.42,0.052,3
-117.231093,32.874426,102.32,0.054,3
-117.230789,32.874426,103.11,0.091,3
-117.230485,32.874426,103.29,0.114,3
-117.230182,32.874426,102.68,0.143,3
-117.229878,32.874426,101.99,0.141,3
-117.229574,32.874426,100.62,0.276,3
-117.229271,32.874426,98.82,0.156,3
-117.228967,32.874426,96.72,0.13,3
-117.228663,32.874426,94.36,0.354,3
-117.22836,32.874426,93.21,0.607,3
-117.228056,32.874426,93.78,0.718,3
-117.227752,32.874426,95.09,0.717,3
-117.227448,32.874426,96.56,0.619,3
-117.227145,32.874426,98.15,0.459,3
-117.226841,32.874426,99.9,0.353,3
-117.226537,32.874426,101.87,0.286,3
-117.226234,32.874426,102.92,0.237,3
-117.22593,32.874426,102.07,0.232,3
-117.225626,32.874426,101.68,0.201,3
-117.225323,32.874426,101.26,0.238,3
-117.225019,32.874426,101.16,0.245,3
-117.224715,32.874426,99.86,0.168,3
-117.224411,32.874426,99.86,0.186,3
-117.224108,32.874426,99.1,0.226,4
-117.223804,32.874426,99.85,0.261,4
-117.2235,32.874426,100.46,0.237,4
-117.223197,32.874426,100.84,0.171,4
-117.222893,32.874426,100.8,0.177,4
-117.222589,32.874426,101.22,0.213,4
-117.222286,32.874426,102.02,0.241,4
-117.221982,32.874426,102.55,0.288,4
-117.221678,32.874426,102.86,0.309,4
-117.221374,32.874426,103.06,0.297,4
-117.221071,32.874426,103.12,0.301,4
-117.220767,32.874426,103.2,0.269,4
-117.220463,32.874426,103.16,0.261,4
-117.22016,32.874426,103.04,0.258,4
-117.219856,32.874426,102.94,0.291,4
-117.219552,32.874426,102.98,0.279,4
-117.219249,32.874426,103.04,0.251,4
-117.218945,32.874426,103.43,0.245,4
-117.218641,32.874426,103.65,0.229,4
-117.218337,32.874426,104.08,0.29,4
-117.218034,32.874426,105.05,0.229,4
-117.21773,32.874426,105.84,0.148,4
-117.217426,32.874426,106.27,0.131,4
-117.217123,32.874426,106.33,0.154,4
-117.216819,32.874426,105.94,0.154,4
-117.216515,32.874426,105.25,0.15,4
-117.216212,32.874426,104.27,0.243,4
-117.215908,32.874426,103.09,0.255,4
-117.215604,32.874426,102.15,0.122,4
-117.2153,32.874426,101.82,0.114,4
-117.252959,32.874122,73.95,-0.092,1
-117.252655,32.874122,73.56,-0.122,1
-117.252352,32.874122,74.5,-0.219,1
-117.252048,32.874122,76.12,-0.221,1
-117.251744,32.874122,80.21,-0.041,1
-117.251441,32.874122,83.03,0.171,1
-117.251137,32.874122,84.39,0.243,1
-117.250833,32.874122,85.65,0.239,1
-117.25053,32.874122,86.66,0.261,1
-117.250226,32.874122,87.23,0.293,1
-117.249922,32.874122,87.43,0.321,1
-117.249619,32.874122,87.39,0.335,1
-117.249315,32.874122,87.56,0.307,1
-117.249011,32.874122,87.54,0.379,1
-117.248707,32.874122,86.72,0.425,1
-117.248404,32.874122,86.91,0.439,1
-117.2481,32.874122,87.26,0.409,1
-117.247796,32.874122,88.88,0.362,1
-117.247493,32.874122,88.57,0.493,1
-117.247189,32.874122,88.5,0.579,1
-117.246885,32.874122,89.07,0.594,1
-117.246582,32.874122,90.16,0.397,1
-117.246278,32.874122,91.52,0.285,1
-117.245974,32.874122,92.69,0.348,1
-117.24567,32.874122,94.49,0.385,1
-117.245367,32.874122,96.68,0.355,1
-117.245063,32.874122,98.43,0.312,1
-117.244759,32.874122,99.43,0.262,1
-117.244456,32.874122,99.02,0.282,1
-117.244152,32.874122,98.03,0.374,2
-117.243848,32.874122,98.47,0.368,2
-117.243545,32.874122,98.43,0.311,2
-117.243241,32.874122,98.18,0.248,2
-117.242937,32.874122,97.75,0.247,2
-117.242633,32.874122,97.88,0.228,2
-117.24233,32.874122,98.31,0.265,2
-117.242026,32.874122,98.53,0.273,3
-117.241722,32.874122,98.59,0.218,3
-117.241419,32.874122,98.48,0.23,3
-117.241115,32.874122,98.29,0.298,3
-117.240811,32.874122,97.06,0.304,3
-117.240508,32.874122,96.7,0.308,3
-117.240204,32.874122,97.22,0.25,4
-117.2399,32.874122,99.26,0.19,4
-117.239596,32.874122,100.49,0.148,4
-117.239293,32.874122,100.1,0.108,4
-117.238989,32.874122,98.31,0.169,4
-117.238685,32.874122,96.07,0.304,4
-117.238382,32.874122,95.05,0.354,4
-117.238078,32.874122,95.21,0.415,4
-117.237774,32.874122,96.79,0.467,4
-117.237471,32.874122,96.74,0.181,4
-117.237167,32.874122,97,0.083,4
-117.236863,32.874122,97.44,0.084,4
-117.236559,32.874122,97.89,0.115,4
-117.236256,32.874122,98.25,0.135,4
-117.235952,32.874122,98.83,0.113,4
-117.235648,32.874122,98.98,0.32,4
-117.235345,32.874122,99.23,0.253,4
-117.235041,32.874122,99.44,0.101,4
-117.234737,32.874122,100.08,0.071,4
-117.234434,32.874122,101.92,0.153,3
-117.23413,32.874122,103.15,0.275,3
-117.233826,32.874122,103.94,0.296,3
-117.233522,32.874122,105.03,0.197,3
-117.233219,32.874122,106.09,0.134,3
-117.232915,32.874122,106.52,0.135,3
-117.232611,32.874122,105.85,0.086,3
-117.232308,32.874122,104.41,0.041,3
-117.232004,32.874122,102.81,0.039,3
-117.2317,32.874122,101.64,0.026,3
-117.231397,32.874122,101.71,0.004,3
-117.231093,32.874122,102.55,0.038,3
-117.230789,32.874122,103.1,0.104,3
-117.230485,32.874122,102.97,0.083,3
-117.230182,32.874122,102.34,0.134,3
-117.229878,32.874122,101.82,0.197,3
-117.229574,32.874122,100.77,0.258,3
-117.229271,32.874122,99.21,0.162,3
-117.228967,32.874122,97.37,0.126,3
-117.228663,32.874122,95.34,0.323,3
-117.22836,32.874122,94.4,0.576,3
-117.228056,32.874122,95.53,0.637,3
-117.227752,32.874122,97.5,0.51,3
-117.227448,32.874122,99.23,0.377,3
-117.227145,32.874122,100.75,0.321,3
-117.226841,32.874122,102.15,0.279,3
-117.226537,32.874122,103.86,0.226,3
-117.226234,32.874122,104.86,0.2,3
-117.22593,32.874122,103.74,0.218,3
-117.225626,32.874122,103.21,0.294,3
-117.225323,32.874122,102.15,0.277,3
-117.225019,32.874122,101.79,0.194,3
-117.224715,32.874122,100.25,0.173,3
-117.224411,32.874122,100.14,0.205,3
-117.224108,32.874122,98.82,0.378,4
-117.223804,32.874122,100.25,0.379,4
-117.2235,32.874122,101.17,0.271,4
-117.223197,32.874122,101.7,0.198,4
-117.222893,32.874122,101.75,0.231,4
-117.222589,32.874122,102.24,0.276,4
-117.222286,32.874122,103.16,0.294,4
-117.221982,32.874122,103.82,0.322,4
-117.221678,32.874122,104.17,0.337,4
-117.221374,32.874122,104.37,0.322,4
-117.221071,32.874122,104.44,0.316,4
-117.220767,32.874122,104.47,0.302,4
-117.220463,32.874122,104.3,0.322,4
-117.22016,32.874122,104.14,0.316,4
-117.219856,32.874122,104.12,0.31,4
-117.219552,32.874122,103.94,0.318,4
-117.219249,32.874122,103.68,0.395,4
-117.218945,32.874122,104.17,0.432,4
-117.218641,32.874122,104.26,0.424,4
-117.218337,32.874122,104.54,0.304,4
-117.218034,32.874122,105.29,0.23,4
-117.21773,32.874122,105.92,0.186,4
-117.217426,32.874122,106.16,0.161,4
-117.217123,32.874122,105.95,0.17,4
-117.216819,32.874122,105.36,0.164,4
-117.216515,32.874122,104.56,0.161,4
-117.216212,32.874122,103.41,0.24,4
-117.215908,32.874122,102.51,0.304,4
-117.252959,32.873819,72.69,-0.118,1
-117.252655,32.873819,73.54,-0.133,1
-117.252352,32.873819,74.86,-0.216,1
-117.252048,32.873819,76.47,-0.201,1
-117.251744,32.873819,80.39,0.004,1
-117.251441,32.873819,83.09,0.186,1
-117.251137,32.873819,84.48,0.326,1
-117.250833,32.873819,85.67,0.425,1
-117.25053,32.873819,86.43,0.475,1
-117.250226,32.873819,86.75,0.463,1
-117.249922,32.873819,86.85,0.376,1
-117.249619,32.873819,86.91,0.333,1
-117.249315,32.873819,87.09,0.355,1
-117.249011,32.873819,87.24,0.411,1
-117.248707,32.873819,87.36,0.391,1
-117.248404,32.873819,87.49,0.451,1
-117.2481,32.873819,87.51,0.502,1
-117.247796,32.873819,87.49,0.455,1
-117.247493,32.873819,87.44,0.548,1
-117.247189,32.873819,87.78,0.624,1
-117.246885,32.873819,88.75,0.598,1
-117.246582,32.873819,90.15,0.531,1
-117.246278,32.873819,91.68,0.474,1
-117.245974,32.873819,93.25,0.436,1
-117.24567,32.873819,95.25,0.381,1
-117.245367,32.873819,97.34,0.348,1
-117.245063,32.873819,98.76,0.309,1
-117.244759,32.873819,99.43,0.28,1
-117.244456,32.873819,98.81,0.333,1
-117.244152,32.873819,97.75,0.405,2
-117.243848,32.873819,98.33,0.399,2
-117.243545,32.873819,98.3,0.342,2
-117.243241,32.873819,98.05,0.273,2
-117.242937,32.873819,97.46,0.333,2
-117.242633,32.873819,97.7,0.229,2
-117.24233,32.873819,98.34,0.234,2
-117.242026,32.873819,98.57,0.194,3
-117.241722,32.873819,98.68,0.176,3
-117.241419,32.873819,98.56,0.134,3
-117.241115,32.873819,98.4,0.108,3
-117.240811,32.873819,98.01,0.131,3
-117.240508,32.873819,97.84,0.316,3
-117.240204,32.873819,98.22,0.318,3
-117.2399,32.873819,98.66,0.222,3
-117.239596,32.873819,98.95,0.136,3
-117.239293,32.873819,98.41,0.103,3
-117.238989,32.873819,97.31,0.264,3
-117.238685,32.873819,96.34,0.445,3
-117.238382,32.873819,95.46,0.423,3
-117.238078,32.873819,95.24,0.449,3
-117.237774,32.873819,95.28,0.42,4
-117.237471,32.873819,95.27,0.205,4
-117.237167,32.873819,95.57,0.061,4
-117.236863,32.873819,96.08,0.068,4
-117.236559,32.873819,96.59,0.128,4
-117.236256,32.873819,96.91,0.123,4
-117.235952,32.873819,97.2,0.132,4
-117.235648,32.873819,97.34,0.276,4
-117.235345,32.873819,97.58,0.318,4
-117.235041,32.873819,97.84,0.139,4
-117.234737,32.873819,98.4,0.105,4
-117.234434,32.873819,100.15,0.226,3
-117.23413,32.873819,101.5,0.374,3
-117.233826,32.873819,102.79,0.303,3
-117.233522,32.873819,104.65,0.123,3
-117.233219,32.873819,106.4,0.064,3
-117.232915,32.873819,107.24,0.079,3
-117.232611,32.873819,106.77,0.069,3
-117.232308,32.873819,105.17,0.029,3
-117.232004,32.873819,103.32,0.017,3
-117.2317,32.873819,102.29,0.013,3
-117.231397,32.873819,102.36,0.008,3
-117.231093,32.873819,102.91,0.062,3
-117.230789,32.873819,103.18,0.106,3
-117.230485,32.873819,102.63,0.095,3
-117.230182,32.873819,101.95,0.144,3
-117.229878,32.873819,101.55,0.241,3
-117.229574,32.873819,100.72,0.258,3
-117.229271,32.873819,99.41,0.168,3
-117.228967,32.873819,97.5,0.113,3
-117.228663,32.873819,95.79,0.374,3
-117.22836,32.873819,95.31,0.588,3
-117.228056,32.873819,96.75,0.523,3
-117.227752,32.873819,98.87,0.328,3
-117.227448,32.873819,100.81,0.217,3
-117.227145,32.873819,102.52,0.221,3
-117.226841,32.873819,103.51,0.265,3
-117.226537,32.873819,104.48,0.353,3
-117.226234,32.873819,104.99,0.325,3
-117.22593,32.873819,104.36,0.201,3
-117.225626,32.873819,103.44,0.206,3
-117.225323,32.873819,101.9,0.169,3
-117.225019,32.873819,101.53,0.24,3
-117.224715,32.873819,99.69,0.35,3
-117.224411,32.873819,99.78,0.33,3
-117.224108,32.873819,98.9,0.393,4
-117.223804,32.873819,101.31,0.37,4
-117.2235,32.873819,102.7,0.201,4
-117.223197,32.873819,103.48,0.202,4
-117.222893,32.873819,104.21,0.283,4
-117.222589,32.873819,105.14,0.376,4
-117.222286,32.873819,106.14,0.398,4
-117.221982,32.873819,106.86,0.333,4
-117.221678,32.873819,107.26,0.26,4
-117.221374,32.873819,107.43,0.247,4
-117.221071,32.873819,107.37,0.293,4
-117.220767,32.873819,107.11,0.314,4
-117.220463,32.873819,106.9,0.334,4
-117.22016,32.873819,106.46,0.35,4
-117.219856,32.873819,105.28,0.35,4
-117.219552,32.873819,105.07,0.372,4
-117.219249,32.873819,104.76,0.442,4
-117.218945,32.873819,105.67,0.411,4
-117.218641,32.873819,105.68,0.344,4
-117.218337,32.873819,105.74,0.235,4
-117.218034,32.873819,105.49,0.178,4
-117.21773,32.873819,105.5,0.148,4
-117.217426,32.873819,105.38,0.169,4
-117.217123,32.873819,104.94,0.19,4
-117.216819,32.873819,104.25,0.148,4
-117.216515,32.873819,103.44,0.139,4
-117.216212,32.873819,102.92,0.177,4
-117.252655,32.873515,74.09,-0.169,1
-117.252352,32.873515,75.37,-0.223,1
-117.252048,32.873515,78.95,-0.135,1
-117.251744,32.873515,81.74,0.054,1
-117.251441,32.873515,83.43,0.231,1
-117.251137,32.873515,84.87,0.423,1
-117.250833,32.873515,86.11,0.623,1
-117.25053,32.873515,86.88,0.735,1
-117.250226,32.873515,87.09,0.724,1
-117.249922,32.873515,86.97,0.647,1
-117.249619,32.873515,86.9,0.579,1
-117.249315,32.873515,87.04,0.565,1
-117.249011,32.873515,87.24,0.55,1
-117.248707,32.873515,87.61,0.513,1
-117.248404,32.873515,87.65,0.54,1
-117.2481,32.873515,87.55,0.579,1
-117.247796,32.873515,86.93,0.578,1
-117.247493,32.873515,86.9,0.598,1
-117.247189,32.873515,87.41,0.644,1
-117.246885,32.873515,89.04,0.65,1
-117.246582,32.873515,90.81,0.608,1
-117.246278,32.873515,92.46,0.615,1
-117.245974,32.873515,94.08,0.603,1
-117.24567,32.873515,95.91,0.475,1
-117.245367,32.873515,97.72,0.347,1
-117.245063,32.873515,98.91,0.29,1
-117.244759,32.873515,99.37,0.26,1
-117.244456,32.873515,98.58,0.306,1
-117.244152,32.873515,97.38,0.422,2
-117.243848,32.873515,97.94,0.407,2
-117.243545,32.873515,97.93,0.274,2
-117.243241,32.873515,97.75,0.198,2
-117.242937,32.873515,97.17,0.202,2
-117.242633,32.873515,97.46,0.252,2
-117.24233,32.873515,98.09,0.193,2
-117.242026,32.873515,98.64,0.139,2
-117.241722,32.873515,98.83,0.2,2
-117.241419,32.873515,98.6,0.164,2
-117.241115,32.873515,98.18,0.194,2
-117.240811,32.873515,97.74,0.232,2
-117.240508,32.873515,97.63,0.383,2
-117.240204,32.873515,97.86,0.354,2
-117.2399,32.873515,97.64,0.207,2
-117.239596,32.873515,97.43,0.12,2
-117.239293,32.873515,96.56,0.125,2
-117.238989,32.873515,95.52,0.249,3
-117.238685,32.873515,95.04,0.432,3
-117.238382,32.873515,94.42,0.522,3
-117.238078,32.873515,94.39,0.472,3
-117.237774,32.873515,94.36,0.27,4
-117.237471,32.873515,94.43,0.226,4
-117.237167,32.873515,94.74,0.215,4
-117.236863,32.873515,95.21,0.214,4
-117.236559,32.873515,95.6,0.175,4
-117.236256,32.873515,95.89,0.087,4
-117.235952,32.873515,96.18,0.205,4
-117.235648,32.873515,96.39,0.355,4
-117.235345,32.873515,96.53,0.347,4
-117.235041,32.873515,96.64,0.219,4
-117.234737,32.873515,97.02,0.214,4
-117.234434,32.873515,97.75,0.375,4
-117.23413,32.873515,99.15,0.511,3
-117.233826,32.873515,101.6,0.376,3
-117.233522,32.873515,104.8,0.151,3
-117.233219,32.873515,107.35,0.078,3
-117.232915,32.873515,108.03,0.106,3
-117.232611,32.873515,107.21,0.125,3
-117.232308,32.873515,105.75,0.096,3
-117.232004,32.873515,104.13,0.116,3
-117.2317,32.873515,103.21,0.113,3
-117.231397,32.873515,102.93,0.121,3
-117.231093,32.873515,102.9,0.17,3
-117.230789,32.873515,102.71,0.151,3
-117.230485,32.873515,101.98,0.124,3
-117.230182,32.873515,101.15,0.174,3
-117.229878,32.873515,100.76,0.298,3
-117.229574,32.873515,100.05,0.33,3
-117.229271,32.873515,99.08,0.181,3
-117.228967,32.873515,97.62,0.115,3
-117.228663,32.873515,96.33,0.388,3
-117.22836,32.873515,96.4,0.597,3
-117.228056,32.873515,98.3,0.479,3
-117.227752,32.873515,100.58,0.234,3
-117.227448,32.873515,102.41,0.156,3
-117.227145,32.873515,103.9,0.229,3
-117.226841,32.873515,104.59,0.257,3
-117.226537,32.873515,104.97,0.277,3
-117.226234,32.873515,104.84,0.249,3
-117.22593,32.873515,103.96,0.143,3
-117.225626,32.873515,102.27,0.14,3
-117.225323,32.873515,100.99,0.145,3
-117.225019,32.873515,100.74,0.244,3
-117.224715,32.873515,98.8,0.475,3
-117.224411,32.873515,98.97,0.446,3
-117.224108,32.873515,99.02,0.386,4
-117.223804,32.873515,101.94,0.366,4
-117.2235,32.873515,103.7,0.257,4
-117.223197,32.873515,104.78,0.285,4
-117.222893,32.873515,105.67,0.289,4
-117.222589,32.873515,106.63,0.317,4
-117.222286,32.873515,107.5,0.342,4
-117.221982,32.873515,108.1,0.303,4
-117.221678,32.873515,108.44,0.244,4
-117.221374,32.873515,108.58,0.215,4
-117.221071,32.873515,108.49,0.252,4
-117.220767,32.873515,108.22,0.324,4
-117.220463,32.873515,108,0.335,4
-117.22016,32.873515,107.57,0.351,4
-117.219856,32.873515,106.32,0.34,4
-117.219552,32.873515,106.14,0.369,4
-117.219249,32.873515,106.21,0.368,4
-117.218945,32.873515,107.03,0.326,4
-117.218641,32.873515,106.85,0.232,4
-117.218337,32.873515,106.57,0.198,4
-117.218034,32.873515,105.8,0.128,4
-117.21773,32.873515,105.34,0.114,4
-117.217426,32.873515,104.87,0.138,4
-117.217123,32.873515,104.28,0.144,4
-117.216819,32.873515,103.48,0.137,4
-117.252655,32.873211,74.46,-0.189,1
-117.252352,32.873211,75.76,-0.209,1
-117.251744,32.873211,82.95,0.186,1
-117.251441,32.873211,84.13,0.281,1
-117.251137,32.873211,85.71,0.37,1
-117.250833,32.873211,87.11,0.511,1
-117.25053,32.873211,88.01,0.657,1
-117.250226,32.873211,88.19,0.704,1
-117.249922,32.873211,87.95,0.698,1
-117.249619,32.873211,87.87,0.646,1
-117.249315,32.873211,88.12,0.632,1
-117.249011,32.873211,88.39,0.638,1
-117.248707,32.873211,88.73,0.673,1
-117.248404,32.873211,88.77,0.681,1
-117.2481,32.873211,88.48,0.682,1
-117.247796,32.873211,87.36,0.688,1
-117.247493,32.873211,87.16,0.657,1
-117.247189,32.873211,87.81,0.637,1
-117.246885,32.873211,89.59,0.551,1
-117.246582,32.873211,91.65,0.594,1
-117.246278,32.873211,93.39,0.544,1
-117.245974,32.873211,94.86,0.526,1
-117.24567,32.873211,96.28,0.359,1
-117.245367,32.873211,97.71,0.283,1
-117.245063,32.873211,98.94,0.316,1
-117.244759,32.873211,99.58,0.295,1
-117.244456,32.873211,98.64,0.283,1
-117.244152,32.873211,97.15,0.374,2
-117.243848,32.873211,97.56,0.477,2
-117.243545,32.873211,97.52,0.265,2
-117.243241,32.873211,97.36,0.175,2
-117.242937,32.873211,96.85,0.174,2
-117.242633,32.873211,97.11,0.309,2
-117.24233,32.873211,97.54,0.237,2
-117.242026,32.873211,97.86,0.171,2
-117.241722,32.873211,97.83,0.082,2
-117.241419,32.873211,97.39,0.245,2
-117.241115,32.873211,96.83,0.477,2
-117.240811,32.873211,96.43,0.548,2
-117.240508,32.873211,96.3,0.568,2
-117.240204,32.873211,96.37,0.457,2
-117.2399,32.873211,95.91,0.31,2
-117.239596,32.873211,95.41,0.232,2
-117.239293,32.873211,94.64,0.267,2
-117.238989,32.873211,93.8,0.353,2
-117.238685,32.873211,93.47,0.445,3
-117.238382,32.873211,93.27,0.55,3
-117.238078,32.873211,93.56,0.498,3
-117.237774,32.873211,93.92,0.302,4
-117.237471,32.873211,93.95,0.433,4
-117.237167,32.873211,94.05,0.565,4
-117.236863,32.873211,94.25,0.344,4
-117.236559,32.873211,94.56,0.161,4
-117.236256,32.873211,94.91,0.128,4
-117.235952,32.873211,95.27,0.283,4
-117.235648,32.873211,95.48,0.427,4
-117.235345,32.873211,95.62,0.361,4
-117.235041,32.873211,95.66,0.253,4
-117.234737,32.873211,95.93,0.421,4
-117.234434,32.873211,96.44,0.512,4
-117.23413,32.873211,97.36,0.548,4
-117.233826,32.873211,100.18,0.396,3
-117.233522,32.873211,104.4,0.189,3
-117.233219,32.873211,107.4,0.127,3
-117.232915,32.873211,108.32,0.127,3
-117.232611,32.873211,108.11,0.148,3
-117.232308,32.873211,106.98,0.141,3
-117.232004,32.873211,105.64,0.163,3
-117.2317,32.873211,104.44,0.202,3
-117.231397,32.873211,103.46,0.277,3
-117.231093,32.873211,102.72,0.344,3
-117.230789,32.873211,101.8,0.296,3
-117.230485,32.873211,101.12,0.242,3
-117.230182,32.873211,100.27,0.222,3
-117.229878,32.873211,99.99,0.401,3
-117.229574,32.873211,99.36,0.409,3
-117.229271,32.873211,98.69,0.195,3
-117.228967,32.873211,97.86,0.161,3
-117.228663,32.873211,97.11,0.37,3
-117.22836,32.873211,97.56,0.55,3
-117.228056,32.873211,99.53,0.463,3
-117.227752,32.873211,101.59,0.243,3
-117.227448,32.873211,102.83,0.171,3
-117.227145,32.873211,103.57,0.206,3
-117.226841,32.873211,104,0.228,3
-117.226537,32.873211,104.2,0.336,3
-117.226234,32.873211,103.87,0.341,3
-117.22593,32.873211,102.99,0.387,3
-117.225626,32.873211,101.5,0.475,3
-117.225323,32.873211,100.54,0.454,3
-117.225019,32.873211,100.12,0.473,3
-117.224715,32.873211,98.28,0.641,3
-117.224411,32.873211,97.99,0.61,4
-117.224108,32.873211,99.17,0.52,4
-117.223804,32.873211,102.34,0.401,4
-117.2235,32.873211,104.62,0.342,4
-117.223197,32.873211,106,0.315,4
-117.222893,32.873211,106.91,0.303,4
-117.222589,32.873211,107.76,0.3,4
-117.222286,32.873211,108.4,0.301,4
-117.221982,32.873211,108.7,0.281,4
-117.221678,32.873211,108.81,0.227,4
-117.221374,32.873211,108.84,0.185,4
-117.221071,32.873211,108.76,0.22,4
-117.220767,32.873211,108.52,0.312,4
-117.220463,32.873211,108.38,0.338,4
-117.22016,32.873211,108.1,0.319,4
-117.219856,32.873211,107.29,0.255,4
-117.219552,32.873211,107.31,0.276,4
-117.219249,32.873211,107.62,0.269,4
-117.218945,32.873211,108.19,0.267,4
-117.218641,32.873211,107.87,0.18,4
-117.218337,32.873211,107.34,0.192,4
-117.218034,32.873211,106.16,0.099,4
-117.21773,32.873211,105.33,0.068,4
-117.217426,32.873211,104.73,0.073,4
-117.252352,32.872908,76.65,-0.215,1
-117.252048,32.872908,80.35,0.01,1
-117.251744,32.872908,83.12,0.156,1
-117.251441,32.872908,84.94,0.219,1
-117.251137,32.872908,86.5,0.25,1
-117.250833,32.872908,87.78,0.336,1
-117.25053,32.872908,88.62,0.425,1
-117.250226,32.872908,88.81,0.488,1
-117.249922,32.872908,88.96,0.563,1
-117.249619,32.872908,89.51,0.512,1
-117.249315,32.872908,89.96,0.458,1
-117.249011,32.872908,90.28,0.477,1
-117.248707,32.872908,90.19,0.491,1
-117.248404,32.872908,90.37,0.652,1
-117.2481,32.872908,90.3,0.663,1
-117.247796,32.872908,87.85,0.673,1
-117.247493,32.872908,87.77,0.602,1
-117.247189,32.872908,88.36,0.548,1
-117.246885,32.872908,89.99,0.389,1
-117.246582,32.872908,91.55,0.377,1
-117.246278,32.872908,92.86,0.376,1
-117.245974,32.872908,94.07,0.369,1
-117.24567,32.872908,95.34,0.312,1
-117.245367,32.872908,96.41,0.324,1
-117.245063,32.872908,98,0.363,1
-117.244759,32.872908,99.43,0.32,1
-117.244456,32.872908,98.6,0.312,1
-117.244152,32.872908,96.82,0.42,2
-117.243848,32.872908,96.78,0.439,2
-117.243545,32.872908,96.69,0.241,2
-117.243241,32.872908,96.55,0.158,2
-117.242937,32.872908,96.2,0.139,2
-117.242633,32.872908,96.49,0.237,2
-117.24233,32.872908,96.78,0.286,2
-117.242026,32.872908,96.78,0.187,2
-117.241722,32.872908,96.51,0.116,2
-117.241419,32.872908,95.89,0.287,2
-117.241115,32.872908,95.15,0.577,2
-117.240811,32.872908,95.02,0.682,2
-117.240508,32.872908,94.83,0.719,2
-117.240204,32.872908,94.63,0.654,2
-117.2399,32.872908,94.29,0.483,2
-117.239596,32.872908,93.94,0.347,2
-117.239293,32.872908,93.51,0.381,2
-117.238989,32.872908,92.92,0.517,2
-117.238685,32.872908,92.5,0.614,3
-117.238382,32.872908,92.55,0.625,3
-117.238078,32.872908,93.25,0.5,3
-117.237774,32.872908,94.14,0.362,4
-117.237471,32.872908,94.11,0.552,4
-117.237167,32.872908,93.94,0.602,4
-117.236863,32.872908,93.8,0.505,4
-117.236559,32.872908,93.77,0.376,4
-117.236256,32.872908,93.95,0.374,4
-117.235952,32.872908,94.53,0.414,4
-117.235648,32.872908,94.84,0.438,4
-117.235345,32.872908,95.06,0.338,4
-117.235041,32.872908,94.92,0.257,4
-117.234737,32.872908,95.11,0.39,4
-117.234434,32.872908,95.57,0.463,4
-117.23413,32.872908,96.58,0.533,4
-117.233826,32.872908,99.18,0.473,4
-117.233522,32.872908,103.15,0.253,4
-117.233219,32.872908,106.48,0.109,3
-117.232915,32.872908,108.15,0.09,3
-117.232611,32.872908,108.72,0.097,3
-117.232308,32.872908,108.09,0.124,3
-117.232004,32.872908,106.87,0.139,3
-117.2317,32.872908,105.33,0.211,3
-117.231397,32.872908,103.82,0.375,3
-117.231093,32.872908,102.51,0.443,3
-117.230789,32.872908,100.2,0.314,3
-117.230485,32.872908,99.69,0.239,3
-117.230182,32.872908,98.89,0.291,3
-117.229878,32.872908,99.34,0.445,3
-117.229574,32.872908,99.02,0.332,3
-117.229271,32.872908,98.58,0.159,3
-117.228967,32.872908,98.5,0.211,3
-117.228663,32.872908,98.46,0.37,3
-117.22836,32.872908,99.15,0.495,3
-117.228056,32.872908,100.88,0.462,3
-117.227752,32.872908,102.37,0.323,3
-117.227448,32.872908,102.8,0.24,3
-117.227145,32.872908,102.79,0.273,3
-117.226841,32.872908,102.85,0.408,3
-117.226537,32.872908,102.91,0.529,3
-117.226234,32.872908,102.7,0.534,3
-117.22593,32.872908,102.17,0.567,3
-117.225626,32.872908,100.85,0.582,3
-117.225323,32.872908,100.61,0.538,3
-117.225019,32.872908,100.16,0.482,4
-117.224715,32.872908,99.15,0.564,4
-117.224411,32.872908,99.75,0.584,4
-117.224108,32.872908,100.99,0.441,4
-117.223804,32.872908,102.68,0.296,4
-117.2235,32.872908,104.83,0.334,4
-117.223197,32.872908,106.33,0.308,4
-117.222893,32.872908,107.34,0.257,4
-117.222589,32.872908,108.12,0.249,4
-117.222286,32.872908,108.5,0.271,4
-117.221982,32.872908,108.5,0.265,4
-117.221678,32.872908,108.39,0.212,4
-117.221374,32.872908,108.3,0.173,4
-117.221071,32.872908,108.24,0.188,4
-117.220767,32.872908,108.19,0.238,4
-117.220463,32.872908,108.09,0.268,4
-117.22016,32.872908,108,0.21,4
-117.219856,32.872908,107.91,0.181,4
-117.219552,32.872908,108.13,0.192,4
-117.219249,32.872908,108.46,0.264,4
-117.218945,32.872908,108.48,0.275,4
-117.218641,32.872908,108.07,0.174,4
-117.218337,32.872908,107.46,0.161,4
-117.218034,32.872908,106.31,0.109,4
-117.21773,32.872908,105.42,0.063,4
-117.252352,32.872604,77.05,-0.177,1
-117.252048,32.872604,81.25,0.029,1
-117.251744,32.872604,83.74,0.145,1
-117.251441,32.872604,85.62,0.187,1
-117.251137,32.872604,87.21,0.238,1
-117.250833,32.872604,88.43,0.265,1
-117.25053,32.872604,89.25,0.274,1
-117.250226,32.872604,89.57,0.333,1
-117.249922,32.872604,89.98,0.368,1
-117.249619,32.872604,90.85,0.354,1
-117.249315,32.872604,91.49,0.402,1
-117.249011,32.872604,91.99,0.364,1
-117.248707,32.872604,92.09,0.28,1
-117.248404,32.872604,92.62,0.493,1
-117.2481,32.872604,93.06,0.519,1
-117.247796,32.872604,91.3,0.545,1
-117.247493,32.872604,91.46,0.473,1
-117.247189,32.872604,91.98,0.361,1
-117.246885,32.872604,92.7,0.276,1
-117.246582,32.872604,93.5,0.28,1
-117.246278,32.872604,93.93,0.399,1
-117.245974,32.872604,94.62,0.413,1
-117.24567,32.872604,95.54,0.354,1
-117.245367,32.872604,96.33,0.356,1
-117.245063,32.872604,97.79,0.371,1
-117.244759,32.872604,98.73,0.307,1
-117.244456,32.872604,97.73,0.286,1
-117.244152,32.872604,96.69,0.39,2
-117.243848,32.872604,96.67,0.382,2
-117.243545,32.872604,96.56,0.242,2
-117.243241,32.872604,96.44,0.16,2
-117.242937,32.872604,96.17,0.183,2
-117.242633,32.872604,96.58,0.265,2
-117.24233,32.872604,96.9,0.251,2
-117.242026,32.872604,96.83,0.177,2
-117.241722,32.872604,96.31,0.144,2
-117.241419,32.872604,95.63,0.263,2
-117.241115,32.872604,94.83,0.414,2
-117.240811,32.872604,94.51,0.463,2
-117.240508,32.872604,94.03,0.595,2
-117.240204,32.872604,93.51,0.616,2
-117.2399,32.872604,92.86,0.53,2
-117.239596,32.872604,92.41,0.502,2
-117.239293,32.872604,92.27,0.517,2
-117.238989,32.872604,92.22,0.572,2
-117.238685,32.872604,92.31,0.651,3
-117.238382,32.872604,92.89,0.614,3
-117.238078,32.872604,94.11,0.462,3
-117.237774,32.872604,95.23,0.289,4
-117.237471,32.872604,95.21,0.463,4
-117.237167,32.872604,94.95,0.524,4
-117.236863,32.872604,94.57,0.564,4
-117.236559,32.872604,94.33,0.642,4
-117.236256,32.872604,94.23,0.58,4
-117.235952,32.872604,94.64,0.512,4
-117.235648,32.872604,94.82,0.453,4
-117.235345,32.872604,94.97,0.233,4
-117.235041,32.872604,94.73,0.162,4
-117.234737,32.872604,94.82,0.291,4
-117.234434,32.872604,95.19,0.439,4
-117.23413,32.872604,96.19,0.51,4
-117.233826,32.872604,98.49,0.542,4
-117.233522,32.872604,101.39,0.398,4
-117.233219,32.872604,104.32,0.186,4
-117.232915,32.872604,106.68,0.151,3
-117.232611,32.872604,107.32,0.164,3
-117.232308,32.872604,107.11,0.169,3
-117.232004,32.872604,106.23,0.18,3
-117.2317,32.872604,104.86,0.281,3
-117.231397,32.872604,103.25,0.434,3
-117.231093,32.872604,101.82,0.416,3
-117.230789,32.872604,99.63,0.25,3
-117.230485,32.872604,98.95,0.215,3
-117.230182,32.872604,98.08,0.385,3
-117.229878,32.872604,99.14,0.497,3
-117.229574,32.872604,99.24,0.29,3
-117.229271,32.872604,99.12,0.14,3
-117.228967,32.872604,99.35,0.249,3
-117.228663,32.872604,99.58,0.367,3
-117.22836,32.872604,100.17,0.367,3
-117.228056,32.872604,101.35,0.315,3
-117.227752,32.872604,102.2,0.274,3
-117.227448,32.872604,102.1,0.263,3
-117.227145,32.872604,101.57,0.307,3
-117.226841,32.872604,101.18,0.402,3
-117.226537,32.872604,101.11,0.486,3
-117.226234,32.872604,100.98,0.522,3
-117.22593,32.872604,100.33,0.545,3
-117.225626,32.872604,99.41,0.507,4
-117.225323,32.872604,99.93,0.455,4
-117.225019,32.872604,100.62,0.455,4
-117.224715,32.872604,100,0.464,4
-117.224411,32.872604,100.64,0.444,4
-117.224108,32.872604,101.66,0.404,4
-117.223804,32.872604,102.98,0.291,4
-117.2235,32.872604,104.36,0.335,4
-117.223197,32.872604,105.53,0.296,4
-117.222893,32.872604,106.53,0.229,4
-117.222589,32.872604,107.27,0.181,4
-117.222286,32.872604,107.58,0.172,4
-117.221982,32.872604,107.55,0.217,4
-117.221678,32.872604,107.4,0.273,4
-117.221374,32.872604,107.24,0.287,4
-117.221071,32.872604,107.24,0.265,4
-117.220767,32.872604,107.44,0.262,4
-117.220463,32.872604,107.33,0.308,4
-117.22016,32.872604,107.34,0.273,4
-117.219856,32.872604,107.79,0.203,4
-117.219552,32.872604,108.1,0.233,4
-117.219249,32.872604,108.43,0.358,4
-117.218945,32.872604,107.77,0.306,4
-117.218641,32.872604,107.48,0.23,4
-117.218337,32.872604,107.22,0.14,4
-117.218034,32.872604,106.33,0.114,4
-117.252048,32.8723,82.95,0.106,1
-117.251744,32.8723,84.68,0.201,1
-117.251441,32.8723,86.41,0.266,1
-117.251137,32.8723,87.91,0.278,1
-117.250833,32.8723,89.03,0.253,1
-117.25053,32.8723,89.85,0.253,1
-117.250226,32.8723,90.35,0.304,1
-117.249922,32.8723,91.03,0.383,1
-117.249619,32.8723,92.11,0.432,1
-117.249315,32.8723,92.95,0.417,1
-117.249011,32.8723,93.61,0.398,1
-117.248707,32.8723,93.81,0.381,1
-117.248404,32.8723,94.39,0.389,1
-117.2481,32.8723,95.06,0.319,1
-117.247796,32.8723,93.99,0.33,1
-117.247493,32.8723,94.08,0.378,1
-117.247189,32.8723,94.24,0.359,1
-117.246885,32.8723,94.45,0.246,1
-117.246582,32.8723,94.52,0.316,1
-117.246278,32.8723,94.53,0.449,1
-117.245974,32.8723,94.88,0.463,1
-117.24567,32.8723,95.42,0.43,1
-117.245367,32.8723,96.06,0.38,1
-117.245063,32.8723,97.42,0.393,1
-117.244759,32.8723,97.31,0.361,1
-117.244456,32.8723,95.81,0.277,2
-117.244152,32.8723,96.14,0.361,2
-117.243848,32.8723,96.21,0.385,2
-117.243545,32.8723,96.19,0.248,2
-117.243241,32.8723,96.18,0.139,2
-117.242937,32.8723,96.02,0.161,2
-117.242633,32.8723,96.55,0.244,2
-117.24233,32.8723,96.97,0.174,2
-117.242026,32.8723,96.99,0.123,2
-117.241722,32.8723,96.6,0.188,2
-117.241419,32.8723,95.97,0.319,2
-117.241115,32.8723,95.2,0.264,2
-117.240811,32.8723,94.77,0.224,2
-117.240508,32.8723,94.05,0.421,2
-117.240204,32.8723,93.24,0.473,2
-117.2399,32.8723,92.33,0.512,2
-117.239596,32.8723,91.8,0.617,2
-117.239293,32.8723,91.82,0.604,2
-117.238989,32.8723,92.11,0.57,2
-117.238685,32.8723,92.79,0.629,3
-117.238382,32.8723,94.09,0.581,3
-117.238078,32.8723,95.7,0.393,3
-117.237774,32.8723,96.82,0.239,4
-117.237471,32.8723,96.95,0.391,4
-117.237167,32.8723,96.84,0.443,4
-117.236863,32.8723,96.54,0.495,4
-117.236559,32.8723,96.23,0.639,4
-117.236256,32.8723,95.93,0.582,4
-117.235952,32.8723,96.06,0.483,4
-117.235648,32.8723,95.98,0.294,4
-117.235345,32.8723,95.93,0.158,4
-117.235041,32.8723,95.54,0.232,4
-117.234737,32.8723,95.43,0.404,4
-117.234434,32.8723,95.69,0.564,4
-117.23413,32.8723,96.51,0.519,4
-117.233826,32.8723,98.2,0.471,4
-117.233522,32.8723,100.12,0.442,4
-117.233219,32.8723,101.8,0.368,4
-117.232915,32.8723,103.43,0.361,4
-117.232611,32.8723,104.54,0.363,3
-117.232308,32.8723,104.6,0.361,3
-117.232004,32.8723,104.14,0.388,3
-117.2317,32.8723,103.33,0.42,3
-117.231397,32.8723,102.19,0.469,3
-117.231093,32.8723,101.07,0.406,3
-117.230789,32.8723,99.07,0.226,3
-117.230485,32.8723,98.28,0.273,3
-117.230182,32.8723,97.86,0.306,3
-117.229878,32.8723,99.13,0.409,3
-117.229574,32.8723,99.63,0.236,3
-117.229271,32.8723,99.85,0.106,3
-117.228967,32.8723,100.28,0.173,3
-117.228663,32.8723,100.61,0.234,3
-117.22836,32.8723,101.01,0.198,3
-117.228056,32.8723,101.78,0.168,3
-117.227752,32.8723,102.25,0.176,3
-117.227448,32.8723,101.82,0.191,3
-117.227145,32.8723,100.78,0.221,3
-117.226841,32.8723,99.9,0.255,4
-117.226537,32.8723,99.85,0.301,4
-117.226234,32.8723,99.82,0.343,4
-117.22593,32.8723,99.58,0.376,4
-117.225626,32.8723,99.68,0.373,4
-117.225323,32.8723,100.28,0.427,4
-117.225019,32.8723,101.23,0.503,4
-117.224715,32.8723,100.77,0.578,4
-117.224411,32.8723,101.28,0.539,4
-117.224108,32.8723,101.97,0.488,4
-117.223804,32.8723,102.79,0.371,4
-117.2235,32.8723,103.69,0.383,4
-117.223197,32.8723,104.54,0.361,4
-117.222893,32.8723,105.37,0.29,4
-117.222589,32.8723,106.01,0.196,4
-117.222286,32.8723,106.37,0.168,4
-117.221982,32.8723,106.51,0.253,4
-117.221678,32.8723,106.52,0.386,4
-117.221374,32.8723,106.46,0.444,4
-117.221071,32.8723,106.48,0.38,4
-117.220767,32.8723,106.66,0.364,4
-117.220463,32.8723,106.51,0.459,4
-117.22016,32.8723,106.52,0.435,4
-117.219856,32.8723,106.95,0.356,4
-117.219552,32.8723,107.17,0.414,4
-117.219249,32.8723,107.39,0.537,4
-117.218945,32.8723,106.81,0.458,4
-117.251441,32.871997,87.5,0.317,1
-117.251137,32.871997,88.72,0.305,1
-117.250833,32.871997,89.76,0.287,1
-117.25053,32.871997,90.55,0.257,1
-117.250226,32.871997,91.16,0.254,1
-117.249922,32.871997,92.04,0.356,1
-117.249619,32.871997,93.36,0.427,1
-117.249315,32.871997,94.4,0.418,1
-117.249011,32.871997,95.15,0.493,1
-117.248707,32.871997,95.25,0.464,1
-117.248404,32.871997,95.59,0.367,1
-117.2481,32.871997,95.89,0.334,1
-117.247796,32.871997,94.64,0.276,1
-117.247493,32.871997,94.44,0.384,1
-117.247189,32.871997,94.48,0.368,1
-117.246885,32.871997,94.59,0.27,1
-117.246582,32.871997,94.52,0.325,1
-117.246278,32.871997,94.46,0.389,1
-117.245974,32.871997,94.69,0.389,1
-117.24567,32.871997,95.05,0.373,1
-117.245367,32.871997,95.38,0.386,1
-117.245063,32.871997,96.54,0.426,1
-117.244759,32.871997,96.42,0.375,1
-117.244456,32.871997,94.92,0.29,2
-117.244152,32.871997,95.36,0.359,2
-117.243848,32.871997,95.59,0.384,2
-117.243545,32.871997,95.73,0.221,2
-117.243241,32.871997,95.76,0.159,2
-117.242937,32.871997,95.56,0.162,2
-117.242633,32.871997,95.97,0.193,2
-117.24233,32.871997,96.44,0.141,2
-117.242026,32.871997,96.61,0.119,2
-117.241722,32.871997,96.49,0.252,2
-117.241419,32.871997,96.16,0.345,2
-117.241115,32.871997,95.63,0.213,2
-117.240811,32.871997,95.29,0.232,2
-117.240508,32.871997,94.53,0.36,2
-117.240204,32.871997,93.6,0.352,2
-117.2399,32.871997,92.64,0.398,2
-117.239596,32.871997,92.16,0.547,2
-117.239293,32.871997,92.31,0.619,2
-117.238989,32.871997,92.89,0.613,2
-117.238685,32.871997,93.97,0.587,3
-117.238382,32.871997,95.58,0.463,3
-117.238078,32.871997,97.29,0.281,3
-117.237774,32.871997,98.35,0.189,4
-117.237471,32.871997,98.71,0.276,4
-117.237167,32.871997,98.86,0.299,4
-117.236863,32.871997,98.79,0.323,4
-117.236559,32.871997,98.5,0.374,4
-117.236256,32.871997,98.15,0.354,4
-117.235952,32.871997,98.1,0.309,4
-117.235648,32.871997,97.93,0.243,4
-117.235345,32.871997,97.76,0.262,4
-117.235041,32.871997,97.31,0.32,4
-117.234737,32.871997,97.1,0.394,4
-117.234434,32.871997,97.27,0.49,4
-117.23413,32.871997,97.82,0.392,4
-117.233826,32.871997,98.87,0.292,4
-117.233522,32.871997,99.87,0.331,4
-117.233219,32.871997,100.33,0.379,4
-117.232915,32.871997,100.85,0.4,4
-117.232611,32.871997,101.59,0.408,4
-117.232308,32.871997,101.6,0.405,4
-117.232004,32.871997,101.38,0.416,4
-117.2317,32.871997,101.03,0.368,4
-117.231397,32.871997,100.55,0.39,4
-117.231093,32.871997,100.41,0.322,3
-117.230789,32.871997,98.61,0.185,3
-117.230485,32.871997,98.02,0.197,3
-117.230182,32.871997,97.86,0.139,3
-117.229878,32.871997,98.94,0.173,3
-117.229574,32.871997,99.63,0.12,3
-117.229271,32.871997,100.12,0.065,3
-117.228967,32.871997,100.71,0.134,3
-117.228663,32.871997,101.09,0.246,3
-117.22836,32.871997,101.36,0.295,3
-117.228056,32.871997,101.9,0.273,3
-117.227752,32.871997,102.19,0.256,3
-117.227448,32.871997,101.34,0.339,3
-117.227145,32.871997,99.89,0.454,4
-117.226841,32.871997,99.29,0.451,4
-117.226537,32.871997,99.52,0.394,4
-117.226234,32.871997,99.89,0.329,4
-117.22593,32.871997,100.34,0.279,4
-117.225626,32.871997,100.53,0.283,4
-117.225323,32.871997,100.98,0.34,4
-117.225019,32.871997,101.68,0.465,4
-117.224715,32.871997,101,0.541,4
-117.224411,32.871997,101.38,0.481,4
-117.224108,32.871997,101.85,0.48,4
-117.223804,32.871997,102.35,0.489,4
-117.2235,32.871997,102.9,0.509,4
-117.223197,32.871997,103.45,0.474,4
-117.222893,32.871997,104.04,0.436,4
-117.222589,32.871997,104.55,0.362,4
-117.222286,32.871997,104.96,0.342,4
-117.221982,32.871997,105.26,0.434,4
-117.221678,32.871997,105.46,0.488,4
-117.221374,32.871997,105.56,0.417,4
-117.221071,32.871997,105.67,0.343,4
-117.220767,32.871997,105.84,0.366,4
-117.220463,32.871997,105.69,0.454,4
-117.22016,32.871997,105.71,0.549,4
-117.219856,32.871997,106.21,0.488,4
-117.219552,32.871997,106.42,0.508,4
-117.251137,32.871693,89.72,0.382,1
-117.250833,32.871693,90.55,0.393,1
-117.25053,32.871693,91.25,0.339,1
-117.250226,32.871693,91.86,0.321,1
-117.249922,32.871693,92.86,0.416,1
-117.249619,32.871693,94.4,0.456,1
-117.249315,32.871693,95.63,0.453,1
-117.249011,32.871693,96.39,0.525,1
-117.248707,32.871693,96.22,0.416,1
-117.248404,32.871693,96.12,0.354,1
-117.2481,32.871693,95.88,0.376,1
-117.247796,32.871693,94.06,0.348,1
-117.247493,32.871693,93.68,0.374,1
-117.247189,32.871693,93.61,0.329,1
-117.246885,32.871693,93.61,0.297,1
-117.246582,32.871693,93.6,0.274,1
-117.246278,32.871693,93.43,0.344,1
-117.245974,32.871693,93.36,0.425,1
-117.24567,32.871693,93.58,0.433,1
-117.245367,32.871693,93.94,0.429,1
-117.245063,32.871693,95.22,0.405,1
-117.244759,32.871693,95.27,0.335,1
-117.244456,32.871693,93.89,0.302,2
-117.244152,32.871693,94.5,0.342,2
-117.243848,32.871693,94.93,0.353,2
-117.243545,32.871693,95.25,0.232,2
-117.243241,32.871693,95.29,0.208,2
-117.242937,32.871693,94.76,0.211,2
-117.242633,32.871693,94.79,0.183,2
-117.24233,32.871693,95.09,0.141,2
-117.242026,32.871693,95.05,0.139,3
-117.241722,32.871693,95.65,0.312,2
-117.241419,32.871693,95.79,0.458,2
-117.241115,32.871693,95.72,0.292,2
-117.240811,32.871693,95.78,0.279,2
-117.240508,32.871693,95.33,0.292,2
-117.240204,32.871693,94.58,0.306,2
-117.2399,32.871693,93.71,0.422,2
-117.239596,32.871693,93.28,0.557,2
-117.239293,32.871693,93.5,0.609,2
-117.238989,32.871693,94.27,0.519,2
-117.238685,32.871693,95.59,0.346,3
-117.238382,32.871693,97.23,0.246,3
-117.238078,32.871693,98.78,0.156,3
-117.237774,32.871693,99.72,0.125,4
-117.237471,32.871693,100.26,0.213,4
-117.237167,32.871693,100.58,0.233,4
-117.236863,32.871693,100.68,0.215,4
-117.236559,32.871693,100.48,0.214,4
-117.236256,32.871693,100.21,0.253,4
-117.235952,32.871693,100.17,0.262,4
-117.235648,32.871693,100.04,0.248,4
-117.235345,32.871693,99.9,0.225,4
-117.235041,32.871693,99.47,0.2,4
-117.234737,32.871693,99.28,0.204,4
-117.234434,32.871693,99.44,0.245,4
-117.23413,32.871693,99.71,0.197,4
-117.233826,32.871693,100.18,0.136,4
-117.233522,32.871693,100.53,0.147,4
-117.233219,32.871693,100.39,0.179,4
-117.232915,32.871693,100.21,0.198,4
-117.232611,32.871693,100.19,0.194,4
-117.232308,32.871693,99.96,0.17,4
-117.232004,32.871693,99.74,0.184,4
-117.2317,32.871693,99.51,0.179,4
-117.231397,32.871693,99.33,0.203,4
-117.231093,32.871693,99.28,0.158,4
-117.230789,32.871693,98.43,0.123,3
-117.230485,32.871693,97.81,0.161,3
-117.230182,32.871693,97.42,0.16,3
-117.229878,32.871693,98.43,0.247,3
-117.229574,32.871693,99.22,0.169,3
-117.229271,32.871693,99.84,0.096,3
-117.228967,32.871693,100.44,0.247,3
-117.228663,32.871693,100.77,0.445,3
-117.22836,32.871693,100.99,0.525,3
-117.228056,32.871693,101.44,0.407,3
-117.227752,32.871693,101.28,0.316,3
-117.227448,32.871693,100.27,0.433,4
-117.227145,32.871693,99.5,0.549,4
-117.226841,32.871693,99.37,0.498,4
-117.226537,32.871693,99.9,0.39,4
-117.226234,32.871693,100.67,0.358,4
-117.22593,32.871693,101.35,0.333,4
-117.225626,32.871693,101.44,0.334,4
-117.225323,32.871693,101.5,0.276,4
-117.225019,32.871693,101.77,0.326,4
-117.224715,32.871693,100.81,0.435,4
-117.224411,32.871693,101.13,0.442,4
-117.224108,32.871693,101.53,0.434,4
-117.223804,32.871693,101.91,0.563,4
-117.2235,32.871693,102.3,0.592,4
-117.223197,32.871693,102.7,0.589,4
-117.222893,32.871693,103.12,0.617,4
-117.222589,32.871693,103.52,0.596,4
-117.222286,32.871693,103.9,0.538,4
-117.221982,32.871693,104.29,0.523,4
-117.221678,32.871693,104.63,0.505,4
-117.221374,32.871693,104.83,0.446,4
-117.221071,32.871693,104.94,0.43,4
-117.220767,32.871693,105.06,0.431,4
-117.220463,32.871693,104.91,0.464,4
-117.22016,32.871693,105.04,0.555,4
-117.219856,32.871693,105.67,0.543,4
-117.250226,32.871389,92.35,0.555,1
-117.249922,32.871389,93.45,0.561,1
-117.249619,32.871389,95.19,0.536,1
-117.249315,32.871389,96.51,0.52,1
-117.249011,32.871389,97.18,0.538,1
-117.248707,32.871389,96.74,0.517,1
-117.248404,32.871389,96.35,0.534,1
-117.2481,32.871389,95.79,0.555,1
-117.247796,32.871389,93.37,0.493,1
-117.247493,32.871389,92.94,0.414,1
-117.247189,32.871389,92.6,0.39,1
-117.246885,32.871389,92.16,0.452,1
-117.246582,32.871389,91.94,0.419,1
-117.246278,32.871389,91.59,0.486,1
-117.245974,32.871389,91.2,0.596,1
-117.24567,32.871389,91.23,0.602,1
-117.245367,32.871389,91.69,0.557,1
-117.245063,32.871389,93.25,0.551,1
-117.244759,32.871389,93.82,0.544,1
-117.244456,32.871389,92.91,0.501,2
-117.244152,32.871389,93.72,0.481,2
-117.243848,32.871389,94.42,0.452,2
-117.243545,32.871389,94.94,0.331,2
-117.243241,32.871389,95.03,0.398,2
-117.242937,32.871389,94.13,0.382,2
-117.242633,32.871389,93.66,0.318,2
-117.24233,32.871389,93.68,0.33,2
-117.242026,32.871389,93.38,0.333,3
-117.241722,32.871389,94.55,0.446,2
-117.241419,32.871389,95.14,0.426,2
-117.241115,32.871389,95.63,0.294,2
-117.240811,32.871389,96.43,0.145,2
-117.240508,32.871389,96.69,0.154,2
-117.240204,32.871389,96.47,0.34,3
-117.2399,32.871389,95.75,0.487,3
-117.239596,32.871389,95.26,0.486,3
-117.239293,32.871389,95.45,0.377,3
-117.238989,32.871389,96.1,0.272,3
-117.238685,32.871389,97.23,0.245,3
-117.238382,32.871389,98.7,0.24,3
-117.238078,32.871389,100.05,0.213,3
-117.237774,32.871389,100.9,0.194,4
-117.237471,32.871389,101.54,0.284,4
-117.237167,32.871389,101.98,0.269,4
-117.236863,32.871389,102.25,0.249,4
-117.236559,32.871389,102.3,0.3,4
-117.236256,32.871389,102.24,0.377,4
-117.235952,32.871389,102.38,0.331,4
-117.235648,32.871389,102.23,0.326,4
-117.235345,32.871389,102.04,0.335,4
-117.235041,32.871389,101.56,0.298,4
-117.234737,32.871389,101.35,0.233,4
-117.234434,32.871389,101.33,0.23,4
-117.23413,32.871389,101.3,0.198,4
-117.233826,32.871389,101.33,0.153,4
-117.233522,32.871389,101.26,0.143,4
-117.233219,32.871389,100.81,0.15,4
-117.232915,32.871389,100.22,0.167,4
-117.232611,32.871389,99.81,0.182,4
-117.232308,32.871389,99.32,0.217,4
-117.232004,32.871389,98.95,0.294,4
-117.2317,32.871389,98.66,0.333,4
-117.231397,32.871389,98.5,0.346,4
-117.231093,32.871389,98.37,0.371,4
-117.230789,32.871389,96.84,0.397,4
-117.230485,32.871389,96.6,0.393,4
-117.230182,32.871389,96.68,0.28,4
-117.229878,32.871389,97.9,0.317,4
-117.229574,32.871389,98.45,0.203,4
-117.229271,32.871389,98.73,0.12,4
-117.228967,32.871389,99.06,0.284,4
-117.228663,32.871389,99.2,0.448,4
-117.22836,32.871389,99.28,0.461,4
-117.228056,32.871389,99.65,0.366,4
-117.227752,32.871389,99.9,0.368,4
-117.227448,32.871389,99.75,0.424,4
-117.227145,32.871389,99.63,0.39,4
-117.226841,32.871389,99.81,0.393,4
-117.226537,32.871389,100.61,0.289,4
-117.226234,32.871389,101.62,0.145,4
-117.22593,32.871389,102.36,0.148,4
-117.225626,32.871389,102.22,0.209,4
-117.225323,32.871389,101.93,0.306,4
-117.225019,32.871389,101.86,0.313,4
-117.224715,32.871389,100.75,0.244,4
-117.224411,32.871389,100.98,0.274,4
-117.224108,32.871389,101.34,0.418,4
-117.223804,32.871389,101.67,0.437,4
-117.2235,32.871389,101.99,0.454,4
-117.223197,32.871389,102.29,0.481,4
-117.222893,32.871389,102.62,0.443,4
-117.222589,32.871389,102.95,0.397,4
-117.222286,32.871389,103.32,0.385,4
-117.221982,32.871389,103.75,0.405,4
-117.221678,32.871389,104.15,0.406,4
-117.221374,32.871389,104.34,0.355,4
-117.221071,32.871389,104.34,0.328,4
-117.220767,32.871389,104.41,0.355,4
-117.220463,32.871389,104.36,0.412,4
-117.22016,32.871389,104.66,0.426,4
-117.249922,32.871085,94.16,0.569,1
-117.249619,32.871085,95.98,0.574,1
-117.249315,32.871085,97.26,0.54,1
-117.249011,32.871085,97.72,0.517,1
-117.248707,32.871085,97.06,0.539,1
-117.248404,32.871085,96.5,0.495,1
-117.2481,32.871085,95.78,0.487,1
-117.247796,32.871085,93.19,0.51,1
-117.247493,32.871085,92.42,0.471,1
-117.247189,32.871085,92,0.351,1
-117.246885,32.871085,91.49,0.358,1
-117.246582,32.871085,91.07,0.348,1
-117.246278,32.871085,90.57,0.411,1
-117.245974,32.871085,89.89,0.56,1
-117.24567,32.871085,89.56,0.616,1
-117.245367,32.871085,89.8,0.592,1
-117.245063,32.871085,91.33,0.58,1
-117.244759,32.871085,92.34,0.581,1
-117.244456,32.871085,92.15,0.581,2
-117.244152,32.871085,93.35,0.567,2
-117.243848,32.871085,94.43,0.498,2
-117.243545,32.871085,95.08,0.35,2
-117.243241,32.871085,95.11,0.262,2
-117.242937,32.871085,94.14,0.474,2
-117.242633,32.871085,93.53,0.6,2
-117.24233,32.871085,93.44,0.56,2
-117.242026,32.871085,92.83,0.541,3
-117.241722,32.871085,94.19,0.52,2
-117.241419,32.871085,95,0.225,2
-117.241115,32.871085,96.05,0.151,2
-117.240811,32.871085,97.68,0.114,2
-117.240508,32.871085,99.03,0.149,3
-117.240204,32.871085,99.16,0.31,3
-117.2399,32.871085,98.23,0.315,3
-117.239596,32.871085,97.49,0.236,3
-117.239293,32.871085,97.4,0.246,3
-117.238989,32.871085,97.73,0.302,3
-117.238685,32.871085,98.59,0.348,3
-117.238382,32.871085,99.84,0.311,3
-117.238078,32.871085,101.03,0.199,3
-117.237774,32.871085,101.92,0.26,4
-117.237471,32.871085,102.66,0.313,4
-117.237167,32.871085,103.2,0.237,4
-117.236863,32.871085,103.54,0.197,4
-117.236559,32.871085,103.82,0.34,4
-117.236256,32.871085,104.03,0.241,4
-117.235952,32.871085,104.44,0.169,4
-117.235648,32.871085,104.46,0.148,4
-117.235345,32.871085,104.41,0.116,4
-117.235041,32.871085,103.68,0.114,4
-117.234737,32.871085,103.21,0.185,4
-117.234434,32.871085,102.83,0.226,4
-117.23413,32.871085,102.26,0.186,4
-117.233826,32.871085,101.78,0.185,4
-117.233522,32.871085,101.36,0.251,4
-117.233219,32.871085,100.68,0.283,4
-117.232915,32.871085,99.97,0.213,4
-117.232611,32.871085,99.48,0.116,4
-117.232308,32.871085,98.96,0.211,4
-117.232004,32.871085,98.51,0.439,4
-117.2317,32.871085,98.13,0.35,4
-117.231397,32.871085,97.95,0.398,4
-117.231093,32.871085,97.93,0.477,4
-117.230789,32.871085,96.28,0.558,4
-117.230485,32.871085,96.3,0.543,4
-117.230182,32.871085,96.52,0.421,4
-117.229878,32.871085,97.95,0.253,4
-117.229574,32.871085,98.44,0.148,4
-117.229271,32.871085,98.54,0.125,4
-117.228967,32.871085,98.56,0.361,4
-117.228663,32.871085,98.37,0.449,4
-117.22836,32.871085,98.25,0.363,4
-117.228056,32.871085,98.6,0.372,4
-117.227752,32.871085,99.15,0.432,4
-117.227448,32.871085,99.52,0.328,4
-117.227145,32.871085,99.91,0.147,4
-117.226841,32.871085,100.55,0.099,4
-117.226537,32.871085,101.63,0.091,4
-117.226234,32.871085,102.66,0.092,4
-117.22593,32.871085,103.26,0.083,4
-117.225626,32.871085,102.89,0.077,4
-117.225323,32.871085,102.33,0.268,4
-117.225019,32.871085,102.14,0.282,4
-117.224715,32.871085,101.13,0.209,4
-117.224411,32.871085,101.33,0.206,4
-117.224108,32.871085,101.63,0.223,4
-117.223804,32.871085,101.9,0.203,4
-117.2235,32.871085,102.13,0.22,4
-117.223197,32.871085,102.33,0.287,4
-117.222893,32.871085,102.54,0.349,4
-117.222589,32.871085,102.79,0.305,4
-117.222286,32.871085,103.13,0.221,4
-117.221982,32.871085,103.53,0.205,4
-117.221678,32.871085,103.91,0.229,4
-117.221374,32.871085,104.07,0.244,4
-117.221071,32.871085,104.03,0.255,4
-117.220767,32.871085,104.15,0.25,4
-117.249619,32.870782,97.13,0.339,1
-117.249315,32.870782,98.23,0.348,1
-117.249011,32.870782,98.42,0.326,1
-117.248707,32.870782,97.71,0.302,1
-117.248404,32.870782,96.96,0.252,1
-117.2481,32.870782,96.1,0.319,1
-117.247796,32.870782,94.56,0.439,1
-117.247493,32.870782,93.46,0.411,1
-117.247189,32.870782,92.72,0.483,1
-117.246885,32.870782,92.28,0.548,1
-117.246582,32.870782,91.99,0.491,1
-117.246278,32.870782,91.72,0.414,1
-117.245974,32.870782,91.19,0.503,1
-117.24567,32.870782,90.79,0.578,1
-117.245367,32.870782,90.75,0.536,1
-117.245063,32.870782,91.29,0.458,1
-117.244759,32.870782,91.67,0.431,1
-117.244456,32.870782,91.98,0.435,2
-117.244152,32.870782,93.7,0.383,2
-117.243848,32.870782,95.6,0.347,2
-117.243545,32.870782,96.37,0.368,2
-117.243241,32.870782,96.43,0.267,2
-117.242937,32.870782,95.19,0.415,2
-117.242633,32.870782,94.97,0.552,2
-117.24233,32.870782,94.94,0.453,2
-117.242026,32.870782,94.38,0.511,3
-117.241722,32.870782,95.02,0.574,3
-117.241419,32.870782,95.83,0.31,3
-117.241115,32.870782,97.19,0.22,2
-117.240811,32.870782,99.08,0.289,3
-117.240508,32.870782,100.38,0.289,3
-117.240204,32.870782,100.48,0.22,3
-117.2399,32.870782,99.74,0.223,3
-117.239596,32.870782,98.94,0.315,3
-117.239293,32.870782,98.67,0.366,3
-117.238989,32.870782,99.24,0.345,3
-117.238685,32.870782,100.27,0.372,3
-117.238382,32.870782,101.11,0.378,3
-117.238078,32.870782,101.98,0.25,3
-117.237774,32.870782,102.69,0.329,4
-117.237471,32.870782,103.5,0.254,4
-117.237167,32.870782,104.1,0.19,4
-117.236863,32.870782,104.38,0.195,4
-117.236559,32.870782,104.46,0.31,4
-117.236256,32.870782,104.66,0.162,4
-117.235952,32.870782,105.1,0.108,4
-117.235648,32.870782,105.34,0.134,4
-117.235345,32.870782,105.4,0.133,4
-117.235041,32.870782,104.81,0.118,4
-117.234737,32.870782,104.15,0.129,4
-117.234434,32.870782,103.38,0.166,4
-117.23413,32.870782,102.5,0.172,4
-117.233826,32.870782,101.78,0.24,4
-117.233522,32.870782,101.1,0.331,4
-117.233219,32.870782,100.3,0.343,4
-117.232915,32.870782,99.67,0.259,4
-117.232611,32.870782,99.42,0.182,4
-117.232308,32.870782,99.14,0.393,4
-117.232004,32.870782,98.87,0.463,4
-117.2317,32.870782,98.62,0.306,4
-117.231397,32.870782,98.52,0.53,4
-117.231093,32.870782,98.54,0.57,4
-117.230789,32.870782,98.2,0.574,4
-117.230485,32.870782,98.22,0.518,4
-117.230182,32.870782,98.21,0.455,4
-117.229878,32.870782,98.66,0.232,4
-117.229574,32.870782,98.81,0.115,4
-117.229271,32.870782,98.73,0.137,4
-117.228967,32.870782,98.07,0.355,4
-117.228663,32.870782,97.43,0.424,4
-117.22836,32.870782,97.21,0.402,4
-117.228056,32.870782,97.54,0.432,4
-117.227752,32.870782,98.22,0.445,4
-117.227448,32.870782,98.92,0.318,4
-117.227145,32.870782,99.74,0.126,4
-117.226841,32.870782,100.87,0.08,4
-117.226537,32.870782,102.15,0.107,4
-117.226234,32.870782,103.09,0.16,4
-117.22593,32.870782,103.34,0.144,4
-117.225626,32.870782,102.79,0.193,4
-117.225323,32.870782,102.12,0.15,4
-117.225019,32.870782,101.89,0.171,4
-117.224715,32.870782,101.71,0.232,4
-117.224411,32.870782,102,0.176,4
-117.224108,32.870782,102.29,0.204,4
-117.223804,32.870782,102.64,0.197,4
-117.2235,32.870782,102.84,0.215,4
-117.223197,32.870782,102.96,0.222,4
-117.222893,32.870782,102.91,0.23,4
-117.222589,32.870782,102.94,0.222,4
-117.222286,32.870782,103.16,0.206,4
-117.221982,32.870782,103.45,0.191,4
-117.221678,32.870782,103.74,0.181,4
-117.221374,32.870782,103.87,0.188,4
-117.221071,32.870782,103.83,0.187,4
-117.249315,32.870478,99.1,0.327,1
-117.249011,32.870478,99.24,0.284,1
-117.248707,32.870478,98.4,0.281,1
-117.248404,32.870478,97.48,0.318,1
-117.2481,32.870478,96.46,0.365,1
-117.247796,32.870478,94.71,0.391,1
-117.247493,32.870478,93.4,0.521,1
-117.247189,32.870478,92.49,0.694,1
-117.246885,32.870478,92.2,0.556,1
-117.246582,32.870478,92.2,0.451,1
-117.246278,32.870478,92.18,0.445,1
-117.245974,32.870478,91.81,0.479,1
-117.24567,32.870478,91.42,0.495,1
-117.245367,32.870478,91,0.487,1
-117.245063,32.870478,90.59,0.479,1
-117.244759,32.870478,90.81,0.475,2
-117.244456,32.870478,91.93,0.42,2
-117.244152,32.870478,93.64,0.317,2
-117.243848,32.870478,95.56,0.322,2
-117.243545,32.870478,96.56,0.396,2
-117.243241,32.870478,97.07,0.337,2
-117.242937,32.870478,96.32,0.214,2
-117.242633,32.870478,96.58,0.372,2
-117.24233,32.870478,96.71,0.353,2
-117.242026,32.870478,96.52,0.433,3
-117.241722,32.870478,96.78,0.595,3
-117.241419,32.870478,97.18,0.533,3
-117.241115,32.870478,98.33,0.451,3
-117.240811,32.870478,99.77,0.358,4
-117.240508,32.870478,100.78,0.248,4
-117.240204,32.870478,100.89,0.236,4
-117.2399,32.870478,100.15,0.418,4
-117.239596,32.870478,99.34,0.482,4
-117.239293,32.870478,99.13,0.342,4
-117.238989,32.870478,99.65,0.264,4
-117.238685,32.870478,100.45,0.363,4
-117.238382,32.870478,101.02,0.413,4
-117.238078,32.870478,101.79,0.237,4
-117.237774,32.870478,102.87,0.308,4
-117.237471,32.870478,103.66,0.192,4
-117.237167,32.870478,104.3,0.191,4
-117.236863,32.870478,104.31,0.205,4
-117.236559,32.870478,103.74,0.281,4
-117.236256,32.870478,103.49,0.227,4
-117.235952,32.870478,103.95,0.175,4
-117.235648,32.870478,104.5,0.262,4
-117.235345,32.870478,104.9,0.249,4
-117.235041,32.870478,104.58,0.191,4
-117.234737,32.870478,104.07,0.198,4
-117.234434,32.870478,103.3,0.228,4
-117.23413,32.870478,102.33,0.219,4
-117.233826,32.870478,101.48,0.21,4
-117.233522,32.870478,100.75,0.228,4
-117.233219,32.870478,100.04,0.292,4
-117.232915,32.870478,99.62,0.345,4
-117.232611,32.870478,99.64,0.355,4
-117.232308,32.870478,99.73,0.461,4
-117.232004,32.870478,99.87,0.382,4
-117.2317,32.870478,99.9,0.464,4
-117.231397,32.870478,99.87,0.533,4
-117.231093,32.870478,99.95,0.487,4
-117.230789,32.870478,99.48,0.433,4
-117.230485,32.870478,99.29,0.355,4
-117.230182,32.870478,98.94,0.402,4
-117.229878,32.870478,99.1,0.253,4
-117.229574,32.870478,99.02,0.122,4
-117.229271,32.870478,98.71,0.149,4
-117.228967,32.870478,97.89,0.331,4
-117.228663,32.870478,97.18,0.383,4
-117.22836,32.870478,96.95,0.379,4
-117.228056,32.870478,97.38,0.405,4
-117.227752,32.870478,98.24,0.407,4
-117.227448,32.870478,99.21,0.338,4
-117.227145,32.870478,100.43,0.226,4
-117.226841,32.870478,102.03,0.182,4
-117.226537,32.870478,103.57,0.205,4
-117.226234,32.870478,104.44,0.24,4
-117.22593,32.870478,104.42,0.211,4
-117.225626,32.870478,103.61,0.219,4
-117.225323,32.870478,102.83,0.145,4
-117.225019,32.870478,102.62,0.191,4
-117.224715,32.870478,102.41,0.173,4
-117.224411,32.870478,102.67,0.122,4
-117.224108,32.870478,102.94,0.204,4
-117.223804,32.870478,103.3,0.254,4
-117.2235,32.870478,103.51,0.305,4
-117.223197,32.870478,103.62,0.285,4
-117.222893,32.870478,103.51,0.238,4
-117.222589,32.870478,103.4,0.248,4
-117.222286,32.870478,103.42,0.252,4
-117.221982,32.870478,103.52,0.205,4
-117.221678,32.870478,103.67,0.18,4
-117.221374,32.870478,103.82,0.207,4
-117.249011,32.870174,99.71,0.294,1
-117.248707,32.870174,98.88,0.289,1
-117.248404,32.870174,97.96,0.34,1
-117.2481,32.870174,96.86,0.449,1
-117.247796,32.870174,95.34,0.378,1
-117.247493,32.870174,93.86,0.673,1
-117.247189,32.870174,92.88,0.703,1
-117.246885,32.870174,92.57,0.486,1
-117.246582,32.870174,92.63,0.384,1
-117.246278,32.870174,92.76,0.44,1
-117.245974,32.870174,92.33,0.495,1
-117.24567,32.870174,91.79,0.508,1
-117.245367,32.870174,90.6,0.544,2
-117.245063,32.870174,89.74,0.563,2
-117.244759,32.870174,90.2,0.501,2
-117.244456,32.870174,91.19,0.424,2
-117.244152,32.870174,92.66,0.387,2
-117.243848,32.870174,94.36,0.355,2
-117.243545,32.870174,95.53,0.381,2
-117.243241,32.870174,96.46,0.403,2
-117.242937,32.870174,97.03,0.308,2
-117.242633,32.870174,97.76,0.288,2
-117.24233,32.870174,98.3,0.235,2
-117.242026,32.870174,98.22,0.281,3
-117.241722,32.870174,98.34,0.335,3
-117.241419,32.870174,98.88,0.314,4
-117.241115,32.870174,99.73,0.232,4
-117.240811,32.870174,100.64,0.181,4
-117.240508,32.870174,101.18,0.248,4
-117.240204,32.870174,100.97,0.305,4
-117.2399,32.870174,100.02,0.433,4
-117.239596,32.870174,99.2,0.505,4
-117.239293,32.870174,99.09,0.384,4
-117.238989,32.870174,99.66,0.264,4
-117.238685,32.870174,100.49,0.347,4
-117.238382,32.870174,101.03,0.415,4
-117.238078,32.870174,101.91,0.249,4
-117.237774,32.870174,103.41,0.275,4
-117.237471,32.870174,104.23,0.186,4
-117.237167,32.870174,104.73,0.163,4
-117.236863,32.870174,104.06,0.189,4
-117.236559,32.870174,102.93,0.301,4
-117.236256,32.870174,102.17,0.396,4
-117.235952,32.870174,102.21,0.357,4
-117.235648,32.870174,102.97,0.445,4
-117.235345,32.870174,103.71,0.477,4
-117.235041,32.870174,103.6,0.435,4
-117.234737,32.870174,103.27,0.386,4
-117.234434,32.870174,102.76,0.346,4
-117.23413,32.870174,102.06,0.284,4
-117.233826,32.870174,101.39,0.255,4
-117.233522,32.870174,100.8,0.301,4
-117.233219,32.870174,100.27,0.362,4
-117.232915,32.870174,100.07,0.392,4
-117.232611,32.870174,100.32,0.384,4
-117.232308,32.870174,100.66,0.326,4
-117.232004,32.870174,101.13,0.325,4
-117.2317,32.870174,101.44,0.42,4
-117.231397,32.870174,101.56,0.42,4
-117.231093,32.870174,101.59,0.438,4
-117.230789,32.870174,101.02,0.395,4
-117.230485,32.870174,100.47,0.368,4
-117.230182,32.870174,99.77,0.387,4
-117.229878,32.870174,99.49,0.25,4
-117.229574,32.870174,99.02,0.128,4
-117.229271,32.870174,98.48,0.123,4
-117.228967,32.870174,97.59,0.289,4
-117.228663,32.870174,96.88,0.343,4
-117.22836,32.870174,96.67,0.341,4
-117.228056,32.870174,97.16,0.408,4
-117.227752,32.870174,98.17,0.388,4
-117.227448,32.870174,99.38,0.279,4
-117.227145,32.870174,100.99,0.247,4
-117.226841,32.870174,103.09,0.231,4
-117.226537,32.870174,104.89,0.248,4
-117.226234,32.870174,105.65,0.277,4
-117.22593,32.870174,105.38,0.275,4
-117.225626,32.870174,104.45,0.209,4
-117.225323,32.870174,103.62,0.173,4
-117.225019,32.870174,103.35,0.2,4
-117.224715,32.870174,102.97,0.159,4
-117.224411,32.870174,103.07,0.167,4
-117.224108,32.870174,103.25,0.269,4
-117.223804,32.870174,103.59,0.287,4
-117.2235,32.870174,103.83,0.264,4
-117.223197,32.870174,103.98,0.248,4
-117.222893,32.870174,103.88,0.244,4
-117.222589,32.870174,103.72,0.27,4
-117.222286,32.870174,103.62,0.264,4
-117.221982,32.870174,103.58,0.231,4
-117.221678,32.870174,103.6,0.225,4
-117.248707,32.869871,98.58,0.294,1
-117.248404,32.869871,97.76,0.33,1
-117.2481,32.869871,96.71,0.473,1
-117.247796,32.869871,96.2,0.313,1
-117.247493,32.869871,94.73,0.622,1
-117.247189,32.869871,93.85,0.616,1
-117.246885,32.869871,93.52,0.397,1
-117.246582,32.869871,93.5,0.383,1
-117.246278,32.869871,93.49,0.424,1
-117.245974,32.869871,92.62,0.416,1
-117.24567,32.869871,91.82,0.421,1
-117.245367,32.869871,90.64,0.453,2
-117.245063,32.869871,89.11,0.471,2
-117.244759,32.869871,88.74,0.456,2
-117.244456,32.869871,89.55,0.448,2
-117.244152,32.869871,90.68,0.451,2
-117.243848,32.869871,92.14,0.4,2
-117.243545,32.869871,93.51,0.385,2
-117.243241,32.869871,94.84,0.453,2
-117.242937,32.869871,97.5,0.381,2
-117.242633,32.869871,98.59,0.32,2
-117.24233,32.869871,99.79,0.203,3
-117.242026,32.869871,100.07,0.203,4
-117.241722,32.869871,100.46,0.204,4
-117.241419,32.869871,100.86,0.217,4
-117.241115,32.869871,101.35,0.189,4
-117.240811,32.869871,101.63,0.188,4
-117.240508,32.869871,101.74,0.273,4
-117.240204,32.869871,101.22,0.275,4
-117.2399,32.869871,99.93,0.309,4
-117.239596,32.869871,98.96,0.442,4
-117.239293,32.869871,98.82,0.411,4
-117.238989,32.869871,99.39,0.3,4
-117.238685,32.869871,100.28,0.368,4
-117.238382,32.869871,100.81,0.366,4
-117.238078,32.869871,101.93,0.254,4
-117.237774,32.869871,104.1,0.261,4
-117.237471,32.869871,104.91,0.217,4
-117.237167,32.869871,105.17,0.202,4
-117.236863,32.869871,103.91,0.219,4
-117.236559,32.869871,102.46,0.46,4
-117.236256,32.869871,101.65,0.435,4
-117.235952,32.869871,100.87,0.341,4
-117.235648,32.869871,101.74,0.359,4
-117.235345,32.869871,102.64,0.35,4
-117.235041,32.869871,102.76,0.384,4
-117.234737,32.869871,102.58,0.332,4
-117.234434,32.869871,102.3,0.302,4
-117.23413,32.869871,102.05,0.306,4
-117.233826,32.869871,101.83,0.294,4
-117.233522,32.869871,101.54,0.263,4
-117.233219,32.869871,101.25,0.237,4
-117.232915,32.869871,101.21,0.247,4
-117.232611,32.869871,101.55,0.264,4
-117.232308,32.869871,102.01,0.25,4
-117.232004,32.869871,102.55,0.269,4
-117.2317,32.869871,102.89,0.261,4
-117.231397,32.869871,103.07,0.252,4
-117.231093,32.869871,103.09,0.309,4
-117.230789,32.869871,102.49,0.317,4
-117.230485,32.869871,101.65,0.353,4
-117.230182,32.869871,100.6,0.368,4
-117.229878,32.869871,99.49,0.222,4
-117.229574,32.869871,98.59,0.121,4
-117.229271,32.869871,97.86,0.114,4
-117.228967,32.869871,97.07,0.298,4
-117.228663,32.869871,96.45,0.342,4
-117.22836,32.869871,96.24,0.362,4
-117.228056,32.869871,96.72,0.415,4
-117.227752,32.869871,97.76,0.311,4
-117.227448,32.869871,99.09,0.187,4
-117.227145,32.869871,100.96,0.209,4
-117.226841,32.869871,103.33,0.2,4
-117.226537,32.869871,105.22,0.223,4
-117.226234,32.869871,105.8,0.298,4
-117.22593,32.869871,105.45,0.297,4
-117.225626,32.869871,104.74,0.128,4
-117.225323,32.869871,104.02,0.115,4
-117.225019,32.869871,103.67,0.162,4
-117.224715,32.869871,103.21,0.197,4
-117.224411,32.869871,103.09,0.246,4
-117.224108,32.869871,103.12,0.298,4
-117.223804,32.869871,103.31,0.268,4
-117.2235,32.869871,103.49,0.222,4
-117.223197,32.869871,103.65,0.193,4
-117.222893,32.869871,103.68,0.198,4
-117.222589,32.869871,103.64,0.195,4
-117.222286,32.869871,103.62,0.192,4
-117.2481,32.869567,96.17,0.436,1
-117.247796,32.869567,95.81,0.36,1
-117.247493,32.869567,94.58,0.553,1
-117.247189,32.869567,93.91,0.623,1
-117.246885,32.869567,93.64,0.442,1
-117.246582,32.869567,93.53,0.409,1
-117.246278,32.869567,93.35,0.401,1
-117.245974,32.869567,92.32,0.386,1
-117.24567,32.869567,91.43,0.424,1
-117.245367,32.869567,90.27,0.443,2
-117.245063,32.869567,88.79,0.443,2
-117.244759,32.869567,88.27,0.482,2
-117.244456,32.869567,88.86,0.522,2
-117.244152,32.869567,89.97,0.505,2
-117.243848,32.869567,91.55,0.425,2
-117.243545,32.869567,93.1,0.395,2
-117.243241,32.869567,94.68,0.438,2
-117.242937,32.869567,97.53,0.361,2
-117.242633,32.869567,98.89,0.283,2
-117.24233,32.869567,100.37,0.263,2
-117.242026,32.869567,101.31,0.254,4
-117.241722,32.869567,102.04,0.284,4
-117.241419,32.869567,102.5,0.307,4
-117.241115,32.869567,102.71,0.267,4
-117.240811,32.869567,102.5,0.221,4
-117.240508,32.869567,102.15,0.293,4
-117.240204,32.869567,101.44,0.342,4
-117.2399,32.869567,100.11,0.324,4
-117.239596,32.869567,99.06,0.395,4
-117.239293,32.869567,98.75,0.463,4
-117.238989,32.869567,99.1,0.455,4
-117.238685,32.869567,99.86,0.474,4
-117.238382,32.869567,100.36,0.384,4
-117.238078,32.869567,101.58,0.209,4
-117.237774,32.869567,103.79,0.228,4
-117.237471,32.869567,104.52,0.268,4
-117.237167,32.869567,104.47,0.272,4
-117.236863,32.869567,103.03,0.261,4
-117.236559,32.869567,101.43,0.523,4
-117.236256,32.869567,100.95,0.459,4
-117.235952,32.869567,100.3,0.325,4
-117.235648,32.869567,101.38,0.345,4
-117.235345,32.869567,102.33,0.28,4
-117.235041,32.869567,102.52,0.301,4
-117.234737,32.869567,102.34,0.282,4
-117.234434,32.869567,102.13,0.251,4
-117.23413,32.869567,102.26,0.274,4
-117.233826,32.869567,102.43,0.237,4
-117.233522,32.869567,102.44,0.133,4
-117.233219,32.869567,102.42,0.097,4
-117.232915,32.869567,102.54,0.14,4
-117.232611,32.869567,102.94,0.165,4
-117.232308,32.869567,103.38,0.127,4
-117.232004,32.869567,103.82,0.135,4
-117.2317,32.869567,104.06,0.108,4
-117.231397,32.869567,104.15,0.086,4
-117.231093,32.869567,104.05,0.1,4
-117.230789,32.869567,103.32,0.134,4
-117.230485,32.869567,102.32,0.159,4
-117.230182,32.869567,100.98,0.263,4
-117.229878,32.869567,99.27,0.181,4
-117.229574,32.869567,98.15,0.107,4
-117.229271,32.869567,97.29,0.15,4
-117.228967,32.869567,96.58,0.296,4
-117.228663,32.869567,96.04,0.321,4
-117.22836,32.869567,95.84,0.339,4
-117.228056,32.869567,96.25,0.315,4
-117.227752,32.869567,97.18,0.215,4
-117.227448,32.869567,98.41,0.26,4
-117.227145,32.869567,100.16,0.355,4
-117.226841,32.869567,102.31,0.244,4
-117.226537,32.869567,104.01,0.25,4
-117.226234,32.869567,104.69,0.326,4
-117.22593,32.869567,104.71,0.256,4
-117.225626,32.869567,104.43,0.099,4
-117.225323,32.869567,104.02,0.102,4
-117.225019,32.869567,103.69,0.171,4
-117.224715,32.869567,103.24,0.227,4
-117.224411,32.869567,102.97,0.233,4
-117.224108,32.869567,102.81,0.205,4
-117.223804,32.869567,102.8,0.192,4
-117.2235,32.869567,102.84,0.205,4
-117.223197,32.869567,102.96,0.231,4
-117.222893,32.869567,103.09,0.275,4
-117.247493,32.869263,93.86,0.515,1
-117.247189,32.869263,93.45,0.521,1
-117.246885,32.869263,93.25,0.436,1
-117.246582,32.869263,93.12,0.405,1
-117.246278,32.869263,92.88,0.409,1
-117.245974,32.869263,91.78,0.487,1
-117.24567,32.869263,90.83,0.527,1
-117.245367,32.869263,89.75,0.493,2
-117.245063,32.869263,88.34,0.475,2
-117.244759,32.869263,87.74,0.519,2
-117.244456,32.869263,88.23,0.581,2
-117.244152,32.869263,89.34,0.544,2
-117.243848,32.869263,91.19,0.366,2
-117.243545,32.869263,93.03,0.264,2
-117.243241,32.869263,94.88,0.241,2
-117.242937,32.869263,97.58,0.158,2
-117.242633,32.869263,99.25,0.19,2
-117.24233,32.869263,100.91,0.255,3
-117.242026,32.869263,102.22,0.221,3
-117.241722,32.869263,103.25,0.346,4
-117.241419,32.869263,103.64,0.392,4
-117.241115,32.869263,103.67,0.359,4
-117.240811,32.869263,103.15,0.278,4
-117.240508,32.869263,102.46,0.25,4
-117.240204,32.869263,101.66,0.405,4
-117.2399,32.869263,100.42,0.422,4
-117.239596,32.869263,99.34,0.38,4
-117.239293,32.869263,98.78,0.48,4
-117.238989,32.869263,98.8,0.582,4
-117.238685,32.869263,99.31,0.546,4
-117.238382,32.869263,99.77,0.361,4
-117.238078,32.869263,101.2,0.191,4
-117.237774,32.869263,103.55,0.28,4
-117.237471,32.869263,104.18,0.338,4
-117.237167,32.869263,103.76,0.307,4
-117.236863,32.869263,102.25,0.278,4
-117.236559,32.869263,100.83,0.411,4
-117.236256,32.869263,100.8,0.501,4
-117.235952,32.869263,100.48,0.279,4
-117.235648,32.869263,101.73,0.301,4
-117.235345,32.869263,102.63,0.264,4
-117.235041,32.869263,102.68,0.263,4
-117.234737,32.869263,102.39,0.311,4
-117.234434,32.869263,102.18,0.313,4
-117.23413,32.869263,102.45,0.33,4
-117.233826,32.869263,102.83,0.227,4
-117.233522,32.869263,103.04,0.066,4
-117.233219,32.869263,103.23,0.046,4
-117.232915,32.869263,103.51,0.085,4
-117.232611,32.869263,103.97,0.094,4
-117.232308,32.869263,104.37,0.048,4
-117.232004,32.869263,104.7,0.049,4
-117.2317,32.869263,104.84,0.048,4
-117.231397,32.869263,104.75,0.071,4
-117.231093,32.869263,104.43,0.047,4
-117.230789,32.869263,103.47,0.014,4
-117.230485,32.869263,102.3,0.028,4
-117.230182,32.869263,100.88,0.193,4
-117.229878,32.869263,99.18,0.156,4
-117.229574,32.869263,97.97,0.099,4
-117.229271,32.869263,97.03,0.204,4
-117.228967,32.869263,96.37,0.286,4
-117.228663,32.869263,96.02,0.26,4
-117.22836,32.869263,95.96,0.188,4
-117.228056,32.869263,96.34,0.138,4
-117.227752,32.869263,97.06,0.136,4
-117.227448,32.869263,98,0.261,4
-117.227145,32.869263,99.24,0.352,4
-117.226841,32.869263,100.63,0.178,4
-117.226537,32.869263,101.93,0.176,4
-117.226234,32.869263,102.96,0.233,4
-117.22593,32.869263,103.6,0.224,4
-117.225626,32.869263,103.92,0.12,4
-117.225323,32.869263,103.83,0.095,4
-117.225019,32.869263,103.64,0.218,4
-117.224715,32.869263,103.25,0.181,4
-117.224411,32.869263,102.94,0.149,4
-117.224108,32.869263,102.65,0.173,4
-117.223804,32.869263,102.46,0.138,4
-117.2235,32.869263,102.36,0.161,4
-117.223197,32.869263,102.41,0.209,4
-117.222893,32.869263,102.61,0.242,4
-117.247189,32.86896,92.5,0.401,1
-117.246885,32.86896,92.29,0.411,1
-117.246582,32.86896,92.13,0.477,1
-117.246278,32.86896,91.86,0.523,1
-117.245974,32.86896,90.98,0.599,1
-117.24567,32.86896,90.2,0.605,1
-117.245367,32.86896,89.32,0.518,2
-117.245063,32.86896,88.46,0.479,2
-117.244759,32.86896,88.38,0.541,2
-117.244456,32.86896,88.96,0.616,2
-117.244152,32.86896,89.98,0.581,2
-117.243848,32.86896,91.52,0.392,2
-117.243545,32.86896,93.32,0.248,2
-117.243241,32.86896,95.21,0.234,2
-117.242937,32.86896,97.52,0.161,2
-117.242633,32.86896,99.44,0.189,2
-117.24233,32.86896,101.26,0.3,3
-117.242026,32.86896,102.66,0.25,3
-117.241722,32.86896,103.39,0.374,3
-117.241419,32.86896,103.49,0.372,4
-117.241115,32.86896,103.55,0.392,4
-117.240811,32.86896,103.08,0.351,4
-117.240508,32.86896,102.4,0.259,4
-117.240204,32.86896,101.65,0.325,4
-117.2399,32.86896,100.57,0.354,4
-117.239596,32.86896,99.51,0.327,4
-117.239293,32.86896,98.69,0.459,4
-117.238989,32.86896,98.42,0.591,4
-117.238685,32.86896,98.72,0.487,4
-117.238382,32.86896,99.17,0.348,4
-117.238078,32.86896,100.7,0.318,4
-117.237774,32.86896,102.6,0.403,4
-117.237471,32.86896,103.05,0.283,4
-117.237167,32.86896,102.32,0.207,4
-117.236863,32.86896,100.89,0.237,4
-117.236559,32.86896,99.87,0.355,4
-117.236256,32.86896,100.24,0.506,4
-117.235952,32.86896,101.1,0.326,4
-117.235648,32.86896,102.47,0.302,4
-117.235345,32.86896,103.21,0.274,4
-117.235041,32.86896,103.08,0.263,4
-117.234737,32.86896,102.75,0.291,4
-117.234434,32.86896,102.61,0.284,4
-117.23413,32.86896,102.77,0.303,4
-117.233826,32.86896,103.12,0.244,4
-117.233522,32.86896,103.47,0.123,4
-117.233219,32.86896,103.79,0.091,4
-117.232915,32.86896,104.13,0.096,4
-117.232611,32.86896,104.51,0.086,4
-117.232308,32.86896,104.84,0.102,4
-117.232004,32.86896,105.11,0.103,4
-117.2317,32.86896,105.18,0.161,4
-117.231397,32.86896,104.93,0.179,4
-117.231093,32.86896,104.41,0.11,4
-117.230789,32.86896,103.39,0.019,4
-117.230485,32.86896,102.13,0.03,4
-117.230182,32.86896,100.71,0.17,4
-117.229878,32.86896,99.12,0.15,4
-117.229574,32.86896,97.99,0.107,4
-117.229271,32.86896,97.11,0.232,4
-117.228967,32.86896,96.59,0.298,4
-117.228663,32.86896,96.59,0.319,4
-117.22836,32.86896,96.9,0.265,4
-117.228056,32.86896,96.99,0.174,4
-117.227752,32.86896,97.09,0.143,4
-117.227448,32.86896,97.53,0.194,4
-117.227145,32.86896,98.02,0.213,4
-117.226841,32.86896,98.76,0.094,4
-117.226537,32.86896,99.74,0.103,4
-117.226234,32.86896,100.94,0.092,4
-117.22593,32.86896,102.4,0.147,4
-117.225626,32.86896,103.23,0.117,4
-117.225323,32.86896,103.56,0.142,4
-117.225019,32.86896,103.5,0.203,4
-117.224715,32.86896,103.64,0.145,4
-117.224411,32.86896,103.45,0.094,4
-117.224108,32.86896,103.11,0.137,4
-117.223804,32.86896,102.87,0.14,4
-117.2235,32.86896,102.66,0.159,4
-117.223197,32.86896,102.58,0.133,4
-117.246885,32.868656,91.37,0.409,1
-117.246582,32.868656,91.17,0.471,1
-117.246278,32.868656,90.84,0.594,1
-117.245974,32.868656,90.05,0.629,1
-117.24567,32.868656,89.36,0.584,1
-117.245367,32.868656,88.7,0.532,1
-117.245063,32.868656,88.22,0.52,2
-117.244759,32.868656,88.41,0.556,2
-117.244456,32.868656,89.1,0.621,2
-117.244152,32.868656,90.1,0.693,2
-117.243848,32.868656,91.51,0.706,2
-117.243545,32.868656,93.31,0.689,2
-117.243241,32.868656,95.28,0.699,2
-117.242937,32.868656,97.6,0.572,2
-117.242633,32.868656,99.73,0.252,2
-117.24233,32.868656,101.67,0.311,2
-117.242026,32.868656,103,0.321,3
-117.241722,32.868656,103.46,0.363,3
-117.241419,32.868656,102.81,0.339,4
-117.241115,32.868656,103,0.352,4
-117.240811,32.868656,102.87,0.374,4
-117.240508,32.868656,102.44,0.31,4
-117.240204,32.868656,101.83,0.301,4
-117.2399,32.868656,100.86,0.357,4
-117.239596,32.868656,99.74,0.376,4
-117.239293,32.868656,98.69,0.451,4
-117.238989,32.868656,98.17,0.541,4
-117.238685,32.868656,98.36,0.47,4
-117.238382,32.868656,98.93,0.36,4
-117.238078,32.868656,100.58,0.32,4
-117.237774,32.868656,102.3,0.463,4
-117.237471,32.868656,102.47,0.392,4
-117.237167,32.868656,101.63,0.288,4
-117.236863,32.868656,100.46,0.278,4
-117.236559,32.868656,99.98,0.378,4
-117.236256,32.868656,100.49,0.538,4
-117.235952,32.868656,101.4,0.359,4
-117.235648,32.868656,102.44,0.347,4
-117.235345,32.868656,103.04,0.257,4
-117.235041,32.868656,103.01,0.259,4
-117.234737,32.868656,102.89,0.335,4
-117.234434,32.868656,102.92,0.313,4
-117.23413,32.868656,103.11,0.319,4
-117.233826,32.868656,103.46,0.288,4
-117.233522,32.868656,103.9,0.241,4
-117.233219,32.868656,104.3,0.261,4
-117.232915,32.868656,104.68,0.233,4
-117.232611,32.868656,105.04,0.224,4
-117.232308,32.868656,105.31,0.206,4
-117.232004,32.868656,105.5,0.206,4
-117.2317,32.868656,105.49,0.218,4
-117.231397,32.868656,105.17,0.194,4
-117.231093,32.868656,104.5,0.156,4
-117.230789,32.868656,103.4,0.031,4
-117.230485,32.868656,102.12,0.027,4
-117.230182,32.868656,100.78,0.141,4
-117.229878,32.868656,99.25,0.171,4
-117.229574,32.868656,98.19,0.123,4
-117.229271,32.868656,97.45,0.23,4
-117.228967,32.868656,97.11,0.321,4
-117.228663,32.868656,97.34,0.334,4
-117.22836,32.868656,98.02,0.221,4
-117.228056,32.868656,98.39,0.146,4
-117.227752,32.868656,98.41,0.177,4
-117.227448,32.868656,98.5,0.205,4
-117.227145,32.868656,98.56,0.171,4
-117.226841,32.868656,98.86,0.071,4
-117.226537,32.868656,99.47,0.086,4
-117.226234,32.868656,100.52,0.098,4
-117.22593,32.868656,102.03,0.139,4
-117.225626,32.868656,102.88,0.132,4
-117.225323,32.868656,103.31,0.182,4
-117.225019,32.868656,103.47,0.269,4
-117.224715,32.868656,103.85,0.155,4
-117.224411,32.868656,103.77,0.133,4
-117.224108,32.868656,103.35,0.151,4
-117.223804,32.868656,102.97,0.169,4
-117.2235,32.868656,102.67,0.228,4
-117.246582,32.868352,90.53,0.475,1
-117.246278,32.868352,90.13,0.574,1
-117.245974,32.868352,89.25,0.595,1
-117.24567,32.868352,88.53,0.541,1
-117.245367,32.868352,88.04,0.512,1
-117.245063,32.868352,87.77,0.553,2
-117.244759,32.868352,88.08,0.613,2
-117.244456,32.868352,88.86,0.654,2
-117.244152,32.868352,89.92,0.722,2
-117.243848,32.868352,91.38,0.804,2
-117.243545,32.868352,93.23,0.844,2
-117.243241,32.868352,95.28,0.823,2
-117.242937,32.868352,97.8,0.622,2
-117.242633,32.868352,100.11,0.298,2
-117.24233,32.868352,102.12,0.3,2
-117.242026,32.868352,103.32,0.277,3
-117.241722,32.868352,103.65,0.366,3
-117.241419,32.868352,102.27,0.402,4
-117.241115,32.868352,102.56,0.364,4
-117.240811,32.868352,102.77,0.365,4
-117.240508,32.868352,102.57,0.341,4
-117.240204,32.868352,102.1,0.307,4
-117.2399,32.868352,101.17,0.414,4
-117.239596,32.868352,99.93,0.453,4
-117.239293,32.868352,98.71,0.439,4
-117.238989,32.868352,98.17,0.492,4
-117.238685,32.868352,98.53,0.444,4
-117.238382,32.868352,99.32,0.34,4
-117.238078,32.868352,100.88,0.282,4
-117.237774,32.868352,102.29,0.438,4
-117.237471,32.868352,102.22,0.381,4
-117.237167,32.868352,101.61,0.311,4
-117.236863,32.868352,100.83,0.383,4
-117.236559,32.868352,100.56,0.381,4
-117.236256,32.868352,100.83,0.558,4
-117.235952,32.868352,101.19,0.362,4
-117.235648,32.868352,101.76,0.398,4
-117.235345,32.868352,102.49,0.363,4
-117.235041,32.868352,102.84,0.352,4
-117.234737,32.868352,103.08,0.3,4
-117.234434,32.868352,103.31,0.306,4
-117.23413,32.868352,103.48,0.317,4
-117.233826,32.868352,103.72,0.264,4
-117.233522,32.868352,104.1,0.227,4
-117.233219,32.868352,104.54,0.235,4
-117.232915,32.868352,105,0.23,4
-117.232611,32.868352,105.44,0.201,4
-117.232308,32.868352,105.7,0.142,4
-117.232004,32.868352,105.84,0.14,4
-117.2317,32.868352,105.77,0.122,4
-117.231397,32.868352,105.41,0.214,4
-117.231093,32.868352,104.63,0.208,4
-117.230789,32.868352,103.48,0.104,4
-117.230485,32.868352,102.27,0.064,4
-117.230182,32.868352,101.03,0.14,4
-117.229878,32.868352,99.52,0.145,4
-117.229574,32.868352,98.43,0.118,4
-117.229271,32.868352,97.65,0.157,4
-117.228967,32.868352,97.36,0.222,4
-117.228663,32.868352,97.89,0.289,4
-117.22836,32.868352,98.99,0.285,4
-117.228056,32.868352,99.62,0.231,4
-117.227752,32.868352,99.62,0.205,4
-117.227448,32.868352,99.54,0.195,4
-117.227145,32.868352,99.44,0.168,4
-117.226841,32.868352,99.59,0.159,4
-117.226537,32.868352,100.07,0.156,4
-117.226234,32.868352,100.82,0.139,4
-117.22593,32.868352,102.04,0.22,4
-117.225626,32.868352,102.65,0.196,4
-117.225323,32.868352,103.12,0.188,4
-117.225019,32.868352,103.41,0.184,4
-117.224715,32.868352,103.93,0.123,4
-117.224411,32.868352,103.92,0.173,4
-117.224108,32.868352,103.51,0.191,4
-117.223804,32.868352,103.11,0.172,4
-117.246278,32.868049,89.56,0.605,1
-117.245974,32.868049,88.7,0.541,1
-117.24567,32.868049,87.93,0.478,1
-117.245367,32.868049,87.56,0.48,1
-117.245063,32.868049,87.5,0.531,2
-117.244759,32.868049,87.89,0.568,2
-117.244456,32.868049,88.81,0.621,2
-117.244152,32.868049,90,0.736,2
-117.243848,32.868049,91.53,0.827,2
-117.243545,32.868049,93.37,0.847,2
-117.243241,32.868049,95.41,0.775,2
-117.242937,32.868049,98.1,0.443,2
-117.242633,32.868049,100.55,0.286,2
-117.24233,32.868049,102.55,0.29,2
-117.242026,32.868049,103.64,0.277,3
-117.241722,32.868049,103.97,0.334,3
-117.241419,32.868049,102.35,0.428,4
-117.241115,32.868049,102.67,0.405,4
-117.240811,32.868049,102.95,0.318,4
-117.240508,32.868049,102.8,0.266,4
-117.240204,32.868049,102.38,0.218,4
-117.2399,32.868049,101.57,0.314,4
-117.239596,32.868049,100.26,0.429,4
-117.239293,32.868049,98.98,0.422,4
-117.238989,32.868049,98.52,0.412,4
-117.238685,32.868049,98.88,0.418,4
-117.238382,32.868049,99.64,0.366,4
-117.238078,32.868049,100.86,0.32,4
-117.237774,32.868049,101.97,0.306,4
-117.237471,32.868049,102.02,0.414,4
-117.237167,32.868049,101.77,0.322,4
-117.236863,32.868049,101.33,0.334,4
-117.236559,32.868049,100.9,0.333,4
-117.236256,32.868049,100.57,0.484,4
-117.235952,32.868049,100.19,0.517,4
-117.235648,32.868049,100.66,0.422,4
-117.235345,32.868049,101.56,0.368,4
-117.235041,32.868049,102.4,0.345,4
-117.234737,32.868049,103.03,0.326,4
-117.234434,32.868049,103.42,0.342,4
-117.23413,32.868049,103.67,0.329,4
-117.233826,32.868049,103.86,0.274,4
-117.233522,32.868049,104.13,0.203,4
-117.233219,32.868049,104.61,0.132,4
-117.232915,32.868049,105.3,0.103,4
-117.232611,32.868049,106.02,0.112,4
-117.232308,32.868049,106.39,0.112,4
-117.232004,32.868049,106.55,0.12,4
-117.2317,32.868049,106.47,0.15,4
-117.231397,32.868049,106.03,0.199,4
-117.231093,32.868049,105.15,0.209,4
-117.230789,32.868049,103.8,0.189,4
-117.230485,32.868049,102.61,0.127,4
-117.230182,32.868049,101.41,0.146,4
-117.229878,32.868049,99.98,0.114,4
-117.229574,32.868049,98.82,0.101,4
-117.229271,32.868049,97.9,0.182,4
-117.228967,32.868049,97.49,0.246,4
-117.228663,32.868049,98.25,0.176,4
-117.22836,32.868049,99.75,0.174,4
-117.228056,32.868049,100.49,0.247,4
-117.227752,32.868049,100.39,0.264,4
-117.227448,32.868049,100.23,0.25,4
-117.227145,32.868049,99.98,0.188,4
-117.226841,32.868049,99.97,0.095,4
-117.226537,32.868049,100.31,0.137,4
-117.226234,32.868049,100.87,0.105,4
-117.22593,32.868049,101.8,0.128,4
-117.225626,32.868049,102.34,0.118,4
-117.225323,32.868049,102.84,0.16,4
-117.225019,32.868049,103.22,0.228,4
-117.224715,32.868049,103.91,0.113,4
-117.224411,32.868049,103.97,0.124,4
-117.224108,32.868049,103.66,0.145,4
-117.245974,32.867745,88.12,0.448,1
-117.24567,32.867745,87.46,0.473,2
-117.245367,32.867745,87.28,0.517,2
-117.245063,32.867745,87.49,0.521,2
-117.244759,32.867745,87.89,0.517,2
-117.244456,32.867745,89.02,0.605,2
-117.244152,32.867745,90.45,0.722,2
-117.243848,32.867745,92.1,0.829,2
-117.243545,32.867745,93.9,0.818,2
-117.243241,32.867745,95.92,0.639,2
-117.242937,32.867745,98.75,0.341,2
-117.242633,32.867745,101.15,0.284,2
-117.24233,32.867745,103.02,0.314,2
-117.242026,32.867745,104.03,0.374,3
-117.241722,32.867745,104.4,0.366,3
-117.241419,32.867745,102.96,0.282,4
-117.241115,32.867745,103.37,0.316,4
-117.240811,32.867745,103.42,0.294,4
-117.240508,32.867745,103.12,0.27,4
-117.240204,32.867745,102.69,0.255,4
-117.2399,32.867745,102.22,0.337,4
-117.239596,32.867745,101.19,0.441,4
-117.239293,32.867745,100,0.438,4
-117.238989,32.867745,99.31,0.428,4
-117.238685,32.867745,99.03,0.435,4
-117.238382,32.867745,99.58,0.363,4
-117.238078,32.867745,100.34,0.395,4
-117.237774,32.867745,101.04,0.285,4
-117.237471,32.867745,101.36,0.388,4
-117.237167,32.867745,101.47,0.337,4
-117.236863,32.867745,101.3,0.231,4
-117.236559,32.867745,100.55,0.234,4
-117.236256,32.867745,99.48,0.411,4
-117.235952,32.867745,98.72,0.527,4
-117.235648,32.867745,99.04,0.399,4
-117.235345,32.867745,99.82,0.325,4
-117.235041,32.867745,101.33,0.311,4
-117.234737,32.867745,102.4,0.321,4
-117.234434,32.867745,102.88,0.344,4
-117.23413,32.867745,103.44,0.348,4
-117.233826,32.867745,103.88,0.297,4
-117.233522,32.867745,104.18,0.197,4
-117.233219,32.867745,104.83,0.127,4
-117.232915,32.867745,105.88,0.125,4
-117.232611,32.867745,107.04,0.146,4
-117.232308,32.867745,107.56,0.216,4
-117.232004,32.867745,107.81,0.22,4
-117.2317,32.867745,107.72,0.143,4
-117.231397,32.867745,107.18,0.138,4
-117.231093,32.867745,106.17,0.156,4
-117.230789,32.867745,104.38,0.188,4
-117.230485,32.867745,103.12,0.157,4
-117.230182,32.867745,101.9,0.23,4
-117.229878,32.867745,100.53,0.153,4
-117.229574,32.867745,99.31,0.134,4
-117.229271,32.867745,98.32,0.28,4
-117.228967,32.867745,97.81,0.307,4
-117.228663,32.867745,98.72,0.153,4
-117.22836,32.867745,100.44,0.114,4
-117.228056,32.867745,101.17,0.206,4
-117.227752,32.867745,101.01,0.258,4
-117.227448,32.867745,100.92,0.262,4
-117.227145,32.867745,100.71,0.199,4
-117.226841,32.867745,100.62,0.102,4
-117.226537,32.867745,100.74,0.159,4
-117.226234,32.867745,101.04,0.105,4
-117.22593,32.867745,101.54,0.121,4
-117.225626,32.867745,102.03,0.12,4
-117.225323,32.867745,102.57,0.097,4
-117.225019,32.867745,103.01,0.165,4
-117.224715,32.867745,103.96,0.107,4
-117.224411,32.867745,104.15,0.128,4
-117.24567,32.867441,86.94,0.537,2
-117.245367,32.867441,87.38,0.557,2
-117.245063,32.867441,87.74,0.55,2
-117.244759,32.867441,88.31,0.529,2
-117.244456,32.867441,89.61,0.585,2
-117.244152,32.867441,91.18,0.719,2
-117.243848,32.867441,92.88,0.82,2
-117.243545,32.867441,94.64,0.787,2
-117.243241,32.867441,96.63,0.549,2
-117.242937,32.867441,99.34,0.316,2
-117.242633,32.867441,101.54,0.327,2
-117.24233,32.867441,103.21,0.341,2
-117.242026,32.867441,104.07,0.423,3
-117.241722,32.867441,104.45,0.365,3
-117.241419,32.867441,103.37,0.262,4
-117.241115,32.867441,103.88,0.264,4
-117.240811,32.867441,103.89,0.247,4
-117.240508,32.867441,103.59,0.26,4
-117.240204,32.867441,103.15,0.284,4
-117.2399,32.867441,102.58,0.395,4
-117.239596,32.867441,101.64,0.466,4
-117.239293,32.867441,100.73,0.441,4
-117.238989,32.867441,100.2,0.439,4
-117.238685,32.867441,99.83,0.405,4
-117.238382,32.867441,100.05,0.375,4
-117.238078,32.867441,100.45,0.476,4
-117.237774,32.867441,100.94,0.355,4
-117.237471,32.867441,101.31,0.36,4
-117.237167,32.867441,101.6,0.369,4
-117.236863,32.867441,101.67,0.197,4
-117.236559,32.867441,100.48,0.24,4
-117.236256,32.867441,99.14,0.398,4
-117.235952,32.867441,98.18,0.478,4
-117.235648,32.867441,98.32,0.378,4
-117.235345,32.867441,99.06,0.313,4
-117.235041,32.867441,100.54,0.387,4
-117.234737,32.867441,101.61,0.384,4
-117.234434,32.867441,102.09,0.354,4
-117.23413,32.867441,102.7,0.365,4
-117.233826,32.867441,103.26,0.366,4
-117.233522,32.867441,103.76,0.257,4
-117.233219,32.867441,104.67,0.137,4
-117.232915,32.867441,105.97,0.154,4
-117.232611,32.867441,107.33,0.16,4
-117.232308,32.867441,107.96,0.179,4
-117.232004,32.867441,108.3,0.222,4
-117.2317,32.867441,108.24,0.137,4
-117.231397,32.867441,107.59,0.118,4
-117.231093,32.867441,106.47,0.151,4
-117.230789,32.867441,104.58,0.141,4
-117.230485,32.867441,103.25,0.135,4
-117.230182,32.867441,101.96,0.237,4
-117.229878,32.867441,100.46,0.162,4
-117.229574,32.867441,99.15,0.133,4
-117.229271,32.867441,98.31,0.329,4
-117.228967,32.867441,98.07,0.357,4
-117.228663,32.867441,99.14,0.179,4
-117.22836,32.867441,100.75,0.122,4
-117.228056,32.867441,101.42,0.182,4
-117.227752,32.867441,101.38,0.231,4
-117.227448,32.867441,101.44,0.27,4
-117.227145,32.867441,101.37,0.231,4
-117.226841,32.867441,101.27,0.125,4
-117.226537,32.867441,101.19,0.098,4
-117.226234,32.867441,101.28,0.134,4
-117.22593,32.867441,101.71,0.236,4
-117.225626,32.867441,102.25,0.189,4
-117.225323,32.867441,102.84,0.065,4
-117.225019,32.867441,103.37,0.096,4
-117.224715,32.867441,104.45,0.173,4
-117.244456,32.867137,90.93,0.598,2
-117.244152,32.867137,92.44,0.73,2
-117.243848,32.867137,94.08,0.822,2
-117.243545,32.867137,95.74,0.788,2
-117.243241,32.867137,97.6,0.53,2
-117.242937,32.867137,100.06,0.377,2
-117.242633,32.867137,101.91,0.352,2
-117.24233,32.867137,103.29,0.313,2
-117.242026,32.867137,103.92,0.414,3
-117.241722,32.867137,104.24,0.352,3
-117.241419,32.867137,103.52,0.262,4
-117.241115,32.867137,104.1,0.289,4
-117.240811,32.867137,104.05,0.228,4
-117.240508,32.867137,103.77,0.226,4
-117.240204,32.867137,103.3,0.253,4
-117.2399,32.867137,102.81,0.394,4
-117.239596,32.867137,102.16,0.463,4
-117.239293,32.867137,101.48,0.376,4
-117.238989,32.867137,100.94,0.376,4
-117.238685,32.867137,100.41,0.386,4
-117.238382,32.867137,100.37,0.304,4
-117.238078,32.867137,100.46,0.451,4
-117.237774,32.867137,100.72,0.441,4
-117.237471,32.867137,100.97,0.306,4
-117.237167,32.867137,101.21,0.448,4
-117.236863,32.867137,101.3,0.222,4
-117.236559,32.867137,100.08,0.27,4
-117.236256,32.867137,98.85,0.369,4
-117.235952,32.867137,97.76,0.521,4
-117.235648,32.867137,97.88,0.406,4
-117.235345,32.867137,98.51,0.351,4
-117.235041,32.867137,99.79,0.41,4
-117.234737,32.867137,100.71,0.376,4
-117.234434,32.867137,101.15,0.311,4
-117.23413,32.867137,101.84,0.291,4
-117.233826,32.867137,102.58,0.336,4
-117.233522,32.867137,103.31,0.307,4
-117.233219,32.867137,104.48,0.202,4
-117.232915,32.867137,105.98,0.184,4
-117.232611,32.867137,107.49,0.141,4
-117.232308,32.867137,108.22,0.136,4
-117.232004,32.867137,108.64,0.14,4
-117.2317,32.867137,108.59,0.141,4
-117.231397,32.867137,107.9,0.158,4
-117.231093,32.867137,106.62,0.163,4
-117.230789,32.867137,104.58,0.146,4
-117.230485,32.867137,103.18,0.168,4
-117.230182,32.867137,101.9,0.228,4
-117.229878,32.867137,100.45,0.147,4
-117.229574,32.867137,99.18,0.15,4
-117.229271,32.867137,98.48,0.336,4
-117.228967,32.867137,98.45,0.307,4
-117.228663,32.867137,99.45,0.146,4
-117.22836,32.867137,100.82,0.108,4
-117.228056,32.867137,101.35,0.203,4
-117.227752,32.867137,101.38,0.285,4
-117.227448,32.867137,101.69,0.308,4
-117.227145,32.867137,101.82,0.29,4
-117.226841,32.867137,101.77,0.185,4
-117.226537,32.867137,101.58,0.156,4
-117.226234,32.867137,101.53,0.204,4
-117.22593,32.867137,101.93,0.357,4
-117.225626,32.867137,102.51,0.361,4
-117.225323,32.867137,103.17,0.155,4
-117.225019,32.867137,104.26,0.219,4
